epoch,train_data,train_phys,train_kl,train_state_reg,train_total,train_pde,train_bc,train_eta_prior,train_kl_only,test_data,test_phys,test_kl,test_state_reg,test_total,test_pde,test_bc,grad_mean_net,grad_vgp_eta,grad_vgp_lambda,grad_eta_log_shift,grad_ratio,vgp_updates,mean_updates,lr_mean_net,lr_vgp_eta,lr_vgp_lambda,mean_net_opt_kind,log10_eta_rmse,log10_eta_bias,log10_eta_r,rel_eta_rmse,eta_pred_mean,eta_ref_mean,mean_net_frozen,eta_min,eta_max,lambda_min,lambda_max,rux_min,rux_max,rvy_min,rvy_max,rh_min,rh_max,kernel_amplitude,kernel_length_scale,kernel_length_scale_x,kernel_length_scale_y,num_inducing,eta_post_var_mean,eta_post_std_mean,eta_post_std_p90,calibration_within_1sigma,calibration_within_2sigma,eta_log_shift,eta_median,eta_std,eta_max_over_min,eta_log10_range,eta_frac_at_floor,eta_frac_at_floor_grounded,eta_mean_grounded,eta_median_grounded,eta_min_grounded,eta_max_grounded
0,1.860166640256493,13262.12373973569,0.002369120245898978,0.0,13263.986275496194,13262.12373973569,nan,1.8615262935361857e-06,0.002367258719605442,1.920822918985497,10978.425773618557,0.0068844389842485625,0.0,10980.353480976528,10978.425773618557,nan,0.0,8017.11210803538,0.0,26531.37474925032,0.0,46.0,0.0,,0.0002999920495579992,,,,,,,14.745330102898995,,1,14.519986353322224,15.024676510428577,inf,-inf,-26.126352896960082,26.12231574179565,-28.301264071447537,32.141878461001156,inf,-inf,1.9735658838260595,0.178986916714472,0.178986916714472,0.178986916714472,784,3.9608309665367125,1.9901094062781026,2.013390945539459,,,-0.01379906851337994,14.736410019872103,0.08406406991840826,1.034758307950536,0.014838921985181441,0.0,0.0,14.74999856120858,14.737394789337632,14.560631569226832,15.024676510428577
1,1.8720176267197468,11697.881454868557,0.017040777023214472,0.0,11699.7705132723,11697.881454868557,nan,1.333771279674387e-05,0.017027439310417725,1.920822918985497,10978.425773618557,0.0068844389842485625,0.0,10980.353480976528,10978.425773618557,nan,0.0,6891.327383461345,0.0,23404.232981940968,0.0,46.0,0.0,,0.00029996819910385256,,,,,,,14.745330102898995,,1,14.519986353322224,15.024676510428577,inf,-inf,-25.243394187490498,24.188995255342824,-27.312109806711245,29.623290981832035,inf,-inf,1.9474098150242212,0.1814975002903608,0.1814975002903608,0.1814975002903608,784,3.9608309665367125,1.9901094062781026,2.013390945539459,,,-0.01379906851337994,14.736410019872103,0.08406406991840826,1.034758307950536,0.014838921985181441,0.0,0.0,14.74999856120858,14.737394789337632,14.560631569226832,15.024676510428577
2,1.8678511306683985,10340.30963131147,0.046560098787218396,0.0,10342.224042540924,10340.30963131147,nan,3.651582412420844e-05,0.0465235829630942,1.920822918985497,10978.425773618557,0.0068844389842485625,0.0,10980.353480976528,10978.425773618557,nan,0.0,6048.901366121328,0.0,20690.53324696234,0.0,46.0,0.0,,0.000299928451253031,,,,,,,14.745330102898995,,1,14.519986353322224,15.024676510428577,inf,-inf,-24.120496842028967,22.213921481863228,-25.09015094645793,27.890918992137177,inf,-inf,1.9224181444496955,0.18401999950066875,0.18401999950066875,0.18401999950066875,784,3.9608309665367125,1.9901094062781026,2.013390945539459,,,-0.01379906851337994,14.736410019872103,0.08406406991840826,1.034758307950536,0.014838921985181441,0.0,0.0,14.74999856120858,14.737394789337632,14.560631569226832,15.024676510428577
3,1.8593858370156924,9162.528887443767,0.08598154466582279,0.0,9164.474254825447,9162.528887443767,nan,7.152507370000877e-05,0.08591001959212281,1.920822918985497,10978.425773618557,0.0068844389842485625,0.0,10980.353480976528,10978.425773618557,nan,0.0,5243.163939229305,0.0,18336.40947809725,0.0,46.0,0.0,,0.0002998728103643344,,,,,,,14.745330102898995,,1,14.519986353322224,15.024676510428577,inf,-inf,-23.602314882058433,21.350351265835048,-22.95882436724641,25.70494564769247,inf,-inf,1.8980336824858328,0.1865846735067925,0.1865846735067925,0.1865846735067925,784,3.9608309665367125,1.9901094062781026,2.013390945539459,,,-0.01379906851337994,14.736410019872103,0.08406406991840826,1.034758307950536,0.014838921985181441,0.0,0.0,14.74999856120858,14.737394789337632,14.560631569226832,15.024676510428577
4,1.862471106251207,8139.273116857137,0.12934623390982947,0.0,8141.264934197298,8139.273116857137,nan,0.0001187023800231545,0.12922753152980632,1.920822918985497,10978.425773618557,0.0068844389842485625,0.0,10980.353480976528,10978.425773618557,nan,0.0,4616.697825619719,0.0,16291.32103465103,0.0,46.0,0.0,,0.00029980128253941313,,,,,,,14.745330102898995,,1,14.519986353322224,15.024676510428577,inf,-inf,-22.660688374602515,20.824923340351592,-20.893682651496963,23.54748577523569,inf,-inf,1.8744639291491871,0.18914202050818693,0.18914202050818693,0.18914202050818693,784,3.9608309665367125,1.9901094062781026,2.013390945539459,,,-0.01379906851337994,14.736410019872103,0.08406406991840826,1.034758307950536,0.014838921985181441,0.0,0.0,14.74999856120858,14.737394789337632,14.560631569226832,15.024676510428577
5,1.8845404536419457,7266.0525788912455,0.17406320982577556,0.0,7268.111182554713,7266.0525788912455,nan,0.00017729697917738446,0.17388591284659816,1.920822918985497,6441.5363035690625,0.19635619168954288,0.0,6443.653482679737,6441.5363035690625,nan,0.0,4065.7415572087352,0.0,14546.278137308345,0.0,46.0,0.0,,0.0002997138756220993,,,,,,,13.505473456555197,,1,12.58506028506236,15.031077750794795,inf,-inf,-21.86733606899413,20.026153927636038,-19.30339035260246,21.255407501332364,inf,-inf,1.8523624300207615,0.19163486734367066,0.19163486734367066,0.19163486734367066,784,3.8284494459350245,1.9536679676471034,2.091434722519376,,,-0.08274575924327784,13.447570315636195,0.3910598715473707,1.1943588199283954,0.0771348210178957,0.0,0.0,13.533923512481472,13.437807691033711,12.73966714372658,15.031077750794795
6,1.8713849417786523,6506.862511674137,0.2178586237212485,0.0,6508.951755239637,6506.862511674137,nan,0.0002487783582217916,0.21760984536302672,1.920822918985497,6441.5363035690625,0.19635619168954288,0.0,6443.653482679737,6441.5363035690625,nan,0.0,3568.550579766153,0.0,13029.169130575585,0.0,46.0,0.0,,0.0002996105991975463,,,,,,,13.505473456555197,,1,12.58506028506236,15.031077750794795,inf,-inf,-20.890686593529214,19.278688006523414,-17.508837279642915,20.435736654174118,inf,-inf,1.830392479273343,0.1942281320381761,0.1942281320381761,0.1942281320381761,784,3.8284494459350245,1.9536679676471034,2.091434722519376,,,-0.08274575924327784,13.447570315636195,0.3910598715473707,1.1943588199283954,0.0771348210178957,0.0,0.0,13.533923512481472,13.437807691033711,12.73966714372658,15.031077750794795
7,1.869003642192762,5861.627915499709,0.26190700731345645,0.0,5863.758826149216,5861.627915499709,nan,0.0003327407552277936,0.2615742665582287,1.920822918985497,6441.5363035690625,0.19635619168954288,0.0,6443.653482679737,6441.5363035690625,nan,0.0,3112.316518509529,0.0,11739.782648494747,0.0,46.0,0.0,,0.000299491464591178,,,,,,,13.505473456555197,,1,12.58506028506236,15.031077750794795,inf,-inf,-20.06069669946145,18.405178091602362,-16.83556851124336,18.855587494166894,inf,-inf,1.8094436416534008,0.1968403799015557,0.1968403799015557,0.1968403799015557,784,3.8284494459350245,1.9536679676471034,2.091434722519376,,,-0.08274575924327784,13.447570315636195,0.3910598715473707,1.1943588199283954,0.0771348210178957,0.0,0.0,13.533923512481472,13.437807691033711,12.73966714372658,15.031077750794795
8,1.8704740170743945,5298.592035951015,0.3016020095097205,0.0,5300.764111977599,5298.592035951015,nan,0.000429815309618456,0.301172194200102,1.920822918985497,6441.5363035690625,0.19635619168954288,0.0,6443.653482679737,6441.5363035690625,nan,0.0,2807.937111309229,0.0,10614.735872238745,0.0,46.0,0.0,,0.00029935648486744646,,,,,,,13.505473456555197,,1,12.58506028506236,15.031077750794795,inf,-inf,-19.37136465952535,18.686130474061915,-16.009286243736465,17.882007605127907,inf,-inf,1.7892289469305365,0.19943237087004864,0.19943237087004864,0.19943237087004864,784,3.8284494459350245,1.9536679676471034,2.091434722519376,,,-0.08274575924327784,13.447570315636195,0.3910598715473707,1.1943588199283954,0.0771348210178957,0.0,0.0,13.533923512481472,13.437807691033711,12.73966714372658,15.031077750794795
9,1.8703329332929868,4816.755025105158,0.3411634867477389,0.0,4818.966521525199,4816.755025105158,nan,0.0005389757260701234,0.3406245110216688,1.920822918985497,6441.5363035690625,0.19635619168954288,0.0,6443.653482679737,6441.5363035690625,nan,0.0,2459.624985323594,0.0,9651.931701608442,0.0,46.0,0.0,,0.00029920567482839947,,,,,,,13.505473456555197,,1,12.58506028506236,15.031077750794795,inf,-inf,-18.079141083269235,18.973352469188043,-15.38078426882576,17.047199105724935,inf,-inf,1.7695729565854847,0.2019705833773482,0.2019705833773482,0.2019705833773482,784,3.8284494459350245,1.9536679676471034,2.091434722519376,,,-0.08274575924327784,13.447570315636195,0.3910598715473707,1.1943588199283954,0.0771348210178957,0.0,0.0,13.533923512481472,13.437807691033711,12.73966714372658,15.031077750794795
10,1.866029708127476,4392.4809464971895,0.37807130591452914,0.0,4394.725047511231,4392.4809464971895,nan,0.0006619499840475974,0.37740935593048147,1.920822918985497,4165.393301843405,0.3981003031100873,0.0,4167.712225065501,4165.393301843405,nan,0.0,2229.1839840379957,0.0,8804.070660849266,0.0,46.0,0.0,,0.00029903905101205734,,,,,,,12.329191995899356,,1,10.991072625939172,14.864372445519672,inf,-inf,-17.766522711490822,18.999775018361937,-14.714468049158201,15.76791229561879,inf,-inf,1.7505465101819349,0.2045302337294315,0.2045302337294315,0.2045302337294315,784,3.654146157052515,1.9043099881697192,2.110632132523717,,,-0.15154456308482336,12.233571175002881,0.5837251272283747,1.3524041694019406,0.13110650100637877,0.0,0.0,12.384109204072567,12.220696655903811,11.236621754161174,14.864372445519672
11,1.8715595224464423,4012.4392942836175,0.41491504224955145,0.0,4014.7257688483137,4012.4392942836175,nan,0.0007976180026612843,0.4141174242468902,1.920822918985497,4165.393301843405,0.3981003031100873,0.0,4167.712225065501,4165.393301843405,nan,0.0,1998.3976635778722,0.0,8044.635164734665,0.0,46.0,0.0,,0.0002988566316905992,,,,,,,12.329191995899356,,1,10.991072625939172,14.864372445519672,inf,-inf,-16.800807544430462,19.19391340234556,-14.130531052257167,14.927586977285376,inf,-inf,1.7324540592185724,0.20690919167546867,0.20690919167546867,0.20690919167546867,784,3.654146157052515,1.9043099881697192,2.110632132523717,,,-0.15154456308482336,12.233571175002881,0.5837251272283747,1.3524041694019406,0.13110650100637877,0.0,0.0,12.384109204072567,12.220696655903811,11.236621754161174,14.864372445519672
12,1.8674101947729946,3681.8784171197426,0.45117903669652276,0.0,3684.197006351212,3681.8784171197426,nan,0.0009460461457390417,0.4502329905507837,1.920822918985497,4165.393301843405,0.3981003031100873,0.0,4167.712225065501,4165.393301843405,nan,0.0,1805.5830950484683,0.0,7384.143221133142,0.0,46.0,0.0,,0.00029865843686835924,,,,,,,12.329191995899356,,1,10.991072625939172,14.864372445519672,inf,-inf,-16.30711258920693,18.4968832217487,-13.44983879552122,13.630330163918439,inf,-inf,1.7144854137468954,0.2093856367406176,0.2093856367406176,0.2093856367406176,784,3.654146157052515,1.9043099881697192,2.110632132523717,,,-0.15154456308482336,12.233571175002881,0.5837251272283747,1.3524041694019406,0.13110650100637877,0.0,0.0,12.384109204072567,12.220696655903811,11.236621754161174,14.864372445519672
13,1.8689263273023928,3385.3866130829265,0.48509437509452286,0.0,3387.740633785323,3385.3866130829265,nan,0.0011073695760651155,0.4839870055184578,1.920822918985497,4165.393301843405,0.3981003031100873,0.0,4167.712225065501,4165.393301843405,nan,0.0,1629.05517272288,0.0,6791.6969640440075,0.0,46.0,0.0,,0.00029844448827963323,,,,,,,12.329191995899356,,1,10.991072625939172,14.864372445519672,inf,-inf,-15.556908190974005,17.60528775238702,-12.83077947212521,12.849924470022787,inf,-inf,1.6972927049291013,0.21184855556238294,0.21184855556238294,0.21184855556238294,784,3.654146157052515,1.9043099881697192,2.110632132523717,,,-0.15154456308482336,12.233571175002881,0.5837251272283747,1.3524041694019406,0.13110650100637877,0.0,0.0,12.384109204072567,12.220696655903811,11.236621754161174,14.864372445519672
14,1.876506456215984,3118.9332835761807,0.5189652737181284,0.0,3121.3287553061145,3118.9332835761807,nan,0.0012817288261379102,0.5176835448919906,1.920822918985497,4165.393301843405,0.3981003031100873,0.0,4167.712225065501,4165.393301843405,nan,0.0,1492.5988451142287,0.0,6259.224178082329,0.0,46.0,0.0,,0.0002982148093862949,,,,,,,12.329191995899356,,1,10.991072625939172,14.864372445519672,inf,-inf,-14.819841429531582,16.860893185699663,-12.531426622946807,11.928728985451691,inf,-inf,1.681064023060811,0.21418400724624137,0.21418400724624137,0.21418400724624137,784,3.654146157052515,1.9043099881697192,2.110632132523717,,,-0.15154456308482336,12.233571175002881,0.5837251272283747,1.3524041694019406,0.13110650100637877,0.0,0.0,12.384109204072567,12.220696655903811,11.236621754161174,14.864372445519672
15,1.8589684148041115,2874.3392088642127,0.555465502684007,0.0,2876.753642781701,2874.3392088642127,nan,0.0014693074628134672,0.5539961952211936,1.920822918985497,2800.6568671081886,0.5724872377287479,0.0,2803.1501772649026,2800.6568671081886,nan,0.0,1388.4177892283647,0.0,5770.47395424345,0.0,46.0,0.0,,0.00029796942537522314,,,,,,,11.236975036354828,,1,9.690780303787978,14.467658218586552,inf,-inf,-14.305760137858792,16.09114088573328,-11.875952112152586,10.930085747690809,inf,-inf,1.665632448641622,0.21653560406988692,0.21653560406988692,0.21653560406988692,784,3.4524986812841867,1.8469676871130807,2.094343834916158,,,-0.22010484088452967,11.119241873047748,0.705251906930464,1.4929301630056937,0.1740394925671953,0.0,0.0,11.310151888692989,11.112711221338689,9.968577006251689,14.467658218586552
16,1.8606569387425491,2658.852022139599,0.5898939129551255,0.0,2661.3025729912965,2658.852022139599,nan,0.0016689641865013372,0.5882249487686239,1.920822918985497,2800.6568671081886,0.5724872377287479,0.0,2803.1501772649026,2800.6568671081886,nan,0.0,1271.1206175274094,0.0,5339.947266884423,0.0,46.0,0.0,,0.00029770836315553997,,,,,,,11.236975036354828,,1,9.690780303787978,14.467658218586552,inf,-inf,-13.768044527518315,15.691167514885969,-11.440916214333807,10.515798913115633,inf,-inf,1.650827550342298,0.21895568222830195,0.21895568222830195,0.21895568222830195,784,3.4524986812841867,1.8469676871130807,2.094343834916158,,,-0.22010484088452967,11.119241873047748,0.705251906930464,1.4929301630056937,0.1740394925671953,0.0,0.0,11.310151888692989,11.112711221338689,9.968577006251689,14.467658218586552
17,1.8688719625968402,2460.820211762692,0.6221249953184887,0.0,2463.3112087206077,2460.820211762692,nan,0.0018813158548293594,0.6202436794636593,1.920822918985497,2800.6568671081886,0.5724872377287479,0.0,2803.1501772649026,2800.6568671081886,nan,0.0,1148.8884995512003,0.0,4944.194716767092,0.0,46.0,0.0,,0.0002974316513556598,,,,,,,11.236975036354828,,1,9.690780303787978,14.467658218586552,inf,-inf,-13.124883049379566,14.924860417334148,-11.031188999496086,9.57686721724412,inf,-inf,1.6364290695561108,0.22118414957324042,0.22118414957324042,0.22118414957324042,784,3.4524986812841867,1.8469676871130807,2.094343834916158,,,-0.22010484088452967,11.119241873047748,0.705251906930464,1.4929301630056937,0.1740394925671953,0.0,0.0,11.310151888692989,11.112711221338689,9.968577006251689,14.467658218586552
18,1.8727535952668846,2280.604801729947,0.6581355695977055,0.0,2283.1356908948114,2280.604801729947,nan,0.0021060104193777168,0.6560295591783278,1.920822918985497,2800.6568671081886,0.5724872377287479,0.0,2803.1501772649026,2800.6568671081886,nan,0.0,1093.3962153667549,0.0,4584.0895007007075,0.0,46.0,0.0,,0.0002971393203201496,,,,,,,11.236975036354828,,1,9.690780303787978,14.467658218586552,inf,-inf,-12.649826682473336,14.177053698276243,-10.539507018034191,8.970993479273721,inf,-inf,1.6227650352916432,0.22351817987885153,0.22351817987885153,0.22351817987885153,784,3.4524986812841867,1.8469676871130807,2.094343834916158,,,-0.22010484088452967,11.119241873047748,0.705251906930464,1.4929301630056937,0.1740394925671953,0.0,0.0,11.310151888692989,11.112711221338689,9.968577006251689,14.467658218586552
19,1.878639736168974,2115.366994831508,0.6951107038784368,0.0,2117.9407452715554,2115.366994831508,nan,0.0023431290663111725,0.6927675748121258,1.920822918985497,2800.6568671081886,0.5724872377287479,0.0,2803.1501772649026,2800.6568671081886,nan,0.0,964.0997016506219,0.0,4253.899130103766,0.0,46.0,0.0,,0.00029683140210640173,,,,,,,11.236975036354828,,1,9.690780303787978,14.467658218586552,inf,-inf,-12.298184898903509,13.439913180130056,-10.143570717020319,8.66643802205574,inf,-inf,1.609381040144103,0.22586241473145519,0.22586241473145519,0.22586241473145519,784,3.4524986812841867,1.8469676871130807,2.094343834916158,,,-0.22010484088452967,11.119241873047748,0.705251906930464,1.4929301630056937,0.1740394925671953,0.0,0.0,11.310151888692989,11.112711221338689,9.968577006251689,14.467658218586552
20,1.8724399117319823,1965.1485481384118,0.7278441489643781,0.0,1967.7488321991082,1965.1485481384118,nan,0.0025929887857493055,0.7252511601786289,1.920822918985497,1935.0164062253357,0.7446455780320153,0.0,1937.6818747223533,1935.0164062253357,nan,0.0,938.7364923632854,0.0,3953.7420424692796,0.0,46.0,0.0,,0.00029650793048111826,,,,,,,10.24042021308926,,1,8.585194779740801,13.850543505098111,inf,-inf,-11.959466730507021,12.650091785911613,-9.823932469272115,7.780283392612872,inf,-inf,1.5970907375863261,0.22809353383965017,0.22809353383965017,0.22809353383965017,784,3.251298819277061,1.7886886903065304,2.0627590280514494,,,-0.28833672553910056,10.107324204919703,0.7783242607716893,1.6133056803536237,0.20771666293337354,0.0,0.0,10.325684579433947,10.105304983694674,8.901876074526365,13.850543505098111
21,1.8680894287116658,1828.880804382636,0.7634082277707733,0.0,1831.5123020391184,1828.880804382636,nan,0.0028543198962610395,0.7605539078745124,1.920822918985497,1935.0164062253357,0.7446455780320153,0.0,1937.6818747223533,1935.0164062253357,nan,0.0,850.7847231833282,0.0,3681.496239788544,0.0,46.0,0.0,,0.0002961689409166081,,,,,,,10.24042021308926,,1,8.585194779740801,13.850543505098111,inf,-inf,-11.514555869605445,11.78213792382214,-9.3187997319998,7.03430018843782,inf,-inf,1.5853117896224462,0.23031295152031048,0.23031295152031048,0.23031295152031048,784,3.251298819277061,1.7886886903065304,2.0627590280514494,,,-0.28833672553910056,10.107324204919703,0.7783242607716893,1.6133056803536237,0.20771666293337354,0.0,0.0,10.325684579433947,10.105304983694674,8.901876074526365,13.850543505098111
22,1.8711357357574572,1701.0204816227688,0.794354981363776,0.0,1703.68597233989,1701.0204816227688,nan,0.003129152854372234,0.7912258285094034,1.920822918985497,1935.0164062253357,0.7446455780320153,0.0,1937.6818747223533,1935.0164062253357,nan,0.0,794.0827858726747,0.0,3426.0010885532233,0.0,46.0,0.0,,0.0002958144705868971,,,,,,,10.24042021308926,,1,8.585194779740801,13.850543505098111,inf,-inf,-11.187324476986598,11.527093191609207,-9.075465487155341,6.800763250177347,inf,-inf,1.573690046292017,0.23238807316902685,0.23238807316902685,0.23238807316902685,784,3.251298819277061,1.7886886903065304,2.0627590280514494,,,-0.28833672553910056,10.107324204919703,0.7783242607716893,1.6133056803536237,0.20771666293337354,0.0,0.0,10.325684579433947,10.105304983694674,8.901876074526365,13.850543505098111
23,1.867025470479847,1583.2325970293703,0.8308486481917363,0.0,1585.9304711480418,1583.2325970293703,nan,0.0034160434576620147,0.8274326047340743,1.920822918985497,1935.0164062253357,0.7446455780320153,0.0,1937.6818747223533,1935.0164062253357,nan,0.0,732.3450358653888,0.0,3190.657749565776,0.0,46.0,0.0,,0.0002954445583636514,,,,,,,10.24042021308926,,1,8.585194779740801,13.850543505098111,inf,-inf,-10.89691643612792,10.579842830898528,-8.765656182653638,6.091897053416249,inf,-inf,1.5627000773784532,0.23445187524909064,0.23445187524909064,0.23445187524909064,784,3.251298819277061,1.7886886903065304,2.0627590280514494,,,-0.28833672553910056,10.107324204919703,0.7783242607716893,1.6133056803536237,0.20771666293337354,0.0,0.0,10.325684579433947,10.105304983694674,8.901876074526365,13.850543505098111
24,1.874229515084471,1476.8168752323454,0.8602378929721005,0.0,1479.5513426404018,1476.8168752323454,nan,0.003713426601243966,0.8565244663708566,1.920822918985497,1935.0164062253357,0.7446455780320153,0.0,1937.6818747223533,1935.0164062253357,nan,0.0,684.5296611770128,0.0,2978.014052733215,0.0,46.0,0.0,,0.00029505924481191474,,,,,,,10.24042021308926,,1,8.585194779740801,13.850543505098111,inf,-inf,-10.462885981270317,9.790392357386608,-8.459394948877215,5.841976879105613,inf,-inf,1.552358510988786,0.23640865046802131,0.23640865046802131,0.23640865046802131,784,3.251298819277061,1.7886886903065304,2.0627590280514494,,,-0.28833672553910056,10.107324204919703,0.7783242607716893,1.6133056803536237,0.20771666293337354,0.0,0.0,10.325684579433947,10.105304983694674,8.901876074526365,13.850543505098111
25,1.8706503140900756,1379.8852665849317,0.8950942293719323,0.0,1382.6510111283937,1379.8852665849317,nan,0.004022374107248152,0.8910718552646837,1.920822918985497,1359.5122733930366,0.9081450619087038,0.0,1362.3412413739309,1359.5122733930366,nan,0.0,644.9644156871676,0.0,2784.3713144336184,0.0,46.0,0.0,,0.0002946585721856603,,,,,,,9.337096180407427,,1,7.64048280550942,13.740351104994447,inf,-inf,-10.311623830687202,9.120922357415825,-8.088097262823776,5.643025621561352,inf,-inf,1.5427688069539036,0.23831290247241768,0.23831290247241768,0.23831290247241768,784,3.0594720016809696,1.7317971001613761,2.0253579587884984,,,-0.35615136495865574,9.193722727009114,0.8185923872751184,1.798361629069634,0.2548770276183365,0.0,0.0,9.431358836466949,9.195059699458042,7.911365402469004,13.740351104994447
26,1.8529967487289283,1287.1422200153222,0.9242137344892675,0.0,1289.9194304985404,1287.1422200153222,nan,0.004344844616437017,0.91986888987283,1.920822918985497,1359.5122733930366,0.9081450619087038,0.0,1362.3412413739309,1359.5122733930366,nan,0.0,596.5008034318561,0.0,2599.067448171725,0.0,46.0,0.0,,0.0002942425844231566,,,,,,,9.337096180407427,,1,7.64048280550942,13.740351104994447,inf,-inf,-9.86789260219678,8.71318003277041,-7.842726758072753,5.4387888386758325,inf,-inf,1.533152511652739,0.24027451949211948,0.24027451949211948,0.24027451949211948,784,3.0594720016809696,1.7317971001613761,2.0253579587884984,,,-0.35615136495865574,9.193722727009114,0.8185923872751184,1.798361629069634,0.2548770276183365,0.0,0.0,9.431358836466949,9.195059699458042,7.911365402469004,13.740351104994447
27,1.8585970761345578,1202.2120703291093,0.9548081527042839,0.0,1205.0254755579483,1202.2120703291093,nan,0.004677383451136255,0.9501307692531479,1.920822918985497,1359.5122733930366,0.9081450619087038,0.0,1362.3412413739309,1359.5122733930366,nan,0.0,562.6106019492579,0.0,2429.396990832142,0.0,46.0,0.0,,0.0002938113271421496,,,,,,,9.337096180407427,,1,7.64048280550942,13.740351104994447,inf,-inf,-9.643790705433348,8.12819113956908,-7.570868428337809,5.247688353173888,inf,-inf,1.5247718650657847,0.2420182715107163,0.2420182715107163,0.2420182715107163,784,3.0594720016809696,1.7317971001613761,2.0253579587884984,,,-0.35615136495865574,9.193722727009114,0.8185923872751184,1.798361629069634,0.2548770276183365,0.0,0.0,9.431358836466949,9.195059699458042,7.911365402469004,13.740351104994447
28,1.8698892328305359,1124.987058213155,0.9763070224538,0.0,1127.8332544684392,1124.987058213155,nan,0.00502250689787625,0.9712845155559237,1.920822918985497,1359.5122733930366,0.9081450619087038,0.0,1362.3412413739309,1359.5122733930366,nan,0.0,513.5017844314501,0.0,2275.080019810169,0.0,46.0,0.0,,0.00029336484763486,,,,,,,9.337096180407427,,1,7.64048280550942,13.740351104994447,inf,-inf,-9.422751095971039,7.726548303761152,-7.361312742583669,5.057290858299717,inf,-inf,1.5162527904111727,0.24372208170300733,0.24372208170300733,0.24372208170300733,784,3.0594720016809696,1.7317971001613761,2.0253579587884984,,,-0.35615136495865574,9.193722727009114,0.8185923872751184,1.798361629069634,0.2548770276183365,0.0,0.0,9.431358836466949,9.195059699458042,7.911365402469004,13.740351104994447
29,1.8721955519365003,1052.8982648328433,1.003567430066217,0.0,1055.774027814846,1052.8982648328433,nan,0.00538085164016399,0.998186578426053,1.920822918985497,1359.5122733930366,0.9081450619087038,0.0,1362.3412413739309,1359.5122733930366,nan,0.0,487.0472997759116,0.0,2131.0816836193494,0.0,46.0,0.0,,0.00029290319486279713,,,,,,,9.337096180407427,,1,7.64048280550942,13.740351104994447,inf,-inf,-9.116073376196894,7.244195777262195,-7.039376570813807,4.894954265709801,inf,-inf,1.5084788157402687,0.24541365434578033,0.24541365434578033,0.24541365434578033,784,3.0594720016809696,1.7317971001613761,2.0253579587884984,,,-0.35615136495865574,9.193722727009114,0.8185923872751184,1.798361629069634,0.2548770276183365,0.0,0.0,9.431358836466949,9.195059699458042,7.911365402469004,13.740351104994447
30,1.8775314655914987,983.9748280016393,1.0289822470485634,0.0,986.8813417142793,983.9748280016393,nan,0.005749870366490968,1.0232323766820726,1.920822918985497,968.6889890700329,1.0383682280020206,0.0,971.6481802170205,968.6889890700329,nan,0.0,451.73891295515745,0.0,1993.3706520569056,0.0,46.0,0.0,,0.0002924264194513898,,,,,,,8.518436414412106,,1,6.794847144379572,13.359805959370972,inf,-inf,-8.8420292132008,6.698205480261024,-6.727215891598189,4.703891146196563,inf,-inf,1.50118892607986,0.24683188913295004,0.24683188913295004,0.24683188913295004,784,2.877210355366476,1.6763236918576412,1.9862996503511332,,,-0.4234611611404201,8.3709640968342,0.8368599767105948,1.966167255200387,0.2936204590306922,0.0,0.0,8.618021337921641,8.373488554225155,7.01624958862499,13.359805959370972
31,1.8779482301339179,923.6100355161025,1.049486783042576,0.0,926.537470529279,923.6100355161025,nan,0.006131690032234426,1.0433550930103415,1.920822918985497,968.6889890700329,1.0383682280020206,0.0,971.6481802170205,968.6889890700329,nan,0.0,420.1157544890413,0.0,1872.7670873172594,0.0,46.0,0.0,,0.00029193457368443463,,,,,,,8.518436414412106,,1,6.794847144379572,13.359805959370972,inf,-inf,-8.66169837432653,6.036873332437211,-6.561675578453073,4.549878506738157,inf,-inf,1.494556206953293,0.24841295221061088,0.24841295221061088,0.24841295221061088,784,2.877210355366476,1.6763236918576412,1.9862996503511332,,,-0.4234611611404201,8.3709640968342,0.8368599767105948,1.966167255200387,0.2936204590306922,0.0,0.0,8.618021337921641,8.373488554225155,7.01624958862499,13.359805959370972
32,1.8719446165322453,865.609160017284,1.0737108217284554,0.0,868.5548154555447,865.609160017284,nan,0.006524271626201357,1.0671865501022542,1.920822918985497,968.6889890700329,1.0383682280020206,0.0,971.6481802170205,968.6889890700329,nan,0.0,394.703615753738,0.0,1756.9143928876597,0.0,46.0,0.0,,0.0002914277114983626,,,,,,,8.518436414412106,,1,6.794847144379572,13.359805959370972,inf,-inf,-8.364014937660466,5.921688189342718,-6.255840129738162,4.369552175783644,inf,-inf,1.4885117660551068,0.24990418570096123,0.24990418570096123,0.24990418570096123,784,2.877210355366476,1.6763236918576412,1.9862996503511332,,,-0.4234611611404201,8.3709640968342,0.8368599767105948,1.966167255200387,0.2936204590306922,0.0,0.0,8.618021337921641,8.373488554225155,7.01624958862499,13.359805959370972
33,1.8617219174039814,811.3432636423369,1.09036858825123,0.0,814.295354147992,811.3432636423369,nan,0.006928699016235046,1.083439889234995,1.920822918985497,968.6889890700329,1.0383682280020206,0.0,971.6481802170205,968.6889890700329,nan,0.0,371.2825955659355,0.0,1648.4872584656193,0.0,46.0,0.0,,0.00029090588847632414,,,,,,,8.518436414412106,,1,6.794847144379572,13.359805959370972,inf,-inf,-8.023111702360012,5.481114041091395,-6.151855304771165,4.286582569684319,inf,-inf,1.4832317806972644,0.2512728304287176,0.2512728304287176,0.2512728304287176,784,2.877210355366476,1.6763236918576412,1.9862996503511332,,,-0.4234611611404201,8.3709640968342,0.8368599767105948,1.966167255200387,0.2936204590306922,0.0,0.0,8.618021337921641,8.373488554225155,7.01624958862499,13.359805959370972
34,1.873895012191144,761.1922825741482,1.1045685683605406,0.0,764.1707461546998,761.1922825741482,nan,0.007342439798577498,1.097226128561964,1.920822918985497,968.6889890700329,1.0383682280020206,0.0,971.6481802170205,968.6889890700329,nan,0.0,350.849396880454,0.0,1548.292242784318,0.0,46.0,0.0,,0.0002903691618420941,,,,,,,8.518436414412106,,1,6.794847144379572,13.359805959370972,inf,-inf,-7.840676017022866,5.2992020768268935,-5.910083290150266,4.138477296845642,inf,-inf,1.4785045593425679,0.25250699005343963,0.25250699005343963,0.25250699005343963,784,2.877210355366476,1.6763236918576412,1.9862996503511332,,,-0.4234611611404201,8.3709640968342,0.8368599767105948,1.966167255200387,0.2936204590306922,0.0,0.0,8.618021337921641,8.373488554225155,7.01624958862499,13.359805959370972
35,1.867249135563833,714.3736296184538,1.1168835679521907,0.0,717.3577623219699,714.3736296184538,nan,0.007770366493520552,1.1091132014586698,1.920822918985497,702.1953246816879,1.1233931870111733,0.0,705.2395407876846,702.1953246816879,nan,0.0,331.82668528957043,0.0,1454.7768586213724,0.0,46.0,0.0,,0.0002898175904537963,,,,,,,7.777206873309958,,1,6.063648151816979,12.744082122963206,inf,-inf,-7.631000772452562,5.143445749360435,-5.739399143600759,3.961669174424589,inf,-inf,1.4743096992266298,0.25364828013979296,0.25364828013979296,0.25364828013979296,784,2.705605703298824,1.6226229844002,1.9459317568783672,,,-0.49018000474227513,7.62554622417829,0.8389202238486816,2.1017186030400574,0.3225745683393254,0.0,0.0,7.880155383022086,7.6311960223331345,6.242910192750295,12.744082122963206
36,1.871930798284271,670.8445681064229,1.1285097707302056,0.0,673.8450086754375,670.8445681064229,nan,0.008206064888257248,1.1203037058419483,1.920822918985497,702.1953246816879,1.1233931870111733,0.0,705.2395407876846,702.1953246816879,nan,0.0,303.88109842412405,0.0,1367.8023125439954,0.0,46.0,0.0,,0.00028925123479744914,,,,,,,7.777206873309958,,1,6.063648151816979,12.744082122963206,inf,-inf,-7.423302058198056,5.051453529298616,-5.59893344061267,3.809892637572497,inf,-inf,1.4711631434965058,0.25478378314454,0.25478378314454,0.25478378314454,784,2.705605703298824,1.6226229844002,1.9459317568783672,,,-0.49018000474227513,7.62554622417829,0.8389202238486816,2.1017186030400574,0.3225745683393254,0.0,0.0,7.880155383022086,7.6311960223331345,6.242910192750295,12.744082122963206
37,1.8630021088360453,630.1456760892918,1.141951827695284,0.0,633.1506300258231,630.1456760892918,nan,0.008654210592882702,1.133297617102401,1.920822918985497,702.1953246816879,1.1233931870111733,0.0,705.2395407876846,702.1953246816879,nan,0.0,286.8796538967192,0.0,1286.506631908633,0.0,46.0,0.0,,0.0002886701569803325,,,,,,,7.777206873309958,,1,6.063648151816979,12.744082122963206,inf,-inf,-7.220062493443575,4.924276201266811,-5.391227436284088,3.6775448254260112,inf,-inf,1.468557064238307,0.25584368751568076,0.25584368751568076,0.25584368751568076,784,2.705605703298824,1.6226229844002,1.9459317568783672,,,-0.49018000474227513,7.62554622417829,0.8389202238486816,2.1017186030400574,0.3225745683393254,0.0,0.0,7.880155383022086,7.6311960223331345,6.242910192750295,12.744082122963206
38,1.8623964684329615,592.1390163942071,1.1511413415919491,0.0,595.152554204232,592.1390163942071,nan,0.009113797576418373,1.1420275440155305,1.920822918985497,702.1953246816879,1.1233931870111733,0.0,705.2395407876846,702.1953246816879,nan,0.0,272.29758010858217,0.0,1210.586185933376,0.0,46.0,0.0,,0.00028807442072417716,,,,,,,7.777206873309958,,1,6.063648151816979,12.744082122963206,inf,-inf,-6.903513294480867,4.73696043458078,-5.284810134686363,3.627153571081646,inf,-inf,1.4664115513512421,0.25695435721564425,0.25695435721564425,0.25695435721564425,784,2.705605703298824,1.6226229844002,1.9459317568783672,,,-0.49018000474227513,7.62554622417829,0.8389202238486816,2.1017186030400574,0.3225745683393254,0.0,0.0,7.880155383022086,7.6311960223331345,6.242910192750295,12.744082122963206
39,1.8712485477219751,557.0169091955088,1.1566163210831073,0.0,560.0447740643139,557.0169091955088,nan,0.009584446748990843,1.147031874334116,1.920822918985497,702.1953246816879,1.1233931870111733,0.0,705.2395407876846,702.1953246816879,nan,0.0,249.64767010816186,0.0,1140.4160233071002,0.0,46.0,0.0,,0.000287464091358177,,,,,,,7.777206873309958,,1,6.063648151816979,12.744082122963206,inf,-inf,-6.830473428601632,4.670313779924013,-5.093764619695782,3.4748440154917906,inf,-inf,1.4651456580545514,0.2578423146699589,0.2578423146699589,0.2578423146699589,784,2.705605703298824,1.6226229844002,1.9459317568783672,,,-0.49018000474227513,7.62554622417829,0.8389202238486816,2.1017186030400574,0.3225745683393254,0.0,0.0,7.880155383022086,7.6311960223331345,6.242910192750295,12.744082122963206
40,1.871065994955145,523.2854833569234,1.1594916791318548,0.0,526.3160410310104,523.2854833569234,nan,0.010064298167518389,1.1494273809643365,1.920822918985497,515.1978826874604,1.160107051115014,0.0,518.2788126575609,515.1978826874604,nan,0.0,240.4920709582873,0.0,1073.0405510639373,0.0,46.0,0.0,,0.00028683923581182487,,,,,,,7.106878320141073,,1,5.425382766535948,12.064454512219209,inf,-inf,-6.628572546489088,4.480465314197489,-4.991875562222631,3.3494237212719318,inf,-inf,1.4651343869128002,0.2586902136082548,0.2586902136082548,0.2586902136082548,784,2.5450242067195488,1.5709060032465807,1.904358020060315,,,-0.556223504568294,6.955121670957103,0.8303362131124361,2.2237056870223815,0.34707730675880255,0.0,0.0,7.211230330126515,6.964695493782424,5.564530458887551,12.064454512219209
41,1.8617545869763743,492.46331637539623,1.1635366507716391,0.0,495.4886076131442,492.46331637539623,nan,0.010555844831146504,1.1529808059404925,1.920822918985497,515.1978826874604,1.160107051115014,0.0,518.2788126575609,515.1978826874604,nan,0.0,226.72892419366792,0.0,1011.4659895867827,0.0,46.0,0.0,,0.00028619992260757275,,,,,,,7.106878320141073,,1,5.425382766535948,12.064454512219209,inf,-inf,-6.404450126794054,4.342236581962853,-4.88258663968057,3.260427420385702,inf,-inf,1.4658551090158105,0.25951803082655456,0.25951803082655456,0.25951803082655456,784,2.5450242067195488,1.5709060032465807,1.904358020060315,,,-0.556223504568294,6.955121670957103,0.8303362131124361,2.2237056870223815,0.34707730675880255,0.0,0.0,7.211230330126515,6.964695493782424,5.564530458887551,12.064454512219209
42,1.868298179098466,463.67324109597536,1.1562679573887151,0.0,466.69780723246254,463.67324109597536,nan,0.01105464019749769,1.145213317191217,1.920822918985497,515.1978826874604,1.160107051115014,0.0,518.2788126575609,515.1978826874604,nan,0.0,212.40399246421646,0.0,953.9551109909354,0.0,46.0,0.0,,0.00028554622185331796,,,,,,,7.106878320141073,,1,5.425382766535948,12.064454512219209,inf,-inf,-6.146042955228084,4.2603246777534265,-4.78341017213582,3.1714474212767203,inf,-inf,1.4673906705865967,0.2600558108266892,0.2600558108266892,0.2600558108266892,784,2.5450242067195488,1.5709060032465807,1.904358020060315,,,-0.556223504568294,6.955121670957103,0.8303362131124361,2.2237056870223815,0.34707730675880255,0.0,0.0,7.211230330126515,6.964695493782424,5.564530458887551,12.064454512219209
43,1.8674270733234821,436.42302832577417,1.1591835870864846,0.0,439.44963898618414,436.42302832577417,nan,0.01156822181121272,1.1476153652752716,1.920822918985497,515.1978826874604,1.160107051115014,0.0,518.2788126575609,515.1978826874604,nan,0.0,200.21142965354062,0.0,899.5366615343038,0.0,46.0,0.0,,0.00028487820523471477,,,,,,,7.106878320141073,,1,5.425382766535948,12.064454512219209,inf,-inf,-6.070416116679108,4.125980966837704,-4.663437954195647,3.070033215208986,inf,-inf,1.4697461097709013,0.2608517832326564,0.2608517832326564,0.2608517832326564,784,2.5450242067195488,1.5709060032465807,1.904358020060315,,,-0.556223504568294,6.955121670957103,0.8303362131124361,2.2237056870223815,0.34707730675880255,0.0,0.0,7.211230330126515,6.964695493782424,5.564530458887551,12.064454512219209
44,1.8615608952560756,410.7278479559458,1.1491080662275464,0.0,413.73851691742937,410.7278479559458,nan,0.012088734101149325,1.1370193321263966,1.920822918985497,515.1978826874604,1.160107051115014,0.0,518.2788126575609,515.1978826874604,nan,0.0,192.03611887375226,0.0,848.2076804771161,0.0,46.0,0.0,,0.00028419594600731323,,,,,,,7.106878320141073,,1,5.425382766535948,12.064454512219209,inf,-inf,-5.938014417206831,4.019922705846512,-4.511499706158245,2.946710756556401,inf,-inf,1.4731791871509712,0.2611029099453935,0.2611029099453935,0.2611029099453935,784,2.5450242067195488,1.5709060032465807,1.904358020060315,,,-0.556223504568294,6.955121670957103,0.8303362131124361,2.2237056870223815,0.34707730675880255,0.0,0.0,7.211230330126515,6.964695493782424,5.564530458887551,12.064454512219209
45,1.8551766247768255,387.059009374203,1.139901976015118,0.0,390.05408797499496,387.059009374203,nan,0.012620262994999177,1.1272817130201191,1.920822918985497,382.8275566634593,1.1338124450224247,0.0,385.8821920274672,382.8275566634593,nan,0.0,177.64318205014322,0.0,800.9371235381387,0.0,46.0,0.0,,0.00028349951898852603,,,,,,,6.502992147571631,,1,4.856522710813481,11.326370328168032,inf,-inf,-5.660499893467083,3.9121514877011365,-4.3400392289010465,2.882857901653236,inf,-inf,1.4775128682300671,0.2615909729415374,0.2615909729415374,0.2615909729415374,784,2.397773045837548,1.5219726646879996,1.8645288117943368,,,-0.6215092114022226,6.353044605851169,0.8144140811298279,2.332197541864441,0.3677653332688884,0.0,0.0,6.607889801235607,6.36099982334735,4.972462215636563,11.326370328168032
46,1.8766281903782074,364.832555761949,1.1250003747116928,0.0,367.8341843270389,364.832555761949,nan,0.013160601528782538,1.1118397731829106,1.920822918985497,382.8275566634593,1.1338124450224247,0.0,385.8821920274672,382.8275566634593,nan,0.0,166.3654468687661,0.0,756.5461650410443,0.0,46.0,0.0,,0.00028278900054942377,,,,,,,6.502992147571631,,1,4.856522710813481,11.326370328168032,inf,-inf,-5.490518034390015,3.820930783334315,-4.220952896280095,2.781869383797667,inf,-inf,1.4828122767904244,0.2618643326925622,0.2618643326925622,0.2618643326925622,784,2.397773045837548,1.5219726646879996,1.8645288117943368,,,-0.6215092114022226,6.353044605851169,0.8144140811298279,2.332197541864441,0.3677653332688884,0.0,0.0,6.607889801235607,6.36099982334735,4.972462215636563,11.326370328168032
47,1.8654157220020142,343.4237110056475,1.1068410468465566,0.0,346.39596777449606,343.4237110056475,nan,0.013714059884439344,1.0931269869621174,1.920822918985497,382.8275566634593,1.1338124450224247,0.0,385.8821920274672,382.8275566634593,nan,0.0,158.99475682038297,0.0,713.7747665982791,0.0,46.0,0.0,,0.00028206446860636015,,,,,,,6.502992147571631,,1,4.856522710813481,11.326370328168032,inf,-inf,-5.426703502808854,3.722085340117447,-4.105404065448623,2.6608652496760086,inf,-inf,1.488858712357022,0.26207244532785506,0.26207244532785506,0.26207244532785506,784,2.397773045837548,1.5219726646879996,1.8645288117943368,,,-0.6215092114022226,6.353044605851169,0.8144140811298279,2.332197541864441,0.3677653332688884,0.0,0.0,6.607889801235607,6.36099982334735,4.972462215636563,11.326370328168032
48,1.8642134025116623,323.64604467117954,1.0925850432491477,0.0,326.60284311694033,323.64604467117954,nan,0.014278591872969856,1.078306451376178,1.920822918985497,382.8275566634593,1.1338124450224247,0.0,385.8821920274672,382.8275566634593,nan,0.0,150.28283354404084,0.0,674.2815227831417,0.0,46.0,0.0,,0.00028132600261242746,,,,,,,6.502992147571631,,1,4.856522710813481,11.326370328168032,inf,-inf,-5.32157519231047,3.621037264160133,-4.037775709728042,2.6152805640413486,inf,-inf,1.4955424113381282,0.2622276278319689,0.2622276278319689,0.2622276278319689,784,2.397773045837548,1.5219726646879996,1.8645288117943368,,,-0.6215092114022226,6.353044605851169,0.8144140811298279,2.332197541864441,0.3677653332688884,0.0,0.0,6.607889801235607,6.36099982334735,4.972462215636563,11.326370328168032
49,1.862461556146234,305.19618342545544,1.074659501470494,0.0,308.13330448307215,305.19618342545544,nan,0.014845695923968677,1.0598138055465258,1.920822918985497,382.8275566634593,1.1338124450224247,0.0,385.8821920274672,382.8275566634593,nan,0.0,142.08319117477325,0.0,637.4403154238564,0.0,46.0,0.0,,0.0002805736835487436,,,,,,,6.502992147571631,,1,4.856522710813481,11.326370328168032,inf,-inf,-5.112099706021885,3.5532370029662363,-3.9451323627547676,2.5123257608454574,inf,-inf,1.5032989918462674,0.2623757993861207,0.2623757993861207,0.2623757993861207,784,2.397773045837548,1.5219726646879996,1.8645288117943368,,,-0.6215092114022226,6.353044605851169,0.8144140811298279,2.332197541864441,0.3677653332688884,0.0,0.0,6.607889801235607,6.36099982334735,4.972462215636563,11.326370328168032
50,1.8753318164683275,287.726041831611,1.0532042290750845,0.0,290.6545778771544,287.726041831611,nan,0.015426764211182286,1.0377774648639024,1.920822918985497,285.4533259449313,1.041196994318529,0.0,288.4153458582353,285.4533259449313,nan,0.0,133.60118092478987,0.0,602.5513965758322,0.0,46.0,0.0,,0.0002798075939155718,,,,,,,5.956580645246855,,1,4.365348852214164,10.620741457092867,inf,-inf,-4.925874713258797,3.4703599241224907,-3.8524954792426285,2.4169674805911123,inf,-inf,1.51213880685057,0.2624129362303979,0.2624129362303979,0.2624129362303979,784,2.2588849810732556,1.474557520184145,1.8238477381473308,,,-0.6859568356470892,5.809119712418875,0.7933614742677183,2.432965111529605,0.38613588123710196,0.0,0.0,6.061003778010333,5.816335749578158,4.454876445053846,10.620741457092867
51,1.8537172066718346,271.7171647017776,1.0306242952041893,0.0,274.6015062036536,271.7171647017776,nan,0.01601750312182657,1.014606792082363,1.920822918985497,285.4533259449313,1.041196994318529,0.0,288.4153458582353,285.4533259449313,nan,0.0,124.8230502472425,0.0,570.5744893174502,0.0,46.0,0.0,,0.0002790278177232734,,,,,,,5.956580645246855,,1,4.365348852214164,10.620741457092867,inf,-inf,-4.798801637986405,3.3523830018279424,-3.687839246511044,2.4058891324082596,inf,-inf,1.5216687478811302,0.26228797430842404,0.26228797430842404,0.26228797430842404,784,2.2588849810732556,1.474557520184145,1.8238477381473308,,,-0.6859568356470892,5.809119712418875,0.7933614742677183,2.432965111529605,0.38613588123710196,0.0,0.0,6.061003778010333,5.816335749578158,4.454876445053846,10.620741457092867
52,1.8791530972420483,255.93822490506872,1.0080467293142106,0.0,258.825424731625,255.93822490506872,nan,0.016618042310470517,0.9914286870037404,1.920822918985497,285.4533259449313,1.041196994318529,0.0,288.4153458582353,285.4533259449313,nan,0.0,118.5213723802257,0.0,539.0647718853382,0.0,46.0,0.0,,0.00027823444048309524,,,,,,,5.956580645246855,,1,4.365348852214164,10.620741457092867,inf,-inf,-4.751076100359376,3.280708126204868,-3.6104653956093538,2.303295357639172,inf,-inf,1.5320525859530756,0.2621544880333698,0.2621544880333698,0.2621544880333698,784,2.2588849810732556,1.474557520184145,1.8238477381473308,,,-0.6859568356470892,5.809119712418875,0.7933614742677183,2.432965111529605,0.38613588123710196,0.0,0.0,6.061003778010333,5.816335749578158,4.454876445053846,10.620741457092867
53,1.8658813119314188,241.52468611976906,0.9819058000884031,0.0,244.3724732317889,241.52468611976906,nan,0.01722448412912666,0.9646813159592768,1.920822918985497,285.4533259449313,1.041196994318529,0.0,288.4153458582353,285.4533259449313,nan,0.0,112.86665887333609,0.0,510.2974013395637,0.0,46.0,0.0,,0.0002774275491977922,,,,,,,5.956580645246855,,1,4.365348852214164,10.620741457092867,inf,-inf,-4.542761401465499,3.210925600996185,-3.5686199090702218,2.248576159187703,inf,-inf,1.5428382522992083,0.26202519698458754,0.26202519698458754,0.26202519698458754,784,2.2588849810732556,1.474557520184145,1.8238477381473308,,,-0.6859568356470892,5.809119712418875,0.7933614742677183,2.432965111529605,0.38613588123710196,0.0,0.0,6.061003778010333,5.816335749578158,4.454876445053846,10.620741457092867
54,1.8803384343425527,227.95774977391778,0.9575021977181899,0.0,230.79559040597852,227.95774977391778,nan,0.017842915691659557,0.9396592820265305,1.920822918985497,285.4533259449313,1.041196994318529,0.0,288.4153458582353,285.4533259449313,nan,0.0,106.53532592809718,0.0,483.1985264685712,0.0,46.0,0.0,,0.00027660723235208647,,,,,,,5.956580645246855,,1,4.365348852214164,10.620741457092867,inf,-inf,-4.4135209180736465,3.144266500113681,-3.4859386380202677,2.1480667154182473,inf,-inf,1.5548074738434936,0.2619157681558965,0.2619157681558965,0.2619157681558965,784,2.2588849810732556,1.474557520184145,1.8238477381473308,,,-0.6859568356470892,5.809119712418875,0.7933614742677183,2.432965111529605,0.38613588123710196,0.0,0.0,6.061003778010333,5.816335749578158,4.454876445053846,10.620741457092867
55,1.879800145485174,214.95538678439496,0.9322405727168891,0.0,217.76742750259703,214.95538678439496,nan,0.018471138015499315,0.9137694347013895,1.920822918985497,213.935837161349,0.9183764042758057,0.0,216.77503648461033,213.935837161349,nan,0.0,100.15981062381339,0.0,457.2372167746938,0.0,46.0,0.0,,0.0002757735799029644,,,,,,,5.462827416970657,,1,3.9256615251077593,9.944167236945194,inf,-inf,-4.319271810463809,3.028640049196587,-3.3430084952520573,2.0977393946797944,inf,-inf,1.5672810751103703,0.26164296955961025,0.26164296955961025,0.26164296955961025,784,2.1303338135508936,1.42923163305704,1.7852823068132022,,,-0.7494884582583935,5.318914540056941,0.7696033278571897,2.533118857380917,0.40365556795621216,0.0,0.0,5.566704737486316,5.3311652201373105,4.000364484287453,9.944167236945194
56,1.8751768100432398,203.12026759766238,0.9085240791386425,0.0,205.90396848684424,203.12026759766238,nan,0.019109562049738394,0.8894145170889035,1.920822918985497,213.935837161349,0.9183764042758057,0.0,216.77503648461033,213.935837161349,nan,0.0,95.27748104196553,0.0,433.6060411083288,0.0,46.0,0.0,,0.00027492668326981143,,,,,,,5.462827416970657,,1,3.9256615251077593,9.944167236945194,inf,-inf,-4.2135642252771754,2.9935261544572747,-3.291108462065984,2.0535055059842553,inf,-inf,1.579898736723072,0.26145989975536277,0.26145989975536277,0.26145989975536277,784,2.1303338135508936,1.42923163305704,1.7852823068132022,,,-0.7494884582583935,5.318914540056941,0.7696033278571897,2.533118857380917,0.40365556795621216,0.0,0.0,5.566704737486316,5.3311652201373105,4.000364484287453,9.944167236945194
57,1.8720777489413398,191.68657671760317,0.8810782894126923,0.0,194.4397327559572,191.68657671760317,nan,0.019752999570585347,0.8613252898421068,1.920822918985497,213.935837161349,0.9183764042758057,0.0,216.77503648461033,213.935837161349,nan,0.0,90.00481986434777,0.0,410.7825458401045,0.0,46.0,0.0,,0.00027406663532438707,,,,,,,5.462827416970657,,1,3.9256615251077593,9.944167236945194,inf,-inf,-4.109271075583916,2.900171143620658,-3.2200137968994174,1.9832891622684765,inf,-inf,1.5935044448266849,0.2609942928365939,0.2609942928365939,0.2609942928365939,784,2.1303338135508936,1.42923163305704,1.7852823068132022,,,-0.7494884582583935,5.318914540056941,0.7696033278571897,2.533118857380917,0.40365556795621216,0.0,0.0,5.566704737486316,5.3311652201373105,4.000364484287453,9.944167236945194
58,1.8704062569300535,181.03466429993568,0.8557928321787341,0.0,183.7608633890445,181.03466429993568,nan,0.020403115319457075,0.8353897168592772,1.920822918985497,213.935837161349,0.9183764042758057,0.0,216.77503648461033,213.935837161349,nan,0.0,84.51193443100561,0.0,389.5115801223299,0.0,46.0,0.0,,0.0002731935303806403,,,,,,,5.462827416970657,,1,3.9256615251077593,9.944167236945194,inf,-inf,-4.010732041944417,2.804048224044521,-3.0877785467607106,1.935349947705103,inf,-inf,1.6078985649927824,0.26071524179305056,0.26071524179305056,0.26071524179305056,784,2.1303338135508936,1.42923163305704,1.7852823068132022,,,-0.7494884582583935,5.318914540056941,0.7696033278571897,2.533118857380917,0.40365556795621216,0.0,0.0,5.566704737486316,5.3311652201373105,4.000364484287453,9.944167236945194
59,1.8686524891037073,170.75803717632942,0.8261425252168678,0.0,173.45283219065,170.75803717632942,nan,0.02107180241292801,0.80507072280394,1.920822918985497,213.935837161349,0.9183764042758057,0.0,216.77503648461033,213.935837161349,nan,0.0,81.03433020458475,0.0,368.9952932852561,0.0,46.0,0.0,,0.00027230746418436733,,,,,,,5.462827416970657,,1,3.9256615251077593,9.944167236945194,inf,-inf,-3.9043003422580407,2.7631970878282184,-3.001134122777967,1.8713636969488354,inf,-inf,1.6226590538986463,0.260293084963255,0.260293084963255,0.260293084963255,784,2.1303338135508936,1.42923163305704,1.7852823068132022,,,-0.7494884582583935,5.318914540056941,0.7696033278571897,2.533118857380917,0.40365556795621216,0.0,0.0,5.566704737486316,5.3311652201373105,4.000364484287453,9.944167236945194
60,1.8696343330978882,161.54479706118875,0.8046627821593894,0.0,164.21909417644602,161.54479706118875,nan,0.021739598182511203,0.7829231839768781,1.920822918985497,160.81376700480251,0.7915522968730264,0.0,163.52614222066103,160.81376700480251,nan,0.0,76.73481188097503,0.0,350.6051375346214,0.0,46.0,0.0,,0.00027140853390271154,,,,,,,5.016739248877286,,1,3.536576954488091,9.286690460197143,inf,-inf,-3.8340745987639626,2.690511645644223,-2.9437014488726176,1.8212977645351494,inf,-inf,1.636982554007283,0.2599638406482426,0.2599638406482426,0.2599638406482426,784,2.0106735908469915,1.3857492362375328,1.7493400604554956,,,-0.812028734477064,4.87635121087791,0.7437940280322916,2.625898030696568,0.4192778574862752,0.0,0.0,5.119420535008191,4.888791521029674,3.600263777493365,9.286690460197143
61,1.8697151379826835,152.40687104576784,0.777533988780337,0.0,155.05412017253087,152.40687104576784,nan,0.02241550700372505,0.7551184817766121,1.920822918985497,160.81376700480251,0.7915522968730264,0.0,163.52614222066103,160.81376700480251,nan,0.0,72.37230426199328,0.0,332.3648744647148,0.0,46.0,0.0,,0.0002704968381135084,,,,,,,5.016739248877286,,1,3.536576954488091,9.286690460197143,inf,-inf,-3.7196888895858837,2.647915427466949,-2.8822676250173394,1.7757836110465888,inf,-inf,1.6523862692761915,0.2594660821433319,0.2594660821433319,0.2594660821433319,784,2.0106735908469915,1.3857492362375328,1.7493400604554956,,,-0.812028734477064,4.87635121087791,0.7437940280322916,2.625898030696568,0.4192778574862752,0.0,0.0,5.119420535008191,4.888791521029674,3.600263777493365,9.286690460197143
62,1.8600287268714892,143.9771020580753,0.756955742564426,0.0,146.59408652751122,143.9771020580753,nan,0.023104833569788836,0.7338509089946372,1.920822918985497,160.81376700480251,0.7915522968730264,0.0,163.52614222066103,160.81376700480251,nan,0.0,68.38791181257947,0.0,315.53600964052384,0.0,46.0,0.0,,0.00026957247679447504,,,,,,,5.016739248877286,,1,3.536576954488091,9.286690460197143,inf,-inf,-3.641963629624765,2.5544484364309286,-2.7923114278040333,1.7210572376636015,inf,-inf,1.667383911101377,0.25910856820673117,0.25910856820673117,0.25910856820673117,784,2.0106735908469915,1.3857492362375328,1.7493400604554956,,,-0.812028734477064,4.87635121087791,0.7437940280322916,2.625898030696568,0.4192778574862752,0.0,0.0,5.119420535008191,4.888791521029674,3.600263777493365,9.286690460197143
63,1.865119014923539,135.87440597236198,0.733944153963216,0.0,138.47346914124876,135.87440597236198,nan,0.023803142883152342,0.7101410110800638,1.920822918985497,160.81376700480251,0.7915522968730264,0.0,163.52614222066103,160.81376700480251,nan,0.0,65.57208446698722,0.0,299.3566845327632,0.0,46.0,0.0,,0.00026863555131224676,,,,,,,5.016739248877286,,1,3.536576954488091,9.286690460197143,inf,-inf,-3.533293898601572,2.51598700667615,-2.7575908123047954,1.6677602821923196,inf,-inf,1.683540736694456,0.2586714022879458,0.2586714022879458,0.2586714022879458,784,2.0106735908469915,1.3857492362375328,1.7493400604554956,,,-0.812028734477064,4.87635121087791,0.7437940280322916,2.625898030696568,0.4192778574862752,0.0,0.0,5.119420535008191,4.888791521029674,3.600263777493365,9.286690460197143
64,1.877877053599579,128.49861535565537,0.7094774440934073,0.0,131.08596985334836,128.49861535565537,nan,0.024498094673245575,0.6849793494201617,1.920822918985497,160.81376700480251,0.7915522968730264,0.0,163.52614222066103,160.81376700480251,nan,0.0,63.3363248332653,0.0,284.6390462377396,0.0,46.0,0.0,,0.00026768616441126075,,,,,,,5.016739248877286,,1,3.536576954488091,9.286690460197143,inf,-inf,-3.464113205422346,2.470919217082279,-2.692185771582741,1.6320089909679107,inf,-inf,1.6987707364393299,0.2581200988423471,0.2581200988423471,0.2581200988423471,784,2.0106735908469915,1.3857492362375328,1.7493400604554956,,,-0.812028734477064,4.87635121087791,0.7437940280322916,2.625898030696568,0.4192778574862752,0.0,0.0,5.119420535008191,4.888791521029674,3.600263777493365,9.286690460197143
65,1.8647154250451456,121.31951400070108,0.6901255268512503,0.0,123.87435495259747,121.31951400070108,nan,0.025209569466598022,0.664915957384652,1.920822918985497,121.3222164517399,0.6787337189757519,0.0,123.92177308970115,121.3222164517399,nan,0.0,58.85041800063673,0.0,270.3103298170716,0.0,46.0,0.0,,0.0002667244202024894,,,,,,,4.614079638350581,,1,3.188900917961416,8.666601296560799,inf,-inf,-3.3262048701558236,2.415164247055539,-2.618616537154093,1.5738969770589497,inf,-inf,1.7146661788582762,0.2578815630194967,0.2578815630194967,0.2578815630194967,784,1.9002370277959355,1.344388103033221,1.713061200257941,,,-0.8735050899019396,4.47864416722115,0.7170465134324127,2.7177392836968854,0.4342077919539995,0.0,0.0,4.715420369145056,4.488311005571992,3.24608275167556,8.666601296560799
66,1.877485809361988,114.67894683005389,0.667712502350945,0.0,117.22414514176683,114.67894683005389,nan,0.02592399962393572,0.6417885027270094,1.920822918985497,121.3222164517399,0.6787337189757519,0.0,123.92177308970115,121.3222164517399,nan,0.0,55.66922121873063,0.0,257.05844162766823,0.0,46.0,0.0,,0.0002657504241520231,,,,,,,4.614079638350581,,1,3.188900917961416,8.666601296560799,inf,-inf,-3.2381201131280926,2.3376980792689483,-2.5544889941331617,1.5590212983347564,inf,-inf,1.7308077210141528,0.2574164290927628,0.2574164290927628,0.2574164290927628,784,1.9002370277959355,1.344388103033221,1.713061200257941,,,-0.8735050899019396,4.47864416722115,0.7170465134324127,2.7177392836968854,0.4342077919539995,0.0,0.0,4.715420369145056,4.488311005571992,3.24608275167556,8.666601296560799
67,1.8708037532558341,108.40078769642722,0.6474058498216335,0.0,110.91899729950468,108.40078769642722,nan,0.026652310720605966,0.6207535391010275,1.920822918985497,121.3222164517399,0.6787337189757519,0.0,123.92177308970115,121.3222164517399,nan,0.0,53.59213749813021,0.0,244.52542087293324,0.0,46.0,0.0,,0.00026476428306950465,,,,,,,4.614079638350581,,1,3.188900917961416,8.666601296560799,inf,-inf,-3.153935567027959,2.2878321561887223,-2.495891298342309,1.510286067495989,inf,-inf,1.7466201705030786,0.25699500948912496,0.25699500948912496,0.25699500948912496,784,1.9002370277959355,1.344388103033221,1.713061200257941,,,-0.8735050899019396,4.47864416722115,0.7170465134324127,2.7177392836968854,0.4342077919539995,0.0,0.0,4.715420369145056,4.488311005571992,3.24608275167556,8.666601296560799
68,1.854422308874876,102.4019902369274,0.6292364340159657,0.0,104.88564897981824,102.4019902369274,nan,0.027381126072307617,0.601855307943658,1.920822918985497,121.3222164517399,0.6787337189757519,0.0,123.92177308970115,121.3222164517399,nan,0.0,49.654112302147325,0.0,232.55414598237851,0.0,46.0,0.0,,0.0002637661050964166,,,,,,,4.614079638350581,,1,3.188900917961416,8.666601296560799,inf,-inf,-3.108832406850196,2.2428673458037736,-2.4235410133753934,1.478221742278311,inf,-inf,1.7635617696140578,0.2565806920172128,0.2565806920172128,0.2565806920172128,784,1.9002370277959355,1.344388103033221,1.713061200257941,,,-0.8735050899019396,4.47864416722115,0.7170465134324127,2.7177392836968854,0.4342077919539995,0.0,0.0,4.715420369145056,4.488311005571992,3.24608275167556,8.666601296560799
69,1.867967251894409,96.73596685234367,0.6117368734539018,0.0,99.21567097769199,96.73596685234367,nan,0.028119563439609495,0.5836173100142922,1.920822918985497,121.3222164517399,0.6787337189757519,0.0,123.92177308970115,121.3222164517399,nan,0.0,48.77711982408578,0.0,221.24535614382165,0.0,46.0,0.0,,0.00026275599969422214,,,,,,,4.614079638350581,,1,3.188900917961416,8.666601296560799,inf,-inf,-2.9873206054166226,2.1773054531994496,-2.3623585330067387,1.4163053340906002,inf,-inf,1.7794420831304987,0.25627163019732274,0.25627163019732274,0.25627163019732274,784,1.9002370277959355,1.344388103033221,1.713061200257941,,,-0.8735050899019396,4.47864416722115,0.7170465134324127,2.7177392836968854,0.4342077919539995,0.0,0.0,4.715420369145056,4.488311005571992,3.24608275167556,8.666601296560799
70,1.8730943616155689,91.4669025465827,0.5956885762762684,0.0,93.93568548447455,91.4669025465827,nan,0.028862051835952564,0.5668265244403154,1.920822918985497,91.62902425545313,0.585857013550213,0.0,94.13570418798884,91.62902425545313,nan,0.0,45.49784882066739,0.0,210.73187845700772,0.0,46.0,0.0,,0.00026173407763236143,,,,,,,4.250473627970865,,1,2.885793270445161,8.091582955814077,inf,-inf,-2.8955080138152423,2.1541257966027922,-2.2954633715255066,1.3875231341381786,inf,-inf,1.795542679747394,0.2558848577678107,0.2558848577678107,0.2558848577678107,784,1.797804863890275,1.3048769848464605,1.6781264035661394,,,-0.9338479084640885,4.118952946291259,0.6900726075151155,2.803937149165877,0.4477682746026237,0.0,0.0,4.350446260941641,4.128784383331961,2.935407260684157,8.091582955814077
71,1.8587961552436894,86.30324091197932,0.5778448662145067,0.0,88.73988193343752,86.30324091197932,nan,0.029610941997132056,0.5482339242173745,1.920822918985497,91.62902425545313,0.585857013550213,0.0,94.13570418798884,91.62902425545313,nan,0.0,44.00487134192139,0.0,200.42767426539848,0.0,46.0,0.0,,0.00026070045097610465,,,,,,,4.250473627970865,,1,2.885793270445161,8.091582955814077,inf,-inf,-2.8229022161421375,2.0694077175311563,-2.266101835737799,1.3527124335581475,inf,-inf,1.8120098721887175,0.25536339967486166,0.25536339967486166,0.25536339967486166,784,1.797804863890275,1.3048769848464605,1.6781264035661394,,,-0.9338479084640885,4.118952946291259,0.6900726075151155,2.803937149165877,0.4477682746026237,0.0,0.0,4.350446260941641,4.128784383331961,2.935407260684157,8.091582955814077
72,1.8735723969269902,81.47775291840573,0.5614675789118874,0.0,83.9127928942446,81.47775291840573,nan,0.030372747745444705,0.5310948311664426,1.920822918985497,91.62902425545313,0.585857013550213,0.0,94.13570418798884,91.62902425545313,nan,0.0,40.968668505003855,0.0,190.79632665557912,0.0,46.0,0.0,,0.0002596552330742625,,,,,,,4.250473627970865,,1,2.885793270445161,8.091582955814077,inf,-inf,-2.806329748857349,2.0379831255560528,-2.1892039490417003,1.3294786242659575,inf,-inf,1.8284005120333524,0.25500192117326614,0.25500192117326614,0.25500192117326614,784,1.797804863890275,1.3048769848464605,1.6781264035661394,,,-0.9338479084640885,4.118952946291259,0.6900726075151155,2.803937149165877,0.4477682746026237,0.0,0.0,4.350446260941641,4.128784383331961,2.935407260684157,8.091582955814077
73,1.875013493959529,77.07399187340573,0.5460822592007873,0.0,79.49508762656605,77.07399187340573,nan,0.031138946516140752,0.5149433126846463,1.920822918985497,91.62902425545313,0.585857013550213,0.0,94.13570418798884,91.62902425545313,nan,0.0,39.32761162763314,0.0,182.0115477045663,0.0,46.0,0.0,,0.00025859853854675647,,,,,,,4.250473627970865,,1,2.885793270445161,8.091582955814077,inf,-inf,-2.7125162006961534,1.9878936810659684,-2.1442555952239717,1.2881231352385798,inf,-inf,1.8449068689184729,0.2546892795892387,0.2546892795892387,0.2546892795892387,784,1.797804863890275,1.3048769848464605,1.6781264035661394,,,-0.9338479084640885,4.118952946291259,0.6900726075151155,2.803937149165877,0.4477682746026237,0.0,0.0,4.350446260941641,4.128784383331961,2.935407260684157,8.091582955814077
74,1.867286506591611,72.79324407364302,0.5310576686192003,0.0,75.19158824885383,72.79324407364302,nan,0.031911475570501675,0.4991461930486985,1.920822918985497,91.62902425545313,0.585857013550213,0.0,94.13570418798884,91.62902425545313,nan,0.0,37.51830206717511,0.0,173.47428632813512,0.0,46.0,0.0,,0.0002575304832720494,,,,,,,4.250473627970865,,1,2.885793270445161,8.091582955814077,inf,-inf,-2.6374747092469946,1.9331723847728677,-2.0855239534366614,1.253481908292194,inf,-inf,1.8614296482731567,0.254260841884169,0.254260841884169,0.254260841884169,784,1.797804863890275,1.3048769848464605,1.6781264035661394,,,-0.9338479084640885,4.118952946291259,0.6900726075151155,2.803937149165877,0.4477682746026237,0.0,0.0,4.350446260941641,4.128784383331961,2.935407260684157,8.091582955814077
75,1.861582386485707,68.7241336241416,0.517235208155172,0.0,71.10295121878248,68.7241336241416,nan,0.0326955041997505,0.48453970395542156,1.920822918985497,69.02292416005389,0.51030722064383,0.0,71.45405429968321,69.02292416005389,nan,0.0,35.476724901350885,0.0,165.35397424336514,0.0,46.0,0.0,,0.000256451184374438,,,,,,,3.9212634166061178,,1,2.614541231403398,7.549318669409477,inf,-inf,-2.5712363841039476,1.9087215497824723,-2.064306035151068,1.2284698442137534,inf,-inf,1.8775886634217542,0.2539278964825179,0.2539278964825179,0.2539278964825179,784,1.7019478386640148,1.2668192470335147,1.6456519329935817,,,-0.9929907118831967,3.792826922835455,0.6632679477180795,2.8874353093897303,0.46051226299897513,0.0,0.0,4.019464872178293,3.7999585847679196,2.659341250102118,7.549318669409477
76,1.856958594659401,64.85471520328683,0.506142756246389,0.0,67.21781655419262,64.85471520328683,nan,0.03348082467418817,0.47266193157220093,1.920822918985497,69.02292416005389,0.51030722064383,0.0,71.45405429968321,69.02292416005389,nan,0.0,33.37372656241484,0.0,157.6334653790427,0.0,46.0,0.0,,0.000255360760211209,,,,,,,3.9212634166061178,,1,2.614541231403398,7.549318669409477,inf,-inf,-2.546486966746169,1.8602672395215434,-2.010060804510585,1.194405049723038,inf,-inf,1.8923700750972967,0.25380012896870174,0.25380012896870174,0.25380012896870174,784,1.7019478386640148,1.2668192470335147,1.6456519329935817,,,-0.9929907118831967,3.792826922835455,0.6632679477180795,2.8874353093897303,0.46051226299897513,0.0,0.0,4.019464872178293,3.7999585847679196,2.659341250102118,7.549318669409477
77,1.8739638425364862,61.16915908729311,0.49219705237387246,0.0,63.53531998220347,61.16915908729311,nan,0.03427349120145483,0.45792356117241795,1.920822918985497,69.02292416005389,0.51030722064383,0.0,71.45405429968321,69.02292416005389,nan,0.0,32.789012022159405,0.0,150.28220997888576,0.0,46.0,0.0,,0.0002542593303596599,,,,,,,3.9212634166061178,,1,2.614541231403398,7.549318669409477,inf,-inf,-2.4626892932893,1.8279459028657743,-1.973745354694387,1.168883176373903,inf,-inf,1.9084519273694966,0.2534137753052796,0.2534137753052796,0.2534137753052796,784,1.7019478386640148,1.2668192470335147,1.6456519329935817,,,-0.9929907118831967,3.792826922835455,0.6632679477180795,2.8874353093897303,0.46051226299897513,0.0,0.0,4.019464872178293,3.7999585847679196,2.659341250102118,7.549318669409477
78,1.864662019932547,57.74568162385926,0.48186299075976796,0.0,60.09220663455157,57.74568162385926,nan,0.03506726103750187,0.44679572972226583,1.920822918985497,69.02292416005389,0.51030722064383,0.0,71.45405429968321,69.02292416005389,nan,0.0,31.0741450135079,0.0,143.45234534114502,0.0,46.0,0.0,,0.0002531470156039858,,,,,,,3.9212634166061178,,1,2.614541231403398,7.549318669409477,inf,-inf,-2.389228553216089,1.7826461658808426,-1.9230733840848788,1.1472775978898573,inf,-inf,1.9241769867371399,0.2530921809027702,0.2530921809027702,0.2530921809027702,784,1.7019478386640148,1.2668192470335147,1.6456519329935817,,,-0.9929907118831967,3.792826922835455,0.6632679477180795,2.8874353093897303,0.46051226299897513,0.0,0.0,4.019464872178293,3.7999585847679196,2.659341250102118,7.549318669409477
79,1.86981883864018,54.511188520092716,0.47065515782958256,0.0,56.85166251656248,54.511188520092716,nan,0.03586358164584944,0.43479157618373315,1.920822918985497,69.02292416005389,0.51030722064383,0.0,71.45405429968321,69.02292416005389,nan,0.0,29.286868724773058,0.0,136.9978494334909,0.0,46.0,0.0,,0.0002520239379220344,,,,,,,3.9212634166061178,,1,2.614541231403398,7.549318669409477,inf,-inf,-2.3663693401501815,1.7340193184197805,-1.8676083757723632,1.1109677791977253,inf,-inf,1.939058461489973,0.25271128090816786,0.25271128090816786,0.25271128090816786,784,1.7019478386640148,1.2668192470335147,1.6456519329935817,,,-0.9929907118831967,3.792826922835455,0.6632679477180795,2.8874353093897303,0.46051226299897513,0.0,0.0,4.019464872178293,3.7999585847679196,2.659341250102118,7.549318669409477
80,1.872711732263327,51.329422578206255,0.4602198282201293,0.0,53.66235413868971,51.329422578206255,nan,0.03667544893764378,0.42354437928248556,1.920822918985497,51.787762550961546,0.4545347383281872,0.0,54.16312020827523,51.787762550961546,nan,0.0,28.114282413755937,0.0,130.65960413071906,0.0,46.0,0.0,,0.0002508902204719295,,,,,,,3.6241640924129346,,1,2.3781789876885435,7.0497232082086985,inf,-inf,-2.311223200352152,1.7060631023535495,-1.822894358452501,1.090951129931832,inf,-inf,1.9553410814443406,0.25253595657388356,0.25253595657388356,0.25253595657388356,784,1.6137109189590664,1.2307389583740769,1.6146879434224197,,,-1.0508703302367424,3.499785705908587,0.6369435031434607,2.9643366814289425,0.47192752811392324,0.0,0.0,3.7205260310382884,3.505746032864182,2.416163519049803,7.0497232082086985
81,1.867028922000269,48.436691614435006,0.4492379315916284,0.0,50.7529584680269,48.436691614435006,nan,0.03748855517765915,0.41174937641396936,1.920822918985497,51.787762550961546,0.4545347383281872,0.0,54.16312020827523,51.787762550961546,nan,0.0,26.93508030340524,0.0,124.88585642697605,0.0,46.0,0.0,,0.0002497459875785653,,,,,,,3.6241640924129346,,1,2.3781789876885435,7.0497232082086985,inf,-inf,-2.2376762178429224,1.669677172825694,-1.8043442314111162,1.051735060988285,inf,-inf,1.9700391722014627,0.2521428913901903,0.2521428913901903,0.2521428913901903,784,1.6137109189590664,1.2307389583740769,1.6146879434224197,,,-1.0508703302367424,3.499785705908587,0.6369435031434607,2.9643366814289425,0.47192752811392324,0.0,0.0,3.7205260310382884,3.505746032864182,2.416163519049803,7.0497232082086985
82,1.8758702916642245,45.636303744575756,0.441165923306621,0.0,47.953339959546604,45.636303744575756,nan,0.038300781832836625,0.4028651414737842,1.920822918985497,51.787762550961546,0.4545347383281872,0.0,54.16312020827523,51.787762550961546,nan,0.0,25.432872676447815,0.0,119.29886946102306,0.0,46.0,0.0,,0.00024859136471997286,,,,,,,3.6241640924129346,,1,2.3781789876885435,7.0497232082086985,inf,-inf,-2.171718663282287,1.639203820479666,-1.7556711653869213,1.0344617892383392,inf,-inf,1.9845955401147013,0.252174660921591,0.252174660921591,0.252174660921591,784,1.6137109189590664,1.2307389583740769,1.6146879434224197,,,-1.0508703302367424,3.499785705908587,0.6369435031434607,2.9643366814289425,0.47192752811392324,0.0,0.0,3.7205260310382884,3.505746032864182,2.416163519049803,7.0497232082086985
83,1.8716909080127397,43.02487492514903,0.4328892883796917,0.0,45.32945512154146,43.02487492514903,nan,0.03912417026115128,0.3937651181185405,1.920822918985497,51.787762550961546,0.4545347383281872,0.0,54.16312020827523,51.787762550961546,nan,0.0,24.333976828187815,0.0,114.09301124648279,0.0,46.0,0.0,,0.00024742647851356,,,,,,,3.6241640924129346,,1,2.3781789876885435,7.0497232082086985,inf,-inf,-2.1416354278142222,1.5833258095325695,-1.7134766189909294,1.0249107187099273,inf,-inf,1.999377777997682,0.2519972815956048,0.2519972815956048,0.2519972815956048,784,1.6137109189590664,1.2307389583740769,1.6146879434224197,,,-1.0508703302367424,3.499785705908587,0.6369435031434607,2.9643366814289425,0.47192752811392324,0.0,0.0,3.7205260310382884,3.505746032864182,2.416163519049803,7.0497232082086985
84,1.8671702961449632,40.41372502201889,0.4235048310194674,0.0,42.704400149183314,40.41372502201889,nan,0.03995748879194343,0.38354734222752385,1.920822918985497,51.787762550961546,0.4545347383281872,0.0,54.16312020827523,51.787762550961546,nan,0.0,23.272042594008326,0.0,108.88782685253803,0.0,46.0,0.0,,0.00024625145670222645,,,,,,,3.6241640924129346,,1,2.3781789876885435,7.0497232082086985,inf,-inf,-2.1086946709912824,1.5527071470065077,-1.66197790533741,0.9925489379546397,inf,-inf,2.015814277922083,0.25165028549660234,0.25165028549660234,0.25165028549660234,784,1.6137109189590664,1.2307389583740769,1.6146879434224197,,,-1.0508703302367424,3.499785705908587,0.6369435031434607,2.9643366814289425,0.47192752811392324,0.0,0.0,3.7205260310382884,3.505746032864182,2.416163519049803,7.0497232082086985
85,1.8513320850485575,38.07568721124905,0.41531606286970024,0.0,40.3423353591673,38.07568721124905,nan,0.04078859309169049,0.37452746977800977,1.920822918985497,38.51965325684818,0.410978352672136,0.0,40.85145452850582,38.51965325684818,nan,0.0,22.745840480210546,0.0,104.2257276555348,0.0,46.0,0.0,,0.00024506642814035504,,,,,,,3.355597229002978,,1,2.1668845866648727,6.584668795251693,inf,-inf,-2.0452893814788893,1.5318384542335424,-1.6407833555484452,0.9644094721205956,inf,-inf,2.031048182428142,0.25155975548339676,0.25155975548339676,0.25155975548339676,784,1.5316788643040344,1.1962848876626555,1.5842049524248722,,,-1.1074270632620122,3.235743966117439,0.6113760701380567,3.0387722704633684,0.4826981547074706,0.0,0.0,3.4500472088938303,3.245241437412404,2.2019009029680134,6.584668795251693
86,1.8814140299442323,35.8599546222464,0.40759877851875226,0.0,38.148967430709384,35.8599546222464,nan,0.04161789322483092,0.36598088529392114,1.920822918985497,38.51965325684818,0.410978352672136,0.0,40.85145452850582,38.51965325684818,nan,0.0,21.838027304979864,0.0,99.80666314746234,0.0,46.0,0.0,,0.00024387152277968163,,,,,,,3.355597229002978,,1,2.1668845866648727,6.584668795251693,inf,-inf,-2.005960894185718,1.48947311998208,-1.6132495111012002,0.9401952177285435,inf,-inf,2.0443488112449826,0.25114827654264454,0.25114827654264454,0.25114827654264454,784,1.5316788643040344,1.1962848876626555,1.5842049524248722,,,-1.1074270632620122,3.235743966117439,0.6113760701380567,3.0387722704633684,0.4826981547074706,0.0,0.0,3.4500472088938303,3.245241437412404,2.2019009029680134,6.584668795251693
87,1.8656994929541095,33.6955971179237,0.3992135944585016,0.0,35.960510205336305,33.6955971179237,nan,0.04246183450492271,0.3567517599535791,1.920822918985497,38.51965325684818,0.410978352672136,0.0,40.85145452850582,38.51965325684818,nan,0.0,20.396687055660074,0.0,95.48833723594336,0.0,46.0,0.0,,0.0002426668716550444,,,,,,,3.355597229002978,,1,2.1668845866648727,6.584668795251693,inf,-inf,-1.9566446981371668,1.4662709876244302,-1.5572783502739844,0.9306365632300684,inf,-inf,2.0606682735844712,0.2509113557487391,0.2509113557487391,0.2509113557487391,784,1.5316788643040344,1.1962848876626555,1.5842049524248722,,,-1.1074270632620122,3.235743966117439,0.6113760701380567,3.0387722704633684,0.4826981547074706,0.0,0.0,3.4500472088938303,3.245241437412404,2.2019009029680134,6.584668795251693
88,1.8696603543647634,31.626005481356867,0.3931441887492215,0.0,33.88881002447085,31.626005481356867,nan,0.04330731550132704,0.34983687324789436,1.920822918985497,38.51965325684818,0.410978352672136,0.0,40.85145452850582,38.51965325684818,nan,0.0,19.328499607260714,0.0,91.36279014276276,0.0,46.0,0.0,,0.0002414526068700143,,,,,,,3.355597229002978,,1,2.1668845866648727,6.584668795251693,inf,-inf,-1.9241855010915505,1.4408390208116513,-1.5493582749250956,0.9072056230122354,inf,-inf,2.0751835426882748,0.2507206659422996,0.2507206659422996,0.2507206659422996,784,1.5316788643040344,1.1962848876626555,1.5842049524248722,,,-1.1074270632620122,3.235743966117439,0.6113760701380567,3.0387722704633684,0.4826981547074706,0.0,0.0,3.4500472088938303,3.245241437412404,2.2019009029680134,6.584668795251693
89,1.8794726650179003,29.649736042593126,0.3846539909035892,0.0,31.913862698514617,29.649736042593126,nan,0.04415322792235434,0.34050076298123494,1.920822918985497,38.51965325684818,0.410978352672136,0.0,40.85145452850582,38.51965325684818,nan,0.0,18.749116850428514,0.0,87.42683697511416,0.0,46.0,0.0,,0.0002402288615824086,,,,,,,3.355597229002978,,1,2.1668845866648727,6.584668795251693,inf,-inf,-1.880236587889646,1.399645799325031,-1.5115170576762822,0.8830563332308021,inf,-inf,2.0891761050535953,0.2504769119128629,0.2504769119128629,0.2504769119128629,784,1.5316788643040344,1.1962848876626555,1.5842049524248722,,,-1.1074270632620122,3.235743966117439,0.6113760701380567,3.0387722704633684,0.4826981547074706,0.0,0.0,3.4500472088938303,3.245241437412404,2.2019009029680134,6.584668795251693
90,1.8759012600591345,27.83429907563277,0.3800970409074566,0.0,30.090297376599363,27.83429907563277,nan,0.045007457594653244,0.3350895833128033,1.920822918985497,28.28350858652849,0.37648927736352444,0.0,30.580820782877513,28.28350858652849,nan,0.0,18.047608980953985,0.0,83.80428038071169,0.0,46.0,0.0,,0.00023899576998968842,,,,,,,3.113116211255572,,1,1.9804788980723078,6.147551278985228,inf,-inf,-1.8121030227432973,1.3716967123787465,-1.4785921881865909,0.8689886068302963,inf,-inf,2.102203882837671,0.250417103555241,0.250417103555241,0.250417103555241,784,1.4562816089460306,1.1637094943984216,1.556330955606339,,,-1.162604832081831,2.998341770760156,0.5868315202653145,3.1040731032120186,0.4919319406620974,0.0,0.0,3.205643347655087,3.010428789396263,2.0096387804766387,6.147551278985228
91,1.8631173519646411,26.101031912744034,0.37521833296441126,0.0,28.339367597673085,26.101031912744034,nan,0.045858676090648844,0.32935965687376245,1.920822918985497,28.28350858652849,0.37648927736352444,0.0,30.580820782877513,28.28350858652849,nan,0.0,17.183062684460168,0.0,80.34932086362396,0.0,46.0,0.0,,0.00023775346731424264,,,,,,,3.113116211255572,,1,1.9804788980723078,6.147551278985228,inf,-inf,-1.771124352533384,1.3562239095726345,-1.4426439675434968,0.8400279039767163,inf,-inf,2.117199705385674,0.25044308539787113,0.25044308539787113,0.25044308539787113,784,1.4562816089460306,1.1637094943984216,1.556330955606339,,,-1.162604832081831,2.998341770760156,0.5868315202653145,3.1040731032120186,0.4919319406620974,0.0,0.0,3.205643347655087,3.010428789396263,2.0096387804766387,6.147551278985228
92,1.8621460498588362,24.396236119052293,0.3668255512311841,0.0,26.625207720142313,24.396236119052293,nan,0.04671842604409984,0.32010712518708423,1.920822918985497,28.28350858652849,0.37648927736352444,0.0,30.580820782877513,28.28350858652849,nan,0.0,16.52758970311751,0.0,76.9537094843532,0.0,46.0,0.0,,0.00023650208978855897,,,,,,,3.113116211255572,,1,1.9804788980723078,6.147551278985228,inf,-inf,-1.7411735194920361,1.3278389474296137,-1.4008315840161332,0.8301747969696662,inf,-inf,2.1313289727398548,0.24978242843418796,0.24978242843418796,0.24978242843418796,784,1.4562816089460306,1.1637094943984216,1.556330955606339,,,-1.162604832081831,2.998341770760156,0.5868315202653145,3.1040731032120186,0.4919319406620974,0.0,0.0,3.205643347655087,3.010428789396263,2.0096387804766387,6.147551278985228
93,1.8637475046890533,22.81971816817957,0.3626838042275862,0.0,25.046149477096208,22.81971816817957,nan,0.047586899081032544,0.3150969051465537,1.920822918985497,28.28350858652849,0.37648927736352444,0.0,30.580820782877513,28.28350858652849,nan,0.0,15.765197344846401,0.0,73.80707388703821,0.0,46.0,0.0,,0.00023524177464028488,,,,,,,3.113116211255572,,1,1.9804788980723078,6.147551278985228,inf,-inf,-1.721926822660554,1.2906162433726702,-1.3916518427994593,0.8088940900896584,inf,-inf,2.143048337123233,0.24994309716997773,0.24994309716997773,0.24994309716997773,784,1.4562816089460306,1.1637094943984216,1.556330955606339,,,-1.162604832081831,2.998341770760156,0.5868315202653145,3.1040731032120186,0.4919319406620974,0.0,0.0,3.205643347655087,3.010428789396263,2.0096387804766387,6.147551278985228
94,1.8696608627647868,21.275493266211654,0.35634584962224813,0.0,23.501499978598687,21.275493266211654,nan,0.048447134044941574,0.30789871557730664,1.920822918985497,28.28350858652849,0.37648927736352444,0.0,30.580820782877513,28.28350858652849,nan,0.0,15.210213622867444,0.0,70.73169848533631,0.0,46.0,0.0,,0.0002339726600771789,,,,,,,3.113116211255572,,1,1.9804788980723078,6.147551278985228,inf,-inf,-1.6629107673473487,1.2764044366258807,-1.342646142933927,0.7972182875637266,inf,-inf,2.1562297103199723,0.24965309145232126,0.24965309145232126,0.24965309145232126,784,1.4562816089460306,1.1637094943984216,1.556330955606339,,,-1.162604832081831,2.998341770760156,0.5868315202653145,3.1040731032120186,0.4919319406620974,0.0,0.0,3.205643347655087,3.010428789396263,2.0096387804766387,6.147551278985228
95,1.866814288333688,19.867137008985914,0.35236801026902215,0.0,22.086319307588624,19.867137008985914,nan,0.04931856567267173,0.3030494445963504,1.920822918985497,20.27420276477622,0.3493818324696818,0.0,22.5444075162314,20.27420276477622,nan,0.0,14.635685237192389,0.0,67.92373885889563,0.0,46.0,0.0,,0.0002326948852719545,,,,,,,2.8939110024270036,,1,1.8146421561473745,5.748894957114439,inf,-inf,-1.6483225075637151,1.2426159554007983,-1.327051455561494,0.7748067511470506,inf,-inf,2.169943443244928,0.24952418851939115,0.24952418851939115,0.24952418851939115,784,1.3865628628405258,1.132783202832611,1.5280452398916549,,,-1.2163513210244394,2.7839496910816406,0.5633269958816586,3.1680598500586954,0.500793377559094,0.0,0.0,2.984608927963426,2.7953683877020516,1.8416056541320915,5.748894957114439
96,1.8640833398647243,18.483231929045363,0.34728433869866204,0.0,20.694599607608748,18.483231929045363,nan,0.05018997356595091,0.29709436513271115,1.920822918985497,20.27420276477622,0.3493818324696818,0.0,22.5444075162314,20.27420276477622,nan,0.0,13.958841259667377,0.0,65.16541137797341,0.0,46.0,0.0,,0.00023140859034701826,,,,,,,2.8939110024270036,,1,1.8146421561473745,5.748894957114439,inf,-inf,-1.6006549724771084,1.2247045861333532,-1.2866060031468987,0.7648699484430699,inf,-inf,2.1820525024260014,0.24916646186895972,0.24916646186895972,0.24916646186895972,784,1.3865628628405258,1.132783202832611,1.5280452398916549,,,-1.2163513210244394,2.7839496910816406,0.5633269958816586,3.1680598500586954,0.500793377559094,0.0,0.0,2.984608927963426,2.7953683877020516,1.8416056541320915,5.748894957114439
97,1.8621555184478928,17.180402590868876,0.3431696637176172,0.0,19.385727773034386,17.180402590868876,nan,0.05106821504608279,0.29210144867153437,1.920822918985497,20.27420276477622,0.3493818324696818,0.0,22.5444075162314,20.27420276477622,nan,0.0,12.964877257253558,0.0,62.570604606699945,0.0,46.0,0.0,,0.00023011391635910388,,,,,,,2.8939110024270036,,1,1.8146421561473745,5.748894957114439,inf,-inf,-1.5827448528809205,1.1998905210423123,-1.2776695206679647,0.7425469355169881,inf,-inf,2.1953813601730583,0.24918852037239075,0.24918852037239075,0.24918852037239075,784,1.3865628628405258,1.132783202832611,1.5280452398916549,,,-1.2163513210244394,2.7839496910816406,0.5633269958816586,3.1680598500586954,0.500793377559094,0.0,0.0,2.984608927963426,2.7953683877020516,1.8416056541320915,5.748894957114439
98,1.873937065203867,15.918770279961885,0.3383413709728098,0.0,18.13104871613856,15.918770279961885,nan,0.051943899306270136,0.28639747166653956,1.920822918985497,20.27420276477622,0.3493818324696818,0.0,22.5444075162314,20.27420276477622,nan,0.0,12.667245542844542,0.0,60.058109842842576,0.0,46.0,0.0,,0.00022881100528380385,,,,,,,2.8939110024270036,,1,1.8146421561473745,5.748894957114439,inf,-inf,-1.5267185408383277,1.1752695991619129,-1.252095750134886,0.7306349135180052,inf,-inf,2.2085558286928837,0.24895483090476722,0.24895483090476722,0.24895483090476722,784,1.3865628628405258,1.132783202832611,1.5280452398916549,,,-1.2163513210244394,2.7839496910816406,0.5633269958816586,3.1680598500586954,0.500793377559094,0.0,0.0,2.984608927963426,2.7953683877020516,1.8416056541320915,5.748894957114439
99,1.8600853504083892,14.732333905549623,0.3342058351194854,0.0,16.926625091077497,14.732333905549623,nan,0.052827624394640345,0.28137821072484487,1.920822918985497,20.27420276477622,0.3493818324696818,0.0,22.5444075162314,20.27420276477622,nan,0.0,12.31199044745929,0.0,57.69146556297606,0.0,46.0,0.0,,0.0002275,,,,,,,2.8939110024270036,,1,1.8146421561473745,5.748894957114439,inf,-inf,-1.505131002519465,1.149726255169787,-1.2315730032833587,0.7204121146244066,inf,-inf,2.220955870806837,0.24878630792601328,0.24878630792601328,0.24878630792601328,784,1.3865628628405258,1.132783202832611,1.5280452398916549,,,-1.2163513210244394,2.7839496910816406,0.5633269958816586,3.1680598500586954,0.500793377559094,0.0,0.0,2.984608927963426,2.7953683877020516,1.8416056541320915,5.748894957114439
100,1.8785039613769585,13.60505331724382,0.3301591084480714,0.0,15.813716387068851,13.60505331724382,nan,0.05370958837979097,0.27644952006828044,1.920822918985497,13.982205930842195,0.32844469605705806,0.0,16.23147354588475,13.982205930842195,nan,0.0,11.875771279826683,0.0,55.445294706026345,0.0,46.0,0.0,,0.00022618104427419542,,,,,,,2.6950906788844424,,1,1.6654092979919894,5.383727005928324,inf,-inf,-1.4683860496038856,1.1258264141278689,-1.2019446183860538,0.6932252737709367,inf,-inf,2.2320151586161607,0.24873253839408713,0.24873253839408713,0.24873253839408713,784,1.3213270880456647,1.1031085821302005,1.50098782215924,,,-1.2686181092743147,2.589730785815144,0.5409061284809236,3.232675002126846,0.5095620448906412,0.0,0.0,2.783944601709018,2.6038030693084204,1.6858193930754457,5.383727005928324
101,1.8609889313913177,12.534136229764707,0.32777772041058784,0.0,14.722902881566611,12.534136229764707,nan,0.054596964437287974,0.27318075597329977,1.920822918985497,13.982205930842195,0.32844469605705806,0.0,16.23147354588475,13.982205930842195,nan,0.0,11.318514296683398,0.0,53.31344322182326,0.0,46.0,0.0,,0.0002248542827447487,,,,,,,2.6950906788844424,,1,1.6654092979919894,5.383727005928324,inf,-inf,-1.4443602485277183,1.1134593572538505,-1.1660206087528324,0.6891349663924609,inf,-inf,2.246198304403753,0.24873166548426698,0.24873166548426698,0.24873166548426698,784,1.3213270880456647,1.1031085821302005,1.50098782215924,,,-1.2686181092743147,2.589730785815144,0.5409061284809236,3.232675002126846,0.5095620448906412,0.0,0.0,2.783944601709018,2.6038030693084204,1.6858193930754457,5.383727005928324
102,1.8648143137909472,11.488172866197734,0.3230453350229591,0.0,13.676032515011642,11.488172866197734,nan,0.05547686619594089,0.26756846882701824,1.920822918985497,13.982205930842195,0.32844469605705806,0.0,16.23147354588475,13.982205930842195,nan,0.0,10.761445016562062,0.0,51.22968198325867,0.0,46.0,0.0,,0.00022351986090601283,,,,,,,2.6950906788844424,,1,1.6654092979919894,5.383727005928324,inf,-inf,-1.405761498528549,1.0911783566972613,-1.155948581280396,0.6667851331212589,inf,-inf,2.258252115489055,0.24835530575167702,0.24835530575167702,0.24835530575167702,784,1.3213270880456647,1.1031085821302005,1.50098782215924,,,-1.2686181092743147,2.589730785815144,0.5409061284809236,3.232675002126846,0.5095620448906412,0.0,0.0,2.783944601709018,2.6038030693084204,1.6858193930754457,5.383727005928324
103,1.8756114173773923,10.50005570906749,0.3191758493824321,0.0,12.694842975827315,10.50005570906749,nan,0.05636963121930748,0.2628062181631245,1.920822918985497,13.982205930842195,0.32844469605705806,0.0,16.23147354588475,13.982205930842195,nan,0.0,10.409907447369024,0.0,49.26089096656071,0.0,46.0,0.0,,0.00022217792509237998,,,,,,,2.6950906788844424,,1,1.6654092979919894,5.383727005928324,inf,-inf,-1.3918293283928567,1.0663206987508609,-1.128696662953435,0.6627144168650652,inf,-inf,2.2683698308689744,0.24813495579855283,0.24813495579855283,0.24813495579855283,784,1.3213270880456647,1.1031085821302005,1.50098782215924,,,-1.2686181092743147,2.589730785815144,0.5409061284809236,3.232675002126846,0.5095620448906412,0.0,0.0,2.783944601709018,2.6038030693084204,1.6858193930754457,5.383727005928324
104,1.8738674362219554,9.565652970922857,0.31721026283003323,0.0,11.756730669974845,9.565652970922857,nan,0.05725511753641557,0.25995514529361774,1.920822918985497,13.982205930842195,0.32844469605705806,0.0,16.23147354588475,13.982205930842195,nan,0.0,9.935002321738493,0.0,47.397530905864066,0.0,46.0,0.0,,0.0002208286224622343,,,,,,,2.6950906788844424,,1,1.6654092979919894,5.383727005928324,inf,-inf,-1.361675826474444,1.0387658895722622,-1.1028917029296628,0.6432853469521944,inf,-inf,2.279301808436519,0.24824005218358855,0.24824005218358855,0.24824005218358855,784,1.3213270880456647,1.1031085821302005,1.50098782215924,,,-1.2686181092743147,2.589730785815144,0.5409061284809236,3.232675002126846,0.5095620448906412,0.0,0.0,2.783944601709018,2.6038030693084204,1.6858193930754457,5.383727005928324
105,1.8712293866535075,8.661272167893177,0.3136761305201703,0.0,10.846177685066854,8.661272167893177,nan,0.058154031578132794,0.2555220989420375,1.920822918985497,9.020361794319463,0.31121881561499265,0.0,11.252403528919952,9.020361794319463,nan,0.0,9.590932486983485,0.0,45.60091338537645,0.0,46.0,0.0,,0.00021947210098181448,,,,,,,2.5152809123527042,,1,1.53414521202235,5.047792041709678,inf,-inf,-1.3211243301128386,1.0302695657894894,-1.0919227497076158,0.6361105952960302,inf,-inf,2.290381921038061,0.24788531095705849,0.24788531095705849,0.24788531095705849,784,1.2613356102880915,1.0751047631383561,1.4756576735534586,,,-1.3193607920826547,2.413792650473142,0.5198374257169066,3.290296122005001,0.517234985599054,0.0,0.0,2.6023827275639895,2.4281698963231353,1.5468280774354786,5.047792041709678
106,1.8746655095282032,7.810761651168836,0.3106902331995909,0.0,9.996117393896629,7.810761651168836,nan,0.05904680292366906,0.25164343027592173,1.920822918985497,9.020361794319463,0.31121881561499265,0.0,11.252403528919952,9.020361794319463,nan,0.0,9.194491942985875,0.0,43.905872865811546,0.0,46.0,0.0,,0.0002181085094089875,,,,,,,2.5152809123527042,,1,1.53414521202235,5.047792041709678,inf,-inf,-1.309371291927754,0.9996319821833506,-1.065662803996686,0.6156380088427195,inf,-inf,2.301357510103047,0.24774773286781962,0.24774773286781962,0.24774773286781962,784,1.2613356102880915,1.0751047631383561,1.4756576735534586,,,-1.3193607920826547,2.413792650473142,0.5198374257169066,3.290296122005001,0.517234985599054,0.0,0.0,2.6023827275639895,2.4281698963231353,1.5468280774354786,5.047792041709678
107,1.8681064222417778,6.984108073539908,0.30742671592721316,0.0,9.1596412117089,6.984108073539908,nan,0.059945876954422474,0.24748083897279075,1.920822918985497,9.020361794319463,0.31121881561499265,0.0,11.252403528919952,9.020361794319463,nan,0.0,8.770779127635135,0.0,42.25879070529914,0.0,46.0,0.0,,0.0002167379972769355,,,,,,,2.5152809123527042,,1,1.53414521202235,5.047792041709678,inf,-inf,-1.278756068048385,0.9914580249129368,-1.0436559364285647,0.6086811040828781,inf,-inf,2.3137509307254955,0.247690774966147,0.247690774966147,0.247690774966147,784,1.2613356102880915,1.0751047631383561,1.4756576735534586,,,-1.3193607920826547,2.413792650473142,0.5198374257169066,3.290296122005001,0.517234985599054,0.0,0.0,2.6023827275639895,2.4281698963231353,1.5468280774354786,5.047792041709678
108,1.8636199390424897,6.199391938781273,0.305283578338617,0.0,8.368295456162379,6.199391938781273,nan,0.060843261760301345,0.24444031657831575,1.920822918985497,9.020361794319463,0.31121881561499265,0.0,11.252403528919952,9.020361794319463,nan,0.0,8.759624256283692,0.0,40.69634967482055,0.0,46.0,0.0,,0.00021536071487775814,,,,,,,2.5152809123527042,,1,1.53414521202235,5.047792041709678,inf,-inf,-1.2653190956046059,0.9722610898375891,-1.0196840439683372,0.5923474650657972,inf,-inf,2.32314749653385,0.2476958623642899,0.2476958623642899,0.2476958623642899,784,1.2613356102880915,1.0751047631383561,1.4756576735534586,,,-1.3193607920826547,2.413792650473142,0.5198374257169066,3.290296122005001,0.517234985599054,0.0,0.0,2.6023827275639895,2.4281698963231353,1.5468280774354786,5.047792041709678
109,1.8792087059907927,5.459037636224153,0.30288130544698894,0.0,7.641127647661935,5.459037636224153,nan,0.06174027770389023,0.2411410277430987,1.920822918985497,9.020361794319463,0.31121881561499265,0.0,11.252403528919952,9.020361794319463,nan,0.0,8.213967459939338,0.0,39.22271901986727,0.0,46.0,0.0,,0.00021397681324599097,,,,,,,2.5152809123527042,,1,1.53414521202235,5.047792041709678,inf,-inf,-1.2390699459569021,0.951723601903896,-1.0118832092030734,0.5884178660570336,inf,-inf,2.333649786111194,0.2473811610693445,0.2473811610693445,0.2473811610693445,784,1.2613356102880915,1.0751047631383561,1.4756576735534586,,,-1.3193607920826547,2.413792650473142,0.5198374257169066,3.290296122005001,0.517234985599054,0.0,0.0,2.6023827275639895,2.4281698963231353,1.5468280774354786,5.047792041709678
110,1.8725349201014652,4.731485436685787,0.3004589879252729,0.0,6.9044793447125254,4.731485436685787,nan,0.06263467208088298,0.23782431584438998,1.920822918985497,5.064682113669969,0.298390657804564,0.0,7.28389569046003,5.064682113669969,nan,0.0,8.099788908464314,0.0,37.77486230043201,0.0,46.0,0.0,,0.00021258644414204314,,,,,,,2.352627580001928,,1,1.416823649815771,4.7428141240944,inf,-inf,-1.2154141273965908,0.9302970836492899,-0.9910090376817284,0.5718029788396464,inf,-inf,2.3447448036896255,0.2473332156051582,0.2473332156051582,0.2473332156051582,784,1.2058058452011429,1.0486044031418555,1.450783087735767,,,-1.3685390913237567,2.253895031694827,0.4998933747407469,3.3474978517694183,0.5247203069790468,0.0,0.0,2.437937425368931,2.2697178182882283,1.4235167064903644,4.7428141240944
111,1.8702964994914675,4.067587063440542,0.29767924843397847,0.0,6.2355628113659884,4.067587063440542,nan,0.06353254401315223,0.23414670442082625,1.920822918985497,5.064682113669969,0.298390657804564,0.0,7.28389569046003,5.064682113669969,nan,0.0,7.779703414629886,0.0,36.45137405447805,0.0,46.0,0.0,,0.0002111897600355549,,,,,,,2.352627580001928,,1,1.416823649815771,4.7428141240944,inf,-inf,-1.1786073397230328,0.9239973137413643,-0.9673341893498186,0.5662550161123888,inf,-inf,2.3522377558658896,0.24708112427499124,0.24708112427499124,0.24708112427499124,784,1.2058058452011429,1.0486044031418555,1.450783087735767,,,-1.3685390913237567,2.253895031694827,0.4998933747407469,3.3474978517694183,0.5247203069790468,0.0,0.0,2.437937425368931,2.2697178182882283,1.4235167064903644,4.7428141240944
112,1.8720721297233127,3.4196942469792253,0.29592767674839754,0.0,5.587694053450936,3.4196942469792253,nan,0.06442419447613665,0.23150348227226097,1.920822918985497,5.064682113669969,0.298390657804564,0.0,7.28389569046003,5.064682113669969,nan,0.0,7.397627306190631,0.0,35.16094844777543,0.0,46.0,0.0,,0.00020978691408867772,,,,,,,2.352627580001928,,1,1.416823649815771,4.7428141240944,inf,-inf,-1.1597181193719555,0.9060116097989135,-0.9490773574244289,0.5499207380828831,inf,-inf,2.362293970109515,0.2469591596930695,0.2469591596930695,0.2469591596930695,784,1.2058058452011429,1.0486044031418555,1.450783087735767,,,-1.3685390913237567,2.253895031694827,0.4998933747407469,3.3474978517694183,0.5247203069790468,0.0,0.0,2.437937425368931,2.2697178182882283,1.4235167064903644,4.7428141240944
113,1.8667737446026844,2.792339658324094,0.2934498467821091,0.0,4.952563249708888,2.792339658324094,nan,0.06532585115236184,0.2281239956297472,1.920822918985497,5.064682113669969,0.298390657804564,0.0,7.28389569046003,5.064682113669969,nan,0.0,7.080996518597747,0.0,33.913396982592296,0.0,46.0,0.0,,0.0002083780601392783,,,,,,,2.352627580001928,,1,1.416823649815771,4.7428141240944,inf,-inf,-1.1483380510673795,0.8825981230059842,-0.9321454502691275,0.5393510900411242,inf,-inf,2.3741969198128654,0.24674088908011202,0.24674088908011202,0.24674088908011202,784,1.2058058452011429,1.0486044031418555,1.450783087735767,,,-1.3685390913237567,2.253895031694827,0.4998933747407469,3.3474978517694183,0.5247203069790468,0.0,0.0,2.437937425368931,2.2697178182882283,1.4235167064903644,4.7428141240944
114,1.872585498733975,2.1833823560598047,0.29213436312889757,0.0,4.348102217922677,2.1833823560598047,nan,0.06622711629494497,0.22590724683395266,1.920822918985497,5.064682113669969,0.298390657804564,0.0,7.28389569046003,5.064682113669969,nan,0.0,6.877110473794245,0.0,32.70255424531986,0.0,46.0,0.0,,0.00020696335268406848,,,,,,,2.352627580001928,,1,1.416823649815771,4.7428141240944,inf,-inf,-1.1254372968593707,0.8785096643102206,-0.9170898193801624,0.5310469210814683,inf,-inf,2.3800316092297233,0.24691117192652923,0.24691117192652923,0.24691117192652923,784,1.2058058452011429,1.0486044031418555,1.450783087735767,,,-1.3685390913237567,2.253895031694827,0.4998933747407469,3.3474978517694183,0.5247203069790468,0.0,0.0,2.437937425368931,2.2697178182882283,1.4235167064903644,4.7428141240944
115,1.8629322026356334,1.620062239329677,0.29034534078699537,0.0,3.7733397827523056,1.620062239329677,nan,0.06711803419890372,0.22322730658809153,1.920822918985497,1.8985069287721008,0.2884503423599449,0.0,4.107780190117543,1.8985069287721008,nan,0.0,6.792919298756406,0.0,31.580032961331693,0.0,46.0,0.0,,0.00020554294686166318,,,,,,,2.2055019389485144,,1,1.3125818573859378,4.459191159182594,inf,-inf,-1.1081301055416093,0.8638033272939958,-0.8964368768469688,0.5232321833337412,inf,-inf,2.3911968162869934,0.24669247429109914,0.24669247429109914,0.24669247429109914,784,1.154817158925593,1.023664147616518,1.4271719774217242,,,-1.4161169551786792,2.1100620485711943,0.4811946734613745,3.3972670992598215,0.5311296932269569,0.0,0.0,2.2892735048222237,2.1265141257841473,1.313870538480233,4.459191159182594
116,1.8732926618129635,1.084314682561227,0.2885140291412123,0.0,3.246121373515403,1.084314682561227,nan,0.06801387127330315,0.22050015786790914,1.920822918985497,1.8985069287721008,0.2884503423599449,0.0,4.107780190117543,1.8985069287721008,nan,0.0,6.436343599060621,0.0,30.514424564960756,0.0,46.0,0.0,,0.00020411699843556725,,,,,,,2.2055019389485144,,1,1.3125818573859378,4.459191159182594,inf,-inf,-1.0952209600948621,0.8503635283844592,-0.8871854137410404,0.5161738447775329,inf,-inf,2.398275814632588,0.24653332259225888,0.24653332259225888,0.24653332259225888,784,1.154817158925593,1.023664147616518,1.4271719774217242,,,-1.4161169551786792,2.1100620485711943,0.4811946734613745,3.3972670992598215,0.5311296932269569,0.0,0.0,2.2892735048222237,2.1265141257841473,1.313870538480233,4.459191159182594
117,1.856622873269987,0.546067246842261,0.28638470496998614,0.0,2.6890748250822343,0.546067246842261,nan,0.06890636823401929,0.21747833673596695,1.920822918985497,1.8985069287721008,0.2884503423599449,0.0,4.107780190117543,1.8985069287721008,nan,0.0,6.157874259525414,0.0,29.445856634119814,0.0,46.0,0.0,,0.00020268566377709454,,,,,,,2.2055019389485144,,1,1.3125818573859378,4.459191159182594,inf,-inf,-1.0636176371900214,0.8301616485050861,-0.8700008927900031,0.5034430151571812,inf,-inf,2.40964913335284,0.24629665326751043,0.24629665326751043,0.24629665326751043,784,1.154817158925593,1.023664147616518,1.4271719774217242,,,-1.4161169551786792,2.1100620485711943,0.4811946734613745,3.3972670992598215,0.5311296932269569,0.0,0.0,2.2892735048222237,2.1265141257841473,1.313870538480233,4.459191159182594
118,1.8694404323762601,0.05362882451204963,0.2844655058744614,0.0,2.207534762762771,0.05362882451204963,nan,0.06980280714439266,0.21466269873006877,1.920822918985497,1.8985069287721008,0.2884503423599449,0.0,4.107780190117543,1.8985069287721008,nan,0.0,5.965309877691377,0.0,28.463519900775992,0.0,46.0,0.0,,0.00020124909984822013,,,,,,,2.2055019389485144,,1,1.3125818573859378,4.459191159182594,inf,-inf,-1.0539431022114412,0.8146331877271775,-0.8482834904574048,0.497664805897089,inf,-inf,2.417792399591924,0.24607880630129475,0.24607880630129475,0.24607880630129475,784,1.154817158925593,1.023664147616518,1.4271719774217242,,,-1.4161169551786792,2.1100620485711943,0.4811946734613745,3.3972670992598215,0.5311296932269569,0.0,0.0,2.2892735048222237,2.1265141257841473,1.313870538480233,4.459191159182594
119,1.8678347375917843,-0.4398247278963226,0.2838301082136781,0.0,1.7118401179091398,-0.4398247278963226,nan,0.07070050526754501,0.21312960294613298,1.920822918985497,1.8985069287721008,0.2884503423599449,0.0,4.107780190117543,1.8985069287721008,nan,0.0,5.8612271416921615,0.0,27.484690179035407,0.0,46.0,0.0,,0.00019980746418436736,,,,,,,2.2055019389485144,,1,1.3125818573859378,4.459191159182594,inf,-inf,-1.0353254380404338,0.8050955212960497,-0.8285746140680742,0.48979662720243505,inf,-inf,2.424616006723941,0.2462293563754901,0.2462293563754901,0.2462293563754901,784,1.154817158925593,1.023664147616518,1.4271719774217242,,,-1.4161169551786792,2.1100620485711943,0.4811946734613745,3.3972670992598215,0.5311296932269569,0.0,0.0,2.2892735048222237,2.1265141257841473,1.313870538480233,4.459191159182594
120,1.86207075561226,-0.8836966745639374,0.2818252915074399,0.0,1.2601993725557625,-0.8836966745639374,nan,0.07158827996864783,0.2102370115387921,1.920822918985497,-0.6229600417407337,0.28048036203902516,0.0,1.5783432392837886,-0.6229600417407337,nan,0.0,5.621473480872239,0.0,26.59878801334364,0.0,46.0,0.0,,0.00019836091487713254,,,,,,,2.0726005601149575,,1,1.215632161066163,4.203771451169765,inf,-inf,-1.0064876976524921,0.7892183382786148,-0.8257676587841293,0.4772766629540403,inf,-inf,2.433466989411025,0.24594424805062948,0.24594424805062948,0.24594424805062948,784,1.1082797531679647,1.0004071561366816,1.4050767381098899,,,-1.4620626467554436,1.979583997401854,0.463566344966496,3.4580949614584666,0.5388369151007566,0.0,0.0,2.154906466881905,1.9979410561550626,1.215632161066163,4.203771451169765
121,1.8691517431443387,-1.326301049631794,0.28106989442098135,0.0,0.8239205879335261,-1.326301049631794,nan,0.07247795162220286,0.2085919427987785,1.920822918985497,-0.6229600417407337,0.28048036203902516,0.0,1.5783432392837886,-0.6229600417407337,nan,0.0,5.389144889098747,0.0,25.718201868923494,0.0,46.0,0.0,,0.00019690961055694836,,,,,,,2.0726005601149575,,1,1.215632161066163,4.203771451169765,inf,-inf,-0.9920496034184335,0.7789259172381582,-0.8023563930133215,0.46913845969714396,inf,-inf,2.4402134717199773,0.2458431198453069,0.2458431198453069,0.2458431198453069,784,1.1082797531679647,1.0004071561366816,1.4050767381098899,,,-1.4620626467554436,1.979583997401854,0.463566344966496,3.4580949614584666,0.5388369151007566,0.0,0.0,2.154906466881905,1.9979410561550626,1.215632161066163,4.203771451169765
122,1.8647507177728901,-1.7348736106337088,0.27941385964516585,0.0,0.4092909667843472,-1.7348736106337088,nan,0.07335972145760238,0.2060541381875635,1.920822918985497,-0.6229600417407337,0.28048036203902516,0.0,1.5783432392837886,-0.6229600417407337,nan,0.0,5.217640700028292,0.0,24.905578574794376,0.0,46.0,0.0,,0.00019545371037568823,,,,,,,2.0726005601149575,,1,1.215632161066163,4.203771451169765,inf,-inf,-0.9730107801364004,0.7652085748157952,-0.7937725339409035,0.462494199224085,inf,-inf,2.4477108161075014,0.2456931263309702,0.2456931263309702,0.2456931263309702,784,1.1082797531679647,1.0004071561366816,1.4050767381098899,,,-1.4620626467554436,1.979583997401854,0.463566344966496,3.4580949614584666,0.5388369151007566,0.0,0.0,2.154906466881905,1.9979410561550626,1.215632161066163,4.203771451169765
123,1.8602550023059359,-2.144850378090347,0.2784720391933602,0.0,-0.006123336591050854,-2.144850378090347,nan,0.07424682132769117,0.20422521786566902,1.920822918985497,-0.6229600417407337,0.28048036203902516,0.0,1.5783432392837886,-0.6229600417407337,nan,0.0,5.050283399687033,0.0,24.089980295406047,0.0,46.0,0.0,,0.00019399337398921348,,,,,,,2.0726005601149575,,1,1.215632161066163,4.203771451169765,inf,-inf,-0.9681953871251578,0.7522217149673043,-0.7767063703082574,0.454098255308165,inf,-inf,2.4552587397372916,0.24560083091173118,0.24560083091173118,0.24560083091173118,784,1.1082797531679647,1.0004071561366816,1.4050767381098899,,,-1.4620626467554436,1.979583997401854,0.463566344966496,3.4580949614584666,0.5388369151007566,0.0,0.0,2.154906466881905,1.9979410561550626,1.215632161066163,4.203771451169765
124,1.8699742135802595,-2.518368602263873,0.276675506902975,0.0,-0.37171888178063867,-2.518368602263873,nan,0.07512527249825028,0.20155023440472472,1.920822918985497,-0.6229600417407337,0.28048036203902516,0.0,1.5783432392837886,-0.6229600417407337,nan,0.0,4.860483238370397,0.0,23.346830635511388,0.0,46.0,0.0,,0.0001925287615398655,,,,,,,2.0726005601149575,,1,1.215632161066163,4.203771451169765,inf,-inf,-0.9452886651734834,0.740625321993134,-0.7653637851241685,0.4466110138254325,inf,-inf,2.462988386688117,0.24539260689817793,0.24539260689817793,0.24539260689817793,784,1.1082797531679647,1.0004071561366816,1.4050767381098899,,,-1.4620626467554436,1.979583997401854,0.463566344966496,3.4580949614584666,0.5388369151007566,0.0,0.0,2.154906466881905,1.9979410561550626,1.215632161066163,4.203771451169765
125,1.8609242568393183,-2.882976690406852,0.275870074985613,0.0,-0.7461823585819206,-2.882976690406852,nan,0.07598878047135639,0.19988129451425654,1.920822918985497,-2.6387826351407995,0.2743585157112561,0.0,-0.44360120044404633,-2.6387826351407995,nan,0.0,4.733408244505045,0.0,22.622359276758274,0.0,46.0,0.0,,0.0001910600336389039,,,,,,,1.9532913434367822,,1,1.1286624152699358,3.9722416744623805,inf,-inf,-0.9326197362701828,0.732151236679522,-0.7528806657075979,0.44023964701829527,inf,-inf,2.469126520316017,0.24520929337264055,0.24520929337264055,0.24520929337264055,784,1.0668603823873872,0.9792757148366603,1.3847980263996154,,,-1.506348821524087,1.863320056078783,0.44699232602717137,3.5194240728857458,0.5464716002872598,0.0,0.0,2.0341261008364464,1.881658563678882,1.1286624152699358,3.9722416744623805
126,1.8761855353463601,-3.232859070969772,0.27456370184174056,0.0,-1.0821098337816715,-3.232859070969772,nan,0.07685682254246826,0.19770687929927236,1.920822918985497,-2.6387826351407995,0.2743585157112561,0.0,-0.44360120044404633,-2.6387826351407995,nan,0.0,4.638413465536083,0.0,21.926730560072627,0.0,46.0,0.0,,0.0001895873513488942,,,,,,,1.9532913434367822,,1,1.1286624152699358,3.9722416744623805,inf,-inf,-0.9235749516632458,0.7150248874149837,-0.7413443520694497,0.4357749476428569,inf,-inf,2.47541417856137,0.24501198350215755,0.24501198350215755,0.24501198350215755,784,1.0668603823873872,0.9792757148366603,1.3847980263996154,,,-1.506348821524087,1.863320056078783,0.44699232602717137,3.5194240728857458,0.5464716002872598,0.0,0.0,2.0341261008364464,1.881658563678882,1.1286624152699358,3.9722416744623805
127,1.8689758637401628,-3.556134920377983,0.2739779919833564,0.0,-1.4131810646544638,-3.556134920377983,nan,0.07772187922143575,0.1962561127619207,1.920822918985497,-2.6387826351407995,0.2743585157112561,0.0,-0.44360120044404633,-2.6387826351407995,nan,0.0,4.491147531564047,0.0,21.283452748158258,0.0,46.0,0.0,,0.00018811087616604506,,,,,,,1.9532913434367822,,1,1.1286624152699358,3.9722416744623805,inf,-inf,-0.9021620772278922,0.7119284079048139,-0.7283134861436115,0.4247007039673403,inf,-inf,2.4791203679541223,0.24498249112817616,0.24498249112817616,0.24498249112817616,784,1.0668603823873872,0.9792757148366603,1.3847980263996154,,,-1.506348821524087,1.863320056078783,0.44699232602717137,3.5194240728857458,0.5464716002872598,0.0,0.0,2.0341261008364464,1.881658563678882,1.1286624152699358,3.9722416744623805
128,1.8637287727325555,-3.8776536361894953,0.27299329335040634,0.0,-1.7409315701065338,-3.8776536361894953,nan,0.07856917825505043,0.19442411509535587,1.920822918985497,-2.6387826351407995,0.2743585157112561,0.0,-0.44360120044404633,-2.6387826351407995,nan,0.0,4.30096300491436,0.0,20.645863741964266,0.0,46.0,0.0,,0.00018663077000249866,,,,,,,1.9532913434367822,,1,1.1286624152699358,3.9722416744623805,inf,-inf,-0.8929066642138634,0.6953547879780543,-0.7181593521016332,0.41824366348906056,inf,-inf,2.4862281541825286,0.2447275320413659,0.2447275320413659,0.2447275320413659,784,1.0668603823873872,0.9792757148366603,1.3847980263996154,,,-1.506348821524087,1.863320056078783,0.44699232602717137,3.5194240728857458,0.5464716002872598,0.0,0.0,2.0341261008364464,1.881658563678882,1.1286624152699358,3.9722416744623805
129,1.8747070752833621,-4.177182572929591,0.2720043080420088,0.0,-2.0304711896042202,-4.177182572929591,nan,0.07941722733036706,0.1925870807116418,1.920822918985497,-2.6387826351407995,0.2743585157112561,0.0,-0.44360120044404633,-2.6387826351407995,nan,0.0,4.213376207232241,0.0,20.04921108158012,0.0,46.0,0.0,,0.00018514719516857508,,,,,,,1.9532913434367822,,1,1.1286624152699358,3.9722416744623805,inf,-inf,-0.8738004362713033,0.686646754494848,-0.7097502699235128,0.415131108659559,inf,-inf,2.4916017112492472,0.2445357718088073,0.2445357718088073,0.2445357718088073,784,1.0668603823873872,0.9792757148366603,1.3847980263996154,,,-1.506348821524087,1.863320056078783,0.44699232602717137,3.5194240728857458,0.5464716002872598,0.0,0.0,2.0341261008364464,1.881658563678882,1.1286624152699358,3.9722416744623805
130,1.8704302489469888,-4.462600232962023,0.27182515672769847,0.0,-2.3203448272873355,-4.462600232962023,nan,0.08025529319665127,0.19156986353104719,1.920822918985497,-4.228116565980723,0.27066651769861827,0.0,-2.0366271292966074,-4.228116565980723,nan,0.0,4.143967174526934,0.0,19.48097183063935,0.0,46.0,0.0,,0.00018366031435497322,,,,,,,1.8474052572726265,,1,1.053716864582285,3.7663970536754676,inf,-inf,-0.8670974710284677,0.6797303132732724,-0.7019482985619169,0.40751862402272626,inf,-inf,2.4951298410822274,0.24453790366099595,0.24453790366099595,0.24453790366099595,784,1.0318151404736586,0.9610656711074124,1.3676711774049224,,,-1.5489525933908226,1.7599619159377047,0.4312663152940923,3.574391926590778,0.5532021705041601,0.0,0.0,1.9267219963053763,1.7795608200360524,1.053716864582285,3.7663970536754676
131,1.8634677078682393,-4.747191664730202,0.27098939775925,0.0,-2.6127345591027127,-4.747191664730202,nan,0.08108748715254725,0.1899019106067026,1.920822918985497,-4.228116565980723,0.27066651769861827,0.0,-2.0366271292966074,-4.228116565980723,nan,0.0,3.991363090958345,0.0,18.917820616896964,0.0,46.0,0.0,,0.00018217029061493007,,,,,,,1.8474052572726265,,1,1.053716864582285,3.7663970536754676,inf,-inf,-0.8505406904649052,0.668809582097261,-0.6845442887425741,0.3999545267435254,inf,-inf,2.50199042757304,0.24438720625249813,0.24438720625249813,0.24438720625249813,784,1.0318151404736586,0.9610656711074124,1.3676711774049224,,,-1.5489525933908226,1.7599619159377047,0.4312663152940923,3.574391926590778,0.5532021705041601,0.0,0.0,1.9267219963053763,1.7795608200360524,1.053716864582285,3.7663970536754676
132,1.875737794051772,-4.998888733445941,0.27035193557427123,0.0,-2.8527990038198983,-4.998888733445941,nan,0.08190616896766471,0.18844576660660659,1.920822918985497,-4.228116565980723,0.27066651769861827,0.0,-2.0366271292966074,-4.228116565980723,nan,0.0,3.8459741663482783,0.0,18.415132159439466,0.0,46.0,0.0,,0.00018067728734633956,,,,,,,1.8474052572726265,,1,1.053716864582285,3.7663970536754676,inf,-inf,-0.8395701368331335,0.658637506598062,-0.6758355028008212,0.39527941907345315,inf,-inf,2.5061919343876236,0.2442698068459099,0.2442698068459099,0.2442698068459099,784,1.0318151404736586,0.9610656711074124,1.3676711774049224,,,-1.5489525933908226,1.7599619159377047,0.4312663152940923,3.574391926590778,0.5532021705041601,0.0,0.0,1.9267219963053763,1.7795608200360524,1.053716864582285,3.7663970536754676
133,1.864431658917873,-5.259752828794234,0.2696018996943819,0.0,-3.125719270181979,-5.259752828794234,nan,0.08272691870522961,0.18687498098915228,1.920822918985497,-4.228116565980723,0.27066651769861827,0.0,-2.0366271292966074,-4.228116565980723,nan,0.0,3.7098315692282995,0.0,17.896797813217823,0.0,46.0,0.0,,0.0001791814682738348,,,,,,,1.8474052572726265,,1,1.053716864582285,3.7663970536754676,inf,-inf,-0.8268319643029367,0.6521505104603328,-0.6642989815337044,0.3922027865843219,inf,-inf,2.5106761922011156,0.2441489217268994,0.2441489217268994,0.2441489217268994,784,1.0318151404736586,0.9610656711074124,1.3676711774049224,,,-1.5489525933908226,1.7599619159377047,0.4312663152940923,3.574391926590778,0.5532021705041601,0.0,0.0,1.9267219963053763,1.7795608200360524,1.053716864582285,3.7663970536754676
134,1.8639624415961464,-5.484623731163748,0.2692601058396474,0.0,-3.3514011837279547,-5.484623731163748,nan,0.0835395192084733,0.18572058663117413,1.920822918985497,-4.228116565980723,0.27066651769861827,0.0,-2.0366271292966074,-4.228116565980723,nan,0.0,3.65345417478799,0.0,17.448650909502437,0.0,46.0,0.0,,0.00017768299743083345,,,,,,,1.8474052572726265,,1,1.053716864582285,3.7663970536754676,inf,-inf,-0.8120561982852915,0.6436203584249647,-0.6573413061077527,0.38749185567094796,inf,-inf,2.5159887248631208,0.24401257533824297,0.24401257533824297,0.24401257533824297,784,1.0318151404736586,0.9610656711074124,1.3676711774049224,,,-1.5489525933908226,1.7599619159377047,0.4312663152940923,3.574391926590778,0.5532021705041601,0.0,0.0,1.9267219963053763,1.7795608200360524,1.053716864582285,3.7663970536754676
135,1.8768024874259215,-5.715042844670114,0.2686378727658445,0.0,-3.569602484478348,-5.715042844670114,nan,0.08434480437962565,0.18429306838621884,1.920822918985497,-5.492951084010977,0.26748200726402016,0.0,-3.3046461577614603,-5.492951084010977,nan,0.0,3.544682441123009,0.0,16.991025779539285,0.0,46.0,0.0,,0.00017618203914154966,,,,,,,1.7533215615878726,,1,0.989093543045277,3.5840116283902175,inf,-inf,-0.8059357267317304,0.632375263995874,-0.6508160324936857,0.3792406717641104,inf,-inf,2.520939654500199,0.24383920957867322,0.24383920957867322,0.24383920957867322,784,1.00240312775866,0.9455552033009399,1.3520470457993152,,,-1.5898555893094262,1.6688819636735936,0.41638207522360665,3.62353151892546,0.559132043337716,0.0,0.0,1.8310859688960766,1.688736435157801,0.989093543045277,3.5840116283902175
136,1.8750664343559658,-5.93437939227626,0.26800410672185426,0.0,-3.79130885119844,-5.93437939227626,nan,0.08514882059815222,0.18285528612370197,1.920822918985497,-5.492951084010977,0.26748200726402016,0.0,-3.3046461577614603,-5.492951084010977,nan,0.0,3.470171926406048,0.0,16.55488726369328,0.0,46.0,0.0,,0.0001746787580029741,,,,,,,1.7533215615878726,,1,0.989093543045277,3.5840116283902175,inf,-inf,-0.7927163754050289,0.6267602626049502,-0.6361830729536816,0.3726942565815701,inf,-inf,2.525825170846205,0.243630452561887,0.243630452561887,0.243630452561887,784,1.00240312775866,0.9455552033009399,1.3520470457993152,,,-1.5898555893094262,1.6688819636735936,0.41638207522360665,3.62353151892546,0.559132043337716,0.0,0.0,1.8310859688960766,1.688736435157801,0.989093543045277,3.5840116283902175
137,1.8720543923002158,-6.148935742851245,0.26763427667657014,0.0,-4.00924707387446,-6.148935742851245,nan,0.08595009164439542,0.18168418503217482,1.920822918985497,-5.492951084010977,0.26748200726402016,0.0,-3.3046461577614603,-5.492951084010977,nan,0.0,3.344202052375553,0.0,16.12911590038889,0.0,46.0,0.0,,0.00017317331886682408,,,,,,,1.7533215615878726,,1,0.989093543045277,3.5840116283902175,inf,-inf,-0.7880803214971893,0.6208684755421299,-0.6281598460410083,0.3702544754557784,inf,-inf,2.529194639664476,0.2435773741474902,0.2435773741474902,0.2435773741474902,784,1.00240312775866,0.9455552033009399,1.3520470457993152,,,-1.5898555893094262,1.6688819636735936,0.41638207522360665,3.62353151892546,0.559132043337716,0.0,0.0,1.8310859688960766,1.688736435157801,0.989093543045277,3.5840116283902175
138,1.8657102508023868,-6.35238123982322,0.26698316657420845,0.0,-4.219687822446625,-6.35238123982322,nan,0.08673500341723607,0.18024816315697234,1.920822918985497,-5.492951084010977,0.26748200726402016,0.0,-3.3046461577614603,-5.492951084010977,nan,0.0,3.2174420934406323,0.0,15.723912803781166,0.0,46.0,0.0,,0.00017166588682146562,,,,,,,1.7533215615878726,,1,0.989093543045277,3.5840116283902175,inf,-inf,-0.7795585074222352,0.6085938343588748,-0.6214514643390068,0.3660916581141907,inf,-inf,2.534332429034847,0.24336573950945728,0.24336573950945728,0.24336573950945728,784,1.00240312775866,0.9455552033009399,1.3520470457993152,,,-1.5898555893094262,1.6688819636735936,0.41638207522360665,3.62353151892546,0.559132043337716,0.0,0.0,1.8310859688960766,1.688736435157801,0.989093543045277,3.5840116283902175
139,1.8586990226761164,-6.547181691951545,0.2668118280631674,0.0,-4.421670841212261,-6.547181691951545,nan,0.08751769417404305,0.17929413388912427,1.920822918985497,-5.492951084010977,0.26748200726402016,0.0,-3.3046461577614603,-5.492951084010977,nan,0.0,3.2376460630869417,0.0,15.336580838283055,0.0,46.0,0.0,,0.00017015662717380974,,,,,,,1.7533215615878726,,1,0.989093543045277,3.5840116283902175,inf,-inf,-0.7632180757493183,0.6009234889268482,-0.6140520385772572,0.3596895764115491,inf,-inf,2.537128380554846,0.24325565389553633,0.24325565389553633,0.24325565389553633,784,1.00240312775866,0.9455552033009399,1.3520470457993152,,,-1.5898555893094262,1.6688819636735936,0.41638207522360665,3.62353151892546,0.559132043337716,0.0,0.0,1.8310859688960766,1.688736435157801,0.989093543045277,3.5840116283902175
140,1.8626188294343924,-6.735703971190633,0.266429485058123,0.0,-4.606655656698117,-6.735703971190633,nan,0.08828831660081851,0.17814116845730424,1.920822918985497,-6.519656801728328,0.26520823682621897,0.0,-4.333625645916612,-6.519656801728328,nan,0.0,3.149463606562839,0.0,14.962878212103911,0.0,46.0,0.0,,0.00016864570543118456,,,,,,,1.6691870345320647,,1,0.9322079702030414,3.4261161307542727,inf,-inf,-0.7561757471349019,0.5967959207920198,-0.6057397076469536,0.3545892240370599,inf,-inf,2.54145676851454,0.24303957644045573,0.24303957644045573,0.24303957644045573,784,0.9773026752964462,0.9321356303964985,1.3380990173585172,,,-1.6290439923501876,1.5872815028700398,0.40245469695827524,3.675270154585828,0.5652892678647501,0.0,0.0,1.7453617745199048,1.6072642029985262,0.9322079702030414,3.4261161307542727
141,1.867375192396965,-6.910623327136269,0.26590589508602325,0.0,-4.777342239653281,-6.910623327136269,nan,0.08906116787554938,0.17684472721047395,1.920822918985497,-6.519656801728328,0.26520823682621897,0.0,-4.333625645916612,-6.519656801728328,nan,0.0,3.047935700504135,0.0,14.614409930499967,0.0,46.0,0.0,,0.0001671332872831857,,,,,,,1.6691870345320647,,1,0.9322079702030414,3.4261161307542727,inf,-inf,-0.744347035982092,0.587514967940186,-0.5968078907692834,0.3516334976634537,inf,-inf,2.545333076212375,0.24299034384488843,0.24299034384488843,0.24299034384488843,784,0.9773026752964462,0.9321356303964985,1.3380990173585172,,,-1.6290439923501876,1.5872815028700398,0.40245469695827524,3.675270154585828,0.5652892678647501,0.0,0.0,1.7453617745199048,1.6072642029985262,0.9322079702030414,3.4261161307542727
142,1.8722012112374204,-7.08793820070326,0.2656423663840193,0.0,-4.950094623081819,-7.08793820070326,nan,0.08982919526937631,0.17581317111464292,1.920822918985497,-6.519656801728328,0.26520823682621897,0.0,-4.333625645916612,-6.519656801728328,nan,0.0,3.0231943325134516,0.0,14.26155126994696,0.0,46.0,0.0,,0.00016561953858350656,,,,,,,1.6691870345320647,,1,0.9322079702030414,3.4261161307542727,inf,-inf,-0.7391497254144761,0.5780409391508515,-0.5906054020628863,0.34933441355261097,inf,-inf,2.548878446839477,0.24286235620695948,0.24286235620695948,0.24286235620695948,784,0.9773026752964462,0.9321356303964985,1.3380990173585172,,,-1.6290439923501876,1.5872815028700398,0.40245469695827524,3.675270154585828,0.5652892678647501,0.0,0.0,1.7453617745199048,1.6072642029985262,0.9322079702030414,3.4261161307542727
143,1.8736606626759253,-7.252746367623081,0.26530054098614464,0.0,-5.11378516396101,-7.252746367623081,nan,0.09058645359782914,0.1747140873883156,1.920822918985497,-6.519656801728328,0.26520823682621897,0.0,-4.333625645916612,-6.519656801728328,nan,0.0,2.888318334171471,0.0,13.935464731041645,0.0,46.0,0.0,,0.00016410462533175042,,,,,,,1.6691870345320647,,1,0.9322079702030414,3.4261161307542727,inf,-inf,-0.7291608780988724,0.57238368242689,-0.5886437884015547,0.3433965593134712,inf,-inf,2.5521349469277133,0.24271668728524554,0.24271668728524554,0.24271668728524554,784,0.9773026752964462,0.9321356303964985,1.3380990173585172,,,-1.6290439923501876,1.5872815028700398,0.40245469695827524,3.675270154585828,0.5652892678647501,0.0,0.0,1.7453617745199048,1.6072642029985262,0.9322079702030414,3.4261161307542727
144,1.873859868852213,-7.419827115741197,0.26500402404544043,0.0,-5.2809632228435435,-7.419827115741197,nan,0.09133591202021037,0.1736681120252301,1.920822918985497,-6.519656801728328,0.26520823682621897,0.0,-4.333625645916612,-6.519656801728328,nan,0.0,2.876212057036876,0.0,13.603026145515678,0.0,46.0,0.0,,0.00016258871365522684,,,,,,,1.6691870345320647,,1,0.9322079702030414,3.4261161307542727,inf,-inf,-0.7244867419207516,0.5661659811375017,-0.57971985595093,0.3393636441861354,inf,-inf,2.5551216196468074,0.24264777712670418,0.24264777712670418,0.24264777712670418,784,0.9773026752964462,0.9321356303964985,1.3380990173585172,,,-1.6290439923501876,1.5872815028700398,0.40245469695827524,3.675270154585828,0.5652892678647501,0.0,0.0,1.7453617745199048,1.6072642029985262,0.9322079702030414,3.4261161307542727
145,1.8747831546296199,-7.5681539870312236,0.26480921415386577,0.0,-5.428561618247738,-7.5681539870312236,nan,0.09208240715555846,0.17272680699830734,1.920822918985497,-7.366274642110723,0.26381001909590207,0.0,-5.181641704029324,-7.366274642110723,nan,0.0,2.8393024388589536,0.0,13.308279555321054,0.0,46.0,0.0,,0.00016107196979073393,,,,,,,1.5935545838693996,,1,0.8817848217675578,3.2827994574438404,inf,-inf,-0.7127901491762865,0.5607721173204069,-0.5686085454149945,0.33372006167083346,inf,-inf,2.558157434710989,0.24242843032293243,0.24242843032293243,0.24242843032293243,784,0.9553805852228047,0.920278373687901,1.3274795997354016,,,-1.6665085731795013,1.5137647939878374,0.38945599129490743,3.7229031124207763,0.5708817339652232,0.0,0.0,1.6681907676972996,1.5333565496166615,0.8817848217675578,3.2827994574438404
146,1.8666808659804535,-7.71929870282169,0.2644921099550027,0.0,-5.588125726886234,-7.71929870282169,nan,0.09282295718838314,0.1716691527666195,1.920822918985497,-7.366274642110723,0.26381001909590207,0.0,-5.181641704029324,-7.366274642110723,nan,0.0,2.72948052102055,0.0,13.007800684848837,0.0,46.0,0.0,,0.00015955456006632853,,,,,,,1.5935545838693996,,1,0.8817848217675578,3.2827994574438404,inf,-inf,-0.7015576060781566,0.555994599837147,-0.5659336275267018,0.3311930439520829,inf,-inf,2.561955961365023,0.24233013001287368,0.24233013001287368,0.24233013001287368,784,0.9553805852228047,0.920278373687901,1.3274795997354016,,,-1.6665085731795013,1.5137647939878374,0.38945599129490743,3.7229031124207763,0.5708817339652232,0.0,0.0,1.6681907676972996,1.5333565496166615,0.8817848217675578,3.2827994574438404
147,1.8637600700653858,-7.863422102016769,0.2643142578908648,0.0,-5.735347774060519,-7.863422102016769,nan,0.09356162141423904,0.1707526364766257,1.920822918985497,-7.366274642110723,0.26381001909590207,0.0,-5.181641704029324,-7.366274642110723,nan,0.0,2.623036486864932,0.0,12.72109709068442,0.0,46.0,0.0,,0.00015803665088308673,,,,,,,1.5935545838693996,,1,0.8817848217675578,3.2827994574438404,inf,-inf,-0.6945701052969057,0.5495521183379678,-0.5566103923230985,0.3274733794458696,inf,-inf,2.5647768178595487,0.24225198174888415,0.24225198174888415,0.24225198174888415,784,0.9553805852228047,0.920278373687901,1.3274795997354016,,,-1.6665085731795013,1.5137647939878374,0.38945599129490743,3.7229031124207763,0.5708817339652232,0.0,0.0,1.6681907676972996,1.5333565496166615,0.8817848217675578,3.2827994574438404
148,1.8829035203736197,-8.006246349378547,0.2641031144824826,0.0,-5.859239714522444,-8.006246349378547,nan,0.09428595575408683,0.1698171587283957,1.920822918985497,-7.366274642110723,0.26381001909590207,0.0,-5.181641704029324,-7.366274642110723,nan,0.0,2.6138618394834685,0.0,12.439081638375848,0.0,46.0,0.0,,0.00015651840869685562,,,,,,,1.5935545838693996,,1,0.8817848217675578,3.2827994574438404,inf,-inf,-0.6907678699868135,0.5427305174700272,-0.550354065280447,0.3241884892262789,inf,-inf,2.567740586261347,0.24207892235609405,0.24207892235609405,0.24207892235609405,784,0.9553805852228047,0.920278373687901,1.3274795997354016,,,-1.6665085731795013,1.5137647939878374,0.38945599129490743,3.7229031124207763,0.5708817339652232,0.0,0.0,1.6681907676972996,1.5333565496166615,0.8817848217675578,3.2827994574438404
149,1.864104807039047,-8.13424241857119,0.26381641524173693,0.0,-6.006321196290407,-8.13424241857119,nan,0.09501792298322727,0.1687984922585097,1.920822918985497,-7.366274642110723,0.26381001909590207,0.0,-5.181641704029324,-7.366274642110723,nan,0.0,2.4602610836427083,0.0,12.183676054183055,0.0,46.0,0.0,,0.00015499999999999997,,,,,,,1.5935545838693996,,1,0.8817848217675578,3.2827994574438404,inf,-inf,-0.6857014054144508,0.5380234048130895,-0.5457777558820466,0.31940864150288634,inf,-inf,2.5701382249747655,0.2419232638129356,0.2419232638129356,0.2419232638129356,784,0.9553805852228047,0.920278373687901,1.3274795997354016,,,-1.6665085731795013,1.5137647939878374,0.38945599129490743,3.7229031124207763,0.5708817339652232,0.0,0.0,1.6681907676972996,1.5333565496166615,0.8817848217675578,3.2827994574438404
150,1.8745179706256472,-8.266064350380615,0.26376075471350924,0.0,-6.127785625041459,-8.266064350380615,nan,0.09574181664624541,0.16801893806726384,1.920822918985497,-8.074026943028588,0.26275104902936686,0.0,-5.890452975013725,-8.074026943028588,nan,0.0,2.483682758920352,0.0,11.920779241494994,0.0,46.0,0.0,,0.00015348159130314435,,,,,,,1.5253132121223278,,1,0.8370398797414405,3.1528510980770847,inf,-inf,-0.6726383015722108,0.5329487170095826,-0.5359773125784733,0.3158419605281381,inf,-inf,2.5731612448340146,0.24183051024234178,0.24183051024234178,0.24183051024234178,784,0.9360368444118925,0.9097080092806132,1.3165678515610129,,,-1.7022447098321485,1.4476316265820839,0.37739046855629177,3.7666677232284234,0.5759573105846979,0.0,0.0,1.5985258140495353,1.4680852394469195,0.8370398797414405,3.1528510980770847
151,1.875471500950909,-8.390554286941994,0.2636800850860935,0.0,-6.251402700904991,-8.390554286941994,nan,0.09645160541383778,0.1672284796722557,1.920822918985497,-8.074026943028588,0.26275104902936686,0.0,-5.890452975013725,-8.074026943028588,nan,0.0,2.458148261011588,0.0,11.674094281021414,0.0,46.0,0.0,,0.00015196334911691327,,,,,,,1.5253132121223278,,1,0.8370398797414405,3.1528510980770847,inf,-inf,-0.6704712038631955,0.5278008964527883,-0.5356386900471245,0.31486066725094397,inf,-inf,2.575552159006475,0.2417526702290909,0.2417526702290909,0.2417526702290909,784,0.9360368444118925,0.9097080092806132,1.3165678515610129,,,-1.7022447098321485,1.4476316265820839,0.37739046855629177,3.7666677232284234,0.5759573105846979,0.0,0.0,1.5985258140495353,1.4680852394469195,0.8370398797414405,3.1528510980770847
152,1.8589936055634748,-8.514757005375055,0.2634158084851256,0.0,-6.3923475913264545,-8.514757005375055,nan,0.09716280530494675,0.16625300318017877,1.920822918985497,-8.074026943028588,0.26275104902936686,0.0,-5.890452975013725,-8.074026943028588,nan,0.0,2.377441591120643,0.0,11.428558354329885,0.0,46.0,0.0,,0.0001504454399336714,,,,,,,1.5253132121223278,,1,0.8370398797414405,3.1528510980770847,inf,-inf,-0.6591529031709059,0.5224686335116769,-0.5269087584400453,0.3107277520977211,inf,-inf,2.5788236085386256,0.2415033056187695,0.2415033056187695,0.2415033056187695,784,0.9360368444118925,0.9097080092806132,1.3165678515610129,,,-1.7022447098321485,1.4476316265820839,0.37739046855629177,3.7666677232284234,0.5759573105846979,0.0,0.0,1.5985258140495353,1.4680852394469195,0.8370398797414405,3.1528510980770847
153,1.8740394475260531,-8.63059649882569,0.2633816982532382,0.0,-6.493175353046399,-8.63059649882569,nan,0.09786750031548921,0.16551419793774902,1.920822918985497,-8.074026943028588,0.26275104902936686,0.0,-5.890452975013725,-8.074026943028588,nan,0.0,2.3515318221671535,0.0,11.19797195195003,0.0,46.0,0.0,,0.00014892803020926605,,,,,,,1.5253132121223278,,1,0.8370398797414405,3.1528510980770847,inf,-inf,-0.6575785680698379,0.5178859628204092,-0.519293969459133,0.3079764014434498,inf,-inf,2.5816513149652063,0.24149624028910763,0.24149624028910763,0.24149624028910763,784,0.9360368444118925,0.9097080092806132,1.3165678515610129,,,-1.7022447098321485,1.4476316265820839,0.37739046855629177,3.7666677232284234,0.5759573105846979,0.0,0.0,1.5985258140495353,1.4680852394469195,0.8370398797414405,3.1528510980770847
154,1.8645594236262453,-8.743847286029414,0.2632287274416553,0.0,-6.616059134961514,-8.743847286029414,nan,0.09855755941000365,0.16467116803165158,1.920822918985497,-8.074026943028588,0.26275104902936686,0.0,-5.890452975013725,-8.074026943028588,nan,0.0,2.318110555721091,0.0,10.972121149998586,0.0,46.0,0.0,,0.00014741128634477313,,,,,,,1.5253132121223278,,1,0.8370398797414405,3.1528510980770847,inf,-inf,-0.6513491001306603,0.5097027880156502,-0.5146657079428667,0.3039790667638483,inf,-inf,2.5841863687289153,0.24130128012235982,0.24130128012235982,0.24130128012235982,784,0.9360368444118925,0.9097080092806132,1.3165678515610129,,,-1.7022447098321485,1.4476316265820839,0.37739046855629177,3.7666677232284234,0.5759573105846979,0.0,0.0,1.5985258140495353,1.4680852394469195,0.8370398797414405,3.1528510980770847
155,1.8664793419308159,-8.8555629917737,0.2629509868769974,0.0,-6.726132662965887,-8.8555629917737,nan,0.09924815701094285,0.1637028298660547,1.920822918985497,-8.668950192571977,0.26195469698275964,0.0,-6.48617257660372,-8.668950192571977,nan,0.0,2.2211009119040637,0.0,10.752504087457115,0.0,46.0,0.0,,0.00014589537466824958,,,,,,,1.4635797791465552,,1,0.7970776458819833,3.0345584645900026,inf,-inf,-0.6424766653133371,0.5060585692605851,-0.5100840515743875,0.29972418110321747,inf,-inf,2.5861463544584375,0.2411918235946836,0.2411918235946836,0.2411918235946836,784,0.9188638762739496,0.9002233898195439,1.3064721156342018,,,-1.7362523958786236,1.387865121260199,0.3662335459691968,3.807105217751025,0.5805948796662754,0.0,0.0,1.535385340362716,1.4083218942334266,0.7970776458819833,3.0345584645900026
156,1.888925368984008,-8.959371017165653,0.26281518539549514,0.0,-6.8076304627861495,-8.959371017165653,nan,0.09993523003505986,0.1628799553604352,1.920822918985497,-8.668950192571977,0.26195469698275964,0.0,-6.48617257660372,-8.668950192571977,nan,0.0,2.2431560149929477,0.0,10.544122551756333,0.0,46.0,0.0,,0.00014438046141649342,,,,,,,1.4635797791465552,,1,0.7970776458819833,3.0345584645900026,inf,-inf,-0.6377584779703921,0.4982081231438393,-0.5054789212048424,0.2965156613865105,inf,-inf,2.588487449996707,0.24102143962906264,0.24102143962906264,0.24102143962906264,784,0.9188638762739496,0.9002233898195439,1.3064721156342018,,,-1.7362523958786236,1.387865121260199,0.3662335459691968,3.807105217751025,0.5805948796662754,0.0,0.0,1.535385340362716,1.4083218942334266,0.7970776458819833,3.0345584645900026
157,1.861505630806595,-9.062527242242414,0.262864486618229,0.0,-6.93815712481759,-9.062527242242414,nan,0.10060996857264462,0.16225451804558447,1.920822918985497,-8.668950192571977,0.26195469698275964,0.0,-6.48617257660372,-8.668950192571977,nan,0.0,2.222336560564079,0.0,10.3405638582814,0.0,46.0,0.0,,0.00014286671271681423,,,,,,,1.4635797791465552,,1,0.7970776458819833,3.0345584645900026,inf,-inf,-0.6299322086746852,0.4962094004938149,-0.49921300919074785,0.2960873565145755,inf,-inf,2.590641549074665,0.2410105586267116,0.2410105586267116,0.2410105586267116,784,0.9188638762739496,0.9002233898195439,1.3064721156342018,,,-1.7362523958786236,1.387865121260199,0.3662335459691968,3.807105217751025,0.5805948796662754,0.0,0.0,1.535385340362716,1.4083218942334266,0.7970776458819833,3.0345584645900026
158,1.8766155296675393,-9.168193694948524,0.26279648407101097,0.0,-7.028781681209974,-9.168193694948524,nan,0.10128947224985992,0.161507011821151,1.920822918985497,-8.668950192571977,0.26195469698275964,0.0,-6.48617257660372,-8.668950192571977,nan,0.0,2.14579367828176,0.0,10.13029497768653,0.0,46.0,0.0,,0.00014135429456881541,,,,,,,1.4635797791465552,,1,0.7970776458819833,3.0345584645900026,inf,-inf,-0.6263365656577947,0.490943730380402,-0.49602003157414565,0.291213817317325,inf,-inf,2.5927478961188424,0.2408650194652328,0.2408650194652328,0.2408650194652328,784,0.9188638762739496,0.9002233898195439,1.3064721156342018,,,-1.7362523958786236,1.387865121260199,0.3662335459691968,3.807105217751025,0.5805948796662754,0.0,0.0,1.535385340362716,1.4083218942334266,0.7970776458819833,3.0345584645900026
159,1.8678778750945337,-9.258170560264537,0.26267661149579247,0.0,-7.1276160736742105,-9.258170560264537,nan,0.10196467289508573,0.16071193860070676,1.920822918985497,-8.668950192571977,0.26195469698275964,0.0,-6.48617257660372,-8.668950192571977,nan,0.0,2.042428176974205,0.0,9.951503683776892,0.0,46.0,0.0,,0.00013984337282619026,,,,,,,1.4635797791465552,,1,0.7970776458819833,3.0345584645900026,inf,-inf,-0.6202312230417627,0.4877141660034699,-0.4893235341621507,0.2899114876833073,inf,-inf,2.595160933208393,0.24070958630626652,0.24070958630626652,0.24070958630626652,784,0.9188638762739496,0.9002233898195439,1.3064721156342018,,,-1.7362523958786236,1.387865121260199,0.3662335459691968,3.807105217751025,0.5805948796662754,0.0,0.0,1.535385340362716,1.4083218942334266,0.7970776458819833,3.0345584645900026
160,1.8706665124508788,-9.3512713282369,0.2625085498492365,0.0,-7.218096265936784,-9.3512713282369,nan,0.10263053359034599,0.15987801625889048,1.920822918985497,-9.178344394032733,0.26150457141261074,0.0,-6.996016903634625,-9.178344394032733,nan,0.0,1.9983255346827695,0.0,9.766120347456088,0.0,46.0,0.0,,0.00013833411317853436,,,,,,,1.4076208658620373,,1,0.7610064869008782,2.9275772755606844,inf,-inf,-0.6126735731412983,0.4826068364944915,-0.48738472970235425,0.2857838144430141,inf,-inf,2.5968924012133923,0.24058604759653132,0.24058604759653132,0.24058604759653132,784,0.903368621842097,0.8915977323302905,1.297123185442916,,,-1.7685362368065871,1.3332555472003116,0.35591842556219655,3.8469807103523466,0.5851200086596783,0.0,0.0,1.478150594668268,1.354017819790831,0.7610064869008782,2.9275772755606844
161,1.8681678359042402,-9.444516603128434,0.2623931454778573,0.0,-7.313955621746337,-9.444516603128434,nan,0.10328486327038544,0.15910828220747178,1.920822918985497,-9.178344394032733,0.26150457141261074,0.0,-6.996016903634625,-9.178344394032733,nan,0.0,1.9893787503914704,0.0,9.58279367193393,0.0,46.0,0.0,,0.0001368266811331759,,,,,,,1.4076208658620373,,1,0.7610064869008782,2.9275772755606844,inf,-inf,-0.6054383833210256,0.4765018609090758,-0.4787744383457682,0.2838400740547882,inf,-inf,2.5988180882285947,0.24045821688461408,0.24045821688461408,0.24045821688461408,784,0.903368621842097,0.8915977323302905,1.297123185442916,,,-1.7685362368065871,1.3332555472003116,0.35591842556219655,3.8469807103523466,0.5851200086596783,0.0,0.0,1.478150594668268,1.354017819790831,0.7610064869008782,2.9275772755606844
162,1.877118260822698,-9.530181771376839,0.26234393779443094,0.0,-7.39071957275971,-9.530181771376839,nan,0.10393486261639766,0.15840907517803324,1.920822918985497,-9.178344394032733,0.26150457141261074,0.0,-6.996016903634625,-9.178344394032733,nan,0.0,1.9795536665477187,0.0,9.41227944926113,0.0,46.0,0.0,,0.00013532124199702587,,,,,,,1.4076208658620373,,1,0.7610064869008782,2.9275772755606844,inf,-inf,-0.6016624611208473,0.47257206785597894,-0.4765596007842744,0.2818863292776202,inf,-inf,2.6005293745101614,0.24036661421460728,0.24036661421460728,0.24036661421460728,784,0.903368621842097,0.8915977323302905,1.297123185442916,,,-1.7685362368065871,1.3332555472003116,0.35591842556219655,3.8469807103523466,0.5851200086596783,0.0,0.0,1.478150594668268,1.354017819790831,0.7610064869008782,2.9275772755606844
163,1.8592234086956838,-9.616679024118815,0.2624649256278374,0.0,-7.494990689795294,-9.616679024118815,nan,0.10457984631271473,0.1578850793151226,1.920822918985497,-9.178344394032733,0.26150457141261074,0.0,-6.996016903634625,-9.178344394032733,nan,0.0,1.9039097908309774,0.0,9.240079612474469,0.0,46.0,0.0,,0.00013381796085845036,,,,,,,1.4076208658620373,,1,0.7610064869008782,2.9275772755606844,inf,-inf,-0.5980892942607839,0.4682523538076838,-0.47002358182011755,0.27870604890589185,inf,-inf,2.6014284329425785,0.24025071457634417,0.24025071457634417,0.24025071457634417,784,0.903368621842097,0.8915977323302905,1.297123185442916,,,-1.7685362368065871,1.3332555472003116,0.35591842556219655,3.8469807103523466,0.5851200086596783,0.0,0.0,1.478150594668268,1.354017819790831,0.7610064869008782,2.9275772755606844
164,1.8640708812536169,-9.701852163591868,0.26239553325029613,0.0,-7.575385749087955,-9.701852163591868,nan,0.10521695377660932,0.15717857947368688,1.920822918985497,-9.178344394032733,0.26150457141261074,0.0,-6.996016903634625,-9.178344394032733,nan,0.0,1.8736738126248793,0.0,9.070787383894102,0.0,46.0,0.0,,0.00013231700256916657,,,,,,,1.4076208658620373,,1,0.7610064869008782,2.9275772755606844,inf,-inf,-0.5896449142683257,0.46278424033695864,-0.4677813980569253,0.27586225911026224,inf,-inf,2.603688093687968,0.24019035834201413,0.24019035834201413,0.24019035834201413,784,0.903368621842097,0.8915977323302905,1.297123185442916,,,-1.7685362368065871,1.3332555472003116,0.35591842556219655,3.8469807103523466,0.5851200086596783,0.0,0.0,1.478150594668268,1.354017819790831,0.7610064869008782,2.9275772755606844
165,1.8840888108275209,-9.779961619625494,0.26225154262867006,0.0,-7.633621266169303,-9.779961619625494,nan,0.10586238583745311,0.1563891567912169,1.920822918985497,-9.611995611163529,0.2612524856573828,0.0,-7.4299202065206496,-9.611995611163529,nan,0.0,1.8560355930554722,0.0,8.915484570990252,0.0,46.0,0.0,,0.00013081853172616515,,,,,,,1.3568327037416321,,1,0.7287058334712695,2.8293217835945965,inf,-inf,-0.5848133892919064,0.4617954562765007,-0.46474666454211044,0.27284362510500765,inf,-inf,2.6052739523545028,0.2399725038798307,0.2399725038798307,0.2399725038798307,784,0.8893627485379159,0.8837319155400107,1.289162952013456,,,-1.7991054348796018,1.2839713607838867,0.34641602686930895,3.8826665763286323,0.5891300971445664,0.0,0.0,1.4261746448468455,1.304740427160691,0.7287058334712695,2.8293217835945965
166,1.8673603250249433,-9.857311182656904,0.2622418574974633,0.0,-7.727709000134497,-9.857311182656904,nan,0.10648648333014234,0.15575537416732096,1.920822918985497,-9.611995611163529,0.2612524856573828,0.0,-7.4299202065206496,-9.611995611163529,nan,0.0,1.8156814270431325,0.0,8.76288441233093,0.0,46.0,0.0,,0.00012932271265366044,,,,,,,1.3568327037416321,,1,0.7287058334712695,2.8293217835945965,inf,-inf,-0.5835046562795112,0.45720253637259595,-0.46030927355885026,0.2707382538055425,inf,-inf,2.6073239921825033,0.23995800029458067,0.23995800029458067,0.23995800029458067,784,0.8893627485379159,0.8837319155400107,1.289162952013456,,,-1.7991054348796018,1.2839713607838867,0.34641602686930895,3.8826665763286323,0.5891300971445664,0.0,0.0,1.4261746448468455,1.304740427160691,0.7287058334712695,2.8293217835945965
167,1.8650466709931608,-9.933063139438914,0.26229446195719636,0.0,-7.805722006488557,-9.933063139438914,nan,0.10710821625600382,0.1551862457011925,1.920822918985497,-9.611995611163529,0.2612524856573828,0.0,-7.4299202065206496,-9.611995611163529,nan,0.0,1.8016321312607162,0.0,8.612876740566657,0.0,46.0,0.0,,0.00012782970938506996,,,,,,,1.3568327037416321,,1,0.7287058334712695,2.8293217835945965,inf,-inf,-0.577732022520644,0.4503410731920745,-0.45344546142519865,0.26935593519823037,inf,-inf,2.6078467975131403,0.23989033717378686,0.23989033717378686,0.23989033717378686,784,0.8893627485379159,0.8837319155400107,1.289162952013456,,,-1.7991054348796018,1.2839713607838867,0.34641602686930895,3.8826665763286323,0.5891300971445664,0.0,0.0,1.4261746448468455,1.304740427160691,0.7287058334712695,2.8293217835945965
168,1.8788887059575319,-10.005415893348925,0.2622075824184873,0.0,-7.864319604972906,-10.005415893348925,nan,0.10772454236093944,0.15448304005754793,1.920822918985497,-9.611995611163529,0.2612524856573828,0.0,-7.4299202065206496,-9.611995611163529,nan,0.0,1.756179650898092,0.0,8.468594893864664,0.0,46.0,0.0,,0.00012633968564502673,,,,,,,1.3568327037416321,,1,0.7287058334712695,2.8293217835945965,inf,-inf,-0.5700628035241874,0.44848895508428643,-0.4507272754736258,0.2659945567511323,inf,-inf,2.609600227073287,0.23970654436141176,0.23970654436141176,0.23970654436141176,784,0.8893627485379159,0.8837319155400107,1.289162952013456,,,-1.7991054348796018,1.2839713607838867,0.34641602686930895,3.8826665763286323,0.5891300971445664,0.0,0.0,1.4261746448468455,1.304740427160691,0.7287058334712695,2.8293217835945965
169,1.885949045530645,-10.080090103207404,0.2623262772600895,0.0,-7.93181478041667,-10.080090103207404,nan,0.10833864575794136,0.15398763150214806,1.920822918985497,-9.611995611163529,0.2612524856573828,0.0,-7.4299202065206496,-9.611995611163529,nan,0.0,1.7494629244337676,0.0,8.320197964497552,0.0,46.0,0.0,,0.00012485280483142492,,,,,,,1.3568327037416321,,1,0.7287058334712695,2.8293217835945965,inf,-inf,-0.5662920470078211,0.44411964912434987,-0.4473716288868277,0.26344444578108966,inf,-inf,2.610494439192716,0.23965523821402676,0.23965523821402676,0.23965523821402676,784,0.8893627485379159,0.8837319155400107,1.289162952013456,,,-1.7991054348796018,1.2839713607838867,0.34641602686930895,3.8826665763286323,0.5891300971445664,0.0,0.0,1.4261746448468455,1.304740427160691,0.7287058334712695,2.8293217835945965
170,1.855139601055492,-10.146923743236266,0.2622849120523577,0.0,-8.029499230128415,-10.146923743236266,nan,0.10894699232768446,0.15333791972467323,1.920822918985497,-9.986571399763577,0.26123297919941446,0.0,-7.804515501578665,-9.986571399763577,nan,0.0,1.7111990285822827,0.0,8.186794839649316,0.0,46.0,0.0,,0.00012336922999750137,,,,,,,1.3106976752256436,,1,0.6994962165650471,2.739728494577234,inf,-inf,-0.5610749096792955,0.4394653528502307,-0.44341903094377516,0.2619728886184503,inf,-inf,2.6121881101942255,0.23950214373394005,0.23950214373394005,0.23950214373394005,784,0.8765573092485153,0.876481796553751,1.2808976052080459,,,-1.827973762257032,1.2397974541658279,0.33769173997703117,3.916716673652606,0.5929221568121968,0.0,0.0,1.3789540030475096,1.260046252313148,0.6994962165650471,2.739728494577234
171,1.8634281015260405,-10.212571871963517,0.26229442910010536,0.0,-8.086849341337372,-10.212571871963517,nan,0.10954951582890221,0.15274491327120315,1.920822918985497,-9.986571399763577,0.26123297919941446,0.0,-7.804515501578665,-9.986571399763577,nan,0.0,1.701788533902476,0.0,8.057078863023571,0.0,46.0,0.0,,0.00012188912383395497,,,,,,,1.3106976752256436,,1,0.6994962165650471,2.739728494577234,inf,-inf,-0.5569410544374747,0.4364493973397965,-0.4389872979596981,0.259648369943069,inf,-inf,2.6132107544554644,0.23942649544889028,0.23942649544889028,0.23942649544889028,784,0.8765573092485153,0.876481796553751,1.2808976052080459,,,-1.827973762257032,1.2397974541658279,0.33769173997703117,3.916716673652606,0.5929221568121968,0.0,0.0,1.3789540030475096,1.260046252313148,0.6994962165650471,2.739728494577234
172,1.873965699310072,-10.27968338110318,0.2622730469175593,0.0,-8.143444634875548,-10.27968338110318,nan,0.11013634892265114,0.15213669799490817,1.920822918985497,-9.986571399763577,0.26123297919941446,0.0,-7.804515501578665,-9.986571399763577,nan,0.0,1.6402643611872294,0.0,7.925208213372586,0.0,46.0,0.0,,0.00012041264865110584,,,,,,,1.3106976752256436,,1,0.6994962165650471,2.739728494577234,inf,-inf,-0.5529661295539392,0.4352767819477306,-0.4359943107113926,0.25800523278797777,inf,-inf,2.6145985360235873,0.2393267946928944,0.2393267946928944,0.2393267946928944,784,0.8765573092485153,0.876481796553751,1.2808976052080459,,,-1.827973762257032,1.2397974541658279,0.33769173997703117,3.916716673652606,0.5929221568121968,0.0,0.0,1.3789540030475096,1.260046252313148,0.6994962165650471,2.739728494577234
173,1.8785172698066734,-10.342631195796084,0.2622421553440478,0.0,-8.201871770645363,-10.342631195796084,nan,0.11072683010023605,0.1515153252438117,1.920822918985497,-9.986571399763577,0.26123297919941446,0.0,-7.804515501578665,-9.986571399763577,nan,0.0,1.6269039626439044,0.0,7.799620063661706,0.0,46.0,0.0,,0.00011893996636109612,,,,,,,1.3106976752256436,,1,0.6994962165650471,2.739728494577234,inf,-inf,-0.5475968464821783,0.4291091390501878,-0.4313114465779946,0.2553653456903031,inf,-inf,2.6158094116696278,0.2391966448549549,0.2391966448549549,0.2391966448549549,784,0.8765573092485153,0.876481796553751,1.2808976052080459,,,-1.827973762257032,1.2397974541658279,0.33769173997703117,3.916716673652606,0.5929221568121968,0.0,0.0,1.3789540030475096,1.260046252313148,0.6994962165650471,2.739728494577234
174,1.865465749265085,-10.40692616615463,0.26226892649701056,0.0,-8.279191490392535,-10.40692616615463,nan,0.1113151652652867,0.15095376123172385,1.920822918985497,-9.986571399763577,0.26123297919941446,0.0,-7.804515501578665,-9.986571399763577,nan,0.0,1.5999836728342332,0.0,7.672932930130355,0.0,46.0,0.0,,0.00011747123846013455,,,,,,,1.3106976752256436,,1,0.6994962165650471,2.739728494577234,inf,-inf,-0.5469283205604091,0.4265481251752595,-0.42736020154573373,0.25383882649408707,inf,-inf,2.6163215558230957,0.2391473987669106,0.2391473987669106,0.2391473987669106,784,0.8765573092485153,0.876481796553751,1.2808976052080459,,,-1.827973762257032,1.2397974541658279,0.33769173997703117,3.916716673652606,0.5929221568121968,0.0,0.0,1.3789540030475096,1.260046252313148,0.6994962165650471,2.739728494577234
175,1.8619553207887822,-10.463527708669774,0.26220419896664926,0.0,-8.339368188914342,-10.463527708669774,nan,0.11188972215804356,0.15031447680860568,1.920822918985497,-10.310520488479844,0.26123409599391484,0.0,-8.128463473500432,-10.310520488479844,nan,0.0,1.5710420267571945,0.0,7.558417105987,0.0,46.0,0.0,,0.00011600662601078654,,,,,,,1.26879109462854,,1,0.6731726003764117,2.6586014946081526,inf,-inf,-0.5413717599898767,0.42392884717770807,-0.4238502536163553,0.25207780775906324,inf,-inf,2.617671649208821,0.2389861530157313,0.2389861530157313,0.2389861530157313,784,0.8648740776278903,0.8698236415928859,1.2739080983542659,,,-1.8551595226127886,1.1995505091646899,0.3296920265383913,3.949360822353089,0.5965268136550811,0.0,0.0,1.3360536117498714,1.2194159538084075,0.6731726003764117,2.6586014946081526
176,1.8734954467152476,-10.521399630903732,0.2622432392727018,0.0,-8.385660944915783,-10.521399630903732,nan,0.11246125588949725,0.14978198338320456,1.920822918985497,-10.310520488479844,0.26123409599391484,0.0,-8.128463473500432,-10.310520488479844,nan,0.0,1.579677612108206,0.0,7.443756437838391,0.0,46.0,0.0,,0.00011454628962431177,,,,,,,1.26879109462854,,1,0.6731726003764117,2.6586014946081526,inf,-inf,-0.5374199715867151,0.42121098777309374,-0.4204274175163497,0.24929289053470216,inf,-inf,2.6188700447494995,0.23889591060088033,0.23889591060088033,0.23889591060088033,784,0.8648740776278903,0.8698236415928859,1.2739080983542659,,,-1.8551595226127886,1.1995505091646899,0.3296920265383913,3.949360822353089,0.5965268136550811,0.0,0.0,1.3360536117498714,1.2194159538084075,0.6731726003764117,2.6586014946081526
177,1.8754542965181245,-10.580295171815932,0.26234803319965877,0.0,-8.442492842098147,-10.580295171815932,nan,0.11302784129599125,0.14932019190366755,1.920822918985497,-10.310520488479844,0.26123409599391484,0.0,-8.128463473500432,-10.310520488479844,nan,0.0,1.5504728247851411,0.0,7.328056287120026,0.0,46.0,0.0,,0.00011309038944305162,,,,,,,1.26879109462854,,1,0.6731726003764117,2.6586014946081526,inf,-inf,-0.5353981811037429,0.41875436652358,-0.4187733772863243,0.24700785862153563,inf,-inf,2.61868553937374,0.23887331674384416,0.23887331674384416,0.23887331674384416,784,0.8648740776278903,0.8698236415928859,1.2739080983542659,,,-1.8551595226127886,1.1995505091646899,0.3296920265383913,3.949360822353089,0.5965268136550811,0.0,0.0,1.3360536117498714,1.2194159538084075,0.6731726003764117,2.6586014946081526
178,1.853528161900207,-10.633193589323328,0.26236064835841416,0.0,-8.517304779064707,-10.633193589323328,nan,0.11358237373713179,0.14877827462128224,1.920822918985497,-10.310520488479844,0.26123409599391484,0.0,-8.128463473500432,-10.310520488479844,nan,0.0,1.548603964930446,0.0,7.22261408620463,0.0,46.0,0.0,,0.00011163908512286747,,,,,,,1.26879109462854,,1,0.6731726003764117,2.6586014946081526,inf,-inf,-0.5286635861947142,0.41490116098799,-0.4162042851201915,0.2462071129437585,inf,-inf,2.6197956156577553,0.23875536363841063,0.23875536363841063,0.23875536363841063,784,0.8648740776278903,0.8698236415928859,1.2739080983542659,,,-1.8551595226127886,1.1995505091646899,0.3296920265383913,3.949360822353089,0.5965268136550811,0.0,0.0,1.3360536117498714,1.2194159538084075,0.6731726003764117,2.6586014946081526
179,1.8735622597482893,-10.687130270214436,0.2623878256515388,0.0,-8.551180184814607,-10.687130270214436,nan,0.11413425828129671,0.14825356737024206,1.920822918985497,-10.310520488479844,0.26123409599391484,0.0,-8.128463473500432,-10.310520488479844,nan,0.0,1.4968465999712817,0.0,7.115622062690352,0.0,46.0,0.0,,0.00011019253581563266,,,,,,,1.26879109462854,,1,0.6731726003764117,2.6586014946081526,inf,-inf,-0.5244186865489621,0.41222405875540746,-0.41217216402820145,0.2446810150709761,inf,-inf,2.6208535560732478,0.2386220396416061,0.2386220396416061,0.2386220396416061,784,0.8648740776278903,0.8698236415928859,1.2739080983542659,,,-1.8551595226127886,1.1995505091646899,0.3296920265383913,3.949360822353089,0.5965268136550811,0.0,0.0,1.3360536117498714,1.2194159538084075,0.6731726003764117,2.6586014946081526
180,1.8771659318765639,-10.740964987659867,0.26242698165813394,0.0,-8.60137207412517,-10.740964987659867,nan,0.11469106612101682,0.14773591553711707,1.920822918985497,-10.59162688634109,0.26144835343422307,0.0,-8.409355613921369,-10.59162688634109,nan,0.0,1.457532976241763,0.0,7.009501184484764,0.0,46.0,0.0,,0.00010875090015177988,,,,,,,1.2307107743621468,,1,0.6491420573383302,2.5841191411906905,inf,-inf,-0.5207162992314465,0.40923057052607065,-0.4090340952849899,0.24240588553646153,inf,-inf,2.621157772290266,0.2385760496396215,0.2385760496396215,0.2385760496396215,784,0.8541045495276055,0.8636405779188615,1.2677651535627512,,,-1.8806855012890416,1.1628820172093262,0.3223688413897299,3.980822243726319,0.5999727853981303,0.0,0.0,1.2970749369289485,1.1829529586637524,0.6491420573383302,2.5841191411906905
181,1.8773769646941145,-10.789182977653057,0.2624155563331116,0.0,-8.64939045662583,-10.789182977653057,nan,0.11522620268490874,0.1471893536482028,1.920822918985497,-10.59162688634109,0.26144835343422307,0.0,-8.409355613921369,-10.59162688634109,nan,0.0,1.4698711816315655,0.0,6.9132343587411285,0.0,46.0,0.0,,0.00010731433622290546,,,,,,,1.2307107743621468,,1,0.6491420573383302,2.5841191411906905,inf,-inf,-0.5188126813991362,0.40538224182423377,-0.40673853866559107,0.24133927333747554,inf,-inf,2.62207441951826,0.2384544420817298,0.2384544420817298,0.2384544420817298,784,0.8541045495276055,0.8636405779188615,1.2677651535627512,,,-1.8806855012890416,1.1628820172093262,0.3223688413897299,3.980822243726319,0.5999727853981303,0.0,0.0,1.2970749369289485,1.1829529586637524,0.6491420573383302,2.5841191411906905
182,1.8812639460573901,-10.8425044470229,0.26251146014048904,0.0,-8.698729040825022,-10.8425044470229,nan,0.1157679740627576,0.14674348607773136,1.920822918985497,-10.59162688634109,0.26144835343422307,0.0,-8.409355613921369,-10.59162688634109,nan,0.0,1.4175022213602804,0.0,6.809257241171957,0.0,46.0,0.0,,0.00010588300156443278,,,,,,,1.2307107743621468,,1,0.6491420573383302,2.5841191411906905,inf,-inf,-0.514569093860706,0.3974450370048421,-0.40262516270215537,0.23886618900551235,inf,-inf,2.6222827077360016,0.23837098608761115,0.23837098608761115,0.23837098608761115,784,0.8541045495276055,0.8636405779188615,1.2677651535627512,,,-1.8806855012890416,1.1628820172093262,0.3223688413897299,3.980822243726319,0.5999727853981303,0.0,0.0,1.2970749369289485,1.1829529586637524,0.6491420573383302,2.5841191411906905
183,1.873434183795066,-10.88852995293169,0.2624772409300946,0.0,-8.75261852820653,-10.88852995293169,nan,0.11629267162500659,0.14618456930508814,1.920822918985497,-10.59162688634109,0.26144835343422307,0.0,-8.409355613921369,-10.59162688634109,nan,0.0,1.38219341140085,0.0,6.717079642042513,0.0,46.0,0.0,,0.00010445705313833685,,,,,,,1.2307107743621468,,1,0.6491420573383302,2.5841191411906905,inf,-inf,-0.5107858737108699,0.3992789914222115,-0.39877936385666185,0.23716788849933673,inf,-inf,2.623382570433862,0.23825740244654164,0.23825740244654164,0.23825740244654164,784,0.8541045495276055,0.8636405779188615,1.2677651535627512,,,-1.8806855012890416,1.1628820172093262,0.3223688413897299,3.980822243726319,0.5999727853981303,0.0,0.0,1.2970749369289485,1.1829529586637524,0.6491420573383302,2.5841191411906905
184,1.8527315543954064,-10.93337775233642,0.26256344228308837,0.0,-8.818082755657926,-10.93337775233642,nan,0.11681575274652056,0.14574768953656783,1.920822918985497,-10.59162688634109,0.26144835343422307,0.0,-8.409355613921369,-10.59162688634109,nan,0.0,1.4111507915553654,0.0,6.627204297118032,0.0,46.0,0.0,,0.00010303664731593152,,,,,,,1.2307107743621468,,1,0.6491420573383302,2.5841191411906905,inf,-inf,-0.5082526826366376,0.3971699125212515,-0.395796571851435,0.23622045537406103,inf,-inf,2.624226463885185,0.23819946418905816,0.23819946418905816,0.23819946418905816,784,0.8541045495276055,0.8636405779188615,1.2677651535627512,,,-1.8806855012890416,1.1628820172093262,0.3223688413897299,3.980822243726319,0.5999727853981303,0.0,0.0,1.2970749369289485,1.1829529586637524,0.6491420573383302,2.5841191411906905
185,1.869977241038591,-10.978245701320434,0.2625619723728437,0.0,-8.845706487909,-10.978245701320434,nan,0.11734344739236467,0.14521852498047896,1.920822918985497,-10.836213194576821,0.26154434154682205,0.0,-8.653845934044503,-10.836213194576821,nan,0.0,1.3687478795626962,0.0,6.539136006507161,0.0,46.0,0.0,,0.00010162193986072177,,,,,,,1.1961239057405955,,1,0.6275373330409338,2.516646192822673,inf,-inf,-0.5036505444330603,0.3944817051782434,-0.39445658133075817,0.2341779086131286,inf,-inf,2.6244943340715476,0.23806553174643583,0.23806553174643583,0.23806553174643583,784,0.8442405372989007,0.857943963235861,1.2618537515541335,,,-1.9045789040779424,1.1296825151824001,0.315685176324596,4.010352946855695,0.6031825960931263,0.0,0.0,1.2616697612933285,1.1493312300201874,0.6275373330409338,2.516646192822673
186,1.858329583027655,-11.022180447693252,0.26271210847662324,0.0,-8.901138756188974,-11.022180447693252,nan,0.11785239423967614,0.14485971423694693,1.920822918985497,-10.836213194576821,0.26154434154682205,0.0,-8.653845934044503,-10.836213194576821,nan,0.0,1.3769269918309357,0.0,6.451752738551304,0.0,46.0,0.0,,0.00010021308591132228,,,,,,,1.1961239057405955,,1,0.6275373330409338,2.516646192822673,inf,-inf,-0.5016852647734551,0.3929370295600232,-0.3918909926332362,0.23326643945275669,inf,-inf,2.6242934538414238,0.2379842048039525,0.2379842048039525,0.2379842048039525,784,0.8442405372989007,0.857943963235861,1.2618537515541335,,,-1.9045789040779424,1.1296825151824001,0.315685176324596,4.010352946855695,0.6031825960931263,0.0,0.0,1.2616697612933285,1.1493312300201874,0.6275373330409338,2.516646192822673
187,1.8600754531048513,-11.06621018007146,0.26270766502777165,0.0,-8.943427061938836,-11.06621018007146,nan,0.11835519033415305,0.14435247469361867,1.920822918985497,-10.836213194576821,0.26154434154682205,0.0,-8.653845934044503,-10.836213194576821,nan,0.0,1.3375891739651344,0.0,6.364497917292586,0.0,46.0,0.0,,9.881023996444511e-05,,,,,,,1.1961239057405955,,1,0.6275373330409338,2.516646192822673,inf,-inf,-0.4982537204681086,0.3899802187323868,-0.3878270386011552,0.2307485814404588,inf,-inf,2.625052001374686,0.23791822876251156,0.23791822876251156,0.23791822876251156,784,0.8442405372989007,0.857943963235861,1.2618537515541335,,,-1.9045789040779424,1.1296825151824001,0.315685176324596,4.010352946855695,0.6031825960931263,0.0,0.0,1.2616697612933285,1.1493312300201874,0.6275373330409338,2.516646192822673
188,1.8673259449450463,-11.107290828462338,0.26270262260477606,0.0,-8.977262260912516,-11.107290828462338,nan,0.11885108102897042,0.14385154157580562,1.920822918985497,-10.836213194576821,0.26154434154682205,0.0,-8.653845934044503,-10.836213194576821,nan,0.0,1.3399034715473577,0.0,6.283195315127648,0.0,46.0,0.0,,9.741355585795683e-05,,,,,,,1.1961239057405955,,1,0.6275373330409338,2.516646192822673,inf,-inf,-0.49642130981119437,0.3870231301622193,-0.385384600437098,0.2303607909343311,inf,-inf,2.625568528169491,0.2378403772476775,0.2378403772476775,0.2378403772476775,784,0.8442405372989007,0.857943963235861,1.2618537515541335,,,-1.9045789040779424,1.1296825151824001,0.315685176324596,4.010352946855695,0.6031825960931263,0.0,0.0,1.2616697612933285,1.1493312300201874,0.6275373330409338,2.516646192822673
189,1.8776969003102695,-11.149849885897279,0.2627474661651848,0.0,-9.009405519421824,-11.149849885897279,nan,0.11934569183033095,0.14340177433485377,1.920822918985497,-10.836213194576821,0.26154434154682205,0.0,-8.653845934044503,-10.836213194576821,nan,0.0,1.3233764868770728,0.0,6.19922826974953,0.0,46.0,0.0,,9.6023186754009e-05,,,,,,,1.1961239057405955,,1,0.6275373330409338,2.516646192822673,inf,-inf,-0.49342314914771407,0.38451895733857655,-0.3837790383488658,0.22863396544365536,inf,-inf,2.626048146177649,0.23775774532127222,0.23775774532127222,0.23775774532127222,784,0.8442405372989007,0.857943963235861,1.2618537515541335,,,-1.9045789040779424,1.1296825151824001,0.315685176324596,4.010352946855695,0.6031825960931263,0.0,0.0,1.2616697612933285,1.1493312300201874,0.6275373330409338,2.516646192822673
190,1.8771219244695623,-11.188737681055928,0.26285171762034226,0.0,-9.048764038966022,-11.188737681055928,nan,0.11983481602552601,0.14301690159481623,1.920822918985497,-11.050004108350834,0.26180856090086657,0.0,-8.86737262846447,-11.050004108350834,nan,0.0,1.3110435933512894,0.0,6.121751146883497,0.0,46.0,0.0,,9.463928512224188e-05,,,,,,,1.164721770898849,,1,0.6078898237757155,2.455210672722675,inf,-inf,-0.489849944439587,0.38202526729934844,-0.38065577041276977,0.22721861592772663,inf,-inf,2.6258207901423156,0.23766147645686597,0.23766147645686597,0.23766147645686597,784,0.835096903201856,0.8526297116036389,1.2567182840941291,,,-1.9268711162503072,1.0994719830570552,0.30958565373353913,4.0389073425722275,0.6062638900426871,0.0,0.0,1.2295370648150576,1.11858065025317,0.6078898237757155,2.455210672722675
191,1.875391858268798,-11.227279574071334,0.2628706309300721,0.0,-9.089017084872463,-11.227279574071334,nan,0.1203201746375335,0.14255045629253874,1.920822918985497,-11.050004108350834,0.26180856090086657,0.0,-8.86737262846447,-11.050004108350834,nan,0.0,1.257331816749515,0.0,6.045929734669832,0.0,46.0,0.0,,9.326200272306449e-05,,,,,,,1.164721770898849,,1,0.6078898237757155,2.455210672722675,inf,-inf,-0.4865078549476048,0.3784566541704828,-0.3777426773888653,0.22671668452544055,inf,-inf,2.626366849033471,0.2375623016710577,0.2375623016710577,0.2375623016710577,784,0.835096903201856,0.8526297116036389,1.2567182840941291,,,-1.9268711162503072,1.0994719830570552,0.30958565373353913,4.0389073425722275,0.6062638900426871,0.0,0.0,1.2295370648150576,1.11858065025317,0.6078898237757155,2.455210672722675
192,1.8630809280776293,-11.268553414244291,0.26291457831035203,0.0,-9.14255790785631,-11.268553414244291,nan,0.12079858816130355,0.1421159901490485,1.920822918985497,-11.050004108350834,0.26180856090086657,0.0,-8.86737262846447,-11.050004108350834,nan,0.0,1.2739544941062981,0.0,5.963678935971188,0.0,46.0,0.0,,9.189149059101255e-05,,,,,,,1.164721770898849,,1,0.6078898237757155,2.455210672722675,inf,-inf,-0.4835386073038972,0.37808053762134103,-0.3749255503925895,0.22459428182336522,inf,-inf,2.6264705675984716,0.23749202231183295,0.23749202231183295,0.23749202231183295,784,0.835096903201856,0.8526297116036389,1.2567182840941291,,,-1.9268711162503072,1.0994719830570552,0.30958565373353913,4.0389073425722275,0.6062638900426871,0.0,0.0,1.2295370648150576,1.11858065025317,0.6078898237757155,2.455210672722675
193,1.8807452200544632,-11.301394967102636,0.2629072324982495,0.0,-9.157742514549923,-11.301394967102636,nan,0.12126559779202678,0.1416416347062227,1.920822918985497,-11.050004108350834,0.26180856090086657,0.0,-8.86737262846447,-11.050004108350834,nan,0.0,1.244740217006784,0.0,5.898537959390416,0.0,46.0,0.0,,9.052789901818558e-05,,,,,,,1.164721770898849,,1,0.6078898237757155,2.455210672722675,inf,-inf,-0.48102032131541755,0.3737271843183229,-0.37202384008180306,0.22403845152677224,inf,-inf,2.627268498250933,0.2373349460995839,0.2373349460995839,0.2373349460995839,784,0.835096903201856,0.8526297116036389,1.2567182840941291,,,-1.9268711162503072,1.0994719830570552,0.30958565373353913,4.0389073425722275,0.6062638900426871,0.0,0.0,1.2295370648150576,1.11858065025317,0.6078898237757155,2.455210672722675
194,1.8654142896312416,-11.338332489271934,0.2629362810494332,0.0,-9.20998191859126,-11.338332489271934,nan,0.12172994959601033,0.14120633145342276,1.920822918985497,-11.050004108350834,0.26180856090086657,0.0,-8.86737262846447,-11.050004108350834,nan,0.0,1.2148848377513581,0.0,5.82606453432255,0.0,46.0,0.0,,8.917137753776574e-05,,,,,,,1.164721770898849,,1,0.6078898237757155,2.455210672722675,inf,-inf,-0.4779580060250744,0.371940164170362,-0.3716405431221597,0.22275830934172955,inf,-inf,2.6270084910197102,0.237285279094978,0.237285279094978,0.237285279094978,784,0.835096903201856,0.8526297116036389,1.2567182840941291,,,-1.9268711162503072,1.0994719830570552,0.30958565373353913,4.0389073425722275,0.6062638900426871,0.0,0.0,1.2295370648150576,1.11858065025317,0.6078898237757155,2.455210672722675
195,1.8614188230871105,-11.37244553792144,0.26308923430591835,0.0,-9.247937480528412,-11.37244553792144,nan,0.12218767898439727,0.14090155532152107,1.920822918985497,-11.237614705968458,0.26202849143790297,0.0,-9.054763295545058,-11.237614705968458,nan,0.0,1.221880147404457,0.0,5.757807088230421,0.0,46.0,0.0,,8.78220749076201e-05,,,,,,,1.1362844111749844,,1,0.5901716856569238,2.3999574896965155,inf,-inf,-0.47489571980509815,0.37126268698126036,-0.36911314393794836,0.22115907688509176,inf,-inf,2.627031883565147,0.2372613618332939,0.2372613618332939,0.2372613618332939,784,0.8266758624734925,0.8477063926127674,1.2510303555604878,,,-1.9475667635196836,1.0720721948421201,0.3040526736964423,4.066541225245511,0.6092251793918261,0.0,0.0,1.20043757755711,1.0920105522192958,0.5901716856569238,2.3999574896965155
196,1.8718971776191498,-11.40949356407779,0.26309699045939366,0.0,-9.274499395999246,-11.40949356407779,nan,0.12263529467983261,0.14046169577956102,1.920822918985497,-11.237614705968458,0.26202849143790297,0.0,-9.054763295545058,-11.237614705968458,nan,0.0,1.194250660963583,0.0,5.686306179143217,0.0,46.0,0.0,,8.648013909398721e-05,,,,,,,1.1362844111749844,,1,0.5901716856569238,2.3999574896965155,inf,-inf,-0.47201443934760823,0.3680320196140619,-0.36595938188550625,0.2197112370655594,inf,-inf,2.6269143879834047,0.23716868365584176,0.23716868365584176,0.23716868365584176,784,0.8266758624734925,0.8477063926127674,1.2510303555604878,,,-1.9475667635196836,1.0720721948421201,0.3040526736964423,4.066541225245511,0.6092251793918261,0.0,0.0,1.20043757755711,1.0920105522192958,0.5901716856569238,2.3999574896965155
197,1.864017369581901,-11.43974292552964,0.26314461223416613,0.0,-9.312580943713572,-11.43974292552964,nan,0.12308526198974112,0.14005935024442492,1.920822918985497,-11.237614705968458,0.26202849143790297,0.0,-9.054763295545058,-11.237614705968458,nan,0.0,1.1843803618620856,0.0,5.62446335773237,0.0,46.0,0.0,,8.514571725525128e-05,,,,,,,1.1362844111749844,,1,0.5901716856569238,2.3999574896965155,inf,-inf,-0.47078662615009986,0.36673814181790687,-0.363253960859084,0.21902873908012607,inf,-inf,2.627094471251255,0.23704471367191726,0.23704471367191726,0.23704471367191726,784,0.8266758624734925,0.8477063926127674,1.2510303555604878,,,-1.9475667635196836,1.0720721948421201,0.3040526736964423,4.066541225245511,0.6092251793918261,0.0,0.0,1.20043757755711,1.0920105522192958,0.5901716856569238,2.3999574896965155
198,1.8720873121521497,-11.469327689643585,0.2631934008510232,0.0,-9.334046976640412,-11.469327689643585,nan,0.12352382616091907,0.1396695746901041,1.920822918985497,-11.237614705968458,0.26202849143790297,0.0,-9.054763295545058,-11.237614705968458,nan,0.0,1.1720009487452594,0.0,5.565488608358277,0.0,46.0,0.0,,8.38189557258046e-05,,,,,,,1.1362844111749844,,1,0.5901716856569238,2.3999574896965155,inf,-inf,-0.4675584502287891,0.36376287154078435,-0.36156370436702734,0.2174460786125041,inf,-inf,2.626769068158753,0.2369954153503585,0.2369954153503585,0.2369954153503585,784,0.8266758624734925,0.8477063926127674,1.2510303555604878,,,-1.9475667635196836,1.0720721948421201,0.3040526736964423,4.066541225245511,0.6092251793918261,0.0,0.0,1.20043757755711,1.0920105522192958,0.5901716856569238,2.3999574896965155
199,1.88249496827558,-11.50225639126267,0.26323318924323336,0.0,-9.356528233743855,-11.50225639126267,nan,0.12396076225047613,0.13927242699275721,1.920822918985497,-11.237614705968458,0.26202849143790297,0.0,-9.054763295545058,-11.237614705968458,nan,0.0,1.164175047488653,0.0,5.500679762849074,0.0,46.0,0.0,,8.249999999999999e-05,,,,,,,1.1362844111749844,,1,0.5901716856569238,2.3999574896965155,inf,-inf,-0.46553721697291695,0.3625048652996494,-0.36011940756304733,0.21705730620033203,inf,-inf,2.6267838108410375,0.23692050605312617,0.23692050605312617,0.23692050605312617,784,0.8266758624734925,0.8477063926127674,1.2510303555604878,,,-1.9475667635196836,1.0720721948421201,0.3040526736964423,4.066541225245511,0.6092251793918261,0.0,0.0,1.20043757755711,1.0920105522192958,0.5901716856569238,2.3999574896965155
200,1.8753489442864255,-11.533988831081905,0.2633026405586578,0.0,-9.39533724623682,-11.533988831081905,nan,0.12438701757036343,0.1389156229882943,1.920822918985497,-11.401370759169623,0.26224263267808007,0.0,-9.218305207506047,-11.401370759169623,nan,0.0,1.1401450325738702,0.0,5.437147088028709,0.0,46.0,0.0,,8.118899471619618e-05,,,,,,,1.110621274104988,,1,0.5742045312716234,2.34952829788618,inf,-inf,-0.46300837082995167,0.35937361125993394,-0.35826664655266227,0.21604296042617455,inf,-inf,2.6265605957129727,0.23685345015538786,0.23685345015538786,0.23685345015538786,784,0.818871913237867,0.8431254422344314,1.2458597924191515,,,-1.9666582766432241,1.0473665165587267,0.2990597566729295,4.091796859705992,0.6119140647032104,0.0,0.0,1.17419722551072,1.067029772236617,0.5742045312716234,2.34952829788618
201,1.8559968838020866,-11.56610090350374,0.26338830723740697,0.0,-9.446715712464247,-11.56610090350374,nan,0.12480258026701559,0.13858572697039137,1.920822918985497,-11.401370759169623,0.26224263267808007,0.0,-9.218305207506047,-11.401370759169623,nan,0.0,1.1310021055183856,0.0,5.37466450266622,0.0,46.0,0.0,,7.988608364089617e-05,,,,,,,1.110621274104988,,1,0.5742045312716234,2.34952829788618,inf,-inf,-0.4610257756526375,0.3578135077325858,-0.35481161585484305,0.2148924956439046,inf,-inf,2.6265260500129135,0.23681366421738084,0.23681366421738084,0.23681366421738084,784,0.818871913237867,0.8431254422344314,1.2458597924191515,,,-1.9666582766432241,1.0473665165587267,0.2990597566729295,4.091796859705992,0.6119140647032104,0.0,0.0,1.17419722551072,1.067029772236617,0.5742045312716234,2.34952829788618
202,1.8706155270067983,-11.589765850199965,0.2634004023905329,0.0,-9.455749920802635,-11.589765850199965,nan,0.1252227944214899,0.13817760796904294,1.920822918985497,-11.401370759169623,0.26224263267808007,0.0,-9.218305207506047,-11.401370759169623,nan,0.0,1.1387200335118397,0.0,5.327034500517923,0.0,46.0,0.0,,7.859140965298178e-05,,,,,,,1.110621274104988,,1,0.5742045312716234,2.34952829788618,inf,-inf,-0.45899887123426564,0.35635625622231604,-0.3532633929734341,0.21337552352989075,inf,-inf,2.626483847010537,0.23670022702937188,0.23670022702937188,0.23670022702937188,784,0.818871913237867,0.8431254422344314,1.2458597924191515,,,-1.9666582766432241,1.0473665165587267,0.2990597566729295,4.091796859705992,0.6119140647032104,0.0,0.0,1.17419722551072,1.067029772236617,0.5742045312716234,2.34952829788618
203,1.8674075595754118,-11.618533183681393,0.26342318916019847,0.0,-9.487702434945783,-11.618533183681393,nan,0.12562451444226658,0.13779867471793195,1.920822918985497,-11.401370759169623,0.26224263267808007,0.0,-9.218305207506047,-11.401370759169623,nan,0.0,1.1206323363105597,0.0,5.270826850875322,0.0,46.0,0.0,,7.730511472804555e-05,,,,,,,1.110621274104988,,1,0.5742045312716234,2.34952829788618,inf,-inf,-0.4561767124434621,0.3543212548708277,-0.3524817501002994,0.21231934061894198,inf,-inf,2.6263469980408973,0.236618075199575,0.236618075199575,0.236618075199575,784,0.818871913237867,0.8431254422344314,1.2458597924191515,,,-1.9666582766432241,1.0473665165587267,0.2990597566729295,4.091796859705992,0.6119140647032104,0.0,0.0,1.17419722551072,1.067029772236617,0.5742045312716234,2.34952829788618
204,1.8685084124791556,-11.64653620113811,0.26351287879028,0.0,-9.514514909868675,-11.64653620113811,nan,0.1260308236054828,0.13748205518479714,1.920822918985497,-11.401370759169623,0.26224263267808007,0.0,-9.218305207506047,-11.401370759169623,nan,0.0,1.0772853084351088,0.0,5.215333782289653,0.0,46.0,0.0,,7.602733992282116e-05,,,,,,,1.110621274104988,,1,0.5742045312716234,2.34952829788618,inf,-inf,-0.4537694434758045,0.3523809633457963,-0.35039910028053173,0.2110615601491989,inf,-inf,2.62609976712721,0.236570478348932,0.236570478348932,0.236570478348932,784,0.818871913237867,0.8431254422344314,1.2458597924191515,,,-1.9666582766432241,1.0473665165587267,0.2990597566729295,4.091796859705992,0.6119140647032104,0.0,0.0,1.17419722551072,1.067029772236617,0.5742045312716234,2.34952829788618
205,1.8647384139124366,-11.675790944732636,0.2635676746197369,0.0,-9.547484856200464,-11.675790944732636,nan,0.12642705281414077,0.13714062180559602,1.920822918985497,-11.544718079255055,0.2624869638117686,0.0,-9.36140819645779,-11.544718079255055,nan,0.0,1.0792633655716022,0.0,5.158233909029182,0.0,46.0,0.0,,7.475822535971515e-05,,,,,,,1.087512343645808,,1,0.5598104793253009,2.3046173981441287,inf,-inf,-0.45154908482936007,0.3514026958690651,-0.3477202891876269,0.21040711467854997,inf,-inf,2.625951414738298,0.23651036642368822,0.23651036642368822,0.23651036642368822,784,0.8116568503827175,0.8388639061773467,1.241231291015384,,,-1.984179177683024,1.0251900096825206,0.294569562017895,4.116781452397457,0.6145578122155759,0.0,0.0,1.1505776039911557,1.0448698642358423,0.5598104793253009,2.3046173981441287
206,1.869047808695552,-11.69779520875729,0.263634313461525,0.0,-9.565113086600213,-11.69779520875729,nan,0.12681285889758037,0.1368214545639446,1.920822918985497,-11.544718079255055,0.2624869638117686,0.0,-9.36140819645779,-11.544718079255055,nan,0.0,1.0745123307042248,0.0,5.113316979911159,0.0,46.0,0.0,,7.349791021144112e-05,,,,,,,1.087512343645808,,1,0.5598104793253009,2.3046173981441287,inf,-inf,-0.44958613180015833,0.34911353603268785,-0.34555276946462155,0.2097319166292134,inf,-inf,2.6255571073585964,0.23642521061484603,0.23642521061484603,0.23642521061484603,784,0.8116568503827175,0.8388639061773467,1.241231291015384,,,-1.984179177683024,1.0251900096825206,0.294569562017895,4.116781452397457,0.6145578122155759,0.0,0.0,1.1505776039911557,1.0448698642358423,0.5598104793253009,2.3046173981441287
207,1.866805856927308,-11.724765370646491,0.26361644363405606,0.0,-9.594343070085127,-11.724765370646491,nan,0.12718584479668274,0.13643059883737327,1.920822918985497,-11.544718079255055,0.2624869638117686,0.0,-9.36140819645779,-11.544718079255055,nan,0.0,1.074496583716863,0.0,5.060987173260461,0.0,46.0,0.0,,7.224653268575744e-05,,,,,,,1.087512343645808,,1,0.5598104793253009,2.3046173981441287,inf,-inf,-0.4463141736446857,0.3477528284057583,-0.34471000713931704,0.208327207089518,inf,-inf,2.6256932887049604,0.23633262583293344,0.23633262583293344,0.23633262583293344,784,0.8116568503827175,0.8388639061773467,1.241231291015384,,,-1.984179177683024,1.0251900096825206,0.294569562017895,4.116781452397457,0.6145578122155759,0.0,0.0,1.1505776039911557,1.0448698642358423,0.5598104793253009,2.3046173981441287
208,1.8626136801300834,-11.747753763528925,0.2636941155347701,0.0,-9.621445967864071,-11.747753763528925,nan,0.12756792194212774,0.13612619359264233,1.920822918985497,-11.544718079255055,0.2624869638117686,0.0,-9.36140819645779,-11.544718079255055,nan,0.0,1.0771341015870395,0.0,5.0144943329287255,0.0,46.0,0.0,,7.100423001031158e-05,,,,,,,1.087512343645808,,1,0.5598104793253009,2.3046173981441287,inf,-inf,-0.44593980710899267,0.3462081302067432,-0.3431293250317871,0.2081916597580926,inf,-inf,2.6253713417388984,0.2362737364248011,0.2362737364248011,0.2362737364248011,784,0.8116568503827175,0.8388639061773467,1.241231291015384,,,-1.984179177683024,1.0251900096825206,0.294569562017895,4.116781452397457,0.6145578122155759,0.0,0.0,1.1505776039911557,1.0448698642358423,0.5598104793253009,2.3046173981441287
209,1.8729552076475837,-11.771799742134608,0.2637660843603814,0.0,-9.635078450126642,-11.771799742134608,nan,0.12793931143513865,0.13582677292524278,1.920822918985497,-11.544718079255055,0.2624869638117686,0.0,-9.36140819645779,-11.544718079255055,nan,0.0,1.0672219772792493,0.0,4.967331469300715,0.0,46.0,0.0,,6.977113841759144e-05,,,,,,,1.087512343645808,,1,0.5598104793253009,2.3046173981441287,inf,-inf,-0.4438152547363324,0.34456079971023834,-0.3406626365523118,0.2069475842119053,inf,-inf,2.624813292392909,0.23622494742423641,0.23622494742423641,0.23622494742423641,784,0.8116568503827175,0.8388639061773467,1.241231291015384,,,-1.984179177683024,1.0251900096825206,0.294569562017895,4.116781452397457,0.6145578122155759,0.0,0.0,1.1505776039911557,1.0448698642358423,0.5598104793253009,2.3046173981441287
210,1.8588612936626567,-11.79458350734928,0.26377504470285457,0.0,-9.67194716898377,-11.79458350734928,nan,0.1282907292829575,0.13548431541989706,1.920822918985497,-11.66983274061719,0.26267555456335134,0.0,-9.486334267068342,-11.66983274061719,nan,0.0,1.0349199858015525,0.0,4.921946877847149,0.0,46.0,0.0,,6.854739312998572e-05,,,,,,,1.066954435710969,,1,0.5470157522691841,2.2642742729556367,inf,-inf,-0.4409210045023068,0.34257878099990885,-0.3390856930494462,0.20595604618124477,inf,-inf,2.6244153558119256,0.23614911064473826,0.23614911064473826,0.23614911064473826,784,0.8049982520521509,0.8349136913997168,1.237193725902394,,,-1.99999848958299,1.0053065909716945,0.2906020698705898,4.1393218816144755,0.6169291992863912,0.0,0.0,1.1295884963110991,1.0252895542763225,0.5470157522691841,2.2642742729556367
211,1.8648990918817296,-11.816404928296961,0.26375558618884704,0.0,-9.687750250226385,-11.816404928296961,nan,0.12864831937771246,0.13510726681113464,1.920822918985497,-11.66983274061719,0.26267555456335134,0.0,-9.486334267068342,-11.66983274061719,nan,0.0,1.0123139409378636,0.0,4.878214854666383,0.0,46.0,0.0,,6.733312834495569e-05,,,,,,,1.066954435710969,,1,0.5470157522691841,2.2642742729556367,inf,-inf,-0.4390604380960485,0.3409505707628473,-0.3383811271766974,0.20506749571031044,inf,-inf,2.624898363294382,0.23604518483351394,0.23604518483351394,0.23604518483351394,784,0.8049982520521509,0.8349136913997168,1.237193725902394,,,-1.99999848958299,1.0053065909716945,0.2906020698705898,4.1393218816144755,0.6169291992863912,0.0,0.0,1.1295884963110991,1.0252895542763225,0.5470157522691841,2.2642742729556367
212,1.8665961297738114,-11.840133927697467,0.2638243176435666,0.0,-9.70971348028009,-11.840133927697467,nan,0.12899015292499197,0.13483416471857468,1.920822918985497,-11.66983274061719,0.26267555456335134,0.0,-9.486334267068342,-11.66983274061719,nan,0.0,1.0195691686291952,0.0,4.8327150887795804,0.0,46.0,0.0,,6.612847722031848e-05,,,,,,,1.066954435710969,,1,0.5470157522691841,2.2642742729556367,inf,-inf,-0.43794183764130534,0.33910256064629946,-0.33672538705469657,0.20452713741458053,inf,-inf,2.624021592800217,0.236013096262558,0.236013096262558,0.236013096262558,784,0.8049982520521509,0.8349136913997168,1.237193725902394,,,-1.99999848958299,1.0053065909716945,0.2906020698705898,4.1393218816144755,0.6169291992863912,0.0,0.0,1.1295884963110991,1.0252895542763225,0.5470157522691841,2.2642742729556367
213,1.8588644782916675,-11.86101645629032,0.263907773387972,0.0,-9.73824420461068,-11.86101645629032,nan,0.12933637804115025,0.1345713953468217,1.920822918985497,-11.66983274061719,0.26267555456335134,0.0,-9.486334267068342,-11.66983274061719,nan,0.0,1.0162068173620618,0.0,4.790404564640891,0.0,46.0,0.0,,6.493357185964504e-05,,,,,,,1.066954435710969,,1,0.5470157522691841,2.2642742729556367,inf,-inf,-0.4353490788572657,0.338386444800116,-0.33434434373577016,0.20401837098295797,inf,-inf,2.6233783656898413,0.235959450998861,0.235959450998861,0.235959450998861,784,0.8049982520521509,0.8349136913997168,1.237193725902394,,,-1.99999848958299,1.0053065909716945,0.2906020698705898,4.1393218816144755,0.6169291992863912,0.0,0.0,1.1295884963110991,1.0252895542763225,0.5470157522691841,2.2642742729556367
214,1.8672136530214312,-11.881958013430557,0.2639084187495827,0.0,-9.750835941659542,-11.881958013430557,nan,0.12966913554801818,0.1342392832015645,1.920822918985497,-11.66983274061719,0.26267555456335134,0.0,-9.486334267068342,-11.66983274061719,nan,0.0,1.0170831767554354,0.0,4.749445951837067,0.0,46.0,0.0,,6.374854329777363e-05,,,,,,,1.066954435710969,,1,0.5470157522691841,2.2642742729556367,inf,-inf,-0.434524613186514,0.3370123143289264,-0.33245352628956487,0.2032101111368127,inf,-inf,2.623322528789975,0.2358679616716141,0.2358679616716141,0.2358679616716141,784,0.8049982520521509,0.8349136913997168,1.237193725902394,,,-1.99999848958299,1.0053065909716945,0.2906020698705898,4.1393218816144755,0.6169291992863912,0.0,0.0,1.1295884963110991,1.0252895542763225,0.5470157522691841,2.2642742729556367
215,1.8757566339082559,-11.903045463982329,0.26392603339049553,0.0,-9.763362796683577,-11.903045463982329,nan,0.12998720334038125,0.13393883005011417,1.920822918985497,-11.777919754145323,0.26283646281821815,0.0,-9.594260372341608,-11.777919754145323,nan,0.0,0.9952967281281481,0.0,4.707632829479792,0.0,46.0,0.0,,6.257352148644002e-05,,,,,,,1.0487405037195157,,1,0.5355859611250715,2.228696004971521,inf,-inf,-0.4324855313379284,0.33483182719481835,-0.3310494229261788,0.20209173012713835,inf,-inf,2.623094695591181,0.23583642278401146,0.23583642278401146,0.23583642278401146,784,0.7988411491100575,0.8312432998555214,1.2330267827973371,,,-2.0141764615059463,0.9877989142683958,0.2871228705422117,4.1612293202940585,0.6192216498938932,0.0,0.0,1.1110122758075214,1.007687443002872,0.5355859611250715,2.228696004971521
216,1.870724463830949,-11.921314993058854,0.2639816477905564,0.0,-9.786608881437347,-11.921314993058854,nan,0.13031310835386534,0.13366853943669108,1.920822918985497,-11.777919754145323,0.26283646281821815,0.0,-9.594260372341608,-11.777919754145323,nan,0.0,1.0041746517610253,0.0,4.67184774148232,0.0,46.0,0.0,,6.140863528002722e-05,,,,,,,1.0487405037195157,,1,0.5355859611250715,2.228696004971521,inf,-inf,-0.43129804251219583,0.333189523742405,-0.3306785413862573,0.20166137132581008,inf,-inf,2.622236766133149,0.23577671371587128,0.23577671371587128,0.23577671371587128,784,0.7988411491100575,0.8312432998555214,1.2330267827973371,,,-2.0141764615059463,0.9877989142683958,0.2871228705422117,4.1612293202940585,0.6192216498938932,0.0,0.0,1.1110122758075214,1.007687443002872,0.5355859611250715,2.228696004971521
217,1.858513890479303,-11.940825653155752,0.26402081259457183,0.0,-9.818290950081877,-11.940825653155752,nan,0.13063002405398536,0.13339078854058647,1.920822918985497,-11.777919754145323,0.26283646281821815,0.0,-9.594260372341608,-11.777919754145323,nan,0.0,0.9880300769084982,0.0,4.6326231049909055,0.0,46.0,0.0,,6.025401242143478e-05,,,,,,,1.0487405037195157,,1,0.5355859611250715,2.228696004971521,inf,-inf,-0.42957772422649504,0.3315177333096966,-0.3291526846684858,0.20080573489497597,inf,-inf,2.6218449220978894,0.23571157481594782,0.23571157481594782,0.23571157481594782,784,0.7988411491100575,0.8312432998555214,1.2330267827973371,,,-2.0141764615059463,0.9877989142683958,0.2871228705422117,4.1612293202940585,0.6192216498938932,0.0,0.0,1.1110122758075214,1.007687443002872,0.5355859611250715,2.228696004971521
218,1.8639448626317843,-11.958948306967514,0.2640756896842421,0.0,-9.830927754651487,-11.958948306967514,nan,0.13094937714745783,0.13312631253678428,1.920822918985497,-11.777919754145323,0.26283646281821815,0.0,-9.594260372341608,-11.777919754145323,nan,0.0,0.9794262163927078,0.0,4.5974077192049005,0.0,46.0,0.0,,5.9109779528070484e-05,,,,,,,1.0487405037195157,,1,0.5355859611250715,2.228696004971521,inf,-inf,-0.4277518098562339,0.3309169805750411,-0.3271025199309852,0.19973807515419692,inf,-inf,2.621443365236095,0.2356545741815924,0.2356545741815924,0.2356545741815924,784,0.7988411491100575,0.8312432998555214,1.2330267827973371,,,-2.0141764615059463,0.9877989142683958,0.2871228705422117,4.1612293202940585,0.6192216498938932,0.0,0.0,1.1110122758075214,1.007687443002872,0.5355859611250715,2.228696004971521
219,1.8792243108559479,-11.976306377728704,0.264095018392245,0.0,-9.832987048480511,-11.976306377728704,nan,0.13124708175095998,0.13284793664128497,1.920822918985497,-11.777919754145323,0.26283646281821815,0.0,-9.594260372341608,-11.777919754145323,nan,0.0,0.969336098028716,0.0,4.562998961962207,0.0,46.0,0.0,,5.7976062077965586e-05,,,,,,,1.0487405037195157,,1,0.5355859611250715,2.228696004971521,inf,-inf,-0.4256551440417743,0.32951084299565414,-0.32565949773645436,0.19910606918918172,inf,-inf,2.621484730320798,0.2355871552287966,0.2355871552287966,0.2355871552287966,784,0.7988411491100575,0.8312432998555214,1.2330267827973371,,,-2.0141764615059463,0.9877989142683958,0.2871228705422117,4.1612293202940585,0.6192216498938932,0.0,0.0,1.1110122758075214,1.007687443002872,0.5355859611250715,2.228696004971521
220,1.8680900187346299,-11.995573975395418,0.26410785803365916,0.0,-9.863376098627128,-11.995573975395418,nan,0.1315423341418018,0.13256552389185738,1.920822918985497,-11.872476585259545,0.26299729514000736,0.0,-9.68865637113404,-11.872476585259545,nan,0.0,0.975417628838446,0.0,4.525158450918695,0.0,46.0,0.0,,5.685298439601424e-05,,,,,,,1.0325726072760222,,1,0.5254089440131936,2.197128148266821,inf,-inf,-0.4240900103663289,0.3277640937250153,-0.32454154591065865,0.19850770859005962,inf,-inf,2.6205821183179263,0.23553578333427821,0.23553578333427821,0.23553578333427821,784,0.7931574179963878,0.8278380165807903,1.2294633670072705,,,-2.0268938764839777,0.9721338326031501,0.28406399314375075,4.181748661308759,0.6213579265479034,0.0,0.0,1.0945490354782765,0.9913899308941574,0.5254089440131936,2.197128148266821
221,1.8771024778563443,-12.011018451132802,0.26412902145181755,0.0,-9.869786951824642,-12.011018451132802,nan,0.1318275187997311,0.13230150265208643,1.920822918985497,-11.872476585259545,0.26299729514000736,0.0,-9.68865637113404,-11.872476585259545,nan,0.0,0.9743701326387142,0.0,4.495028596153703,0.0,46.0,0.0,,5.5740669640340166e-05,,,,,,,1.0325726072760222,,1,0.5254089440131936,2.197128148266821,inf,-inf,-0.4226217341007506,0.326541134150954,-0.3234079406141199,0.1978886725913545,inf,-inf,2.620063811046457,0.23545804522373726,0.23545804522373726,0.23545804522373726,784,0.7931574179963878,0.8278380165807903,1.2294633670072705,,,-2.0268938764839777,0.9721338326031501,0.28406399314375075,4.181748661308759,0.6213579265479034,0.0,0.0,1.0945490354782765,0.9913899308941574,0.5254089440131936,2.197128148266821
222,1.8753013685664772,-12.02710092177891,0.2641670986866519,0.0,-9.88763245452578,-12.02710092177891,nan,0.1321194544372272,0.13204764424942478,1.920822918985497,-11.872476585259545,0.26299729514000736,0.0,-9.68865637113404,-11.872476585259545,nan,0.0,0.9543566424498168,0.0,4.462893144777647,0.0,46.0,0.0,,5.463923978879106e-05,,,,,,,1.0325726072760222,,1,0.5254089440131936,2.197128148266821,inf,-inf,-0.4219492855663834,0.3253301580868668,-0.32247367679207883,0.197414498642311,inf,-inf,2.6196199429811524,0.23541636343465794,0.23541636343465794,0.23541636343465794,784,0.7931574179963878,0.8278380165807903,1.2294633670072705,,,-2.0268938764839777,0.9721338326031501,0.28406399314375075,4.181748661308759,0.6213579265479034,0.0,0.0,1.0945490354782765,0.9913899308941574,0.5254089440131936,2.197128148266821
223,1.8717752002577688,-12.043705408698361,0.2641747100585604,0.0,-9.907755498382032,-12.043705408698361,nan,0.1323901596874739,0.13178455037108655,1.920822918985497,-11.872476585259545,0.26299729514000736,0.0,-9.68865637113404,-11.872476585259545,nan,0.0,0.9465469103211589,0.0,4.429339789685046,0.0,46.0,0.0,,5.3548815625562027e-05,,,,,,,1.0325726072760222,,1,0.5254089440131936,2.197128148266821,inf,-inf,-0.42045762973331685,0.324372944618277,-0.32150946071288244,0.19648870330921595,inf,-inf,2.618942844284062,0.23535534575154538,0.23535534575154538,0.23535534575154538,784,0.7931574179963878,0.8278380165807903,1.2294633670072705,,,-2.0268938764839777,0.9721338326031501,0.28406399314375075,4.181748661308759,0.6213579265479034,0.0,0.0,1.0945490354782765,0.9913899308941574,0.5254089440131936,2.197128148266821
224,1.8765442959746577,-12.061262234344754,0.26423035162634484,0.0,-9.920487586743752,-12.061262234344754,nan,0.1326769204327009,0.13155343119364393,1.920822918985497,-11.872476585259545,0.26299729514000736,0.0,-9.68865637113404,-11.872476585259545,nan,0.0,0.9312184086611611,0.0,4.395046332489512,0.0,46.0,0.0,,5.2469516727950645e-05,,,,,,,1.0325726072760222,,1,0.5254089440131936,2.197128148266821,inf,-inf,-0.41919054678725737,0.32365092822219205,-0.3200652701470789,0.1958452155358067,inf,-inf,2.618728956130217,0.2353228792122622,0.2353228792122622,0.2353228792122622,784,0.7931574179963878,0.8278380165807903,1.2294633670072705,,,-2.0268938764839777,0.9721338326031501,0.28406399314375075,4.181748661308759,0.6213579265479034,0.0,0.0,1.0945490354782765,0.9913899308941574,0.5254089440131936,2.197128148266821
225,1.8751441278114802,-12.07571997501232,0.2642354547369099,0.0,-9.936340392463928,-12.07571997501232,nan,0.13294102330024704,0.1312944314366628,1.920822918985497,-11.955181137584663,0.26309440950485097,0.0,-9.771263809094316,-11.955181137584663,nan,0.0,0.9150797965798624,0.0,4.367266051342854,0.0,46.0,0.0,,5.1401461453243575e-05,,,,,,,1.0182678317547005,,1,0.516359346265734,2.1693039794393,inf,-inf,-0.4179729372472184,0.32286887548453225,-0.31848763237622363,0.195741729330134,inf,-inf,2.6181296756583254,0.23525846977701914,0.23525846977701914,0.23525846977701914,784,0.787911382417386,0.8246875229519083,1.225842045021902,,,-2.038233734426478,0.958161459203457,0.28138198376344714,4.201151765969801,0.6233683706436087,0.0,0.0,1.0799931616357432,0.9773301970267587,0.516359346265734,2.1693039794393
226,1.8679245717952118,-12.090109541308841,0.26425333342305213,0.0,-9.957931636090576,-12.090109541308841,nan,0.13320798652416163,0.1310453468988905,1.920822918985497,-11.955181137584663,0.26309440950485097,0.0,-9.771263809094316,-11.955181137584663,nan,0.0,0.9327551780224689,0.0,4.338256188457276,0.0,46.0,0.0,,5.0344766925737514e-05,,,,,,,1.0182678317547005,,1,0.516359346265734,2.1693039794393,inf,-inf,-0.4158507997735827,0.3215161233529744,-0.31798486076635835,0.19505607335535552,inf,-inf,2.617671135732273,0.2351962869727169,0.2351962869727169,0.2351962869727169,784,0.787911382417386,0.8246875229519083,1.225842045021902,,,-2.038233734426478,0.958161459203457,0.28138198376344714,4.201151765969801,0.6233683706436087,0.0,0.0,1.0799931616357432,0.9773301970267587,0.516359346265734,2.1693039794393
227,1.8752201038259275,-12.104484193929062,0.2642574423127658,0.0,-9.965006647790368,-12.104484193929062,nan,0.133460848385715,0.13079659392705065,1.920822918985497,-11.955181137584663,0.26309440950485097,0.0,-9.771263809094316,-11.955181137584663,nan,0.0,0.9257178349175558,0.0,4.309758828924546,0.0,46.0,0.0,,4.929954902389538e-05,,,,,,,1.0182678317547005,,1,0.516359346265734,2.1693039794393,inf,-inf,-0.41452702875752107,0.3202467124784079,-0.31681290124596434,0.19422797877328546,inf,-inf,2.6175147861693144,0.23512380641952246,0.23512380641952246,0.23512380641952246,784,0.787911382417386,0.8246875229519083,1.225842045021902,,,-2.038233734426478,0.958161459203457,0.28138198376344714,4.201151765969801,0.6233683706436087,0.0,0.0,1.0799931616357432,0.9773301970267587,0.516359346265734,2.1693039794393
228,1.8703209789530262,-12.120997150604591,0.2642968719067383,0.0,-9.986379299744826,-12.120997150604591,nan,0.13371343236733582,0.13058343953940255,1.920822918985497,-11.955181137584663,0.26309440950485097,0.0,-9.771263809094316,-11.955181137584663,nan,0.0,0.9034374419197889,0.0,4.277564596046409,0.0,46.0,0.0,,4.826592236763859e-05,,,,,,,1.0182678317547005,,1,0.516359346265734,2.1693039794393,inf,-inf,-0.4135172040609098,0.3192405531420023,-0.31542604349850467,0.19405815764556067,inf,-inf,2.616661161356673,0.23509064805117702,0.23509064805117702,0.23509064805117702,784,0.787911382417386,0.8246875229519083,1.225842045021902,,,-2.038233734426478,0.958161459203457,0.28138198376344714,4.201151765969801,0.6233683706436087,0.0,0.0,1.0799931616357432,0.9773301970267587,0.516359346265734,2.1693039794393
229,1.8637899181749276,-12.131012825126541,0.2643082067605351,0.0,-10.002914700191079,-12.131012825126541,nan,0.13396244766730495,0.13034575909323004,1.920822918985497,-11.955181137584663,0.26309440950485097,0.0,-9.771263809094316,-11.955181137584663,nan,0.0,0.8941933448604181,0.0,4.2571778827049505,0.0,46.0,0.0,,4.724400030577784e-05,,,,,,,1.0182678317547005,,1,0.516359346265734,2.1693039794393,inf,-inf,-0.4121203334775472,0.3184254808857546,-0.31465203033268774,0.19341644969053778,inf,-inf,2.6158651878939754,0.23505059636146236,0.23505059636146236,0.23505059636146236,784,0.787911382417386,0.8246875229519083,1.225842045021902,,,-2.038233734426478,0.958161459203457,0.28138198376344714,4.201151765969801,0.6233683706436087,0.0,0.0,1.0799931616357432,0.9773301970267587,0.516359346265734,2.1693039794393
230,1.8749165650405752,-12.146800885672741,0.2643431910213242,0.0,-10.007541129610843,-12.146800885672741,nan,0.13419909135537794,0.13014409966594612,1.920822918985497,-12.02697382072352,0.26319018128897814,0.0,-9.842960720449044,-12.02697382072352,nan,0.0,0.8985169545478845,0.0,4.225953614590861,0.0,46.0,0.0,,4.623389490358338e-05,,,,,,,1.0056413969736768,,1,0.508365904234695,2.144873986134941,inf,-inf,-0.41129775896905874,0.3174893625905559,-0.31353474049823027,0.19248896864908735,inf,-inf,2.615547288072049,0.2350037335547684,0.2350037335547684,0.2350037335547684,784,0.7831309958847819,0.8217994207897805,1.2226108292145774,,,-2.0483106807109674,0.9460855667862424,0.27904473680183367,4.219153897356434,0.6252253669447392,0.0,0.0,1.0671717954945183,0.9654147540805287,0.508365904234695,2.144873986134941
231,1.853987879705511,-12.15743243773959,0.2643404584544691,0.0,-10.03910409957961,-12.15743243773959,nan,0.1344297904538326,0.12991066800063655,1.920822918985497,-12.02697382072352,0.26319018128897814,0.0,-9.842960720449044,-12.02697382072352,nan,0.0,0.9053248730306293,0.0,4.204703318282799,0.0,46.0,0.0,,4.523571693049536e-05,,,,,,,1.0056413969736768,,1,0.508365904234695,2.144873986134941,inf,-inf,-0.40972529621564985,0.3163490722800853,-0.3120824386833603,0.19235552927770372,inf,-inf,2.615341599289107,0.2349362088557749,0.2349362088557749,0.2349362088557749,784,0.7831309958847819,0.8217994207897805,1.2226108292145774,,,-2.0483106807109674,0.9460855667862424,0.27904473680183367,4.219153897356434,0.6252253669447392,0.0,0.0,1.0671717954945183,0.9654147540805287,0.508365904234695,2.144873986134941
232,1.8737707087593838,-12.171367926359114,0.2643761350352021,0.0,-10.033221082564527,-12.171367926359114,nan,0.13466726768887102,0.12970886734633116,1.920822918985497,-12.02697382072352,0.26319018128897814,0.0,-9.842960720449044,-12.02697382072352,nan,0.0,0.885143781032432,0.0,4.178425851888937,0.0,46.0,0.0,,4.42495758479769e-05,,,,,,,1.0056413969736768,,1,0.508365904234695,2.144873986134941,inf,-inf,-0.4094654761789907,0.3153932448598224,-0.31155686872213423,0.19167758298517126,inf,-inf,2.61434904447077,0.23490378598521755,0.23490378598521755,0.23490378598521755,784,0.7831309958847819,0.8217994207897805,1.2226108292145774,,,-2.0483106807109674,0.9460855667862424,0.27904473680183367,4.219153897356434,0.6252253669447392,0.0,0.0,1.0671717954945183,0.9654147540805287,0.508365904234695,2.144873986134941
233,1.8598048553907531,-12.182760973525943,0.26439206343177635,0.0,-10.058564054703414,-12.182760973525943,nan,0.13490191773296384,0.1294901456988125,1.920822918985497,-12.02697382072352,0.26319018128897814,0.0,-9.842960720449044,-12.02697382072352,nan,0.0,0.8735946084078214,0.0,4.155195427417745,0.0,46.0,0.0,,4.3275579797510595e-05,,,,,,,1.0056413969736768,,1,0.508365904234695,2.144873986134941,inf,-inf,-0.4076077614742931,0.31420815928593987,-0.30999465059135645,0.1911466680716482,inf,-inf,2.61392714954052,0.23484484063721622,0.23484484063721622,0.23484484063721622,784,0.7831309958847819,0.8217994207897805,1.2226108292145774,,,-2.0483106807109674,0.9460855667862424,0.27904473680183367,4.219153897356434,0.6252253669447392,0.0,0.0,1.0671717954945183,0.9654147540805287,0.508365904234695,2.144873986134941
234,1.8725845125067162,-12.19617466850383,0.26442301234755206,0.0,-10.059167143649562,-12.19617466850383,nan,0.1351181610135116,0.12930485133404046,1.920822918985497,-12.02697382072352,0.26319018128897814,0.0,-9.842960720449044,-12.02697382072352,nan,0.0,0.8836434745679441,0.0,4.129214992508318,0.0,46.0,0.0,,4.231383558873924e-05,,,,,,,1.0056413969736768,,1,0.508365904234695,2.144873986134941,inf,-inf,-0.4068551928726563,0.3133081625244296,-0.30954243896646394,0.19060449499862572,inf,-inf,2.6131043646600514,0.23482986945179612,0.23482986945179612,0.23482986945179612,784,0.7831309958847819,0.8217994207897805,1.2226108292145774,,,-2.0483106807109674,0.9460855667862424,0.27904473680183367,4.219153897356434,0.6252253669447392,0.0,0.0,1.0671717954945183,0.9654147540805287,0.508365904234695,2.144873986134941
235,1.8727402147244636,-12.20840032124842,0.26440349607866226,0.0,-10.071256610445293,-12.20840032124842,nan,0.13533234423022952,0.12907115184843268,1.920822918985497,-12.089942940802644,0.2632520459527357,0.0,-9.90586797586441,-12.089942940802644,nan,0.0,0.8852164576311828,0.0,4.105993340113306,0.0,46.0,0.0,,4.136444868775326e-05,,,,,,,0.9944579045239661,,1,0.5012542800052895,2.123174443800634,inf,-inf,-0.40613115839679514,0.31234242241545523,-0.3082546536708986,0.1901293157987095,inf,-inf,2.612878455107882,0.23475781214418834,0.23475781214418834,0.23475781214418834,784,0.7787312880495545,0.819134770428717,1.220055105250677,,,-2.057285420759525,0.9353270400497489,0.27699318172454035,4.235723321461174,0.6269275841344494,0.0,0.0,1.0558227195899483,0.9551574391585532,0.5012542800052895,2.123174443800634
236,1.8600556681910765,-12.217532812456605,0.26442624004973636,0.0,-10.093050904215792,-12.217532812456605,nan,0.13554022205751573,0.12888601799222058,1.920822918985497,-12.089942940802644,0.2632520459527357,0.0,-9.90586797586441,-12.089942940802644,nan,0.0,0.8725380404866009,0.0,4.0858594986974595,0.0,46.0,0.0,,4.0427523205524943e-05,,,,,,,0.9944579045239661,,1,0.5012542800052895,2.123174443800634,inf,-inf,-0.4043537909722263,0.3117504929060331,-0.30744213705862355,0.18960282196195927,inf,-inf,2.6119604430052656,0.2347213832527432,0.2347213832527432,0.2347213832527432,784,0.7787312880495545,0.819134770428717,1.220055105250677,,,-2.057285420759525,0.9353270400497489,0.27699318172454035,4.235723321461174,0.6269275841344494,0.0,0.0,1.0558227195899483,0.9551574391585532,0.5012542800052895,2.123174443800634
237,1.8645439135779704,-12.23023008475847,0.2644540406012756,0.0,-10.101232130579223,-12.23023008475847,nan,0.13575879478640104,0.12869524581487463,1.920822918985497,-12.089942940802644,0.2632520459527357,0.0,-9.90586797586441,-12.089942940802644,nan,0.0,0.8761411569754418,0.0,4.061996698575319,0.0,46.0,0.0,,3.950316188649156e-05,,,,,,,0.9944579045239661,,1,0.5012542800052895,2.123174443800634,inf,-inf,-0.4033175553286853,0.31069860793394527,-0.3069985860351111,0.18925527108770662,inf,-inf,2.6116874880852756,0.23468163405958314,0.23468163405958314,0.23468163405958314,784,0.7787312880495545,0.819134770428717,1.220055105250677,,,-2.057285420759525,0.9353270400497489,0.27699318172454035,4.235723321461174,0.6269275841344494,0.0,0.0,1.0558227195899483,0.9551574391585532,0.5012542800052895,2.123174443800634
238,1.857260445983001,-12.240222331588331,0.26448086799717907,0.0,-10.11848101760815,-12.240222331588331,nan,0.13596129442607047,0.12851957357110858,1.920822918985497,-12.089942940802644,0.2632520459527357,0.0,-9.90586797586441,-12.089942940802644,nan,0.0,0.8622424950069739,0.0,4.04253716261649,0.0,46.0,0.0,,3.859146609728844e-05,,,,,,,0.9944579045239661,,1,0.5012542800052895,2.123174443800634,inf,-inf,-0.40285310588702944,0.3102167532536883,-0.30543570608929616,0.1889485294160577,inf,-inf,2.610845760739173,0.2346368548802749,0.2346368548802749,0.2346368548802749,784,0.7787312880495545,0.819134770428717,1.220055105250677,,,-2.057285420759525,0.9353270400497489,0.27699318172454035,4.235723321461174,0.6269275841344494,0.0,0.0,1.0558227195899483,0.9551574391585532,0.5012542800052895,2.123174443800634
239,1.8624410467732946,-12.251346793118344,0.2644909293080945,0.0,-10.124414817036955,-12.251346793118344,nan,0.1361591245918958,0.1283318047161986,1.920822918985497,-12.089942940802644,0.2632520459527357,0.0,-9.90586797586441,-12.089942940802644,nan,0.0,0.8488097823217978,0.0,4.0196394448537,0.0,46.0,0.0,,3.769253581563266e-05,,,,,,,0.9944579045239661,,1,0.5012542800052895,2.123174443800634,inf,-inf,-0.4015535992665338,0.3088157647817754,-0.30487484638391826,0.1885901089640905,inf,-inf,2.610274694692376,0.23459570181506362,0.23459570181506362,0.23459570181506362,784,0.7787312880495545,0.819134770428717,1.220055105250677,,,-2.057285420759525,0.9353270400497489,0.27699318172454035,4.235723321461174,0.6269275841344494,0.0,0.0,1.0558227195899483,0.9551574391585532,0.5012542800052895,2.123174443800634
240,1.859310594554093,-12.260323321329274,0.26449622422242564,0.0,-10.136516502552755,-12.260323321329274,nan,0.13635101229480504,0.12814521192762066,1.920822918985497,-12.144909626535423,0.26332990146137647,0.0,-9.960756806088549,-12.144909626535423,nan,0.0,0.8584845431814684,0.0,4.001903176987722,0.0,46.0,0.0,,3.680646961935965e-05,,,,,,,0.9845808261161576,,1,0.4949044028039354,2.104110762409268,inf,-inf,-0.4009236851514262,0.3083309703353876,-0.30429098186115416,0.18813828915098366,inf,-inf,2.6097733840533603,0.2345466344192935,0.2345466344192935,0.2345466344192935,784,0.7747346615346103,0.8167028768319882,1.217278954334429,,,-2.0652545168848566,0.9258684361655553,0.2751940005887165,4.251549896279356,0.6285472803316876,0.0,0.0,1.0458070285875136,0.9456715576187216,0.4949044028039354,2.104110762409268
241,1.860651682709822,-12.269908385273196,0.2645076634943083,0.0,-10.144749039069065,-12.269908385273196,nan,0.13654773287002445,0.12795993062428393,1.920822918985497,-12.144909626535423,0.26332990146137647,0.0,-9.960756806088549,-12.144909626535423,nan,0.0,0.865697254287063,0.0,3.982637389943457,0.0,46.0,0.0,,3.593336467561294e-05,,,,,,,0.9845808261161576,,1,0.4949044028039354,2.104110762409268,inf,-inf,-0.40020181756937795,0.3074011462295489,-0.30315297702407235,0.18769701676584133,inf,-inf,2.609337725950817,0.23449522561565886,0.23449522561565886,0.23449522561565886,784,0.7747346615346103,0.8167028768319882,1.217278954334429,,,-2.0652545168848566,0.9258684361655553,0.2751940005887165,4.251549896279356,0.6285472803316876,0.0,0.0,1.0458070285875136,0.9456715576187216,0.4949044028039354,2.104110762409268
242,1.8542800457373836,-12.280650545497624,0.2645106761780965,0.0,-10.161859823582144,-12.280650545497624,nan,0.13671918348385298,0.12779149269424364,1.920822918985497,-12.144909626535423,0.26332990146137647,0.0,-9.960756806088549,-12.144909626535423,nan,0.0,0.8426881647282127,0.0,3.962823934413287,0.0,46.0,0.0,,3.5073316730188546e-05,,,,,,,0.9845808261161576,,1,0.4949044028039354,2.104110762409268,inf,-inf,-0.39872988268584414,0.306641422576022,-0.3026336545350005,0.18746020981302802,inf,-inf,2.6086509120807118,0.2344642995660638,0.2344642995660638,0.2344642995660638,784,0.7747346615346103,0.8167028768319882,1.217278954334429,,,-2.0652545168848566,0.9258684361655553,0.2751940005887165,4.251549896279356,0.6285472803316876,0.0,0.0,1.0458070285875136,0.9456715576187216,0.4949044028039354,2.104110762409268
243,1.870884297718025,-12.289686315073732,0.264529279442399,0.0,-10.154272737913308,-12.289686315073732,nan,0.1369041182279601,0.12762516121443887,1.920822918985497,-12.144909626535423,0.26332990146137647,0.0,-9.960756806088549,-12.144909626535423,nan,0.0,0.846326061650042,0.0,3.9445552545898512,0.0,46.0,0.0,,3.422642009703561e-05,,,,,,,0.9845808261161576,,1,0.4949044028039354,2.104110762409268,inf,-inf,-0.3979638176376946,0.30589000066928523,-0.3021679328098122,0.18686071183625644,inf,-inf,2.608320793676808,0.23442281769418946,0.23442281769418946,0.23442281769418946,784,0.7747346615346103,0.8167028768319882,1.217278954334429,,,-2.0652545168848566,0.9258684361655553,0.2751940005887165,4.251549896279356,0.6285472803316876,0.0,0.0,1.0458070285875136,0.9456715576187216,0.4949044028039354,2.104110762409268
244,1.8729696971349852,-12.299763976168517,0.2645315244271119,0.0,-10.16226275460642,-12.299763976168517,nan,0.13708765587206895,0.127443868555043,1.920822918985497,-12.144909626535423,0.26332990146137647,0.0,-9.960756806088549,-12.144909626535423,nan,0.0,0.8420604334636133,0.0,3.9245230900984858,0.0,46.0,0.0,,3.339276764791356e-05,,,,,,,0.9845808261161576,,1,0.4949044028039354,2.104110762409268,inf,-inf,-0.3972356660550847,0.3052484803286575,-0.30093340712783956,0.1864983973671783,inf,-inf,2.607776064348638,0.23436911854850337,0.23436911854850337,0.23436911854850337,784,0.7747346615346103,0.8167028768319882,1.217278954334429,,,-2.0652545168848566,0.9258684361655553,0.2751940005887165,4.251549896279356,0.6285472803316876,0.0,0.0,1.0458070285875136,0.9456715576187216,0.4949044028039354,2.104110762409268
245,1.878185284020757,-12.307949459548368,0.26455116194770295,0.0,-10.165213013579908,-12.307949459548368,nan,0.13725864123892279,0.12729252070878025,1.920822918985497,-12.192810600357552,0.26339313853029284,0.0,-10.008594542841761,-12.192810600357552,nan,0.0,0.8430943742501663,0.0,3.908873046172404,0.0,46.0,0.0,,3.2572450802207845e-05,,,,,,,0.9758864555470794,,1,0.4893265420373536,2.087112337097786,inf,-inf,-0.3964689435656631,0.3043905531347767,-0.300767228330826,0.18620716755104225,inf,-inf,2.607098405601065,0.23435534946937034,0.23435534946937034,0.23435534946937034,784,0.7711134332525089,0.8144953544983232,1.2149849175365754,,,-2.07229701881381,0.9174528527965295,0.2736253336025415,4.265275144094805,0.6299470518477102,0.0,0.0,1.0369988575722306,0.9374563989597533,0.4893265420373536,2.087112337097786
246,1.8832392074863937,-12.315874933164961,0.26457483187725095,0.0,-10.168060893801316,-12.315874933164961,nan,0.1374317643703389,0.12714306750691212,1.920822918985497,-12.192810600357552,0.26339313853029284,0.0,-10.008594542841761,-12.192810600357552,nan,0.0,0.8351401664067122,0.0,3.8922751395885204,0.0,46.0,0.0,,3.1765559516904784e-05,,,,,,,0.9758864555470794,,1,0.4893265420373536,2.087112337097786,inf,-inf,-0.39559802503031954,0.30415930762565957,-0.2995256170621995,0.18566016718679665,inf,-inf,2.606405963155027,0.23432426816549107,0.23432426816549107,0.23432426816549107,784,0.7711134332525089,0.8144953544983232,1.2149849175365754,,,-2.07229701881381,0.9174528527965295,0.2736253336025415,4.265275144094805,0.6299470518477102,0.0,0.0,1.0369988575722306,0.9374563989597533,0.4893265420373536,2.087112337097786
247,1.8744050834830444,-12.324261710850621,0.26456602272186563,0.0,-10.185290604645711,-12.324261710850621,nan,0.13759459139389496,0.12697143132797062,1.920822918985497,-12.192810600357552,0.26339313853029284,0.0,-10.008594542841761,-12.192810600357552,nan,0.0,0.8307675334570471,0.0,3.8759249140921836,0.0,46.0,0.0,,3.097218227672658e-05,,,,,,,0.9758864555470794,,1,0.4893265420373536,2.087112337097786,inf,-inf,-0.394550261686624,0.3032593939744808,-0.2988572483990919,0.18547641749461774,inf,-inf,2.6061648084714246,0.2342845009571449,0.2342845009571449,0.2342845009571449,784,0.7711134332525089,0.8144953544983232,1.2149849175365754,,,-2.07229701881381,0.9174528527965295,0.2736253336025415,4.265275144094805,0.6299470518477102,0.0,0.0,1.0369988575722306,0.9374563989597533,0.4893265420373536,2.087112337097786
248,1.8685070298511142,-12.332101903242632,0.2645770268905243,0.0,-10.199017846500993,-12.332101903242632,nan,0.13775172757220086,0.1268252993183235,1.920822918985497,-12.192810600357552,0.26339313853029284,0.0,-10.008594542841761,-12.192810600357552,nan,0.0,0.8206737726588714,0.0,3.8604258304419043,0.0,46.0,0.0,,3.019240608442822e-05,,,,,,,0.9758864555470794,,1,0.4893265420373536,2.087112337097786,inf,-inf,-0.3942829587557654,0.3026689027226882,-0.2986059302916313,0.1850724975302518,inf,-inf,2.605549680260509,0.23423492501572335,0.23423492501572335,0.23423492501572335,784,0.7711134332525089,0.8144953544983232,1.2149849175365754,,,-2.07229701881381,0.9174528527965295,0.2736253336025415,4.265275144094805,0.6299470518477102,0.0,0.0,1.0369988575722306,0.9374563989597533,0.4893265420373536,2.087112337097786
249,1.8667506198773756,-12.340497540884561,0.26459512322633827,0.0,-10.209151797780848,-12.340497540884561,nan,0.13791088464741041,0.12668423857892783,1.920822918985497,-12.192810600357552,0.26339313853029284,0.0,-10.008594542841761,-12.192810600357552,nan,0.0,0.8135401583008937,0.0,3.8440958840417196,0.0,46.0,0.0,,2.9426316451256454e-05,,,,,,,0.9758864555470794,,1,0.4893265420373536,2.087112337097786,inf,-inf,-0.3932079826506962,0.30189202600665443,-0.29809592152826025,0.18479927654952236,inf,-inf,2.6049892180558736,0.23421061412774613,0.23421061412774613,0.23421061412774613,784,0.7711134332525089,0.8144953544983232,1.2149849175365754,,,-2.07229701881381,0.9174528527965295,0.2736253336025415,4.265275144094805,0.6299470518477102,0.0,0.0,1.0369988575722306,0.9374563989597533,0.4893265420373536,2.087112337097786
250,1.8674617896913295,-12.348326172919991,0.26462016513011116,0.0,-10.21624421809855,-12.348326172919991,nan,0.13807788921987205,0.12654227591023912,1.920822918985497,-12.234840013347135,0.263433846979659,0.0,-10.05058324738198,-12.234840013347135,nan,0.0,0.8166906045092182,0.0,3.8287682784316677,0.0,46.0,0.0,,2.8673997387572544e-05,,,,,,,0.9682272224625864,,1,0.48435721833722245,2.0724402974797487,inf,-inf,-0.3923125606584198,0.3015371104476777,-0.2973736763064017,0.18435500289445506,inf,-inf,2.6045807477581286,0.2341829536854772,0.2341829536854772,0.2341829536854772,784,0.7678553837864773,0.8125037556774641,1.212904169484224,,,-2.078531026480733,0.9099406115428026,0.2722518784336295,4.278743495543119,0.6313162519409954,0.0,0.0,1.0292529425635388,0.9299860202548837,0.48435721833722245,2.0724402974797487
251,1.8731077113644101,-12.356280512206993,0.2646310379814063,0.0,-10.218541762861177,-12.356280512206993,nan,0.1382206191138237,0.1264104188675826,1.920822918985497,-12.234840013347135,0.263433846979659,0.0,-10.05058324738198,-12.234840013347135,nan,0.0,0.8071706170593272,0.0,3.813533188868724,0.0,46.0,0.0,,2.7935531393639814e-05,,,,,,,0.9682272224625864,,1,0.48435721833722245,2.0724402974797487,inf,-inf,-0.3917457146077302,0.30053590288911103,-0.29659439556815353,0.18402573660770646,inf,-inf,2.603793827397631,0.23415990321450353,0.23415990321450353,0.23415990321450353,784,0.7678553837864773,0.8125037556774641,1.212904169484224,,,-2.078531026480733,0.9099406115428026,0.2722518784336295,4.278743495543119,0.6313162519409954,0.0,0.0,1.0292529425635388,0.9299860202548837,0.48435721833722245,2.0724402974797487
252,1.8711919356767428,-12.363940729424707,0.2646611390602617,0.0,-10.228087654687702,-12.363940729424707,nan,0.13836921315901407,0.12629192590124763,1.920822918985497,-12.234840013347135,0.263433846979659,0.0,-10.05058324738198,-12.234840013347135,nan,0.0,0.8155661221718059,0.0,3.7979432944125677,0.0,46.0,0.0,,2.7210999450576172e-05,,,,,,,0.9682272224625864,,1,0.48435721833722245,2.0724402974797487,inf,-inf,-0.39096284362844497,0.30040805245259394,-0.296187349282058,0.18385053223069245,inf,-inf,2.603273261826676,0.23412978193664427,0.23412978193664427,0.23412978193664427,784,0.7678553837864773,0.8125037556774641,1.212904169484224,,,-2.078531026480733,0.9099406115428026,0.2722518784336295,4.278743495543119,0.6313162519409954,0.0,0.0,1.0292529425635388,0.9299860202548837,0.48435721833722245,2.0724402974797487
253,1.8653057393696266,-12.371466754291733,0.26464223380668267,0.0,-10.241518781115424,-12.371466754291733,nan,0.13851323857463435,0.12612899523204835,1.920822918985497,-12.234840013347135,0.263433846979659,0.0,-10.05058324738198,-12.234840013347135,nan,0.0,0.8248529560279022,0.0,3.7832420230028214,0.0,46.0,0.0,,2.6500481011473898e-05,,,,,,,0.9682272224625864,,1,0.48435721833722245,2.0724402974797487,inf,-inf,-0.39065214288321054,0.2996026540271343,-0.29549935517021403,0.1835836258651411,inf,-inf,2.6029468638537825,0.23408465380467378,0.23408465380467378,0.23408465380467378,784,0.7678553837864773,0.8125037556774641,1.212904169484224,,,-2.078531026480733,0.9099406115428026,0.2722518784336295,4.278743495543119,0.6313162519409954,0.0,0.0,1.0292529425635388,0.9299860202548837,0.48435721833722245,2.0724402974797487
254,1.8714116735885675,-12.377151356601399,0.26463870106628123,0.0,-10.241100981946548,-12.377151356601399,nan,0.13865400530104835,0.12598469576523294,1.920822918985497,-12.234840013347135,0.263433846979659,0.0,-10.05058324738198,-12.234840013347135,nan,0.0,0.8006783651034389,0.0,3.7717724156070207,0.0,46.0,0.0,,2.5804053992686704e-05,,,,,,,0.9682272224625864,,1,0.48435721833722245,2.0724402974797487,inf,-inf,-0.3898152850062188,0.2989177536161434,-0.29501220282614127,0.18332628624502936,inf,-inf,2.6024987702932334,0.2340485473155451,0.2340485473155451,0.2340485473155451,784,0.7678553837864773,0.8125037556774641,1.212904169484224,,,-2.078531026480733,0.9099406115428026,0.2722518784336295,4.278743495543119,0.6313162519409954,0.0,0.0,1.0292529425635388,0.9299860202548837,0.48435721833722245,2.0724402974797487
255,1.877993921604087,-12.384998028248164,0.2646441194430359,0.0,-10.242359987201041,-12.384998028248164,nan,0.13878494742169528,0.12585917202134056,1.920822918985497,-12.271271136652727,0.2634708222170423,0.0,-10.086977395450187,-12.271271136652727,nan,0.0,0.8033375716433335,0.0,3.7561811699621015,0.0,46.0,0.0,,2.5121794765285192e-05,,,,,,,0.9615076574845393,,1,0.48001825033295203,2.0593815691494517,inf,-inf,-0.38926345945195295,0.29830311204282484,-0.29412952208997756,0.18299043178166827,inf,-inf,2.6020218819442995,0.23402613889206214,0.23402613889206214,0.23402613889206214,784,0.764934060998734,0.8107102337995881,1.2104465251743328,,,-2.084016977249808,0.9034948799206508,0.27105174029439344,4.290215148530323,0.6324790720160947,0.0,0.0,1.0224572675939567,0.9232944572950346,0.48001825033295203,2.0593815691494517
256,1.8663882329917172,-12.390147588277745,0.2646646566034187,0.0,-10.25909469868261,-12.390147588277745,nan,0.13892732569627358,0.12573733090714495,1.920822918985497,-12.271271136652727,0.2634708222170423,0.0,-10.086977395450187,-12.271271136652727,nan,0.0,0.8012673011357243,0.0,3.74564041260432,0.0,46.0,0.0,,2.445377814668197e-05,,,,,,,0.9615076574845393,,1,0.48001825033295203,2.0593815691494517,inf,-inf,-0.3886658436819138,0.29781595209987605,-0.2935810848450219,0.18261982797227955,inf,-inf,2.6014130269097406,0.2339950166119721,0.2339950166119721,0.2339950166119721,784,0.764934060998734,0.8107102337995881,1.2104465251743328,,,-2.084016977249808,0.9034948799206508,0.27105174029439344,4.290215148530323,0.6324790720160947,0.0,0.0,1.0224572675939567,0.9232944572950346,0.48001825033295203,2.0593815691494517
257,1.8613709239354677,-12.397588005579799,0.2646658192581129,0.0,-10.271551262386218,-12.397588005579799,nan,0.13905039740277853,0.12561542185533436,1.920822918985497,-12.271271136652727,0.2634708222170423,0.0,-10.086977395450187,-12.271271136652727,nan,0.0,0.796972119435225,0.0,3.7323993037583336,0.0,46.0,0.0,,2.380007739242722e-05,,,,,,,0.9615076574845393,,1,0.48001825033295203,2.0593815691494517,inf,-inf,-0.388002802153493,0.2976566627315703,-0.29349001149138676,0.18252361878914442,inf,-inf,2.601094771793808,0.23394927938132,0.23394927938132,0.23394927938132,784,0.764934060998734,0.8107102337995881,1.2104465251743328,,,-2.084016977249808,0.9034948799206508,0.27105174029439344,4.290215148530323,0.6324790720160947,0.0,0.0,1.0224572675939567,0.9232944572950346,0.48001825033295203,2.0593815691494517
258,1.8633389272845244,-12.403006893466763,0.26468730970022525,0.0,-10.274980656482015,-12.403006893466763,nan,0.13918370520562454,0.12550360449460057,1.920822918985497,-12.271271136652727,0.2634708222170423,0.0,-10.086977395450187,-12.271271136652727,nan,0.0,0.8074561020776264,0.0,3.720620139229646,0.0,46.0,0.0,,2.316076418817509e-05,,,,,,,0.9615076574845393,,1,0.48001825033295203,2.0593815691494517,inf,-inf,-0.3875139597499756,0.29705823590062247,-0.2928702410867903,0.18209240798595616,inf,-inf,2.6004790594914384,0.2339374785027583,0.2339374785027583,0.2339374785027583,784,0.764934060998734,0.8107102337995881,1.2104465251743328,,,-2.084016977249808,0.9034948799206508,0.27105174029439344,4.290215148530323,0.6324790720160947,0.0,0.0,1.0224572675939567,0.9232944572950346,0.48001825033295203,2.0593815691494517
259,1.870505993850847,-12.409100082862123,0.2646791210956474,0.0,-10.27391496791563,-12.409100082862123,nan,0.13929303187422187,0.12538608922142563,1.920822918985497,-12.271271136652727,0.2634708222170423,0.0,-10.086977395450187,-12.271271136652727,nan,0.0,0.8001456958624026,0.0,3.709404694277431,0.0,46.0,0.0,,2.2535908641822916e-05,,,,,,,0.9615076574845393,,1,0.48001825033295203,2.0593815691494517,inf,-inf,-0.38689536436061633,0.29669256494059815,-0.2924485522230974,0.18189369573212583,inf,-inf,2.6000246794033446,0.23390388505376677,0.23390388505376677,0.23390388505376677,784,0.764934060998734,0.8107102337995881,1.2104465251743328,,,-2.084016977249808,0.9034948799206508,0.27105174029439344,4.290215148530323,0.6324790720160947,0.0,0.0,1.0224572675939567,0.9232944572950346,0.48001825033295203,2.0593815691494517
260,1.869871490596101,-12.414601104708462,0.2646940232393087,0.0,-10.280035590873052,-12.414601104708462,nan,0.13943212633589255,0.12526189690341608,1.920822918985497,-12.303065025536995,0.2635008397960358,0.0,-10.118741266755462,-12.303065025536995,nan,0.0,0.7842182783334226,0.0,3.6973942008528446,0.0,46.0,0.0,,2.192557927582279e-05,,,,,,,0.9556241074828207,,1,0.47620890692171164,2.0480276911089117,inf,-inf,-0.3860090953641322,0.2958159613642155,-0.29174647515319907,0.18159565230738586,inf,-inf,2.599832378024414,0.23387354553129253,0.23387354553129253,0.23387354553129253,784,0.7623435870994374,0.809117853512934,1.2088157210760662,,,-2.0888385903051714,0.8978286701420668,0.2700052597241957,4.3006916950539225,0.633538310274157,0.0,0.0,1.0165090279964415,0.9181154637995812,0.47620890692171164,2.0480276911089117
261,1.8682526819813838,-12.422052900277128,0.26471316830960095,0.0,-10.289087049986144,-12.422052900277128,nan,0.13953957058549724,0.12517359772410375,1.920822918985497,-12.303065025536995,0.2635008397960358,0.0,-10.118741266755462,-12.303065025536995,nan,0.0,0.7894145218915846,0.0,3.6834858441769853,0.0,46.0,0.0,,2.1329843019667432e-05,,,,,,,0.9556241074828207,,1,0.47620890692171164,2.0480276911089117,inf,-inf,-0.3856465639082599,0.2956605777428308,-0.2912391693331716,0.18147198636791237,inf,-inf,2.599192781331997,0.2338647942730524,0.2338647942730524,0.2338647942730524,784,0.7623435870994374,0.809117853512934,1.2088157210760662,,,-2.0888385903051714,0.8978286701420668,0.2700052597241957,4.3006916950539225,0.633538310274157,0.0,0.0,1.0165090279964415,0.9181154637995812,0.47620890692171164,2.0480276911089117
262,1.8657577003122172,-12.42822627239888,0.2647106357941668,0.0,-10.297757936292497,-12.42822627239888,nan,0.1396576959356222,0.1250529398585447,1.920822918985497,-12.303065025536995,0.2635008397960358,0.0,-10.118741266755462,-12.303065025536995,nan,0.0,0.7794426754835785,0.0,3.6710278745442286,0.0,46.0,0.0,,2.0748765202550787e-05,,,,,,,0.9556241074828207,,1,0.47620890692171164,2.0480276911089117,inf,-inf,-0.38487197784553967,0.29513790154111696,-0.2907958034559306,0.18112092998005414,inf,-inf,2.5988912240217212,0.23383008945979702,0.23383008945979702,0.23383008945979702,784,0.7623435870994374,0.809117853512934,1.2088157210760662,,,-2.0888385903051714,0.8978286701420668,0.2700052597241957,4.3006916950539225,0.633538310274157,0.0,0.0,1.0165090279964415,0.9181154637995812,0.47620890692171164,2.0480276911089117
263,1.8644257094663892,-12.432290188652228,0.2647132477805754,0.0,-10.303151231405264,-12.432290188652228,nan,0.13976776761150572,0.12494548016906974,1.920822918985497,-12.303065025536995,0.2635008397960358,0.0,-10.118741266755462,-12.303065025536995,nan,0.0,0.7800908648489052,0.0,3.6637732720692844,0.0,46.0,0.0,,2.0182409546203575e-05,,,,,,,0.9556241074828207,,1,0.47620890692171164,2.0480276911089117,inf,-inf,-0.3845638712819033,0.2945425647316977,-0.29052354746933295,0.18089224329803408,inf,-inf,2.598471249127584,0.23379981886502085,0.23379981886502085,0.23379981886502085,784,0.7623435870994374,0.809117853512934,1.2088157210760662,,,-2.0888385903051714,0.8978286701420668,0.2700052597241957,4.3006916950539225,0.633538310274157,0.0,0.0,1.0165090279964415,0.9181154637995812,0.47620890692171164,2.0480276911089117
264,1.8717032835084073,-12.43996154418739,0.26471530841763746,0.0,-10.303542952261346,-12.43996154418739,nan,0.13987525382265983,0.12484005459497767,1.920822918985497,-12.303065025536995,0.2635008397960358,0.0,-10.118741266755462,-12.303065025536995,nan,0.0,0.7924146377943765,0.0,3.64891247855872,0.0,46.0,0.0,,1.9630838157905765e-05,,,,,,,0.9556241074828207,,1,0.47620890692171164,2.0480276911089117,inf,-inf,-0.38417076244055065,0.2942321514272766,-0.2900036501194135,0.18069415170094547,inf,-inf,2.597964521874097,0.2337740272899627,0.2337740272899627,0.2337740272899627,784,0.7623435870994374,0.809117853512934,1.2088157210760662,,,-2.0888385903051714,0.8978286701420668,0.2700052597241957,4.3006916950539225,0.633538310274157,0.0,0.0,1.0165090279964415,0.9181154637995812,0.47620890692171164,2.0480276911089117
265,1.8624465150301581,-12.442046026311868,0.2647305036149469,0.0,-10.314869007666763,-12.442046026311868,nan,0.13998912215868875,0.12474138145625815,1.920822918985497,-12.330714094429313,0.263541811359849,0.0,-10.146349364083967,-12.330714094429313,nan,0.0,0.7811942249697152,0.0,3.64393038003786,0.0,46.0,0.0,,1.9094111523675756e-05,,,,,,,0.9504806130971803,,1,0.4728615936128412,2.0380657112721052,inf,-inf,-0.38371817550934334,0.2936337526519111,-0.28969846831620655,0.1805863946536581,inf,-inf,2.5975675235065383,0.23376184370653058,0.23376184370653058,0.23376184370653058,784,0.7600205423935997,0.8076865738286412,1.2071835768539243,,,-2.093063770130341,0.8929562203663554,0.2690953256969107,4.310068186550135,0.634484140881896,0.0,0.0,1.0113144416506996,0.9133216099974557,0.4728615936128412,2.0380657112721052
266,1.8726523949022733,-12.44703501924083,0.2647283697052096,0.0,-10.309654254633347,-12.44703501924083,nan,0.14008589852229913,0.12464247118291046,1.920822918985497,-12.330714094429313,0.263541811359849,0.0,-10.146349364083967,-12.330714094429313,nan,0.0,0.7726046046320857,0.0,3.633095777769164,0.0,46.0,0.0,,1.8572288501637325e-05,,,,,,,0.9504806130971803,,1,0.4728615936128412,2.0380657112721052,inf,-inf,-0.3828027567031117,0.2933445798838191,-0.2893678935167545,0.18031907105223735,inf,-inf,2.5971962519275755,0.23373164431803206,0.23373164431803206,0.23373164431803206,784,0.7600205423935997,0.8076865738286412,1.2071835768539243,,,-2.093063770130341,0.8929562203663554,0.2690953256969107,4.310068186550135,0.634484140881896,0.0,0.0,1.0113144416506996,0.9133216099974557,0.4728615936128412,2.0380657112721052
267,1.8560030753596544,-12.452504024451994,0.26473151255470084,0.0,-10.33176943653764,-12.452504024451994,nan,0.14018527576865286,0.124546236786048,1.920822918985497,-12.330714094429313,0.263541811359849,0.0,-10.146349364083967,-12.330714094429313,nan,0.0,0.7807205104104274,0.0,3.623944745923039,0.0,46.0,0.0,,1.806542631556527e-05,,,,,,,0.9504806130971803,,1,0.4728615936128412,2.0380657112721052,inf,-inf,-0.38247334940892935,0.292877438846881,-0.2889601512332118,0.18009679975767495,inf,-inf,2.596807865406627,0.23371135131002016,0.23371135131002016,0.23371135131002016,784,0.7600205423935997,0.8076865738286412,1.2071835768539243,,,-2.093063770130341,0.8929562203663554,0.2690953256969107,4.310068186550135,0.634484140881896,0.0,0.0,1.0113144416506996,0.9133216099974557,0.4728615936128412,2.0380657112721052
268,1.8646903291302674,-12.456270665053802,0.26474046508689747,0.0,-10.326839870836638,-12.456270665053802,nan,0.14028462572158373,0.12445583936531392,1.920822918985497,-12.330714094429313,0.263541811359849,0.0,-10.146349364083967,-12.330714094429313,nan,0.0,0.7746548362102906,0.0,3.615400140908575,0.0,46.0,0.0,,1.757358054861011e-05,,,,,,,0.9504806130971803,,1,0.4728615936128412,2.0380657112721052,inf,-inf,-0.38215971767739415,0.29261062143667116,-0.2883431987020906,0.1798662010775009,inf,-inf,2.59634194345938,0.23369548849211744,0.23369548849211744,0.23369548849211744,784,0.7600205423935997,0.8076865738286412,1.2071835768539243,,,-2.093063770130341,0.8929562203663554,0.2690953256969107,4.310068186550135,0.634484140881896,0.0,0.0,1.0113144416506996,0.9133216099974557,0.4728615936128412,2.0380657112721052
269,1.8763048428237212,-12.461980941845999,0.26475123330162836,0.0,-10.320924865720649,-12.461980941845999,nan,0.140374150328855,0.12437708297277335,1.920822918985497,-12.330714094429313,0.263541811359849,0.0,-10.146349364083967,-12.330714094429313,nan,0.0,0.76671527028986,0.0,3.6053625042485526,0.0,46.0,0.0,,1.709680513720275e-05,,,,,,,0.9504806130971803,,1,0.4728615936128412,2.0380657112721052,inf,-inf,-0.38153918468035297,0.29197280035414536,-0.28813373178078483,0.17969765914770383,inf,-inf,2.595963573568766,0.23367430710469492,0.23367430710469492,0.23367430710469492,784,0.7600205423935997,0.8076865738286412,1.2071835768539243,,,-2.093063770130341,0.8929562203663554,0.2690953256969107,4.310068186550135,0.634484140881896,0.0,0.0,1.0113144416506996,0.9133216099974557,0.4728615936128412,2.0380657112721052
270,1.8730087859786337,-12.465938403265259,0.26475381099596007,0.0,-10.328175806290664,-12.465938403265259,nan,0.14047190145603086,0.12428190953992936,1.920822918985497,-12.354655361308172,0.26356908537700574,0.0,-10.17026335694567,-12.354655361308172,nan,0.0,0.7709488507188766,0.0,3.5974379812623973,0.0,46.0,0.0,,1.6635152365139873e-05,,,,,,,0.9459870590686716,,1,0.46993327257962064,2.0294379363094195,inf,-inf,-0.3813179392004583,0.2917917198752957,-0.28760139725030853,0.17948607258575033,inf,-inf,2.59559143469007,0.23365138602512858,0.23365138602512858,0.23365138602512858,784,0.7579732452470662,0.8064211511547444,1.2061071367734013,,,-2.096765312498485,0.8886309874295754,0.26830335558727175,4.318566176787519,0.6353395790208176,0.0,0.0,1.0067739588954425,0.9090229253061234,0.46993327257962064,2.0294379363094195
271,1.868793922269716,-12.47053806988331,0.2647744563941534,0.0,-10.336969691219439,-12.47053806988331,nan,0.14056770165488125,0.12420675473927209,1.920822918985497,-12.354655361308172,0.26356908537700574,0.0,-10.17026335694567,-12.354655361308172,nan,0.0,0.7687567327721937,0.0,3.587913475872082,0.0,46.0,0.0,,1.6188672857850262e-05,,,,,,,0.9459870590686716,,1,0.46993327257962064,2.0294379363094195,inf,-inf,-0.3807474852574126,0.2914020516610591,-0.2872129923618599,0.17928134588159206,inf,-inf,2.5951677377948372,0.23363134818748485,0.23363134818748485,0.23363134818748485,784,0.7579732452470662,0.8064211511547444,1.2061071367734013,,,-2.096765312498485,0.8886309874295754,0.26830335558727175,4.318566176787519,0.6353395790208176,0.0,0.0,1.0067739588954425,0.9090229253061234,0.46993327257962064,2.0294379363094195
272,1.867455797212346,-12.47425779732921,0.26477240295706145,0.0,-10.342029597159803,-12.47425779732921,nan,0.1406586851434727,0.12411371781358874,1.920822918985497,-12.354655361308172,0.26356908537700574,0.0,-10.17026335694567,-12.354655361308172,nan,0.0,0.7670537256021536,0.0,3.5797162868732877,0.0,46.0,0.0,,1.5757415576843268e-05,,,,,,,0.9459870590686716,,1,0.46993327257962064,2.0294379363094195,inf,-inf,-0.380530142505695,0.2909535559729512,-0.2870891355947514,0.17917704514271265,inf,-inf,2.594991265276552,0.23360884491843534,0.23360884491843534,0.23360884491843534,784,0.7579732452470662,0.8064211511547444,1.2061071367734013,,,-2.096765312498485,0.8886309874295754,0.26830335558727175,4.318566176787519,0.6353395790208176,0.0,0.0,1.0067739588954425,0.9090229253061234,0.46993327257962064,2.0294379363094195
273,1.864211889341487,-12.479161072738604,0.26477809912010736,0.0,-10.35017108427701,-12.479161072738604,nan,0.14074293179932748,0.1240351673207799,1.920822918985497,-12.354655361308172,0.26356908537700574,0.0,-10.17026335694567,-12.354655361308172,nan,0.0,0.7606682628315867,0.0,3.5709694340514284,0.0,46.0,0.0,,1.5341427814339585e-05,,,,,,,0.9459870590686716,,1,0.46993327257962064,2.0294379363094195,inf,-inf,-0.38003167264542126,0.2906831893240142,-0.28655884930079834,0.17899237604030765,inf,-inf,2.594508442485368,0.23359458697702395,0.23359458697702395,0.23359458697702395,784,0.7579732452470662,0.8064211511547444,1.2061071367734013,,,-2.096765312498485,0.8886309874295754,0.26830335558727175,4.318566176787519,0.6353395790208176,0.0,0.0,1.0067739588954425,0.9090229253061234,0.46993327257962064,2.0294379363094195
274,1.8687998718895351,-12.483443330444837,0.26477922001709886,0.0,-10.349864238538203,-12.483443330444837,nan,0.14082569491626476,0.12395352510083413,1.920822918985497,-12.354655361308172,0.26356908537700574,0.0,-10.17026335694567,-12.354655361308172,nan,0.0,0.760044654972396,0.0,3.5616829464293116,0.0,46.0,0.0,,1.4940755188085104e-05,,,,,,,0.9459870590686716,,1,0.46993327257962064,2.0294379363094195,inf,-inf,-0.3798081547404604,0.29030824384837967,-0.2863757467209317,0.17883621999797528,inf,-inf,2.594197900286813,0.23357163151298968,0.23357163151298968,0.23357163151298968,784,0.7579732452470662,0.8064211511547444,1.2061071367734013,,,-2.096765312498485,0.8886309874295754,0.26830335558727175,4.318566176787519,0.6353395790208176,0.0,0.0,1.0067739588954425,0.9090229253061234,0.46993327257962064,2.0294379363094195
275,1.8708160281663695,-12.486323181442755,0.26477404648992414,0.0,-10.35073310678646,-12.486323181442755,nan,0.14090705266614698,0.12386699382377712,1.920822918985497,-12.37559791148312,0.2635786990180986,0.0,-10.191196293479523,-12.37559791148312,nan,0.0,0.7671318308114585,0.0,3.557385953831584,0.0,46.0,0.0,,1.4555441636348503e-05,,,,,,,0.9420538885476846,,1,0.4673745173800032,2.0217909604276167,inf,-inf,-0.379269613613044,0.29021322318839926,-0.2858424286478761,0.17862701740830605,inf,-inf,2.5940039096036425,0.23353772111924273,0.23353772111924273,0.23353772111924273,784,0.756161223478844,0.8053017879116604,1.2048986347279311,,,-2.100013082971567,0.8848028029635177,0.26761007460076625,4.325847655882747,0.6360712207492856,0.0,0.0,1.0028072370995962,0.9054447039878333,0.4673745173800032,2.0217909604276167
276,1.8788516805882283,-12.490347523329744,0.264782082078994,0.0,-10.34671376066252,-12.490347523329744,nan,0.14098684011392676,0.12379524196506733,1.920822918985497,-12.37559791148312,0.2635786990180986,0.0,-10.191196293479523,-12.37559791148312,nan,0.0,0.7509415195098229,0.0,3.5481472304048034,0.0,46.0,0.0,,1.4185529413102792e-05,,,,,,,0.9420538885476846,,1,0.4673745173800032,2.0217909604276167,inf,-inf,-0.3789786793987815,0.28979147799447097,-0.2855327032254404,0.17848200439822173,inf,-inf,2.5935893335434015,0.2335322858978486,0.2335322858978486,0.2335322858978486,784,0.756161223478844,0.8053017879116604,1.2048986347279311,,,-2.100013082971567,0.8848028029635177,0.26761007460076625,4.325847655882747,0.6360712207492856,0.0,0.0,1.0028072370995962,0.9054447039878333,0.4673745173800032,2.0217909604276167
277,1.8534205393301801,-12.494280085470155,0.2647856325809206,0.0,-10.376073913559054,-12.494280085470155,nan,0.1410737594204182,0.12371187316050236,1.920822918985497,-12.37559791148312,0.2635786990180986,0.0,-10.191196293479523,-12.37559791148312,nan,0.0,0.7635550853917037,0.0,3.541562719598848,0.0,46.0,0.0,,1.3831059083391764e-05,,,,,,,0.9420538885476846,,1,0.4673745173800032,2.0217909604276167,inf,-inf,-0.37864001131566016,0.2894934956447928,-0.28547121966987254,0.178228588999903,inf,-inf,2.5933890367569448,0.23350076466700145,0.23350076466700145,0.23350076466700145,784,0.756161223478844,0.8053017879116604,1.2048986347279311,,,-2.100013082971567,0.8848028029635177,0.26761007460076625,4.325847655882747,0.6360712207492856,0.0,0.0,1.0028072370995962,0.9054447039878333,0.4673745173800032,2.0217909604276167
278,1.8737579606300616,-12.497145533668867,0.2647955655282157,0.0,-10.35859200751059,-12.497145533668867,nan,0.14114922098944355,0.12364634453877218,1.920822918985497,-12.37559791148312,0.2635786990180986,0.0,-10.191196293479523,-12.37559791148312,nan,0.0,0.7550677967482898,0.0,3.5351448789356965,0.0,46.0,0.0,,1.3492069518881644e-05,,,,,,,0.9420538885476846,,1,0.4673745173800032,2.0217909604276167,inf,-inf,-0.37815402309489843,0.2890180240300889,-0.2851389216919752,0.17808445702932665,inf,-inf,2.5930076101716724,0.23349848776402915,0.23349848776402915,0.23349848776402915,784,0.756161223478844,0.8053017879116604,1.2048986347279311,,,-2.100013082971567,0.8848028029635177,0.26761007460076625,4.325847655882747,0.6360712207492856,0.0,0.0,1.0028072370995962,0.9054447039878333,0.4673745173800032,2.0217909604276167
279,1.8652873251495221,-12.500354387020618,0.2647956681099317,0.0,-10.370271393761165,-12.500354387020618,nan,0.1412236016483143,0.12357206646161739,1.920822918985497,-12.37559791148312,0.2635786990180986,0.0,-10.191196293479523,-12.37559791148312,nan,0.0,0.7617767185937298,0.0,3.5288061711684167,0.0,46.0,0.0,,1.3168597893598197e-05,,,,,,,0.9420538885476846,,1,0.4673745173800032,2.0217909604276167,inf,-inf,-0.3779655855407334,0.2889742461935825,-0.28483389748042764,0.1780085542664147,inf,-inf,2.592697653099188,0.23347248097347315,0.23347248097347315,0.23347248097347315,784,0.756161223478844,0.8053017879116604,1.2048986347279311,,,-2.100013082971567,0.8848028029635177,0.26761007460076625,4.325847655882747,0.6360712207492856,0.0,0.0,1.0028072370995962,0.9054447039878333,0.4673745173800032,2.0217909604276167
280,1.868729000389357,-12.504395829888098,0.2648150788428699,0.0,-10.370851750655872,-12.504395829888098,nan,0.14130204065632507,0.12351303818654497,1.920822918985497,-12.393924021338941,0.26361187079553833,0.0,-10.209489231557907,-12.393924021338941,nan,0.0,0.7567395618425767,0.0,3.520506396157911,0.0,46.0,0.0,,1.286067967985035e-05,,,,,,,0.9385877429982835,,1,0.4651096089848269,2.0152252647962987,inf,-inf,-0.37754562756843496,0.2885305965799641,-0.2843426024333183,0.17780746785159052,inf,-inf,2.5923301531933127,0.23347155822017276,0.23347155822017276,0.23347155822017276,784,0.7545366682540045,0.8042941505578692,1.20391223768022,,,-2.10288086173675,0.8814877645262296,0.26700388932512326,4.332796454570864,0.6367682872958456,0.0,0.0,0.9993066947196577,0.9021103622795245,0.4651096089848269,2.0152252647962987
281,1.8618136736581692,-12.508844797708123,0.26481262800184446,0.0,-10.38221849604811,-12.508844797708123,nan,0.14137318142478242,0.12343944657706209,1.920822918985497,-12.393924021338941,0.26361187079553833,0.0,-10.209489231557907,-12.393924021338941,nan,0.0,0.7504000589347922,0.0,3.511738282773692,0.0,46.0,0.0,,1.2568348644340156e-05,,,,,,,0.9385877429982835,,1,0.4651096089848269,2.0152252647962987,inf,-inf,-0.3772549172813973,0.28817404085755133,-0.28403713453825896,0.17764085608056338,inf,-inf,2.5920779128797373,0.2334405116884224,0.2334405116884224,0.2334405116884224,784,0.7545366682540045,0.8042941505578692,1.20391223768022,,,-2.10288086173675,0.8814877645262296,0.26700388932512326,4.332796454570864,0.6367682872958456,0.0,0.0,0.9993066947196577,0.9021103622795245,0.4651096089848269,2.0152252647962987
282,1.8621043325194997,-12.511447217814077,0.26481735100180287,0.0,-10.384525534292774,-12.511447217814077,nan,0.1414385929307073,0.12337875807109554,1.920822918985497,-12.393924021338941,0.26361187079553833,0.0,-10.209489231557907,-12.393924021338941,nan,0.0,0.7575912823989124,0.0,3.5070264211618363,0.0,46.0,0.0,,1.2291636844459932e-05,,,,,,,0.9385877429982835,,1,0.4651096089848269,2.0152252647962987,inf,-inf,-0.3768565145995834,0.2880214573163256,-0.2838519729037495,0.1775707671545224,inf,-inf,2.5918142416591388,0.2334337816424243,0.2334337816424243,0.2334337816424243,784,0.7545366682540045,0.8042941505578692,1.20391223768022,,,-2.10288086173675,0.8814877645262296,0.26700388932512326,4.332796454570864,0.6367682872958456,0.0,0.0,0.9993066947196577,0.9021103622795245,0.4651096089848269,2.0152252647962987
283,1.872800909513971,-12.51337554382629,0.264820227688102,0.0,-10.375754406624218,-12.51337554382629,nan,0.14151362814849702,0.12330659953960499,1.920822918985497,-12.393924021338941,0.26361187079553833,0.0,-10.209489231557907,-12.393924021338941,nan,0.0,0.7404984805801458,0.0,3.503156934833792,0.0,46.0,0.0,,1.2030574624776782e-05,,,,,,,0.9385877429982835,,1,0.4651096089848269,2.0152252647962987,inf,-inf,-0.37654533820903663,0.28784723328986794,-0.28361988667354565,0.17741531552191475,inf,-inf,2.591557314851997,0.2334134698503394,0.2334134698503394,0.2334134698503394,784,0.7545366682540045,0.8042941505578692,1.20391223768022,,,-2.10288086173675,0.8814877645262296,0.26700388932512326,4.332796454570864,0.6367682872958456,0.0,0.0,0.9993066947196577,0.9021103622795245,0.4651096089848269,2.0152252647962987
284,1.8538034839920392,-12.516181637809746,0.264821985014305,0.0,-10.397556168803403,-12.516181637809746,nan,0.14157823456116667,0.12324375045313833,1.920822918985497,-12.393924021338941,0.26361187079553833,0.0,-10.209489231557907,-12.393924021338941,nan,0.0,0.7619745143228017,0.0,3.4972843630539137,0.0,46.0,0.0,,1.1785190613705043e-05,,,,,,,0.9385877429982835,,1,0.4651096089848269,2.0152252647962987,inf,-inf,-0.3761718252708837,0.287417980884073,-0.2832773467303659,0.1773366352453695,inf,-inf,2.591260021963602,0.23340110827075047,0.23340110827075047,0.23340110827075047,784,0.7545366682540045,0.8042941505578692,1.20391223768022,,,-2.10288086173675,0.8814877645262296,0.26700388932512326,4.332796454570864,0.6367682872958456,0.0,0.0,0.9993066947196577,0.9021103622795245,0.4651096089848269,2.0152252647962987
285,1.8777540896506484,-12.519487684051706,0.26481942696405925,0.0,-10.376914167436997,-12.519487684051706,nan,0.14163718788344523,0.12318223908061392,1.920822918985497,-12.410249688731476,0.2636245691129121,0.0,-10.225802200633067,-12.410249688731476,nan,0.0,0.7483289781749164,0.0,3.490824583997008,0.0,46.0,0.0,,1.1555511720366695e-05,,,,,,,0.9354883617150633,,1,0.4630718868660849,2.0091398055079024,inf,-inf,-0.3759178631300191,0.28719007715499234,-0.2830684494775166,0.17716177736479446,inf,-inf,2.5909618473131952,0.2333803877276344,0.2333803877276344,0.2333803877276344,784,0.753087966658062,0.8033952015979378,1.2029872697918533,,,-2.1054514357501373,0.8784657924674832,0.26646017167013664,4.3387211845337585,0.6373617423373101,0.0,0.0,0.9961815342174283,0.8991955566153342,0.4630718868660849,2.0091398055079024
286,1.8686048357911136,-12.523639043566336,0.26483419299849775,0.0,-10.390200014776724,-12.523639043566336,nan,0.14171150689896142,0.12312268609953643,1.920822918985497,-12.410249688731476,0.2636245691129121,0.0,-10.225802200633067,-12.410249688731476,nan,0.0,0.7534175690169064,0.0,3.48317757667676,0.0,46.0,0.0,,1.134156313164068e-05,,,,,,,0.9354883617150633,,1,0.4630718868660849,2.0091398055079024,inf,-inf,-0.3756208458065143,0.28694794507096005,-0.2829541786498085,0.17696663285663555,inf,-inf,2.590717401830682,0.23336930305014086,0.23336930305014086,0.23336930305014086,784,0.753087966658062,0.8033952015979378,1.2029872697918533,,,-2.1054514357501373,0.8784657924674832,0.26646017167013664,4.3387211845337585,0.6373617423373101,0.0,0.0,0.9961815342174283,0.8991955566153342,0.4630718868660849,2.0091398055079024
287,1.866302152788921,-12.526887163697863,0.26483137615746327,0.0,-10.395753634751479,-12.526887163697863,nan,0.141772790087388,0.12305858607007532,1.920822918985497,-12.410249688731476,0.2636245691129121,0.0,-10.225802200633067,-12.410249688731476,nan,0.0,0.7535616886474128,0.0,3.4767614847826325,0.0,46.0,0.0,,1.1143368309400725e-05,,,,,,,0.9354883617150633,,1,0.4630718868660849,2.0091398055079024,inf,-inf,-0.37535604697758623,0.2868077890764979,-0.2826870002807848,0.17688926850047712,inf,-inf,2.5904422950566106,0.23335300189788932,0.23335300189788932,0.23335300189788932,784,0.753087966658062,0.8033952015979378,1.2029872697918533,,,-2.1054514357501373,0.8784657924674832,0.26646017167013664,4.3387211845337585,0.6373617423373101,0.0,0.0,0.9961815342174283,0.8991955566153342,0.4630718868660849,2.0091398055079024
288,1.874518270323574,-12.529849688226182,0.2648413702551047,0.0,-10.390490047647504,-12.529849688226182,nan,0.14183562518820467,0.1230057450669001,1.920822918985497,-12.410249688731476,0.2636245691129121,0.0,-10.225802200633067,-12.410249688731476,nan,0.0,0.7441474709334358,0.0,3.4712172269959694,0.0,46.0,0.0,,1.0960948987942516e-05,,,,,,,0.9354883617150633,,1,0.4630718868660849,2.0091398055079024,inf,-inf,-0.37508670541752087,0.2864172127543855,-0.28243235898790847,0.1767550431635033,inf,-inf,2.590158876430721,0.23334170243451596,0.23334170243451596,0.23334170243451596,784,0.753087966658062,0.8033952015979378,1.2029872697918533,,,-2.1054514357501373,0.8784657924674832,0.26646017167013664,4.3387211845337585,0.6373617423373101,0.0,0.0,0.9961815342174283,0.8991955566153342,0.4630718868660849,2.0091398055079024
289,1.8725302500064271,-12.531821951588736,0.26484642072876796,0.0,-10.39444528085354,-12.531821951588736,nan,0.14189660374408253,0.12294981698468549,1.920822918985497,-12.410249688731476,0.2636245691129121,0.0,-10.225802200633067,-12.410249688731476,nan,0.0,0.7611748815776681,0.0,3.467044371750636,0.0,46.0,0.0,,1.0794325171600374e-05,,,,,,,0.9354883617150633,,1,0.4630718868660849,2.0091398055079024,inf,-inf,-0.3746578872533563,0.2862774371607199,-0.28211882780625014,0.17666182292356786,inf,-inf,2.5899141670845482,0.23332879775281132,0.23332879775281132,0.23332879775281132,784,0.753087966658062,0.8033952015979378,1.2029872697918533,,,-2.1054514357501373,0.8784657924674832,0.26646017167013664,4.3387211845337585,0.6373617423373101,0.0,0.0,0.9961815342174283,0.8991955566153342,0.4630718868660849,2.0091398055079024
290,1.8796972962996643,-12.534399531193907,0.2648578205400695,0.0,-10.389844414354174,-12.534399531193907,nan,0.14196659190421904,0.12289122863585059,1.920822918985497,-12.425045055741231,0.2636425780785105,0.0,-10.240579558677224,-12.425045055741231,nan,0.0,0.7483122997154226,0.0,3.462147274298306,0.0,46.0,0.0,,1.06435151325534e-05,,,,,,,0.9326697227416666,,1,0.46124353615794245,2.0039988230252246,inf,-inf,-0.37436014165330256,0.2860890511837403,-0.2818635838895469,0.1765758097739949,inf,-inf,2.5895807662951147,0.23331481433380927,0.23331481433380927,0.23331481433380927,784,0.7517475387599862,0.8025615899263221,1.202109875601651,,,-2.107792821747805,0.8756237939341484,0.26596869284089814,4.344773782020005,0.637967169098143,0.0,0.0,0.9933384972180919,0.8965986100626213,0.46124353615794245,2.0039988230252246
291,1.8735939820329925,-12.536946416025723,0.26484949664991914,0.0,-10.39850293734281,-12.536946416025723,nan,0.14201761514688493,0.12283188150303427,1.920822918985497,-12.425045055741231,0.2636425780785105,0.0,-10.240579558677224,-12.425045055741231,nan,0.0,0.7480203386084093,0.0,3.456663455822715,0.0,46.0,0.0,,1.0508535408821867e-05,,,,,,,0.9326697227416666,,1,0.46124353615794245,2.0039988230252246,inf,-inf,-0.3742834384437153,0.285713350739828,-0.2815487858584589,0.17640963325894726,inf,-inf,2.5893994167223164,0.23330136260898263,0.23330136260898263,0.23330136260898263,784,0.7517475387599862,0.8025615899263221,1.202109875601651,,,-2.107792821747805,0.8756237939341484,0.26596869284089814,4.344773782020005,0.637967169098143,0.0,0.0,0.9933384972180919,0.8965986100626213,0.46124353615794245,2.0039988230252246
292,1.869449007608193,-12.540661473089031,0.26485119281285274,0.0,-10.406361272667986,-12.540661473089031,nan,0.14207764135186735,0.12277355146098524,1.920822918985497,-12.425045055741231,0.2636425780785105,0.0,-10.240579558677224,-12.425045055741231,nan,0.0,0.728874269020311,0.0,3.449681682668765,0.0,46.0,0.0,,1.0389400802453577e-05,,,,,,,0.9326697227416666,,1,0.46124353615794245,2.0039988230252246,inf,-inf,-0.374010503640934,0.28557462494081426,-0.28130832759164043,0.17629756186545306,inf,-inf,2.589145704420684,0.23328784534251612,0.23328784534251612,0.23328784534251612,784,0.7517475387599862,0.8025615899263221,1.202109875601651,,,-2.107792821747805,0.8756237939341484,0.26596869284089814,4.344773782020005,0.637967169098143,0.0,0.0,0.9933384972180919,0.8965986100626213,0.46124353615794245,2.0039988230252246
293,1.8624974903728964,-12.542913817732295,0.26486470949781976,0.0,-10.41555161786158,-12.542913817732295,nan,0.14213623243164578,0.12272847706617407,1.920822918985497,-12.425045055741231,0.2636425780785105,0.0,-10.240579558677224,-12.425045055741231,nan,0.0,0.7384248867855977,0.0,3.44419132555374,0.0,46.0,0.0,,1.0286124377900624e-05,,,,,,,0.9326697227416666,,1,0.46124353615794245,2.0039988230252246,inf,-inf,-0.3737810530322148,0.2852036341190025,-0.281219139062202,0.17619942380022824,inf,-inf,2.5888580145719944,0.2332756467868676,0.2332756467868676,0.2332756467868676,784,0.7517475387599862,0.8025615899263221,1.202109875601651,,,-2.107792821747805,0.8756237939341484,0.26596869284089814,4.344773782020005,0.637967169098143,0.0,0.0,0.9933384972180919,0.8965986100626213,0.46124353615794245,2.0039988230252246
294,1.8706726979121067,-12.545186607069327,0.2648495652022612,0.0,-10.409664343954958,-12.545186607069327,nan,0.14218535141795277,0.12266421378430846,1.920822918985497,-12.425045055741231,0.2636425780785105,0.0,-10.240579558677224,-12.425045055741231,nan,0.0,0.7524230425731879,0.0,3.440699247537211,0.0,46.0,0.0,,1.0198717460586795e-05,,,,,,,0.9326697227416666,,1,0.46124353615794245,2.0039988230252246,inf,-inf,-0.3734796618446366,0.28507213577825297,-0.28084912115475824,0.1760399769247466,inf,-inf,2.5885582946498347,0.23325116621008288,0.23325116621008288,0.23325116621008288,784,0.7517475387599862,0.8025615899263221,1.202109875601651,,,-2.107792821747805,0.8756237939341484,0.26596869284089814,4.344773782020005,0.637967169098143,0.0,0.0,0.9933384972180919,0.8965986100626213,0.46124353615794245,2.0039988230252246
295,1.8742174341374327,-12.547470280790126,0.2648677425489469,0.0,-10.408385104103745,-12.547470280790126,nan,0.14225174147906755,0.12261600106987948,1.920822918985497,-12.438864266940621,0.26365918695893964,0.0,-10.254382160996185,-12.438864266940621,nan,0.0,0.7473165694250198,0.0,3.436173074987617,0.0,46.0,0.0,,1.0127189635665535e-05,,,,,,,0.9300296938165339,,1,0.459519687152759,1.9993801064510197,inf,-inf,-0.3731003581544016,0.28494190100109235,-0.2807859569556369,0.1758911388904788,inf,-inf,2.588375257914039,0.23324730437669858,0.23324730437669858,0.23324730437669858,784,0.7504897679773731,0.8017794336692546,1.2012556538523973,,,-2.109990119451075,0.8729891807526969,0.2655070038838558,4.351021647928573,0.638591244072431,0.0,0.0,0.9906756937944418,0.8940085740927309,0.459519687152759,1.9993801064510197
296,1.8694626860150085,-12.55014228106907,0.26486512563328807,0.0,-10.415814469420773,-12.55014228106907,nan,0.14230854867682874,0.12255657695645933,1.920822918985497,-12.438864266940621,0.26365918695893964,0.0,-10.254382160996185,-12.438864266940621,nan,0.0,0.7367237184923228,0.0,3.430068272380176,0.0,46.0,0.0,,1.0071548746968918e-05,,,,,,,0.9300296938165339,,1,0.459519687152759,1.9993801064510197,inf,-inf,-0.37285870627248624,0.2845871061887054,-0.2804835290773219,0.1758158948957061,inf,-inf,2.588153182431755,0.23322351537695113,0.23322351537695113,0.23322351537695113,784,0.7504897679773731,0.8017794336692546,1.2012556538523973,,,-2.109990119451075,0.8729891807526969,0.2655070038838558,4.351021647928573,0.638591244072431,0.0,0.0,0.9906756937944418,0.8940085740927309,0.459519687152759,1.9993801064510197
297,1.8718978557535852,-12.552816284625905,0.2648600900110688,0.0,-10.41605833886125,-12.552816284625905,nan,0.14236220331962712,0.12249788669144163,1.920822918985497,-12.438864266940621,0.26365918695893964,0.0,-10.254382160996185,-12.438864266940621,nan,0.0,0.7331370695898108,0.0,3.424996243326502,0.0,46.0,0.0,,1.0031800896147403e-05,,,,,,,0.9300296938165339,,1,0.459519687152759,1.9993801064510197,inf,-inf,-0.37265633415627025,0.2843245914334924,-0.2803479941083111,0.1757509819684214,inf,-inf,2.5879023446702036,0.2332112019860241,0.2332112019860241,0.2332112019860241,784,0.7504897679773731,0.8017794336692546,1.2012556538523973,,,-2.109990119451075,0.8729891807526969,0.2655070038838558,4.351021647928573,0.638591244072431,0.0,0.0,0.9906756937944418,0.8940085740927309,0.459519687152759,1.9993801064510197
298,1.8777322046300455,-12.555028548766243,0.2648697088380904,0.0,-10.412426635298107,-12.555028548766243,nan,0.14241446181498596,0.12245524702310442,1.920822918985497,-12.438864266940621,0.26365918695893964,0.0,-10.254382160996185,-12.438864266940621,nan,0.0,0.7345355097712291,0.0,3.4215132112148443,0.0,46.0,0.0,,1.000795044200074e-05,,,,,,,0.9300296938165339,,1,0.459519687152759,1.9993801064510197,inf,-inf,-0.3723246582086145,0.2841848340127782,-0.2800041361987599,0.17562579936743236,inf,-inf,2.587544277985733,0.23320976353482234,0.23320976353482234,0.23320976353482234,784,0.7504897679773731,0.8017794336692546,1.2012556538523973,,,-2.109990119451075,0.8729891807526969,0.2655070038838558,4.351021647928573,0.638591244072431,0.0,0.0,0.9906756937944418,0.8940085740927309,0.459519687152759,1.9993801064510197
299,1.8731783207655903,-12.55779893425251,0.2648784503381217,0.0,-10.419742163148799,-12.55779893425251,nan,0.1424737183286315,0.1224047320094902,1.920822918985497,-12.438864266940621,0.26365918695893964,0.0,-10.254382160996185,-12.438864266940621,nan,0.0,0.7341804273525933,0.0,3.4163789112274654,0.0,46.0,0.0,,1e-05,,,,,,,0.9300296938165339,,1,0.459519687152759,1.9993801064510197,inf,-inf,-0.3721850085681631,0.2840027034407105,-0.27988562674169026,0.17548042534754496,inf,-inf,2.5872512036076283,0.23319718570886905,0.23319718570886905,0.23319718570886905,784,0.7504897679773731,0.8017794336692546,1.2012556538523973,,,-2.109990119451075,0.8729891807526969,0.2655070038838558,4.351021647928573,0.638591244072431,0.0,0.0,0.9906756937944418,0.8940085740927309,0.459519687152759,1.9993801064510197
