epoch,train_data,train_phys,train_kl,train_state_reg,train_total,train_pde,train_bc,train_eta_prior,train_kl_only,test_data,test_phys,test_kl,test_state_reg,test_total,test_pde,test_bc,grad_mean_net,grad_vgp_eta,grad_vgp_lambda,grad_eta_log_shift,grad_ratio,vgp_updates,mean_updates,lr_mean_net,lr_vgp_eta,lr_vgp_lambda,mean_net_opt_kind,log10_eta_rmse,log10_eta_bias,log10_eta_r,rel_eta_rmse,eta_pred_mean,eta_ref_mean,mean_net_frozen,eta_min,eta_max,lambda_min,lambda_max,rux_min,rux_max,rvy_min,rvy_max,rh_min,rh_max,kernel_amplitude,kernel_length_scale,kernel_length_scale_x,kernel_length_scale_y,num_inducing,eta_post_var_mean,eta_post_std_mean,eta_post_std_p90,calibration_within_1sigma,calibration_within_2sigma,eta_log_shift,eta_median,eta_std,eta_max_over_min,eta_log10_range,eta_frac_at_floor,eta_frac_at_floor_grounded,eta_mean_grounded,eta_median_grounded,eta_std_grounded,eta_min_grounded,eta_max_grounded,eta_max_over_min_grounded,eta_log10_range_grounded,n_points_grounded
0,24.166402179790158,6153.564340695295,0.0011175039341968966,24.702813036796798,6202.434673415817,6153.564340695295,nan,9.034631545176232e-07,0.001116600471042379,65.73165517798283,1248.8564008518626,0.0027334855543413696,60.2576686296447,1374.8484581450446,1248.8564008518626,nan,248188.17686468485,3588.055465465531,0.0,12214.040947699623,69.17066340067956,46.0,46.0,,0.00029999911661037957,,,,,,,14.74745778428893,,0,14.513125169917203,15.009530255261605,inf,-inf,-24.7173823490608,26.66049827571321,-24.44875825294184,28.489983270533326,inf,-inf,1.9728763887366612,0.17906296037474143,0.17906296037474143,0.17906296037474143,784,3.9611803313431113,1.9902125281519825,2.0096939111198364,,,-0.013799068512926525,14.741511849281917,0.07550528720927933,1.034203872669227,0.014606159693763887,0.0,0.0,14.752777924274351,14.74232911293705,0.07465240973862239,14.513125169917203,15.009530255261605,1.034203872669227,0.014606159693763887,5910
1,91.19747366221029,703.155725356186,0.004608985251645454,66.58596430977084,860.9437723134188,703.155725356186,nan,6.505083531607633e-06,0.004602480168113845,65.73165517798283,1248.8564008518626,0.0027334855543413696,60.2576686296447,1374.8484581450446,1248.8564008518626,nan,20629.236879507458,295.9988814217776,0.0,1335.2229368335645,69.69363120704584,46.0,46.0,,0.0002999964664522822,,,,,,,14.74745778428893,,0,14.513125169917203,15.009530255261605,inf,-inf,-7.550337355406231,7.203393289184632,-8.256360496426584,11.630716568840187,inf,-inf,1.944432891143062,0.18145615343503257,0.18145615343503257,0.18145615343503257,784,3.9611803313431113,1.9902125281519825,2.0096939111198364,,,-0.013799068512926525,14.741511849281917,0.07550528720927933,1.034203872669227,0.014606159693763887,0.0,0.0,14.752777924274351,14.74232911293705,0.07465240973862239,14.513125169917203,15.009530255261605,1.034203872669227,0.014606159693763887,5910
2,111.9386120854406,217.75541743233043,0.009733655476775788,73.95348879303614,403.657251966284,217.75541743233043,nan,1.832162696448049e-05,0.009715333849811308,65.73165517798283,1248.8564008518626,0.0027334855543413696,60.2576686296447,1374.8484581450446,1248.8564008518626,nan,6886.319699985897,88.11078161851133,0.0,423.1667805877241,78.1552447213695,46.0,46.0,,0.00029999204955799926,,,,,,,14.74745778428893,,0,14.513125169917203,15.009530255261605,inf,-inf,-3.1595336994095176,5.595478599992404,-3.9303340522129173,5.822524431695344,inf,-inf,1.9160583802547668,0.18389272577706356,0.18389272577706356,0.18389272577706356,784,3.9611803313431113,1.9902125281519825,2.0096939111198364,,,-0.013799068512926525,14.741511849281917,0.07550528720927933,1.034203872669227,0.014606159693763887,0.0,0.0,14.752777924274351,14.74232911293705,0.07465240973862239,14.513125169917203,15.009530255261605,1.034203872669227,0.014606159693763887,5910
3,99.02544675530604,111.81768703024859,0.01591276387749258,79.15985425111312,290.0189008005452,111.81768703024859,nan,3.611644114382272e-05,0.015876647436348753,65.73165517798283,1248.8564008518626,0.0027334855543413696,60.2576686296447,1374.8484581450446,1248.8564008518626,nan,6091.697291810324,46.68658378437845,0.0,208.9282637803249,130.48068198660178,46.0,46.0,,0.0002999858659813491,,,,,,,14.74745778428893,,0,14.513125169917203,15.009530255261605,inf,-inf,-1.9214136441981007,3.4381816923984427,-2.7777906794612246,5.463816214895724,inf,-inf,1.8917139988376892,0.18620230795801457,0.18620230795801457,0.18620230795801457,784,3.9611803313431113,1.9902125281519825,2.0096939111198364,,,-0.013799068512926525,14.741511849281917,0.07550528720927933,1.034203872669227,0.014606159693763887,0.0,0.0,14.752777924274351,14.74232911293705,0.07465240973862239,14.513125169917203,15.009530255261605,1.034203872669227,0.014606159693763887,5910
4,79.86753973215693,67.41770936751375,0.02101450015529519,82.76805972863937,230.07432332846537,67.41770936751375,nan,5.95118027758739e-05,0.020954988352519306,65.73165517798283,1248.8564008518626,0.0027334855543413696,60.2576686296447,1374.8484581450446,1248.8564008518626,nan,5006.547796008789,35.106212590630044,0.0,155.80126759237558,142.61144756313166,46.0,46.0,,0.0002999779157976767,,,,,,,14.74745778428893,,0,14.513125169917203,15.009530255261605,inf,-inf,-1.3610699239977644,2.5824198384937445,-1.6615211076397416,2.7670375452146545,inf,-inf,1.8694240767769408,0.18812629360369873,0.18812629360369873,0.18812629360369873,784,3.9611803313431113,1.9902125281519825,2.0096939111198364,,,-0.013799068512926525,14.741511849281917,0.07550528720927933,1.034203872669227,0.014606159693763887,0.0,0.0,14.752777924274351,14.74232911293705,0.07465240973862239,14.513125169917203,15.009530255261605,1.034203872669227,0.014606159693763887,5910
5,73.43551910605518,32.53277319448038,0.02565155205206731,80.19404077146983,186.18798462405744,32.53277319448038,nan,8.837029520866759e-05,0.02556318175685864,73.64968945900227,17.617416010291848,0.027611233350638607,79.451843827376,170.74656053002076,17.617416010291848,nan,3953.865720483675,22.390303810642653,0.0,98.3554723165657,176.58830152203237,46.0,46.0,,0.00029996819910385256,,,,,,,13.487232504647814,,0,12.441062464229681,14.636546274788108,inf,-inf,-1.2340373951070618,1.788080954295243,-1.2857763616762314,1.7566096249348722,inf,-inf,1.8482197548749004,0.19001572750065485,0.19001572750065485,0.19001572750065485,784,3.7405785811437204,1.9330705247811606,2.0009292123476587,,,-0.08276362090720363,13.515988767053091,0.2977232060692622,1.176470765006674,0.07058113954091194,0.0,0.0,13.49985945469513,13.540925731324926,0.2989442562159873,12.544406884081363,14.636546274788108,1.1667786616011024,0.06698847801428731,5910
6,71.02913305939863,15.728870937886255,0.030321247217803292,78.4813539687024,165.26967921320508,15.728870937886255,nan,0.00012247023581893915,0.030198776981984345,73.64968945900227,17.617416010291848,0.027611233350638607,79.451843827376,170.74656053002076,17.617416010291848,nan,3629.3139351992445,16.041911422698657,0.0,69.79087837159004,226.239494756461,46.0,46.0,,0.0002999567160182715,,,,,,,13.487232504647814,,0,12.441062464229681,14.636546274788108,inf,-inf,-1.0625610143208624,1.5265435290631337,-1.2187087932493033,1.538564396993952,inf,-inf,1.8292847008028055,0.1917935534823232,0.1917935534823232,0.1917935534823232,784,3.7405785811437204,1.9330705247811606,2.0009292123476587,,,-0.08276362090720363,13.515988767053091,0.2977232060692622,1.176470765006674,0.07058113954091194,0.0,0.0,13.49985945469513,13.540925731324926,0.2989442562159873,12.544406884081363,14.636546274788108,1.1667786616011024,0.06698847801428731,5910
7,69.85827423209378,5.529609018713333,0.036200159439031376,77.40584660147158,152.82993001171772,5.529609018713333,nan,0.00016186239521084062,0.03603829704382054,73.64968945900227,17.617416010291848,0.027611233350638607,79.451843827376,170.74656053002076,17.617416010291848,nan,2740.229342464409,11.637664862382092,0.0,51.72670590857673,235.46212877481992,46.0,46.0,,0.00029994346668085135,,,,,,,13.487232504647814,,0,12.441062464229681,14.636546274788108,inf,-inf,-0.9508712767848814,1.2748379060680823,-1.2178003440165375,0.888926083915378,inf,-inf,1.812124103879701,0.19350489954310482,0.19350489954310482,0.19350489954310482,784,3.7405785811437204,1.9330705247811606,2.0009292123476587,,,-0.08276362090720363,13.515988767053091,0.2977232060692622,1.176470765006674,0.07058113954091194,0.0,0.0,13.49985945469513,13.540925731324926,0.2989442562159873,12.544406884081363,14.636546274788108,1.1667786616011024,0.06698847801428731,5910
8,68.39611799023007,-0.6752984698468051,0.04086862738756083,76.4167999980424,144.17848814581322,-0.6752984698468051,nan,0.00020665896414395619,0.04066196842341688,73.64968945900227,17.617416010291848,0.027611233350638607,79.451843827376,170.74656053002076,17.617416010291848,nan,2479.892755905538,9.167588551962316,0.0,40.74215767090414,270.5065505339153,46.0,46.0,,0.00029992845125303107,,,,,,,13.487232504647814,,0,12.441062464229681,14.636546274788108,inf,-inf,-0.8016469215260353,1.1214799488793863,-0.9154181174335583,1.081496399937471,inf,-inf,1.7979562770577866,0.19493270752071515,0.19493270752071515,0.19493270752071515,784,3.7405785811437204,1.9330705247811606,2.0009292123476587,,,-0.08276362090720363,13.515988767053091,0.2977232060692622,1.176470765006674,0.07058113954091194,0.0,0.0,13.49985945469513,13.540925731324926,0.2989442562159873,12.544406884081363,14.636546274788108,1.1667786616011024,0.06698847801428731,5910
9,67.42006416063657,-5.323081510815476,0.045324012496937634,75.89228772028973,138.03459438260776,-5.323081510815476,nan,0.0002568853218000155,0.045067127175137625,73.64968945900227,17.617416010291848,0.027611233350638607,79.451843827376,170.74656053002076,17.617416010291848,nan,2078.686460451104,7.211087382626033,0.0,32.25310137334333,288.2625532259348,46.0,46.0,,0.00029991166991776886,,,,,,,13.487232504647814,,0,12.441062464229681,14.636546274788108,inf,-inf,-0.7811251734520773,0.916755919766911,-0.9557475276429871,0.7649401291145411,inf,-inf,1.7873411918916018,0.19601105839579525,0.19601105839579525,0.19601105839579525,784,3.7405785811437204,1.9330705247811606,2.0009292123476587,,,-0.08276362090720363,13.515988767053091,0.2977232060692622,1.176470765006674,0.07058113954091194,0.0,0.0,13.49985945469513,13.540925731324926,0.2989442562159873,12.544406884081363,14.636546274788108,1.1667786616011024,0.06698847801428731,5910
10,66.53476829740438,-8.445771031119863,0.04864973740705612,75.4527900739599,133.59043707765147,-8.445771031119863,nan,0.0003127775753336742,0.04833695983172243,66.44511045660133,-12.612567838354739,0.04988040934741825,74.92059730663496,128.80302033422896,-12.612567838354739,nan,2257.620506049225,5.763785673154001,0.0,26.21810821302913,391.6905717998067,46.0,46.0,,0.00029989312287954,,,,,,,12.373226137185592,,0,10.890799091626674,14.485499897457277,inf,-inf,-0.6159025434004866,0.8505432792726852,-0.7545549906156522,0.6408157402577146,inf,-inf,1.7798045534562694,0.1967636223930891,0.1967636223930891,0.1967636223930891,784,3.5776219939594447,1.8888818677544463,1.9911763971068386,,,-0.1516694477740225,12.432705049461116,0.4525030931337983,1.330067681497712,0.12387374093183046,0.0,0.0,12.409566322541792,12.484848907976614,0.43121284807553795,10.89643031220816,13.677923197041972,1.2552664317705478,0.09873591511355762,5910
11,65.29265976409721,-10.61812349843273,0.050539657930738405,74.8157463269906,129.54082225058582,-10.61812349843273,nan,0.0003741319743275349,0.05016552595641088,66.44511045660133,-12.612567838354739,0.04988040934741825,74.92059730663496,128.80302033422896,-12.612567838354739,nan,2104.7590918232136,5.162126433335355,0.0,22.127401101751808,407.7310230588998,46.0,46.0,,0.0002998728103643344,,,,,,,12.373226137185592,,0,10.890799091626674,14.485499897457277,inf,-inf,-0.5407274920298253,0.7761574568636033,-0.6044673749829478,0.6289766471152605,inf,-inf,1.775569659327977,0.1971663045844977,0.1971663045844977,0.1971663045844977,784,3.5776219939594447,1.8888818677544463,1.9911763971068386,,,-0.1516694477740225,12.432705049461116,0.4525030931337983,1.330067681497712,0.12387374093183046,0.0,0.0,12.409566322541792,12.484848907976614,0.43121284807553795,10.89643031220816,13.677923197041972,1.2552664317705478,0.09873591511355762,5910
12,64.47342185183871,-12.138942817265981,0.05180090813599566,74.49701695476588,126.8832968974746,-12.138942817265981,nan,0.0004391257636036002,0.05136178237239208,66.44511045660133,-12.612567838354739,0.04988040934741825,74.92059730663496,128.80302033422896,-12.612567838354739,nan,1708.680129001491,4.422373364691756,0.0,19.252443738736243,386.3717484017968,46.0,46.0,,0.0002998507326196536,,,,,,,12.373226137185592,,0,10.890799091626674,14.485499897457277,inf,-inf,-0.4995663359341388,0.8295354153735292,-0.43254155093230867,0.48764390505583943,inf,-inf,1.7753319414085285,0.19719542677002969,0.19719542677002969,0.19719542677002969,784,3.5776219939594447,1.8888818677544463,1.9911763971068386,,,-0.1516694477740225,12.432705049461116,0.4525030931337983,1.330067681497712,0.12387374093183046,0.0,0.0,12.409566322541792,12.484848907976614,0.43121284807553795,10.89643031220816,13.677923197041972,1.2552664317705478,0.09873591511355762,5910
13,64.15167011478125,-13.725293606675741,0.05208695476686881,74.1152685998774,124.59373206274978,-13.725293606675741,nan,0.0005080109516399086,0.051578943815228914,66.44511045660133,-12.612567838354739,0.04988040934741825,74.92059730663496,128.80302033422896,-12.612567838354739,nan,2034.4588091063429,3.82316098881502,0.0,16.388664631859964,532.14050233781,46.0,46.0,,0.00029982688991450786,,,,,,,12.373226137185592,,0,10.890799091626674,14.485499897457277,inf,-inf,-0.4522364716297999,0.7578284225528703,-0.4291076424254787,0.7281704001386162,inf,-inf,1.7773753853253837,0.19694435879590788,0.19694435879590788,0.19694435879590788,784,3.5776219939594447,1.8888818677544463,1.9911763971068386,,,-0.1516694477740225,12.432705049461116,0.4525030931337983,1.330067681497712,0.12387374093183046,0.0,0.0,12.409566322541792,12.484848907976614,0.43121284807553795,10.89643031220816,13.677923197041972,1.2552664317705478,0.09873591511355762,5910
14,63.60992284699407,-15.000892529367729,0.05185427596915444,73.95846683409376,122.61935142768925,-15.000892529367729,nan,0.0005806958648348517,0.05127358010431959,66.44511045660133,-12.612567838354739,0.04988040934741825,74.92059730663496,128.80302033422896,-12.612567838354739,nan,1703.5665952121465,3.5526842559986305,0.0,14.835955480134457,479.51533895411933,46.0,46.0,,0.0002998012825394131,,,,,,,12.373226137185592,,0,10.890799091626674,14.485499897457277,inf,-inf,-0.4154210041866413,0.7495294436289045,-0.41977636790939915,0.4241861655918551,inf,-inf,1.7817760162508023,0.1964667404847432,0.1964667404847432,0.1964667404847432,784,3.5776219939594447,1.8888818677544463,1.9911763971068386,,,-0.1516694477740225,12.432705049461116,0.4525030931337983,1.330067681497712,0.12387374093183046,0.0,0.0,12.409566322541792,12.484848907976614,0.43121284807553795,10.89643031220816,13.677923197041972,1.2552664317705478,0.09873591511355762,5910
15,62.90234055446235,-15.668547333617642,0.050185295543616594,73.68502145564345,120.96899997203177,-15.668547333617642,nan,0.0006572082995646695,0.04952808724405191,63.286208363537746,-16.768663087704518,0.0495664751478246,73.28470810556516,119.85181985654621,-16.768663087704518,nan,1826.4590022454693,3.1805522659484606,0.0,13.291588914846836,574.2584461823984,46.0,46.0,,0.0002997739108063871,,,,,,,11.392943018444846,,0,9.418797602120524,13.959871503786747,inf,-inf,-0.4100444908417456,0.6940162036047327,-0.48308170659802585,0.36593663181917724,inf,-inf,1.7871427575003516,0.19585618660066872,0.19585618660066872,0.19585618660066872,784,3.457099124474643,1.8552811773934024,1.9819416790336861,,,-0.2205064722124808,11.452748879113535,0.535050891914526,1.482128833583159,0.17088595619552716,0.0,0.0,11.442834696531113,11.519105392808086,0.5105470869244977,9.867321180492885,13.095675992687713,1.3271764193281856,0.12292865673644715,5910
16,62.55170781952946,-16.53448449764056,0.04883874759834678,73.52985469437199,119.59591676385924,-16.53448449764056,nan,0.0007374282252020529,0.04810131937314474,63.286208363537746,-16.768663087704518,0.0495664751478246,73.28470810556516,119.85181985654621,-16.768663087704518,nan,1421.3699421470174,3.0014352468801335,0.0,12.019684769163291,473.56342057503053,46.0,46.0,,0.0002997447750489458,,,,,,,11.392943018444846,,0,9.418797602120524,13.959871503786747,inf,-inf,-0.3709406692141277,0.6582736939352342,-0.4481903302400616,0.3620157616254184,inf,-inf,1.793229377698221,0.19518885891043777,0.19518885891043777,0.19518885891043777,784,3.457099124474643,1.8552811773934024,1.9819416790336861,,,-0.2205064722124808,11.452748879113535,0.535050891914526,1.482128833583159,0.17088595619552716,0.0,0.0,11.442834696531113,11.519105392808086,0.5105470869244977,9.867321180492885,13.095675992687713,1.3271764193281856,0.12292865673644715,5910
17,62.21954215730652,-17.242216393643098,0.0476749993252683,73.26111711687618,118.28611787986486,-17.242216393643098,nan,0.0008211085336921906,0.04685389079157611,63.286208363537746,-16.768663087704518,0.0495664751478246,73.28470810556516,119.85181985654621,-16.768663087704518,nan,1466.3171750419526,2.758663922152359,0.0,10.721194489313602,531.5316459055679,46.0,46.0,,0.0002997138756220992,,,,,,,11.392943018444846,,0,9.418797602120524,13.959871503786747,inf,-inf,-0.40359860947787546,0.6927700564159089,-0.43440903556637367,0.35802136170994536,inf,-inf,1.7999265834302922,0.1944662245021111,0.1944662245021111,0.1944662245021111,784,3.457099124474643,1.8552811773934024,1.9819416790336861,,,-0.2205064722124808,11.452748879113535,0.535050891914526,1.482128833583159,0.17088595619552716,0.0,0.0,11.442834696531113,11.519105392808086,0.5105470869244977,9.867321180492885,13.095675992687713,1.3271764193281856,0.12292865673644715,5910
18,61.767028325157796,-17.57699403504218,0.04619395008318763,73.06188264670887,117.29811088690766,-17.57699403504218,nan,0.0009087671205071161,0.045285182962680505,63.286208363537746,-16.768663087704518,0.0495664751478246,73.28470810556516,119.85181985654621,-16.768663087704518,nan,1481.3597797012617,2.6399365614713983,0.0,10.216950852656408,561.1346125967547,46.0,46.0,,0.00029968121290234706,,,,,,,11.392943018444846,,0,9.418797602120524,13.959871503786747,inf,-inf,-0.4053412082141492,0.6443482034223139,-0.42365602243163214,0.3610141902918982,inf,-inf,1.8066891674994048,0.19376620723317325,0.19376620723317325,0.19376620723317325,784,3.457099124474643,1.8552811773934024,1.9819416790336861,,,-0.2205064722124808,11.452748879113535,0.535050891914526,1.482128833583159,0.17088595619552716,0.0,0.0,11.442834696531113,11.519105392808086,0.5105470869244977,9.867321180492885,13.095675992687713,1.3271764193281856,0.12292865673644715,5910
19,61.195411705867116,-18.259345923520993,0.04483768030602429,72.92199834137875,115.9029018040309,-18.259345923520993,nan,0.0010006317953167453,0.04383704851070753,63.286208363537746,-16.768663087704518,0.0495664751478246,73.28470810556516,119.85181985654621,-16.768663087704518,nan,1280.760760882035,2.5345405623622326,0.0,9.270134426157611,505.32265291045303,46.0,46.0,,0.0002996467872876743,,,,,,,11.392943018444846,,0,9.418797602120524,13.959871503786747,inf,-inf,-0.3856363257230104,0.6323832279386369,-0.4321550809825969,0.3352887487843405,inf,-inf,1.8136867246649457,0.19308190013006357,0.19308190013006357,0.19308190013006357,784,3.457099124474643,1.8552811773934024,1.9819416790336861,,,-0.2205064722124808,11.452748879113535,0.535050891914526,1.482128833583159,0.17088595619552716,0.0,0.0,11.442834696531113,11.519105392808086,0.5105470869244977,9.867321180492885,13.095675992687713,1.3271764193281856,0.12292865673644715,5910
20,60.90938653940396,-18.325697385384206,0.04349203061031064,72.76148469881554,115.3886658834456,-18.325697385384206,nan,0.0010962585347859468,0.04239577207552469,60.88162538147971,-19.248742272452226,0.04282277239584577,71.8142872990678,113.48999318049113,-19.248742272452226,nan,1543.1213906647579,2.4987289478461605,0.0,8.686908454913302,617.5625379434966,46.0,46.0,,0.00029961059919754625,,,,,,,10.532455388179768,,0,8.357308230778655,13.022705917674957,inf,-inf,-0.34747143361003613,0.6577964135764686,-0.43421039118859855,0.30942311872834777,inf,-inf,1.8209433303660836,0.19240208254052873,0.19240208254052873,0.19240208254052873,784,3.3736868374360616,1.8317695258363045,1.9736849473931921,,,-0.2892646522284576,10.58706311279499,0.5640173991788282,1.558241668018702,0.19263481338006372,0.0,0.0,10.585645355014774,10.666240912469757,0.5391654668987039,9.046757424729664,12.247383463588715,1.3537870961489489,0.1315503702295402,5910
21,60.643149887852964,-19.1733211227232,0.0420584423124318,72.72367031827882,114.23555752572102,-19.1733211227232,nan,0.0011956472810271208,0.0408627950314047,60.88162538147971,-19.248742272452226,0.04282277239584577,71.8142872990678,113.48999318049113,-19.248742272452226,nan,1354.621076130274,2.256693048983657,0.0,7.768473239149004,600.2682007375139,46.0,46.0,,0.0002995726490729033,,,,,,,10.532455388179768,,0,8.357308230778655,13.022705917674957,inf,-inf,-0.3944483250783636,0.5841879986486244,-0.42469157339506913,0.2561736993692715,inf,-inf,1.8289550123753493,0.19168369358108972,0.19168369358108972,0.19168369358108972,784,3.3736868374360616,1.8317695258363045,1.9736849473931921,,,-0.2892646522284576,10.58706311279499,0.5640173991788282,1.558241668018702,0.19263481338006372,0.0,0.0,10.585645355014774,10.666240912469757,0.5391654668987039,9.046757424729664,12.247383463588715,1.3537870961489489,0.1315503702295402,5910
22,60.19919297019661,-19.328502282071607,0.04070350672403268,72.46380506128982,113.37519925613887,-19.328502282071607,nan,0.0012984012137860015,0.039405105510246674,60.88162538147971,-19.248742272452226,0.04282277239584577,71.8142872990678,113.48999318049113,-19.248742272452226,nan,1502.0043466278962,2.1466568786882476,0.0,7.319613448323253,699.6946561602907,46.0,46.0,,0.0002995329373761557,,,,,,,10.532455388179768,,0,8.357308230778655,13.022705917674957,inf,-inf,-0.37023654551155055,0.612792621848214,-0.4264980499986776,0.25152496077593517,inf,-inf,1.83692672646692,0.19098642643819638,0.19098642643819638,0.19098642643819638,784,3.3736868374360616,1.8317695258363045,1.9736849473931921,,,-0.2892646522284576,10.58706311279499,0.5640173991788282,1.558241668018702,0.19263481338006372,0.0,0.0,10.585645355014774,10.666240912469757,0.5391654668987039,9.046757424729664,12.247383463588715,1.3537870961489489,0.1315503702295402,5910
23,60.11345210494516,-19.703728365690903,0.0395923503123438,72.38189965393198,112.83121574349859,-19.703728365690903,nan,0.0014047482298658843,0.03818760208247792,60.88162538147971,-19.248742272452226,0.04282277239584577,71.8142872990678,113.48999318049113,-19.248742272452226,nan,1448.2688627272903,2.1194505801785075,0.0,6.883177150258884,683.3227800977138,46.0,46.0,,0.00029949146459117796,,,,,,,10.532455388179768,,0,8.357308230778655,13.022705917674957,inf,-inf,-0.4524351484718452,0.5952859054387214,-0.4255267027437373,0.21831581764860442,inf,-inf,1.8444073643018806,0.19041103312443755,0.19041103312443755,0.19041103312443755,784,3.3736868374360616,1.8317695258363045,1.9736849473931921,,,-0.2892646522284576,10.58706311279499,0.5640173991788282,1.558241668018702,0.19263481338006372,0.0,0.0,10.585645355014774,10.666240912469757,0.5391654668987039,9.046757424729664,12.247383463588715,1.3537870961489489,0.1315503702295402,5910
24,59.71663088787955,-19.77131964844032,0.03882956205035301,72.24409310592188,112.22823390741146,-19.77131964844032,nan,0.001514694223746812,0.03731486782660621,60.88162538147971,-19.248742272452226,0.04282277239584577,71.8142872990678,113.48999318049113,-19.248742272452226,nan,1248.6221591569536,2.0716367261878808,0.0,6.4997714474813195,602.7225446300152,46.0,46.0,,0.00029944823122330294,,,,,,,10.532455388179768,,0,8.357308230778655,13.022705917674957,inf,-inf,-0.433625988697161,0.5945520575985598,-0.43943220459042065,0.22429520881495696,inf,-inf,1.8517539675033838,0.1899130501491905,0.1899130501491905,0.1899130501491905,784,3.3736868374360616,1.8317695258363045,1.9736849473931921,,,-0.2892646522284576,10.58706311279499,0.5640173991788282,1.558241668018702,0.19263481338006372,0.0,0.0,10.585645355014774,10.666240912469757,0.5391654668987039,9.046757424729664,12.247383463588715,1.3537870961489489,0.1315503702295402,5910
25,59.47227947320913,-19.98406955822096,0.03781349173247761,71.84584014513588,111.37186355185653,-19.98406955822096,nan,0.0016284651978545098,0.0361850265346231,59.593689942640054,-20.978233390332733,0.03756622145379555,71.19469414802498,109.84771692178609,-20.978233390332733,nan,1503.4611576930752,1.9268186714487,0.0,6.025119997897873,780.2816009472657,46.0,46.0,,0.0002994032377993155,,,,,,,9.757949635901493,,0,7.480668731543292,12.113245829085486,inf,-inf,-0.36792817249033155,0.5115838517122796,-0.4348635634751597,0.23924436906780744,inf,-inf,1.8593512928124716,0.18940141064233298,0.18940141064233298,0.18940141064233298,784,3.3075458852910944,1.8130369307029182,1.968226851998445,,,-0.35780970668597595,9.810482728284901,0.5715022769359448,1.6192731243409135,0.20932010779599253,0.0,0.0,9.812657357808767,9.886145530223512,0.546062266827902,8.242918938672972,11.553361449199587,1.4016104653164967,0.14662733155533958,5910
26,59.23799360052756,-20.297339793432087,0.03767997886479964,72.12556537725766,111.10389916321793,-20.297339793432087,nan,0.0017457990995505197,0.03593417976524913,59.593689942640054,-20.978233390332733,0.03756622145379555,71.19469414802498,109.84771692178609,-20.978233390332733,nan,1384.7774210787713,1.8766904437966492,0.0,5.78852904244444,737.882704979991,46.0,46.0,,0.0002993564848674464,,,,,,,9.757949635901493,,0,7.480668731543292,12.113245829085486,inf,-inf,-0.45013672594110044,0.5091422280126723,-0.42158312331388026,0.20062150227382494,inf,-inf,1.8668581735274643,0.18908612592117532,0.18908612592117532,0.18908612592117532,784,3.3075458852910944,1.8130369307029182,1.968226851998445,,,-0.35780970668597595,9.810482728284901,0.5715022769359448,1.6192731243409135,0.20932010779599253,0.0,0.0,9.812657357808767,9.886145530223512,0.546062266827902,8.242918938672972,11.553361449199587,1.4016104653164967,0.14662733155533958,5910
27,59.1637621375365,-20.40558933292052,0.03738193145524843,72.10025975562547,110.89581449169671,-20.40558933292052,nan,0.0018667694127192447,0.0355151620425292,59.593689942640054,-20.978233390332733,0.03756622145379555,71.19469414802498,109.84771692178609,-20.978233390332733,nan,1906.9651699352366,1.8514260741533377,0.0,5.6639816475359215,1029.9980088631391,46.0,46.0,,0.0002993079729973653,,,,,,,9.757949635901493,,0,7.480668731543292,12.113245829085486,inf,-inf,-0.4841904977309906,0.49980596329600246,-0.4251369827354969,0.28255591080281073,inf,-inf,1.8738063029322494,0.18878163903326095,0.18878163903326095,0.18878163903326095,784,3.3075458852910944,1.8130369307029182,1.968226851998445,,,-0.35780970668597595,9.810482728284901,0.5715022769359448,1.6192731243409135,0.20932010779599253,0.0,0.0,9.812657357808767,9.886145530223512,0.546062266827902,8.242918938672972,11.553361449199587,1.4016104653164967,0.14662733155533958,5910
28,58.69141786256071,-20.80652560595494,0.03668846205970361,71.84151674065549,109.76309745932096,-20.80652560595494,nan,0.001989690219291835,0.03469877184041177,59.593689942640054,-20.978233390332733,0.03756622145379555,71.19469414802498,109.84771692178609,-20.978233390332733,nan,1374.475876643881,1.7727219898588154,0.0,5.103844178768632,775.3476769097608,46.0,46.0,,0.0002992577027801741,,,,,,,9.757949635901493,,0,7.480668731543292,12.113245829085486,inf,-inf,-0.40229366415970397,0.49184111898480465,-0.4304627817202009,0.3912918323392162,inf,-inf,1.8816825148679306,0.1884448991072519,0.1884448991072519,0.1884448991072519,784,3.3075458852910944,1.8130369307029182,1.968226851998445,,,-0.35780970668597595,9.810482728284901,0.5715022769359448,1.6192731243409135,0.20932010779599253,0.0,0.0,9.812657357808767,9.886145530223512,0.546062266827902,8.242918938672972,11.553361449199587,1.4016104653164967,0.14662733155533958,5910
29,58.64777573091356,-20.955414621456022,0.03658356314386492,71.81045861348413,109.53940328608553,-20.955414621456022,nan,0.002113490363818549,0.0344700727800464,59.593689942640054,-20.978233390332733,0.03756622145379555,71.19469414802498,109.84771692178609,-20.978233390332733,nan,1427.8204997039438,1.7163386106452188,0.0,5.02064040409071,831.8990733228259,46.0,46.0,,0.0002992056748283994,,,,,,,9.757949635901493,,0,7.480668731543292,12.113245829085486,inf,-inf,-0.3633523377363515,0.45316737574402294,-0.4271266818960955,0.22129947414983106,inf,-inf,1.8902481778152949,0.18807846263231912,0.18807846263231912,0.18807846263231912,784,3.3075458852910944,1.8130369307029182,1.968226851998445,,,-0.35780970668597595,9.810482728284901,0.5715022769359448,1.6192731243409135,0.20932010779599253,0.0,0.0,9.812657357808767,9.886145530223512,0.546062266827902,8.242918938672972,11.553361449199587,1.4016104653164967,0.14662733155533958,5910
30,58.08725080333271,-20.981344207521843,0.035612749918254256,71.33978522011071,108.48130456583984,-20.981344207521843,nan,0.0022407089687320057,0.033372040949522244,58.688461275030264,-21.75079416360229,0.035342599484294995,70.3810680714435,107.35407778235576,-21.75079416360229,nan,1161.5498062209954,1.7433637601245184,0.0,4.818677473079466,666.2693310419809,46.0,46.0,,0.0002991518897759855,,,,,,,9.068135809628231,,0,6.78039218134266,11.21623349039985,inf,-inf,-0.3494216931632344,0.518104123312682,-0.43862408972535677,0.2160499645454919,inf,-inf,1.8981026374383823,0.18772156226408138,0.18772156226408138,0.18772156226408138,784,3.254380445137093,1.7977890465471338,1.9640330360456797,,,-0.42431039325124176,9.118579608813455,0.5699319422326636,1.6542160380137185,0.21859222709701853,0.0,0.0,9.121505602045728,9.189057829535844,0.5438546171685864,7.563995664247025,10.828945157161362,1.4316434908003552,0.15583488301757242,5910
31,58.224601647112415,-21.147046742229286,0.03494346915113424,70.90938108778164,108.0218794618159,-21.147046742229286,nan,0.0023689802165321023,0.03257448893460216,58.688461275030264,-21.75079416360229,0.035342599484294995,70.3810680714435,107.35407778235576,-21.75079416360229,nan,1615.0000902475958,1.6573779355572293,0.0,4.676302704266339,974.4307895016199,46.0,46.0,,0.00029909634827828625,,,,,,,9.068135809628231,,0,6.78039218134266,11.21623349039985,inf,-inf,-0.3974655475600454,0.4615183975035364,-0.43678450195351903,0.2574650784590266,inf,-inf,1.905744422181095,0.18748256037726105,0.18748256037726105,0.18748256037726105,784,3.254380445137093,1.7977890465471338,1.9640330360456797,,,-0.42431039325124176,9.118579608813455,0.5699319422326636,1.6542160380137185,0.21859222709701853,0.0,0.0,9.121505602045728,9.189057829535844,0.5438546171685864,7.563995664247025,10.828945157161362,1.4316434908003552,0.15583488301757242,5910
32,57.98761819536215,-21.231657179453304,0.0347546350071025,71.12733298544596,107.91804863636192,-21.231657179453304,nan,0.0024964251893011295,0.03225820981780136,58.688461275030264,-21.75079416360229,0.035342599484294995,70.3810680714435,107.35407778235576,-21.75079416360229,nan,1481.7984532799487,1.6154824294433343,0.0,4.461598271341008,917.2482635979825,46.0,46.0,,0.00029903905101205723,,,,,,,9.068135809628231,,0,6.78039218134266,11.21623349039985,inf,-inf,-0.3467055547444547,0.44775043758088234,-0.4375953925013083,0.327357698204122,inf,-inf,1.913280440037002,0.18725659909944786,0.18725659909944786,0.18725659909944786,784,3.254380445137093,1.7977890465471338,1.9640330360456797,,,-0.42431039325124176,9.118579608813455,0.5699319422326636,1.6542160380137185,0.21859222709701853,0.0,0.0,9.121505602045728,9.189057829535844,0.5438546171685864,7.563995664247025,10.828945157161362,1.4316434908003552,0.15583488301757242,5910
33,57.48088410678074,-21.12737632749167,0.034586154579731444,70.77536733739753,107.16346127126633,-21.12737632749167,nan,0.00262316148745423,0.03196299309227722,58.688461275030264,-21.75079416360229,0.035342599484294995,70.3810680714435,107.35407778235576,-21.75079416360229,nan,1679.2682354472076,1.6602768544733797,0.0,4.371399117636751,1011.4386832067546,46.0,46.0,,0.0002989799986754476,,,,,,,9.068135809628231,,0,6.78039218134266,11.21623349039985,inf,-inf,-0.37056231138506746,0.4330566766633893,-0.4515831124740066,0.4017230730444373,inf,-inf,1.9211402411555367,0.18711059200594563,0.18711059200594563,0.18711059200594563,784,3.254380445137093,1.7977890465471338,1.9640330360456797,,,-0.42431039325124176,9.118579608813455,0.5699319422326636,1.6542160380137185,0.21859222709701853,0.0,0.0,9.121505602045728,9.189057829535844,0.5438546171685864,7.563995664247025,10.828945157161362,1.4316434908003552,0.15583488301757242,5910
34,57.435123066790446,-21.530772570889734,0.034244247701079665,70.77608215842248,106.71467690202428,-21.530772570889734,nan,0.002752774319111595,0.031491473381968074,58.688461275030264,-21.75079416360229,0.035342599484294995,70.3810680714435,107.35407778235576,-21.75079416360229,nan,1514.8748896097707,1.5568817894295714,0.0,4.08760560035967,973.0185682015127,46.0,46.0,,0.00029891919198799145,,,,,,,9.068135809628231,,0,6.78039218134266,11.21623349039985,inf,-inf,-0.37409388612115724,0.4336274203173369,-0.4393272384139564,0.19130393307467924,inf,-inf,1.9284929004719034,0.18687719127690725,0.18687719127690725,0.18687719127690725,784,3.254380445137093,1.7977890465471338,1.9640330360456797,,,-0.42431039325124176,9.118579608813455,0.5699319422326636,1.6542160380137185,0.21859222709701853,0.0,0.0,9.121505602045728,9.189057829535844,0.5438546171685864,7.563995664247025,10.828945157161362,1.4316434908003552,0.15583488301757242,5910
35,57.36956243870062,-21.65543340876542,0.03423125258337025,70.71792938499593,106.4662896675145,-21.65543340876542,nan,0.0028807700382414425,0.031350482545128816,57.75403561373007,-22.373275257631207,0.03430813360365986,70.43117227774388,105.8462407674464,-22.373275257631207,nan,1202.9966355089275,1.5218214438376148,0.0,4.031944176283821,790.4978868449252,46.0,46.0,,0.00029885663169059904,,,,,,,8.48716732161192,,0,6.215585349775449,10.449415342234785,inf,-inf,-0.35712099136833153,0.4068870800291722,-0.4687672355089611,0.3020930191305552,inf,-inf,1.9357999762479001,0.1868347589231899,0.1868347589231899,0.1868347589231899,784,3.2101923827258667,1.7848479422262187,1.9606681598006375,,,-0.4845246444299648,8.53850456951427,0.5667482801004051,1.6811635194764547,0.22560995743263346,0.0,0.0,8.539285137397679,8.605560044034611,0.5373515388040642,6.993032642487482,10.195847050182406,1.4580007804104365,0.16375775644276191,5910
36,57.153553529974964,-21.831970482203655,0.034214989183174276,70.47704773294086,105.83284576989536,-21.831970482203655,nan,0.0030090669488463256,0.031205922234327943,57.75403561373007,-22.373275257631207,0.03430813360365986,70.43117227774388,105.8462407674464,-22.373275257631207,nan,1176.7327109010052,1.5769532293948971,0.0,3.8948379539003155,746.2064752247198,46.0,46.0,,0.00029879231854554783,,,,,,,8.48716732161192,,0,6.215585349775449,10.449415342234785,inf,-inf,-0.321805779514574,0.3964713959890412,-0.48966736684246714,0.4316029437958348,inf,-inf,1.9439232358358631,0.18661344416942122,0.18661344416942122,0.18661344416942122,784,3.2101923827258667,1.7848479422262187,1.9606681598006375,,,-0.4845246444299648,8.53850456951427,0.5667482801004051,1.6811635194764547,0.22560995743263346,0.0,0.0,8.539285137397679,8.605560044034611,0.5373515388040642,6.993032642487482,10.195847050182406,1.4580007804104365,0.16375775644276191,5910
37,56.963354732271505,-21.857051987670364,0.03406404426543854,70.33658890634003,105.47695569520661,-21.857051987670364,nan,0.003138745748332465,0.03092529851710608,57.75403561373007,-22.373275257631207,0.03430813360365986,70.43117227774388,105.8462407674464,-22.373275257631207,nan,1320.3155981486843,1.548675353073239,0.0,3.8385683058020272,852.54510929525,46.0,46.0,,0.0002987262533364733,,,,,,,8.48716732161192,,0,6.215585349775449,10.449415342234785,inf,-inf,-0.31182759774886143,0.354120403499503,-0.49315380077681203,0.22914801086976416,inf,-inf,1.951694344844809,0.18657665407947568,0.18657665407947568,0.18657665407947568,784,3.2101923827258667,1.7848479422262187,1.9606681598006375,,,-0.4845246444299648,8.53850456951427,0.5667482801004051,1.6811635194764547,0.22560995743263346,0.0,0.0,8.539285137397679,8.605560044034611,0.5373515388040642,6.993032642487482,10.195847050182406,1.4580007804104365,0.16375775644276191,5910
38,56.71413486412607,-21.89092843708921,0.034302243020861455,70.15688968744577,105.0143983575035,-21.89092843708921,nan,0.0032676520389476067,0.03103459098191386,57.75403561373007,-22.373275257631207,0.03430813360365986,70.43117227774388,105.8462407674464,-22.373275257631207,nan,1681.5538398892943,1.5428075329482405,0.0,3.7050755533926845,1089.9310536006494,46.0,46.0,,0.0002986584368683591,,,,,,,8.48716732161192,,0,6.215585349775449,10.449415342234785,inf,-inf,-0.31146341921678944,0.33643735066204095,-0.5188766096365909,0.21557016710384008,inf,-inf,1.9596439965859505,0.18654396361691003,0.18654396361691003,0.18654396361691003,784,3.2101923827258667,1.7848479422262187,1.9606681598006375,,,-0.4845246444299648,8.53850456951427,0.5667482801004051,1.6811635194764547,0.22560995743263346,0.0,0.0,8.539285137397679,8.605560044034611,0.5373515388040642,6.993032642487482,10.195847050182406,1.4580007804104365,0.16375775644276191,5910
39,56.71785093546603,-21.983710135941557,0.033892913718826585,69.94775246377777,104.71578617702107,-21.983710135941557,nan,0.0033972045246665346,0.030495709194160052,57.75403561373007,-22.373275257631207,0.03430813360365986,70.43117227774388,105.8462407674464,-22.373275257631207,nan,1581.3438572044608,1.4870249039409058,0.0,3.5776825549100435,1063.4279580749396,46.0,46.0,,0.00029858886996752746,,,,,,,8.48716732161192,,0,6.215585349775449,10.449415342234785,inf,-inf,-0.29744369515137414,0.3660919373425774,-0.49338616070515035,0.46306077740213086,inf,-inf,1.9674026598635777,0.18620117009972773,0.18620117009972773,0.18620117009972773,784,3.2101923827258667,1.7848479422262187,1.9606681598006375,,,-0.4845246444299648,8.53850456951427,0.5667482801004051,1.6811635194764547,0.22560995743263346,0.0,0.0,8.539285137397679,8.605560044034611,0.5373515388040642,6.993032642487482,10.195847050182406,1.4580007804104365,0.16375775644276191,5910
40,56.61261005134896,-22.103041290991282,0.034044962223016444,69.93277266145243,104.47638638403313,-22.103041290991282,nan,0.00352788400768754,0.030517078215328907,56.455974235888576,-22.553849960876473,0.03404814801719738,69.02998217401375,102.96615459704304,-22.553849960876473,nan,1740.8871587820952,1.505373817325151,0.0,3.565225919595039,1156.4484108508145,46.0,46.0,,0.0002985175534816291,,,,,,,7.9944082100843605,,0,5.7201313333703565,9.759778218901603,inf,-inf,-0.34593048524727676,0.35260399213307375,-0.4866785039577529,0.2757354059350539,inf,-inf,1.9744444419260498,0.18619390995959847,0.18619390995959847,0.18619390995959847,784,3.172000195681042,1.7733793176725832,1.9563698144407742,,,-0.5388181320603105,8.053186510499216,0.5656524356469198,1.7062157580132078,0.2320339486309052,0.0,0.0,8.046092791384819,8.10856983442066,0.5319979562301587,6.4054638879467,9.656745298548978,1.507579383394899,0.17828018970947712,5910
41,56.47610609804357,-22.21432077395445,0.034191527988906956,69.76271307344767,104.0586899255257,-22.21432077395445,nan,0.003658405338186652,0.030533122650720283,56.455974235888576,-22.553849960876473,0.03404814801719738,69.02998217401375,102.96615459704304,-22.553849960876473,nan,1305.9202058550343,1.5264949594668409,0.0,3.4443683751105794,855.502468420304,46.0,46.0,,0.00029844448827963307,,,,,,,7.9944082100843605,,0,5.7201313333703565,9.759778218901603,inf,-inf,-0.3166192101948096,0.3138643151382678,-0.4978278574293287,0.2763300529175723,inf,-inf,1.9819918473897276,0.18618910553853285,0.18618910553853285,0.18618910553853285,784,3.172000195681042,1.7733793176725832,1.9563698144407742,,,-0.5388181320603105,8.053186510499216,0.5656524356469198,1.7062157580132078,0.2320339486309052,0.0,0.0,8.046092791384819,8.10856983442066,0.5319979562301587,6.4054638879467,9.656745298548978,1.507579383394899,0.17828018970947712,5910
42,56.2190672534715,-22.293731077537938,0.034682181823230136,69.69313281121413,103.65315116897092,-22.293731077537938,nan,0.0037923698605982895,0.030889811962631842,56.455974235888576,-22.553849960876473,0.03404814801719738,69.02998217401375,102.96615459704304,-22.553849960876473,nan,1314.4094806186615,1.4987735275508565,0.0,3.3285687140919182,876.9900565074271,46.0,46.0,,0.0002983696752518156,,,,,,,7.9944082100843605,,0,5.7201313333703565,9.759778218901603,inf,-inf,-0.3002408162059133,0.28910059667605187,-0.49400634253634296,0.17199681411547801,inf,-inf,1.9894265936929474,0.18609337653620434,0.18609337653620434,0.18609337653620434,784,3.172000195681042,1.7733793176725832,1.9563698144407742,,,-0.5388181320603105,8.053186510499216,0.5656524356469198,1.7062157580132078,0.2320339486309052,0.0,0.0,8.046092791384819,8.10856983442066,0.5319979562301587,6.4054638879467,9.656745298548978,1.507579383394899,0.17828018970947712,5910
43,56.28309185047464,-22.372963950168668,0.034972445135347134,69.57256461373045,103.51766495917177,-22.372963950168668,nan,0.003922550428992904,0.03104989470635422,56.455974235888576,-22.553849960876473,0.03404814801719738,69.02998217401375,102.96615459704304,-22.553849960876473,nan,1411.586292818296,1.4970750524014793,0.0,3.201900015406156,942.8961430851115,46.0,46.0,,0.0002982931153097499,,,,,,,7.9944082100843605,,0,5.7201313333703565,9.759778218901603,inf,-inf,-0.35150507944028575,0.3080285701858606,-0.4742771464977569,0.2717803425051498,inf,-inf,1.9982478580498655,0.18587508266651007,0.18587508266651007,0.18587508266651007,784,3.172000195681042,1.7733793176725832,1.9563698144407742,,,-0.5388181320603105,8.053186510499216,0.5656524356469198,1.7062157580132078,0.2320339486309052,0.0,0.0,8.046092791384819,8.10856983442066,0.5319979562301587,6.4054638879467,9.656745298548978,1.507579383394899,0.17828018970947712,5910
44,55.923684585283006,-22.324126475365613,0.0350653466377842,69.26938876285108,102.90401221940627,-22.324126475365613,nan,0.004054787776909198,0.031010558860874993,56.455974235888576,-22.553849960876473,0.03404814801719738,69.02998217401375,102.96615459704304,-22.553849960876473,nan,1632.4534345584368,1.5875728479444535,0.0,3.3057901310470017,1028.2699383981615,46.0,46.0,,0.00029821480938629474,,,,,,,7.9944082100843605,,0,5.7201313333703565,9.759778218901603,inf,-inf,-0.2744222113111222,0.26352832608139976,-0.49296790551154474,0.18624316819332187,inf,-inf,2.005305167155317,0.18588924090507494,0.18588924090507494,0.18588924090507494,784,3.172000195681042,1.7733793176725832,1.9563698144407742,,,-0.5388181320603105,8.053186510499216,0.5656524356469198,1.7062157580132078,0.2320339486309052,0.0,0.0,8.046092791384819,8.10856983442066,0.5319979562301587,6.4054638879467,9.656745298548978,1.507579383394899,0.17828018970947712,5910
45,56.042360019197105,-22.490373954085065,0.03532438884545934,69.23224897136573,102.81955942532323,-22.490373954085065,nan,0.004190872838727087,0.031133516006732243,56.16124418770781,-23.721126695663024,0.03541449513511011,68.69032180832441,101.1658537955043,-23.721126695663024,nan,1637.0228877771774,1.503816916254041,0.0,3.2150459321456966,1088.5785829932997,46.0,46.0,,0.00029813475843558303,,,,,,,7.559048367678777,,0,5.304604740448966,9.1991223740708,inf,-inf,-0.2865341571100523,0.25489488054906995,-0.4903807826978217,0.24965087476617134,inf,-inf,2.012835020508621,0.18586056172632254,0.18586056172632254,0.18586056172632254,784,3.141121382322862,1.7638575216158294,1.9511244641543033,,,-0.5897201340983216,7.624038667191469,0.5624888933093675,1.7341767811511277,0.23909336716850693,0.0,0.0,7.610196529230392,7.668510513800614,0.5251972491558097,5.919873972441467,9.1991223740708,1.5539388873640008,0.19143393505532258,5910
46,55.785736271561774,-22.60561132190728,0.035212898882025424,69.150243599505,102.36558144804152,-22.60561132190728,nan,0.004327010085814696,0.030885888796210716,56.16124418770781,-23.721126695663024,0.03541449513511011,68.69032180832441,101.1658537955043,-23.721126695663024,nan,1302.755741590127,1.495519002186701,0.0,3.075260813703465,871.106110778451,46.0,46.0,,0.00029805296343301033,,,,,,,7.559048367678777,,0,5.304604740448966,9.1991223740708,inf,-inf,-0.28691716142066775,0.27700427426789465,-0.44115383798767466,0.21993377921049403,inf,-inf,2.0203610831995324,0.1856640743146185,0.1856640743146185,0.1856640743146185,784,3.141121382322862,1.7638575216158294,1.9511244641543033,,,-0.5897201340983216,7.624038667191469,0.5624888933093675,1.7341767811511277,0.23909336716850693,0.0,0.0,7.610196529230392,7.668510513800614,0.5251972491558097,5.919873972441467,9.1991223740708,1.5539388873640008,0.19143393505532258,5910
47,55.66037338543652,-22.585758406213788,0.03571985920239608,69.09170951166799,102.2020443500931,-22.585758406213788,nan,0.004462850574211045,0.031257008628185035,56.16124418770781,-23.721126695663024,0.03541449513511011,68.69032180832441,101.1658537955043,-23.721126695663024,nan,1545.9183942953532,1.5543121024483126,0.0,3.172747591203012,994.5997279827276,46.0,46.0,,0.000297969425375223,,,,,,,7.559048367678777,,0,5.304604740448966,9.1991223740708,inf,-inf,-0.3247086304042734,0.2688222504757642,-0.49325706355914956,0.28722397191782306,inf,-inf,2.0280134992730265,0.18568058193948023,0.18568058193948023,0.18568058193948023,784,3.141121382322862,1.7638575216158294,1.9511244641543033,,,-0.5897201340983216,7.624038667191469,0.5624888933093675,1.7341767811511277,0.23909336716850693,0.0,0.0,7.610196529230392,7.668510513800614,0.5251972491558097,5.919873972441467,9.1991223740708,1.5539388873640008,0.19143393505532258,5910
48,55.34058009119877,-22.681127281460075,0.036244118161773864,68.86132105832021,101.55701798622069,-22.681127281460075,nan,0.004605044761522702,0.031639073400251176,56.16124418770781,-23.721126695663024,0.03541449513511011,68.69032180832441,101.1658537955043,-23.721126695663024,nan,1322.0412469912246,1.559194205309669,0.0,3.035757011607132,847.9003080496032,46.0,46.0,,0.00029788414528010587,,,,,,,7.559048367678777,,0,5.304604740448966,9.1991223740708,inf,-inf,-0.26734652251742447,0.25401394895895285,-0.43684216481966737,0.2714931724536209,inf,-inf,2.035173617643272,0.18565417520211083,0.18565417520211083,0.18565417520211083,784,3.141121382322862,1.7638575216158294,1.9511244641543033,,,-0.5897201340983216,7.624038667191469,0.5624888933093675,1.7341767811511277,0.23909336716850693,0.0,0.0,7.610196529230392,7.668510513800614,0.5251972491558097,5.919873972441467,9.1991223740708,1.5539388873640008,0.19143393505532258,5910
49,55.20448307313113,-22.787818297792516,0.036414823055469114,68.73293395833143,101.18601355672551,-22.787818297792516,nan,0.004745856154685261,0.03166896690078386,56.16124418770781,-23.721126695663024,0.03541449513511011,68.69032180832441,101.1658537955043,-23.721126695663024,nan,1277.1406809740315,1.6046115582163882,0.0,3.0781875489926627,795.9189091181929,46.0,46.0,,0.00029779712418676995,,,,,,,7.559048367678777,,0,5.304604740448966,9.1991223740708,inf,-inf,-0.25397817596692646,0.25831054705569095,-0.4798449778139691,0.28374312303906085,inf,-inf,2.0426217303774306,0.18552567604557935,0.18552567604557935,0.18552567604557935,784,3.141121382322862,1.7638575216158294,1.9511244641543033,,,-0.5897201340983216,7.624038667191469,0.5624888933093675,1.7341767811511277,0.23909336716850693,0.0,0.0,7.610196529230392,7.668510513800614,0.5251972491558097,5.919873972441467,9.1991223740708,1.5539388873640008,0.19143393505532258,5910
50,55.016598644813264,-22.75252743333908,0.0370601064372631,68.55094149371429,100.85207281162575,-22.75252743333908,nan,0.0048905401019611085,0.032169566335302,55.59717203122375,-23.40875586561264,0.03708646831410961,68.6172241679957,100.84272680192092,-23.40875586561264,nan,1121.7908128913898,1.577680670935443,0.0,2.8989879623426353,711.0379391453496,46.0,46.0,,0.0002977083631555398,,,,,,,7.158584359472929,,0,4.95755357322299,8.783328293541643,inf,-inf,-0.25804959576292824,0.24662484801872964,-0.45413960111345664,0.247978057181295,inf,-inf,2.0516644421936023,0.18551204432628682,0.18551204432628682,0.18551204432628682,784,3.116317345518346,1.7558588713469632,1.9491311680000214,,,-0.6394809096895228,7.222439833646983,0.5588998540257918,1.7717061780194647,0.24839169957962548,0.0,0.0,7.209873495248604,7.269759221960381,0.5183039056877116,5.4958852035567,8.783328293541643,1.5981644390711531,0.20362146290478955,5910
51,54.864763527847295,-22.83393170181346,0.0372725019301031,68.43057865883087,100.4986829867948,-22.83393170181346,nan,0.005033096851229734,0.03223940507887337,55.59717203122375,-23.40875586561264,0.03708646831410961,68.6172241679957,100.84272680192092,-23.40875586561264,nan,1573.6188974761778,1.5653668899434383,0.0,2.9148584906151203,1005.2716124160756,46.0,46.0,,0.0002976178632679407,,,,,,,7.158584359472929,,0,4.95755357322299,8.783328293541643,inf,-inf,-0.27986879068734033,0.2946701925420388,-0.455918467008004,0.2629676587425725,inf,-inf,2.059739808771603,0.18540126172323307,0.18540126172323307,0.18540126172323307,784,3.116317345518346,1.7558588713469632,1.9491311680000214,,,-0.6394809096895228,7.222439833646983,0.5588998540257918,1.7717061780194647,0.24839169957962548,0.0,0.0,7.209873495248604,7.269759221960381,0.5183039056877116,5.4958852035567,8.783328293541643,1.5981644390711531,0.20362146290478955,5910
52,54.88187542841089,-22.819202470249767,0.0376682111336798,68.36964636747435,100.46998753676915,-22.819202470249767,nan,0.0051772459992159535,0.03249096513446385,55.59717203122375,-23.40875586561264,0.03708646831410961,68.6172241679957,100.84272680192092,-23.40875586561264,nan,1388.315068768697,1.54618734114715,0.0,2.8697607886324765,897.8957671058644,46.0,46.0,,0.0002975256256266851,,,,,,,7.158584359472929,,0,4.95755357322299,8.783328293541643,inf,-inf,-0.26167060422666605,0.25472104614974106,-0.4539616740181758,0.26104412399035576,inf,-inf,2.0683308519592174,0.1853427473785588,0.1853427473785588,0.1853427473785588,784,3.116317345518346,1.7558588713469632,1.9491311680000214,,,-0.6394809096895228,7.222439833646983,0.5588998540257918,1.7717061780194647,0.24839169957962548,0.0,0.0,7.209873495248604,7.269759221960381,0.5183039056877116,5.4958852035567,8.783328293541643,1.5981644390711531,0.20362146290478955,5910
53,54.58462862751713,-22.91187969468288,0.03848350297711973,68.33009073778717,100.04132317359854,-22.91187969468288,nan,0.005327566436564889,0.03315593654055482,55.59717203122375,-23.40875586561264,0.03708646831410961,68.6172241679957,100.84272680192092,-23.40875586561264,nan,1356.7817661441625,1.6213760166552746,0.0,2.9816661986140702,836.8088291715688,46.0,46.0,,0.00029743165135565964,,,,,,,7.158584359472929,,0,4.95755357322299,8.783328293541643,inf,-inf,-0.25852592545544995,0.25910209047304744,-0.44471964692839216,0.2705075464820118,inf,-inf,2.0765124583740224,0.1852669825523062,0.1852669825523062,0.1852669825523062,784,3.116317345518346,1.7558588713469632,1.9491311680000214,,,-0.6394809096895228,7.222439833646983,0.5588998540257918,1.7717061780194647,0.24839169957962548,0.0,0.0,7.209873495248604,7.269759221960381,0.5183039056877116,5.4958852035567,8.783328293541643,1.5981644390711531,0.20362146290478955,5910
54,54.48724123323093,-22.66002183970661,0.03853158328948925,67.90946351111381,99.77521448792763,-22.66002183970661,nan,0.005482692608864417,0.03304889068062484,55.59717203122375,-23.40875586561264,0.03708646831410961,68.6172241679957,100.84272680192092,-23.40875586561264,nan,1687.9496360176047,1.5930689264945694,0.0,2.8424512708483944,1059.5584459310328,46.0,46.0,,0.000297335941599911,,,,,,,7.158584359472929,,0,4.95755357322299,8.783328293541643,inf,-inf,-0.2670110980346307,0.21435620719314633,-0.4481554730921627,0.18143577708538686,inf,-inf,2.083549632936183,0.18504156686301312,0.18504156686301312,0.18504156686301312,784,3.116317345518346,1.7558588713469632,1.9491311680000214,,,-0.6394809096895228,7.222439833646983,0.5588998540257918,1.7717061780194647,0.24839169957962548,0.0,0.0,7.209873495248604,7.269759221960381,0.5183039056877116,5.4958852035567,8.783328293541643,1.5981644390711531,0.20362146290478955,5910
55,54.223857994280884,-22.713792095873625,0.038805319805758604,67.62187495957298,99.17074617778599,-22.713792095873625,nan,0.005632400844630607,0.03317291896112799,54.600653869964844,-23.845846040193102,0.03928710407767049,67.11052811831289,97.9046230521623,-23.845846040193102,nan,1694.2694454769232,1.5166542579136022,0.0,2.7777468173622366,1117.1098730225165,46.0,46.0,,0.0002972384975256325,,,,,,,6.783041038943805,,0,4.6506463339350335,8.361228188169934,inf,-inf,-0.25876548427486484,0.2598187042777302,-0.43604531314961725,0.260792051234197,inf,-inf,2.090593012467321,0.1849726405239675,0.1849726405239675,0.1849726405239675,784,3.0960282028073416,1.7489887230198278,1.9466943121753277,,,-0.6890232810347044,6.8465154796132675,0.5531344225554111,1.7978636920118756,0.2547567618960339,0.0,0.0,6.835205562682289,6.896910012279973,0.5094396205224517,5.119721197419403,8.361228188169934,1.6331413109730297,0.21302376460233485,5910
56,54.31386604849134,-22.905133258886256,0.03984071283132019,67.7217035083332,99.17027701076961,-22.905133258886256,nan,0.005783907547089667,0.03405680528423051,54.600653869964844,-23.845846040193102,0.03928710407767049,67.11052811831289,97.9046230521623,-23.845846040193102,nan,1278.1071543426283,1.5426429152396484,0.0,2.7659979243003834,828.5178259442338,46.0,46.0,,0.00029713932032014945,,,,,,,6.783041038943805,,0,4.6506463339350335,8.361228188169934,inf,-inf,-0.2536791570695449,0.2956646134064054,-0.43820553181607413,0.2921939533853549,inf,-inf,2.0971203230265436,0.18502418716707414,0.18502418716707414,0.18502418716707414,784,3.0960282028073416,1.7489887230198278,1.9466943121753277,,,-0.6890232810347044,6.8465154796132675,0.5531344225554111,1.7978636920118756,0.2547567618960339,0.0,0.0,6.835205562682289,6.896910012279973,0.5094396205224517,5.119721197419403,8.361228188169934,1.6331413109730297,0.21302376460233485,5910
57,54.24452594947992,-22.777987466428232,0.04058961618805911,67.42031553584117,98.92744363508092,-22.777987466428232,nan,0.005941121124468868,0.034648495063590225,54.600653869964844,-23.845846040193102,0.03928710407767049,67.11052811831289,97.9046230521623,-23.845846040193102,nan,1416.8189834697037,1.6300494583226233,0.0,2.8053840958605982,869.1877269341625,46.0,46.0,,0.00029703841119190465,,,,,,,6.783041038943805,,0,4.6506463339350335,8.361228188169934,inf,-inf,-0.2903540188199356,0.27004384081970106,-0.43843537602056226,0.23978015423746063,inf,-inf,2.1028821352714853,0.1848596594647341,0.1848596594647341,0.1848596594647341,784,3.0960282028073416,1.7489887230198278,1.9466943121753277,,,-0.6890232810347044,6.8465154796132675,0.5531344225554111,1.7978636920118756,0.2547567618960339,0.0,0.0,6.835205562682289,6.896910012279973,0.5094396205224517,5.119721197419403,8.361228188169934,1.6331413109730297,0.21302376460233485,5910
58,53.85010115453461,-22.88552300446181,0.04117315084974785,67.23090546278065,98.23665676370321,-22.88552300446181,nan,0.006100527470687015,0.03507262337906083,54.600653869964844,-23.845846040193102,0.03928710407767049,67.11052811831289,97.9046230521623,-23.845846040193102,nan,1214.3484413699473,1.631094856218582,0.0,2.7843743257184657,744.4989705780871,46.0,46.0,,0.0002969357713704441,,,,,,,6.783041038943805,,0,4.6506463339350335,8.361228188169934,inf,-inf,-0.25593357273491474,0.26876244801263516,-0.43291645320000166,0.22200300331828823,inf,-inf,2.110083372000721,0.18480450133457332,0.18480450133457332,0.18480450133457332,784,3.0960282028073416,1.7489887230198278,1.9466943121753277,,,-0.6890232810347044,6.8465154796132675,0.5531344225554111,1.7978636920118756,0.2547567618960339,0.0,0.0,6.835205562682289,6.896910012279973,0.5094396205224517,5.119721197419403,8.361228188169934,1.6331413109730297,0.21302376460233485,5910
59,53.88237455172258,-22.694959628431295,0.04181810292536607,66.8880116765291,98.11724470274575,-22.694959628431295,nan,0.006264736273027421,0.03555336665233865,54.600653869964844,-23.845846040193102,0.03928710407767049,67.11052811831289,97.9046230521623,-23.845846040193102,nan,1556.4965499949708,1.558291776392151,0.0,2.813872915437644,998.8479523383376,46.0,46.0,,0.00029683140210640157,,,,,,,6.783041038943805,,0,4.6506463339350335,8.361228188169934,inf,-inf,-0.2872865346733329,0.27929814638701733,-0.4366018810669338,0.1931850705656361,inf,-inf,2.115706902967253,0.18478003649400382,0.18478003649400382,0.18478003649400382,784,3.0960282028073416,1.7489887230198278,1.9466943121753277,,,-0.6890232810347044,6.8465154796132675,0.5531344225554111,1.7978636920118756,0.2547567618960339,0.0,0.0,6.835205562682289,6.896910012279973,0.5094396205224517,5.119721197419403,8.361228188169934,1.6331413109730297,0.21302376460233485,5910
60,53.69422014987997,-22.831200211678453,0.04235652679657749,67.02261343140535,97.92798989640343,-22.831200211678453,nan,0.006431855833602979,0.03592467096297451,53.50083561053485,-23.089252280646818,0.04264230555803973,66.30638182842928,96.76060746387535,-23.089252280646818,nan,1401.844745273065,1.5791628800009148,0.0,2.7196252157443195,887.7138406851692,46.0,46.0,,0.0002967253046714837,,,,,,,6.424234694280844,,0,4.335303328192962,7.921101716930573,inf,-inf,-0.29470265758081815,0.27314341355672667,-0.44777372341818966,0.18575933780523685,inf,-inf,2.120799003157064,0.18474351701171687,0.18474351701171687,0.18474351701171687,784,3.079813642292812,1.7431092579997058,1.9456459439356921,,,-0.7393764510520042,6.493473792734703,0.5463502258133281,1.8271159172228533,0.2617661010543907,0.0,0.0,6.47780612847185,6.537152812503217,0.4994032769706895,4.776625698425563,7.921101716930573,1.6583048823652793,0.2196643793845392,5910
61,53.42721933016722,-22.88494035202293,0.04289164286072801,66.66019083439892,97.24536145540394,-22.88494035202293,nan,0.006598486996125192,0.036293155864602814,53.50083561053485,-23.089252280646818,0.04264230555803973,66.30638182842928,96.76060746387535,-23.089252280646818,nan,1248.0833972416021,1.5933242225842197,0.0,2.691183517427185,783.3204187515145,46.0,46.0,,0.00029661748035845413,,,,,,,6.424234694280844,,0,4.335303328192962,7.921101716930573,inf,-inf,-0.3055904072726684,0.26509132766533167,-0.44253254875380055,0.26801188499685324,inf,-inf,2.1261505826538314,0.18472721972992343,0.18472721972992343,0.18472721972992343,784,3.079813642292812,1.7431092579997058,1.9456459439356921,,,-0.7393764510520042,6.493473792734703,0.5463502258133281,1.8271159172228533,0.2617661010543907,0.0,0.0,6.47780612847185,6.537152812503217,0.4994032769706895,4.776625698425563,7.921101716930573,1.6583048823652793,0.2196643793845392,5910
62,53.346139590034724,-22.73938192912216,0.043421402467893874,66.51637881903851,97.16655788241897,-22.73938192912216,nan,0.0067695850720110315,0.03665181739588284,53.50083561053485,-23.089252280646818,0.04264230555803973,66.30638182842928,96.76060746387535,-23.089252280646818,nan,1585.8267497346305,1.5922820480725561,0.0,2.7937393092966865,995.9458826118528,46.0,46.0,,0.00029650793048111815,,,,,,,6.424234694280844,,0,4.335303328192962,7.921101716930573,inf,-inf,-0.2712091557822789,0.2411148697161328,-0.4436403433955827,0.2604274957566326,inf,-inf,2.1314057256792505,0.1847049024045581,0.1847049024045581,0.1847049024045581,784,3.079813642292812,1.7431092579997058,1.9456459439356921,,,-0.7393764510520042,6.493473792734703,0.5463502258133281,1.8271159172228533,0.2617661010543907,0.0,0.0,6.47780612847185,6.537152812503217,0.4994032769706895,4.776625698425563,7.921101716930573,1.6583048823652793,0.2196643793845392,5910
63,53.15266777615124,-22.581095110025416,0.044022245062573545,66.07153283721314,96.68712774840154,-22.581095110025416,nan,0.006948245434358918,0.03707399962821463,53.50083561053485,-23.089252280646818,0.04264230555803973,66.30638182842928,96.76060746387535,-23.089252280646818,nan,1244.1823061889534,1.6122054439596618,0.0,2.823557277232696,771.726897989611,46.0,46.0,,0.00029639665637430646,,,,,,,6.424234694280844,,0,4.335303328192962,7.921101716930573,inf,-inf,-0.27282520454878734,0.2717575573283278,-0.43767093721562667,0.1803791598111193,inf,-inf,2.1347723028205174,0.18477127221778544,0.18477127221778544,0.18477127221778544,784,3.079813642292812,1.7431092579997058,1.9456459439356921,,,-0.7393764510520042,6.493473792734703,0.5463502258133281,1.8271159172228533,0.2617661010543907,0.0,0.0,6.47780612847185,6.537152812503217,0.4994032769706895,4.776625698425563,7.921101716930573,1.6583048823652793,0.2196643793845392,5910
64,53.17788467383977,-22.624753990511955,0.04424954195509328,66.0385831217873,96.6359633470702,-22.624753990511955,nan,0.007137067898483082,0.037112474056610195,53.50083561053485,-23.089252280646818,0.04264230555803973,66.30638182842928,96.76060746387535,-23.089252280646818,nan,1445.6731101147816,1.6547302027720783,0.0,2.9020593813789444,873.6609192803305,46.0,46.0,,0.00029628365939385895,,,,,,,6.424234694280844,,0,4.335303328192962,7.921101716930573,inf,-inf,-0.30548827691666214,0.2672518730919329,-0.43450523805045776,0.3460089610481673,inf,-inf,2.138243404480653,0.1848464603063745,0.1848464603063745,0.1848464603063745,784,3.079813642292812,1.7431092579997058,1.9456459439356921,,,-0.7393764510520042,6.493473792734703,0.5463502258133281,1.8271159172228533,0.2617661010543907,0.0,0.0,6.47780612847185,6.537152812503217,0.4994032769706895,4.776625698425563,7.921101716930573,1.6583048823652793,0.2196643793845392,5910
65,52.97396172973062,-22.635070552363064,0.04444831332296157,65.85349561123711,96.23683510192762,-22.635070552363064,nan,0.007332552884594984,0.03711576043836658,53.036929251892815,-22.742935748380464,0.04452700453251932,65.23653627111295,95.57505677915782,-22.742935748380464,nan,1357.5113635180157,1.6850610159441894,0.0,2.907129077550523,805.6155537829958,46.0,46.0,,0.00029616894091660806,,,,,,,6.063789606530005,,0,4.036363260295753,7.529680219845745,inf,-inf,-0.29019061028860504,0.2285867690141894,-0.4444934119645001,0.19145336925432288,inf,-inf,2.1397645676173607,0.18498379609119525,0.18498379609119525,0.18498379609119525,784,3.057877360335324,1.7354748436452632,1.944317368591276,,,-0.79303939443752,6.134010157694197,0.5372636111549958,1.8654614895325428,0.2707862879219325,0.0,0.0,6.120753397947983,6.1759648155354565,0.48804317543086523,4.457179042430356,7.529680219845745,1.6893376164983611,0.2277164526081058,5910
66,52.58079744264281,-22.679725269195067,0.04467941681076014,65.7224213016707,95.6681728919292,-22.679725269195067,nan,0.00752824764291679,0.037151169167843355,53.036929251892815,-22.742935748380464,0.04452700453251932,65.23653627111295,95.57505677915782,-22.742935748380464,nan,1169.5239798870439,1.6333706343576144,0.0,2.87947323422511,716.0187377477886,46.0,46.0,,0.00029605250234036233,,,,,,,6.063789606530005,,0,4.036363260295753,7.529680219845745,inf,-inf,-0.3006640766205438,0.2535498968551053,-0.44044337137758155,0.29020436190628884,inf,-inf,2.1433344533302447,0.18503252326618722,0.18503252326618722,0.18503252326618722,784,3.057877360335324,1.7354748436452632,1.944317368591276,,,-0.79303939443752,6.134010157694197,0.5372636111549958,1.8654614895325428,0.2707862879219325,0.0,0.0,6.120753397947983,6.1759648155354565,0.48804317543086523,4.457179042430356,7.529680219845745,1.6893376164983611,0.2277164526081058,5910
67,52.729042401829275,-22.46512536915436,0.04518625959665541,65.50495329973214,95.81405659200371,-22.46512536915436,nan,0.00772908995765727,0.03745716963899816,53.036929251892815,-22.742935748380464,0.04452700453251932,65.23653627111295,95.57505677915782,-22.742935748380464,nan,1706.1075012111091,1.664400738506426,0.0,3.0068127542213516,1025.0581255702334,46.0,46.0,,0.000295934345083889,,,,,,,6.063789606530005,,0,4.036363260295753,7.529680219845745,inf,-inf,-0.322316567775438,0.22976272222786912,-0.4350751874248192,0.2851487672739025,inf,-inf,2.1436973447499894,0.18531558741752632,0.18531558741752632,0.18531558741752632,784,3.057877360335324,1.7354748436452632,1.944317368591276,,,-0.79303939443752,6.134010157694197,0.5372636111549958,1.8654614895325428,0.2707862879219325,0.0,0.0,6.120753397947983,6.1759648155354565,0.48804317543086523,4.457179042430356,7.529680219845745,1.6893376164983611,0.2277164526081058,5910
68,52.55723424512778,-22.64293545242085,0.04594094985836268,65.2376520240498,95.19789176661509,-22.64293545242085,nan,0.007941281812402539,0.03799966804596015,53.036929251892815,-22.742935748380464,0.04452700453251932,65.23653627111295,95.57505677915782,-22.742935748380464,nan,1280.0874202463096,1.6128087698211977,0.0,2.916230760876941,793.7006818162486,46.0,46.0,,0.000295814470586897,,,,,,,6.063789606530005,,0,4.036363260295753,7.529680219845745,inf,-inf,-0.324297961923,0.2472324811451277,-0.43977551008504256,0.2029529777225217,inf,-inf,2.1468419618824237,0.1853379967960513,0.1853379967960513,0.1853379967960513,784,3.057877360335324,1.7354748436452632,1.944317368591276,,,-0.79303939443752,6.134010157694197,0.5372636111549958,1.8654614895325428,0.2707862879219325,0.0,0.0,6.120753397947983,6.1759648155354565,0.48804317543086523,4.457179042430356,7.529680219845745,1.6893376164983611,0.2277164526081058,5910
69,52.590187545884554,-22.673259345875135,0.046377793465258624,65.12168178906542,95.0849877825401,-22.673259345875135,nan,0.008151717577822808,0.03822607588743583,53.036929251892815,-22.742935748380464,0.04452700453251932,65.23653627111295,95.57505677915782,-22.742935748380464,nan,1481.8724391499984,1.6321275843189311,0.0,3.032671173313806,907.9390933573171,46.0,46.0,,0.00029569288031001923,,,,,,,6.063789606530005,,0,4.036363260295753,7.529680219845745,inf,-inf,-0.31794072760340925,0.31470839911426335,-0.4300537850811612,0.420017998345828,inf,-inf,2.1481910934264374,0.18563118886961816,0.18563118886961816,0.18563118886961816,784,3.057877360335324,1.7354748436452632,1.944317368591276,,,-0.79303939443752,6.134010157694197,0.5372636111549958,1.8654614895325428,0.2707862879219325,0.0,0.0,6.120753397947983,6.1759648155354565,0.48804317543086523,4.457179042430356,7.529680219845745,1.6893376164983611,0.2277164526081058,5910
70,52.48738398561163,-22.74258606791619,0.04698871084727606,64.94233946138522,94.73412608992794,-22.74258606791619,nan,0.00836919633188829,0.03861951451538778,52.695966252563245,-22.588268516478085,0.047474054312519526,64.11470662391078,94.26987841430847,-22.588268516478085,nan,1414.9202154321276,1.6071554160881336,0.0,2.830478869793999,880.3879209616749,46.0,46.0,,0.0002955695757347949,,,,,,,5.701609199830657,,0,3.7741125304857848,7.141123692404472,inf,-inf,-0.31000587891930836,0.2874238947829712,-0.43159104519473884,0.34471348139497543,inf,-inf,2.1512022710331213,0.185626121492171,0.185626121492171,0.185626121492171,784,3.036567586613512,1.727761454204646,1.9427082080361244,,,-0.8503735770509275,5.773700055788421,0.5272632481118371,1.892133219325419,0.27695171049131195,0.0,0.0,5.763529399605824,5.815927873504206,0.474118373443024,4.1482849514870574,7.141123692404472,1.7214641173202327,0.2358979745793316,5910
71,52.26290926359519,-22.2100543004562,0.048054000152552574,64.3466968674921,94.44760583078364,-22.2100543004562,nan,0.008593406489172159,0.039460593663380394,52.695966252563245,-22.588268516478085,0.047474054312519526,64.11470662391078,94.26987841430847,-22.588268516478085,nan,1415.5966857022984,1.683560778253162,0.0,3.2293813305261336,840.8349160825073,46.0,46.0,,0.0002954445583636512,,,,,,,5.701609199830657,,0,3.7741125304857848,7.141123692404472,inf,-inf,-0.33862288082289477,0.285993725598926,-0.4351162235191198,0.3596447177878322,inf,-inf,2.151903999099644,0.1857887575588951,0.1857887575588951,0.1857887575588951,784,3.036567586613512,1.727761454204646,1.9427082080361244,,,-0.8503735770509275,5.773700055788421,0.5272632481118371,1.892133219325419,0.27695171049131195,0.0,0.0,5.763529399605824,5.815927873504206,0.474118373443024,4.1482849514870574,7.141123692404472,1.7214641173202327,0.2358979745793316,5910
72,52.14109702016634,-22.54627149144014,0.04921538957078815,64.27752714012684,93.92156805842382,-22.54627149144014,nan,0.008833045572209063,0.04038234399857909,52.695966252563245,-22.588268516478085,0.047474054312519526,64.11470662391078,94.26987841430847,-22.588268516478085,nan,1410.7465044150351,1.665321925752707,0.0,3.106704424658593,847.1314060057148,46.0,46.0,,0.0002953178297198856,,,,,,,5.701609199830657,,0,3.7741125304857848,7.141123692404472,inf,-inf,-0.34164376434485594,0.24407880639738513,-0.4293980647056059,0.2160884517798418,inf,-inf,2.155248679591468,0.18584615033565363,0.18584615033565363,0.18584615033565363,784,3.036567586613512,1.727761454204646,1.9427082080361244,,,-0.8503735770509275,5.773700055788421,0.5272632481118371,1.892133219325419,0.27695171049131195,0.0,0.0,5.763529399605824,5.815927873504206,0.474118373443024,4.1482849514870574,7.141123692404472,1.7214641173202327,0.2358979745793316,5910
73,52.22141797595704,-22.19493454712555,0.05032238721127034,63.77030351814778,93.84710933419053,-22.19493454712555,nan,0.009076197644616956,0.041246189566653386,52.695966252563245,-22.588268516478085,0.047474054312519526,64.11470662391078,94.26987841430847,-22.588268516478085,nan,1810.5348843715662,1.6418001744467037,0.0,3.1349385732613686,1102.774206356585,46.0,46.0,,0.00029518939134764636,,,,,,,5.701609199830657,,0,3.7741125304857848,7.141123692404472,inf,-inf,-0.35002306084484414,0.22061683350259087,-0.4297913635375754,0.18964575038555312,inf,-inf,2.1567127282576353,0.18585224460221156,0.18585224460221156,0.18585224460221156,784,3.036567586613512,1.727761454204646,1.9427082080361244,,,-0.8503735770509275,5.773700055788421,0.5272632481118371,1.892133219325419,0.27695171049131195,0.0,0.0,5.763529399605824,5.815927873504206,0.474118373443024,4.1482849514870574,7.141123692404472,1.7214641173202327,0.2358979745793316,5910
74,52.00718241651136,-22.217159303494494,0.05161556954644494,63.528694311197945,93.37033299376125,-22.217159303494494,nan,0.009316711737831442,0.04229885780861349,52.695966252563245,-22.588268516478085,0.047474054312519526,64.11470662391078,94.26987841430847,-22.588268516478085,nan,1611.434137625467,1.6761656742367115,0.0,3.113989748982482,961.3811822982702,46.0,46.0,,0.00029505924481191463,,,,,,,5.701609199830657,,0,3.7741125304857848,7.141123692404472,inf,-inf,-0.3515070468448736,0.23592366633805417,-0.4327283948863955,0.16997904924362425,inf,-inf,2.163128191076591,0.18564005164750633,0.18564005164750633,0.18564005164750633,784,3.036567586613512,1.727761454204646,1.9427082080361244,,,-0.8503735770509275,5.773700055788421,0.5272632481118371,1.892133219325419,0.27695171049131195,0.0,0.0,5.763529399605824,5.815927873504206,0.474118373443024,4.1482849514870574,7.141123692404472,1.7214641173202327,0.2358979745793316,5910
75,51.82008402209306,-22.621972915370144,0.052662652063931684,63.440861378730936,92.69163513751779,-22.621972915370144,nan,0.009560375395142184,0.043102276668789484,52.325247951949635,-22.668068367886086,0.0526456264270493,63.14184113522046,92.85166634571107,-22.668068367886086,nan,1277.7750649061613,1.5555431443036958,0.0,2.86142721024116,821.4333813789067,46.0,46.0,,0.0002949273916984849,,,,,,,5.3356311220325106,,0,3.5397585330678067,6.746884596388876,inf,-inf,-0.34172770254814877,0.2330164357095333,-0.4362207527134288,0.2727954319490135,inf,-inf,2.165557721070815,0.18561459092513088,0.18561459092513088,0.18561459092513088,784,3.0177898322241496,1.7207967462105982,1.9416912138234659,,,-0.9123016084254995,5.409447840047893,0.5147874804875955,1.9060296156815943,0.2801296443753245,0.0,0.0,5.403658572791955,5.451675879185533,0.457531895426989,3.829392924708548,6.741325309570934,1.7604161918390788,0.2456153544342069,5910
76,51.6957864494039,-22.19180152784393,0.0532589540590191,62.8637092562823,92.42095313190129,-22.19180152784393,nan,0.009798482615255028,0.04346047144376408,52.325247951949635,-22.668068367886086,0.0526456264270493,63.14184113522046,92.85166634571107,-22.668068367886086,nan,1243.705773038904,1.6564359213726731,0.0,3.250495161974225,750.8324089037242,46.0,46.0,,0.00029479383361394573,,,,,,,5.3356311220325106,,0,3.5397585330678067,6.746884596388876,inf,-inf,-0.35404130819703944,0.2659230335070052,-0.43504303910039044,0.19602488694673587,inf,-inf,2.16808954242584,0.1856076668591414,0.1856076668591414,0.1856076668591414,784,3.0177898322241496,1.7207967462105982,1.9416912138234659,,,-0.9123016084254995,5.409447840047893,0.5147874804875955,1.9060296156815943,0.2801296443753245,0.0,0.0,5.403658572791955,5.451675879185533,0.457531895426989,3.829392924708548,6.741325309570934,1.7604161918390788,0.2456153544342069,5910
77,51.71221228099696,-22.351504067980297,0.053915646550068405,62.798245415875684,92.21286927544242,-22.351504067980297,nan,0.010054127203151582,0.04386151934691683,52.325247951949635,-22.668068367886086,0.0526456264270493,63.14184113522046,92.85166634571107,-22.668068367886086,nan,1347.3470511147164,1.5932060868345181,0.0,3.0921782797023254,845.6828418172253,46.0,46.0,,0.00029465857218566023,,,,,,,5.3356311220325106,,0,3.5397585330678067,6.746884596388876,inf,-inf,-0.35712379429446645,0.2804382752765008,-0.4261676180405303,0.30779897756022156,inf,-inf,2.173494120750972,0.18539177749949867,0.18539177749949867,0.18539177749949867,784,3.0177898322241496,1.7207967462105982,1.9416912138234659,,,-0.9123016084254995,5.409447840047893,0.5147874804875955,1.9060296156815943,0.2801296443753245,0.0,0.0,5.403658572791955,5.451675879185533,0.457531895426989,3.829392924708548,6.741325309570934,1.7604161918390788,0.2456153544342069,5910
78,51.50012038994391,-22.21160431676949,0.055024743644063324,62.49647170421199,91.84001252103047,-22.21160431676949,nan,0.01031193913547141,0.044712804508591907,52.325247951949635,-22.668068367886086,0.0526456264270493,63.14184113522046,92.85166634571107,-22.668068367886086,nan,1623.3351652427828,1.5910555592081048,0.0,3.0767631430417537,1020.2881702325618,46.0,46.0,,0.00029452160906174614,,,,,,,5.3356311220325106,,0,3.5397585330678067,6.746884596388876,inf,-inf,-0.3507192035049464,0.2754707740730258,-0.43480956879388527,0.22162066158808563,inf,-inf,2.175524160311664,0.18537748784699337,0.18537748784699337,0.18537748784699337,784,3.0177898322241496,1.7207967462105982,1.9416912138234659,,,-0.9123016084254995,5.409447840047893,0.5147874804875955,1.9060296156815943,0.2801296443753245,0.0,0.0,5.403658572791955,5.451675879185533,0.457531895426989,3.829392924708548,6.741325309570934,1.7604161918390788,0.2456153544342069,5910
79,51.40445954346319,-22.234216931993572,0.055439988360161285,62.22431972825221,91.450002328082,-22.234216931993572,nan,0.01057696188721857,0.044863026472942706,52.325247951949635,-22.668068367886086,0.0526456264270493,63.14184113522046,92.85166634571107,-22.668068367886086,nan,1565.0572928151312,1.6341980168767662,0.0,3.228164106172039,957.6913425743993,46.0,46.0,,0.000294382945911056,,,,,,,5.3356311220325106,,0,3.5397585330678067,6.746884596388876,inf,-inf,-0.33917316294921196,0.2545605796259626,-0.42337520329491296,0.19291553610215542,inf,-inf,2.1756621936807843,0.18546964837976407,0.18546964837976407,0.18546964837976407,784,3.0177898322241496,1.7207967462105982,1.9416912138234659,,,-0.9123016084254995,5.409447840047893,0.5147874804875955,1.9060296156815943,0.2801296443753245,0.0,0.0,5.403658572791955,5.451675879185533,0.457531895426989,3.829392924708548,6.741325309570934,1.7604161918390788,0.2456153544342069,5910
80,51.1615529601163,-22.271787271042452,0.05688415381097128,61.81222288488247,90.7588727277673,-22.271787271042452,nan,0.010848917055863326,0.04603523675510796,51.689951380440526,-21.800381967398664,0.05741557135065178,61.66172481289893,91.60870979729145,-21.800381967398664,nan,1257.4107778444945,1.6162264319849806,0.0,3.1337183698816107,777.9917175962752,46.0,46.0,,0.0002942425844231565,,,,,,,4.986367324218469,,0,3.321720171747538,6.368187495464574,inf,-inf,-0.33913854307191155,0.3718035586075401,-0.4394163974712895,0.23609286172799454,inf,-inf,2.177817509915312,0.18544535751338417,0.18544535751338417,0.18544535751338417,784,2.9990587352894233,1.7138586228124437,1.9416669983343824,,,-0.9756264434936891,5.062053652136189,0.5027493369673298,1.9171354497673738,0.2826527978068245,0.0,0.0,5.060446752523807,5.104425359031591,0.44098750287171323,3.5381140128736077,6.368187495464574,1.7998819349217126,0.2552440180512576,5910
81,51.148856949465454,-22.330862691738528,0.05784666833983336,61.512483096924676,90.38832402299144,-22.330862691738528,nan,0.011115316557753165,0.04673135178208016,51.689951380440526,-21.800381967398664,0.05741557135065178,61.66172481289893,91.60870979729145,-21.800381967398664,nan,1227.7931585253957,1.6010863586503499,0.0,3.0318674861596864,766.8500527106951,46.0,46.0,,0.00029410052630830807,,,,,,,4.986367324218469,,0,3.321720171747538,6.368187495464574,inf,-inf,-0.3185725145704111,0.3088646773424297,-0.4370455010399493,0.17303586073038765,inf,-inf,2.1834049813015404,0.18510946552829835,0.18510946552829835,0.18510946552829835,784,2.9990587352894233,1.7138586228124437,1.9416669983343824,,,-0.9756264434936891,5.062053652136189,0.5027493369673298,1.9171354497673738,0.2826527978068245,0.0,0.0,5.060446752523807,5.104425359031591,0.44098750287171323,3.5381140128736077,6.368187495464574,1.7998819349217126,0.2552440180512576,5910
82,51.147194406277144,-22.306830927652125,0.05890970846464377,61.4542833376813,90.35355652477097,-22.306830927652125,nan,0.011382963182255412,0.04752674528238834,51.689951380440526,-21.800381967398664,0.05741557135065178,61.66172481289893,91.60870979729145,-21.800381967398664,nan,1771.9420646577514,1.6425027147521538,0.0,3.1930461893857447,1078.8061710601978,46.0,46.0,,0.00029395677329744404,,,,,,,4.986367324218469,,0,3.321720171747538,6.368187495464574,inf,-inf,-0.3139281374245382,0.23803772296889403,-0.4232337590214803,0.21340427300997933,inf,-inf,2.186299581375935,0.1850014324322132,0.1850014324322132,0.1850014324322132,784,2.9990587352894233,1.7138586228124437,1.9416669983343824,,,-0.9756264434936891,5.062053652136189,0.5027493369673298,1.9171354497673738,0.2826527978068245,0.0,0.0,5.060446752523807,5.104425359031591,0.44098750287171323,3.5381140128736077,6.368187495464574,1.7998819349217126,0.2552440180512576,5910
83,50.87215488401943,-22.47813168477388,0.05972534022357336,61.213703660408385,89.6674521998775,-22.47813168477388,nan,0.011657820937529942,0.04806751928604343,51.689951380440526,-21.800381967398664,0.05741557135065178,61.66172481289893,91.60870979729145,-21.800381967398664,nan,1310.808215310099,1.6373101170842175,0.0,2.99700699091077,800.5864018262068,46.0,46.0,,0.00029381132714214947,,,,,,,4.986367324218469,,0,3.321720171747538,6.368187495464574,inf,-inf,-0.300310089795446,0.25531607118556854,-0.42924937732762297,0.1687462285793168,inf,-inf,2.190094690430433,0.18473189909828097,0.18473189909828097,0.18473189909828097,784,2.9990587352894233,1.7138586228124437,1.9416669983343824,,,-0.9756264434936891,5.062053652136189,0.5027493369673298,1.9171354497673738,0.2826527978068245,0.0,0.0,5.060446752523807,5.104425359031591,0.44098750287171323,3.5381140128736077,6.368187495464574,1.7998819349217126,0.2552440180512576,5910
84,50.74796906776824,-22.648078360001374,0.06029734815495183,60.91119784994,89.07138590586182,-22.648078360001374,nan,0.011923110573862711,0.04837423758108911,51.689951380440526,-21.800381967398664,0.05741557135065178,61.66172481289893,91.60870979729145,-21.800381967398664,nan,1140.3626565952738,1.5716085992883353,0.0,2.966562111991905,725.6021996263314,46.0,46.0,,0.00029366418961463987,,,,,,,4.986367324218469,,0,3.321720171747538,6.368187495464574,inf,-inf,-0.31461072636998494,0.213817101922719,-0.4290447993890167,0.18681610133797663,inf,-inf,2.1964328378706335,0.18427495714174374,0.18427495714174374,0.18427495714174374,784,2.9990587352894233,1.7138586228124437,1.9416669983343824,,,-0.9756264434936891,5.062053652136189,0.5027493369673298,1.9171354497673738,0.2826527978068245,0.0,0.0,5.060446752523807,5.104425359031591,0.44098750287171323,3.5381140128736077,6.368187495464574,1.7998819349217126,0.2552440180512576,5910
85,50.73498981086796,-22.46631671843589,0.06081945479730646,60.57490958207003,88.9044021292994,-22.46631671843589,nan,0.012201465757773424,0.048617989039533065,50.87314569638223,-22.134699590194707,0.061788971368858435,60.018507879487814,88.8187429570442,-22.134699590194707,nan,1214.011168351193,1.5495170453758687,0.0,3.026492963385866,783.477130486621,46.0,46.0,,0.00029351536250773954,,,,,,,4.667883989839728,,0,3.0973457436007426,6.157482419233495,inf,-inf,-0.3121213767055318,0.3212141858920882,-0.43023450659759754,0.23122798809899497,inf,-inf,2.1973565510340083,0.18434489902728224,0.18434489902728224,0.18434489902728224,784,2.9882621777101286,1.7090759632564525,1.9427455560406701,,,-1.037637533961599,4.745808717620738,0.4900283589672628,1.9879867889967189,0.29841349400249706,0.0,0.0,4.747479290784418,4.790036005200031,0.4247218583038245,3.294119214095102,6.157482419233495,1.8692348452012422,0.27166386829576394,5910
86,50.52603739261858,-22.188541994694457,0.0627667024932311,60.26548349697328,88.66574559739064,-22.188541994694457,nan,0.01248372076487538,0.050282981728355686,50.87314569638223,-22.134699590194707,0.061788971368858435,60.018507879487814,88.8187429570442,-22.134699590194707,nan,1447.1682993254492,1.6374085838985946,0.0,3.251674490715836,883.8162408308671,46.0,46.0,,0.0002933648476348599,,,,,,,4.667883989839728,,0,3.0973457436007426,6.157482419233495,inf,-inf,-0.37657247112014625,0.24265872712059097,-0.43035040347273235,0.2721803997434276,inf,-inf,2.1979091760411134,0.1842373500464246,0.1842373500464246,0.1842373500464246,784,2.9882621777101286,1.7090759632564525,1.9427455560406701,,,-1.037637533961599,4.745808717620738,0.4900283589672628,1.9879867889967189,0.29841349400249706,0.0,0.0,4.747479290784418,4.790036005200031,0.4247218583038245,3.294119214095102,6.157482419233495,1.8692348452012422,0.27166386829576394,5910
87,50.61374411547828,-22.577835075389356,0.06418652350779777,60.188251615513984,88.2883471791107,-22.577835075389356,nan,0.012768730187909175,0.05141779331988859,50.87314569638223,-22.134699590194707,0.061788971368858435,60.018507879487814,88.8187429570442,-22.134699590194707,nan,1855.5119999692286,1.5613989278633833,0.0,2.8798493137946175,1188.365104431261,46.0,46.0,,0.00029321264682997706,,,,,,,4.667883989839728,,0,3.0973457436007426,6.157482419233495,inf,-inf,-0.2999400460998203,0.2570761661416993,-0.428462078865938,0.21816052036267364,inf,-inf,2.20351624060314,0.1839229549143581,0.1839229549143581,0.1839229549143581,784,2.9882621777101286,1.7090759632564525,1.9427455560406701,,,-1.037637533961599,4.745808717620738,0.4900283589672628,1.9879867889967189,0.29841349400249706,0.0,0.0,4.747479290784418,4.790036005200031,0.4247218583038245,3.294119214095102,6.157482419233495,1.8692348452012422,0.27166386829576394,5910
88,50.33880802750586,-22.44502761341545,0.06484130000633087,59.73344063417421,87.69206234827095,-22.44502761341545,nan,0.013047906011997259,0.05179339399433363,50.87314569638223,-22.134699590194707,0.061788971368858435,60.018507879487814,88.8187429570442,-22.134699590194707,nan,1417.580800662768,1.5608907224038744,0.0,2.973130117032167,908.1870885103349,46.0,46.0,,0.00029305876194760984,,,,,,,4.667883989839728,,0,3.0973457436007426,6.157482419233495,inf,-inf,-0.3310989916314314,0.24821519981410614,-0.42585610334121293,0.20853278498629652,inf,-inf,2.208773787039967,0.18356793672190272,0.18356793672190272,0.18356793672190272,784,2.9882621777101286,1.7090759632564525,1.9427455560406701,,,-1.037637533961599,4.745808717620738,0.4900283589672628,1.9879867889967189,0.29841349400249706,0.0,0.0,4.747479290784418,4.790036005200031,0.4247218583038245,3.294119214095102,6.157482419233495,1.8692348452012422,0.27166386829576394,5910
89,50.43172237502713,-22.621193551030895,0.06681634383492481,59.67345964920718,87.55080481703834,-22.621193551030895,nan,0.013331566142705493,0.05348477769221931,50.87314569638223,-22.134699590194707,0.061788971368858435,60.018507879487814,88.8187429570442,-22.134699590194707,nan,1087.5134979015972,1.565838810105933,0.0,2.91110760516246,694.5245518777404,46.0,46.0,,0.000292903194862797,,,,,,,4.667883989839728,,0,3.0973457436007426,6.157482419233495,inf,-inf,-0.37258037978384984,0.22433836810514596,-0.43044675087279516,0.19349467029386624,inf,-inf,2.2117741238396835,0.18332746973643116,0.18332746973643116,0.18332746973643116,784,2.9882621777101286,1.7090759632564525,1.9427455560406701,,,-1.037637533961599,4.745808717620738,0.4900283589672628,1.9879867889967189,0.29841349400249706,0.0,0.0,4.747479290784418,4.790036005200031,0.4247218583038245,3.294119214095102,6.157482419233495,1.8692348452012422,0.27166386829576394,5910
90,50.21041003252465,-22.39967113470587,0.06729835621851853,59.43146928872978,87.30950654276708,-22.39967113470587,nan,0.013616022958585505,0.053682333259933,51.03345772554176,-21.87037231824641,0.06781820378009153,58.97643683463034,88.20734044570578,-21.87037231824641,nan,1802.9190970244867,1.5676578861354127,0.0,3.0061691382080857,1150.0717809477167,46.0,46.0,,0.0002927459474710743,,,,,,,4.3728363738828815,,0,2.839480088835266,5.8805192020487915,inf,-inf,-0.34627434056133,0.22440611649296777,-0.43649895591141685,0.1899336443080627,inf,-inf,2.2169472809720014,0.1829761000490504,0.1829761000490504,0.1829761000490504,784,2.975307855013152,1.7036722618327862,1.9446143425684632,,,-1.099087480618956,4.4545387744519935,0.4768255586898851,2.070984482395486,0.31617684479627217,0.0,0.0,4.456997523208268,4.496596887492121,0.40812456058523355,3.071114295677399,5.8805192020487915,1.914783572309776,0.2821196928407135,5910
91,50.390599219679714,-22.727023478965496,0.06864476171866214,59.33792034674998,87.07014084918286,-22.727023478965496,nan,0.0139061299846132,0.054738631734048936,51.03345772554176,-21.87037231824641,0.06781820378009153,58.97643683463034,88.20734044570578,-21.87037231824641,nan,1420.8748420606446,1.5571880809922853,0.0,2.850766264446172,912.4619301961404,46.0,46.0,,0.00029258702168845173,,,,,,,4.3728363738828815,,0,2.839480088835266,5.8805192020487915,inf,-inf,-0.3615245234772025,0.2030841901501126,-0.42568144004885455,0.22262123617919571,inf,-inf,2.220215134898402,0.18279069799006034,0.18279069799006034,0.18279069799006034,784,2.975307855013152,1.7036722618327862,1.9446143425684632,,,-1.099087480618956,4.4545387744519935,0.4768255586898851,2.070984482395486,0.31617684479627217,0.0,0.0,4.456997523208268,4.496596887492121,0.40812456058523355,3.071114295677399,5.8805192020487915,1.914783572309776,0.2821196928407135,5910
92,50.19776435840799,-22.726999635680983,0.06944525911802328,58.995147313846196,86.53535729569123,-22.726999635680983,nan,0.014192815670440187,0.05525244344758313,51.03345772554176,-21.87037231824641,0.06781820378009153,58.97643683463034,88.20734044570578,-21.87037231824641,nan,1425.82786220275,1.5905013799643428,0.0,2.9876269285601746,896.4643980596329,46.0,46.0,,0.0002924264194513897,,,,,,,4.3728363738828815,,0,2.839480088835266,5.8805192020487915,inf,-inf,-0.37536226434886033,0.24663515970573305,-0.43126487159620713,0.19239959640539228,inf,-inf,2.2247628696229,0.1824256926275602,0.1824256926275602,0.1824256926275602,784,2.975307855013152,1.7036722618327862,1.9446143425684632,,,-1.099087480618956,4.4545387744519935,0.4768255586898851,2.070984482395486,0.31617684479627217,0.0,0.0,4.456997523208268,4.496596887492121,0.40812456058523355,3.071114295677399,5.8805192020487915,1.914783572309776,0.2821196928407135,5910
93,50.112152030950845,-22.9064298259941,0.07023710147351508,59.048578038716215,86.32453734514648,-22.9064298259941,nan,0.014488965649055803,0.05574813582445926,51.03345772554176,-21.87037231824641,0.06781820378009153,58.97643683463034,88.20734044570578,-21.87037231824641,nan,1179.8337065350745,1.5545836481853197,0.0,2.792936675830548,758.9387087097601,46.0,46.0,,0.0002922641427167757,,,,,,,4.3728363738828815,,0,2.839480088835266,5.8805192020487915,inf,-inf,-0.3333227552709043,0.2157952522532523,-0.4218975274567554,0.2024017247028905,inf,-inf,2.228980767624893,0.18221548059927326,0.18221548059927326,0.18221548059927326,784,2.975307855013152,1.7036722618327862,1.9446143425684632,,,-1.099087480618956,4.4545387744519935,0.4768255586898851,2.070984482395486,0.31617684479627217,0.0,0.0,4.456997523208268,4.496596887492121,0.40812456058523355,3.071114295677399,5.8805192020487915,1.914783572309776,0.2821196928407135,5910
94,49.964504064881964,-22.926625821498494,0.06969241304326147,58.82586537918091,85.93343603560764,-22.926625821498494,nan,0.014767679191991852,0.05492473385126963,51.03345772554176,-21.87037231824641,0.06781820378009153,58.97643683463034,88.20734044570578,-21.87037231824641,nan,1551.1953795164973,1.5557231863355625,0.0,2.852104987619746,997.0895806793686,46.0,46.0,,0.0002921001934619007,,,,,,,4.3728363738828815,,0,2.839480088835266,5.8805192020487915,inf,-inf,-0.3616784005695062,0.22488567980190544,-0.4195044012597492,0.216745930214693,inf,-inf,2.2334899049088075,0.18192311186109086,0.18192311186109086,0.18192311186109086,784,2.975307855013152,1.7036722618327862,1.9446143425684632,,,-1.099087480618956,4.4545387744519935,0.4768255586898851,2.070984482395486,0.31617684479627217,0.0,0.0,4.456997523208268,4.496596887492121,0.40812456058523355,3.071114295677399,5.8805192020487915,1.914783572309776,0.2821196928407135,5910
95,49.92701058990075,-22.820009259380075,0.0705326958294544,58.48400843797326,85.66154246432339,-22.820009259380075,nan,0.015067168574131226,0.0554655272553232,49.96309658928514,-22.746161445963196,0.07138839471764849,58.00403362291871,85.2923571609583,-22.746161445963196,nan,1437.3666908466619,1.5607175843856187,0.0,2.8179350455183116,920.9652695830205,46.0,46.0,,0.0002919345736844345,,,,,,,4.104353888646701,,0,2.610831795702241,5.615052132465308,inf,-inf,-0.3247769079885387,0.19139945436926656,-0.42135912058776726,0.2094355110850095,inf,-inf,2.2346197381583526,0.181884101722931,0.181884101722931,0.181884101722931,784,2.9634697634973453,1.6982835510840069,1.9443177156368106,,,-1.1588130680444686,4.18806959301782,0.46479345619352436,2.1506755593019795,0.3325748997262423,0.0,0.0,4.1916414310618695,4.231917132934317,0.39284229235736634,2.850023798257142,5.615052132465308,1.9701772791858958,0.2945053063180364,5910
96,49.86578905644405,-22.77626670361071,0.07224396314764825,58.238268820658185,85.40003513663918,-22.77626670361071,nan,0.015361722282368914,0.05688224086527931,49.96309658928514,-22.746161445963196,0.07138839471764849,58.00403362291871,85.2923571609583,-22.746161445963196,nan,1410.4353354327336,1.5719113346168823,0.0,2.9759737295173965,897.2741046978297,46.0,46.0,,0.00029176728540240187,,,,,,,4.104353888646701,,0,2.610831795702241,5.615052132465308,inf,-inf,-0.33342364198817587,0.20680723815313548,-0.4268086450539018,0.2236728578969117,inf,-inf,2.2375038296712724,0.18164810608851734,0.18164810608851734,0.18164810608851734,784,2.9634697634973453,1.6982835510840069,1.9443177156368106,,,-1.1588130680444686,4.18806959301782,0.46479345619352436,2.1506755593019795,0.3325748997262423,0.0,0.0,4.1916414310618695,4.231917132934317,0.39284229235736634,2.850023798257142,5.615052132465308,1.9701772791858958,0.2945053063180364,5910
97,49.83231242668371,-23.00555332049805,0.07366486735097467,58.1873281223534,85.08775209589004,-23.00555332049805,nan,0.015666936642796392,0.057997930708178304,49.96309658928514,-22.746161445963196,0.07138839471764849,58.00403362291871,85.2923571609583,-22.746161445963196,nan,1264.2893358687847,1.5464909513723064,0.0,2.676885848015995,817.5213277173688,46.0,46.0,,0.00029159833065415776,,,,,,,4.104353888646701,,0,2.610831795702241,5.615052132465308,inf,-inf,-0.32166103419418435,0.18551594204892757,-0.42740539887899753,0.217102216866892,inf,-inf,2.242441638283513,0.18129765697968586,0.18129765697968586,0.18129765697968586,784,2.9634697634973453,1.6982835510840069,1.9443177156368106,,,-1.1588130680444686,4.18806959301782,0.46479345619352436,2.1506755593019795,0.3325748997262423,0.0,0.0,4.1916414310618695,4.231917132934317,0.39284229235736634,2.850023798257142,5.615052132465308,1.9701772791858958,0.2945053063180364,5910
98,49.734552381539814,-22.841710010816566,0.07494686797295863,57.801109153041,84.7688983917372,-22.841710010816566,nan,0.01596000256080191,0.05898686541215673,49.96309658928514,-22.746161445963196,0.07138839471764849,58.00403362291871,85.2923571609583,-22.746161445963196,nan,1464.9882646479439,1.5141731739578803,0.0,2.7505586511272533,967.5169854044022,46.0,46.0,,0.0002914277114983625,,,,,,,4.104353888646701,,0,2.610831795702241,5.615052132465308,inf,-inf,-0.31344035042313456,0.22438935514091052,-0.42738314921275894,0.23453753706790006,inf,-inf,2.2506525558949595,0.18072450477192706,0.18072450477192706,0.18072450477192706,784,2.9634697634973453,1.6982835510840069,1.9443177156368106,,,-1.1588130680444686,4.18806959301782,0.46479345619352436,2.1506755593019795,0.3325748997262423,0.0,0.0,4.1916414310618695,4.231917132934317,0.39284229235736634,2.850023798257142,5.615052132465308,1.9701772791858958,0.2945053063180364,5910
99,49.61713325576337,-23.060500266077685,0.07579143621391378,57.684044890834706,84.3164693167343,-23.060500266077685,nan,0.016255562122371624,0.05953587409154215,49.96309658928514,-22.746161445963196,0.07138839471764849,58.00403362291871,85.2923571609583,-22.746161445963196,nan,1224.6553677439401,1.5368879022907063,0.0,2.7167874117343116,796.8410486663415,46.0,46.0,,0.0002912554300139565,,,,,,,4.104353888646701,,0,2.610831795702241,5.615052132465308,inf,-inf,-0.31382820162923836,0.2146204417801901,-0.41812682369842313,0.21921561188094982,inf,-inf,2.2549062004934286,0.18043018366024863,0.18043018366024863,0.18043018366024863,784,2.9634697634973453,1.6982835510840069,1.9443177156368106,,,-1.1588130680444686,4.18806959301782,0.46479345619352436,2.1506755593019795,0.3325748997262423,0.0,0.0,4.1916414310618695,4.231917132934317,0.39284229235736634,2.850023798257142,5.615052132465308,1.9701772791858958,0.2945053063180364,5910
100,49.708031089427266,-23.251880166066368,0.07751699714603803,57.60500558455444,84.13867350506138,-23.251880166066368,nan,0.016551394694698636,0.06096560245133937,50.01562158990238,-22.259875527385113,0.07754007841961041,57.018707223400426,84.8519933643373,-22.259875527385113,nan,1656.5242616135583,1.4529821882144016,0.0,2.542456467408182,1140.0857319863594,46.0,46.0,,0.00029108148830013535,,,,,,,3.8606116151002743,,0,2.403938895860462,5.352660314492121,inf,-inf,-0.3094018498326758,0.19844563746917637,-0.413777538093557,0.2250357391222161,inf,-inf,2.262575609630921,0.17982545940690853,0.17982545940690853,0.17982545940690853,784,2.9609311819233985,1.695456179273341,1.9474588667296657,,,-1.2166085598890708,3.93911514487146,0.45404102646416306,2.226620786289245,0.347646259043296,0.0,0.0,3.951274847385535,3.9900921707358132,0.37897303637384366,2.651221402655395,5.352660314492121,2.0189412733055923,0.3051236864274153,5910
101,49.51265094747277,-23.05755220238236,0.07879371859398623,57.207234871597464,83.74112733528186,-23.05755220238236,nan,0.01683102042861066,0.061962698165375585,50.01562158990238,-22.259875527385113,0.07754007841961041,57.018707223400426,84.8519933643373,-22.259875527385113,nan,1272.2336560380006,1.4689414796976392,0.0,2.6062592904650033,866.0887268973247,46.0,46.0,,0.00029090588847632403,,,,,,,3.8606116151002743,,0,2.403938895860462,5.352660314492121,inf,-inf,-0.3042822176417757,0.24451018009150013,-0.4235802668083064,0.22957005547696965,inf,-inf,2.268997219222303,0.17930019809131506,0.17930019809131506,0.17930019809131506,784,2.9609311819233985,1.695456179273341,1.9474588667296657,,,-1.2166085598890708,3.93911514487146,0.45404102646416306,2.226620786289245,0.347646259043296,0.0,0.0,3.951274847385535,3.9900921707358132,0.37897303637384366,2.651221402655395,5.352660314492121,2.0189412733055923,0.3051236864274153,5910
102,49.557971690184964,-23.171094061259854,0.08100934672801717,57.12626360687313,83.59415058252625,-23.171094061259854,nan,0.01712040546995136,0.06388894125806584,50.01562158990238,-22.259875527385113,0.07754007841961041,57.018707223400426,84.8519933643373,-22.259875527385113,nan,1851.881285050447,1.4013205470719026,0.0,2.4216730864063134,1321.52581999886,46.0,46.0,,0.0002907286326821509,,,,,,,3.8606116151002743,,0,2.403938895860462,5.352660314492121,inf,-inf,-0.31237529411470516,0.20638458126611317,-0.4200621565692881,0.23295468571795813,inf,-inf,2.2791829361169826,0.17852564654546127,0.17852564654546127,0.17852564654546127,784,2.9609311819233985,1.695456179273341,1.9474588667296657,,,-1.2166085598890708,3.93911514487146,0.45404102646416306,2.226620786289245,0.347646259043296,0.0,0.0,3.951274847385535,3.9900921707358132,0.37897303637384366,2.651221402655395,5.352660314492121,2.0189412733055923,0.3051236864274153,5910
103,49.43249090838657,-23.20677009697835,0.08173240295984069,57.05176837289373,83.3592215872618,-23.20677009697835,nan,0.017405655946783345,0.06432674701305732,50.01562158990238,-22.259875527385113,0.07754007841961041,57.018707223400426,84.8519933643373,-22.259875527385113,nan,1711.4767049723177,1.4286034750959538,0.0,2.5258410211644047,1198.0068191121854,46.0,46.0,,0.0002905497230774218,,,,,,,3.8606116151002743,,0,2.403938895860462,5.352660314492121,inf,-inf,-0.3103862553359383,0.20101819612623176,-0.4269141921930625,0.23541796751474425,inf,-inf,2.2851488682101784,0.17806392535982116,0.17806392535982116,0.17806392535982116,784,2.9609311819233985,1.695456179273341,1.9474588667296657,,,-1.2166085598890708,3.93911514487146,0.45404102646416306,2.226620786289245,0.347646259043296,0.0,0.0,3.951274847385535,3.9900921707358132,0.37897303637384366,2.651221402655395,5.352660314492121,2.0189412733055923,0.3051236864274153,5910
104,49.48299348515002,-23.39028553118554,0.08280551475099676,57.17870520435973,83.35421867307521,-23.39028553118554,nan,0.017693016208447754,0.06511249854254897,50.01562158990238,-22.259875527385113,0.07754007841961041,57.018707223400426,84.8519933643373,-22.259875527385113,nan,1295.3223581928312,1.4067935033902614,0.0,2.438901465099387,920.7622547809657,46.0,46.0,,0.00029036916184209394,,,,,,,3.8606116151002743,,0,2.403938895860462,5.352660314492121,inf,-inf,-0.30611984053255437,0.24085537289821743,-0.41537716928334856,0.22535910732404812,inf,-inf,2.293732068696422,0.17741372021701382,0.17741372021701382,0.17741372021701382,784,2.9609311819233985,1.695456179273341,1.9474588667296657,,,-1.2166085598890708,3.93911514487146,0.45404102646416306,2.226620786289245,0.347646259043296,0.0,0.0,3.951274847385535,3.9900921707358132,0.37897303637384366,2.651221402655395,5.352660314492121,2.0189412733055923,0.3051236864274153,5910
105,49.322209557763166,-23.41297021289132,0.08309776086156118,56.76574759532774,82.75808470106115,-23.41297021289132,nan,0.017980005512233523,0.06511775534932766,50.01369921648758,-22.467415232561272,0.08297918939793827,56.6022704225183,84.23153359584255,-22.467415232561272,nan,1642.792008632046,1.4198236118440486,0.0,2.3254925880113233,1157.0395047159477,46.0,46.0,,0.00029018695117624893,,,,,,,3.6480297206814636,,0,2.2251204974190766,5.082051635543382,inf,-inf,-0.3026076439396494,0.18141747811466358,-0.4238617315541053,0.22827038143428835,inf,-inf,2.2978367119041607,0.17700067981298703,0.17700067981298703,0.17700067981298703,784,2.9683971969636946,1.694634574945561,1.9519805875549967,,,-1.2701329156848082,3.7243479840373785,0.4446428725026185,2.2839444611822453,0.3586855389366186,0.0,0.0,3.7418647041041195,3.781058315290018,0.36729906229403636,2.472968958747257,5.082051635543382,2.055040609210809,0.31282040829574415,5910
106,49.227490185526825,-23.202394663867327,0.08437736074525308,56.63971452766317,82.74918741006792,-23.202394663867327,nan,0.018266106990805667,0.06611125375444737,50.01369921648758,-22.467415232561272,0.08297918939793827,56.6022704225183,84.23153359584255,-22.467415232561272,nan,1640.2946519403224,1.495864400043803,0.0,2.489445840874112,1096.5530377568248,46.0,46.0,,0.0002900030933000663,,,,,,,3.6480297206814636,,0,2.2251204974190766,5.082051635543382,inf,-inf,-0.2992080191703265,0.21488526048285908,-0.42184395051855533,0.23150011677782095,inf,-inf,2.30261669931298,0.17664233082101347,0.17664233082101347,0.17664233082101347,784,2.9683971969636946,1.694634574945561,1.9519805875549967,,,-1.2701329156848082,3.7243479840373785,0.4446428725026185,2.2839444611822453,0.3586855389366186,0.0,0.0,3.7418647041041195,3.781058315290018,0.36729906229403636,2.472968958747257,5.082051635543382,2.055040609210809,0.31282040829574415,5910
107,49.136175555104195,-23.303757095989354,0.0852791902447804,56.3256379367283,82.24333558608792,-23.303757095989354,nan,0.018564317073213685,0.0667148731715667,50.01369921648758,-22.467415232561272,0.08297918939793827,56.6022704225183,84.23153359584255,-22.467415232561272,nan,1481.0707575038823,1.4271837335233415,0.0,2.3623958663737703,1037.7575940047382,46.0,46.0,,0.00028981759045379615,,,,,,,3.6480297206814636,,0,2.2251204974190766,5.082051635543382,inf,-inf,-0.2984724846276313,0.1814820732420941,-0.4277222957461095,0.23194392702993447,inf,-inf,2.3094538563781666,0.176024998347335,0.176024998347335,0.176024998347335,784,2.9683971969636946,1.694634574945561,1.9519805875549967,,,-1.2701329156848082,3.7243479840373785,0.4446428725026185,2.2839444611822453,0.3586855389366186,0.0,0.0,3.7418647041041195,3.781058315290018,0.36729906229403636,2.472968958747257,5.082051635543382,2.055040609210809,0.31282040829574415,5910
108,49.09367407824711,-23.376878963589764,0.08551866989809563,56.24823776293467,82.05055154749012,-23.376878963589764,nan,0.018857612386130047,0.06666105751196556,50.01369921648758,-22.467415232561272,0.08297918939793827,56.6022704225183,84.23153359584255,-22.467415232561272,nan,1353.2873066841707,1.3883928629813473,0.0,2.378832754569657,974.7149692041825,46.0,46.0,,0.0002896304448977322,,,,,,,3.6480297206814636,,0,2.2251204974190766,5.082051635543382,inf,-inf,-0.29826986655423177,0.20687782096422477,-0.42763419992901447,0.22620694015491477,inf,-inf,2.3163530915537764,0.175484192126533,0.175484192126533,0.175484192126533,784,2.9683971969636946,1.694634574945561,1.9519805875549967,,,-1.2701329156848082,3.7243479840373785,0.4446428725026185,2.2839444611822453,0.3586855389366186,0.0,0.0,3.7418647041041195,3.781058315290018,0.36729906229403636,2.472968958747257,5.082051635543382,2.055040609210809,0.31282040829574415,5910
109,49.13980754336529,-23.28660149064774,0.08619903605039188,56.01287282921267,81.95227791798061,-23.28660149064774,nan,0.01915590738889579,0.06704312866149607,50.01369921648758,-22.467415232561272,0.08297918939793827,56.6022704225183,84.23153359584255,-22.467415232561272,nan,1755.8616062002077,1.4730654663252414,0.0,2.4643746597256073,1191.9779849163385,46.0,46.0,,0.0002894416589121839,,,,,,,3.6480297206814636,,0,2.2251204974190766,5.082051635543382,inf,-inf,-0.29588005901159065,0.18335887542207108,-0.4179665758778907,0.23595481468444032,inf,-inf,2.3207854975352467,0.17499925786097392,0.17499925786097392,0.17499925786097392,784,2.9683971969636946,1.694634574945561,1.9519805875549967,,,-1.2701329156848082,3.7243479840373785,0.4446428725026185,2.2839444611822453,0.3586855389366186,0.0,0.0,3.7418647041041195,3.781058315290018,0.36729906229403636,2.472968958747257,5.082051635543382,2.055040609210809,0.31282040829574415,5910
110,49.163729752333666,-23.233241135808274,0.08720475204993096,55.698839379666296,81.71653274824162,-23.233241135808274,nan,0.019466910175084843,0.06773784187484608,49.39092492253798,-22.20589390640581,0.08822475404224839,55.094980940056544,82.36823671023096,-22.20589390640581,nan,1269.754473457472,1.4798147091394755,0.0,2.501447514169908,858.0496366304161,46.0,46.0,,0.000289251234797449,,,,,,,3.444337134275584,,0,2.0575490477689704,4.828516731916665,inf,-inf,-0.29248807621571743,0.17667425547047955,-0.4267979288177081,0.2175086022711909,inf,-inf,2.3200666228663405,0.17488215953199313,0.17488215953199313,0.17488215953199313,784,2.9763168168307756,1.693778134240437,1.9563434159527284,,,-1.3243801185154687,3.51918972312587,0.4341736638266406,2.3467322624227567,0.37046354397220393,0.0,0.0,3.541863283898326,3.579804661483829,0.3548630429024143,2.2881166039086493,4.8262853215670045,2.1092829418407075,0.32413484044982627,5910
111,49.017674879999106,-23.36431010525109,0.0891278462964992,55.44181746627951,81.18431008732402,-23.36431010525109,nan,0.019788170670301045,0.06933967562619811,49.39092492253798,-22.20589390640581,0.08822475404224839,55.094980940056544,82.36823671023096,-22.20589390640581,nan,1571.2217935410106,1.3930935117073378,0.0,2.340379054620162,1127.8652727449455,46.0,46.0,,0.00028905917487378514,,,,,,,3.444337134275584,,0,2.0575490477689704,4.828516731916665,inf,-inf,-0.28171177621277466,0.16571075264842433,-0.4228351799835702,0.2133146424608676,inf,-inf,2.325111525017121,0.17436302017567168,0.17436302017567168,0.17436302017567168,784,2.9763168168307756,1.693778134240437,1.9563434159527284,,,-1.3243801185154687,3.51918972312587,0.4341736638266406,2.3467322624227567,0.37046354397220393,0.0,0.0,3.541863283898326,3.579804661483829,0.3548630429024143,2.2881166039086493,4.8262853215670045,2.1092829418407075,0.32413484044982627,5910
112,48.95688946315443,-23.373840366647368,0.08954142537604785,55.357391035818225,81.02998155770133,-23.373840366647368,nan,0.020091767987809043,0.06944965738823879,49.39092492253798,-22.20589390640581,0.08822475404224839,55.094980940056544,82.36823671023096,-22.20589390640581,nan,1510.2592445893088,1.3697828820762425,0.0,2.426709035340675,1102.5537436269751,46.0,46.0,,0.00028886548148138197,,,,,,,3.444337134275584,,0,2.0575490477689704,4.828516731916665,inf,-inf,-0.278238984832048,0.19305295714697912,-0.4238367342873733,0.2171141166806313,inf,-inf,2.329184478967409,0.17389674310362987,0.17389674310362987,0.17389674310362987,784,2.9763168168307756,1.693778134240437,1.9563434159527284,,,-1.3243801185154687,3.51918972312587,0.4341736638266406,2.3467322624227567,0.37046354397220393,0.0,0.0,3.541863283898326,3.579804661483829,0.3548630429024143,2.2881166039086493,4.8262853215670045,2.1092829418407075,0.32413484044982627,5910
113,49.06719261663284,-23.69706290151345,0.09054546351594488,55.457227716049275,80.9179028946846,-23.69706290151345,nan,0.02041070599370061,0.07013475752224423,49.39092492253798,-22.20589390640581,0.08822475404224839,55.094980940056544,82.36823671023096,-22.20589390640581,nan,1441.7671413860216,1.3947457376716172,0.0,2.271821832012317,1033.7132442454363,46.0,46.0,,0.00028867015698033226,,,,,,,3.444337134275584,,0,2.0575490477689704,4.828516731916665,inf,-inf,-0.2793994770607013,0.19882765440372532,-0.4193524703546806,0.21271549341537244,inf,-inf,2.3347915359420615,0.17336948819396952,0.17336948819396952,0.17336948819396952,784,2.9763168168307756,1.693778134240437,1.9563434159527284,,,-1.3243801185154687,3.51918972312587,0.4341736638266406,2.3467322624227567,0.37046354397220393,0.0,0.0,3.541863283898326,3.579804661483829,0.3548630429024143,2.2881166039086493,4.8262853215670045,2.1092829418407075,0.32413484044982627,5910
114,48.854644663556634,-23.619464295751005,0.09052136937884286,55.131297491743304,80.45699922892777,-23.619464295751005,nan,0.020711053851416743,0.06981031552742609,49.39092492253798,-22.20589390640581,0.08822475404224839,55.094980940056544,82.36823671023096,-22.20589390640581,nan,1213.8047667287963,1.3590996228057852,0.0,2.2686336212356584,893.0947712449248,46.0,46.0,,0.00028847320375060355,,,,,,,3.444337134275584,,0,2.0575490477689704,4.828516731916665,inf,-inf,-0.301372473852082,0.178340414148355,-0.4266317933325835,0.20854667051390174,inf,-inf,2.340219679241042,0.17283751792242774,0.17283751792242774,0.17283751792242774,784,2.9763168168307756,1.693778134240437,1.9563434159527284,,,-1.3243801185154687,3.51918972312587,0.4341736638266406,2.3467322624227567,0.37046354397220393,0.0,0.0,3.541863283898326,3.579804661483829,0.3548630429024143,2.2881166039086493,4.8262853215670045,2.1092829418407075,0.32413484044982627,5910
115,48.78266235545564,-23.712953793482573,0.09183218705380078,54.89716278258367,80.05870353161055,-23.712953793482573,nan,0.021023570803726795,0.07080861625007398,48.727689182934945,-23.645692203291937,0.09204805499397001,54.2217225966693,79.39576763130628,-23.645692203291937,nan,1382.8170107995832,1.348438687272939,0.0,2.2176191253497874,1025.4949104109214,46.0,46.0,,0.00028827462419200867,,,,,,,3.2542590029102776,,0,1.9096845083207044,4.600244488895439,inf,-inf,-0.32285207208648226,0.17092536115756923,-0.42050614881575754,0.20488859252301664,inf,-inf,2.3416428266322025,0.1727283726417781,0.1727283726417781,0.1727283726417781,784,2.9856156713665625,1.692950602568197,1.964408189584132,,,-1.3778459789834698,3.3263207982863596,0.4239756149408729,2.40890286790916,0.3818192886735078,0.0,0.0,3.3557330101334664,3.3882063931320507,0.3417866980780047,2.1273720772855276,4.566546656110467,2.1465669803926652,0.33174444453271035,5910
116,48.59707186408251,-23.772068600581296,0.09171336722109688,55.06103732186474,79.97775395258705,-23.772068600581296,nan,0.021332525003447816,0.07038084221764908,48.727689182934945,-23.645692203291937,0.09204805499397001,54.2217225966693,79.39576763130628,-23.645692203291937,nan,1508.1241577776027,1.3419860726691581,0.0,2.117545991705516,1123.8001559718145,46.0,46.0,,0.00028807442072417694,,,,,,,3.2542590029102776,,0,1.9096845083207044,4.600244488895439,inf,-inf,-0.3274767845246346,0.1698454311866027,-0.4220080398053904,0.19431857832897526,inf,-inf,2.347406183578428,0.17219511817952243,0.17219511817952243,0.17219511817952243,784,2.9856156713665625,1.692950602568197,1.964408189584132,,,-1.3778459789834698,3.3263207982863596,0.4239756149408729,2.40890286790916,0.3818192886735078,0.0,0.0,3.3557330101334664,3.3882063931320507,0.3417866980780047,2.1273720772855276,4.566546656110467,2.1465669803926652,0.33174444453271035,5910
117,48.60522003199342,-23.69573298655286,0.09162429414548903,54.73813317682281,79.73924451640886,-23.69573298655286,nan,0.021638313908873448,0.06998598023661558,48.727689182934945,-23.645692203291937,0.09204805499397001,54.2217225966693,79.39576763130628,-23.645692203291937,nan,1224.4184345560275,1.3547339734446013,0.0,2.2353863179013724,903.8072850884308,46.0,46.0,,0.00028787259578652444,,,,,,,3.2542590029102776,,0,1.9096845083207044,4.600244488895439,inf,-inf,-0.33651128627520527,0.19699033093572157,-0.4241669464397676,0.19393631651749024,inf,-inf,2.3476034326317956,0.1721107042230589,0.1721107042230589,0.1721107042230589,784,2.9856156713665625,1.692950602568197,1.964408189584132,,,-1.3778459789834698,3.3263207982863596,0.4239756149408729,2.40890286790916,0.3818192886735078,0.0,0.0,3.3557330101334664,3.3882063931320507,0.3417866980780047,2.1273720772855276,4.566546656110467,2.1465669803926652,0.33174444453271035,5910
118,48.51250489139281,-23.896431951442604,0.09241253923501387,54.74165096396569,79.45013644315091,-23.896431951442604,nan,0.02195097534386635,0.07046156389114754,48.727689182934945,-23.645692203291937,0.09204805499397001,54.2217225966693,79.39576763130628,-23.645692203291937,nan,1423.1210250730862,1.3129996266495625,0.0,2.1345811814147684,1083.870091193038,46.0,46.0,,0.0002876691518382243,,,,,,,3.2542590029102776,,0,1.9096845083207044,4.600244488895439,inf,-inf,-0.3334597306313584,0.1839583224091905,-0.4224069196703846,0.18647586326587468,inf,-inf,2.3520457623700723,0.17172981987498998,0.17172981987498998,0.17172981987498998,784,2.9856156713665625,1.692950602568197,1.964408189584132,,,-1.3778459789834698,3.3263207982863596,0.4239756149408729,2.40890286790916,0.3818192886735078,0.0,0.0,3.3557330101334664,3.3882063931320507,0.3417866980780047,2.1273720772855276,4.566546656110467,2.1465669803926652,0.33174444453271035,5910
119,48.392673456871265,-23.855483142453657,0.09277423075401738,54.59393180291658,79.2238963480882,-23.855483142453657,nan,0.022253478867918373,0.070520751886099,48.727689182934945,-23.645692203291937,0.09204805499397001,54.2217225966693,79.39576763130628,-23.645692203291937,nan,1395.3447780530496,1.2874391415868858,0.0,2.0512774134605105,1083.8141648646479,46.0,46.0,,0.0002874640913581768,,,,,,,3.2542590029102776,,0,1.9096845083207044,4.600244488895439,inf,-inf,-0.3308142923391773,0.18256121125390742,-0.4173969679555006,0.1822736002358752,inf,-inf,2.3544681887174015,0.1714840863237208,0.1714840863237208,0.1714840863237208,784,2.9856156713665625,1.692950602568197,1.964408189584132,,,-1.3778459789834698,3.3263207982863596,0.4239756149408729,2.40890286790916,0.3818192886735078,0.0,0.0,3.3557330101334664,3.3882063931320507,0.3417866980780047,2.1273720772855276,4.566546656110467,2.1465669803926652,0.33174444453271035,5910
120,48.31992613573187,-23.741801693079832,0.09346351079926363,54.2472802050653,78.9188681585166,-23.741801693079832,nan,0.022555956909568835,0.07090755388969482,48.31626740027042,-23.623191694297116,0.09483260790537268,53.261403759605116,78.04931207348379,-23.623191694297116,nan,1332.7769013186705,1.2665227807160622,0.0,2.13955356245322,1052.3118270049197,46.0,46.0,,0.0002872574168449793,,,,,,,3.082897223772545,,0,1.7807061321037527,4.466033794383811,inf,-inf,-0.3320515918038192,0.19096684283824095,-0.4228302735153654,0.1816167949303494,inf,-inf,2.3613396527365347,0.1710308599245747,0.1710308599245747,0.1710308599245747,784,2.989533833992362,1.690780195669549,1.9809769494838871,,,-1.4286270653398903,3.14948059809707,0.4152677784433887,2.5080128123709957,0.3993297507901823,0.0,0.0,3.187504336080403,3.215050213892216,0.33018144303173347,1.9805993167392288,4.355825649336356,2.199246264765755,0.3422738630309071,5910
121,48.13702018635685,-23.72893570714737,0.09593450469865594,54.001366827778064,78.5053858116862,-23.72893570714737,nan,0.022869865040442763,0.07306463965821318,48.31626740027042,-23.623191694297116,0.09483260790537268,53.261403759605116,78.04931207348379,-23.623191694297116,nan,1394.3502760422543,1.2941933116898428,0.0,2.1729023619872643,1077.3894930902059,46.0,46.0,,0.0002870491308168954,,,,,,,3.082897223772545,,0,1.7807061321037527,4.466033794383811,inf,-inf,-0.3322927414029659,0.20361756366217976,-0.42425685227473575,0.17763665779034143,inf,-inf,2.3667923909061406,0.17074442121334155,0.17074442121334155,0.17074442121334155,784,2.989533833992362,1.690780195669549,1.9809769494838871,,,-1.4286270653398903,3.14948059809707,0.4152677784433887,2.5080128123709957,0.3993297507901823,0.0,0.0,3.187504336080403,3.215050213892216,0.33018144303173347,1.9805993167392288,4.355825649336356,2.199246264765755,0.3422738630309071,5910
122,48.18929216447742,-23.866485275522372,0.09802699920438608,53.98601448943663,78.40684837759606,-23.866485275522372,nan,0.02319365372433848,0.07483334548004758,48.31626740027042,-23.623191694297116,0.09483260790537268,53.261403759605116,78.04931207348379,-23.623191694297116,nan,1147.1923318584002,1.2851015167672821,0.0,2.025641840722365,892.6861550550517,46.0,46.0,,0.0002868392358118247,,,,,,,3.082897223772545,,0,1.7807061321037527,4.466033794383811,inf,-inf,-0.3373427991087769,0.19246916649662646,-0.4303883680455473,0.17282610554481115,inf,-inf,2.376002187690906,0.17019500830156006,0.17019500830156006,0.17019500830156006,784,2.989533833992362,1.690780195669549,1.9809769494838871,,,-1.4286270653398903,3.14948059809707,0.4152677784433887,2.5080128123709957,0.3993297507901823,0.0,0.0,3.187504336080403,3.215050213892216,0.33018144303173347,1.9805993167392288,4.355825649336356,2.199246264765755,0.3422738630309071,5910
123,48.17700748969105,-23.64240239572612,0.0997734722007209,53.590914857176365,78.22529342334201,-23.64240239572612,nan,0.02350265840478929,0.0762708137959316,48.31626740027042,-23.623191694297116,0.09483260790537268,53.261403759605116,78.04931207348379,-23.623191694297116,nan,2132.629649042964,1.260603570355033,0.0,2.0005302783304426,1691.7528231673468,46.0,46.0,,0.0002866277343872715,,,,,,,3.082897223772545,,0,1.7807061321037527,4.466033794383811,inf,-inf,-0.3391814975371671,0.22266682347094738,-0.4281228417772786,0.17230134154460175,inf,-inf,2.385813862216605,0.1696344550673796,0.1696344550673796,0.1696344550673796,784,2.989533833992362,1.690780195669549,1.9809769494838871,,,-1.4286270653398903,3.14948059809707,0.4152677784433887,2.5080128123709957,0.3993297507901823,0.0,0.0,3.187504336080403,3.215050213892216,0.33018144303173347,1.9805993167392288,4.355825649336356,2.199246264765755,0.3422738630309071,5910
124,48.06190664758135,-23.876746980069687,0.10062453618663794,53.61745446056119,77.90323866425949,-23.876746980069687,nan,0.023807253676265593,0.07681728251037237,48.31626740027042,-23.623191694297116,0.09483260790537268,53.261403759605116,78.04931207348379,-23.623191694297116,nan,1190.2100832978447,1.290623382751569,0.0,1.8849202852269549,922.1978302921754,46.0,46.0,,0.00028641462912031403,,,,,,,3.082897223772545,,0,1.7807061321037527,4.466033794383811,inf,-inf,-0.3508196250680616,0.18974207661696657,-0.4293390997562504,0.1652911962497032,inf,-inf,2.3942553042473897,0.16921276836803942,0.16921276836803942,0.16921276836803942,784,2.989533833992362,1.690780195669549,1.9809769494838871,,,-1.4286270653398903,3.14948059809707,0.4152677784433887,2.5080128123709957,0.3993297507901823,0.0,0.0,3.187504336080403,3.215050213892216,0.33018144303173347,1.9805993167392288,4.355825649336356,2.199246264765755,0.3422738630309071,5910
125,47.9341761980707,-24.048979915339945,0.10119941668693697,53.35661191803355,77.34300761745125,-24.048979915339945,nan,0.024105125183858874,0.07709429150307806,48.40276487109918,-22.511555965964995,0.10146077189353131,52.99098097548929,78.98365065251701,-22.511555965964995,nan,1278.3422907213985,1.2147514557623094,0.0,1.9169314319961033,1052.3488444137597,46.0,46.0,,0.00028619992260757264,,,,,,,2.9251077357429205,,0,1.6635275484069647,4.316129003364949,inf,-inf,-0.3428334914198673,0.2183775617320421,-0.4268345991146352,0.16175911502199386,inf,-inf,2.4048213665822495,0.16865749267122368,0.16865749267122368,0.16865749267122368,784,3.018340812235655,1.695007494667888,2.018516200003556,,,-1.4782485295674488,2.9889002763089776,0.40667902053676364,2.5945641883106663,0.41406441940724004,0.0,0.0,3.0322206747941927,3.0526792246511683,0.31943233867051257,1.839768349307951,4.13111757191565,2.24545528977581,0.35130441206096336,5910
126,48.079283895948386,-24.22279653541801,0.10181354605197822,53.552203908779425,77.51050481536178,-24.22279653541801,nan,0.024399859900522004,0.07741368615145622,48.40276487109918,-22.511555965964995,0.10146077189353131,52.99098097548929,78.98365065251701,-22.511555965964995,nan,1154.3627790875344,1.250074068872511,0.0,1.7859462457841317,923.4355050086734,46.0,46.0,,0.00028598361746517845,,,,,,,2.9251077357429205,,0,1.6635275484069647,4.316129003364949,inf,-inf,-0.3380048248916307,0.19389381709484926,-0.421859292084629,0.1587666715873136,inf,-inf,2.4104342278894935,0.16837045942750176,0.16837045942750176,0.16837045942750176,784,3.018340812235655,1.695007494667888,2.018516200003556,,,-1.4782485295674488,2.9889002763089776,0.40667902053676364,2.5945641883106663,0.41406441940724004,0.0,0.0,3.0322206747941927,3.0526792246511683,0.31943233867051257,1.839768349307951,4.13111757191565,2.24545528977581,0.35130441206096336,5910
127,47.867582050003115,-24.038673385144612,0.10220864544955863,53.07368545095366,77.00480276126171,-24.038673385144612,nan,0.024703183778038155,0.07750546167152049,48.40276487109918,-22.511555965964995,0.10146077189353131,52.99098097548929,78.98365065251701,-22.511555965964995,nan,1297.2739277141532,1.2791122363917495,0.0,1.912978728446426,1014.1986690500561,46.0,46.0,,0.00028576571632874133,,,,,,,2.9251077357429205,,0,1.6635275484069647,4.316129003364949,inf,-inf,-0.3513508511907886,0.1950264679445614,-0.43002647558368423,0.15991869424728591,inf,-inf,2.41542053112771,0.16833547218611025,0.16833547218611025,0.16833547218611025,784,3.018340812235655,1.695007494667888,2.018516200003556,,,-1.4782485295674488,2.9889002763089776,0.40667902053676364,2.5945641883106663,0.41406441940724004,0.0,0.0,3.0322206747941927,3.0526792246511683,0.31943233867051257,1.839768349307951,4.13111757191565,2.24545528977581,0.35130441206096336,5910
128,47.8921633447823,-23.91666568385842,0.10379631413767473,52.734220599483905,76.81351457454545,-23.91666568385842,nan,0.025027151449422386,0.07876916268825233,48.40276487109918,-22.511555965964995,0.10146077189353131,52.99098097548929,78.98365065251701,-22.511555965964995,nan,1499.3218439566424,1.2736345145906358,0.0,2.034340373390446,1177.199445194484,46.0,46.0,,0.0002855462218533179,,,,,,,2.9251077357429205,,0,1.6635275484069647,4.316129003364949,inf,-inf,-0.3498676846763027,0.21352681244210703,-0.43364771355086645,0.18220732816200594,inf,-inf,2.4225482028621106,0.16803382386599455,0.16803382386599455,0.16803382386599455,784,3.018340812235655,1.695007494667888,2.018516200003556,,,-1.4782485295674488,2.9889002763089776,0.40667902053676364,2.5945641883106663,0.41406441940724004,0.0,0.0,3.0322206747941927,3.0526792246511683,0.31943233867051257,1.839768349307951,4.13111757191565,2.24545528977581,0.35130441206096336,5910
129,47.65327898075194,-24.259179480726974,0.10525096033488258,52.465610903079366,75.96496136343922,-24.259179480726974,nan,0.02535733364954255,0.07989362668534006,48.40276487109918,-22.511555965964995,0.10146077189353131,52.99098097548929,78.98365065251701,-22.511555965964995,nan,1115.593367456451,1.2878402584379243,0.0,1.9830686226014167,866.2513538826634,46.0,46.0,,0.00028532513671337907,,,,,,,2.9251077357429205,,0,1.6635275484069647,4.316129003364949,inf,-inf,-0.35927207213386747,0.23001945515308592,-0.4267958237432744,0.20137689070288295,inf,-inf,2.4277709708112987,0.16764069711223098,0.16764069711223098,0.16764069711223098,784,3.018340812235655,1.695007494667888,2.018516200003556,,,-1.4782485295674488,2.9889002763089776,0.40667902053676364,2.5945641883106663,0.41406441940724004,0.0,0.0,3.0322206747941927,3.0526792246511683,0.31943233867051257,1.839768349307951,4.13111757191565,2.24545528977581,0.35130441206096336,5910
130,47.507679750757504,-24.45120240732688,0.10576160234249778,52.34574415523614,75.50798310100926,-24.45120240732688,nan,0.02568486557551407,0.08007673676698368,47.81811771677587,-23.49026459363325,0.10594298762288294,51.69732759368596,76.13112370445147,-23.49026459363325,nan,1429.4504845423057,1.2615817621037515,0.0,1.9122098482789058,1133.0621030527777,46.0,46.0,,0.0002851024636027775,,,,,,,2.7756477455201183,,0,1.5572040352200591,4.142065363649447,inf,-inf,-0.3450970597155755,0.22551296536196203,-0.4226832537835571,0.20739289453263038,inf,-inf,2.430694090226494,0.16741925386183737,0.16741925386183737,0.16741925386183737,784,3.0308753297368396,1.6947312207103398,2.047522166470217,,,-1.5277538198991971,2.833469377614925,0.3982294725680385,2.65993747124095,0.42487142752798496,0.0,0.0,2.8850671831803485,2.9093283102930974,0.3107743702039341,1.716535997944548,3.9903421608753984,2.3246481085474473,0.36635722127658615,5910
131,47.30479407775179,-24.274040550762226,0.10632871190393342,52.07783546479156,75.21491770368506,-24.274040550762226,nan,0.026024584947656495,0.08030412695627692,47.81811771677587,-23.49026459363325,0.10594298762288294,51.69732759368596,76.13112370445147,-23.49026459363325,nan,1251.0968433568212,1.2952823325560936,0.0,1.9897666051530047,965.8873682681386,46.0,46.0,,0.00028487820523471477,,,,,,,2.7756477455201183,,0,1.5572040352200591,4.142065363649447,inf,-inf,-0.32307120478822626,0.23701443075930573,-0.43176335654567777,0.2072992752387138,inf,-inf,2.4326935193906074,0.16743028327499299,0.16743028327499299,0.16743028327499299,784,3.0308753297368396,1.6947312207103398,2.047522166470217,,,-1.5277538198991971,2.833469377614925,0.3982294725680385,2.65993747124095,0.42487142752798496,0.0,0.0,2.8850671831803485,2.9093283102930974,0.3107743702039341,1.716535997944548,3.9903421608753984,2.3246481085474473,0.36635722127658615,5910
132,47.33543660229639,-24.505157160922135,0.10592384218909606,52.11148073330367,75.04768401686702,-24.505157160922135,nan,0.026359110974647146,0.07956473121444894,47.81811771677587,-23.49026459363325,0.10594298762288294,51.69732759368596,76.13112370445147,-23.49026459363325,nan,1301.161760738388,1.2216271326776678,0.0,1.8617326127703686,1065.105485899277,46.0,46.0,,0.0002846523643417083,,,,,,,2.7756477455201183,,0,1.5572040352200591,4.142065363649447,inf,-inf,-0.3003300618445819,0.22468873789760274,-0.42639029117880994,0.2043040031958931,inf,-inf,2.4405267280585816,0.16702387918769554,0.16702387918769554,0.16702387918769554,784,3.0308753297368396,1.6947312207103398,2.047522166470217,,,-1.5277538198991971,2.833469377614925,0.3982294725680385,2.65993747124095,0.42487142752798496,0.0,0.0,2.8850671831803485,2.9093283102930974,0.3107743702039341,1.716535997944548,3.9903421608753984,2.3246481085474473,0.36635722127658615,5910
133,47.067956371452986,-24.29887982021219,0.10601726113203824,51.92950958723736,74.8046033996102,-24.29887982021219,nan,0.02669543532786409,0.07932182580417413,47.81811771677587,-23.49026459363325,0.10594298762288294,51.69732759368596,76.13112370445147,-23.49026459363325,nan,1502.4791426326976,1.2559910322925636,0.0,1.8584447351523379,1196.2498966972867,46.0,46.0,,0.00028442494367555813,,,,,,,2.7756477455201183,,0,1.5572040352200591,4.142065363649447,inf,-inf,-0.2883258289106347,0.2205152151502976,-0.42861445337598425,0.19703321319233572,inf,-inf,2.4406904455819283,0.16696432580286563,0.16696432580286563,0.16696432580286563,784,3.0308753297368396,1.6947312207103398,2.047522166470217,,,-1.5277538198991971,2.833469377614925,0.3982294725680385,2.65993747124095,0.42487142752798496,0.0,0.0,2.8850671831803485,2.9093283102930974,0.3107743702039341,1.716535997944548,3.9903421608753984,2.3246481085474473,0.36635722127658615,5910
134,47.10380183948729,-24.526290755654603,0.10646196778390724,51.68151788434306,74.36549093595966,-24.526290755654603,nan,0.02701219612337447,0.07944977166053278,47.81811771677587,-23.49026459363325,0.10594298762288294,51.69732759368596,76.13112370445147,-23.49026459363325,nan,1265.094231571427,1.179964330152106,0.0,1.8166858238424552,1072.146165137337,46.0,46.0,,0.00028419594600731323,,,,,,,2.7756477455201183,,0,1.5572040352200591,4.142065363649447,inf,-inf,-0.2793183019789819,0.2129260893667781,-0.43189554577316214,0.18735467362082703,inf,-inf,2.4442129045110987,0.16666625051267187,0.16666625051267187,0.16666625051267187,784,3.0308753297368396,1.6947312207103398,2.047522166470217,,,-1.5277538198991971,2.833469377614925,0.3982294725680385,2.65993747124095,0.42487142752798496,0.0,0.0,2.8850671831803485,2.9093283102930974,0.3107743702039341,1.716535997944548,3.9903421608753984,2.3246481085474473,0.36635722127658615,5910
135,47.19502300970887,-24.268719760667445,0.10681034801244685,51.67668443016469,74.70979802721857,-24.268719760667445,nan,0.02734331036129722,0.07946703765114964,47.89740870074763,-22.350316010876938,0.10733753060550578,51.699902748235964,77.35433296871216,-22.350316010876938,nan,1451.2367546703608,1.172424975224717,0.0,1.8024553803717591,1237.8077790369525,46.0,46.0,,0.00028396537412723804,,,,,,,2.6329016899721656,,0,1.4583690541776189,3.9092500260006546,inf,-inf,-0.263218738640431,0.2169858961724485,-0.4295689881446792,0.1803691855974604,inf,-inf,2.446137350791552,0.1663539027007215,0.1663539027007215,0.1663539027007215,784,3.0273789906270094,1.6910219286949846,2.053109261305656,,,-1.5776608232787765,2.688120333811849,0.3889239883046188,2.680562930763159,0.4282260074808796,0.0,0.0,2.7450784203307728,2.767684309585661,0.30243376381019005,1.6030405214808832,3.80027574404664,2.3706672994990536,0.37487060917426246,5910
136,47.03560692396607,-24.34540519581308,0.10713122754370243,51.72852363277025,74.52585658846695,-24.34540519581308,nan,0.02766156847030669,0.07946965907339572,47.89740870074763,-22.350316010876938,0.10733753060550578,51.699902748235964,77.35433296871216,-22.350316010876938,nan,1984.3022457164577,1.1641226972301448,0.0,1.6481107121054965,1704.547338899763,46.0,46.0,,0.00028373323084477807,,,,,,,2.6329016899721656,,0,1.4583690541776189,3.9092500260006546,inf,-inf,-0.257133583973175,0.20355831657971013,-0.42960713023287733,0.17463405002369034,inf,-inf,2.4488143316750306,0.16609739878655827,0.16609739878655827,0.16609739878655827,784,3.0273789906270094,1.6910219286949846,2.053109261305656,,,-1.5776608232787765,2.688120333811849,0.3889239883046188,2.680562930763159,0.4282260074808796,0.0,0.0,2.7450784203307728,2.767684309585661,0.30243376381019005,1.6030405214808832,3.80027574404664,2.3706672994990536,0.37487060917426246,5910
137,47.08428919653882,-24.610986983986763,0.10753548726677745,51.66501938601937,74.2458570858382,-24.610986983986763,nan,0.027966964825135686,0.07956852244164174,47.89740870074763,-22.350316010876938,0.10733753060550578,51.699902748235964,77.35433296871216,-22.350316010876938,nan,1656.076276632907,1.0964799350562264,0.0,1.6154498685344094,1510.357119802639,46.0,46.0,,0.00028349951898852603,,,,,,,2.6329016899721656,,0,1.4583690541776189,3.9092500260006546,inf,-inf,-0.2513704536210626,0.20396208839641347,-0.42648965415272067,0.16753517329088508,inf,-inf,2.45122329198274,0.16581375214164892,0.16581375214164892,0.16581375214164892,784,3.0273789906270094,1.6910219286949846,2.053109261305656,,,-1.5776608232787765,2.688120333811849,0.3889239883046188,2.680562930763159,0.4282260074808796,0.0,0.0,2.7450784203307728,2.767684309585661,0.30243376381019005,1.6030405214808832,3.80027574404664,2.3706672994990536,0.37487060917426246,5910
138,46.8700958228627,-24.581134786233445,0.10769481987407711,51.40043125417015,73.79708711067349,-24.581134786233445,nan,0.028258086925754756,0.07943673294832233,47.89740870074763,-22.350316010876938,0.10733753060550578,51.699902748235964,77.35433296871216,-22.350316010876938,nan,1442.3571440545848,1.1106002074179298,0.0,1.4763923607037142,1298.7185977643273,46.0,46.0,,0.00028326424140618706,,,,,,,2.6329016899721656,,0,1.4583690541776189,3.9092500260006546,inf,-inf,-0.24677600502360675,0.20309150263908654,-0.42830126427234655,0.1627819242946274,inf,-inf,2.456422330150863,0.16527786352232746,0.16527786352232746,0.16527786352232746,784,3.0273789906270094,1.6910219286949846,2.053109261305656,,,-1.5776608232787765,2.688120333811849,0.3889239883046188,2.680562930763159,0.4282260074808796,0.0,0.0,2.7450784203307728,2.767684309585661,0.30243376381019005,1.6030405214808832,3.80027574404664,2.3706672994990536,0.37487060917426246,5910
139,46.985098667177425,-24.465012981432686,0.10868034228478304,51.44749490923497,74.0762609372645,-24.465012981432686,nan,0.028554855198149907,0.0801254870866331,47.89740870074763,-22.350316010876938,0.10733753060550578,51.699902748235964,77.35433296871216,-22.350316010876938,nan,1784.397701134358,1.1385717637597967,0.0,1.5941650821367497,1567.2246211709237,46.0,46.0,,0.0002830274009645443,,,,,,,2.6329016899721656,,0,1.4583690541776189,3.9092500260006546,inf,-inf,-0.2412517604737469,0.1835411515259586,-0.4386681401893131,0.16205163234168501,inf,-inf,2.456749050555817,0.16517472498121286,0.16517472498121286,0.16517472498121286,784,3.0273789906270094,1.6910219286949846,2.053109261305656,,,-1.5776608232787765,2.688120333811849,0.3889239883046188,2.680562930763159,0.4282260074808796,0.0,0.0,2.7450784203307728,2.767684309585661,0.30243376381019005,1.6030405214808832,3.80027574404664,2.3706672994990536,0.37487060917426246,5910
140,46.83252773295711,-24.60886935878432,0.10933501126312964,51.29631353462226,73.62930692005818,-24.60886935878432,nan,0.028844728157620715,0.0804902831055089,47.03330097345206,-23.86582351131595,0.10933139179009799,50.68274616408103,73.95955501800724,-23.86582351131595,nan,1420.866736769701,1.144883710261891,0.0,1.378003556636209,1241.0576934880828,46.0,46.0,,0.00028278900054942377,,,,,,,2.515646651908475,,0,1.377705786422813,3.706603213162794,inf,-inf,-0.23475976433009688,0.19274648670005154,-0.43517418245006256,0.15440743564042916,inf,-inf,2.4629388915183847,0.16464211623079358,0.16464211623079358,0.16464211623079358,784,3.033185369890262,1.6895992001212574,2.062992279465586,,,-1.620964286377062,2.570407271931768,0.3813838751795592,2.690417104791959,0.42981961541762126,0.0,0.0,2.628810075687072,2.6497730943180735,0.29538545951750333,1.509178547304803,3.6171945233702942,2.3967969395205984,0.3796312414674012,5910
141,46.939299966277055,-24.710788156951367,0.1090521910173967,51.461162253802,73.7987262541451,-24.710788156951367,nan,0.029109962737391276,0.07994222828000547,47.03330097345206,-23.86582351131595,0.10933139179009799,50.68274616408103,73.95955501800724,-23.86582351131595,nan,1331.2540308856971,1.0700072496079371,0.0,1.4444850668589502,1244.154216126558,46.0,46.0,,0.00028254904306565927,,,,,,,2.515646651908475,,0,1.377705786422813,3.706603213162794,inf,-inf,-0.2354494656114774,0.17652447566749302,-0.432007007262548,0.15381155726682263,inf,-inf,2.467452058232015,0.16426432082034112,0.16426432082034112,0.16426432082034112,784,3.033185369890262,1.6895992001212574,2.062992279465586,,,-1.620964286377062,2.570407271931768,0.3813838751795592,2.690417104791959,0.42981961541762126,0.0,0.0,2.628810075687072,2.6497730943180735,0.29538545951750333,1.509178547304803,3.6171945233702942,2.3967969395205984,0.3796312414674012,5910
142,46.81548591864677,-24.729168682644648,0.10920705564707149,51.316386798372825,73.51191109002202,-24.729168682644648,nan,0.02939596951795747,0.07981108612911404,47.03330097345206,-23.86582351131595,0.10933139179009799,50.68274616408103,73.95955501800724,-23.86582351131595,nan,1246.4856582486852,1.0850642540259308,0.0,1.4061471416263966,1148.7666777555617,46.0,46.0,,0.00028230753143705705,,,,,,,2.515646651908475,,0,1.377705786422813,3.706603213162794,inf,-inf,-0.22864452865547907,0.17946689477159417,-0.43760946912854426,0.1502763928778232,inf,-inf,2.469357086822554,0.16416925549598102,0.16416925549598102,0.16416925549598102,784,3.033185369890262,1.6895992001212574,2.062992279465586,,,-1.620964286377062,2.570407271931768,0.3813838751795592,2.690417104791959,0.42981961541762126,0.0,0.0,2.628810075687072,2.6497730943180735,0.29538545951750333,1.509178547304803,3.6171945233702942,2.3967969395205984,0.3796312414674012,5910
143,46.52199248373038,-24.44848198976174,0.11009799493504413,51.003767970816064,73.18737645971974,-24.44848198976174,nan,0.029680477577142584,0.08041751735790156,47.03330097345206,-23.86582351131595,0.10933139179009799,50.68274616408103,73.95955501800724,-23.86582351131595,nan,1426.1579273810378,1.0960376419936988,0.0,1.3648596318369521,1301.1942954685828,46.0,46.0,,0.0002820644686063601,,,,,,,2.515646651908475,,0,1.377705786422813,3.706603213162794,inf,-inf,-0.2273353516203463,0.18596246010539216,-0.4426012507824578,0.14982313307612183,inf,-inf,2.4717469956988545,0.16394070155730164,0.16394070155730164,0.16394070155730164,784,3.033185369890262,1.6895992001212574,2.062992279465586,,,-1.620964286377062,2.570407271931768,0.3813838751795592,2.690417104791959,0.42981961541762126,0.0,0.0,2.628810075687072,2.6497730943180735,0.29538545951750333,1.509178547304803,3.6171945233702942,2.3967969395205984,0.3796312414674012,5910
144,46.89310122090753,-24.55479877801736,0.11062396031778214,51.33455753117528,73.78348393438323,-24.55479877801736,nan,0.029963824714567787,0.08066013560321435,47.03330097345206,-23.86582351131595,0.10933139179009799,50.68274616408103,73.95955501800724,-23.86582351131595,nan,2017.4793319967744,1.113380161447106,0.0,1.3846465365204303,1812.0309682674547,46.0,46.0,,0.0002818198575352123,,,,,,,2.515646651908475,,0,1.377705786422813,3.706603213162794,inf,-inf,-0.21672706617938545,0.1743870070950278,-0.4331815854684953,0.14282906590885217,inf,-inf,2.4757368623736764,0.16362669523754297,0.16362669523754297,0.16362669523754297,784,3.033185369890262,1.6895992001212574,2.062992279465586,,,-1.620964286377062,2.570407271931768,0.3813838751795592,2.690417104791959,0.42981961541762126,0.0,0.0,2.628810075687072,2.6497730943180735,0.29538545951750333,1.509178547304803,3.6171945233702942,2.3967969395205984,0.3796312414674012,5910
145,46.79661208477064,-24.712944724703636,0.1106968747652657,51.18880317778216,73.38316741261444,-24.712944724703636,nan,0.030250062387073864,0.0804468123781918,46.72163308794511,-24.73049834256091,0.11054061086963991,50.33255252531714,72.43422788157098,-24.73049834256091,nan,1886.2320394795888,1.104432327416292,0.0,1.3330188696220953,1707.874708713243,46.0,46.0,,0.0002815737012041223,,,,,,,2.4102156342361223,,0,1.307165494830679,3.528581735774197,inf,-inf,-0.21529548899094278,0.17029506030201208,-0.42742011387402923,0.14133397308931184,inf,-inf,2.475278921718435,0.16369633841425787,0.16369633841425787,0.16369633841425787,784,3.03238576053347,1.6862389501112436,2.0711093904070808,,,-1.661692851001857,2.460362642792093,0.3746732737163337,2.699414687526819,0.43126960655376595,0.0,0.0,2.5234077691864645,2.543087104385691,0.2890029721000759,1.4253999806637598,3.454472323184235,2.423510853126016,0.38444496894930247,5910
146,46.54425065059007,-25.058572699707486,0.11023036802192825,51.15435295180486,72.75026127070937,-25.058572699707486,nan,0.03052575925181965,0.07970460877010858,46.72163308794511,-24.73049834256091,0.11054061086963991,50.33255252531714,72.43422788157098,-24.73049834256091,nan,1209.133965836612,1.0421650730935064,0.0,1.1660631484319395,1160.2134796625685,46.0,46.0,,0.00028132600261242735,,,,,,,2.4102156342361223,,0,1.307165494830679,3.528581735774197,inf,-inf,-0.21351744650563595,0.16573158360725043,-0.43788339108418856,0.13808082645215308,inf,-inf,2.478586997995817,0.16339165189811686,0.16339165189811686,0.16339165189811686,784,3.03238576053347,1.6862389501112436,2.0711093904070808,,,-1.661692851001857,2.460362642792093,0.3746732737163337,2.699414687526819,0.43126960655376595,0.0,0.0,2.5234077691864645,2.543087104385691,0.2890029721000759,1.4253999806637598,3.454472323184235,2.423510853126016,0.38444496894930247,5910
147,46.64955255499569,-24.659731379579927,0.11043870851720032,51.106313906776805,73.20657379070977,-24.659731379579927,nan,0.030787695428227183,0.07965101308897311,46.72163308794511,-24.73049834256091,0.11054061086963991,50.33255252531714,72.43422788157098,-24.73049834256091,nan,1648.2252229424535,1.081494677700808,0.0,1.3130705775691158,1524.0252743975402,46.0,46.0,,0.0002810767647782567,,,,,,,2.4102156342361223,,0,1.307165494830679,3.528581735774197,inf,-inf,-0.21037032994368224,0.16296717271950992,-0.4320570792675106,0.13685921433960269,inf,-inf,2.478584689910009,0.16342163103925542,0.16342163103925542,0.16342163103925542,784,3.03238576053347,1.6862389501112436,2.0711093904070808,,,-1.661692851001857,2.460362642792093,0.3746732737163337,2.699414687526819,0.43126960655376595,0.0,0.0,2.5234077691864645,2.543087104385691,0.2890029721000759,1.4253999806637598,3.454472323184235,2.423510853126016,0.38444496894930247,5910
148,46.427762104723975,-24.846578840675253,0.11114453387866964,51.02116755420725,72.71349535213464,-24.846578840675253,nan,0.031064775377911906,0.08007975850075771,46.72163308794511,-24.73049834256091,0.11054061086963991,50.33255252531714,72.43422788157098,-24.73049834256091,nan,1473.4158397728993,1.0919579855297694,0.0,1.2112999885572635,1349.3338198887418,46.0,46.0,,0.00028082599073849456,,,,,,,2.4102156342361223,,0,1.307165494830679,3.528581735774197,inf,-inf,-0.2054402637503614,0.17325367013597376,-0.4409448321196527,0.13632440924150505,inf,-inf,2.4818983864392026,0.16317653639346352,0.16317653639346352,0.16317653639346352,784,3.03238576053347,1.6862389501112436,2.0711093904070808,,,-1.661692851001857,2.460362642792093,0.3746732737163337,2.699414687526819,0.43126960655376595,0.0,0.0,2.5234077691864645,2.543087104385691,0.2890029721000759,1.4253999806637598,3.454472323184235,2.423510853126016,0.38444496894930247,5910
149,46.56382040513197,-25.01291183802904,0.11074988950174823,51.180676264022956,72.84233472062763,-25.01291183802904,nan,0.03133999874958944,0.07940989075215882,46.72163308794511,-24.73049834256091,0.11054061086963991,50.33255252531714,72.43422788157098,-24.73049834256091,nan,1578.0643069250468,1.0287389959965763,0.0,1.138229412137596,1533.9792824673857,46.0,46.0,,0.0002805736835487436,,,,,,,2.4102156342361223,,0,1.307165494830679,3.528581735774197,inf,-inf,-0.2039853244906534,0.15504497588119573,-0.4274313326014404,0.13264957677716233,inf,-inf,2.4850093878250115,0.16296683171861828,0.16296683171861828,0.16296683171861828,784,3.03238576053347,1.6862389501112436,2.0711093904070808,,,-1.661692851001857,2.460362642792093,0.3746732737163337,2.699414687526819,0.43126960655376595,0.0,0.0,2.5234077691864645,2.543087104385691,0.2890029721000759,1.4253999806637598,3.454472323184235,2.423510853126016,0.38444496894930247,5910
150,46.431555011635766,-24.89441574673757,0.1108892222118283,50.930150854120896,72.57817934123092,-24.89441574673757,nan,0.03160617170946919,0.07928305050235913,46.7710204330794,-23.554123132367238,0.11112247662013067,50.47814721370861,73.8061669910409,-23.554123132367238,nan,1467.0329942949118,1.0408365095263137,0.0,1.2327683220362655,1409.4749567946658,46.0,46.0,,0.00028031984628328717,,,,,,,2.3164686209276586,,0,1.2449098536506753,3.3751933193724803,inf,-inf,-0.19861882011853663,0.16552169766892616,-0.43797525161651446,0.13221724319895523,inf,-inf,2.486150922985931,0.16298676685310529,0.16298676685310529,0.16298676685310529,784,3.0299312123923907,1.68257703204062,2.0766183082035266,,,-1.6996184578172462,2.364308822773142,0.369394037710295,2.7111949587954403,0.43316074830152684,0.0,0.0,2.430254559403526,2.4501598145509353,0.28424693162221715,1.3513366118885357,3.351178221598624,2.47989893274278,0.3944339816945553,5910
151,46.34831693601986,-24.814240093973265,0.11137682400802582,50.919060483247115,72.56451414930174,-24.814240093973265,nan,0.03189118716580643,0.07948563684221938,46.7710204330794,-23.554123132367238,0.11112247662013067,50.47814721370861,73.8061669910409,-23.554123132367238,nan,1734.344734887613,1.0442835933379693,0.0,1.245848971495283,1660.798604853992,46.0,46.0,,0.0002800644820350523,,,,,,,2.3164686209276586,,0,1.2449098536506753,3.3751933193724803,inf,-inf,-0.19451248835808171,0.15914387033295244,-0.43731159209437476,0.13014216382326976,inf,-inf,2.487104932040368,0.16280352529546516,0.16280352529546516,0.16280352529546516,784,3.0299312123923907,1.68257703204062,2.0766183082035266,,,-1.6996184578172462,2.364308822773142,0.369394037710295,2.7111949587954403,0.43316074830152684,0.0,0.0,2.430254559403526,2.4501598145509353,0.28424693162221715,1.3513366118885357,3.351178221598624,2.47989893274278,0.3944339816945553,5910
152,46.46525546874483,-25.00790703191036,0.11150832359136793,50.98599190820056,72.55484866862639,-25.00790703191036,nan,0.0321735903108608,0.07933473328050714,46.7710204330794,-23.554123132367238,0.11112247662013067,50.47814721370861,73.8061669910409,-23.554123132367238,nan,1634.4536948243097,0.9951107462427361,0.0,1.1141846691758892,1642.4842169532951,46.0,46.0,,0.0002798075939155718,,,,,,,2.3164686209276586,,0,1.2449098536506753,3.3751933193724803,inf,-inf,-0.1947221021258703,0.15370499289552883,-0.42951760498210206,0.12831476449871546,inf,-inf,2.4886434399009447,0.16278658040472263,0.16278658040472263,0.16278658040472263,784,3.0299312123923907,1.68257703204062,2.0766183082035266,,,-1.6996184578172462,2.364308822773142,0.369394037710295,2.7111949587954403,0.43316074830152684,0.0,0.0,2.430254559403526,2.4501598145509353,0.28424693162221715,1.3513366118885357,3.351178221598624,2.47989893274278,0.3944339816945553,5910
153,46.41527144446867,-25.008234331213004,0.11150317488959934,50.81733437695564,72.3358746651009,-25.008234331213004,nan,0.03243858150592876,0.07906459338367054,46.7710204330794,-23.554123132367238,0.11112247662013067,50.47814721370861,73.8061669910409,-23.554123132367238,nan,1683.3572915482664,0.9902518726051934,0.0,1.182788734126326,1699.9284102534682,46.0,46.0,,0.00027954918505494633,,,,,,,2.3164686209276586,,0,1.2449098536506753,3.3751933193724803,inf,-inf,-0.1936431432375248,0.15829938466680638,-0.4342346557853249,0.12744347338109613,inf,-inf,2.4915151551012107,0.16262972718542465,0.16262972718542465,0.16262972718542465,784,3.0299312123923907,1.68257703204062,2.0766183082035266,,,-1.6996184578172462,2.364308822773142,0.369394037710295,2.7111949587954403,0.43316074830152684,0.0,0.0,2.430254559403526,2.4501598145509353,0.28424693162221715,1.3513366118885357,3.351178221598624,2.47989893274278,0.3944339816945553,5910
154,46.32064176084932,-24.857506080011262,0.11267181265142683,50.725182990377164,72.30099048386666,-24.857506080011262,nan,0.03273559778098124,0.07993621487044558,46.7710204330794,-23.554123132367238,0.11112247662013067,50.47814721370861,73.8061669910409,-23.554123132367238,nan,1600.1647435376515,1.0059824406068054,0.0,1.2427024592625082,1590.6487816749934,46.0,46.0,,0.00027928925860180626,,,,,,,2.3164686209276586,,0,1.2449098536506753,3.3751933193724803,inf,-inf,-0.187095974257885,0.16128335738887334,-0.4390739662840736,0.12469574838123541,inf,-inf,2.4964950120146314,0.16235440080103558,0.16235440080103558,0.16235440080103558,784,3.0299312123923907,1.68257703204062,2.0766183082035266,,,-1.6996184578172462,2.364308822773142,0.369394037710295,2.7111949587954403,0.43316074830152684,0.0,0.0,2.430254559403526,2.4501598145509353,0.28424693162221715,1.3513366118885357,3.351178221598624,2.47989893274278,0.3944339816945553,5910
155,46.245460473187784,-25.02162949008709,0.11351981938091422,50.7076067625798,72.04495756506141,-25.02162949008709,nan,0.03302754194058694,0.08049227744032728,46.887205625566295,-25.174909737864738,0.11330158117584645,50.34901688683797,72.17461435571538,-25.174909737864738,nan,1386.9613772109565,1.0271155505580614,0.0,1.1141535344308964,1350.3460019248862,46.0,46.0,,0.0002790278177232734,,,,,,,2.2237708934639207,,0,1.1848398021090212,3.24762572458515,inf,-inf,-0.18136985988131873,0.1512636751647679,-0.4327282548580193,0.12415213318483691,inf,-inf,2.4998174419805745,0.16217301570369325,0.16217301570369325,0.16217301570369325,784,3.0344135782221433,1.6809797607586792,2.088708808739233,,,-1.738949510096208,2.269916939896457,0.3638121126286464,2.7409829740732534,0.4379063378784256,0.0,0.0,2.338006842709144,2.3587568518513518,0.2800577617790266,1.278772170345581,3.24762572458515,2.5396437300535695,0.4047727965711004,5910
156,46.28490677520562,-25.04075996536456,0.1132935194864605,50.733046648668534,72.09048697799605,-25.04075996536456,nan,0.03329973178364711,0.07999378770281333,46.887205625566295,-25.174909737864738,0.11330158117584645,50.34901688683797,72.17461435571538,-25.174909737864738,nan,1438.0884900196324,0.9681485149336181,0.0,1.1282964561698139,1485.4007085041453,46.0,46.0,,0.0002787648656049224,,,,,,,2.2237708934639207,,0,1.1848398021090212,3.24762572458515,inf,-inf,-0.1863597152954749,0.14650110998146526,-0.4330143162067133,0.12308574888844814,inf,-inf,2.5045284898867464,0.161927229087044,0.161927229087044,0.161927229087044,784,3.0344135782221433,1.6809797607586792,2.088708808739233,,,-1.738949510096208,2.269916939896457,0.3638121126286464,2.7409829740732534,0.4379063378784256,0.0,0.0,2.338006842709144,2.3587568518513518,0.2800577617790266,1.278772170345581,3.24762572458515,2.5396437300535695,0.4047727965711004,5910
157,46.198642037461624,-25.047503148239567,0.11360230266515497,50.62265514569678,71.887396337584,-25.047503148239567,nan,0.033574017227654844,0.08002828543750015,46.887205625566295,-25.174909737864738,0.11330158117584645,50.34901688683797,72.17461435571538,-25.174909737864738,nan,1249.6722448443104,0.9709394754070272,0.0,1.009112612658954,1287.0753290985886,46.0,46.0,,0.0002785004054507418,,,,,,,2.2237708934639207,,0,1.1848398021090212,3.24762572458515,inf,-inf,-0.1823847335797801,0.14628145139312243,-0.4419299148684734,0.11926982585584162,inf,-inf,2.5095346896953417,0.16161125481219676,0.16161125481219676,0.16161125481219676,784,3.0344135782221433,1.6809797607586792,2.088708808739233,,,-1.738949510096208,2.269916939896457,0.3638121126286464,2.7409829740732534,0.4379063378784256,0.0,0.0,2.338006842709144,2.3587568518513518,0.2800577617790266,1.278772170345581,3.24762572458515,2.5396437300535695,0.4047727965711004,5910
158,46.13621434129105,-24.96504320454896,0.11389838661569299,50.5500848354759,71.83515435883368,-24.96504320454896,nan,0.033845156205940995,0.08005323040975205,46.887205625566295,-25.174909737864738,0.11330158117584645,50.34901688683797,72.17461435571538,-25.174909737864738,nan,1457.5386139294037,1.0102298191563381,0.0,1.0830485920495623,1442.7792431890612,46.0,46.0,,0.0002782344404830952,,,,,,,2.2237708934639207,,0,1.1848398021090212,3.24762572458515,inf,-inf,-0.18615336206280983,0.1354971975101063,-0.4432624973510407,0.11964201143972455,inf,-inf,2.5149994055652862,0.16138858099181233,0.16138858099181233,0.16138858099181233,784,3.0344135782221433,1.6809797607586792,2.088708808739233,,,-1.738949510096208,2.269916939896457,0.3638121126286464,2.7409829740732534,0.4379063378784256,0.0,0.0,2.338006842709144,2.3587568518513518,0.2800577617790266,1.278772170345581,3.24762572458515,2.5396437300535695,0.4047727965711004,5910
159,46.178772931004076,-25.08428303433161,0.11418623347528438,50.63023066748653,71.83890679763428,-25.08428303433161,nan,0.03411649966433419,0.08006973381095021,46.887205625566295,-25.174909737864738,0.11330158117584645,50.34901688683797,72.17461435571538,-25.174909737864738,nan,1516.4141670293627,0.9795162005283327,0.0,1.0203304652520437,1548.1256626602371,46.0,46.0,,0.00027796697394268165,,,,,,,2.2237708934639207,,0,1.1848398021090212,3.24762572458515,inf,-inf,-0.19092210881699515,0.13663549568391328,-0.4311106225136111,0.11664080356993717,inf,-inf,2.516921479579055,0.1612627648592642,0.1612627648592642,0.1612627648592642,784,3.0344135782221433,1.6809797607586792,2.088708808739233,,,-1.738949510096208,2.269916939896457,0.3638121126286464,2.7409829740732534,0.4379063378784256,0.0,0.0,2.338006842709144,2.3587568518513518,0.2800577617790266,1.278772170345581,3.24762572458515,2.5396437300535695,0.4047727965711004,5910
160,46.13029589586311,-25.12629534469843,0.11368767101311661,50.556881195397665,71.67456941757546,-25.12629534469843,nan,0.0343895772423833,0.07929809377073335,45.916504187607686,-25.212814121597887,0.11391818296877715,49.716249061762575,70.53385731074115,-25.212814121597887,nan,1711.878341655925,0.9616382721865814,0.0,0.9710317022564076,1780.1686883399943,46.0,46.0,,0.0002776980090884967,,,,,,,2.1408873716587986,,0,1.1321972707371413,3.150866628535968,inf,-inf,-0.18155873539605608,0.1378212646403414,-0.4339199681262168,0.11570070461001616,inf,-inf,2.5196193799284776,0.16125086760253507,0.16125086760253507,0.16125086760253507,784,3.0409006549960504,1.6799833624253893,2.1007551232800754,,,-1.7757163583588553,2.1852745399329274,0.3592187827914127,2.782966104912555,0.4445079168841385,0.0,0.0,2.255328495964026,2.2718887852528407,0.2764371718838035,1.2164092685630539,3.150866628535968,2.590301397701525,0.4133502998893947,5910
161,46.11159709467643,-24.98170942381383,0.11382748704411964,50.473237003942906,71.71695216184963,-24.98170942381383,nan,0.03463877233776862,0.07918871470635101,45.916504187607686,-25.212814121597887,0.11391818296877715,49.716249061762575,70.53385731074115,-25.212814121597887,nan,1566.664076524857,1.0025536637135732,0.0,1.0216620192671055,1562.673533825366,46.0,46.0,,0.00027742754919779213,,,,,,,2.1408873716587986,,0,1.1321972707371413,3.150866628535968,inf,-inf,-0.19105217923920426,0.14240175150487894,-0.4370933315953962,0.11777667920139727,inf,-inf,2.5253496664281294,0.16098499073805664,0.16098499073805664,0.16098499073805664,784,3.0409006549960504,1.6799833624253893,2.1007551232800754,,,-1.7757163583588553,2.1852745399329274,0.3592187827914127,2.782966104912555,0.4445079168841385,0.0,0.0,2.255328495964026,2.2718887852528407,0.2764371718838035,1.2164092685630539,3.150866628535968,2.590301397701525,0.4133502998893947,5910
162,46.024924926628806,-25.048194101172143,0.11475146938415585,50.4603622192672,71.55184451410803,-25.048194101172143,nan,0.034929491050756795,0.07982197833339909,45.916504187607686,-25.212814121597887,0.11391818296877715,49.716249061762575,70.53385731074115,-25.212814121597887,nan,1500.6489930197097,0.9814983366684421,0.0,0.9789194966809455,1528.9368682105478,46.0,46.0,,0.0002771555975660363,,,,,,,2.1408873716587986,,0,1.1321972707371413,3.150866628535968,inf,-inf,-0.19212292065430897,0.12989608042333353,-0.4391188173308613,0.11372422726692398,inf,-inf,2.5301213632101858,0.16087143007932764,0.16087143007932764,0.16087143007932764,784,3.0409006549960504,1.6799833624253893,2.1007551232800754,,,-1.7757163583588553,2.1852745399329274,0.3592187827914127,2.782966104912555,0.4445079168841385,0.0,0.0,2.255328495964026,2.2718887852528407,0.2764371718838035,1.2164092685630539,3.150866628535968,2.590301397701525,0.4133502998893947,5910
163,45.922943063098,-25.161552790662228,0.11478473978633703,50.38041884801178,71.25659386023389,-25.161552790662228,nan,0.0352034842915348,0.07958125549480222,45.916504187607686,-25.212814121597887,0.11391818296877715,49.716249061762575,70.53385731074115,-25.212814121597887,nan,1607.3513672625163,0.9324663200404533,0.0,0.9105944287520306,1723.763456885804,46.0,46.0,,0.0002768821575068742,,,,,,,2.1408873716587986,,0,1.1321972707371413,3.150866628535968,inf,-inf,-0.18397081601148532,0.12746242420275095,-0.43942318016619847,0.11170209120811742,inf,-inf,2.5344718366631898,0.16057222592945114,0.16057222592945114,0.16057222592945114,784,3.0409006549960504,1.6799833624253893,2.1007551232800754,,,-1.7757163583588553,2.1852745399329274,0.3592187827914127,2.782966104912555,0.4445079168841385,0.0,0.0,2.255328495964026,2.2718887852528407,0.2764371718838035,1.2164092685630539,3.150866628535968,2.590301397701525,0.4133502998893947,5910
164,46.067267912080574,-25.218146694985922,0.11395111596249287,50.44675597788909,71.40982831094624,-25.218146694985922,nan,0.035456365399722564,0.07849475056277029,45.916504187607686,-25.212814121597887,0.11391818296877715,49.716249061762575,70.53385731074115,-25.212814121597887,nan,1521.0519034755018,0.9294280975985398,0.0,0.8963244301099544,1636.5460732310569,46.0,46.0,,0.0002766072323520864,,,,,,,2.1408873716587986,,0,1.1321972707371413,3.150866628535968,inf,-inf,-0.19082646952855647,0.12816217266542163,-0.4420158085534722,0.11170031071131047,inf,-inf,2.538148868561427,0.16052189180971388,0.16052189180971388,0.16052189180971388,784,3.0409006549960504,1.6799833624253893,2.1007551232800754,,,-1.7757163583588553,2.1852745399329274,0.3592187827914127,2.782966104912555,0.4445079168841385,0.0,0.0,2.255328495964026,2.2718887852528407,0.2764371718838035,1.2164092685630539,3.150866628535968,2.590301397701525,0.4133502998893947,5910
165,46.004679849449154,-25.229223651880588,0.11460663065028202,50.11103746912838,71.00110029734722,-25.229223651880588,nan,0.035712420052566876,0.07889421059771515,46.251166462823264,-25.5019016256743,0.11535763863884857,49.60749476190586,70.47211723769368,-25.5019016256743,nan,1426.4720655648312,0.9343316838735337,0.0,0.9708328033085027,1526.7298435722437,46.0,46.0,,0.0002763308254515493,,,,,,,2.0639351436721225,,0,1.0830714272139024,3.048867019903168,inf,-inf,-0.1879390596648303,0.13114791723067173,-0.4391043219055917,0.1101695727687224,inf,-inf,2.542101904336139,0.1604772981196919,0.1604772981196919,0.1604772981196919,784,3.048852942675283,1.679184989875331,2.116722086686507,,,-1.811286442240221,2.108265205266851,0.3551691323211864,2.8150193452578534,0.4494813837379399,0.0,0.0,2.178544936362966,2.1952419960229816,0.27316271356441,1.1601117445677882,3.048867019903168,2.6280804708507244,0.4196386590275339,5910
166,45.82085928902848,-25.144861764008652,0.11606918433120954,50.09109382542043,70.88316053477146,-25.144861764008652,nan,0.03600147504617047,0.08006770928503908,46.251166462823264,-25.5019016256743,0.11535763863884857,49.60749476190586,70.47211723769368,-25.5019016256743,nan,1201.1984157553156,0.9524485298362755,0.0,1.0109117821868452,1261.168848632482,46.0,46.0,,0.00027605294017319385,,,,,,,2.0639351436721225,,0,1.0830714272139024,3.048867019903168,inf,-inf,-0.19109536700818863,0.13000799965024493,-0.44507430921638114,0.11281383621700891,inf,-inf,2.547196291243849,0.16012581672272036,0.16012581672272036,0.16012581672272036,784,3.048852942675283,1.679184989875331,2.116722086686507,,,-1.811286442240221,2.108265205266851,0.3551691323211864,2.8150193452578534,0.4494813837379399,0.0,0.0,2.178544936362966,2.1952419960229816,0.27316271356441,1.1601117445677882,3.048867019903168,2.6280804708507244,0.4196386590275339,5910
167,45.79906183982131,-24.88867663583293,0.11690020927137032,49.89000379330401,70.91728920656377,-24.88867663583293,nan,0.03630333807441333,0.08059687119695702,46.251166462823264,-25.5019016256743,0.11535763863884857,49.60749476190586,70.47211723769368,-25.5019016256743,nan,1386.0011158961297,1.0022727905356552,0.0,1.0437567265811076,1382.858168937615,46.0,46.0,,0.00027577357990296434,,,,,,,2.0639351436721225,,0,1.0830714272139024,3.048867019903168,inf,-inf,-0.1903509177479165,0.12561099883210994,-0.452643912289222,0.11234530665594139,inf,-inf,2.5513453469044776,0.1598832864247566,0.1598832864247566,0.1598832864247566,784,3.048852942675283,1.679184989875331,2.116722086686507,,,-1.811286442240221,2.108265205266851,0.3551691323211864,2.8150193452578534,0.4494813837379399,0.0,0.0,2.178544936362966,2.1952419960229816,0.27316271356441,1.1601117445677882,3.048867019903168,2.6280804708507244,0.4196386590275339,5910
168,46.00097998394186,-25.132463134590772,0.1169883891600696,50.28530027352614,71.2708055120373,-25.132463134590772,nan,0.03660352035189566,0.08038486880817391,46.251166462823264,-25.5019016256743,0.11535763863884857,49.60749476190586,70.47211723769368,-25.5019016256743,nan,1564.252382456215,0.9262409324402223,0.0,0.8569555336674209,1688.818025278934,46.0,46.0,,0.0002754927480447775,,,,,,,2.0639351436721225,,0,1.0830714272139024,3.048867019903168,inf,-inf,-0.19185013757503533,0.12379920571287137,-0.4439872179469333,0.10623743989956094,inf,-inf,2.5554249467329315,0.15967862732759946,0.15967862732759946,0.15967862732759946,784,3.048852942675283,1.679184989875331,2.116722086686507,,,-1.811286442240221,2.108265205266851,0.3551691323211864,2.8150193452578534,0.4494813837379399,0.0,0.0,2.178544936362966,2.1952419960229816,0.27316271356441,1.1601117445677882,3.048867019903168,2.6280804708507244,0.4196386590275339,5910
169,45.78250460309335,-25.140397976832524,0.11750521471286988,49.9388122225367,70.6984240635104,-25.140397976832524,nan,0.0368793696899393,0.08062584502293058,46.251166462823264,-25.5019016256743,0.11535763863884857,49.60749476190586,70.47211723769368,-25.5019016256743,nan,1276.7828011693512,0.9284874049147606,0.0,0.9664153038008764,1375.1212934186929,46.0,46.0,,0.000275210448020481,,,,,,,2.0639351436721225,,0,1.0830714272139024,3.048867019903168,inf,-inf,-0.18929982501028958,0.11768244682411819,-0.44006116181494725,0.10870472130005729,inf,-inf,2.5618144986508065,0.15936517989258334,0.15936517989258334,0.15936517989258334,784,3.048852942675283,1.679184989875331,2.116722086686507,,,-1.811286442240221,2.108265205266851,0.3551691323211864,2.8150193452578534,0.4494813837379399,0.0,0.0,2.178544936362966,2.1952419960229816,0.27316271356441,1.1601117445677882,3.048867019903168,2.6280804708507244,0.4196386590275339,5910
170,45.78336594376911,-25.0980848990419,0.11817264785528084,49.73250493818146,70.53595863076396,-25.0980848990419,nan,0.03715573645346475,0.08101691140181609,45.590554473948416,-26.12581767760156,0.11831650221232931,48.92606869579363,68.50912199435282,-26.12581767760156,nan,1161.5521785714297,0.936430622110091,0.0,0.9072623490167482,1240.4038816608374,46.0,46.0,,0.0002749266832698114,,,,,,,1.985021963222495,,0,1.0334274013703604,2.9504519595031367,inf,-inf,-0.1919112817956306,0.1200698441879963,-0.4509394669013084,0.1078404347696175,inf,-inf,2.567383793018446,0.1590851137366469,0.1590851137366469,0.1590851137366469,784,3.0621726911309874,1.6801743895629406,2.14285980842606,,,-1.8494700752182294,2.0276245692625925,0.35013007313859473,2.855016187485193,0.4556085749691051,0.0,0.0,2.0989754455863396,2.1146313225904487,0.2689405984728765,1.10441437330565,2.9504519595031367,2.671508113998975,0.42675649757549583,5910
171,45.72009822365618,-25.15645967860189,0.11829932426020051,49.791721902845495,70.47365977215998,-25.15645967860189,nan,0.03743974809571856,0.08085957616448192,45.590554473948416,-26.12581767760156,0.11831650221232931,48.92606869579363,68.50912199435282,-26.12581767760156,nan,1384.6819154443194,0.8851552868898108,0.0,0.7658341537492979,1564.3378466502822,46.0,46.0,,0.0002746414572503527,,,,,,,1.985021963222495,,0,1.0334274013703604,2.9504519595031367,inf,-inf,-0.19703694934593488,0.11449686009862513,-0.4375631353092779,0.10384241177919312,inf,-inf,2.5738257377409544,0.1587275223386863,0.1587275223386863,0.1587275223386863,784,3.0621726911309874,1.6801743895629406,2.14285980842606,,,-1.8494700752182294,2.0276245692625925,0.35013007313859473,2.855016187485193,0.4556085749691051,0.0,0.0,2.0989754455863396,2.1146313225904487,0.2689405984728765,1.10441437330565,2.9504519595031367,2.671508113998975,0.42675649757549583,5910
172,45.710825435113094,-25.185641027251926,0.11846008392634251,49.65934720584704,70.30299169763455,-25.185641027251926,nan,0.037692584228378026,0.08076749969796446,45.590554473948416,-26.12581767760156,0.11831650221232931,48.92606869579363,68.50912199435282,-26.12581767760156,nan,967.2905502321889,0.9120657513056732,0.0,0.8150291233836247,1060.5491422602574,46.0,46.0,,0.000274354773437494,,,,,,,1.985021963222495,,0,1.0334274013703604,2.9504519595031367,inf,-inf,-0.19401335288932853,0.11754148319833192,-0.4460092377357078,0.10185060804745438,inf,-inf,2.578185888469548,0.15861747034178916,0.15861747034178916,0.15861747034178916,784,3.0621726911309874,1.6801743895629406,2.14285980842606,,,-1.8494700752182294,2.0276245692625925,0.35013007313859473,2.855016187485193,0.4556085749691051,0.0,0.0,2.0989754455863396,2.1146313225904487,0.2689405984728765,1.10441437330565,2.9504519595031367,2.671508113998975,0.42675649757549583,5910
173,45.84173689358273,-25.12645465488482,0.118449046240074,49.892358509538276,70.72608979447625,-25.12645465488482,nan,0.037955404116480386,0.08049364212359361,45.590554473948416,-26.12581767760156,0.11831650221232931,48.92606869579363,68.50912199435282,-26.12581767760156,nan,1576.1268127117044,0.8875181406007,0.0,0.8921691430174404,1775.881236235839,46.0,46.0,,0.000274066635324387,,,,,,,1.985021963222495,,0,1.0334274013703604,2.9504519595031367,inf,-inf,-0.1930041390209218,0.10423704834689168,-0.435370362538483,0.10989678631976685,inf,-inf,2.5804593574417583,0.15849570591166912,0.15849570591166912,0.15849570591166912,784,3.0621726911309874,1.6801743895629406,2.14285980842606,,,-1.8494700752182294,2.0276245692625925,0.35013007313859473,2.855016187485193,0.4556085749691051,0.0,0.0,2.0989754455863396,2.1146313225904487,0.2689405984728765,1.10441437330565,2.9504519595031367,2.671508113998975,0.42675649757549583,5910
174,45.82210396587094,-25.144987434870494,0.1193557181720603,49.630805644735354,70.42727789390786,-25.144987434870494,nan,0.038242705070569885,0.08111301310149041,45.590554473948416,-26.12581767760156,0.11831650221232931,48.92606869579363,68.50912199435282,-26.12581767760156,nan,1387.2584371281225,0.8861757278531358,0.0,0.8249223989090663,1565.443956007369,46.0,46.0,,0.00027377704642190376,,,,,,,1.985021963222495,,0,1.0334274013703604,2.9504519595031367,inf,-inf,-0.19351058148963107,0.10221120486069998,-0.4435423620447636,0.10074037743940341,inf,-inf,2.5841678501823107,0.1583687969275006,0.1583687969275006,0.1583687969275006,784,3.0621726911309874,1.6801743895629406,2.14285980842606,,,-1.8494700752182294,2.0276245692625925,0.35013007313859473,2.855016187485193,0.4556085749691051,0.0,0.0,2.0989754455863396,2.1146313225904487,0.2689405984728765,1.10441437330565,2.9504519595031367,2.671508113998975,0.42675649757549583,5910
175,45.6775636362503,-25.137869566731148,0.12004577563520932,49.553106532367444,70.2128463775218,-25.137869566731148,nan,0.03851169304491431,0.081534082590295,45.932064865294464,-26.328432886378277,0.11992558365032166,48.956062516841385,68.6796200794079,-26.328432886378277,nan,1515.2003035268685,0.934842610942397,0.0,0.7509792878295877,1620.8079154622874,46.0,46.0,,0.00027348601025859354,,,,,,,1.9160272799931823,,0,0.9901613894927236,2.86758366266371,inf,-inf,-0.19547613888072835,0.10144718516459936,-0.4438015729717786,0.10912738595072932,inf,-inf,2.592632740546403,0.15792789815330843,0.15792789815330843,0.15792789815330843,784,3.075687156193488,1.681119155472197,2.162905594811316,,,-1.8842296668963774,1.9579535861913189,0.34650843665792896,2.8960770366261417,0.4618101100584849,0.0,0.0,2.029105351457963,2.042605664424603,0.2662653257057734,1.0552605798537333,2.86758366266371,2.717417590886582,0.4341563824304955,5910
176,45.76963793749936,-25.05686708435128,0.120877518501761,49.52987537003232,70.36352374168217,-25.05686708435128,nan,0.038770870459407136,0.08210664804235383,45.932064865294464,-26.328432886378277,0.11992558365032166,48.956062516841385,68.6796200794079,-26.328432886378277,nan,1475.2036124085173,0.9269091957457993,0.0,0.8540233603849328,1591.5298059175639,46.0,46.0,,0.00027319353038064026,,,,,,,1.9160272799931823,,0,0.9901613894927236,2.86758366266371,inf,-inf,-0.19700447349677894,0.10259398949744536,-0.445352456435726,0.09906961067628066,inf,-inf,2.595557042817316,0.15799877474139132,0.15799877474139132,0.15799877474139132,784,3.075687156193488,1.681119155472197,2.162905594811316,,,-1.8842296668963774,1.9579535861913189,0.34650843665792896,2.8960770366261417,0.4618101100584849,0.0,0.0,2.029105351457963,2.042605664424603,0.2662653257057734,1.0552605798537333,2.86758366266371,2.717417590886582,0.4341563824304955,5910
177,45.60225782434431,-24.990078036610484,0.1228855318707495,49.31516535045333,70.05023067005791,-24.990078036610484,nan,0.03908366219533701,0.08380186967541245,45.932064865294464,-26.328432886378277,0.11992558365032166,48.956062516841385,68.6796200794079,-26.328432886378277,nan,1308.4210580633894,0.9600095598882978,0.0,0.9154869976280251,1362.9250298461934,46.0,46.0,,0.0002728996103518189,,,,,,,1.9160272799931823,,0,0.9901613894927236,2.86758366266371,inf,-inf,-0.20352628263889191,0.10347617123768092,-0.44720294356885987,0.10109942576679039,inf,-inf,2.5997275989669517,0.15763533365580026,0.15763533365580026,0.15763533365580026,784,3.075687156193488,1.681119155472197,2.162905594811316,,,-1.8842296668963774,1.9579535861913189,0.34650843665792896,2.8960770366261417,0.4618101100584849,0.0,0.0,2.029105351457963,2.042605664424603,0.2662653257057734,1.0552605798537333,2.86758366266371,2.717417590886582,0.4341563824304955,5910
178,45.59393083182372,-25.029251668715577,0.12251543712513073,49.544239708890274,70.23143430912354,-25.029251668715577,nan,0.03936353308834377,0.08315190403678693,45.932064865294464,-26.328432886378277,0.11992558365032166,48.956062516841385,68.6796200794079,-26.328432886378277,nan,1904.3288081282008,0.9043461375961728,0.0,0.7601649043704061,2105.7521329057313,46.0,46.0,,0.00027260425375345225,,,,,,,1.9160272799931823,,0,0.9901613894927236,2.86758366266371,inf,-inf,-0.19585068515892112,0.09583853983783533,-0.4434054683864408,0.10264603141370411,inf,-inf,2.608961749744207,0.15700910674980245,0.15700910674980245,0.15700910674980245,784,3.075687156193488,1.681119155472197,2.162905594811316,,,-1.8842296668963774,1.9579535861913189,0.34650843665792896,2.8960770366261417,0.4618101100584849,0.0,0.0,2.029105351457963,2.042605664424603,0.2662653257057734,1.0552605798537333,2.86758366266371,2.717417590886582,0.4341563824304955,5910
179,45.49278938946656,-25.232033816507652,0.12194562824089462,49.29743690750676,69.68013810870656,-25.232033816507652,nan,0.03963241426417945,0.0823132139767152,45.932064865294464,-26.328432886378277,0.11992558365032166,48.956062516841385,68.6796200794079,-26.328432886378277,nan,1342.769952347361,0.8725899681801721,0.0,0.7429120920237466,1538.832672059904,46.0,46.0,,0.0002723074641843673,,,,,,,1.9160272799931823,,0,0.9901613894927236,2.86758366266371,inf,-inf,-0.20108523011567364,0.09792907226161209,-0.44539410772698235,0.09735079935353622,inf,-inf,2.608855373217346,0.15715661558930202,0.15715661558930202,0.15715661558930202,784,3.075687156193488,1.681119155472197,2.162905594811316,,,-1.8842296668963774,1.9579535861913189,0.34650843665792896,2.8960770366261417,0.4618101100584849,0.0,0.0,2.029105351457963,2.042605664424603,0.2662653257057734,1.0552605798537333,2.86758366266371,2.717417590886582,0.4341563824304955,5910
180,45.5052167523694,-25.00680171853894,0.12204983261408674,49.277698026141934,69.89816289258648,-25.00680171853894,nan,0.03990300855543983,0.08214682405864689,46.126750737829184,-25.845062430633995,0.12275971097716215,49.0200761205686,69.42452413874096,-25.845062430633995,nan,1614.9883119531378,0.9005232788464561,0.0,0.7618180011079426,1793.3887439555037,46.0,46.0,,0.0002720092452608512,,,,,,,1.8474427116145882,,0,0.9472603092643411,2.782557361630774,inf,-inf,-0.20078985293779414,0.09667365040192229,-0.43334830782852835,0.12024698197792529,inf,-inf,2.61731130580031,0.1567762519640586,0.1567762519640586,0.1567762519640586,784,3.0935682557343354,1.6829650165868406,2.1979079232349052,,,-1.9201777565115488,1.887718858535914,0.34234026593117317,2.937479100957747,0.4679747854513621,0.0,0.0,1.959946622625315,1.971942996238314,0.26247161349337045,1.0071829311160851,2.782557361630774,2.7627129845691,0.44133576884974457,5910
181,45.70776704577083,-25.02151297638338,0.12328987654840795,49.27624597582991,70.08578992176577,-25.02151297638338,nan,0.040201113686283756,0.08308876286212422,46.126750737829184,-25.845062430633995,0.12275971097716215,49.0200761205686,69.42452413874096,-25.845062430633995,nan,1733.5320459261939,0.9164737598635666,0.0,0.8024569400911633,1891.5239277382702,46.0,46.0,,0.0002717096006166074,,,,,,,1.8474427116145882,,0,0.9472603092643411,2.782557361630774,inf,-inf,-0.20503537057658294,0.09339230275177593,-0.44468286754258757,0.09209591642845624,inf,-inf,2.6178312979457723,0.1567003984983533,0.1567003984983533,0.1567003984983533,784,3.0935682557343354,1.6829650165868406,2.1979079232349052,,,-1.9201777565115488,1.887718858535914,0.34234026593117317,2.937479100957747,0.4679747854513621,0.0,0.0,1.959946622625315,1.971942996238314,0.26247161349337045,1.0071829311160851,2.782557361630774,2.7627129845691,0.44133576884974457,5910
182,45.70829423102565,-25.036127376025966,0.12416031345817662,49.097265322646564,69.89359249110441,-25.036127376025966,nan,0.0404848189084478,0.08367549454972881,46.126750737829184,-25.845062430633995,0.12275971097716215,49.0200761205686,69.42452413874096,-25.845062430633995,nan,1950.5280586052363,0.8757384094929306,0.0,0.7838546268238681,2227.2953172564735,46.0,46.0,,0.0002714085339027115,,,,,,,1.8474427116145882,,0,0.9472603092643411,2.782557361630774,inf,-inf,-0.19302461414630392,0.09017266641379737,-0.453835973507811,0.09359570163590422,inf,-inf,2.623170541308458,0.15637497854653074,0.15637497854653074,0.15637497854653074,784,3.0935682557343354,1.6829650165868406,2.1979079232349052,,,-1.9201777565115488,1.887718858535914,0.34234026593117317,2.937479100957747,0.4679747854513621,0.0,0.0,1.959946622625315,1.971942996238314,0.26247161349337045,1.0071829311160851,2.782557361630774,2.7627129845691,0.44133576884974457,5910
183,45.50310287604068,-25.067719294641353,0.12378607682475096,48.996551158106314,69.55572081633039,-25.067719294641353,nan,0.04077838820496953,0.08300768861978142,46.126750737829184,-25.845062430633995,0.12275971097716215,49.0200761205686,69.42452413874096,-25.845062430633995,nan,1299.000528288549,0.9185955113025208,0.0,0.6738830916522071,1414.115910980921,46.0,46.0,,0.00027110604878756623,,,,,,,1.8474427116145882,,0,0.9472603092643411,2.782557361630774,inf,-inf,-0.20218966668981567,0.10028819458472144,-0.46317130774307275,0.09189498839548547,inf,-inf,2.627520690781123,0.15599073618490936,0.15599073618490936,0.15599073618490936,784,3.0935682557343354,1.6829650165868406,2.1979079232349052,,,-1.9201777565115488,1.887718858535914,0.34234026593117317,2.937479100957747,0.4679747854513621,0.0,0.0,1.959946622625315,1.971942996238314,0.26247161349337045,1.0071829311160851,2.782557361630774,2.7627129845691,0.44133576884974457,5910
184,45.53614597921419,-24.91737686060935,0.12437171100939062,48.97642227929032,69.71956310890455,-24.91737686060935,nan,0.041039946402709734,0.08333176460668086,46.126750737829184,-25.845062430633995,0.12275971097716215,49.0200761205686,69.42452413874096,-25.845062430633995,nan,1705.2765886563823,0.9333929269657536,0.0,0.808824443291722,1826.96540694801,46.0,46.0,,0.0002708021489568574,,,,,,,1.8474427116145882,,0,0.9472603092643411,2.782557361630774,inf,-inf,-0.1999206007848745,0.09404966106056656,-0.44640813335959534,0.09872275109878514,inf,-inf,2.62942667080524,0.1558065379247692,0.1558065379247692,0.1558065379247692,784,3.0935682557343354,1.6829650165868406,2.1979079232349052,,,-1.9201777565115488,1.887718858535914,0.34234026593117317,2.937479100957747,0.4679747854513621,0.0,0.0,1.959946622625315,1.971942996238314,0.26247161349337045,1.0071829311160851,2.782557361630774,2.7627129845691,0.44133576884974457,5910
185,45.44841630814165,-25.155594820813704,0.12447491882868959,48.77944546474082,69.19674187089745,-25.155594820813704,nan,0.04133473516787603,0.08314018366081356,45.412353968815445,-26.275183172819776,0.1247681331359712,48.013791486978725,67.27573041611036,-26.275183172819776,nan,1126.6682135190738,0.8771791471443807,0.0,0.6870295605837018,1284.4220216439185,46.0,46.0,,0.0002704968381135084,,,,,,,1.7815638679596604,,0,0.9060262311232518,2.69383311335783,inf,-inf,-0.19547899672695174,0.08764804061485867,-0.4540853101143061,0.08913255919740533,inf,-inf,2.6345679600612435,0.15532940024127007,0.15532940024127007,0.15532940024127007,784,3.1052629806710117,1.6836459297010087,2.2234499375659498,,,-1.9560178744756074,1.8205313645098278,0.33798739637872144,2.973239648942761,0.47322991560213534,0.0,0.0,1.8933980189335162,1.9020077313927037,0.2585306159892336,0.9634054433608947,2.69383311335783,2.7961572481469896,0.4465615912804444,5910
186,45.553276417739255,-25.107627572854884,0.12465371807172416,48.90461205048003,69.47491461343613,-25.107627572854884,nan,0.04158530030655777,0.0830684177651664,45.412353968815445,-26.275183172819776,0.1247681331359712,48.013791486978725,67.27573041611036,-26.275183172819776,nan,1819.5461884606352,0.8788313874165942,0.0,0.6651417957082655,2070.415570624257,46.0,46.0,,0.00027019011997763553,,,,,,,1.7815638679596604,,0,0.9060262311232518,2.69383311335783,inf,-inf,-0.19261434629138485,0.0921930783759729,-0.4504195079928589,0.09113574737055616,inf,-inf,2.636317019530864,0.15522604817624877,0.15522604817624877,0.15522604817624877,784,3.1052629806710117,1.6836459297010087,2.2234499375659498,,,-1.9560178744756074,1.8205313645098278,0.33798739637872144,2.973239648942761,0.47322991560213534,0.0,0.0,1.8933980189335162,1.9020077313927037,0.2585306159892336,0.9634054433608947,2.69383311335783,2.7961572481469896,0.4465615912804444,5910
187,45.5815680479714,-25.093030972297303,0.1245891675248627,48.88619377837479,69.49932002157375,-25.093030972297303,nan,0.041863743839367175,0.08272542368549554,45.412353968815445,-26.275183172819776,0.1247681331359712,48.013791486978725,67.27573041611036,-26.275183172819776,nan,1931.5971550190118,0.8747994459369145,0.0,0.6966890533739899,2208.045700063586,46.0,46.0,,0.00026988199828650253,,,,,,,1.7815638679596604,,0,0.9060262311232518,2.69383311335783,inf,-inf,-0.19190406210963315,0.0874232686618869,-0.4442288187888938,0.09093973921504246,inf,-inf,2.6362406799087363,0.15503481218787363,0.15503481218787363,0.15503481218787363,784,3.1052629806710117,1.6836459297010087,2.2234499375659498,,,-1.9560178744756074,1.8205313645098278,0.33798739637872144,2.973239648942761,0.47322991560213534,0.0,0.0,1.8933980189335162,1.9020077313927037,0.2585306159892336,0.9634054433608947,2.69383311335783,2.7961572481469896,0.4465615912804444,5910
188,45.533674055331076,-25.18714145814147,0.12460611705089952,48.937365163168124,69.40850387740863,-25.18714145814147,nan,0.04213918121273846,0.0824669358381611,45.412353968815445,-26.275183172819776,0.1247681331359712,48.013791486978725,67.27573041611036,-26.275183172819776,nan,1913.904780590817,0.8569415419879328,0.0,0.6988583064666095,2233.413467330503,46.0,46.0,,0.000269572476794475,,,,,,,1.7815638679596604,,0,0.9060262311232518,2.69383311335783,inf,-inf,-0.19381368050227796,0.09196964718521668,-0.4356332005096942,0.09694185798629747,inf,-inf,2.637385027299807,0.154850651760327,0.154850651760327,0.154850651760327,784,3.1052629806710117,1.6836459297010087,2.2234499375659498,,,-1.9560178744756074,1.8205313645098278,0.33798739637872144,2.973239648942761,0.47322991560213534,0.0,0.0,1.8933980189335162,1.9020077313927037,0.2585306159892336,0.9634054433608947,2.69383311335783,2.7961572481469896,0.4465615912804444,5910
189,45.42683667697811,-25.257260062533092,0.12485452470132222,48.82497364614678,69.11940478529313,-25.257260062533092,nan,0.04240922654246933,0.0824452981588529,45.412353968815445,-26.275183172819776,0.1247681331359712,48.013791486978725,67.27573041611036,-26.275183172819776,nan,1535.700404679371,0.8273995619106311,0.0,0.6153557190822067,1856.0565842374046,46.0,46.0,,0.0002692615592729746,,,,,,,1.7815638679596604,,0,0.9060262311232518,2.69383311335783,inf,-inf,-0.19034893458492297,0.08869787574796928,-0.43573561659496984,0.10018201682796436,inf,-inf,2.637674835481729,0.15474215614213768,0.15474215614213768,0.15474215614213768,784,3.1052629806710117,1.6836459297010087,2.2234499375659498,,,-1.9560178744756074,1.8205313645098278,0.33798739637872144,2.973239648942761,0.47322991560213534,0.0,0.0,1.8933980189335162,1.9020077313927037,0.2585306159892336,0.9634054433608947,2.69383311335783,2.7961572481469896,0.4465615912804444,5910
190,45.34461295433014,-25.28658538516414,0.12545321886041647,48.70040930405849,68.8838900920849,-25.28658538516414,nan,0.04268541377546143,0.08276780508495497,45.58184916382386,-26.594155199922348,0.1253093762258139,48.08653414198259,67.19953748210992,-26.594155199922348,nan,1191.5014789666732,0.8465082013332207,0.0,0.6332437203525152,1407.5486535040066,46.0,46.0,,0.0002689492495104332,,,,,,,1.7226703588569947,,0,0.8671371701685127,2.66256448086116,inf,-inf,-0.1980288122350894,0.09236938917793874,-0.45671812815075175,0.08740998533872954,inf,-inf,2.6405982702558317,0.15435194479982148,0.15435194479982148,0.15435194479982148,784,3.1044710234212496,1.6812772373636984,2.2374557586277564,,,-1.989448255975812,1.7612643389721905,0.3352408776637239,3.0705228335947563,0.48721233131184694,0.0,0.0,1.8334468837569717,1.840763826996608,0.2560714071398075,0.909608597957046,2.623474239508875,2.884179245228245,0.46002224730763136,5910
191,45.3126024472075,-25.328379747732473,0.1248519748394433,48.67902184967515,68.78809652398962,-25.328379747732473,nan,0.04292177387134644,0.08193020096809686,45.58184916382386,-26.594155199922348,0.1253093762258139,48.08653414198259,67.19953748210992,-26.594155199922348,nan,1315.2408927199606,0.8374541358441112,0.0,0.5822755649469487,1570.5228936439182,46.0,46.0,,0.0002686355513122467,,,,,,,1.7226703588569947,,0,0.8671371701685127,2.66256448086116,inf,-inf,-0.19972549148170432,0.09298818442401344,-0.45314504217687357,0.09142072596768001,inf,-inf,2.6451722263081296,0.15399896209393715,0.15399896209393715,0.15399896209393715,784,3.1044710234212496,1.6812772373636984,2.2374557586277564,,,-1.989448255975812,1.7612643389721905,0.3352408776637239,3.0705228335947563,0.48721233131184694,0.0,0.0,1.8334468837569717,1.840763826996608,0.2560714071398075,0.909608597957046,2.623474239508875,2.884179245228245,0.46002224730763136,5910
192,45.256896593303175,-25.225206345949942,0.12554514109544665,48.70483909984032,68.862074488289,-25.225206345949942,nan,0.04318267489998071,0.08236246619546592,45.58184916382386,-26.594155199922348,0.1253093762258139,48.08653414198259,67.19953748210992,-26.594155199922348,nan,1374.3269694800192,0.8756033946637064,0.0,0.6162316171284435,1569.577022948681,46.0,46.0,,0.0002683204685007286,,,,,,,1.7226703588569947,,0,0.8671371701685127,2.66256448086116,inf,-inf,-0.19990865897253188,0.10105984543148896,-0.45363240702963437,0.0900462385133487,inf,-inf,2.6443820279212806,0.1539773871813351,0.1539773871813351,0.1539773871813351,784,3.1044710234212496,1.6812772373636984,2.2374557586277564,,,-1.989448255975812,1.7612643389721905,0.3352408776637239,3.0705228335947563,0.48721233131184694,0.0,0.0,1.8334468837569717,1.840763826996608,0.2560714071398075,0.909608597957046,2.623474239508875,2.884179245228245,0.46002224730763136,5910
193,45.435498147316316,-25.248667753314297,0.1262192297200232,48.50096113586253,68.81401075958458,-25.248667753314297,nan,0.04345896061967534,0.0827602691003479,45.58184916382386,-26.594155199922348,0.1253093762258139,48.08653414198259,67.19953748210992,-26.594155199922348,nan,1457.065702366004,0.8695833075438613,0.0,0.7011398555450117,1675.5906992758257,46.0,46.0,,0.00026800400491506365,,,,,,,1.7226703588569947,,0,0.8671371701685127,2.66256448086116,inf,-inf,-0.20464821857050935,0.09156713238368387,-0.4511027180468932,0.08573584272113519,inf,-inf,2.6447265798647193,0.15367333488570672,0.15367333488570672,0.15367333488570672,784,3.1044710234212496,1.6812772373636984,2.2374557586277564,,,-1.989448255975812,1.7612643389721905,0.3352408776637239,3.0705228335947563,0.48721233131184694,0.0,0.0,1.8334468837569717,1.840763826996608,0.2560714071398075,0.909608597957046,2.623474239508875,2.884179245228245,0.46002224730763136,5910
194,45.31830175103487,-25.126698949463126,0.12677396427911639,48.498879552130255,68.81725631798112,-25.126698949463126,nan,0.04375006078155747,0.08302390349755885,45.58184916382386,-26.594155199922348,0.1253093762258139,48.08653414198259,67.19953748210992,-26.594155199922348,nan,1801.8810145325663,0.8760948434759779,0.0,0.625893816893349,2056.719118883814,46.0,46.0,,0.00026768616441126065,,,,,,,1.7226703588569947,,0,0.8671371701685127,2.66256448086116,inf,-inf,-0.20116100205784979,0.08970147745207727,-0.4450231118847646,0.08585930798529973,inf,-inf,2.644911099954461,0.15330101094760215,0.15330101094760215,0.15330101094760215,784,3.1044710234212496,1.6812772373636984,2.2374557586277564,,,-1.989448255975812,1.7612643389721905,0.3352408776637239,3.0705228335947563,0.48721233131184694,0.0,0.0,1.8334468837569717,1.840763826996608,0.2560714071398075,0.909608597957046,2.623474239508875,2.884179245228245,0.46002224730763136,5910
195,45.34500656837263,-25.180305737606396,0.1271383787114747,48.30360206836968,68.59544127784739,-25.180305737606396,nan,0.0440685361882722,0.0830698425232025,45.30333360272159,-26.467118799532862,0.12744314568010257,47.45446678454623,66.41812473341506,-26.467118799532862,nan,1433.2434744370848,0.8959939001061532,0.0,0.729773527590318,1599.6129820384724,46.0,46.0,,0.0002673669508621059,,,,,,,1.6643944496323082,,0,0.8270717456452032,2.646043601731154,inf,-inf,-0.20755482018126836,0.0887739192996791,-0.43679726162853605,0.10689145105866443,inf,-inf,2.6459148214760284,0.1527566851836786,0.1527566851836786,0.1527566851836786,784,3.1122069459738944,1.6814151326604434,2.257457098237875,,,-2.023936341937044,1.7016654826136821,0.3319281300376746,3.1992914951615963,0.5050538115041858,0.0,0.0,1.7743754718318234,1.7794539356657941,0.2527626784906444,0.8560553899140374,2.55125053212815,2.9802400197308954,0.47425124227994736,5910
196,45.38775068382874,-25.063267284907035,0.12785836529763936,48.25128438891676,68.7036261531361,-25.063267284907035,nan,0.0443682602659881,0.0834901050316513,45.30333360272159,-26.467118799532862,0.12744314568010257,47.45446678454623,66.41812473341506,-26.467118799532862,nan,1455.6351865293896,0.8730043748810471,0.0,0.6450626442736872,1667.3859013910783,46.0,46.0,,0.00026704636815711575,,,,,,,1.6643944496323082,,0,0.8270717456452032,2.646043601731154,inf,-inf,-0.195369963830765,0.09008633162561447,-0.44706158153336434,0.10273245519860047,inf,-inf,2.6489033103397515,0.15208745748784103,0.15208745748784103,0.15208745748784103,784,3.1122069459738944,1.6814151326604434,2.257457098237875,,,-2.023936341937044,1.7016654826136821,0.3319281300376746,3.1992914951615963,0.5050538115041858,0.0,0.0,1.7743754718318234,1.7794539356657941,0.2527626784906444,0.8560553899140374,2.55125053212815,2.9802400197308954,0.47425124227994736,5910
197,45.24969944795323,-25.3245662067855,0.12771326761375593,48.43092028248161,68.4837667912631,-25.3245662067855,nan,0.04463414391704605,0.08307912369670992,45.30333360272159,-26.467118799532862,0.12744314568010257,47.45446678454623,66.41812473341506,-26.467118799532862,nan,1320.0707672468334,0.8411556265791641,0.0,0.5285881547582675,1569.3537860708786,46.0,46.0,,0.00026672442020248926,,,,,,,1.6643944496323082,,0,0.8270717456452032,2.646043601731154,inf,-inf,-0.191717405632853,0.0984875012876345,-0.43875135421022676,0.0947767919651304,inf,-inf,2.6517012237195696,0.15189532715523657,0.15189532715523657,0.15189532715523657,784,3.1122069459738944,1.6814151326604434,2.257457098237875,,,-2.023936341937044,1.7016654826136821,0.3319281300376746,3.1992914951615963,0.5050538115041858,0.0,0.0,1.7743754718318234,1.7794539356657941,0.2527626784906444,0.8560553899140374,2.55125053212815,2.9802400197308954,0.47425124227994736,5910
198,45.39400390342719,-25.33406884002505,0.1278719521533561,48.28364878368136,68.47145579923685,-25.33406884002505,nan,0.04485892522705582,0.08301302692630026,45.30333360272159,-26.467118799532862,0.12744314568010257,47.45446678454623,66.41812473341506,-26.467118799532862,nan,1469.3484821993666,0.8126505963288922,0.0,0.5273705163721149,1808.0937722030521,46.0,46.0,,0.0002664011109210608,,,,,,,1.6643944496323082,,0,0.8270717456452032,2.646043601731154,inf,-inf,-0.19939388451691234,0.09078886847744021,-0.4460147860974538,0.08417921476803575,inf,-inf,2.6556375584736127,0.15153436212501029,0.15153436212501029,0.15153436212501029,784,3.1122069459738944,1.6814151326604434,2.257457098237875,,,-2.023936341937044,1.7016654826136821,0.3319281300376746,3.1992914951615963,0.5050538115041858,0.0,0.0,1.7743754718318234,1.7794539356657941,0.2527626784906444,0.8560553899140374,2.55125053212815,2.9802400197308954,0.47425124227994736,5910
199,45.18233834736563,-25.235820455208795,0.12809332490858388,48.22259730131206,68.29720851837747,-25.235820455208795,nan,0.045106655758546714,0.08298666915003715,45.30333360272159,-26.467118799532862,0.12744314568010257,47.45446678454623,66.41812473341506,-26.467118799532862,nan,1203.4595940811153,0.8261596418032795,0.0,0.5927174516105735,1456.6913380739509,46.0,46.0,,0.00026607644425225165,,,,,,,1.6643944496323082,,0,0.8270717456452032,2.646043601731154,inf,-inf,-0.20513152622556025,0.08996633599233908,-0.45391744932621536,0.08190072980635033,inf,-inf,2.6580176169430305,0.1511952182933628,0.1511952182933628,0.1511952182933628,784,3.1122069459738944,1.6814151326604434,2.257457098237875,,,-2.023936341937044,1.7016654826136821,0.3319281300376746,3.1992914951615963,0.5050538115041858,0.0,0.0,1.7743754718318234,1.7794539356657941,0.2527626784906444,0.8560553899140374,2.55125053212815,2.9802400197308954,0.47425124227994736,5910
200,45.14321145256067,-25.11365747648642,0.12834297649355592,48.07723578253377,68.23513273510157,-25.11365747648642,nan,0.04537591737033112,0.08296705912322479,45.33750369905579,-26.34730828315995,0.12866560353244072,47.845859026087,66.96472004551528,-26.34730828315995,nan,1514.8256411671825,0.8809027059137363,0.0,0.5768491798394091,1719.6287751164248,46.0,46.0,,0.000265750424152023,,,,,,,1.613572400461068,,0,0.7836287564128661,2.6408997364073428,inf,-inf,-0.19558085809542108,0.10092707558397081,-0.4473082657207358,0.08380355814418361,inf,-inf,2.6554712533687823,0.15114904364975384,0.15114904364975384,0.15114904364975384,784,3.1161927817555,1.6807812615213813,2.2791395181518936,,,-2.0553720437887635,1.651000187550451,0.3299351940475099,3.370090383737713,0.5276415485366694,0.0,0.0,1.7227962487401507,1.7258865463410706,0.25108664606789116,0.8072653983749379,2.485664555953965,3.0791169310089606,0.48842618176701674,5910
201,45.33715082279604,-25.38664402477962,0.12853289020901182,48.35652406541294,68.43556375363838,-25.38664402477962,nan,0.045616825185233946,0.08291606502377792,45.33750369905579,-26.34730828315995,0.12866560353244072,47.845859026087,66.96472004551528,-26.34730828315995,nan,1239.514950424448,0.803725623795641,0.0,0.45409045293399786,1542.2115629096986,46.0,46.0,,0.00026542305459282666,,,,,,,1.613572400461068,,0,0.7836287564128661,2.6408997364073428,inf,-inf,-0.19249531139688894,0.12329431969717349,-0.44320293368449254,0.10663837209283546,inf,-inf,2.658683726043119,0.1508724261348904,0.1508724261348904,0.1508724261348904,784,3.1161927817555,1.6807812615213813,2.2791395181518936,,,-2.0553720437887635,1.651000187550451,0.3299351940475099,3.370090383737713,0.5276415485366694,0.0,0.0,1.7227962487401507,1.7258865463410706,0.25108664606789116,0.8072653983749379,2.485664555953965,3.0791169310089606,0.48842618176701674,5910
202,45.17568060028531,-25.41886531634499,0.1283711602534954,48.02344789375491,67.90863433794873,-25.41886531634499,nan,0.045844325007679855,0.08252683524581553,45.33750369905579,-26.34730828315995,0.12866560353244072,47.845859026087,66.96472004551528,-26.34730828315995,nan,1372.567003484507,0.8057248106198223,0.0,0.5179373227426826,1703.518354397736,46.0,46.0,,0.0002650943395635575,,,,,,,1.613572400461068,,0,0.7836287564128661,2.6408997364073428,inf,-inf,-0.1954634723143683,0.11229494324720178,-0.445183644293481,0.07866189767497081,inf,-inf,2.66205501714571,0.15053157465582706,0.15053157465582706,0.15053157465582706,784,3.1161927817555,1.6807812615213813,2.2791395181518936,,,-2.0553720437887635,1.651000187550451,0.3299351940475099,3.370090383737713,0.5276415485366694,0.0,0.0,1.7227962487401507,1.7258865463410706,0.25108664606789116,0.8072653983749379,2.485664555953965,3.0791169310089606,0.48842618176701674,5910
203,45.07403377514543,-25.26957812753038,0.12853397881565878,47.94383759223785,67.87682721866855,-25.26957812753038,nan,0.0460758444656722,0.08245813434998657,45.33750369905579,-26.34730828315995,0.12866560353244072,47.845859026087,66.96472004551528,-26.34730828315995,nan,1391.6738882794791,0.8493420663106362,0.0,0.506294888338917,1638.531686443624,46.0,46.0,,0.0002647642830695045,,,,,,,1.613572400461068,,0,0.7836287564128661,2.6408997364073428,inf,-inf,-0.2004053136329587,0.12896235874240494,-0.4522320608793996,0.09548658233045759,inf,-inf,2.6665884194673444,0.15017911149181315,0.15017911149181315,0.15017911149181315,784,3.1161927817555,1.6807812615213813,2.2791395181518936,,,-2.0553720437887635,1.651000187550451,0.3299351940475099,3.370090383737713,0.5276415485366694,0.0,0.0,1.7227962487401507,1.7258865463410706,0.25108664606789116,0.8072653983749379,2.485664555953965,3.0791169310089606,0.48842618176701674,5910
204,45.19599259351213,-25.09948998228769,0.12945991887261782,47.74687612719321,67.97283865729027,-25.09948998228769,nan,0.04634096789398925,0.08311895097862862,45.33750369905579,-26.34730828315995,0.12866560353244072,47.845859026087,66.96472004551528,-26.34730828315995,nan,1272.781737855508,0.8919713687854353,0.0,0.5629228460433512,1426.9311576543182,46.0,46.0,,0.0002644328891323018,,,,,,,1.613572400461068,,0,0.7836287564128661,2.6408997364073428,inf,-inf,-0.201499887505728,0.12764301311259196,-0.46290868396743984,0.10086495523071577,inf,-inf,2.66584792698149,0.15009958982202717,0.15009958982202717,0.15009958982202717,784,3.1161927817555,1.6807812615213813,2.2791395181518936,,,-2.0553720437887635,1.651000187550451,0.3299351940475099,3.370090383737713,0.5276415485366694,0.0,0.0,1.7227962487401507,1.7258865463410706,0.25108664606789116,0.8072653983749379,2.485664555953965,3.0791169310089606,0.48842618176701674,5910
205,45.11184225449326,-25.208356190139412,0.1303136275371638,47.70729034272371,67.74109003461473,-25.208356190139412,nan,0.04662129272108662,0.0836923348160772,45.50766643125408,-26.385321196221838,0.1303538135871129,47.39010454985403,66.64280359847339,-26.385321196221838,nan,1372.493118683651,0.8593169141718208,0.0,0.5242460071782628,1597.1908571198219,46.0,46.0,,0.00026410016178987986,,,,,,,1.5673147536022698,,0,0.7445281642237376,2.654763077230317,inf,-inf,-0.1935555150042383,0.12768312944554888,-0.45234482639553536,0.09983922587429461,inf,-inf,2.6679973632460228,0.14971965568702839,0.14971965568702839,0.14971965568702839,784,3.1222885150788966,1.6806934235611348,2.3022922476123875,,,-2.0852888940182925,1.6024218632542122,0.3288269801781186,3.5656986596312774,0.5521446377767601,0.0,0.0,1.675739388648855,1.6785532284480653,0.249529221790757,0.7636557881579861,2.4190730192688132,3.167753137973142,0.5007513298008522,5910
206,45.15299981484991,-25.28352056816449,0.13052951835245738,47.90575102185649,67.90575978689436,-25.28352056816449,nan,0.04686306366410513,0.08366645468835227,45.50766643125408,-26.385321196221838,0.1303538135871129,47.39010454985403,66.64280359847339,-26.385321196221838,nan,1751.7921880549068,0.8513775190896729,0.0,0.4818958470444997,2057.5974215621686,46.0,46.0,,0.00026376610509641645,,,,,,,1.5673147536022698,,0,0.7445281642237376,2.654763077230317,inf,-inf,-0.19920078130400395,0.11767007826725435,-0.4455942309685905,0.08618498305538769,inf,-inf,2.6685531181522153,0.14964974356071417,0.14964974356071417,0.14964974356071417,784,3.1222885150788966,1.6806934235611348,2.3022922476123875,,,-2.0852888940182925,1.6024218632542122,0.3288269801781186,3.5656986596312774,0.5521446377767601,0.0,0.0,1.675739388648855,1.6785532284480653,0.249529221790757,0.7636557881579861,2.4190730192688132,3.167753137973142,0.5007513298008522,5910
207,44.970031541740916,-25.15275444463799,0.130528111127163,47.489236847683735,67.43704205591382,-25.15275444463799,nan,0.04714338085411744,0.08338473027304558,45.50766643125408,-26.385321196221838,0.1303538135871129,47.39010454985403,66.64280359847339,-26.385321196221838,nan,1413.4468641592364,0.868624695575118,0.0,0.6620428450482778,1627.2238992967966,46.0,46.0,,0.0002634307231222869,,,,,,,1.5673147536022698,,0,0.7445281642237376,2.654763077230317,inf,-inf,-0.2046701010148393,0.12159574233572727,-0.46225778585775906,0.15860740301819287,inf,-inf,2.671381429377379,0.14935726194603177,0.14935726194603177,0.14935726194603177,784,3.1222885150788966,1.6806934235611348,2.3022922476123875,,,-2.0852888940182925,1.6024218632542122,0.3288269801781186,3.5656986596312774,0.5521446377767601,0.0,0.0,1.675739388648855,1.6785532284480653,0.249529221790757,0.7636557881579861,2.4190730192688132,3.167753137973142,0.5007513298008522,5910
208,45.05925151366655,-24.716918549467604,0.13161724416034246,47.36061458000614,67.83456478836544,-24.716918549467604,nan,0.047521446976255786,0.08409579718408666,45.50766643125408,-26.385321196221838,0.1303538135871129,47.39010454985403,66.64280359847339,-26.385321196221838,nan,1927.8807397166645,0.9757895399621846,0.0,0.6728331246293883,1975.7136767333834,46.0,46.0,,0.00026309401995401485,,,,,,,1.5673147536022698,,0,0.7445281642237376,2.654763077230317,inf,-inf,-0.20018390351565477,0.11708110075623324,-0.45414035001024483,0.15641042626424256,inf,-inf,2.6700536404314605,0.1489432192251107,0.1489432192251107,0.1489432192251107,784,3.1222885150788966,1.6806934235611348,2.3022922476123875,,,-2.0852888940182925,1.6024218632542122,0.3288269801781186,3.5656986596312774,0.5521446377767601,0.0,0.0,1.675739388648855,1.6785532284480653,0.249529221790757,0.7636557881579861,2.4190730192688132,3.167753137973142,0.5007513298008522,5910
209,45.064970131148755,-25.219129541778457,0.13193626671263575,47.42071152615078,67.39848838223372,-25.219129541778457,nan,0.0478156856577219,0.08412058105491384,45.50766643125408,-26.385321196221838,0.1303538135871129,47.39010454985403,66.64280359847339,-26.385321196221838,nan,1296.6096096344234,0.8609920456194899,0.0,0.455369987477286,1505.9484187237797,46.0,46.0,,0.00026275599969422203,,,,,,,1.5673147536022698,,0,0.7445281642237376,2.654763077230317,inf,-inf,-0.197147003596214,0.12042958250773876,-0.44753334377230125,0.09842988337957348,inf,-inf,2.676044226977874,0.14867481417551054,0.14867481417551054,0.14867481417551054,784,3.1222885150788966,1.6806934235611348,2.3022922476123875,,,-2.0852888940182925,1.6024218632542122,0.3288269801781186,3.5656986596312774,0.5521446377767601,0.0,0.0,1.675739388648855,1.6785532284480653,0.249529221790757,0.7636557881579861,2.4190730192688132,3.167753137973142,0.5007513298008522,5910
210,45.11767652697027,-25.08142908440431,0.13254023388511482,47.41847625649368,67.58726393294477,-25.08142908440431,nan,0.04806400867833927,0.08447622520677556,45.27329929403754,-24.36156722517895,0.1326940934196878,46.948272296546975,67.99269845882526,-24.36156722517895,nan,1390.4488947442371,0.898175907611338,0.0,0.5452387436063691,1548.0808190926418,46.0,46.0,,0.0002624166664615786,,,,,,,1.514697070419079,,0,0.7044064478600345,2.655520601929772,inf,-inf,-0.19868980884554008,0.12199321400452398,-0.4601878415071685,0.1151532722632308,inf,-inf,2.6778837447731125,0.1485745933580287,0.1485745933580287,0.1485745933580287,784,3.126130617891558,1.6809632255538904,2.332804711870035,,,-2.120193562416318,1.5468151455800807,0.3261100926817012,3.769869810245439,0.5763263524157952,0.0,0.0,1.6217930570788974,1.625169830777219,0.2470783072863635,0.7195721844588168,2.3556949522205115,3.273743764834666,0.51504468427774,5910
211,45.1719995704018,-25.102171112945545,0.13297507963532318,47.37129804093312,67.5741015780247,-25.102171112945545,nan,0.04835704156392829,0.08461803807139492,45.27329929403754,-24.36156722517895,0.1326940934196878,46.948272296546975,67.99269845882526,-24.36156722517895,nan,1592.6092003658416,0.882652040185733,0.0,0.5715629046730583,1804.3454587503306,46.0,46.0,,0.000262076024390753,,,,,,,1.514697070419079,,0,0.7044064478600345,2.655520601929772,inf,-inf,-0.19606067894470566,0.1170098072568218,-0.4364323217557355,0.10795648399972024,inf,-inf,2.6842413804989693,0.1483821403608928,0.1483821403608928,0.1483821403608928,784,3.126130617891558,1.6809632255538904,2.332804711870035,,,-2.120193562416318,1.5468151455800807,0.3261100926817012,3.769869810245439,0.5763263524157952,0.0,0.0,1.6217930570788974,1.625169830777219,0.2470783072863635,0.7195721844588168,2.3556949522205115,3.273743764834666,0.51504468427774,5910
212,45.182549985269496,-25.205862881966937,0.13354774211075826,47.47932923444123,67.58956407985454,-25.205862881966937,nan,0.04861933294352476,0.08492840916723346,45.27329929403754,-24.36156722517895,0.1326940934196878,46.948272296546975,67.99269845882526,-24.36156722517895,nan,2043.5631460542975,0.8275552968020234,0.0,0.4089463995115542,2469.3976994061586,46.0,46.0,,0.0002617340776323613,,,,,,,1.514697070419079,,0,0.7044064478600345,2.655520601929772,inf,-inf,-0.1999757028626843,0.11803789889237624,-0.44116604159610107,0.08607807777305315,inf,-inf,2.690298883615834,0.1481221074258534,0.1481221074258534,0.1481221074258534,784,3.126130617891558,1.6809632255538904,2.332804711870035,,,-2.120193562416318,1.5468151455800807,0.3261100926817012,3.769869810245439,0.5763263524157952,0.0,0.0,1.6217930570788974,1.625169830777219,0.2470783072863635,0.7195721844588168,2.3556949522205115,3.273743764834666,0.51504468427774,5910
213,45.174707602910146,-25.111574510341075,0.1336878406960763,47.38945549376672,67.58627642703186,-25.111574510341075,nan,0.04883633237761176,0.08485150831846458,45.27329929403754,-24.36156722517895,0.1326940934196878,46.948272296546975,67.99269845882526,-24.36156722517895,nan,1428.7744671280996,0.8818405084500288,0.0,0.4784288922165432,1620.2186828992374,46.0,46.0,,0.0002613908303529169,,,,,,,1.514697070419079,,0,0.7044064478600345,2.655520601929772,inf,-inf,-0.19618053394779394,0.11044141756821305,-0.45710000620315844,0.11750076256832065,inf,-inf,2.6976133580592365,0.1480032227724336,0.1480032227724336,0.1480032227724336,784,3.126130617891558,1.6809632255538904,2.332804711870035,,,-2.120193562416318,1.5468151455800807,0.3261100926817012,3.769869810245439,0.5763263524157952,0.0,0.0,1.6217930570788974,1.625169830777219,0.2470783072863635,0.7195721844588168,2.3556949522205115,3.273743764834666,0.51504468427774,5910
214,44.97107494169425,-25.00280791900582,0.13422632661230943,47.12532924014092,67.22782258944166,-25.00280791900582,nan,0.04908269291407386,0.08514363369823552,45.27329929403754,-24.36156722517895,0.1326940934196878,46.948272296546975,67.99269845882526,-24.36156722517895,nan,1600.1914511683071,0.8873495758456188,0.0,0.43614422844984124,1803.3382724540893,46.0,46.0,,0.0002610462867347796,,,,,,,1.514697070419079,,0,0.7044064478600345,2.655520601929772,inf,-inf,-0.2004578662762977,0.13670381738330192,-0.4597412136436603,0.11337288064741535,inf,-inf,2.70699915657719,0.14780268019493692,0.14780268019493692,0.14780268019493692,784,3.126130617891558,1.6809632255538904,2.332804711870035,,,-2.120193562416318,1.5468151455800807,0.3261100926817012,3.769869810245439,0.5763263524157952,0.0,0.0,1.6217930570788974,1.625169830777219,0.2470783072863635,0.7195721844588168,2.3556949522205115,3.273743764834666,0.51504468427774,5910
215,45.07159352802155,-25.053927611503717,0.13484808347286167,47.14104261581399,67.29355661580468,-25.053927611503717,nan,0.04930890065956104,0.08553918281330061,45.06577933412267,-25.02332159953729,0.1351007666697714,46.45049387564392,66.62805237689906,-25.02332159953729,nan,1751.4485027363926,0.8820518268698205,0.0,0.43488679280733394,1985.6525992943539,46.0,46.0,,0.00026070045097610454,,,,,,,1.4736682370156402,,0,0.6711167767212401,2.671691568164198,inf,-inf,-0.20342178422578294,0.10543989475131037,-0.4587943024595953,0.12079883789240536,inf,-inf,2.712820953207179,0.1476507957961542,0.1476507957961542,0.1476507957961542,784,3.138952907237192,1.6825501394872022,2.358807302846984,,,-2.148716327372713,1.5031857233727188,0.32590365078168604,3.980963761950375,0.5999882242918053,0.0,0.0,1.5802299805655817,1.5845728024135455,0.2466458499315315,0.6824512038290097,2.3058485549039136,3.3787742507692187,0.5287591758173871,5910
216,45.009536817620734,-25.254657637056948,0.13519405346918664,47.202477289625314,67.09255052365829,-25.254657637056948,nan,0.04954899495970172,0.08564505850948492,45.06577933412267,-25.02332159953729,0.1351007666697714,46.45049387564392,66.62805237689906,-25.02332159953729,nan,1223.7072181934059,0.8884375023364508,0.0,0.42803118691346737,1377.3700625820595,46.0,46.0,,0.00026035332729079137,,,,,,,1.4736682370156402,,0,0.6711167767212401,2.671691568164198,inf,-inf,-0.19502167093397496,0.11352731132086802,-0.44924938415044546,0.12073625921454761,inf,-inf,2.720927744360922,0.1474069899221225,0.1474069899221225,0.1474069899221225,784,3.138952907237192,1.6825501394872022,2.358807302846984,,,-2.148716327372713,1.5031857233727188,0.32590365078168604,3.980963761950375,0.5999882242918053,0.0,0.0,1.5802299805655817,1.5845728024135455,0.2466458499315315,0.6824512038290097,2.3058485549039136,3.3787742507692187,0.5287591758173871,5910
217,44.94967798218745,-24.99220129819796,0.13533002769069788,46.95600920990614,67.04881592158634,-24.99220129819796,nan,0.04977503235707636,0.08555499533362151,45.06577933412267,-25.02332159953729,0.1351007666697714,46.45049387564392,66.62805237689906,-25.02332159953729,nan,2065.545654253182,0.873444820946306,0.0,0.4755013440818661,2364.826723702285,46.0,46.0,,0.00026000491990843267,,,,,,,1.4736682370156402,,0,0.6711167767212401,2.671691568164198,inf,-inf,-0.1977829564404171,0.11026096021451877,-0.45242171139769455,0.1227463464155904,inf,-inf,2.725725228753556,0.1474335515074054,0.1474335515074054,0.1474335515074054,784,3.138952907237192,1.6825501394872022,2.358807302846984,,,-2.148716327372713,1.5031857233727188,0.32590365078168604,3.980963761950375,0.5999882242918053,0.0,0.0,1.5802299805655817,1.5845728024135455,0.2466458499315315,0.6824512038290097,2.3058485549039136,3.3787742507692187,0.5287591758173871,5910
218,44.972156395433466,-25.31803495985284,0.13597724181421778,47.01028883183676,66.8003875092316,-25.31803495985284,nan,0.05001967985631298,0.08595756195790477,45.06577933412267,-25.02332159953729,0.1351007666697714,46.45049387564392,66.62805237689906,-25.02332159953729,nan,1448.6714746758228,0.8453978209553838,0.0,0.3845768242267696,1713.5973606351145,46.0,46.0,,0.0002596552330742624,,,,,,,1.4736682370156402,,0,0.6711167767212401,2.671691568164198,inf,-inf,-0.19821058146471535,0.10773339042218522,-0.44816880400702885,0.0933701313017482,inf,-inf,2.7351127124549355,0.14718579597702924,0.14718579597702924,0.14718579597702924,784,3.138952907237192,1.6825501394872022,2.358807302846984,,,-2.148716327372713,1.5031857233727188,0.32590365078168604,3.980963761950375,0.5999882242918053,0.0,0.0,1.5802299805655817,1.5845728024135455,0.2466458499315315,0.6824512038290097,2.3058485549039136,3.3787742507692187,0.5287591758173871,5910
219,44.90235770188145,-25.24377718789083,0.13583741032336305,46.855088918887866,66.64950684320185,-25.24377718789083,nan,0.05021581198283565,0.08562159834052738,45.06577933412267,-25.02332159953729,0.1351007666697714,46.45049387564392,66.62805237689906,-25.02332159953729,nan,1257.8284880224878,0.8746693018439504,0.0,0.4524307294605021,1438.0617741708475,46.0,46.0,,0.0002593042710491043,,,,,,,1.4736682370156402,,0,0.6711167767212401,2.671691568164198,inf,-inf,-0.1970676899374009,0.10525883045282401,-0.45209045835018535,0.11848382867982604,inf,-inf,2.7447472186513977,0.1468992624236244,0.1468992624236244,0.1468992624236244,784,3.138952907237192,1.6825501394872022,2.358807302846984,,,-2.148716327372713,1.5031857233727188,0.32590365078168604,3.980963761950375,0.5999882242918053,0.0,0.0,1.5802299805655817,1.5845728024135455,0.2466458499315315,0.6824512038290097,2.3058485549039136,3.3787742507692187,0.5287591758173871,5910
220,44.920915713368636,-25.250929860691976,0.1358808425599526,46.91443887259041,66.72030556782703,-25.250929860691976,nan,0.05046028538185983,0.08542055717809278,45.044780617526925,-25.14223188114907,0.13586476050166163,46.35661050541711,66.39502400229662,-25.14223188114907,nan,1406.5220832715015,0.8582844902282452,0.0,0.38223552008206985,1638.7597577319177,46.0,46.0,,0.0002589520381093199,,,,,,,1.4369336678747056,,0,0.6416717426045024,2.638979427943486,inf,-inf,-0.19458969571349266,0.14960413868093567,-0.4508266811197784,0.13967402892752878,inf,-inf,2.7515088762390394,0.14685146245785632,0.14685146245785632,0.14685146245785632,784,3.143245205743579,1.6821995976940558,2.374712109487313,,,-2.1751604050482443,1.4644680375502301,0.32597425177469197,4.11266267894554,0.6141230900877663,0.0,0.0,1.543052254098883,1.5473264815312573,0.24688545702978576,0.6496772910404425,2.265863906368333,3.4876760164105574,0.5425361348556558,5910
221,44.72650053965294,-25.43235027842051,0.1356489519667611,46.899505811000985,66.32930502420018,-25.43235027842051,nan,0.05063620127914789,0.08501275068761323,45.044780617526925,-25.14223188114907,0.13586476050166163,46.35661050541711,66.39502400229662,-25.14223188114907,nan,1446.0268153469303,0.8093464692959612,0.0,0.3939855929064158,1786.659817772243,46.0,46.0,,0.0002585985385467564,,,,,,,1.4369336678747056,,0,0.6416717426045024,2.638979427943486,inf,-inf,-0.1959587107268404,0.14942936048556907,-0.45214907794562387,0.1455946215717689,inf,-inf,2.757811133631727,0.146825254028625,0.146825254028625,0.146825254028625,784,3.143245205743579,1.6821995976940558,2.374712109487313,,,-2.1751604050482443,1.4644680375502301,0.32597425177469197,4.11266267894554,0.6141230900877663,0.0,0.0,1.543052254098883,1.5473264815312573,0.24688545702978576,0.6496772910404425,2.265863906368333,3.4876760164105574,0.5425361348556558,5910
222,44.80523691526512,-25.1364648964638,0.13588006503539046,46.65215474026038,66.45680682409709,-25.1364648964638,nan,0.05082620820656272,0.08505385682882774,45.044780617526925,-25.14223188114907,0.13586476050166163,46.35661050541711,66.39502400229662,-25.14223188114907,nan,1567.8610030603431,0.8902803088251952,0.0,0.47235119808914705,1761.0869155685095,46.0,46.0,,0.00025824377666869443,,,,,,,1.4369336678747056,,0,0.6416717426045024,2.638979427943486,inf,-inf,-0.19775966328099814,0.12150426581753761,-0.46008778821803326,0.12501004899710444,inf,-inf,2.7645308133732653,0.14685147131737933,0.14685147131737933,0.14685147131737933,784,3.143245205743579,1.6821995976940558,2.374712109487313,,,-2.1751604050482443,1.4644680375502301,0.32597425177469197,4.11266267894554,0.6141230900877663,0.0,0.0,1.543052254098883,1.5473264815312573,0.24688545702978576,0.6496772910404425,2.265863906368333,3.4876760164105574,0.5425361348556558,5910
223,44.813567631003636,-25.288058918037088,0.13632369188708485,46.582644374030124,66.24447677888375,-25.288058918037088,nan,0.05103409444123264,0.08528959744585221,45.044780617526925,-25.14223188114907,0.13586476050166163,46.35661050541711,66.39502400229662,-25.14223188114907,nan,1224.2887774833964,0.8709106885551998,0.0,0.4112995245903283,1405.7569778072586,46.0,46.0,,0.0002578877567977955,,,,,,,1.4369336678747056,,0,0.6416717426045024,2.638979427943486,inf,-inf,-0.1914736679927745,0.12045111909079526,-0.4503538588419242,0.10516778207086763,inf,-inf,2.7758020468703046,0.1466255871578226,0.1466255871578226,0.1466255871578226,784,3.143245205743579,1.6821995976940558,2.374712109487313,,,-2.1751604050482443,1.4644680375502301,0.32597425177469197,4.11266267894554,0.6141230900877663,0.0,0.0,1.543052254098883,1.5473264815312573,0.24688545702978576,0.6496772910404425,2.265863906368333,3.4876760164105574,0.5425361348556558,5910
224,44.956419755707294,-25.06628868659617,0.1367459380891175,46.57032711120059,66.59720411840084,-25.06628868659617,nan,0.051280887782584654,0.08546505030653288,45.044780617526925,-25.14223188114907,0.13586476050166163,46.35661050541711,66.39502400229662,-25.14223188114907,nan,1854.3699180718788,0.8903303104562417,0.0,0.4919676862981138,2082.788709194483,46.0,46.0,,0.00025753048327204934,,,,,,,1.4369336678747056,,0,0.6416717426045024,2.638979427943486,inf,-inf,-0.19854041000238457,0.13824859532126335,-0.45087437077644155,0.13295286423100627,inf,-inf,2.7770313219068576,0.14695473862135222,0.14695473862135222,0.14695473862135222,784,3.143245205743579,1.6821995976940558,2.374712109487313,,,-2.1751604050482443,1.4644680375502301,0.32597425177469197,4.11266267894554,0.6141230900877663,0.0,0.0,1.543052254098883,1.5473264815312573,0.24688545702978576,0.6496772910404425,2.265863906368333,3.4876760164105574,0.5425361348556558,5910
225,44.83256799447069,-25.178437103190003,0.13731910119470825,46.581812151762556,66.37326214423796,-25.178437103190003,nan,0.05154475660680842,0.08577434458789981,44.89405412113643,-24.678957832790683,0.13740148489056103,45.884686312542435,66.23718408577874,-24.678957832790683,nan,1511.272081322005,0.8836519538375683,0.0,0.3969362215617453,1710.2571603658844,46.0,46.0,,0.0002571719604447212,,,,,,,1.402649300401859,,0,0.6143878014550642,2.617190444635043,inf,-inf,-0.19609827440748054,0.1643506875287805,-0.4587826685231583,0.12715274545934835,inf,-inf,2.785525730480693,0.1467453816131269,0.1467453816131269,0.1467453816131269,784,3.1496733678654323,1.682299319400394,2.3894839302991464,,,-2.2008657730096144,1.4280862247293076,0.326457775975803,4.259834649120164,0.6293927417392472,0.0,0.0,1.508348526820986,1.5138250394196704,0.24708243571749847,0.6197250426406323,2.230626637103126,3.5993811507091653,0.556227838007482,5910
226,44.80118634153087,-24.98547631557518,0.13806200441680055,46.497734727675095,66.45150675804759,-24.98547631557518,nan,0.051793603559213794,0.08626840085758677,44.89405412113643,-24.678957832790683,0.13740148489056103,45.884686312542435,66.23718408577874,-24.678957832790683,nan,1564.4592182372214,0.9144671775250315,0.0,0.5654523644448719,1710.7877206389924,46.0,46.0,,0.0002568121926842985,,,,,,,1.402649300401859,,0,0.6143878014550642,2.617190444635043,inf,-inf,-0.19361977286912763,0.13210184200763814,-0.45360210697821557,0.13764995984895928,inf,-inf,2.795445966713041,0.14679840428769003,0.14679840428769003,0.14679840428769003,784,3.1496733678654323,1.682299319400394,2.3894839302991464,,,-2.2008657730096144,1.4280862247293076,0.326457775975803,4.259834649120164,0.6293927417392472,0.0,0.0,1.508348526820986,1.5138250394196704,0.24708243571749847,0.6197250426406323,2.230626637103126,3.5993811507091653,0.556227838007482,5910
227,44.89947995795479,-25.160104333145647,0.13869043316169885,46.353955981033685,66.23202203900453,-25.160104333145647,nan,0.05209167491087655,0.08659875825082229,44.89405412113643,-24.678957832790683,0.13740148489056103,45.884686312542435,66.23718408577874,-24.678957832790683,nan,1210.3947923633473,0.8690757466542227,0.0,0.4580051575850463,1392.7379713714695,46.0,46.0,,0.00025645118437443796,,,,,,,1.402649300401859,,0,0.6143878014550642,2.617190444635043,inf,-inf,-0.19269698864559878,0.1350860813549551,-0.4490138771178708,0.12559685040998933,inf,-inf,2.8020325293823443,0.14671351661355805,0.14671351661355805,0.14671351661355805,784,3.1496733678654323,1.682299319400394,2.3894839302991464,,,-2.2008657730096144,1.4280862247293076,0.326457775975803,4.259834649120164,0.6293927417392472,0.0,0.0,1.508348526820986,1.5138250394196704,0.24708243571749847,0.6197250426406323,2.230626637103126,3.5993811507091653,0.556227838007482,5910
228,44.673360574250786,-25.114169010355468,0.14003232928710158,46.152701668670794,65.85192556185322,-25.114169010355468,nan,0.052334828722173106,0.08769750056492842,44.89405412113643,-24.678957832790683,0.13740148489056103,45.884686312542435,66.23718408577874,-24.678957832790683,nan,1398.18219217934,0.8859220950375367,0.0,0.4554076593700696,1578.2225096441452,46.0,46.0,,0.0002560889399139118,,,,,,,1.402649300401859,,0,0.6143878014550642,2.617190444635043,inf,-inf,-0.20658823517178165,0.1524969516255537,-0.45336210366842444,0.11781268314606938,inf,-inf,2.8157130847618124,0.14648754287790505,0.14648754287790505,0.14648754287790505,784,3.1496733678654323,1.682299319400394,2.3894839302991464,,,-2.2008657730096144,1.4280862247293076,0.326457775975803,4.259834649120164,0.6293927417392472,0.0,0.0,1.508348526820986,1.5138250394196704,0.24708243571749847,0.6197250426406323,2.230626637103126,3.5993811507091653,0.556227838007482,5910
229,44.74706227405661,-24.88310633670032,0.14037202652055375,45.999121286917095,66.00344925079393,-24.88310633670032,nan,0.052582633444556465,0.08778939307599733,44.89405412113643,-24.678957832790683,0.13740148489056103,45.884686312542435,66.23718408577874,-24.678957832790683,nan,1988.999438106619,0.9149578705514066,0.0,0.4245755760085546,2173.869969453274,46.0,46.0,,0.0002557254637165545,,,,,,,1.402649300401859,,0,0.6143878014550642,2.617190444635043,inf,-inf,-0.2088440153154791,0.15020218578535618,-0.45634260824953776,0.12318783903581992,inf,-inf,2.828993609847585,0.1463033002473078,0.1463033002473078,0.1463033002473078,784,3.1496733678654323,1.682299319400394,2.3894839302991464,,,-2.2008657730096144,1.4280862247293076,0.326457775975803,4.259834649120164,0.6293927417392472,0.0,0.0,1.508348526820986,1.5138250394196704,0.24708243571749847,0.6197250426406323,2.230626637103126,3.5993811507091653,0.556227838007482,5910
230,44.65441006818314,-25.183305501107338,0.1417181751954717,46.06468071585406,65.67750345812533,-25.183305501107338,nan,0.05281685453535235,0.08890132066011935,44.43462899883259,-24.375241888199298,0.14177965980048185,44.98754183445118,65.18870860488495,-24.375241888199298,nan,1332.6014611525786,0.8673202471820136,0.0,0.3954061309463861,1536.458379107714,46.0,46.0,,0.00025536076021120887,,,,,,,1.3658871673949597,,0,0.5869262017065883,2.5911699562020574,inf,-inf,-0.19653592462627353,0.13815695165847725,-0.45358257442700267,0.12885459187187595,inf,-inf,2.84673248363612,0.145934690626359,0.145934690626359,0.145934690626359,784,3.1710565552012966,1.686593638033861,2.4178179494809973,,,-2.229183621245308,1.3895408047792084,0.32609801662198995,4.4148139044871195,0.6449124016943992,0.0,0.0,1.4707032562834446,1.476259847502449,0.24659617568066758,0.5890503900126348,2.191597582710894,3.720560447577134,0.5706083648703296,5910
231,44.733787039016455,-24.962318070505578,0.14267715854522856,45.888545994073965,65.80269212113006,-24.962318070505578,nan,0.053018273057199555,0.08965888548802899,44.43462899883259,-24.375241888199298,0.14177965980048185,44.98754183445118,65.18870860488495,-24.375241888199298,nan,1460.7757747300345,0.886638025169015,0.0,0.4502134023840383,1647.5446949746768,46.0,46.0,,0.000254994833841672,,,,,,,1.3658871673949597,,0,0.5869262017065883,2.5911699562020574,inf,-inf,-0.20996393475901357,0.13903949663033516,-0.45180330053437173,0.12100202172109037,inf,-inf,2.8578732562016915,0.14582851994449775,0.14582851994449775,0.14582851994449775,784,3.1710565552012966,1.686593638033861,2.4178179494809973,,,-2.229183621245308,1.3895408047792084,0.32609801662198995,4.4148139044871195,0.6449124016943992,0.0,0.0,1.4707032562834446,1.476259847502449,0.24659617568066758,0.5890503900126348,2.191597582710894,3.720560447577134,0.5706083648703296,5910
232,44.83246016906236,-24.731522426927917,0.14356409320675603,45.85944742033672,66.10394925567792,-24.731522426927917,nan,0.05322797898695715,0.09033611421979885,44.43462899883259,-24.375241888199298,0.14177965980048185,44.98754183445118,65.18870860488495,-24.375241888199298,nan,2304.0904577428296,0.9136153042008501,0.0,0.44506011803612583,2521.948184480386,46.0,46.0,,0.0002546276890666412,,,,,,,1.3658871673949597,,0,0.5869262017065883,2.5911699562020574,inf,-inf,-0.20081679421502624,0.15961672563042184,-0.45127912435402917,0.12349645920799024,inf,-inf,2.8672627026210877,0.14588926227336624,0.14588926227336624,0.14588926227336624,784,3.1710565552012966,1.686593638033861,2.4178179494809973,,,-2.229183621245308,1.3895408047792084,0.32609801662198995,4.4148139044871195,0.6449124016943992,0.0,0.0,1.4707032562834446,1.476259847502449,0.24659617568066758,0.5890503900126348,2.191597582710894,3.720560447577134,0.5706083648703296,5910
233,44.727832108682016,-24.751794620032168,0.14442309885502902,45.706026978362786,65.82648756586767,-24.751794620032168,nan,0.053476109746496504,0.09094698910853252,44.43462899883259,-24.375241888199298,0.14177965980048185,44.98754183445118,65.18870860488495,-24.375241888199298,nan,2052.375575792798,0.9011490434950921,0.0,0.33105104243285893,2277.509575810781,46.0,46.0,,0.0002542593303596597,,,,,,,1.3658871673949597,,0,0.5869262017065883,2.5911699562020574,inf,-inf,-0.20427979290052173,0.1373262106687272,-0.45828792699510384,0.11273615140878723,inf,-inf,2.8823895313416754,0.1455194445879093,0.1455194445879093,0.1455194445879093,784,3.1710565552012966,1.686593638033861,2.4178179494809973,,,-2.229183621245308,1.3895408047792084,0.32609801662198995,4.4148139044871195,0.6449124016943992,0.0,0.0,1.4707032562834446,1.476259847502449,0.24659617568066758,0.5890503900126348,2.191597582710894,3.720560447577134,0.5706083648703296,5910
234,44.86752599456912,-25.16559610355614,0.14475798643710933,45.991447988104994,65.83813586555509,-25.16559610355614,nan,0.05362164310317201,0.0911363433339373,44.43462899883259,-24.375241888199298,0.14177965980048185,44.98754183445118,65.18870860488495,-24.375241888199298,nan,1755.7504594285072,0.8485348565665968,0.0,0.3377304298709741,2069.1553751047445,46.0,46.0,,0.0002538897622090621,,,,,,,1.3658871673949597,,0,0.5869262017065883,2.5911699562020574,inf,-inf,-0.19882299353344096,0.14868748995718795,-0.4464562995818863,0.1023979870487057,inf,-inf,2.8936227270905497,0.14543351524215933,0.14543351524215933,0.14543351524215933,784,3.1710565552012966,1.686593638033861,2.4178179494809973,,,-2.229183621245308,1.3895408047792084,0.32609801662198995,4.4148139044871195,0.6449124016943992,0.0,0.0,1.4707032562834446,1.476259847502449,0.24659617568066758,0.5890503900126348,2.191597582710894,3.720560447577134,0.5706083648703296,5910
235,44.80569837094339,-24.748282005513182,0.14452138398981915,45.63356042005578,65.83549816947581,-24.748282005513182,nan,0.053808487593768425,0.09071289639605074,44.957407458729165,-23.87376885572656,0.14451283386847413,45.42267746349076,66.65082890036183,-23.87376885572656,nan,2666.1670321611164,0.880517391769882,0.0,0.3704583821250917,3027.9549922369997,46.0,46.0,,0.0002535189891179197,,,,,,,1.3367797375535684,,0,0.5640399124970176,2.570900421554268,inf,-inf,-0.20050883361049524,0.13584254353216862,-0.4488391772278755,0.09759732121508247,inf,-inf,2.9030183393164104,0.14537149778480601,0.14537149778480601,0.14537149778480601,784,3.1882290704460012,1.6894434162238205,2.4344386184351214,,,-2.2523771680122864,1.3588922897525562,0.3272994613628066,4.558011524703692,0.6587754189375756,0.0,0.0,1.441213669102209,1.445545967419838,0.2472491052811368,0.5640399124970176,2.1650069824150755,3.8383932314834603,0.5841494648015442,5910
236,44.79641319478558,-24.828463968207455,0.1450689577123889,45.669377311383734,65.78239549567425,-24.828463968207455,nan,0.05399786149011845,0.0910710962222704,44.957407458729165,-23.87376885572656,0.14451283386847413,45.42267746349076,66.65082890036183,-23.87376885572656,nan,1954.2503847554528,0.8841656623272229,0.0,0.35866443849225893,2210.2762729007677,46.0,46.0,,0.00025314701560398567,,,,,,,1.3367797375535684,,0,0.5640399124970176,2.570900421554268,inf,-inf,-0.1952845417566055,0.14219754080246472,-0.45634120247016474,0.09379941190671766,inf,-inf,2.910023407235552,0.14548553900865088,0.14548553900865088,0.14548553900865088,784,3.1882290704460012,1.6894434162238205,2.4344386184351214,,,-2.2523771680122864,1.3588922897525562,0.3272994613628066,4.558011524703692,0.6587754189375756,0.0,0.0,1.441213669102209,1.445545967419838,0.2472491052811368,0.5640399124970176,2.1650069824150755,3.8383932314834603,0.5841494648015442,5910
237,44.73434478013341,-25.033111683999802,0.14553828749619038,45.53822451792685,65.38499590155665,-25.033111683999802,nan,0.054200147310776735,0.09133814018541367,44.957407458729165,-23.87376885572656,0.14451283386847413,45.42267746349076,66.65082890036183,-23.87376885572656,nan,1519.3845391787972,0.8900092427932356,0.0,0.3759024365000825,1707.155910437861,46.0,46.0,,0.00025277384619963974,,,,,,,1.3367797375535684,,0,0.5640399124970176,2.570900421554268,inf,-inf,-0.2019329321466185,0.1477927930438735,-0.4586790884968442,0.13551588184122135,inf,-inf,2.9224954521970288,0.14527094410043143,0.14527094410043143,0.14527094410043143,784,3.1882290704460012,1.6894434162238205,2.4344386184351214,,,-2.2523771680122864,1.3588922897525562,0.3272994613628066,4.558011524703692,0.6587754189375756,0.0,0.0,1.441213669102209,1.445545967419838,0.2472491052811368,0.5640399124970176,2.1650069824150755,3.8383932314834603,0.5841494648015442,5910
238,44.742227318703094,-24.690559656983044,0.1465654293196857,45.39400913562882,65.59224222666856,-24.690559656983044,nan,0.05445857915223106,0.09210685016745465,44.957407458729165,-23.87376885572656,0.14451283386847413,45.42267746349076,66.65082890036183,-23.87376885572656,nan,2259.996916510744,0.9231103081628744,0.0,0.446273466750268,2448.2414469062437,46.0,46.0,,0.00025239948545183346,,,,,,,1.3367797375535684,,0,0.5640399124970176,2.570900421554268,inf,-inf,-0.19748843407099897,0.14383016098035412,-0.4558572381790274,0.14206194325697374,inf,-inf,2.9325253223169914,0.1452374648852445,0.1452374648852445,0.1452374648852445,784,3.1882290704460012,1.6894434162238205,2.4344386184351214,,,-2.2523771680122864,1.3588922897525562,0.3272994613628066,4.558011524703692,0.6587754189375756,0.0,0.0,1.441213669102209,1.445545967419838,0.2472491052811368,0.5640399124970176,2.1650069824150755,3.8383932314834603,0.5841494648015442,5910
239,44.72902636209748,-25.191186923259405,0.14689790390210877,45.503335061455694,65.18807240419588,-25.191186923259405,nan,0.05469198010788189,0.09220592379422694,44.957407458729165,-23.87376885572656,0.14451283386847413,45.42267746349076,66.65082890036183,-23.87376885572656,nan,1577.2078453709644,0.8283928005835672,0.0,0.32485765910142567,1903.9371711824258,46.0,46.0,,0.0002520239379220343,,,,,,,1.3367797375535684,,0,0.5640399124970176,2.570900421554268,inf,-inf,-0.19065951561452793,0.14334986843199723,-0.4567717144700569,0.09787639444516576,inf,-inf,2.9477912059823552,0.14472997757168238,0.14472997757168238,0.14472997757168238,784,3.1882290704460012,1.6894434162238205,2.4344386184351214,,,-2.2523771680122864,1.3588922897525562,0.3272994613628066,4.558011524703692,0.6587754189375756,0.0,0.0,1.441213669102209,1.445545967419838,0.2472491052811368,0.5640399124970176,2.1650069824150755,3.8383932314834603,0.5841494648015442,5910
240,44.62921353811352,-24.798769558639766,0.1469676280808124,45.094239243687305,65.07165085124187,-24.798769558639766,nan,0.05489675229011202,0.09207087579070039,44.60836429260311,-24.83068991430897,0.14757661265502073,44.42164267129439,64.34689366224356,-24.83068991430897,nan,1406.6640799406518,0.9176188793904381,0.0,0.42469208322652735,1532.9502384204213,46.0,46.0,,0.0002516472081861705,,,,,,,1.3055688109411259,,0,0.5386973820662632,2.5502774667135215,inf,-inf,-0.20249124978676497,0.13598591872649146,-0.4682602690101218,0.10757081394503568,inf,-inf,2.952432719033759,0.1450234492076855,0.1450234492076855,0.1450234492076855,784,3.2093215022213406,1.6933271208454745,2.465969840958083,,,-2.2778173383721545,1.326205838268439,0.3273758307132286,4.734156043104403,0.675242568663259,0.0,0.0,1.4093287342256797,1.4132211162065926,0.24679334577895953,0.5386973820662632,2.1223689638604375,3.9398167403742326,0.5954760211922693,5910
241,44.58343343259312,-24.944378065410127,0.14789192567918513,45.006881441275866,64.79382873413805,-24.944378065410127,nan,0.05515660934323087,0.09273531633595422,44.60836429260311,-24.83068991430897,0.14757661265502073,44.42164267129439,64.34689366224356,-24.83068991430897,nan,1445.0240283229514,0.8981094984074044,0.0,0.34397955320905493,1608.9619705452144,46.0,46.0,,0.00025126930083457495,,,,,,,1.3055688109411259,,0,0.5386973820662632,2.5502774667135215,inf,-inf,-0.20546029270924154,0.14472081255651625,-0.45945942268446616,0.11309939292256194,inf,-inf,2.9668097060010203,0.14456174386785617,0.14456174386785617,0.14456174386785617,784,3.2093215022213406,1.6933271208454745,2.465969840958083,,,-2.2778173383721545,1.326205838268439,0.3273758307132286,4.734156043104403,0.675242568663259,0.0,0.0,1.4093287342256797,1.4132211162065926,0.24679334577895953,0.5386973820662632,2.1223689638604375,3.9398167403742326,0.5954760211922693,5910
242,44.70138773811421,-24.959915495912657,0.14869193666356717,44.986371204539,64.87653538340412,-24.959915495912657,nan,0.055335512925437834,0.09335642373812938,44.60836429260311,-24.83068991430897,0.14757661265502073,44.42164267129439,64.34689366224356,-24.83068991430897,nan,1557.3620150438621,0.8686119864963484,0.0,0.40755644980386246,1792.9317569351883,46.0,46.0,,0.00025089022047192943,,,,,,,1.3055688109411259,,0,0.5386973820662632,2.5502774667135215,inf,-inf,-0.19732682128125628,0.14059259686263456,-0.4598991551890405,0.10782344648778064,inf,-inf,2.977074740166731,0.1444441720872509,0.1444441720872509,0.1444441720872509,784,3.2093215022213406,1.6933271208454745,2.465969840958083,,,-2.2778173383721545,1.326205838268439,0.3273758307132286,4.734156043104403,0.675242568663259,0.0,0.0,1.4093287342256797,1.4132211162065926,0.24679334577895953,0.5386973820662632,2.1223689638604375,3.9398167403742326,0.5954760211922693,5910
243,44.37295706133756,-24.8035537467939,0.14914964519249294,44.54754452520665,64.2660974849428,-24.8035537467939,nan,0.055567140505248254,0.09358250468724463,44.60836429260311,-24.83068991430897,0.14757661265502073,44.42164267129439,64.34689366224356,-24.83068991430897,nan,1395.8182009226505,0.9071983730810598,0.0,0.4080988634894132,1538.603068898947,46.0,46.0,,0.0002505099717172086,,,,,,,1.3055688109411259,,0,0.5386973820662632,2.5502774667135215,inf,-inf,-0.20436884626824808,0.13586482213813975,-0.4543882431914872,0.13795810918521972,inf,-inf,2.9863855276482933,0.14408913454752367,0.14408913454752367,0.14408913454752367,784,3.2093215022213406,1.6933271208454745,2.465969840958083,,,-2.2778173383721545,1.326205838268439,0.3273758307132286,4.734156043104403,0.675242568663259,0.0,0.0,1.4093287342256797,1.4132211162065926,0.24679334577895953,0.5386973820662632,2.1223689638604375,3.9398167403742326,0.5954760211922693,5910
244,44.40078133194469,-24.990045215430847,0.15032985207851962,44.67422166974454,64.2352876383369,-24.990045215430847,nan,0.05582987786792787,0.09449997421059178,44.60836429260311,-24.83068991430897,0.14757661265502073,44.42164267129439,64.34689366224356,-24.83068991430897,nan,1341.6843585113675,0.8681311340080897,0.0,0.3469082311966178,1545.485821153449,46.0,46.0,,0.00025012855920362347,,,,,,,1.3055688109411259,,0,0.5386973820662632,2.5502774667135215,inf,-inf,-0.20101099586055104,0.1436903515891143,-0.4555175684180431,0.11104966545162581,inf,-inf,2.992638221183959,0.1438533148796761,0.1438533148796761,0.1438533148796761,784,3.2093215022213406,1.6933271208454745,2.465969840958083,,,-2.2778173383721545,1.326205838268439,0.3273758307132286,4.734156043104403,0.675242568663259,0.0,0.0,1.4093287342256797,1.4132211162065926,0.24679334577895953,0.5386973820662632,2.1223689638604375,3.9398167403742326,0.5954760211922693,5910
245,44.50739144634527,-24.572198070705152,0.15081793154079556,44.16169963079799,64.2477109379789,-24.572198070705152,nan,0.05614089856989775,0.09467703297089781,44.66226503113691,-25.48452223425898,0.15082067080534267,43.89207191057059,63.22063537825387,-25.48452223425898,nan,1386.3951644127917,0.9943657369030011,0.0,0.581002140768998,1394.2507399045996,46.0,46.0,,0.00024974598757856526,,,,,,,1.2708181410279769,,0,0.5126771502357242,2.508746540324436,inf,-inf,-0.19781915594883373,0.13491221304041306,-0.45605030954926074,0.1400960323366212,inf,-inf,2.992658671251711,0.14343057887331104,0.14343057887331104,0.14343057887331104,784,3.2377506343418094,1.6995691437501628,2.495274930314724,,,-2.3070106610154304,1.290046234299015,0.3259517238100868,4.893423744691834,0.6896128250003135,0.0,0.0,1.3737249557691291,1.3749985260261328,0.24526581886625776,0.5126771502357242,2.083690017969078,4.06433174759401,0.6089891496373927,5910
246,44.46061077564968,-25.03340817544808,0.15109069785245297,44.31645032280859,63.89474362086264,-25.03340817544808,nan,0.05642283418009603,0.09466786367235691,44.66226503113691,-25.48452223425898,0.15082067080534267,43.89207191057059,63.22063537825387,-25.48452223425898,nan,1246.5743760418031,0.8405551395955126,0.0,0.34258315576345716,1483.0370041418971,46.0,46.0,,0.00024936226150354835,,,,,,,1.2708181410279769,,0,0.5126771502357242,2.508746540324436,inf,-inf,-0.20790388906703205,0.14807616683478375,-0.46086755999603257,0.10263071186864142,inf,-inf,2.9975444602506753,0.14324449214256765,0.14324449214256765,0.14324449214256765,784,3.2377506343418094,1.6995691437501628,2.495274930314724,,,-2.3070106610154304,1.290046234299015,0.3259517238100868,4.893423744691834,0.6896128250003135,0.0,0.0,1.3737249557691291,1.3749985260261328,0.24526581886625776,0.5126771502357242,2.083690017969078,4.06433174759401,0.6089891496373927,5910
247,44.59805521224545,-24.509242539868186,0.15130588675197074,43.99528360168515,64.23540216081439,-24.509242539868186,nan,0.05663443668369604,0.0946714500682747,44.66226503113691,-25.48452223425898,0.15082067080534267,43.89207191057059,63.22063537825387,-25.48452223425898,nan,1571.0674974457456,0.9315260363135028,0.0,0.432906312430924,1686.5524270939504,46.0,46.0,,0.00024897738565415395,,,,,,,1.2708181410279769,,0,0.5126771502357242,2.508746540324436,inf,-inf,-0.19473632036291558,0.1433135053372641,-0.45042726876751066,0.13576055186417757,inf,-inf,2.9954689772428122,0.14312975547185192,0.14312975547185192,0.14312975547185192,784,3.2377506343418094,1.6995691437501628,2.495274930314724,,,-2.3070106610154304,1.290046234299015,0.3259517238100868,4.893423744691834,0.6896128250003135,0.0,0.0,1.3737249557691291,1.3749985260261328,0.24526581886625776,0.5126771502357242,2.083690017969078,4.06433174759401,0.6089891496373927,5910
248,44.427837006056926,-24.80607830119041,0.1512810448893342,44.13397374379734,63.907013493553194,-24.80607830119041,nan,0.05693349725234792,0.09434754763698625,44.66226503113691,-25.48452223425898,0.15082067080534267,43.89207191057059,63.22063537825387,-25.48452223425898,nan,1248.0901980493722,0.9168988075937318,0.0,0.33898083926872935,1361.2082246292853,46.0,46.0,,0.00024859136471997286,,,,,,,1.2708181410279769,,0,0.5126771502357242,2.508746540324436,inf,-inf,-0.1927572938049375,0.16220538522312145,-0.46031475401781724,0.10607025979143309,inf,-inf,2.995861417394724,0.14292618828806294,0.14292618828806294,0.14292618828806294,784,3.2377506343418094,1.6995691437501628,2.495274930314724,,,-2.3070106610154304,1.290046234299015,0.3259517238100868,4.893423744691834,0.6896128250003135,0.0,0.0,1.3737249557691291,1.3749985260261328,0.24526581886625776,0.5126771502357242,2.083690017969078,4.06433174759401,0.6089891496373927,5910
249,44.375191368965886,-24.938898210356683,0.15176850121612104,43.903140105376956,63.49120176520228,-24.938898210356683,nan,0.057184320028164703,0.0945841811879563,44.66226503113691,-25.48452223425898,0.15082067080534267,43.89207191057059,63.22063537825387,-25.48452223425898,nan,1265.3177638005359,0.8573213448035264,0.0,0.38659730155498695,1475.8967235214593,46.0,46.0,,0.0002482042034045483,,,,,,,1.2708181410279769,,0,0.5126771502357242,2.508746540324436,inf,-inf,-0.1971938603296717,0.12906607589785676,-0.4644081643622028,0.09691091928827107,inf,-inf,2.997419452633542,0.14281208337771154,0.14281208337771154,0.14281208337771154,784,3.2377506343418094,1.6995691437501628,2.495274930314724,,,-2.3070106610154304,1.290046234299015,0.3259517238100868,4.893423744691834,0.6896128250003135,0.0,0.0,1.3737249557691291,1.3749985260261328,0.24526581886625776,0.5126771502357242,2.083690017969078,4.06433174759401,0.6089891496373927,5910
250,44.33852070509191,-24.596197557549583,0.15169851866636785,43.66388941757981,63.557911083788504,-24.596197557549583,nan,0.05740196126647223,0.09429655739989569,44.44119888060567,-25.023202173536156,0.15138332079954303,43.150812541825246,62.720192569694305,-25.023202173536156,nan,1250.6378433121663,0.9190618879021933,0.0,0.45134378040292533,1360.7765263412373,46.0,46.0,,0.0002478159064253186,,,,,,,1.239167230471536,,0,0.48925244269617013,2.469146788790119,inf,-inf,-0.2044755050190433,0.11828278768123444,-0.45790061798130843,0.12251042023853109,inf,-inf,2.998958486300041,0.14252025582137295,0.14252025582137295,0.14252025582137295,784,3.253619785790542,1.7025827380291656,2.520635604689321,,,-2.3345771689526567,1.2561555086914589,0.3247062884477688,5.046774575479186,0.703013906514564,0.0,0.0,1.3417231726872707,1.3411164767665968,0.24454899434066565,0.48925244269617013,2.052035242718247,4.194225850789626,0.622651812660264,5910
251,44.2526561516507,-24.845178294961464,0.15152603436918788,43.57785015497346,63.136854046031885,-24.845178294961464,nan,0.05762706027772895,0.0938989740914589,44.44119888060567,-25.023202173536156,0.15138332079954303,43.150812541825246,62.720192569694305,-25.023202173536156,nan,1286.5415153852493,0.8521286589812299,0.0,0.29941437428312595,1509.7972610419952,46.0,46.0,,0.0002474264785135601,,,,,,,1.239167230471536,,0,0.48925244269617013,2.469146788790119,inf,-inf,-0.19960385346187814,0.13293532196604396,-0.47472444794265584,0.10351649055627266,inf,-inf,3.0026328159721225,0.14227274836337897,0.14227274836337897,0.14227274836337897,784,3.253619785790542,1.7025827380291656,2.520635604689321,,,-2.3345771689526567,1.2561555086914589,0.3247062884477688,5.046774575479186,0.703013906514564,0.0,0.0,1.3417231726872707,1.3411164767665968,0.24454899434066565,0.48925244269617013,2.052035242718247,4.194225850789626,0.622651812660264,5910
252,44.400602386423174,-24.54180314773047,0.15210485581681157,43.29934644884063,63.31025054335015,-24.54180314773047,nan,0.05792096372753355,0.09418389208927799,44.44119888060567,-25.023202173536156,0.15138332079954303,43.150812541825246,62.720192569694305,-25.023202173536156,nan,1166.5063723732194,0.9402213299536316,0.0,0.5512581125544952,1240.6721005050454,46.0,46.0,,0.0002470359244143289,,,,,,,1.239167230471536,,0,0.48925244269617013,2.469146788790119,inf,-inf,-0.20446161542675534,0.11223291451316655,-0.4562361846638959,0.1764577376749114,inf,-inf,3.0018351594141586,0.14199271512401715,0.14199271512401715,0.14199271512401715,784,3.253619785790542,1.7025827380291656,2.520635604689321,,,-2.3345771689526567,1.2561555086914589,0.3247062884477688,5.046774575479186,0.703013906514564,0.0,0.0,1.3417231726872707,1.3411164767665968,0.24454899434066565,0.48925244269617013,2.052035242718247,4.194225850789626,0.622651812660264,5910
253,44.395532403321255,-24.604818942566933,0.15256674463927575,43.24277500250875,63.18605520790235,-24.604818942566933,nan,0.05821469068711822,0.09435205395215757,44.44119888060567,-25.023202173536156,0.15138332079954303,43.150812541825246,62.720192569694305,-25.023202173536156,nan,1827.9616105512519,0.8184486406017054,0.0,0.2953092662419829,2233.446938353242,46.0,46.0,,0.0002466442488864035,,,,,,,1.239167230471536,,0,0.48925244269617013,2.469146788790119,inf,-inf,-0.19450751357875393,0.11721874728559095,-0.46154272082213216,0.09978708067683015,inf,-inf,3.0056146312358623,0.14182668504312873,0.14182668504312873,0.14182668504312873,784,3.253619785790542,1.7025827380291656,2.520635604689321,,,-2.3345771689526567,1.2561555086914589,0.3247062884477688,5.046774575479186,0.703013906514564,0.0,0.0,1.3417231726872707,1.3411164767665968,0.24454899434066565,0.48925244269617013,2.052035242718247,4.194225850789626,0.622651812660264,5910
254,44.328920655554604,-24.618655488869393,0.1534038691997376,43.11841542775113,62.982084463636085,-24.618655488869393,nan,0.058442752880819404,0.09496111631891822,44.44119888060567,-25.023202173536156,0.15138332079954303,43.150812541825246,62.720192569694305,-25.023202173536156,nan,1631.4989160503649,0.8823477063451257,0.0,0.395776027377474,1849.0430748762128,46.0,46.0,,0.00024625145670222656,,,,,,,1.239167230471536,,0,0.48925244269617013,2.469146788790119,inf,-inf,-0.19858664701993833,0.1084939097869583,-0.4606886403483557,0.12805734450563455,inf,-inf,3.007071135467344,0.14169972884811288,0.14169972884811288,0.14169972884811288,784,3.253619785790542,1.7025827380291656,2.520635604689321,,,-2.3345771689526567,1.2561555086914589,0.3247062884477688,5.046774575479186,0.703013906514564,0.0,0.0,1.3417231726872707,1.3411164767665968,0.24454899434066565,0.48925244269617013,2.052035242718247,4.194225850789626,0.622651812660264,5910
255,44.42931336792244,-25.144947850600932,0.15312680757600422,43.27055879721183,62.70805112210934,-25.144947850600932,nan,0.058604185532374,0.09452262204363023,44.345304156135114,-25.277650784049783,0.15261901797747268,42.78800989364832,62.008282283711125,-25.277650784049783,nan,1167.0250874735025,0.802801582153794,0.0,0.286693301198982,1453.6905674034078,46.0,46.0,,0.0002458575526478469,,,,,,,1.2122287274946781,,0,0.46904473422054455,2.4471995414086076,inf,-inf,-0.20287391248779013,0.12570202865647928,-0.4518751095887634,0.13685368441468776,inf,-inf,3.0182997616117944,0.14121223021119128,0.14121223021119128,0.14121223021119128,784,3.2674893632897932,1.7050750669266093,2.534901370173996,,,-2.358909125593713,1.227405722942203,0.3242566233721331,5.217411822084194,0.7174551179184468,0.0,0.0,1.3149488933319526,1.3100211052321362,0.24526264981080054,0.46904473422054455,2.0241802141979783,4.315537658815737,0.6350349107605153,5910
256,44.34313510491622,-24.904310208322826,0.15280704141209672,43.232136289594344,62.823768227599835,-24.904310208322826,nan,0.05871617135583052,0.09409087005626617,44.345304156135114,-25.277650784049783,0.15261901797747268,42.78800989364832,62.008282283711125,-25.277650784049783,nan,1526.539506823703,0.8223720231315224,0.0,0.3105998694295679,1856.2639096242247,46.0,46.0,,0.00024546254152286117,,,,,,,1.2122287274946781,,0,0.46904473422054455,2.4471995414086076,inf,-inf,-0.1987140771825247,0.1061628583116252,-0.4585141259722933,0.12971737543762865,inf,-inf,3.0223456854847415,0.1412265832349002,0.1412265832349002,0.1412265832349002,784,3.2674893632897932,1.7050750669266093,2.534901370173996,,,-2.358909125593713,1.227405722942203,0.3242566233721331,5.217411822084194,0.7174551179184468,0.0,0.0,1.3149488933319526,1.3100211052321362,0.24526264981080054,0.46904473422054455,2.0241802141979783,4.315537658815737,0.6350349107605153,5910
257,44.238035315604044,-24.77369464128431,0.1526582414767268,42.95813078708932,62.575129702885775,-24.77369464128431,nan,0.05888524062577493,0.0937730008509518,44.345304156135114,-25.277650784049783,0.15261901797747268,42.78800989364832,62.008282283711125,-25.277650784049783,nan,1565.553407983954,0.8759550327022189,0.0,0.2951149395590506,1787.2531688691881,46.0,46.0,,0.0002450664281403552,,,,,,,1.2122287274946781,,0,0.46904473422054455,2.4471995414086076,inf,-inf,-0.19885168034540657,0.11280099641584802,-0.46003368789887406,0.12566430824045186,inf,-inf,3.0254595336324543,0.14104750393127158,0.14104750393127158,0.14104750393127158,784,3.2674893632897932,1.7050750669266093,2.534901370173996,,,-2.358909125593713,1.227405722942203,0.3242566233721331,5.217411822084194,0.7174551179184468,0.0,0.0,1.3149488933319526,1.3100211052321362,0.24526264981080054,0.46904473422054455,2.0241802141979783,4.315537658815737,0.6350349107605153,5910
258,44.03769591187927,-24.966935214968885,0.15287465465610706,42.93101321356482,62.15464856513131,-24.966935214968885,nan,0.05900539204203409,0.09386926261407302,44.345304156135114,-25.277650784049783,0.15261901797747268,42.78800989364832,62.008282283711125,-25.277650784049783,nan,1320.0479528296933,0.8140185471345349,0.0,0.3000237380224053,1621.643582294846,46.0,46.0,,0.0002446692173268456,,,,,,,1.2122287274946781,,0,0.46904473422054455,2.4471995414086076,inf,-inf,-0.20140654192004168,0.11148844811252649,-0.47534083832270085,0.11282692952121565,inf,-inf,3.0314808902699264,0.14086195468246474,0.14086195468246474,0.14086195468246474,784,3.2674893632897932,1.7050750669266093,2.534901370173996,,,-2.358909125593713,1.227405722942203,0.3242566233721331,5.217411822084194,0.7174551179184468,0.0,0.0,1.3149488933319526,1.3100211052321362,0.24526264981080054,0.46904473422054455,2.0241802141979783,4.315537658815737,0.6350349107605153,5910
259,43.985360623323984,-24.769857212894735,0.1528009722089936,42.47500386155755,61.843308244195796,-24.769857212894735,nan,0.05917398338566914,0.09362698882332444,44.345304156135114,-25.277650784049783,0.15261901797747268,42.78800989364832,62.008282283711125,-25.277650784049783,nan,1178.563036622571,0.9224472545264182,0.0,0.4499039292147982,1277.648159110888,46.0,46.0,,0.00024427091392222066,,,,,,,1.2122287274946781,,0,0.46904473422054455,2.4471995414086076,inf,-inf,-0.21055471103639647,0.12473183282281641,-0.4628129454179369,0.17985181027345482,inf,-inf,3.031940649108592,0.14063420119533176,0.14063420119533176,0.14063420119533176,784,3.2674893632897932,1.7050750669266093,2.534901370173996,,,-2.358909125593713,1.227405722942203,0.3242566233721331,5.217411822084194,0.7174551179184468,0.0,0.0,1.3149488933319526,1.3100211052321362,0.24526264981080054,0.46904473422054455,2.0241802141979783,4.315537658815737,0.6350349107605153,5910
260,44.06371444685004,-24.237965763775605,0.15409324112911543,42.219039579048356,62.19888150325191,-24.237965763775605,nan,0.05959521130712758,0.09449802982198782,44.352034785554636,-24.633317269047083,0.15399959606640679,42.34116142927901,62.21387854185297,-24.633317269047083,nan,1810.2022329529445,0.9394464369740194,0.0,0.5049798246364033,1926.8817909232287,46.0,46.0,,0.00024387152277968182,,,,,,,1.1845713521916081,,0,0.4491912853690988,2.384992669122377,inf,-inf,-0.2121736131784813,0.1373541202623943,-0.4721493428598408,0.16728168950743486,inf,-inf,3.0290365530092482,0.14023691946530456,0.14023691946530456,0.14023691946530456,784,3.273758717384358,1.7058040481654746,2.548208377342668,,,-2.3842756318439475,1.1983903593029268,0.32318696104261724,5.3095256894012035,0.7250557264155062,0.0,0.0,1.2875668961586582,1.2832088570581774,0.2458692654187766,0.4491912853690988,2.0001824609186496,4.452852328324017,0.6486382926929937,5910
261,44.18694592463212,-24.812860976285286,0.15371096910719742,42.32864557796447,61.85644149541851,-24.812860976285286,nan,0.059853758721620375,0.09385721038557703,44.352034785554636,-24.633317269047083,0.15399959606640679,42.34116142927901,62.21387854185297,-24.633317269047083,nan,1466.4281883616075,0.8152750559223816,0.0,0.2874550752833237,1798.6913468148828,46.0,46.0,,0.00024347104876568402,,,,,,,1.1845713521916081,,0,0.4491912853690988,2.384992669122377,inf,-inf,-0.19873820179984794,0.15065359374219242,-0.4631136026496541,0.1301429936332397,inf,-inf,3.037182880559776,0.13983963458897264,0.13983963458897264,0.13983963458897264,784,3.273758717384358,1.7058040481654746,2.548208377342668,,,-2.3842756318439475,1.1983903593029268,0.32318696104261724,5.3095256894012035,0.7250557264155062,0.0,0.0,1.2875668961586582,1.2832088570581774,0.2458692654187766,0.4491912853690988,2.0001824609186496,4.452852328324017,0.6486382926929937,5910
262,44.00485147541338,-24.66344305964127,0.15383701884931145,42.03789337033216,61.53313880495358,-24.66344305964127,nan,0.06005486003968776,0.09378215880962369,44.352034785554636,-24.633317269047083,0.15399959606640679,42.34116142927901,62.21387854185297,-24.633317269047083,nan,1371.4073177755836,0.8777294672025886,0.0,0.37532441432907626,1562.4487601474696,46.0,46.0,,0.00024306949675987678,,,,,,,1.1845713521916081,,0,0.4491912853690988,2.384992669122377,inf,-inf,-0.20174217360593089,0.148580794333721,-0.46899813242693794,0.1529505968603806,inf,-inf,3.0427244063024097,0.13944602208132362,0.13944602208132362,0.13944602208132362,784,3.273758717384358,1.7058040481654746,2.548208377342668,,,-2.3842756318439475,1.1983903593029268,0.32318696104261724,5.3095256894012035,0.7250557264155062,0.0,0.0,1.2875668961586582,1.2832088570581774,0.2458692654187766,0.4491912853690988,2.0001824609186496,4.452852328324017,0.6486382926929937,5910
263,43.9303300013167,-24.731673693907435,0.15382418571697246,41.991805838404396,61.344286331530625,-24.731673693907435,nan,0.060258378623264025,0.09356580709370844,44.352034785554636,-24.633317269047083,0.15399959606640679,42.34116142927901,62.21387854185297,-24.633317269047083,nan,1376.2787194755444,0.8070346790537036,0.0,0.3474515238898707,1705.3526387358143,46.0,46.0,,0.00024266687165504455,,,,,,,1.1845713521916081,,0,0.4491912853690988,2.384992669122377,inf,-inf,-0.2056439953038153,0.12909752726657597,-0.4605438004384642,0.160239470586105,inf,-inf,3.047246615695656,0.1394260020981414,0.1394260020981414,0.1394260020981414,784,3.273758717384358,1.7058040481654746,2.548208377342668,,,-2.3842756318439475,1.1983903593029268,0.32318696104261724,5.3095256894012035,0.7250557264155062,0.0,0.0,1.2875668961586582,1.2832088570581774,0.2458692654187766,0.4491912853690988,2.0001824609186496,4.452852328324017,0.6486382926929937,5910
264,43.91206949209909,-24.4041608903451,0.15475817772162148,41.753286328591116,61.41595310806673,-24.4041608903451,nan,0.06050243403232419,0.09425574368929725,44.352034785554636,-24.633317269047083,0.15399959606640679,42.34116142927901,62.21387854185297,-24.633317269047083,nan,1574.66629191811,0.9311665252375311,0.0,0.4760622900852631,1691.0684063910358,46.0,46.0,,0.00024226317835704722,,,,,,,1.1845713521916081,,0,0.4491912853690988,2.384992669122377,inf,-inf,-0.19590497238278703,0.1795545342561122,-0.46265345742073904,0.17695514246940677,inf,-inf,3.052196452663251,0.13934566832329306,0.13934566832329306,0.13934566832329306,784,3.273758717384358,1.7058040481654746,2.548208377342668,,,-2.3842756318439475,1.1983903593029268,0.32318696104261724,5.3095256894012035,0.7250557264155062,0.0,0.0,1.2875668961586582,1.2832088570581774,0.2458692654187766,0.4491912853690988,2.0001824609186496,4.452852328324017,0.6486382926929937,5910
265,44.06891264108824,-24.535093832816948,0.1546713244427154,41.510432732741094,61.1989228654551,-24.535093832816948,nan,0.06077535494441273,0.09389596949830262,44.11400881753035,-24.734295413581123,0.15500856263246324,41.098577638121235,60.63329960470293,-24.734295413581123,nan,1501.8694994647312,0.8917621155942493,0.0,0.41390719686963384,1684.1593438446537,46.0,46.0,,0.00024185842178476013,,,,,,,1.1575180062407098,,0,0.430421040220872,2.307215508511869,inf,-inf,-0.20282010722139682,0.14553715646137388,-0.45635238361213926,0.18843276836025646,inf,-inf,3.06490632449578,0.1389799360886547,0.1389799360886547,0.1389799360886547,784,3.291662061425379,1.7099998753409502,2.560253990282286,,,-2.409733948026129,1.1708306547769707,0.32181502659942207,5.360368785243197,0.7291946695223541,0.0,0.0,1.2607796987150306,1.256773140899035,0.2468416985687354,0.430421040220872,1.995051023617667,4.635115008768856,0.6660605145439498,5910
266,43.87408584487213,-24.300698664093474,0.15594282961599273,41.14518460682264,60.87451461721729,-24.300698664093474,nan,0.061098972618659035,0.09484385699733369,44.11400881753035,-24.734295413581123,0.15500856263246324,41.098577638121235,60.63329960470293,-24.734295413581123,nan,1495.9794862902022,0.9324077548310135,0.0,0.36560764306832166,1604.426259369034,46.0,46.0,,0.00024145260687001446,,,,,,,1.1575180062407098,,0,0.430421040220872,2.307215508511869,inf,-inf,-0.20748045118262315,0.14047897486333621,-0.4722058513921175,0.18098797837164224,inf,-inf,3.0745703319783853,0.13890800780192825,0.13890800780192825,0.13890800780192825,784,3.291662061425379,1.7099998753409502,2.560253990282286,,,-2.409733948026129,1.1708306547769707,0.32181502659942207,5.360368785243197,0.7291946695223541,0.0,0.0,1.2607796987150306,1.256773140899035,0.2468416985687354,0.430421040220872,1.995051023617667,4.635115008768856,0.6660605145439498,5910
267,43.91440783084911,-24.349006808128483,0.15702974865080313,40.95029843182591,60.672729203197335,-24.349006808128483,nan,0.06137940776663446,0.09565034088416867,44.11400881753035,-24.734295413581123,0.15500856263246324,41.098577638121235,60.63329960470293,-24.734295413581123,nan,1583.8887444674424,0.9153907479788205,0.0,0.45703860654091083,1730.2870363991149,46.0,46.0,,0.00024104573855753686,,,,,,,1.1575180062407098,,0,0.430421040220872,2.307215508511869,inf,-inf,-0.20346323562625143,0.1445406564109814,-0.46808609058211126,0.19559411186941295,inf,-inf,3.0921488604764775,0.13861969045254582,0.13861969045254582,0.13861969045254582,784,3.291662061425379,1.7099998753409502,2.560253990282286,,,-2.409733948026129,1.1708306547769707,0.32181502659942207,5.360368785243197,0.7291946695223541,0.0,0.0,1.2607796987150306,1.256773140899035,0.2468416985687354,0.430421040220872,1.995051023617667,4.635115008768856,0.6660605145439498,5910
268,43.80025935250859,-24.35577889318404,0.15737243170787488,40.97499966996376,60.57685256099618,-24.35577889318404,nan,0.061558599305289424,0.09581383240258542,44.11400881753035,-24.734295413581123,0.15500856263246324,41.098577638121235,60.63329960470293,-24.734295413581123,nan,2036.975177199774,0.8400036935192141,0.0,0.3590182205758325,2424.9597863859635,46.0,46.0,,0.00024063782180488934,,,,,,,1.1575180062407098,,0,0.430421040220872,2.307215508511869,inf,-inf,-0.20025173990363235,0.1315785306086866,-0.45566791297943676,0.17210465088731358,inf,-inf,3.108696200432454,0.1384566570815386,0.1384566570815386,0.1384566570815386,784,3.291662061425379,1.7099998753409502,2.560253990282286,,,-2.409733948026129,1.1708306547769707,0.32181502659942207,5.360368785243197,0.7291946695223541,0.0,0.0,1.2607796987150306,1.256773140899035,0.2468416985687354,0.430421040220872,1.995051023617667,4.635115008768856,0.6660605145439498,5910
269,43.845453858196386,-24.392169162261524,0.15731628095266603,40.76255484617038,60.373155823057914,-24.392169162261524,nan,0.061612998766027716,0.09570328218663822,44.11400881753035,-24.734295413581123,0.15500856263246324,41.098577638121235,60.63329960470293,-24.734295413581123,nan,1781.3408260818019,0.9043672741374189,0.0,0.3589316659949961,1969.7095162812432,46.0,46.0,,0.00024022886158240876,,,,,,,1.1575180062407098,,0,0.430421040220872,2.307215508511869,inf,-inf,-0.20690286318410395,0.1412022251412743,-0.45997940085425293,0.14676012475004044,inf,-inf,3.1182535797689432,0.13887265875703603,0.13887265875703603,0.13887265875703603,784,3.291662061425379,1.7099998753409502,2.560253990282286,,,-2.409733948026129,1.1708306547769707,0.32181502659942207,5.360368785243197,0.7291946695223541,0.0,0.0,1.2607796987150306,1.256773140899035,0.2468416985687354,0.430421040220872,1.995051023617667,4.635115008768856,0.6660605145439498,5910
270,43.84688672685668,-24.366016209146036,0.1579866908446396,40.227904236382244,59.86676144493753,-24.366016209146036,nan,0.06181337435451353,0.0961733164901261,44.36101800023748,-23.210119572718668,0.1583080450769081,39.711247957044904,61.02045442964062,-23.210119572718668,nan,1270.6874423182442,0.9604436424270959,0.0,0.5490604342504087,1323.0213478295764,46.0,46.0,,0.00023981886287314643,,,,,,,1.1355331846394086,,0,0.41455429608085176,2.2858940039051747,inf,-inf,-0.2042959790870588,0.1456859208995289,-0.47343011335606644,0.19085143169689206,inf,-inf,3.1349641365360816,0.1387050870259655,0.1387050870259655,0.1387050870259655,784,3.322311571385646,1.7168092273581435,2.5854894569305484,,,-2.4311210626390034,1.1481711292979537,0.32194474115494676,5.5141003856810835,0.7414746682896147,0.0,0.0,1.2388560664429231,1.233892024185928,0.24865270356448882,0.41455429608085176,1.9934207515469775,4.808587850596523,0.6820175548067399,5910
271,43.82367574634006,-23.917217783141744,0.15903104930131826,39.82244242604626,59.88793143854589,-23.917217783141744,nan,0.062139249901349065,0.09689179939996925,44.36101800023748,-23.210119572718668,0.1583080450769081,39.711247957044904,61.02045442964062,-23.210119572718668,nan,1285.0288857073022,1.0095645105401452,0.0,0.4602392260033323,1272.8546539534912,46.0,46.0,,0.00023940783067280712,,,,,,,1.1355331846394086,,0,0.41455429608085176,2.2858940039051747,inf,-inf,-0.20003585049304617,0.17250716747328193,-0.47603698028944197,0.19264633990077173,inf,-inf,3.1460293280429252,0.138569535972897,0.138569535972897,0.138569535972897,784,3.322311571385646,1.7168092273581435,2.5854894569305484,,,-2.4311210626390034,1.1481711292979537,0.32194474115494676,5.5141003856810835,0.7414746682896147,0.0,0.0,1.2388560664429231,1.233892024185928,0.24865270356448882,0.41455429608085176,1.9934207515469775,4.808587850596523,0.6820175548067399,5910
272,43.75341623770936,-23.762373092982017,0.15985709239720589,39.27868144313527,59.429581680259815,-23.762373092982017,nan,0.06248574914026242,0.09737134325694348,44.36101800023748,-23.210119572718668,0.1583080450769081,39.711247957044904,61.02045442964062,-23.210119572718668,nan,1760.636791566811,0.9689398718271276,0.0,0.4392338533168704,1817.075385954324,46.0,46.0,,0.00023899576998968858,,,,,,,1.1355331846394086,,0,0.41455429608085176,2.2858940039051747,inf,-inf,-0.21323931883341013,0.1526685207153375,-0.48686052639783267,0.19594492047008555,inf,-inf,3.156431658702213,0.1383732136286012,0.1383732136286012,0.1383732136286012,784,3.322311571385646,1.7168092273581435,2.5854894569305484,,,-2.4311210626390034,1.1481711292979537,0.32194474115494676,5.5141003856810835,0.7414746682896147,0.0,0.0,1.2388560664429231,1.233892024185928,0.24865270356448882,0.41455429608085176,1.9934207515469775,4.808587850596523,0.6820175548067399,5910
273,43.623992644941296,-24.262661987725906,0.1603829685627387,39.175063442066154,58.69677706784428,-24.262661987725906,nan,0.06273951848561804,0.09764345007712062,44.36101800023748,-23.210119572718668,0.1583080450769081,39.711247957044904,61.02045442964062,-23.210119572718668,nan,1346.992198164012,0.8818350904054802,0.0,0.40953675012768287,1527.4876366562437,46.0,46.0,,0.0002385826858446202,,,,,,,1.1355331846394086,,0,0.41455429608085176,2.2858940039051747,inf,-inf,-0.2086757631660176,0.14017314531249564,-0.47685585787176377,0.16463511600246344,inf,-inf,3.166171364556089,0.13806924454455058,0.13806924454455058,0.13806924454455058,784,3.322311571385646,1.7168092273581435,2.5854894569305484,,,-2.4311210626390034,1.1481711292979537,0.32194474115494676,5.5141003856810835,0.7414746682896147,0.0,0.0,1.2388560664429231,1.233892024185928,0.24865270356448882,0.41455429608085176,1.9934207515469775,4.808587850596523,0.6820175548067399,5910
274,43.47970826196288,-24.422019867047766,0.16042763029425072,38.99299463346387,58.211110658673235,-24.422019867047766,nan,0.06284118138993158,0.09758644890431911,44.36101800023748,-23.210119572718668,0.1583080450769081,39.711247957044904,61.02045442964062,-23.210119572718668,nan,1210.0930461155372,0.8771151890235249,0.0,0.34826326372951955,1379.6284242468882,46.0,46.0,,0.00023816858327090187,,,,,,,1.1355331846394086,,0,0.41455429608085176,2.2858940039051747,inf,-inf,-0.20524290145545526,0.132887076319307,-0.4736184545128248,0.16591012469024272,inf,-inf,3.177476721677345,0.137866441581791,0.137866441581791,0.137866441581791,784,3.322311571385646,1.7168092273581435,2.5854894569305484,,,-2.4311210626390034,1.1481711292979537,0.32194474115494676,5.5141003856810835,0.7414746682896147,0.0,0.0,1.2388560664429231,1.233892024185928,0.24865270356448882,0.41455429608085176,1.9934207515469775,4.808587850596523,0.6820175548067399,5910
275,43.45900875352294,-24.39340173819603,0.16014761404127675,39.02209672550631,58.24785135487449,-24.39340173819603,nan,0.06299162995220742,0.09715598408906934,44.07334989226218,-25.880723262895227,0.15984198250272208,38.62188712254313,56.9743557344128,-25.880723262895227,nan,1114.2449303988217,0.8999253142292915,0.0,0.3506877781492549,1238.1526697613529,46.0,46.0,,0.0002377534673142428,,,,,,,1.1112583539592007,,0,0.3983446850103722,2.2162851142991977,inf,-inf,-0.2107613475764384,0.14652478311358022,-0.4699153611722292,0.15920867498078295,inf,-inf,3.189673628995473,0.1376549401905649,0.1376549401905649,0.1376549401905649,784,3.348115836066977,1.7237967318814,2.599269572756593,,,-2.4550878498264574,1.1232938897850095,0.32063569076439097,5.563737129419687,0.7453666026393142,0.0,0.0,1.2147990671180686,1.2074081106661687,0.2495798378878527,0.3983446850103722,1.9572859883738902,4.913548647756969,0.6913952602451345,5910
276,43.60275116992896,-24.12884950329275,0.16049231236081524,38.89850521268856,58.53289919168559,-24.12884950329275,nan,0.06315743558101465,0.09733487677980059,44.07334989226218,-25.880723262895227,0.15984198250272208,38.62188712254313,56.9743557344128,-25.880723262895227,nan,1429.8108448979658,0.9393116268952992,0.0,0.4057330110506863,1522.1900846941612,46.0,46.0,,0.00023733734303269988,,,,,,,1.1112583539592007,,0,0.3983446850103722,2.2162851142991977,inf,-inf,-0.20536540526366098,0.14819505618011838,-0.4722621612195359,0.1670351869272154,inf,-inf,3.191176908959173,0.13782041572863632,0.13782041572863632,0.13782041572863632,784,3.348115836066977,1.7237967318814,2.599269572756593,,,-2.4550878498264574,1.1232938897850095,0.32063569076439097,5.563737129419687,0.7453666026393142,0.0,0.0,1.2147990671180686,1.2074081106661687,0.2495798378878527,0.3983446850103722,1.9572859883738902,4.913548647756969,0.6913952602451345,5910
277,43.3755139732482,-24.504316396676803,0.16028351370630192,38.92445808731851,57.95593917759621,-24.504316396676803,nan,0.06334217156532333,0.09694134214097852,44.07334989226218,-25.880723262895227,0.15984198250272208,38.62188712254313,56.9743557344128,-25.880723262895227,nan,1498.4401570584726,0.8734607814413163,0.0,0.364517272103898,1715.520821193442,46.0,46.0,,0.00023692021549661619,,,,,,,1.1112583539592007,,0,0.3983446850103722,2.2162851142991977,inf,-inf,-0.20948529206301372,0.1304521804247744,-0.4682248337248688,0.1414978839935977,inf,-inf,3.20185163624977,0.1379519128674597,0.1379519128674597,0.1379519128674597,784,3.348115836066977,1.7237967318814,2.599269572756593,,,-2.4550878498264574,1.1232938897850095,0.32063569076439097,5.563737129419687,0.7453666026393142,0.0,0.0,1.2147990671180686,1.2074081106661687,0.2495798378878527,0.3983446850103722,1.9572859883738902,4.913548647756969,0.6913952602451345,5910
278,43.31579458199497,-24.041378129854557,0.16056848675298974,38.37835548491246,57.81334042380587,-24.041378129854557,nan,0.06357767091857236,0.0969908158344174,44.07334989226218,-25.880723262895227,0.15984198250272208,38.62188712254313,56.9743557344128,-25.880723262895227,nan,1557.113166502997,0.9915903442328298,0.0,0.4571054089906179,1570.3190088117478,46.0,46.0,,0.00023650208978855914,,,,,,,1.1112583539592007,,0,0.3983446850103722,2.2162851142991977,inf,-inf,-0.21164236083378657,0.14286753407213862,-0.46479795610942914,0.18845095520448263,inf,-inf,3.202303521278938,0.13775094781140299,0.13775094781140299,0.13775094781140299,784,3.348115836066977,1.7237967318814,2.599269572756593,,,-2.4550878498264574,1.1232938897850095,0.32063569076439097,5.563737129419687,0.7453666026393142,0.0,0.0,1.2147990671180686,1.2074081106661687,0.2495798378878527,0.3983446850103722,1.9572859883738902,4.913548647756969,0.6913952602451345,5910
279,43.31940758597306,-24.283196417850917,0.160642238295878,37.99599640001534,57.192849806433365,-24.283196417850917,nan,0.06390118259726299,0.09674105569861503,44.07334989226218,-25.880723262895227,0.15984198250272208,38.62188712254313,56.9743557344128,-25.880723262895227,nan,1302.3208623794744,0.9413643187289439,0.0,0.4782330566340425,1383.4397973973605,46.0,46.0,,0.0002360829710032585,,,,,,,1.1112583539592007,,0,0.3983446850103722,2.2162851142991977,inf,-inf,-0.20991305215503359,0.18606266851541453,-0.47958713099758965,0.19907751607235286,inf,-inf,3.2101622675272172,0.13736335608222947,0.13736335608222947,0.13736335608222947,784,3.348115836066977,1.7237967318814,2.599269572756593,,,-2.4550878498264574,1.1232938897850095,0.32063569076439097,5.563737129419687,0.7453666026393142,0.0,0.0,1.2147990671180686,1.2074081106661687,0.2495798378878527,0.3983446850103722,1.9572859883738902,4.913548647756969,0.6913952602451345,5910
280,43.38929420914803,-23.6481688162742,0.16044851519556852,37.67888886673449,57.580462774803884,-23.6481688162742,nan,0.06419893487292062,0.09624958032264795,43.84844599482402,-24.502425731652238,0.16009185452381758,37.00870409579035,56.51481621348594,-24.502425731652238,nan,1240.027251937287,1.0277276108363924,0.0,0.5173592266502731,1206.5718959599806,46.0,46.0,,0.0002356628642475444,,,,,,,1.0831507000239224,,0,0.380548987669076,2.155861267743169,inf,-inf,-0.20585652319067935,0.20242915709660683,-0.48437321690414287,0.19308536158497103,inf,-inf,3.2077659486565016,0.1369600490680951,0.1369600490680951,0.1369600490680951,784,3.3538125617939674,1.7252899495328802,2.6093203695634,,,-2.482632692388736,1.093005334229753,0.317968902701726,5.665134680683734,0.7532102390683458,0.0,0.0,1.1872853266559138,1.1768959758040065,0.24987654975922935,0.380548987669076,1.920667968747006,5.0470978270403695,0.7030417226714833,5910
281,43.635023357507414,-23.55192731122232,0.16075409713429836,37.357028498461645,57.60087864188104,-23.55192731122232,nan,0.06458458141040219,0.09616951572389619,43.84844599482402,-24.502425731652238,0.16009185452381758,37.00870409579035,56.51481621348594,-24.502425731652238,nan,1660.908978656451,1.0301751757378377,0.0,0.495372948501508,1612.258786440729,46.0,46.0,,0.00023524177464028507,,,,,,,1.0831507000239224,,0,0.380548987669076,2.155861267743169,inf,-inf,-0.20041021332638562,0.18710394768782374,-0.48431033157645514,0.1824997702561253,inf,-inf,3.2036627885653353,0.13677393448324204,0.13677393448324204,0.13677393448324204,784,3.3538125617939674,1.7252899495328802,2.6093203695634,,,-2.482632692388736,1.093005334229753,0.317968902701726,5.665134680683734,0.7532102390683458,0.0,0.0,1.1872853266559138,1.1768959758040065,0.24987654975922935,0.380548987669076,1.920667968747006,5.0470978270403695,0.7030417226714833,5910
282,43.37984470293104,-23.984973699608087,0.16087637761819507,37.19321713687499,56.748964517816134,-23.984973699608087,nan,0.0647874061701486,0.09608897144804651,43.84844599482402,-24.502425731652238,0.16009185452381758,37.00870409579035,56.51481621348594,-24.502425731652238,nan,1646.1014865250852,0.9009822747769565,0.0,0.33542282396255363,1827.00762557464,46.0,46.0,,0.00023481970731232453,,,,,,,1.0831507000239224,,0,0.380548987669076,2.155861267743169,inf,-inf,-0.20902111788927324,0.17857374241066307,-0.4598832512175456,0.14042667681259552,inf,-inf,3.209865628560795,0.13669001118659782,0.13669001118659782,0.13669001118659782,784,3.3538125617939674,1.7252899495328802,2.6093203695634,,,-2.482632692388736,1.093005334229753,0.317968902701726,5.665134680683734,0.7532102390683458,0.0,0.0,1.1872853266559138,1.1768959758040065,0.24987654975922935,0.380548987669076,1.920667968747006,5.0470978270403695,0.7030417226714833,5910
283,43.54916549684644,-23.894453171765903,0.1607602457271869,37.19710142085755,57.01257399166528,-23.894453171765903,nan,0.06493389049659513,0.09582635523059171,43.84844599482402,-24.502425731652238,0.16009185452381758,37.00870409579035,56.51481621348594,-24.502425731652238,nan,1653.7832441803105,0.919467642743346,0.0,0.3766638017073874,1798.6312593296298,46.0,46.0,,0.00023439666740641995,,,,,,,1.0831507000239224,,0,0.380548987669076,2.155861267743169,inf,-inf,-0.2058011354721951,0.17896463706793045,-0.4727565894128796,0.1407966134438485,inf,-inf,3.2136012888658345,0.13653845387002528,0.13653845387002528,0.13653845387002528,784,3.3538125617939674,1.7252899495328802,2.6093203695634,,,-2.482632692388736,1.093005334229753,0.317968902701726,5.665134680683734,0.7532102390683458,0.0,0.0,1.1872853266559138,1.1768959758040065,0.24987654975922935,0.380548987669076,1.920667968747006,5.0470978270403695,0.7030417226714833,5910
284,43.48193434898496,-24.044462909545185,0.1606773144129215,36.72272131735986,56.32087007121255,-24.044462909545185,nan,0.06506758548419111,0.09560972892873043,43.84844599482402,-24.502425731652238,0.16009185452381758,37.00870409579035,56.51481621348594,-24.502425731652238,nan,1331.8653703440752,0.946059797840476,0.0,0.4101969025520851,1407.8025230374005,46.0,46.0,,0.00023397266007717907,,,,,,,1.0831507000239224,,0,0.380548987669076,2.155861267743169,inf,-inf,-0.2069613355602964,0.17294183502675198,-0.4729280726599184,0.1701902355440129,inf,-inf,3.21133787023134,0.1364975554246117,0.1364975554246117,0.1364975554246117,784,3.3538125617939674,1.7252899495328802,2.6093203695634,,,-2.482632692388736,1.093005334229753,0.317968902701726,5.665134680683734,0.7532102390683458,0.0,0.0,1.1872853266559138,1.1768959758040065,0.24987654975922935,0.380548987669076,1.920667968747006,5.0470978270403695,0.7030417226714833,5910
285,43.30988345619235,-24.067234466663344,0.16065619390181157,36.56320570429446,55.96651088772528,-24.067234466663344,nan,0.0652820820213564,0.09537411188045519,43.48527104574781,-23.75292194596199,0.1602113581566677,36.01253897197866,55.905099429921144,-23.75292194596199,nan,1252.2981553941795,0.9054381404214276,0.0,0.41023103848657455,1383.0852705313575,46.0,46.0,,0.00023354769049099746,,,,,,,1.0624551135455034,,0,0.36635365931816144,2.1168318364123375,inf,-inf,-0.21201564245133372,0.15146803623866784,-0.4762673375133504,0.15560431202307404,inf,-inf,3.2143399195012794,0.1361946675291918,0.1361946675291918,0.1361946675291918,784,3.3503159989552818,1.72459178075437,2.611518779192874,,,-2.5029026828085508,1.0696339241880368,0.31605794258991016,5.7781102564993505,0.7617858246892799,0.0,0.0,1.1683697871737937,1.157014520526313,0.25098806280982444,0.36635365931816144,1.9044944133250585,5.1985134169796625,0.7158791691915624,5910
286,43.33949044615753,-23.93585748631252,0.16034174695161924,36.46739482055296,56.03136952734958,-23.93585748631252,nan,0.06541515690146836,0.09492659005015089,43.48527104574781,-23.75292194596199,0.1602113581566677,36.01253897197866,55.905099429921144,-23.75292194596199,nan,1573.087074512188,0.8565084513225069,0.0,0.37485630687316535,1836.627615388074,46.0,46.0,,0.0002331217638259953,,,,,,,1.0624551135455034,,0,0.36635365931816144,2.1168318364123375,inf,-inf,-0.20583843466923604,0.14778944321211357,-0.46952344464264306,0.13641083161704418,inf,-inf,3.2145062441460843,0.13629097181311361,0.13629097181311361,0.13629097181311361,784,3.3503159989552818,1.72459178075437,2.611518779192874,,,-2.5029026828085508,1.0696339241880368,0.31605794258991016,5.7781102564993505,0.7617858246892799,0.0,0.0,1.1683697871737937,1.157014520526313,0.25098806280982444,0.36635365931816144,1.9044944133250585,5.1985134169796625,0.7158791691915624,5910
287,43.38819823646345,-23.799266678088127,0.16069350043773012,36.33484735710506,56.084472415918114,-23.799266678088127,nan,0.06555793615520304,0.09513556428252709,43.48527104574781,-23.75292194596199,0.1602113581566677,36.01253897197866,55.905099429921144,-23.75292194596199,nan,1825.8961953791209,0.9224237343252887,0.0,0.3953541469107184,1979.454915819877,46.0,46.0,,0.00023269488527195465,,,,,,,1.0624551135455034,,0,0.36635365931816144,2.1168318364123375,inf,-inf,-0.21370236576917978,0.1403035615385698,-0.4729493698771064,0.1290279578733064,inf,-inf,3.2113672284611106,0.13650269607379834,0.13650269607379834,0.13650269607379834,784,3.3503159989552818,1.72459178075437,2.611518779192874,,,-2.5029026828085508,1.0696339241880368,0.31605794258991016,5.7781102564993505,0.7617858246892799,0.0,0.0,1.1683697871737937,1.157014520526313,0.25098806280982444,0.36635365931816144,1.9044944133250585,5.1985134169796625,0.7158791691915624,5910
288,43.33891525619337,-23.89598719718642,0.16142356869690971,36.04653213855908,55.650883766262936,-23.89598719718642,nan,0.06576961238561396,0.09565395631129578,43.48527104574781,-23.75292194596199,0.1602113581566677,36.01253897197866,55.905099429921144,-23.75292194596199,nan,1447.5095798144682,0.921423033808536,0.0,0.37835368831737504,1570.950070383468,46.0,46.0,,0.000232267060030256,,,,,,,1.0624551135455034,,0,0.36635365931816144,2.1168318364123375,inf,-inf,-0.2143530760334845,0.14278339221469794,-0.47459109900731034,0.13881572484043248,inf,-inf,3.211125546393138,0.1364874122640562,0.1364874122640562,0.1364874122640562,784,3.3503159989552818,1.72459178075437,2.611518779192874,,,-2.5029026828085508,1.0696339241880368,0.31605794258991016,5.7781102564993505,0.7617858246892799,0.0,0.0,1.1683697871737937,1.157014520526313,0.25098806280982444,0.36635365931816144,1.9044944133250585,5.1985134169796625,0.7158791691915624,5910
289,43.092161051064856,-23.970390835637435,0.16164453475925056,35.81476810566569,55.098182855852365,-23.970390835637435,nan,0.06588398115785954,0.0957605536013911,43.48527104574781,-23.75292194596199,0.1602113581566677,36.01253897197866,55.905099429921144,-23.75292194596199,nan,1620.9987705206936,0.9293678669399204,0.0,0.29857208362442167,1744.194982615516,46.0,46.0,,0.0002318382933138149,,,,,,,1.0624551135455034,,0,0.36635365931816144,2.1168318364123375,inf,-inf,-0.21872938178577675,0.14087916559899274,-0.47757509367441864,0.13028254801178413,inf,-inf,3.2157364450434636,0.13642834126147588,0.13642834126147588,0.13642834126147588,784,3.3503159989552818,1.72459178075437,2.611518779192874,,,-2.5029026828085508,1.0696339241880368,0.31605794258991016,5.7781102564993505,0.7617858246892799,0.0,0.0,1.1683697871737937,1.157014520526313,0.25098806280982444,0.36635365931816144,1.9044944133250585,5.1985134169796625,0.7158791691915624,5910
290,42.99852772185993,-24.078862583055663,0.1617559612716031,35.703040622236635,54.7844617223125,-24.078862583055663,nan,0.06602611424404227,0.09572984702756085,43.52014165662068,-22.32348437977265,0.16125616310469273,35.14187918347858,56.499792623431304,-22.32348437977265,nan,1089.591549340537,0.9441124226929875,0.0,0.4294247509054405,1154.090893362662,46.0,46.0,,0.00023140859034701843,,,,,,,1.0477034942787002,,0,0.35393144473153854,2.107652903815412,inf,-inf,-0.2137967575963367,0.16195836286972112,-0.4762424503208635,0.139499070600088,inf,-inf,3.2208031344323182,0.13630214974609586,0.13630214974609586,0.13630214974609586,784,3.360003502917501,1.726223491986706,2.610191343757259,,,-2.518020706596204,1.051342622678546,0.316164508182759,5.954974996398224,0.774879942317692,0.0,0.0,1.1552808967621941,1.1442783155418086,0.25273955618895527,0.35393144473153854,1.899066092379228,5.365632584072019,0.7296209306964887,5910
291,42.995157198605796,-23.386234612152762,0.16130054968210092,34.992561473278144,54.76278460941327,-23.386234612152762,nan,0.06633017928437936,0.09497037039772153,43.52014165662068,-22.32348437977265,0.16125616310469273,35.14187918347858,56.499792623431304,-22.32348437977265,nan,1187.7057266821141,1.1208208030716407,0.0,0.6020775870985617,1059.6749484192062,46.0,46.0,,0.00023097795636566165,,,,,,,1.0477034942787002,,0,0.35393144473153854,2.107652903815412,inf,-inf,-0.21082871779565854,0.16408538698612618,-0.4999950655611091,0.19654439102338556,inf,-inf,3.2216820189739432,0.136025704764098,0.136025704764098,0.136025704764098,784,3.360003502917501,1.726223491986706,2.610191343757259,,,-2.518020706596204,1.051342622678546,0.316164508182759,5.954974996398224,0.774879942317692,0.0,0.0,1.1552808967621941,1.1442783155418086,0.25273955618895527,0.35393144473153854,1.899066092379228,5.365632584072019,0.7296209306964887,5910
292,43.0758211102251,-23.655176257750835,0.16101486994310998,34.974239400547376,54.555899122964746,-23.655176257750835,nan,0.06668236119264204,0.09433250875046796,43.52014165662068,-22.32348437977265,0.16125616310469273,35.14187918347858,56.499792623431304,-22.32348437977265,nan,1481.1794653703705,0.9625855026983511,0.0,0.5085821784019384,1538.751062859642,46.0,46.0,,0.00023054639661688374,,,,,,,1.0477034942787002,,0,0.35393144473153854,2.107652903815412,inf,-inf,-0.21650784928990663,0.16222224903010285,-0.477292004256438,0.13732949819131107,inf,-inf,3.2206148553521508,0.13607646295843911,0.13607646295843911,0.13607646295843911,784,3.360003502917501,1.726223491986706,2.610191343757259,,,-2.518020706596204,1.051342622678546,0.316164508182759,5.954974996398224,0.774879942317692,0.0,0.0,1.1552808967621941,1.1442783155418086,0.25273955618895527,0.35393144473153854,1.899066092379228,5.365632584072019,0.7296209306964887,5910
293,43.097657220127005,-23.358658006139535,0.16097320743218801,34.6083092529452,54.50828167436485,-23.358658006139535,nan,0.06705163300958848,0.09392157442259957,43.52014165662068,-22.32348437977265,0.16125616310469273,35.14187918347858,56.499792623431304,-22.32348437977265,nan,1719.8187411602285,1.0293316743095962,0.0,0.5047749855104391,1670.8110554489278,46.0,46.0,,0.00023011391635910405,,,,,,,1.0477034942787002,,0,0.35393144473153854,2.107652903815412,inf,-inf,-0.2127364414575911,0.15383990696656968,-0.47052474621322826,0.15070824786069253,inf,-inf,3.2290855394574973,0.13579876659085888,0.13579876659085888,0.13579876659085888,784,3.360003502917501,1.726223491986706,2.610191343757259,,,-2.518020706596204,1.051342622678546,0.316164508182759,5.954974996398224,0.774879942317692,0.0,0.0,1.1552808967621941,1.1442783155418086,0.25273955618895527,0.35393144473153854,1.899066092379228,5.365632584072019,0.7296209306964887,5910
294,43.08028937411958,-24.019426366334606,0.16104846444340676,34.895409140724794,54.11732061295318,-24.019426366334606,nan,0.06725386753133308,0.09379459691207362,43.52014165662068,-22.32348437977265,0.16125616310469273,35.14187918347858,56.499792623431304,-22.32348437977265,nan,1364.3830367152245,0.8947345580273366,0.0,0.4509192235445508,1524.9025808540848,46.0,46.0,,0.00022968052086195804,,,,,,,1.0477034942787002,,0,0.35393144473153854,2.107652903815412,inf,-inf,-0.216119152703254,0.15368391925907451,-0.4687117698643893,0.1145165292852639,inf,-inf,3.2396383094199273,0.135781993250409,0.135781993250409,0.135781993250409,784,3.360003502917501,1.726223491986706,2.610191343757259,,,-2.518020706596204,1.051342622678546,0.316164508182759,5.954974996398224,0.774879942317692,0.0,0.0,1.1552808967621941,1.1442783155418086,0.25273955618895527,0.35393144473153854,1.899066092379228,5.365632584072019,0.7296209306964887,5910
295,42.933019409322526,-23.696859075400802,0.16134400892910175,34.34867226806652,53.746176610917345,-23.696859075400802,nan,0.06744303435345347,0.09390097457564832,42.691221614033736,-23.550842529671783,0.16149629176742586,33.83229467927322,53.1341700554026,-23.550842529671783,nan,1299.4096569064436,0.9839707377469841,0.0,0.3950567670025439,1320.5775406306552,46.0,46.0,,0.00022924621540623303,,,,,,,1.019697708096209,,0,0.3372937987460629,2.0509794478981864,inf,-inf,-0.21600085758019152,0.15839049091313775,-0.4860899227424725,0.15242111748438292,inf,-inf,3.2556049956151565,0.13554123774611476,0.13554123774611476,0.13554123774611476,784,3.3755188099781024,1.730883003443102,2.604940252474354,,,-2.546286614970419,1.0190853418978012,0.3120390316262988,6.080691241650427,0.7839529518665784,0.0,0.0,1.1272804474226952,1.1159342939031132,0.25119301675957145,0.3372937987460629,1.8729876333975748,5.552985677058604,0.7445265532884435,5910
296,42.76918119376139,-23.62176425221173,0.16237525562667793,34.08045572224764,53.390247919423985,-23.62176425221173,nan,0.06760355279409476,0.09477170283258325,42.691221614033736,-23.550842529671783,0.16149629176742586,33.83229467927322,53.1341700554026,-23.550842529671783,nan,1168.5795419091723,1.0006658201219076,0.0,0.40196379555452727,1167.8019958419368,46.0,46.0,,0.000228811005283804,,,,,,,1.019697708096209,,0,0.3372937987460629,2.0509794478981864,inf,-inf,-0.21908103116309624,0.13364045675681058,-0.49972915912758425,0.14150786653446798,inf,-inf,3.273764708621053,0.13538603664155707,0.13538603664155707,0.13538603664155707,784,3.3755188099781024,1.730883003443102,2.604940252474354,,,-2.546286614970419,1.0190853418978012,0.3120390316262988,6.080691241650427,0.7839529518665784,0.0,0.0,1.1272804474226952,1.1159342939031132,0.25119301675957145,0.3372937987460629,1.8729876333975748,5.552985677058604,0.7445265532884435,5910
297,42.81564624042327,-23.45429549244937,0.16350289355200148,33.67334169802307,53.198195339548974,-23.45429549244937,nan,0.06777729508325202,0.09572559846874949,42.691221614033736,-23.550842529671783,0.16149629176742586,33.83229467927322,53.1341700554026,-23.550842529671783,nan,1366.4905966070462,0.9844131489772572,0.0,0.48282534183269143,1388.1271273415468,46.0,46.0,,0.00022837489579756895,,,,,,,1.019697708096209,,0,0.3372937987460629,2.0509794478981864,inf,-inf,-0.21786434221442122,0.14196208025142312,-0.4819458851785407,0.1350613566558346,inf,-inf,3.290925889286725,0.13520466738106338,0.13520466738106338,0.13520466738106338,784,3.3755188099781024,1.730883003443102,2.604940252474354,,,-2.546286614970419,1.0190853418978012,0.3120390316262988,6.080691241650427,0.7839529518665784,0.0,0.0,1.1272804474226952,1.1159342939031132,0.25119301675957145,0.3372937987460629,1.8729876333975748,5.552985677058604,0.7445265532884435,5910
298,42.657826467603975,-23.805076302181106,0.16445567758179783,33.70244666493424,52.71965250793891,-23.805076302181106,nan,0.06798158369008314,0.09647409389171467,42.691221614033736,-23.550842529671783,0.16149629176742586,33.83229467927322,53.1341700554026,-23.550842529671783,nan,1530.617821940333,0.9161808172784952,0.0,0.4349563440873926,1670.6503706189962,46.0,46.0,,0.00022793789226138427,,,,,,,1.019697708096209,,0,0.3372937987460629,2.0509794478981864,inf,-inf,-0.2131623868217488,0.1307037546635939,-0.48058752962995577,0.14043272145957722,inf,-inf,3.3058791647356713,0.13516163640434345,0.13516163640434345,0.13516163640434345,784,3.3755188099781024,1.730883003443102,2.604940252474354,,,-2.546286614970419,1.0190853418978012,0.3120390316262988,6.080691241650427,0.7839529518665784,0.0,0.0,1.1272804474226952,1.1159342939031132,0.25119301675957145,0.3372937987460629,1.8729876333975748,5.552985677058604,0.7445265532884435,5910
299,42.804985565441584,-23.328608920284022,0.16519960177146178,33.48544234593974,53.127018592868765,-23.328608920284022,nan,0.06812138610780512,0.09707821566365668,42.691221614033736,-23.550842529671783,0.16149629176742586,33.83229467927322,53.1341700554026,-23.550842529671783,nan,1873.230323573699,1.030970724236364,0.0,0.4673964827534441,1816.957823861772,46.0,46.0,,0.00022750000000000016,,,,,,,1.019697708096209,,0,0.3372937987460629,2.0509794478981864,inf,-inf,-0.22555459237933506,0.1353787721513803,-0.47563847468919507,0.19152347934877378,inf,-inf,3.315027398795522,0.13541373866364692,0.13541373866364692,0.13541373866364692,784,3.3755188099781024,1.730883003443102,2.604940252474354,,,-2.546286614970419,1.0190853418978012,0.3120390316262988,6.080691241650427,0.7839529518665784,0.0,0.0,1.1272804474226952,1.1159342939031132,0.25119301675957145,0.3372937987460629,1.8729876333975748,5.552985677058604,0.7445265532884435,5910
300,42.87666485555603,-23.19013425338522,0.16646815506509838,33.194668704005196,53.047667461241105,-23.19013425338522,nan,0.06844574884571973,0.09802240621937867,43.274043150654485,-22.91211818146966,0.1665013241466311,32.9525278603821,53.480954153713554,-22.91211818146966,nan,1758.2394494251419,1.0224530117703972,0.0,0.4852566750182355,1719.62860804793,46.0,46.0,,0.0002270612243489957,,,,,,,0.9994450881217933,,0,0.3241550488835185,2.05555238809234,inf,-inf,-0.22501013057267338,0.13626888460517622,-0.4830461034493796,0.12901628764725245,inf,-inf,3.3234507088384593,0.1354400637402925,0.1354400637402925,0.1354400637402925,784,3.4002274620388997,1.736894315260714,2.6144429525072894,,,-2.567500836594322,0.9957397723938144,0.3105558001295998,6.341262908513204,0.8021757593925369,0.0,0.0,1.1072442795139765,1.0965850055593107,0.25109095139110454,0.3241550488835185,1.8460496018559034,5.694958657019903,0.7554905756331535,5910
301,42.77121863896305,-23.508516322688262,0.16630813356040133,33.097442793084376,52.526453242919565,-23.508516322688262,nan,0.06866286911122328,0.09764526444917808,43.274043150654485,-22.91211818146966,0.1665013241466311,32.9525278603821,53.480954153713554,-22.91211818146966,nan,1427.5871578897343,0.928222963843766,0.0,0.447445276851935,1537.9787114704682,46.0,46.0,,0.00022662157065471365,,,,,,,0.9994450881217933,,0,0.3241550488835185,2.05555238809234,inf,-inf,-0.21898406831713935,0.12710703099424736,-0.4861999243599967,0.13542817834448567,inf,-inf,3.328243654990966,0.1353596106353005,0.1353596106353005,0.1353596106353005,784,3.4002274620388997,1.736894315260714,2.6144429525072894,,,-2.567500836594322,0.9957397723938144,0.3105558001295998,6.341262908513204,0.8021757593925369,0.0,0.0,1.1072442795139765,1.0965850055593107,0.25109095139110454,0.3241550488835185,1.8460496018559034,5.694958657019903,0.7554905756331535,5910
302,42.64412215444431,-23.15748029935739,0.1660193442038499,32.723727433612325,52.3763886329031,-23.15748029935739,nan,0.06878470797521426,0.09723463622863558,43.274043150654485,-22.91211818146966,0.1665013241466311,32.9525278603821,53.480954153713554,-22.91211818146966,nan,1173.5759061244323,1.0310015794184115,0.0,0.47745186234556874,1138.2872049395376,46.0,46.0,,0.00022618104427419558,,,,,,,0.9994450881217933,,0,0.3241550488835185,2.05555238809234,inf,-inf,-0.21755062523756846,0.15591047975886987,-0.4959951238687313,0.14258340142330236,inf,-inf,3.3297101939794262,0.13525798086796936,0.13525798086796936,0.13525798086796936,784,3.4002274620388997,1.736894315260714,2.6144429525072894,,,-2.567500836594322,0.9957397723938144,0.3105558001295998,6.341262908513204,0.8021757593925369,0.0,0.0,1.1072442795139765,1.0965850055593107,0.25109095139110454,0.3241550488835185,1.8460496018559034,5.694958657019903,0.7554905756331535,5910
303,42.634366273727586,-23.269420865147055,0.16518099224957813,32.50712736573962,52.037253766569734,-23.269420865147055,nan,0.06897324928509416,0.09620774296448405,43.274043150654485,-22.91211818146966,0.1665013241466311,32.9525278603821,53.480954153713554,-22.91211818146966,nan,1271.8592428880538,1.0122718218748807,0.0,0.45958331470552655,1256.4404297379115,46.0,46.0,,0.0002257396505751164,,,,,,,0.9994450881217933,,0,0.3241550488835185,2.05555238809234,inf,-inf,-0.22260415916715232,0.1326694953882181,-0.4872414743469797,0.11448374380186047,inf,-inf,3.3297185849203395,0.13515816970337796,0.13515816970337796,0.13515816970337796,784,3.4002274620388997,1.736894315260714,2.6144429525072894,,,-2.567500836594322,0.9957397723938144,0.3105558001295998,6.341262908513204,0.8021757593925369,0.0,0.0,1.1072442795139765,1.0965850055593107,0.25109095139110454,0.3241550488835185,1.8460496018559034,5.694958657019903,0.7554905756331535,5910
304,42.65449592065821,-23.41957445902684,0.16502912437176878,32.48839178590704,51.888342371910184,-23.41957445902684,nan,0.06916978334344535,0.09585934102832339,43.274043150654485,-22.91211818146966,0.1665013241466311,32.9525278603821,53.480954153713554,-22.91211818146966,nan,1437.2425817369042,0.9476168793126267,0.0,0.379832906459654,1516.6916220186342,46.0,46.0,,0.00022529739493571906,,,,,,,0.9994450881217933,,0,0.3241550488835185,2.05555238809234,inf,-inf,-0.21733178548795734,0.14775153259812127,-0.47154564540247446,0.10622812771896581,inf,-inf,3.327522399260908,0.13517023001240983,0.13517023001240983,0.13517023001240983,784,3.4002274620388997,1.736894315260714,2.6144429525072894,,,-2.567500836594322,0.9957397723938144,0.3105558001295998,6.341262908513204,0.8021757593925369,0.0,0.0,1.1072442795139765,1.0965850055593107,0.25109095139110454,0.3241550488835185,1.8460496018559034,5.694958657019903,0.7554905756331535,5910
305,42.51535478235552,-23.35526886011083,0.16485027807320474,31.962620605629894,51.28755680594779,-23.35526886011083,nan,0.06940827301959838,0.09544200505360628,42.367440165336326,-24.17214794647702,0.16443049254071837,30.787532393098754,49.14725510449878,-24.17214794647702,nan,1183.6069982501842,0.9742309880897053,0.0,0.5425076362314136,1214.9141350667035,46.0,46.0,,0.00022485428274474886,,,,,,,0.9815322137238233,,0,0.31257533680312616,2.017532981591397,inf,-inf,-0.22710523726630888,0.14528023536306642,-0.488677315337212,0.1415456474859053,inf,-inf,3.321278481565328,0.13509576129269377,0.13509576129269377,0.13509576129269377,784,3.3808061346720484,1.7324215684136204,2.604822945426189,,,-2.5866244115162043,0.9762868836957972,0.3094354351287241,6.454549492694394,0.8098659352678612,0.0,0.0,1.0899602887425224,1.0782522186492,0.2515726255291199,0.31257533680312616,1.838719989763436,5.882485830676858,0.7695608897509465,5910
306,42.70415327404283,-22.567993669412104,0.16411779022282752,31.320900376585968,51.62117777143952,-22.567993669412104,nan,0.06980090663184498,0.09431688359098253,42.367440165336326,-24.17214794647702,0.16443049254071837,30.787532393098754,49.14725510449878,-24.17214794647702,nan,1424.8755565798183,1.1709856612308653,0.0,0.595652505114731,1216.8172538356107,46.0,46.0,,0.00022441031940138818,,,,,,,0.9815322137238233,,0,0.31257533680312616,2.017532981591397,inf,-inf,-0.22138662075862917,0.17277825058751192,-0.48783173798924606,0.15483797941458916,inf,-inf,3.322545208811996,0.13425231399362206,0.13425231399362206,0.13425231399362206,784,3.3808061346720484,1.7324215684136204,2.604822945426189,,,-2.5866244115162043,0.9762868836957972,0.3094354351287241,6.454549492694394,0.8098659352678612,0.0,0.0,1.0899602887425224,1.0782522186492,0.2515726255291199,0.31257533680312616,1.838719989763436,5.882485830676858,0.7695608897509465,5910
307,42.58242532769748,-23.041064104317787,0.16342968599378846,31.204511132796938,50.90930204217042,-23.041064104317787,nan,0.07009321966399301,0.09333646632979545,42.367440165336326,-24.17214794647702,0.16443049254071837,30.787532393098754,49.14725510449878,-24.17214794647702,nan,1514.0408839725221,0.9900977557367302,0.0,0.4647112310733352,1529.1832298376705,46.0,46.0,,0.0002239655103151901,,,,,,,0.9815322137238233,,0,0.31257533680312616,2.017532981591397,inf,-inf,-0.22519352104203377,0.14334147801186886,-0.47969958352896985,0.14358414467982267,inf,-inf,3.323708216972848,0.1339753593929182,0.1339753593929182,0.1339753593929182,784,3.3808061346720484,1.7324215684136204,2.604822945426189,,,-2.5866244115162043,0.9762868836957972,0.3094354351287241,6.454549492694394,0.8098659352678612,0.0,0.0,1.0899602887425224,1.0782522186492,0.2515726255291199,0.31257533680312616,1.838719989763436,5.882485830676858,0.7695608897509465,5910
308,42.621544777762836,-22.825928195882447,0.1636420523794107,30.88212109196979,50.84137972622959,-22.825928195882447,nan,0.07032161391150453,0.09332043846790614,42.367440165336326,-24.17214794647702,0.16443049254071837,30.787532393098754,49.14725510449878,-24.17214794647702,nan,1734.1784237239385,1.0256123531820591,0.0,0.46632220346138487,1690.8712325309716,46.0,46.0,,0.00022351986090601302,,,,,,,0.9815322137238233,,0,0.31257533680312616,2.017532981591397,inf,-inf,-0.21468287871190245,0.15219096946717986,-0.48877992770756984,0.1385064285974339,inf,-inf,3.321847052452251,0.13365175837642393,0.13365175837642393,0.13365175837642393,784,3.3808061346720484,1.7324215684136204,2.604822945426189,,,-2.5866244115162043,0.9762868836957972,0.3094354351287241,6.454549492694394,0.8098659352678612,0.0,0.0,1.0899602887425224,1.0782522186492,0.2515726255291199,0.31257533680312616,1.838719989763436,5.882485830676858,0.7695608897509465,5910
309,42.621739853016976,-22.808282446835126,0.1634389791926767,30.629601230328056,50.60649761570258,-22.808282446835126,nan,0.07051930934746928,0.0929196698452075,42.367440165336326,-24.17214794647702,0.16443049254071837,30.787532393098754,49.14725510449878,-24.17214794647702,nan,1322.4989007344443,1.049164720186781,0.0,0.4689923325069698,1260.525516430825,46.0,46.0,,0.00022307337660395433,,,,,,,0.9815322137238233,,0,0.31257533680312616,2.017532981591397,inf,-inf,-0.22361291016509263,0.17528513234143336,-0.49159926576289514,0.1558740922038288,inf,-inf,3.325134792537606,0.13305785166130688,0.13305785166130688,0.13305785166130688,784,3.3808061346720484,1.7324215684136204,2.604822945426189,,,-2.5866244115162043,0.9762868836957972,0.3094354351287241,6.454549492694394,0.8098659352678612,0.0,0.0,1.0899602887425224,1.0782522186492,0.2515726255291199,0.31257533680312616,1.838719989763436,5.882485830676858,0.7695608897509465,5910
310,42.55059382502521,-23.056180960083967,0.1627948599120488,30.182937466743425,49.84014519159672,-23.056180960083967,nan,0.07069406061675412,0.0921007992952947,42.54997727268836,-23.86715571129086,0.16251749071638646,29.705207086240712,48.5505461383546,-23.86715571129086,nan,1222.3449867684762,1.004079981489656,0.0,0.39100724459579245,1217.3781066275235,46.0,46.0,,0.00022262606284928442,,,,,,,0.9601862988203804,,0,0.29983358769595714,2.025098417113956,inf,-inf,-0.20937926013731853,0.16359796506357976,-0.48875781811450153,0.1771117562089295,inf,-inf,3.322622054774445,0.13274342529522185,0.13274342529522185,0.13274342529522185,784,3.3620350999500945,1.7294069838978146,2.5825918318669294,,,-2.6097097022385545,0.9538472027724961,0.307015282483013,6.7540745940961235,0.8295658528089328,0.0,0.0,1.0679273965062228,1.0514435964165618,0.2506710733132076,0.29983358769595714,1.818783905192953,6.0659778618173705,0.7829008209914432,5910
311,42.65485383126089,-22.9059787229,0.16260667919377592,30.24619572334028,50.15767751089494,-22.9059787229,nan,0.07082534548252233,0.09178133371125356,42.54997727268836,-23.86715571129086,0.16251749071638646,29.705207086240712,48.5505461383546,-23.86715571129086,nan,1440.0488094500583,0.984043981199975,0.0,0.3835231682707945,1463.398828672288,46.0,46.0,,0.00022217792509238014,,,,,,,0.9601862988203804,,0,0.29983358769595714,2.025098417113956,inf,-inf,-0.22787360452630123,0.1627700289056966,-0.4977089395600581,0.13669562201715127,inf,-inf,3.3235904791448245,0.13250557965827645,0.13250557965827645,0.13250557965827645,784,3.3620350999500945,1.7294069838978146,2.5825918318669294,,,-2.6097097022385545,0.9538472027724961,0.307015282483013,6.7540745940961235,0.8295658528089328,0.0,0.0,1.0679273965062228,1.0514435964165618,0.2506710733132076,0.29983358769595714,1.818783905192953,6.0659778618173705,0.7829008209914432,5910
312,42.52233078831039,-23.24409816114403,0.1621711142197704,30.161801967710904,49.602205709097035,-23.24409816114403,nan,0.0709221820114228,0.09124893220834761,42.54997727268836,-23.86715571129086,0.16251749071638646,29.705207086240712,48.5505461383546,-23.86715571129086,nan,1216.0407419478975,0.9588234625396849,0.0,0.3860483047630922,1268.2634389514292,46.0,46.0,,0.00022172896879365866,,,,,,,0.9601862988203804,,0,0.29983358769595714,2.025098417113956,inf,-inf,-0.21984713357100716,0.1438911871774688,-0.47696644056940324,0.13613889461070092,inf,-inf,3.323683068141737,0.13245469607166885,0.13245469607166885,0.13245469607166885,784,3.3620350999500945,1.7294069838978146,2.5825918318669294,,,-2.6097097022385545,0.9538472027724961,0.307015282483013,6.7540745940961235,0.8295658528089328,0.0,0.0,1.0679273965062228,1.0514435964165618,0.2506710733132076,0.29983358769595714,1.818783905192953,6.0659778618173705,0.7829008209914432,5910
313,42.643710081468036,-23.265043300400897,0.16185089838818056,30.381409057691034,49.92192673714635,-23.265043300400897,nan,0.07095216026935822,0.09089873811882232,42.54997727268836,-23.86715571129086,0.16251749071638646,29.705207086240712,48.5505461383546,-23.86715571129086,nan,1424.5870608257824,0.9368490712643647,0.0,0.40863342066515995,1520.6153312434521,46.0,46.0,,0.00022127919942351083,,,,,,,0.9601862988203804,,0,0.29983358769595714,2.025098417113956,inf,-inf,-0.21313662285487087,0.14173476061437235,-0.48723512902490296,0.1374853985794234,inf,-inf,3.3295744557355236,0.13237031472346028,0.13237031472346028,0.13237031472346028,784,3.3620350999500945,1.7294069838978146,2.5825918318669294,,,-2.6097097022385545,0.9538472027724961,0.307015282483013,6.7540745940961235,0.8295658528089328,0.0,0.0,1.0679273965062228,1.0514435964165618,0.2506710733132076,0.29983358769595714,1.818783905192953,6.0659778618173705,0.7829008209914432,5910
314,42.39817503879748,-23.269801754810626,0.16193826770375788,30.215182457997127,49.50549400968774,-23.269801754810626,nan,0.07097534677445291,0.09096292092930493,42.54997727268836,-23.86715571129086,0.16251749071638646,29.705207086240712,48.5505461383546,-23.86715571129086,nan,1508.4603740040534,1.010243255447652,0.0,0.43135777560143373,1493.1654983785415,46.0,46.0,,0.00022082862246223443,,,,,,,0.9601862988203804,,0,0.29983358769595714,2.025098417113956,inf,-inf,-0.207727489323616,0.16964269000774426,-0.490228135488365,0.15751626039580854,inf,-inf,3.332717715534547,0.13245640401721184,0.13245640401721184,0.13245640401721184,784,3.3620350999500945,1.7294069838978146,2.5825918318669294,,,-2.6097097022385545,0.9538472027724961,0.307015282483013,6.7540745940961235,0.8295658528089328,0.0,0.0,1.0679273965062228,1.0514435964165618,0.2506710733132076,0.29983358769595714,1.818783905192953,6.0659778618173705,0.7829008209914432,5910
315,42.42166996312763,-23.455266105813937,0.16171524850353167,30.10615763348829,49.234276739305514,-23.455266105813937,nan,0.07105710711590967,0.09065814138762204,42.75889993310794,-23.63575532063144,0.1611398031424913,30.103365722671782,49.38765013829077,-23.63575532063144,nan,1175.5171824500778,0.9980093004933777,0.0,0.3859490706077451,1177.8619516561089,46.0,46.0,,0.00022037724339996762,,,,,,,0.9565013444848856,,0,0.29358033386457283,2.078172305144142,inf,-inf,-0.22163975317426465,0.14858548268793068,-0.49403130076631185,0.13418427182317078,inf,-inf,3.3399604879222577,0.13234798784804966,0.13234798784804966,0.13234798784804966,784,3.344104103290646,1.7251757657703322,2.564412315031467,,,-2.614755951716157,0.9491990422892523,0.3101551438611315,7.078717698109822,0.8499545928490064,0.0,0.0,1.0652977754679396,1.046724938329727,0.2545798752122124,0.29358033386457283,1.8230473325090333,6.209705222796007,0.7930709845321968,5910
316,42.354198518419814,-23.663156074691074,0.16108303632965998,30.387632585882592,49.23975806594099,-23.663156074691074,nan,0.07101377260039747,0.09006926372926247,42.75889993310794,-23.63575532063144,0.1611398031424913,30.103365722671782,49.38765013829077,-23.63575532063144,nan,1636.918156846821,0.9166864139431327,0.0,0.361173483259354,1785.6904301718694,46.0,46.0,,0.00021992506773662175,,,,,,,0.9565013444848856,,0,0.29358033386457283,2.078172305144142,inf,-inf,-0.22031709756311638,0.13454797915197247,-0.48473209824295105,0.1567677969252851,inf,-inf,3.3512352635656453,0.13224599763364725,0.13224599763364725,0.13224599763364725,784,3.344104103290646,1.7251757657703322,2.564412315031467,,,-2.614755951716157,0.9491990422892523,0.3101551438611315,7.078717698109822,0.8499545928490064,0.0,0.0,1.0652977754679396,1.046724938329727,0.2545798752122124,0.29358033386457283,1.8230473325090333,6.209705222796007,0.7930709845321968,5910
317,42.33806568489208,-23.174691892627127,0.1608694748133639,29.837867936610106,49.162111203688426,-23.174691892627127,nan,0.07105732595627927,0.08981214885708468,42.75889993310794,-23.63575532063144,0.1611398031424913,30.103365722671782,49.38765013829077,-23.63575532063144,nan,1538.4178029710095,1.0688095132351156,0.0,0.40249000460545703,1439.3751027855885,46.0,46.0,,0.00021947210098181464,,,,,,,0.9565013444848856,,0,0.29358033386457283,2.078172305144142,inf,-inf,-0.22471281875599286,0.14606757247041496,-0.49435528487979086,0.17527049682102183,inf,-inf,3.3493385860977622,0.1325072507519068,0.1325072507519068,0.1325072507519068,784,3.344104103290646,1.7251757657703322,2.564412315031467,,,-2.614755951716157,0.9491990422892523,0.3101551438611315,7.078717698109822,0.8499545928490064,0.0,0.0,1.0652977754679396,1.046724938329727,0.2545798752122124,0.29358033386457283,1.8230473325090333,6.209705222796007,0.7930709845321968,5910
318,41.95138629886424,-23.246882454069997,0.16109865883005953,29.631726925663553,48.49732942928786,-23.246882454069997,nan,0.07128320950617785,0.08981544932388168,42.75889993310794,-23.63575532063144,0.1611398031424913,30.103365722671782,49.38765013829077,-23.63575532063144,nan,1055.9400573032815,1.0426550852234278,0.0,0.45296906790664615,1012.7414830351179,46.0,46.0,,0.00021901834865480324,,,,,,,0.9565013444848856,,0,0.29358033386457283,2.078172305144142,inf,-inf,-0.2169552005169319,0.1458244045872704,-0.4888298515611072,0.1899363897723584,inf,-inf,3.3495670072069004,0.13253785263375567,0.13253785263375567,0.13253785263375567,784,3.344104103290646,1.7251757657703322,2.564412315031467,,,-2.614755951716157,0.9491990422892523,0.3101551438611315,7.078717698109822,0.8499545928490064,0.0,0.0,1.0652977754679396,1.046724938329727,0.2545798752122124,0.29358033386457283,1.8230473325090333,6.209705222796007,0.7930709845321968,5910
319,42.13664533846183,-23.36362039427274,0.16087856713280194,29.918355276501,48.85225878782289,-23.36362039427274,nan,0.07137686238008398,0.08950170475271794,42.75889993310794,-23.63575532063144,0.1611398031424913,30.103365722671782,49.38765013829077,-23.63575532063144,nan,1602.984939166449,1.0008026790163702,0.0,0.37941315388450897,1601.6992887568288,46.0,46.0,,0.0002185638162844164,,,,,,,0.9565013444848856,,0,0.29358033386457283,2.078172305144142,inf,-inf,-0.2173817203393522,0.13691385460573333,-0.48112837470214087,0.1530782538362238,inf,-inf,3.3548541451245772,0.13256806279721073,0.13256806279721073,0.13256806279721073,784,3.344104103290646,1.7251757657703322,2.564412315031467,,,-2.614755951716157,0.9491990422892523,0.3101551438611315,7.078717698109822,0.8499545928490064,0.0,0.0,1.0652977754679396,1.046724938329727,0.2545798752122124,0.29358033386457283,1.8230473325090333,6.209705222796007,0.7930709845321968,5910
320,42.25356109131926,-23.38411036935632,0.16083480592923258,29.68924805729944,48.71953358519161,-23.38411036935632,nan,0.07149051411499566,0.08934429181423688,42.4941130079401,-24.216321069135777,0.16056651122484147,29.02674508840225,47.46510353843142,-24.216321069135777,nan,1314.7661047950182,0.9903526965516345,0.0,0.40132046814268896,1327.5736102632702,46.0,46.0,,0.00021810850940898768,,,,,,,0.9486839931200172,,0,0.28638268206515405,2.121234252938429,inf,-inf,-0.22089984220103415,0.1383175709219763,-0.4872297690933767,0.14561572557634725,inf,-inf,3.3576243372828065,0.13266625512851732,0.13266625512851732,0.13266625512851732,784,3.323198048114322,1.7196710301279208,2.5523786464548692,,,-2.6236627853345307,0.9398527290638092,0.3113232858512529,7.40699206265494,0.8696418792611522,0.0,0.0,1.0580487158342717,1.0405199284059128,0.2562760002537405,0.28638268206515405,1.839843111222645,6.4244216792552695,0.8078340389585795,5910
321,41.957008924781455,-22.727021629737845,0.16102429650994474,28.85531536169239,48.24632695324594,-22.727021629737845,nan,0.0716690403269448,0.08935525618299996,42.4941130079401,-24.216321069135777,0.16056651122484147,29.02674508840225,47.46510353843142,-24.216321069135777,nan,1064.8139732262525,1.2668322463421142,0.0,0.6957342014766962,840.5327353332103,46.0,46.0,,0.0002176524335762876,,,,,,,0.9486839931200172,,0,0.28638268206515405,2.121234252938429,inf,-inf,-0.23612839249812692,0.1751026510425927,-0.49915542127635837,0.20608633258192197,inf,-inf,3.35983710251948,0.132498225404996,0.132498225404996,0.132498225404996,784,3.323198048114322,1.7196710301279208,2.5523786464548692,,,-2.6236627853345307,0.9398527290638092,0.3113232858512529,7.40699206265494,0.8696418792611522,0.0,0.0,1.0580487158342717,1.0405199284059128,0.2562760002537405,0.28638268206515405,1.839843111222645,6.4244216792552695,0.8078340389585795,5910
322,42.08200572477587,-22.86912997248342,0.16108349250628257,28.68039248545574,48.05435173025447,-22.86912997248342,nan,0.07205173638732394,0.08903175611895867,42.4941130079401,-24.216321069135777,0.16056651122484147,29.02674508840225,47.46510353843142,-24.216321069135777,nan,1526.8002365410525,1.0548157347755862,0.0,0.43588323267458223,1447.4568270124278,46.0,46.0,,0.00021719559434345634,,,,,,,0.9486839931200172,,0,0.28638268206515405,2.121234252938429,inf,-inf,-0.22290449723373165,0.15740431672387672,-0.49562009519206845,0.19332484560332214,inf,-inf,3.3689984345940873,0.13215805655988394,0.13215805655988394,0.13215805655988394,784,3.323198048114322,1.7196710301279208,2.5523786464548692,,,-2.6236627853345307,0.9398527290638092,0.3113232858512529,7.40699206265494,0.8696418792611522,0.0,0.0,1.0580487158342717,1.0405199284059128,0.2562760002537405,0.28638268206515405,1.839843111222645,6.4244216792552695,0.8078340389585795,5910
323,42.07978566916393,-23.013497728637297,0.16082766679278376,28.648971483807994,47.87608709112742,-23.013497728637297,nan,0.07224670854334815,0.0885809582494356,42.4941130079401,-24.216321069135777,0.16056651122484147,29.02674508840225,47.46510353843142,-24.216321069135777,nan,1330.7883452420726,1.0697086200376111,0.0,0.4869600854518708,1244.0662067351404,46.0,46.0,,0.00021673799727693572,,,,,,,0.9486839931200172,,0,0.28638268206515405,2.121234252938429,inf,-inf,-0.21588671115596308,0.15635150486239338,-0.5140493072428703,0.17330616085770026,inf,-inf,3.3802202280729876,0.13184013696467617,0.13184013696467617,0.13184013696467617,784,3.323198048114322,1.7196710301279208,2.5523786464548692,,,-2.6236627853345307,0.9398527290638092,0.3113232858512529,7.40699206265494,0.8696418792611522,0.0,0.0,1.0580487158342717,1.0405199284059128,0.2562760002537405,0.28638268206515405,1.839843111222645,6.4244216792552695,0.8078340389585795,5910
324,42.17492765304085,-23.22138212295523,0.16053907007856213,28.605417243199007,47.71950184336319,-23.22138212295523,nan,0.07234011388907245,0.0881989561894896,42.4941130079401,-24.216321069135777,0.16056651122484147,29.02674508840225,47.46510353843142,-24.216321069135777,nan,1394.5240610545432,0.9915947221357747,0.0,0.42779023849809544,1406.3447797008314,46.0,46.0,,0.00021627964795240163,,,,,,,0.9486839931200172,,0,0.28638268206515405,2.121234252938429,inf,-inf,-0.21326984678958247,0.13903912735072918,-0.4978639132376718,0.15210578345843026,inf,-inf,3.391928899752651,0.1317016212943731,0.1317016212943731,0.1317016212943731,784,3.323198048114322,1.7196710301279208,2.5523786464548692,,,-2.6236627853345307,0.9398527290638092,0.3113232858512529,7.40699206265494,0.8696418792611522,0.0,0.0,1.0580487158342717,1.0405199284059128,0.2562760002537405,0.28638268206515405,1.839843111222645,6.4244216792552695,0.8078340389585795,5910
325,41.95693782403091,-22.832377357436837,0.16077577086498626,28.45222899762981,47.737565235088866,-22.832377357436837,nan,0.07238941627337846,0.08838635459160783,42.64974688497684,-23.787093414365522,0.16066672095560242,28.356829238963385,47.38014943053031,-23.787093414365522,nan,1269.5487540846284,1.1014576058303787,0.0,0.48599791443950385,1152.6079146074146,46.0,46.0,,0.00021582055195469593,,,,,,,0.9336365477189814,,0,0.27675269220485255,2.1386577083722638,inf,-inf,-0.22794937074402258,0.17503504247466967,-0.5010722433649785,0.15846844240733085,inf,-inf,3.4059976906890665,0.13143137952552242,0.13143137952552242,0.13143137952552242,784,3.320937639514552,1.7203954420107994,2.537732312315723,,,-2.6408254143974954,0.9236129496422925,0.31005026299799354,7.727685289468576,0.888049427093999,0.0,0.0,1.0427510642142115,1.0253852158370096,0.2554753386618708,0.27675269220485255,1.8409901128049009,6.652112751417062,0.8229596017776775,5910
326,42.22398318723907,-23.287105994434167,0.1609439222910878,28.65992243484185,47.75774354993784,-23.287105994434167,nan,0.07243834709412825,0.08850557519695955,42.64974688497684,-23.787093414365522,0.16066672095560242,28.356829238963385,47.38014943053031,-23.787093414365522,nan,1601.284377998138,1.0259363881934118,0.0,0.3557284150812523,1560.8027909194896,46.0,46.0,,0.0002153607148777584,,,,,,,0.9336365477189814,,0,0.27675269220485255,2.1386577083722638,inf,-inf,-0.214347792146208,0.14555777967235822,-0.49619493327392084,0.14789333963197904,inf,-inf,3.4147562423513063,0.13149443920642573,0.13149443920642573,0.13149443920642573,784,3.320937639514552,1.7203954420107994,2.537732312315723,,,-2.6408254143974954,0.9236129496422925,0.31005026299799354,7.727685289468576,0.888049427093999,0.0,0.0,1.0427510642142115,1.0253852158370096,0.2554753386618708,0.27675269220485255,1.8409901128049009,6.652112751417062,0.8229596017776775,5910
327,42.2269376325512,-23.081010560150418,0.16096555329945972,28.42226235664528,47.72915498234552,-23.081010560150418,nan,0.07251625951135197,0.08844929378810773,42.64974688497684,-23.787093414365522,0.16066672095560242,28.356829238963385,47.38014943053031,-23.787093414365522,nan,1461.0110843903747,1.0276635263320555,0.0,0.39778619911147356,1421.6823376081338,46.0,46.0,,0.00021490014232455876,,,,,,,0.9336365477189814,,0,0.27675269220485255,2.1386577083722638,inf,-inf,-0.2168120115517357,0.2049421068787301,-0.502454504890818,0.12466193660972,inf,-inf,3.4244133102872323,0.13153675182479949,0.13153675182479949,0.13153675182479949,784,3.320937639514552,1.7203954420107994,2.537732312315723,,,-2.6408254143974954,0.9236129496422925,0.31005026299799354,7.727685289468576,0.888049427093999,0.0,0.0,1.0427510642142115,1.0253852158370096,0.2554753386618708,0.27675269220485255,1.8409901128049009,6.652112751417062,0.8229596017776775,5910
328,41.95793295274669,-23.17741504830061,0.1611223097472218,28.237386755802607,47.1790269699959,-23.17741504830061,nan,0.07263850537687444,0.08848380437034736,42.64974688497684,-23.787093414365522,0.16066672095560242,28.356829238963385,47.38014943053031,-23.787093414365522,nan,1620.991010363685,0.9999481418821167,0.0,0.40436284578458487,1621.0750762660878,46.0,46.0,,0.00021443883990702824,,,,,,,0.9336365477189814,,0,0.27675269220485255,2.1386577083722638,inf,-inf,-0.22501205916538392,0.1589849830148251,-0.49104333545496687,0.13598842802876832,inf,-inf,3.4369729912092826,0.13146051664694905,0.13146051664694905,0.13146051664694905,784,3.320937639514552,1.7203954420107994,2.537732312315723,,,-2.6408254143974954,0.9236129496422925,0.31005026299799354,7.727685289468576,0.888049427093999,0.0,0.0,1.0427510642142115,1.0253852158370096,0.2554753386618708,0.27675269220485255,1.8409901128049009,6.652112751417062,0.8229596017776775,5910
329,41.90203233203868,-23.18279875256786,0.1617716204464896,28.172467979148248,47.05347317906556,-23.18279875256786,nan,0.07271606585197658,0.08905555459451307,42.64974688497684,-23.787093414365522,0.16066672095560242,28.356829238963385,47.38014943053031,-23.787093414365522,nan,1229.6162441949602,1.0291487852882835,0.0,0.45421621850447635,1194.78957928374,46.0,46.0,,0.00021397681324599125,,,,,,,0.9336365477189814,,0,0.27675269220485255,2.1386577083722638,inf,-inf,-0.22521694641589604,0.1739875447285762,-0.4993676417936556,0.12916859068324138,inf,-inf,3.4444285686390153,0.13160713982219785,0.13160713982219785,0.13160713982219785,784,3.320937639514552,1.7203954420107994,2.537732312315723,,,-2.6408254143974954,0.9236129496422925,0.31005026299799354,7.727685289468576,0.888049427093999,0.0,0.0,1.0427510642142115,1.0253852158370096,0.2554753386618708,0.27675269220485255,1.8409901128049009,6.652112751417062,0.8229596017776775,5910
330,41.758945691160775,-23.179919254822995,0.16210003977114784,28.08626905389288,46.82739553000181,-23.179919254822995,nan,0.07281872317406589,0.08928131659708195,41.348073081283424,-23.534841443102884,0.1621077709714548,27.18153915295067,45.15687856210266,-23.534841443102884,nan,1231.9626991374075,1.1043232354724086,0.0,0.5019563415648598,1115.5816155678342,46.0,46.0,,0.00021351406797109676,,,,,,,0.9258910740850624,,0,0.269750356978235,2.1738954411108424,inf,-inf,-0.23140213823595632,0.1780823404399021,-0.4932697968665399,0.1521474613572243,inf,-inf,3.451239724503831,0.13174056818668062,0.13174056818668062,0.13174056818668062,784,3.3210095866650287,1.720286071897264,2.538170820995595,,,-2.6500549261052684,0.9144569371897342,0.31096792032257004,8.05891590084622,0.906276623697579,0.0,0.0,1.0354563075002767,1.0191800536606226,0.2563738551207541,0.269750356978235,1.8574932546621403,6.885971442150912,0.8379652172443456,5910
331,41.793222033444756,-22.97751122333884,0.16275175189801444,27.823017832679565,46.801480394683495,-22.97751122333884,nan,0.07302646604184,0.0897252858561744,41.348073081283424,-23.534841443102884,0.1621077709714548,27.18153915295067,45.15687856210266,-23.534841443102884,nan,1844.4071720252987,1.0840882076049827,0.0,0.45793940369716873,1701.3441886800406,46.0,46.0,,0.00021305060972074996,,,,,,,0.9258910740850624,,0,0.269750356978235,2.1738954411108424,inf,-inf,-0.23971837212318806,0.1617828204756973,-0.4977886802689556,0.1544056384163704,inf,-inf,3.4604286365130914,0.131708153410848,0.131708153410848,0.131708153410848,784,3.3210095866650287,1.720286071897264,2.538170820995595,,,-2.6500549261052684,0.9144569371897342,0.31096792032257004,8.05891590084622,0.906276623697579,0.0,0.0,1.0354563075002767,1.0191800536606226,0.2563738551207541,0.269750356978235,1.8574932546621403,6.885971442150912,0.8379652172443456,5910
332,41.745387742454035,-22.89319788218578,0.1634004803640809,27.466792187147586,46.48238252777992,-22.89319788218578,nan,0.07320405457191191,0.09019642579216898,41.348073081283424,-23.534841443102884,0.1621077709714548,27.18153915295067,45.15687856210266,-23.534841443102884,nan,1413.4258838676349,1.1494502158884523,0.0,0.5834329415879678,1229.6538504498396,46.0,46.0,,0.00021258644414204342,,,,,,,0.9258910740850624,,0,0.269750356978235,2.1738954411108424,inf,-inf,-0.22878370105229712,0.18212681263301828,-0.5022688280023885,0.16674672061187681,inf,-inf,3.472239130036574,0.13158959221190017,0.13158959221190017,0.13158959221190017,784,3.3210095866650287,1.720286071897264,2.538170820995595,,,-2.6500549261052684,0.9144569371897342,0.31096792032257004,8.05891590084622,0.906276623697579,0.0,0.0,1.0354563075002767,1.0191800536606226,0.2563738551207541,0.269750356978235,1.8574932546621403,6.885971442150912,0.8379652172443456,5910
333,41.767583072497224,-22.482345862017258,0.16416881583647716,27.26289679837315,46.71230282468959,-22.482345862017258,nan,0.07353102213226645,0.09063779370421077,41.348073081283424,-23.534841443102884,0.1621077709714548,27.18153915295067,45.15687856210266,-23.534841443102884,nan,1374.406925266012,1.1651097888042314,0.0,0.4902523237581457,1179.6372654945978,46.0,46.0,,0.00021212157689068812,,,,,,,0.9258910740850624,,0,0.269750356978235,2.1738954411108424,inf,-inf,-0.22696303787070413,0.1785293255901566,-0.5104113599237586,0.18055559590352838,inf,-inf,3.477060532482258,0.13149088480977011,0.13149088480977011,0.13149088480977011,784,3.3210095866650287,1.720286071897264,2.538170820995595,,,-2.6500549261052684,0.9144569371897342,0.31096792032257004,8.05891590084622,0.906276623697579,0.0,0.0,1.0354563075002767,1.0191800536606226,0.2563738551207541,0.269750356978235,1.8574932546621403,6.885971442150912,0.8379652172443456,5910
334,41.69948752613476,-22.9185455753445,0.16427745862402698,27.36693822828766,46.312157637701944,-22.9185455753445,nan,0.07364966266485706,0.0906277959591699,41.348073081283424,-23.534841443102884,0.1621077709714548,27.18153915295067,45.15687856210266,-23.534841443102884,nan,1674.6058946007993,1.0029014224397144,0.0,0.44969968740007404,1669.7612119514786,46.0,46.0,,0.00021165601363094493,,,,,,,0.9258910740850624,,0,0.269750356978235,2.1738954411108424,inf,-inf,-0.22662965129062643,0.16708842447156774,-0.4910521004750795,0.1486191395824016,inf,-inf,3.4858606601695548,0.13146232429721452,0.13146232429721452,0.13146232429721452,784,3.3210095866650287,1.720286071897264,2.538170820995595,,,-2.6500549261052684,0.9144569371897342,0.31096792032257004,8.05891590084622,0.906276623697579,0.0,0.0,1.0354563075002767,1.0191800536606226,0.2563738551207541,0.269750356978235,1.8574932546621403,6.885971442150912,0.8379652172443456,5910
335,41.58804955796285,-22.708779463810576,0.1643725160385388,26.9253183244158,45.96896093460661,-22.708779463810576,nan,0.07373795754842886,0.09063455849010996,41.58647254495739,-20.410277533883548,0.16449847846505755,26.29556778840114,47.63626127794004,-20.410277533883548,nan,1010.6446017111851,1.2112118298162595,0.0,0.7026946761915311,834.4078028568294,46.0,46.0,,0.0002111897600355551,,,,,,,0.9090595691823516,,0,0.26010259148845316,2.1802617927316197,inf,-inf,-0.22866721525730108,0.1682385192620165,-0.5015826077058662,0.20561383684133389,inf,-inf,3.480660573582868,0.1317345493800398,0.1317345493800398,0.1317345493800398,784,3.326088883039767,1.7216023576335788,2.537605180403669,,,-2.6692826897204496,0.8957914376023574,0.3088330464537849,8.382314763782002,0.9233639649691908,0.0,0.0,1.0181378016757854,1.004397647649726,0.2548269988582843,0.26010259148845316,1.8530950989207655,7.124477646748209,0.8527530281962041,5910
336,41.839663508800534,-22.794445557131198,0.1649003763643171,26.945211282278613,46.155329610312265,-22.794445557131198,nan,0.07410340853455381,0.09079696782976333,41.58647254495739,-20.410277533883548,0.16449847846505755,26.29556778840114,47.63626127794004,-20.410277533883548,nan,1229.771508077034,1.146249200093535,0.0,0.4095351006335029,1072.8657502894516,46.0,46.0,,0.00021072282178567173,,,,,,,0.9090595691823516,,0,0.26010259148845316,2.1802617927316197,inf,-inf,-0.22550858286317263,0.1633977576042901,-0.490471715103698,0.1937250799763893,inf,-inf,3.4774916963938303,0.13177340852393246,0.13177340852393246,0.13177340852393246,784,3.326088883039767,1.7216023576335788,2.537605180403669,,,-2.6692826897204496,0.8957914376023574,0.3088330464537849,8.382314763782002,0.9233639649691908,0.0,0.0,1.0181378016757854,1.004397647649726,0.2548269988582843,0.26010259148845316,1.8530950989207655,7.124477646748209,0.8527530281962041,5910
337,41.69261860364912,-22.740704983781374,0.16474645553274553,27.03108233231469,46.147742407715185,-22.740704983781374,nan,0.0742566359014151,0.09048981963133047,41.58647254495739,-20.410277533883548,0.16449847846505755,26.29556778840114,47.63626127794004,-20.410277533883548,nan,1444.9584792995124,1.0816902174425542,0.0,0.45524589107002184,1335.8339162166367,46.0,46.0,,0.00021025520457078993,,,,,,,0.9090595691823516,,0,0.26010259148845316,2.1802617927316197,inf,-inf,-0.22425643114540753,0.16386939847221604,-0.5224069752166706,0.17487112830386842,inf,-inf,3.481127874938113,0.1316597975065654,0.1316597975065654,0.1316597975065654,784,3.326088883039767,1.7216023576335788,2.537605180403669,,,-2.6692826897204496,0.8957914376023574,0.3088330464537849,8.382314763782002,0.9233639649691908,0.0,0.0,1.0181378016757854,1.004397647649726,0.2548269988582843,0.26010259148845316,1.8530950989207655,7.124477646748209,0.8527530281962041,5910
338,41.60040626207863,-22.752461354472455,0.16438709091328793,26.896892788214828,45.909224786734285,-22.752461354472455,nan,0.07428557678085178,0.09010151413243618,41.58647254495739,-20.410277533883548,0.16449847846505755,26.29556778840114,47.63626127794004,-20.410277533883548,nan,1827.8175087444251,1.0153917497376608,0.0,0.49828710127637754,1800.110656026765,46.0,46.0,,0.00020978691408867793,,,,,,,0.9090595691823516,,0,0.26010259148845316,2.1802617927316197,inf,-inf,-0.225050500726257,0.1636467076170408,-0.5024699862440304,0.12997041727346528,inf,-inf,3.48322178735916,0.13183107761182836,0.13183107761182836,0.13183107761182836,784,3.326088883039767,1.7216023576335788,2.537605180403669,,,-2.6692826897204496,0.8957914376023574,0.3088330464537849,8.382314763782002,0.9233639649691908,0.0,0.0,1.0181378016757854,1.004397647649726,0.2548269988582843,0.26010259148845316,1.8530950989207655,7.124477646748209,0.8527530281962041,5910
339,41.78547536589158,-23.00860231607041,0.1647738454827212,27.06992077259102,46.01156766789491,-23.00860231607041,nan,0.07438815833006347,0.09038568715265771,41.58647254495739,-20.410277533883548,0.16449847846505755,26.29556778840114,47.63626127794004,-20.410277533883548,nan,1504.5287014596363,1.043164056132603,0.0,0.5497375179121299,1442.274292921368,46.0,46.0,,0.00020931795604530742,,,,,,,0.9090595691823516,,0,0.26010259148845316,2.1802617927316197,inf,-inf,-0.22939315204199984,0.16865397816867578,-0.4860344408369411,0.15131424278376737,inf,-inf,3.479907553379099,0.13209093048619783,0.13209093048619783,0.13209093048619783,784,3.326088883039767,1.7216023576335788,2.537605180403669,,,-2.6692826897204496,0.8957914376023574,0.3088330464537849,8.382314763782002,0.9233639649691908,0.0,0.0,1.0181378016757854,1.004397647649726,0.2548269988582843,0.26010259148845316,1.8530950989207655,7.124477646748209,0.8527530281962041,5910
340,41.711974529210686,-22.923686619776785,0.1645667468055406,26.965871283074318,45.91872593931376,-22.923686619776785,nan,0.0744536572500614,0.09011308955547923,41.83073205460913,-21.52095585582479,0.16442598330613836,26.094184313593008,46.568386495683484,-21.52095585582479,nan,1992.7909880952864,1.0613153080853628,0.0,0.5687607233413978,1877.6615892691939,46.0,46.0,,0.00020884833615478424,,,,,,,0.8999192409986446,,0,0.2535456289295721,2.2104183686868613,inf,-inf,-0.2328699722240551,0.16493085429305387,-0.4951116189644421,0.17505599200435615,inf,-inf,3.4810062073643326,0.1322189860369265,0.1322189860369265,0.1322189860369265,784,3.3088578613210857,1.716214869521757,2.531521733021928,,,-2.6796933492277257,0.8851931488512446,0.30875254339316993,8.718029878956635,0.940418353124399,0.0,0.0,1.0091815177710541,0.9947380404149913,0.25472867127674415,0.2535456289295721,1.8668587253459346,7.363008911758821,0.867055326121865,5910
341,41.657806232451236,-22.88740073741269,0.1651296157153536,26.626226776268442,45.56176188702234,-22.88740073741269,nan,0.07466953481307759,0.090460080902276,41.83073205460913,-21.52095585582479,0.16442598330613836,26.094184313593008,46.568386495683484,-21.52095585582479,nan,1541.7008720297274,1.119835485957364,0.0,0.60499449430807,1376.7208588783953,46.0,46.0,,0.00020837806013927852,,,,,,,0.8999192409986446,,0,0.2535456289295721,2.2104183686868613,inf,-inf,-0.23061357277378006,0.16080642945925602,-0.4967609708732403,0.10750098598212676,inf,-inf,3.473326463458419,0.13250241350031683,0.13250241350031683,0.13250241350031683,784,3.3088578613210857,1.716214869521757,2.531521733021928,,,-2.6796933492277257,0.8851931488512446,0.30875254339316993,8.718029878956635,0.940418353124399,0.0,0.0,1.0091815177710541,0.9947380404149913,0.25472867127674415,0.2535456289295721,1.8668587253459346,7.363008911758821,0.867055326121865,5910
342,41.50411597895287,-23.135121047598997,0.1649950459753146,26.572125800234993,45.10611577756418,-23.135121047598997,nan,0.0748152283820868,0.09017981759322778,41.83073205460913,-21.52095585582479,0.16442598330613836,26.094184313593008,46.568386495683484,-21.52095585582479,nan,1200.697831124207,1.0315699327803887,0.0,0.44266297839243485,1163.9519464162436,46.0,46.0,,0.000207907133728955,,,,,,,0.8999192409986446,,0,0.2535456289295721,2.2104183686868613,inf,-inf,-0.22443646996435912,0.155978360515746,-0.495901336531565,0.14235441049591666,inf,-inf,3.476937379106132,0.13239456142280978,0.13239456142280978,0.13239456142280978,784,3.3088578613210857,1.716214869521757,2.531521733021928,,,-2.6796933492277257,0.8851931488512446,0.30875254339316993,8.718029878956635,0.940418353124399,0.0,0.0,1.0091815177710541,0.9947380404149913,0.25472867127674415,0.2535456289295721,1.8668587253459346,7.363008911758821,0.867055326121865,5910
343,41.34285769796081,-23.136488788789165,0.1649074278101912,26.42379069138193,44.79506702836377,-23.136488788789165,nan,0.07490488992389442,0.09000253788629677,41.83073205460913,-21.52095585582479,0.16442598330613836,26.094184313593008,46.568386495683484,-21.52095585582479,nan,1388.3184149274755,1.0087301143760137,0.0,0.36723403733403415,1376.303131176241,46.0,46.0,,0.00020743556266190357,,,,,,,0.8999192409986446,,0,0.2535456289295721,2.2104183686868613,inf,-inf,-0.22509897312602903,0.1543892097973178,-0.4980727240677217,0.11320460522849277,inf,-inf,3.476647695021369,0.13247837829981404,0.13247837829981404,0.13247837829981404,784,3.3088578613210857,1.716214869521757,2.531521733021928,,,-2.6796933492277257,0.8851931488512446,0.30875254339316993,8.718029878956635,0.940418353124399,0.0,0.0,1.0091815177710541,0.9947380404149913,0.25472867127674415,0.2535456289295721,1.8668587253459346,7.363008911758821,0.867055326121865,5910
344,41.53429693514747,-22.981735609392558,0.1649297178538245,26.2516148291251,44.969105872733834,-22.981735609392558,nan,0.07502718970883376,0.08990252814499068,41.83073205460913,-21.52095585582479,0.16442598330613836,26.094184313593008,46.568386495683484,-21.52095585582479,nan,1044.2219867454153,1.1456856930528387,0.0,0.3520522835806367,911.4384451838101,46.0,46.0,,0.00020696335268406867,,,,,,,0.8999192409986446,,0,0.2535456289295721,2.2104183686868613,inf,-inf,-0.232322918149638,0.14731288837785209,-0.5016643872583907,0.12026486054645713,inf,-inf,3.4737988980583725,0.13249765777049471,0.13249765777049471,0.13249765777049471,784,3.3088578613210857,1.716214869521757,2.531521733021928,,,-2.6796933492277257,0.8851931488512446,0.30875254339316993,8.718029878956635,0.940418353124399,0.0,0.0,1.0091815177710541,0.9947380404149913,0.25472867127674415,0.2535456289295721,1.8668587253459346,7.363008911758821,0.867055326121865,5910
345,41.25112026606399,-23.171436773607812,0.16448426729076143,26.317014250460648,44.56118201020759,-23.171436773607812,nan,0.0751047698134185,0.08937949747734293,41.61439513782081,-21.617604473492214,0.1638650201704319,25.825384763964678,45.9860404484637,-21.617604473492214,nan,1232.274381786349,1.0152318725407676,0.0,0.4150648882255975,1213.7861459199469,46.0,46.0,,0.00020649050954918004,,,,,,,0.8914410648520721,,0,0.24701239261562738,2.2440499025802825,inf,-inf,-0.23818545713318068,0.1457706224320175,-0.5104823493284973,0.11734861983808012,inf,-inf,3.4814368237338407,0.13225482627378926,0.13225482627378926,0.13225482627378926,784,3.2965959940519176,1.712152642608319,2.529896076520222,,,-2.689727807789209,0.8760601719121934,0.3090400677272293,9.084766471908225,0.9583137680485507,0.0,0.0,1.0011438822868461,0.9868822012908653,0.2554132142740458,0.24701239261562738,1.878386326678497,7.604421408934848,0.881066175855677,5910
346,41.352116065842154,-23.15386143818656,0.16424859597319702,26.48958761108329,44.85209083471209,-23.15386143818656,nan,0.07511265582056292,0.0891359401526341,41.61439513782081,-21.617604473492214,0.1638650201704319,25.825384763964678,45.9860404484637,-21.617604473492214,nan,1536.4570898594602,1.057524888808731,0.0,0.4281574120987174,1452.8803114886796,46.0,46.0,,0.00020601703901868194,,,,,,,0.8914410648520721,,0,0.24701239261562738,2.2440499025802825,inf,-inf,-0.24480663171646397,0.15319907043062553,-0.5077796877505067,0.12213539863728856,inf,-inf,3.479540949632023,0.13241882907984906,0.13241882907984906,0.13241882907984906,784,3.2965959940519176,1.712152642608319,2.529896076520222,,,-2.689727807789209,0.8760601719121934,0.3090400677272293,9.084766471908225,0.9583137680485507,0.0,0.0,1.0011438822868461,0.9868822012908653,0.2554132142740458,0.24701239261562738,1.878386326678497,7.604421408934848,0.881066175855677,5910
347,41.54330887936364,-23.186201472592515,0.164122762158075,26.40302618872848,44.92425635765768,-23.186201472592515,nan,0.07524292064682528,0.08887984151124965,41.61439513782081,-21.617604473492214,0.1638650201704319,25.825384763964678,45.9860404484637,-21.617604473492214,nan,1293.0965158851643,1.0270766340363384,0.0,0.4408865085645576,1259.006848207019,46.0,46.0,,0.00020554294686166337,,,,,,,0.8914410648520721,,0,0.24701239261562738,2.2440499025802825,inf,-inf,-0.23232864545269183,0.1466168389010653,-0.4957939543809329,0.13969613316363502,inf,-inf,3.4790769964785677,0.13247237722393007,0.13247237722393007,0.13247237722393007,784,3.2965959940519176,1.712152642608319,2.529896076520222,,,-2.689727807789209,0.8760601719121934,0.3090400677272293,9.084766471908225,0.9583137680485507,0.0,0.0,1.0011438822868461,0.9868822012908653,0.2554132142740458,0.24701239261562738,1.878386326678497,7.604421408934848,0.881066175855677,5910
348,41.594947240802284,-22.880928456494924,0.16386847750333958,26.257239948905916,45.13512721071662,-22.880928456494924,nan,0.07533828913097876,0.08853018837236082,41.61439513782081,-21.617604473492214,0.1638650201704319,25.825384763964678,45.9860404484637,-21.617604473492214,nan,1528.0330032447325,1.0665536536379199,0.0,0.4560494411684573,1432.6827328683817,46.0,46.0,,0.00020506823885478768,,,,,,,0.8914410648520721,,0,0.24701239261562738,2.2440499025802825,inf,-inf,-0.23931831390219005,0.14751683744214786,-0.4967177384416544,0.12442895510654789,inf,-inf,3.4775713606534913,0.13259865789773914,0.13259865789773914,0.13259865789773914,784,3.2965959940519176,1.712152642608319,2.529896076520222,,,-2.689727807789209,0.8760601719121934,0.3090400677272293,9.084766471908225,0.9583137680485507,0.0,0.0,1.0011438822868461,0.9868822012908653,0.2554132142740458,0.24701239261562738,1.878386326678497,7.604421408934848,0.881066175855677,5910
349,41.515103602211056,-23.063568627478137,0.1640124897367347,26.335576092460986,44.95112355693064,-23.063568627478137,nan,0.07542881939592049,0.08858367034081421,41.61439513782081,-21.617604473492214,0.1638650201704319,25.825384763964678,45.9860404484637,-21.617604473492214,nan,1463.622778296333,1.0702764560487363,0.0,0.4373455390701066,1367.5184294904132,46.0,46.0,,0.00020459292078222214,,,,,,,0.8914410648520721,,0,0.24701239261562738,2.2440499025802825,inf,-inf,-0.23239172645654982,0.14730106344462082,-0.5012110180058827,0.13810625106995475,inf,-inf,3.479003725252038,0.1327052227311997,0.1327052227311997,0.1327052227311997,784,3.2965959940519176,1.712152642608319,2.529896076520222,,,-2.689727807789209,0.8760601719121934,0.3090400677272293,9.084766471908225,0.9583137680485507,0.0,0.0,1.0011438822868461,0.9868822012908653,0.2554132142740458,0.24701239261562738,1.878386326678497,7.604421408934848,0.881066175855677,5910
350,41.47753024105515,-23.243607175370055,0.1640309178955124,26.220472131997404,44.61842611557801,-23.243607175370055,nan,0.07550008651293036,0.08853083138258207,41.48638559510264,-21.008396811958534,0.1634016260472194,25.929080725796958,46.57047113498828,-21.008396811958534,nan,1237.1570943787146,1.0307373557479738,0.0,0.39921824189973004,1200.2641482620454,46.0,46.0,,0.0002041169984355674,,,,,,,0.8850017452397276,,0,0.24073822716610707,2.2760629582609386,inf,-inf,-0.23334746214599786,0.1466030510279206,-0.5162687387581025,0.12055507568294428,inf,-inf,3.4823171261639283,0.13262137650684794,0.13262137650684794,0.13262137650684794,784,3.27697105518955,1.7062169258825846,2.5269732806795795,,,-2.6972934974193534,0.8684494259499338,0.3100130285973426,9.454514079687382,0.9756392129342693,0.0,0.0,0.9952574923164778,0.9799881032194117,0.25664043333777287,0.24129377248420503,1.8960260659599868,7.857749690096539,0.8952981901742756,5910
351,41.466622347236424,-23.026092372703438,0.16381576607723455,26.18929607480607,44.793641815416294,-23.026092372703438,nan,0.0755991467966913,0.08821661928054328,41.48638559510264,-21.008396811958534,0.1634016260472194,25.929080725796958,46.57047113498828,-21.008396811958534,nan,1393.5815236018996,1.0821020451187777,0.0,0.5373763714102965,1287.8466775736774,46.0,46.0,,0.00020364047761378714,,,,,,,0.8850017452397276,,0,0.24073822716610707,2.2760629582609386,inf,-inf,-0.23886651822348873,0.14953725919508645,-0.5103404282371989,0.1275018066755937,inf,-inf,3.4801342038243153,0.1328115343297997,0.1328115343297997,0.1328115343297997,784,3.27697105518955,1.7062169258825846,2.5269732806795795,,,-2.6972934974193534,0.8684494259499338,0.3100130285973426,9.454514079687382,0.9756392129342693,0.0,0.0,0.9952574923164778,0.9799881032194117,0.25664043333777287,0.24129377248420503,1.8960260659599868,7.857749690096539,0.8952981901742756,5910
352,41.23351699968029,-23.296482626236326,0.16367109894560775,26.128255424061475,44.22896089645104,-23.296482626236326,nan,0.07570280639659119,0.0879682925490165,41.48638559510264,-21.008396811958534,0.1634016260472194,25.929080725796958,46.57047113498828,-21.008396811958534,nan,1323.1124030668507,0.9946468358514227,0.0,0.39182983214928296,1330.2333606020673,46.0,46.0,,0.00020316336412313715,,,,,,,0.8850017452397276,,0,0.24073822716610707,2.2760629582609386,inf,-inf,-0.2363999348959252,0.14714365111958425,-0.5104398362759788,0.13194221436095063,inf,-inf,3.4836354030089725,0.13280073786665542,0.13280073786665542,0.13280073786665542,784,3.27697105518955,1.7062169258825846,2.5269732806795795,,,-2.6972934974193534,0.8684494259499338,0.3100130285973426,9.454514079687382,0.9756392129342693,0.0,0.0,0.9952574923164778,0.9799881032194117,0.25664043333777287,0.24129377248420503,1.8960260659599868,7.857749690096539,0.8952981901742756,5910
353,41.213727718201966,-23.122707276203208,0.16350665063977154,25.942171112464948,44.19669820510347,-23.122707276203208,nan,0.0757878571026266,0.08771879353714492,41.48638559510264,-21.008396811958534,0.1634016260472194,25.929080725796958,46.57047113498828,-21.008396811958534,nan,1351.3425731085042,1.1333202819206982,0.0,0.553971984811691,1192.3748252509097,46.0,46.0,,0.00020268566377709473,,,,,,,0.8850017452397276,,0,0.24073822716610707,2.2760629582609386,inf,-inf,-0.23808336149287196,0.1547390658394938,-0.49685353363381135,0.11268462699541276,inf,-inf,3.486769235155328,0.13266073141178986,0.13266073141178986,0.13266073141178986,784,3.27697105518955,1.7062169258825846,2.5269732806795795,,,-2.6972934974193534,0.8684494259499338,0.3100130285973426,9.454514079687382,0.9756392129342693,0.0,0.0,0.9952574923164778,0.9799881032194117,0.25664043333777287,0.24129377248420503,1.8960260659599868,7.857749690096539,0.8952981901742756,5910
354,40.994192627333355,-22.90616078494461,0.1634230305980005,25.817536574014024,44.06899144700077,-22.90616078494461,nan,0.07585957601112325,0.08756345458687727,41.48638559510264,-21.008396811958534,0.1634016260472194,25.929080725796958,46.57047113498828,-21.008396811958534,nan,1372.08567073607,1.1446828630565566,0.0,0.42961045351957294,1198.6600961879499,46.0,46.0,,0.00020220738239628788,,,,,,,0.8850017452397276,,0,0.24073822716610707,2.2760629582609386,inf,-inf,-0.2440253249480974,0.15869954453355736,-0.5063798102479076,0.12644783364862544,inf,-inf,3.4881149719719606,0.13264318571707373,0.13264318571707373,0.13264318571707373,784,3.27697105518955,1.7062169258825846,2.5269732806795795,,,-2.6972934974193534,0.8684494259499338,0.3100130285973426,9.454514079687382,0.9756392129342693,0.0,0.0,0.9952574923164778,0.9799881032194117,0.25664043333777287,0.24129377248420503,1.8960260659599868,7.857749690096539,0.8952981901742756,5910
355,41.492606354716806,-23.079570003344344,0.16324717108081374,25.73402560083926,44.31030912329254,-23.079570003344344,nan,0.07598002813594992,0.08726714294486385,41.18179282780075,-22.529492109904073,0.16286742888313066,24.959180584012383,43.77434873079219,-22.529492109904073,nan,1183.0015326828066,1.1252090390544915,0.0,0.4392984507311048,1051.3615618275496,46.0,46.0,,0.00020172852580842426,,,,,,,0.8771135087773703,,0,0.23354307451858372,2.310931118299982,inf,-inf,-0.23778104832083258,0.1664838400064902,-0.4899690231925266,0.13104356164514924,inf,-inf,3.4861503684846764,0.13259071243498505,0.13259071243498505,0.13259071243498505,784,3.2611809675077312,1.7016589400921942,2.5209863443138456,,,-2.706674075095088,0.8600135834832955,0.3105886821150324,9.895095896393597,0.9954200074431492,0.0,0.0,0.9877064792377335,0.9715020977448283,0.2572926979832827,0.2354633466356008,1.9065950267221063,8.097205165748031,0.9083351435028562,5910
356,41.336162722194565,-22.638528726614897,0.16330740567354707,25.55895836563593,44.419899766889145,-22.638528726614897,nan,0.07618119407364835,0.08712621159989871,41.18179282780075,-22.529492109904073,0.16286742888313066,24.959180584012383,43.77434873079219,-22.529492109904073,nan,1775.6954736550526,1.1494527902399836,0.0,0.5057438977436299,1544.8180984312733,46.0,46.0,,0.0002012490998482203,,,,,,,0.8771135087773703,,0,0.23354307451858372,2.310931118299982,inf,-inf,-0.23243061406759527,0.15601287198613295,-0.4997647791455774,0.1591637790710116,inf,-inf,3.4847961205619544,0.13255323080198686,0.13255323080198686,0.13255323080198686,784,3.2611809675077312,1.7016589400921942,2.5209863443138456,,,-2.706674075095088,0.8600135834832955,0.3105886821150324,9.895095896393597,0.9954200074431492,0.0,0.0,0.9877064792377335,0.9715020977448283,0.2572926979832827,0.2354633466356008,1.9065950267221063,8.097205165748031,0.9083351435028562,5910
357,41.318672814314304,-23.178170587799826,0.16307056339450413,25.754091376051882,44.057664165960865,-23.178170587799826,nan,0.07629081604066519,0.08677974735383895,41.18179282780075,-22.529492109904073,0.16286742888313066,24.959180584012383,43.77434873079219,-22.529492109904073,nan,1367.0377844578165,1.0583650630562855,0.0,0.4475494903362564,1291.650520388649,46.0,46.0,,0.00020076911035733002,,,,,,,0.8771135087773703,,0,0.23354307451858372,2.310931118299982,inf,-inf,-0.23316129044341724,0.16666708343734365,-0.5044203226850765,0.15035434745282325,inf,-inf,3.487770303549807,0.13243770802424068,0.13243770802424068,0.13243770802424068,784,3.2611809675077312,1.7016589400921942,2.5209863443138456,,,-2.706674075095088,0.8600135834832955,0.3105886821150324,9.895095896393597,0.9954200074431492,0.0,0.0,0.9877064792377335,0.9715020977448283,0.2572926979832827,0.2354633466356008,1.9065950267221063,8.097205165748031,0.9083351435028562,5910
358,40.98845500224946,-22.93710546559985,0.16280735174453304,25.44823672671076,43.662393615104904,-22.93710546559985,nan,0.07640490315008518,0.08640244859444782,41.18179282780075,-22.529492109904073,0.16286742888313066,24.959180584012383,43.77434873079219,-22.529492109904073,nan,1191.0245758767287,1.113814339218861,0.0,0.5064433399884566,1069.3205626280737,46.0,46.0,,0.00020028856318427387,,,,,,,0.8771135087773703,,0,0.23354307451858372,2.310931118299982,inf,-inf,-0.23850575049618952,0.16128210265604276,-0.50370775308369,0.13937168790298957,inf,-inf,3.4877517174958563,0.13252346031886358,0.13252346031886358,0.13252346031886358,784,3.2611809675077312,1.7016589400921942,2.5209863443138456,,,-2.706674075095088,0.8600135834832955,0.3105886821150324,9.895095896393597,0.9954200074431492,0.0,0.0,0.9877064792377335,0.9715020977448283,0.2572926979832827,0.2354633466356008,1.9065950267221063,8.097205165748031,0.9083351435028562,5910
359,41.23111105711451,-22.868788396812075,0.1629835140695327,25.27177926759447,43.797085441966445,-22.868788396812075,nan,0.07657381547025528,0.08640969859927745,41.18179282780075,-22.529492109904073,0.16286742888313066,24.959180584012383,43.77434873079219,-22.529492109904073,nan,1396.8963303119388,1.1011792357650343,0.0,0.49128120176839635,1268.5458324515696,46.0,46.0,,0.00019980746418436752,,,,,,,0.8771135087773703,,0,0.23354307451858372,2.310931118299982,inf,-inf,-0.2494756577891981,0.1850176429594595,-0.4983451100204891,0.11809576583854964,inf,-inf,3.4863361513217286,0.1324424750974737,0.1324424750974737,0.1324424750974737,784,3.2611809675077312,1.7016589400921942,2.5209863443138456,,,-2.706674075095088,0.8600135834832955,0.3105886821150324,9.895095896393597,0.9954200074431492,0.0,0.0,0.9877064792377335,0.9715020977448283,0.2572926979832827,0.2354633466356008,1.9065950267221063,8.097205165748031,0.9083351435028562,5910
360,41.201147737407226,-22.748101427632214,0.1631681667032155,25.22600663201856,43.84222110849679,-22.748101427632214,nan,0.07676668818622788,0.08640147851698762,40.880162976110924,-22.766719897038904,0.16280140681118915,24.358795905251434,42.635040391134645,-22.766719897038904,nan,1377.3130073621674,1.163266079125883,0.0,0.6066392226422362,1184.005131824291,46.0,46.0,,0.0001993258192196505,,,,,,,0.8648008768116371,,0,0.22587450579325177,2.3258801854383795,inf,-inf,-0.24582490967851547,0.18138884941591216,-0.4956361825802223,0.1290921174135823,inf,-inf,3.4877451107467654,0.13241003096135437,0.13241003096135437,0.13241003096135437,784,3.2417052494774294,1.6965550866591685,2.508963880032631,,,-2.7208709950478065,0.8464890938593528,0.3092865543481304,10.29722312958733,1.0127201235312029,0.0,0.0,0.9747970181575784,0.9565319762380315,0.2557531791300958,0.22847226691902875,1.9066310960891306,8.345131432362626,0.9214331810272887,5910
361,41.09544403714565,-22.764404561032354,0.16336410466566448,25.260451588357757,43.75485516913672,-22.764404561032354,nan,0.07699443867977947,0.086369665985885,40.880162976110924,-22.766719897038904,0.16280140681118915,24.358795905251434,42.635040391134645,-22.766719897038904,nan,1476.1101048537196,1.1106983780616688,0.0,0.5618991506024085,1328.992761680041,46.0,46.0,,0.00019884363415881463,,,,,,,0.8648008768116371,,0,0.22587450579325177,2.3258801854383795,inf,-inf,-0.24521803213443238,0.19998258635382432,-0.5101516049725832,0.13799213278614933,inf,-inf,3.487190245889982,0.13251363918168116,0.13251363918168116,0.13251363918168116,784,3.2417052494774294,1.6965550866591685,2.508963880032631,,,-2.7208709950478065,0.8464890938593528,0.3092865543481304,10.29722312958733,1.0127201235312029,0.0,0.0,0.9747970181575784,0.9565319762380315,0.2557531791300958,0.22847226691902875,1.9066310960891306,8.345131432362626,0.9214331810272887,5910
362,40.88806436865657,-22.899558808544246,0.1633610251749707,24.976329756728827,43.128196342016125,-22.899558808544246,nan,0.0771503511018614,0.08621067407310928,40.880162976110924,-22.766719897038904,0.16280140681118915,24.358795905251434,42.635040391134645,-22.766719897038904,nan,1086.7627309316176,1.185983360526165,0.0,0.5148226894237479,916.3389361967711,46.0,46.0,,0.00019836091487713273,,,,,,,0.8648008768116371,,0,0.22587450579325177,2.3258801854383795,inf,-inf,-0.2668168029774457,0.16385453350274032,-0.5010063045709938,0.1299241285832362,inf,-inf,3.4899056730710516,0.13246017579675176,0.13246017579675176,0.13246017579675176,784,3.2417052494774294,1.6965550866591685,2.508963880032631,,,-2.7208709950478065,0.8464890938593528,0.3092865543481304,10.29722312958733,1.0127201235312029,0.0,0.0,0.9747970181575784,0.9565319762380315,0.2557531791300958,0.22847226691902875,1.9066310960891306,8.345131432362626,0.9214331810272887,5910
363,41.1794288520734,-22.910223956133972,0.16334052583451045,25.069566909243587,43.50211233101753,-22.910223956133972,nan,0.07731724733219464,0.08602327850231582,40.880162976110924,-22.766719897038904,0.16280140681118915,24.358795905251434,42.635040391134645,-22.766719897038904,nan,1063.6208144750992,1.107271342030414,0.0,0.4862121647522743,960.5782919701755,46.0,46.0,,0.00019787766725638692,,,,,,,0.8648008768116371,,0,0.22587450579325177,2.3258801854383795,inf,-inf,-0.24374337756503156,0.16661058399174702,-0.5212938245331422,0.16160479171547334,inf,-inf,3.4977204857458895,0.13214345969911848,0.13214345969911848,0.13214345969911848,784,3.2417052494774294,1.6965550866591685,2.508963880032631,,,-2.7208709950478065,0.8464890938593528,0.3092865543481304,10.29722312958733,1.0127201235312029,0.0,0.0,0.9747970181575784,0.9565319762380315,0.2557531791300958,0.22847226691902875,1.9066310960891306,8.345131432362626,0.9214331810272887,5910
364,41.07070593664615,-23.04515878233092,0.16301929426423228,25.04005152750062,43.22861797608008,-23.04515878233092,nan,0.07735314210932571,0.08566615215490656,40.880162976110924,-22.766719897038904,0.16280140681118915,24.358795905251434,42.635040391134645,-22.766719897038904,nan,1449.5033592491122,1.1363315336567021,0.0,0.47163272978952053,1275.5989922981603,46.0,46.0,,0.00019739389718479697,,,,,,,0.8648008768116371,,0,0.22587450579325177,2.3258801854383795,inf,-inf,-0.28589358686845,0.164676744315365,-0.48878729369808144,0.12916094104882772,inf,-inf,3.497553584090515,0.13232998996002665,0.13232998996002665,0.13232998996002665,784,3.2417052494774294,1.6965550866591685,2.508963880032631,,,-2.7208709950478065,0.8464890938593528,0.3092865543481304,10.29722312958733,1.0127201235312029,0.0,0.0,0.9747970181575784,0.9565319762380315,0.2557531791300958,0.22847226691902875,1.9066310960891306,8.345131432362626,0.9214331810272887,5910
365,41.072458697245175,-23.028336892210824,0.16308765282284685,24.984745884755704,43.1919553426129,-23.028336892210824,nan,0.07748562733794517,0.08560202548490167,41.913332329159644,-21.729714204639244,0.16249041823924307,25.020157855652,45.36626639841164,-21.729714204639244,nan,1666.443330543305,1.0898090608854871,0.0,0.4754987984300925,1529.1149526590405,46.0,46.0,,0.0001969096105569485,,,,,,,0.8557468877699406,,0,0.21918360982923452,2.3429322704404663,inf,-inf,-0.24233926914079995,0.1533125672910408,-0.5070671114778207,0.1448427094603523,inf,-inf,3.501569016220331,0.1322356445951471,0.1322356445951471,0.1322356445951471,784,3.225492114304501,1.6922294534977733,2.496458555649707,,,-2.7314392933861162,0.8368764492076193,0.3090166439318266,10.68935889990059,1.028951658942666,0.0,0.0,0.9654598593221024,0.9448915824280602,0.25509985481539066,0.22285821414097381,1.9207430578831899,8.61867741912435,0.9354406261906704,5910
366,41.14710899852131,-23.0140980215325,0.16276190966902054,25.11114803268128,43.406920919339115,-23.0140980215325,nan,0.07750087002183503,0.08526103964718558,41.913332329159644,-21.729714204639244,0.16249041823924307,25.020157855652,45.36626639841164,-21.729714204639244,nan,1938.2049508002692,1.071310621061164,0.0,0.27491723814284,1809.1904557806226,46.0,46.0,,0.0001964248132737213,,,,,,,0.8557468877699406,,0,0.21918360982923452,2.3429322704404663,inf,-inf,-0.24591965962618964,0.15354210143087782,-0.48745399625890073,0.17439593246227128,inf,-inf,3.5027414363427014,0.13239491615011134,0.13239491615011134,0.13239491615011134,784,3.225492114304501,1.6922294534977733,2.496458555649707,,,-2.7314392933861162,0.8368764492076193,0.3090166439318266,10.68935889990059,1.028951658942666,0.0,0.0,0.9654598593221024,0.9448915824280602,0.25509985481539066,0.22285821414097381,1.9207430578831899,8.61867741912435,0.9354406261906704,5910
367,41.09672422848997,-23.239898210860147,0.16285514815487173,24.88393186624925,42.903613032033945,-23.239898210860147,nan,0.0776069583080183,0.08524818984685345,41.913332329159644,-21.729714204639244,0.16249041823924307,25.020157855652,45.36626639841164,-21.729714204639244,nan,1383.0736127443986,1.091320479364159,0.0,0.4672530304835296,1267.3395568918718,46.0,46.0,,0.00019593951124221724,,,,,,,0.8557468877699406,,0,0.21918360982923452,2.3429322704404663,inf,-inf,-0.2530977947118001,0.15306580045819884,-0.4915469670812639,0.1507836682738554,inf,-inf,3.5042558857291404,0.1325087553880271,0.1325087553880271,0.1325087553880271,784,3.225492114304501,1.6922294534977733,2.496458555649707,,,-2.7314392933861162,0.8368764492076193,0.3090166439318266,10.68935889990059,1.028951658942666,0.0,0.0,0.9654598593221024,0.9448915824280602,0.25509985481539066,0.22285821414097381,1.9207430578831899,8.61867741912435,0.9354406261906704,5910
368,40.88135055297617,-23.042695023840675,0.16292873610857192,24.691390912699983,42.69297517794405,-23.042695023840675,nan,0.07778801343278255,0.08514072267578936,41.913332329159644,-21.729714204639244,0.16249041823924307,25.020157855652,45.36626639841164,-21.729714204639244,nan,1184.8120539864574,1.1571058645046874,0.0,0.5499464994699897,1023.9443860165983,46.0,46.0,,0.0001954537103756884,,,,,,,0.8557468877699406,,0,0.21918360982923452,2.3429322704404663,inf,-inf,-0.26173338097878196,0.14859383527653328,-0.5121864206935614,0.12521581921477276,inf,-inf,3.5078973737266232,0.13241407435320773,0.13241407435320773,0.13241407435320773,784,3.225492114304501,1.6922294534977733,2.496458555649707,,,-2.7314392933861162,0.8368764492076193,0.3090166439318266,10.68935889990059,1.028951658942666,0.0,0.0,0.9654598593221024,0.9448915824280602,0.25509985481539066,0.22285821414097381,1.9207430578831899,8.61867741912435,0.9354406261906704,5910
369,41.03442375986699,-22.920456483730867,0.1632095371158322,24.529726574940963,42.80690338819292,-22.920456483730867,nan,0.07788991795468714,0.08531961916114501,41.913332329159644,-21.729714204639244,0.16249041823924307,25.020157855652,45.36626639841164,-21.729714204639244,nan,1395.0220022429721,1.132686024631093,0.0,0.5620678106887089,1231.6052038315913,46.0,46.0,,0.00019496741659346504,,,,,,,0.8557468877699406,,0,0.21918360982923452,2.3429322704404663,inf,-inf,-0.26031854030695406,0.16971200814863113,-0.5017954620070777,0.11969976815839511,inf,-inf,3.508664415641268,0.13249780833944044,0.13249780833944044,0.13249780833944044,784,3.225492114304501,1.6922294534977733,2.496458555649707,,,-2.7314392933861162,0.8368764492076193,0.3090166439318266,10.68935889990059,1.028951658942666,0.0,0.0,0.9654598593221024,0.9448915824280602,0.25509985481539066,0.22285821414097381,1.9207430578831899,8.61867741912435,0.9354406261906704,5910
370,41.090540918345546,-22.828296199246527,0.16345544616594723,24.528605270700055,42.954305435965026,-22.828296199246527,nan,0.07801957910592536,0.08543586706002189,40.952131067541586,-24.192861588874568,0.16300527078066004,23.86692890431506,40.78920365376274,-24.192861588874568,nan,1844.8206325643246,1.1185493690619126,0.0,0.4613594664928778,1649.2974593615922,46.0,46.0,,0.0001944806358208834,,,,,,,0.8473067291394923,,0,0.21396634698773614,2.34253801869907,inf,-inf,-0.2631574716465234,0.14732051812797722,-0.5065081865568214,0.13779103130365022,inf,-inf,3.5119067115306577,0.1322853701990299,0.1322853701990299,0.1322853701990299,784,3.211568717002925,1.6881644012665267,2.4886708909543196,,,-2.741237470359358,0.8269917165414156,0.3085823293105295,10.948161015401814,1.039341175985646,0.0,0.0,0.9567947181916109,0.9344319861395085,0.25484489409754335,0.21706385093680372,1.9243230292192675,8.865239517839004,0.9476904737068836,5910
371,40.80588338084579,-23.055038241661716,0.163342303386111,24.570494810353217,42.484682252923406,-23.055038241661716,nan,0.07808336326450878,0.08525894012160223,40.952131067541586,-24.192861588874568,0.16300527078066004,23.86692890431506,40.78920365376274,-24.192861588874568,nan,1238.7037345051901,1.1103336530789283,0.0,0.4222716288775495,1115.6139697921383,46.0,46.0,,0.0001939933739892137,,,,,,,0.8473067291394923,,0,0.21396634698773614,2.34253801869907,inf,-inf,-0.2619785587998152,0.16170156648130143,-0.5070198393459221,0.14958136195067964,inf,-inf,3.515780406142962,0.13218959498257274,0.13218959498257274,0.13218959498257274,784,3.211568717002925,1.6881644012665267,2.4886708909543196,,,-2.741237470359358,0.8269917165414156,0.3085823293105295,10.948161015401814,1.039341175985646,0.0,0.0,0.9567947181916109,0.9344319861395085,0.25484489409754335,0.21706385093680372,1.9243230292192675,8.865239517839004,0.9476904737068836,5910
372,40.842969376401044,-22.992564832646206,0.16334485486380154,24.572097377741116,42.58584677635976,-22.992564832646206,nan,0.07815449544797479,0.08519035941582676,40.952131067541586,-24.192861588874568,0.16300527078066004,23.86692890431506,40.78920365376274,-24.192861588874568,nan,1184.8564243442677,1.1173977596843674,0.0,0.3990301525947423,1060.3712188209106,46.0,46.0,,0.00019350563703558743,,,,,,,0.8473067291394923,,0,0.21396634698773614,2.34253801869907,inf,-inf,-0.2537342771686709,0.15013963629866767,-0.5014247503639369,0.13414337703349874,inf,-inf,3.5162864979372648,0.13230853756697045,0.13230853756697045,0.13230853756697045,784,3.211568717002925,1.6881644012665267,2.4886708909543196,,,-2.741237470359358,0.8269917165414156,0.3085823293105295,10.948161015401814,1.039341175985646,0.0,0.0,0.9567947181916109,0.9344319861395085,0.25484489409754335,0.21706385093680372,1.9243230292192675,8.865239517839004,0.9476904737068836,5910
373,41.05937501320786,-23.19980396457501,0.16320414599807573,24.775188412513963,42.797963607144894,-23.19980396457501,nan,0.07820104335880508,0.08500310263927065,40.952131067541586,-24.192861588874568,0.16300527078066004,23.86692890431506,40.78920365376274,-24.192861588874568,nan,1656.194201892213,1.0574189585665448,0.0,0.4695760178999358,1566.2611195636005,46.0,46.0,,0.00019301743090292554,,,,,,,0.8473067291394923,,0,0.21396634698773614,2.34253801869907,inf,-inf,-0.2566087358279673,0.15040997995906646,-0.485669085535454,0.16900526221091972,inf,-inf,3.522436101696956,0.1322170858268473,0.1322170858268473,0.1322170858268473,784,3.211568717002925,1.6881644012665267,2.4886708909543196,,,-2.741237470359358,0.8269917165414156,0.3085823293105295,10.948161015401814,1.039341175985646,0.0,0.0,0.9567947181916109,0.9344319861395085,0.25484489409754335,0.21706385093680372,1.9243230292192675,8.865239517839004,0.9476904737068836,5910
374,40.62103474167172,-22.644278538933072,0.16300523383089968,24.33645103107862,42.47621246764817,-22.644278538933072,nan,0.07822511110191224,0.08478012272898738,40.952131067541586,-24.192861588874568,0.16300527078066004,23.86692890431506,40.78920365376274,-24.192861588874568,nan,2304.939652922474,1.1528895975542413,0.0,0.5162280777063253,1999.2717930773342,46.0,46.0,,0.00019252876153986567,,,,,,,0.8473067291394923,,0,0.21396634698773614,2.34253801869907,inf,-inf,-0.2727556134206184,0.15089878706737514,-0.5074122406318058,0.15555341612668952,inf,-inf,3.5200547616876525,0.13241502079078202,0.13241502079078202,0.13241502079078202,784,3.211568717002925,1.6881644012665267,2.4886708909543196,,,-2.741237470359358,0.8269917165414156,0.3085823293105295,10.948161015401814,1.039341175985646,0.0,0.0,0.9567947181916109,0.9344319861395085,0.25484489409754335,0.21706385093680372,1.9243230292192675,8.865239517839004,0.9476904737068836,5910
375,40.99948059700352,-23.141881847071385,0.16346831980098034,24.473388484532958,42.49445555426607,-23.141881847071385,nan,0.0783566795215533,0.08511164027942704,40.98992762059276,-23.795599167134696,0.16307887487356304,23.767608877819775,41.1250162061514,-23.795599167134696,nan,1716.014907762755,1.0426041264235568,0.0,0.35519254624961766,1645.8930712745191,46.0,46.0,,0.0001920396349006898,,,,,,,0.8431703015403342,,0,0.21005981870900156,2.349817743387218,inf,-inf,-0.2728021851494707,0.14779984722822986,-0.4832341631663572,0.15249213838666217,inf,-inf,3.5211318278507315,0.13244883232366977,0.13244883232366977,0.13244883232366977,784,3.198447637686608,1.6840104067578032,2.4841335234044863,,,-2.7457617234294585,0.8209347736586299,0.30937921019920106,11.186421838449975,1.048691192487024,0.0,0.0,0.9529466542450894,0.9298756159680324,0.2554510826422903,0.21292088387306088,1.9461101482948568,9.140062322186715,0.9609491570127717,5910
376,40.76821008165732,-23.153291584215484,0.1633928498384712,24.314218082018492,42.0925294292988,-23.153291584215484,nan,0.07843475702530756,0.0849580928131636,40.98992762059276,-23.795599167134696,0.16307887487356304,23.767608877819775,41.1250162061514,-23.795599167134696,nan,1250.5596866502842,1.1450251885020841,0.0,0.4232805373771253,1092.1678398064412,46.0,46.0,,0.0001915500569452517,,,,,,,0.8431703015403342,,0,0.21005981870900156,2.349817743387218,inf,-inf,-0.24792665733979238,0.15013169821760455,-0.5024378395327983,0.14724085090747732,inf,-inf,3.521503511637538,0.13245955881996685,0.13245955881996685,0.13245955881996685,784,3.198447637686608,1.6840104067578032,2.4841335234044863,,,-2.7457617234294585,0.8209347736586299,0.30937921019920106,11.186421838449975,1.048691192487024,0.0,0.0,0.9529466542450894,0.9298756159680324,0.2554510826422903,0.21292088387306088,1.9461101482948568,9.140062322186715,0.9609491570127717,5910
377,40.71081858124882,-23.12422801309333,0.16357112843337349,24.313813781186642,42.063975477775514,-23.12422801309333,nan,0.07852967361802349,0.08504145481535001,40.98992762059276,-23.795599167134696,0.16307887487356304,23.767608877819775,41.1250162061514,-23.795599167134696,nan,1328.3010344395075,1.1672647564968852,0.0,0.5476813163972605,1137.960370212764,46.0,46.0,,0.0001910600336389041,,,,,,,0.8431703015403342,,0,0.21005981870900156,2.349817743387218,inf,-inf,-0.24859480893132568,0.15274011195914383,-0.49900419702679005,0.1798232590929643,inf,-inf,3.51802298550793,0.13267863288615422,0.13267863288615422,0.13267863288615422,784,3.198447637686608,1.6840104067578032,2.4841335234044863,,,-2.7457617234294585,0.8209347736586299,0.30937921019920106,11.186421838449975,1.048691192487024,0.0,0.0,0.9529466542450894,0.9298756159680324,0.2554510826422903,0.21292088387306088,1.9461101482948568,9.140062322186715,0.9609491570127717,5910
378,40.62772914877268,-23.369215719964185,0.1634734424972561,24.426019752866363,41.848006624172115,-23.369215719964185,nan,0.07861319272418153,0.08486024977307456,40.98992762059276,-23.795599167134696,0.16307887487356304,23.767608877819775,41.1250162061514,-23.795599167134696,nan,1474.6867174767578,1.0631724944696799,0.0,0.39704260289469867,1387.0625182156778,46.0,46.0,,0.00019056957095242658,,,,,,,0.8431703015403342,,0,0.21005981870900156,2.349817743387218,inf,-inf,-0.2585140570611283,0.15699427427652995,-0.5038486793132974,0.1691483544522667,inf,-inf,3.5219462279509384,0.13255197646434957,0.13255197646434957,0.13255197646434957,784,3.198447637686608,1.6840104067578032,2.4841335234044863,,,-2.7457617234294585,0.8209347736586299,0.30937921019920106,11.186421838449975,1.048691192487024,0.0,0.0,0.9529466542450894,0.9298756159680324,0.2554510826422903,0.21292088387306088,1.9461101482948568,9.140062322186715,0.9609491570127717,5910
379,40.46516568262806,-23.16229391832165,0.16306645438208817,24.287309030184183,41.75324724887268,-23.16229391832165,nan,0.07869345523396054,0.08437299914812767,40.98992762059276,-23.795599167134696,0.16307887487356304,23.767608877819775,41.1250162061514,-23.795599167134696,nan,1591.6240461569726,1.1075321795587565,0.0,0.48372275983598656,1437.0905654326716,46.0,46.0,,0.000190078674861952,,,,,,,0.8431703015403342,,0,0.21005981870900156,2.349817743387218,inf,-inf,-0.3092642089655287,0.15484984321809364,-0.4986015635938868,0.1610652750786569,inf,-inf,3.5220856363036823,0.13263479262731637,0.13263479262731637,0.13263479262731637,784,3.198447637686608,1.6840104067578032,2.4841335234044863,,,-2.7457617234294585,0.8209347736586299,0.30937921019920106,11.186421838449975,1.048691192487024,0.0,0.0,0.9529466542450894,0.9298756159680324,0.2554510826422903,0.21292088387306088,1.9461101482948568,9.140062322186715,0.9609491570127717,5910
380,40.631047451045596,-22.92195799063196,0.1634026640973117,24.169148291506907,42.041640416017856,-22.92195799063196,nan,0.07884101386586646,0.08456165023144523,40.8069837627461,-24.689227071074033,0.1630729173105872,23.625655247863527,39.90648485684618,-24.689227071074033,nan,1638.028443830405,1.116285357276211,0.0,0.5399527630281088,1467.3922157567952,46.0,46.0,,0.0001895873513488945,,,,,,,0.8359476039990932,,0,0.2055348207026994,2.3582542546396232,inf,-inf,-0.29450048071426005,0.15368256814441336,-0.4919818610662334,0.12976267011141115,inf,-inf,3.5204771479394084,0.1327432207548888,0.1327432207548888,0.1327432207548888,784,3.1814373562373888,1.678810403531984,2.474214475749804,,,-2.7543053464895983,0.8118282039389528,0.3093760562218563,11.473745648435768,1.059705218153605,0.0,0.0,0.94561387392116,0.9179867296700273,0.2554132811969096,0.20803846512223761,1.9530328158040342,9.387844765421079,0.972565899622931,5910
381,40.29337711716415,-22.75610499395997,0.16363873646949612,23.7111942095333,41.41210506920697,-22.75610499395997,nan,0.07901849917688994,0.08462023729260619,40.8069837627461,-24.689227071074033,0.1630729173105872,23.625655247863527,39.90648485684618,-24.689227071074033,nan,1374.680816235965,1.2280164665210116,0.0,0.5672313799914495,1119.431908051246,46.0,46.0,,0.00018909560639987575,,,,,,,0.8359476039990932,,0,0.2055348207026994,2.3582542546396232,inf,-inf,-0.2847254120123241,0.15326105053568992,-0.5258442242418017,0.1140391828127229,inf,-inf,3.519762165193091,0.13268105564437474,0.13268105564437474,0.13268105564437474,784,3.1814373562373888,1.678810403531984,2.474214475749804,,,-2.7543053464895983,0.8118282039389528,0.3093760562218563,11.473745648435768,1.059705218153605,0.0,0.0,0.94561387392116,0.9179867296700273,0.2554132811969096,0.20803846512223761,1.9530328158040342,9.387844765421079,0.972565899622931,5910
382,40.551670050392595,-22.89626358723768,0.16393535425645198,23.511286433199736,41.3306282506111,-22.89626358723768,nan,0.07917249507575616,0.08476285918069579,40.8069837627461,-24.689227071074033,0.1630729173105872,23.625655247863527,39.90648485684618,-24.689227071074033,nan,1246.2190781885395,1.2464904931180447,0.0,0.5186102999213461,999.7822567191618,46.0,46.0,,0.00018860344600665302,,,,,,,0.8359476039990932,,0,0.2055348207026994,2.3582542546396232,inf,-inf,-0.2888884908623506,0.15439002038917238,-0.5132033465396622,0.12980327094004807,inf,-inf,3.5131130148994436,0.1325341129440003,0.1325341129440003,0.1325341129440003,784,3.1814373562373888,1.678810403531984,2.474214475749804,,,-2.7543053464895983,0.8118282039389528,0.3093760562218563,11.473745648435768,1.059705218153605,0.0,0.0,0.94561387392116,0.9179867296700273,0.2554132811969096,0.20803846512223761,1.9530328158040342,9.387844765421079,0.972565899622931,5910
383,40.56615562861348,-22.801206067398315,0.1640117753769907,23.462039257081013,41.39100059367317,-22.801206067398315,nan,0.07932460850321467,0.08468716687377598,40.8069837627461,-24.689227071074033,0.1630729173105872,23.625655247863527,39.90648485684618,-24.689227071074033,nan,1173.7351124782167,1.2132276911262279,0.0,0.49735637765448676,967.4483372438107,46.0,46.0,,0.00018811087616604527,,,,,,,0.8359476039990932,,0,0.2055348207026994,2.3582542546396232,inf,-inf,-0.2736363432611821,0.16716754238322593,-0.5165606341899376,0.1318418018358486,inf,-inf,3.509142795018869,0.13243178904201905,0.13243178904201905,0.13243178904201905,784,3.1814373562373888,1.678810403531984,2.474214475749804,,,-2.7543053464895983,0.8118282039389528,0.3093760562218563,11.473745648435768,1.059705218153605,0.0,0.0,0.94561387392116,0.9179867296700273,0.2554132811969096,0.20803846512223761,1.9530328158040342,9.387844765421079,0.972565899622931,5910
384,40.66724941500363,-22.941066778337746,0.16391553287989155,23.339892972276655,41.22999114182243,-22.941066778337746,nan,0.07945038270019696,0.08446515017969461,40.8069837627461,-24.689227071074033,0.1630729173105872,23.625655247863527,39.90648485684618,-24.689227071074033,nan,1496.0661871833233,1.165854569950723,0.0,0.44609109487176374,1283.23568457304,46.0,46.0,,0.0001876179028798606,,,,,,,0.8359476039990932,,0,0.2055348207026994,2.3582542546396232,inf,-inf,-0.26921118948436756,0.16615974262503083,-0.5010476630214924,0.1221579024998159,inf,-inf,3.5064547174183835,0.1322419417503747,0.1322419417503747,0.1322419417503747,784,3.1814373562373888,1.678810403531984,2.474214475749804,,,-2.7543053464895983,0.8118282039389528,0.3093760562218563,11.473745648435768,1.059705218153605,0.0,0.0,0.94561387392116,0.9179867296700273,0.2554132811969096,0.20803846512223761,1.9530328158040342,9.387844765421079,0.972565899622931,5910
385,40.39952261186297,-22.732705336844635,0.16395515554745313,23.16512292975609,40.99589536032188,-22.732705336844635,nan,0.07955745750360285,0.08439769804385022,41.12142293868351,-23.717754052711534,0.16357427683927322,22.657715931507013,40.224959094318265,-23.717754052711534,nan,1276.4982039591594,1.1783430887361377,0.0,0.4691078839783332,1083.2992667087312,46.0,46.0,,0.00018712453215482297,,,,,,,0.8257261077281386,,0,0.2001021371121992,2.3616809635361364,inf,-inf,-0.27902383025635014,0.17292404204544215,-0.5061097567863475,0.14275737426762194,inf,-inf,3.501037379991285,0.13219035587290778,0.13219035587290778,0.13219035587290778,784,3.168142415062658,1.6748701148196101,2.458524859246785,,,-2.766681855936651,0.8010009204261868,0.3082169122857194,11.802377513898909,1.071969501980747,0.0,0.0,0.9350430687390734,0.9041242594758137,0.2543284361976367,0.20263213615927006,1.9593442074213439,9.66946430393098,0.9854024144872284,5910
386,40.31049094606066,-22.26814733936151,0.16398399676670952,22.95359189709651,41.15991950056237,-22.26814733936151,nan,0.07974058874351564,0.08424340802319391,41.12142293868351,-23.717754052711534,0.16357427683927322,22.657715931507013,40.224959094318265,-23.717754052711534,nan,1609.8475999224765,1.1588789442732486,0.0,0.4235938327615886,1389.1421600830254,46.0,46.0,,0.00018663077000249885,,,,,,,0.8257261077281386,,0,0.2001021371121992,2.3616809635361364,inf,-inf,-0.31290260071570564,0.18146172443999253,-0.520251489157248,0.1371285237717991,inf,-inf,3.4958752770391683,0.13202264923015267,0.13202264923015267,0.13202264923015267,784,3.168142415062658,1.6748701148196101,2.458524859246785,,,-2.766681855936651,0.8010009204261868,0.3082169122857194,11.802377513898909,1.071969501980747,0.0,0.0,0.9350430687390734,0.9041242594758137,0.2543284361976367,0.20263213615927006,1.9593442074213439,9.66946430393098,0.9854024144872284,5910
387,40.61795402441503,-22.93856531924669,0.16376726726792667,23.195612505454648,41.03876847789091,-22.93856531924669,nan,0.07978703721656043,0.0839802300513662,41.12142293868351,-23.717754052711534,0.16357427683927322,22.657715931507013,40.224959094318265,-23.717754052711534,nan,1221.629883472703,1.101412705201913,0.0,0.45233153816530686,1109.148167351812,46.0,46.0,,0.00018613662243922437,,,,,,,0.8257261077281386,,0,0.2001021371121992,2.3616809635361364,inf,-inf,-0.28528049125769495,0.17136679997577287,-0.5053060892921158,0.13745948247474166,inf,-inf,3.4926201118604654,0.131975790720651,0.131975790720651,0.131975790720651,784,3.168142415062658,1.6748701148196101,2.458524859246785,,,-2.766681855936651,0.8010009204261868,0.3082169122857194,11.802377513898909,1.071969501980747,0.0,0.0,0.9350430687390734,0.9041242594758137,0.2543284361976367,0.20263213615927006,1.9593442074213439,9.66946430393098,0.9854024144872284,5910
388,40.30570168145902,-22.877206018655087,0.1634919597330982,22.94843684761414,40.540424470151166,-22.877206018655087,nan,0.07982507159481059,0.08366688813828767,41.12142293868351,-23.717754052711534,0.16357427683927322,22.657715931507013,40.224959094318265,-23.717754052711534,nan,1254.8963253308452,1.0893516789394502,0.0,0.5063663641389133,1151.9662103541832,46.0,46.0,,0.00018564209548603154,,,,,,,0.8257261077281386,,0,0.2001021371121992,2.3616809635361364,inf,-inf,-0.2767413864948772,0.17374077423800208,-0.5153547292329541,0.11544115056093827,inf,-inf,3.4910040530600015,0.13184897289345082,0.13184897289345082,0.13184897289345082,784,3.168142415062658,1.6748701148196101,2.458524859246785,,,-2.766681855936651,0.8010009204261868,0.3082169122857194,11.802377513898909,1.071969501980747,0.0,0.0,0.9350430687390734,0.9041242594758137,0.2543284361976367,0.20263213615927006,1.9593442074213439,9.66946430393098,0.9854024144872284,5910
389,40.2863230829004,-22.710504928293062,0.16325874531446768,22.910067643295978,40.64914454321779,-22.710504928293062,nan,0.07992525573554088,0.08333348957892692,41.12142293868351,-23.717754052711534,0.16357427683927322,22.657715931507013,40.224959094318265,-23.717754052711534,nan,1464.7776413209317,1.1193094695148513,0.0,0.5161690412894957,1308.6440177762622,46.0,46.0,,0.00018514719516857532,,,,,,,0.8257261077281386,,0,0.2001021371121992,2.3616809635361364,inf,-inf,-0.3030964133252778,0.17402631424742374,-0.5155738736744323,0.14639248779272526,inf,-inf,3.4872939374259375,0.13183415721204209,0.13183415721204209,0.13183415721204209,784,3.168142415062658,1.6748701148196101,2.458524859246785,,,-2.766681855936651,0.8010009204261868,0.3082169122857194,11.802377513898909,1.071969501980747,0.0,0.0,0.9350430687390734,0.9041242594758137,0.2543284361976367,0.20263213615927006,1.9593442074213439,9.66946430393098,0.9854024144872284,5910
390,40.48044256951028,-23.051618457039552,0.16304418116905392,23.148058946984523,40.739927240624304,-23.051618457039552,nan,0.07995560435263876,0.08308857681641514,40.25693964660006,-22.550465105907378,0.16234989653521215,22.59298688019092,40.461811317418814,-22.550465105907378,nan,1694.2488734085769,1.0545322651389755,0.0,0.43383328778505026,1606.6354054944861,46.0,46.0,,0.0001846519275170598,,,,,,,0.8212742932056073,,0,0.19669679936144738,2.3656754804965936,inf,-inf,-0.27647118610260407,0.16483403414661607,-0.5011401987578482,0.1732654952022319,inf,-inf,3.4857357397008526,0.13175707911669357,0.13175707911669357,0.13175707911669357,784,3.145523741555565,1.6686021212292723,2.4453862677842375,,,-2.771893481064438,0.7952821847591249,0.30892150627397874,12.027015631044714,1.0801578754062076,0.0,0.0,0.9312020699549373,0.8974635852644172,0.25543226601634733,0.19897485800297543,1.9730676935092897,9.916165857898413,0.9963437821707798,5910
391,40.356372885265394,-23.02128109558987,0.16238172303800427,23.18680178166666,40.684275294380186,-23.02128109558987,nan,0.07995461224766037,0.08242711079034397,40.25693964660006,-22.550465105907378,0.16234989653521215,22.59298688019092,40.461811317418814,-22.550465105907378,nan,1460.8576605761234,1.0318967073288983,0.0,0.46357836236487154,1415.7014458914264,46.0,46.0,,0.0001841562985661651,,,,,,,0.8212742932056073,,0,0.19669679936144738,2.3656754804965936,inf,-inf,-0.29497358155407294,0.16544508807257471,-0.4972529535561164,0.1584746691216056,inf,-inf,3.4869812905812427,0.13171496705056693,0.13171496705056693,0.13171496705056693,784,3.145523741555565,1.6686021212292723,2.4453862677842375,,,-2.771893481064438,0.7952821847591249,0.30892150627397874,12.027015631044714,1.0801578754062076,0.0,0.0,0.9312020699549373,0.8974635852644172,0.25543226601634733,0.19897485800297543,1.9730676935092897,9.916165857898413,0.9963437821707798,5910
392,40.21384838806521,-23.06006200446446,0.16211399626757234,22.864971545568615,40.18087192543693,-23.06006200446446,nan,0.07998392017533143,0.08213007609224088,40.25693964660006,-22.550465105907378,0.16234989653521215,22.59298688019092,40.461811317418814,-22.550465105907378,nan,1188.7378959748398,1.0794615053607524,0.0,0.4149038068414119,1101.2323182173761,46.0,46.0,,0.00018366031435497352,,,,,,,0.8212742932056073,,0,0.19669679936144738,2.3656754804965936,inf,-inf,-0.2876793438836204,0.17250788942502274,-0.5170005906452905,0.14250414557224406,inf,-inf,3.48470119475407,0.1316957655205244,0.1316957655205244,0.1316957655205244,784,3.145523741555565,1.6686021212292723,2.4453862677842375,,,-2.771893481064438,0.7952821847591249,0.30892150627397874,12.027015631044714,1.0801578754062076,0.0,0.0,0.9312020699549373,0.8974635852644172,0.25543226601634733,0.19897485800297543,1.9730676935092897,9.916165857898413,0.9963437821707798,5910
393,40.25725134761534,-22.653171993353126,0.16217444171470202,22.926929865072502,40.69318366104942,-22.653171993353126,nan,0.08005223185961532,0.08212220985508675,40.25693964660006,-22.550465105907378,0.16234989653521215,22.59298688019092,40.461811317418814,-22.550465105907378,nan,1400.4989321699356,1.1139185519575334,0.0,0.3996182744503983,1257.2722931212368,46.0,46.0,,0.00018316398092689616,,,,,,,0.8212742932056073,,0,0.19669679936144738,2.3656754804965936,inf,-inf,-0.29313681697659766,0.17746612916673837,-0.5244510165590253,0.16244626093112735,inf,-inf,3.4815447654666256,0.13171469082238,0.13171469082238,0.13171469082238,784,3.145523741555565,1.6686021212292723,2.4453862677842375,,,-2.771893481064438,0.7952821847591249,0.30892150627397874,12.027015631044714,1.0801578754062076,0.0,0.0,0.9312020699549373,0.8974635852644172,0.25543226601634733,0.19897485800297543,1.9730676935092897,9.916165857898413,0.9963437821707798,5910
394,40.13524510570399,-23.090037608538346,0.16177781460633628,22.89363046438786,40.10061577615984,-23.090037608538346,nan,0.08005212954453327,0.08172568506180303,40.25693964660006,-22.550465105907378,0.16234989653521215,22.59298688019092,40.461811317418814,-22.550465105907378,nan,1481.2002839810123,1.0358882164351968,0.0,0.3609144107129827,1429.884287204529,46.0,46.0,,0.00018266730432959922,,,,,,,0.8212742932056073,,0,0.19669679936144738,2.3656754804965936,inf,-inf,-0.2871609786518679,0.1602896784443924,-0.5245614685388809,0.17895813685967424,inf,-inf,3.4831307195472427,0.13165182001566592,0.13165182001566592,0.13165182001566592,784,3.145523741555565,1.6686021212292723,2.4453862677842375,,,-2.771893481064438,0.7952821847591249,0.30892150627397874,12.027015631044714,1.0801578754062076,0.0,0.0,0.9312020699549373,0.8974635852644172,0.25543226601634733,0.19897485800297543,1.9730676935092897,9.916165857898413,0.9963437821707798,5910
395,40.06334941717837,-23.286004205810503,0.16160943324329577,22.861810143147018,39.80076478775818,-23.286004205810503,nan,0.08009375114848317,0.0815156820948126,40.044745977481625,-23.02010211185771,0.1612413763684823,22.052958023352623,39.238843265345025,-23.02010211185771,nan,1170.3523312096577,1.0104484293659028,0.0,0.4478887674949467,1158.2504333685797,46.0,46.0,,0.00018217029061493029,,,,,,,0.8203363483660123,,0,0.19410227083979067,2.3772521037650027,inf,-inf,-0.3002392669397965,0.15635787074433957,-0.5043121521575805,0.15306702481842926,inf,-inf,3.4795590057037904,0.131756068279283,0.131756068279283,0.131756068279283,784,3.123396702613743,1.6621574004471396,2.4324268627396926,,,-2.7728169365115454,0.7932196749367147,0.31122031122250937,12.24742035979143,1.0880446240895378,0.0,0.0,0.9311142318853279,0.8940511935311298,0.25769609034178587,0.19645356514050638,1.9851072721780523,10.1047149272057,1.004524065769395,5910
396,40.10979437554129,-22.690386104142164,0.16181727198810372,22.708850125172617,40.29007566855985,-22.690386104142164,nan,0.08016671779509178,0.08165055419301194,40.044745977481625,-23.02010211185771,0.1612413763684823,22.052958023352623,39.238843265345025,-23.02010211185771,nan,1696.7973167636324,1.1368932972186088,0.0,0.49875553251042326,1492.485988715757,46.0,46.0,,0.00018167294583884463,,,,,,,0.8203363483660123,,0,0.19410227083979067,2.3772521037650027,inf,-inf,-0.27830481599386464,0.1682267895135907,-0.5182541600879605,0.170549193459103,inf,-inf,3.475470567142678,0.13188602927555199,0.13188602927555199,0.13188602927555199,784,3.123396702613743,1.6621574004471396,2.4324268627396926,,,-2.7728169365115454,0.7932196749367147,0.31122031122250937,12.24742035979143,1.0880446240895378,0.0,0.0,0.9311142318853279,0.8940511935311298,0.25769609034178587,0.19645356514050638,1.9851072721780523,10.1047149272057,1.004524065769395,5910
397,39.967507634689476,-22.75596755098868,0.16207388121292685,22.434175445195972,39.80778941010969,-22.75596755098868,nan,0.08034318111846546,0.08173070009446133,40.044745977481625,-23.02010211185771,0.1612413763684823,22.052958023352623,39.238843265345025,-23.02010211185771,nan,1430.8819474776021,1.0928551855127384,0.0,0.447255188870382,1309.3060878018075,46.0,46.0,,0.0001811752760613314,,,,,,,0.8203363483660123,,0,0.19410227083979067,2.3772521037650027,inf,-inf,-0.2607148074726759,0.16404009677585024,-0.5275139395264026,0.14812665192180352,inf,-inf,3.4737562987558714,0.13175344854795254,0.13175344854795254,0.13175344854795254,784,3.123396702613743,1.6621574004471396,2.4324268627396926,,,-2.7728169365115454,0.7932196749367147,0.31122031122250937,12.24742035979143,1.0880446240895378,0.0,0.0,0.9311142318853279,0.8940511935311298,0.25769609034178587,0.19645356514050638,1.9851072721780523,10.1047149272057,1.004524065769395,5910
398,39.85355506151434,-22.39085806756859,0.1621022213530917,22.16174931808626,39.7865485333851,-22.39085806756859,nan,0.08044035386651528,0.08166186748657647,40.044745977481625,-23.02010211185771,0.1612413763684823,22.052958023352623,39.238843265345025,-23.02010211185771,nan,1245.3946225004272,1.224562931847964,0.0,0.5849655941852123,1017.0115313069508,46.0,46.0,,0.0001806772873463398,,,,,,,0.8203363483660123,,0,0.19410227083979067,2.3772521037650027,inf,-inf,-0.2702814206119415,0.15716065132955379,-0.5268913221930194,0.15603639955961096,inf,-inf,3.4693901568724645,0.131674961759635,0.131674961759635,0.131674961759635,784,3.123396702613743,1.6621574004471396,2.4324268627396926,,,-2.7728169365115454,0.7932196749367147,0.31122031122250937,12.24742035979143,1.0880446240895378,0.0,0.0,0.9311142318853279,0.8940511935311298,0.25769609034178587,0.19645356514050638,1.9851072721780523,10.1047149272057,1.004524065769395,5910
399,39.593095826023976,-22.446572499377343,0.1622891879495405,21.806440907764024,39.1152534223602,-22.446572499377343,nan,0.08064174176227241,0.08164744618726806,40.044745977481625,-23.02010211185771,0.1612413763684823,22.052958023352623,39.238843265345025,-23.02010211185771,nan,1480.4540953837416,1.160251372418839,0.0,0.48381411211075764,1275.9770258210153,46.0,46.0,,0.00018017898576170511,,,,,,,0.8203363483660123,,0,0.19410227083979067,2.3772521037650027,inf,-inf,-0.2737461006976932,0.15844776666525692,-0.5291254785859284,0.12831872917339632,inf,-inf,3.461708574041542,0.13156096566883804,0.13156096566883804,0.13156096566883804,784,3.123396702613743,1.6621574004471396,2.4324268627396926,,,-2.7728169365115454,0.7932196749367147,0.31122031122250937,12.24742035979143,1.0880446240895378,0.0,0.0,0.9311142318853279,0.8940511935311298,0.25769609034178587,0.19645356514050638,1.9851072721780523,10.1047149272057,1.004524065769395,5910
400,39.29879947958416,-22.31575572060171,0.1624273258753859,21.44966709224419,38.59513817710203,-22.31575572060171,nan,0.08082966859874613,0.08159765727663974,39.682325389153554,-19.503963744669427,0.16223485560401335,20.76967608767626,41.1102725877644,-19.503963744669427,nan,1262.6041777767878,1.1992537746351513,0.0,0.5487526806267714,1052.824851988404,46.0,46.0,,0.00017968037737907492,,,,,,,0.8085024323762574,,0,0.18888526490988544,2.3709033116917646,inf,-inf,-0.3131760786782491,0.15865343755965108,-0.524192579003994,0.16581449309298618,inf,-inf,3.4556174709159806,0.13138969975530287,0.13138969975530287,0.13138969975530287,784,3.1027510806571934,1.656731203818837,2.415366472713782,,,-2.787063096353544,0.780302828681245,0.30927729430760714,12.552081883268608,1.0987157636999545,0.0,0.0,0.918582111790265,0.8801593665640026,0.25649490699965555,0.19105437050438562,1.9801125393453383,10.364131080162258,1.0155328970802056,5910
401,39.18134320407331,-22.169480882565416,0.16244410364926656,21.341817163479483,38.516123588636646,-22.169480882565416,nan,0.08101284999749797,0.08143125365176865,39.682325389153554,-19.503963744669427,0.16223485560401335,20.76967608767626,41.1102725877644,-19.503963744669427,nan,1248.2405083933859,1.2037355415154445,0.0,0.4752865364743195,1036.972379183813,46.0,46.0,,0.000179181468273835,,,,,,,0.8085024323762574,,0,0.18888526490988544,2.3709033116917646,inf,-inf,-0.312262756710938,0.15838134589152927,-0.529485279297306,0.15498525332896357,inf,-inf,3.4518815943503953,0.13112335516860693,0.13112335516860693,0.13112335516860693,784,3.1027510806571934,1.656731203818837,2.415366472713782,,,-2.787063096353544,0.780302828681245,0.30927729430760714,12.552081883268608,1.0987157636999545,0.0,0.0,0.918582111790265,0.8801593665640026,0.25649490699965555,0.19105437050438562,1.9801125393453383,10.364131080162258,1.0155328970802056,5910
402,38.98648909945275,-22.16899039599094,0.1623769372883875,20.89588550358164,37.87576114433183,-22.16899039599094,nan,0.08117285284748188,0.08120408444090561,39.682325389153554,-19.503963744669427,0.16223485560401335,20.76967608767626,41.1102725877644,-19.503963744669427,nan,1195.3338850568205,1.2900875656065314,0.0,0.5330188616965649,926.5525200956706,46.0,46.0,,0.0001786822645250354,,,,,,,0.8085024323762574,,0,0.18888526490988544,2.3709033116917646,inf,-inf,-0.26757931977101773,0.1587043512512401,-0.5288482002951931,0.16866115354561698,inf,-inf,3.4465059583217923,0.13086128434258298,0.13086128434258298,0.13086128434258298,784,3.1027510806571934,1.656731203818837,2.415366472713782,,,-2.787063096353544,0.780302828681245,0.30927729430760714,12.552081883268608,1.0987157636999545,0.0,0.0,0.918582111790265,0.8801593665640026,0.25649490699965555,0.19105437050438562,1.9801125393453383,10.364131080162258,1.0155328970802056,5910
403,38.604222359768116,-22.078148587034097,0.16231876855314037,20.69333377050403,37.38172631179119,-22.078148587034097,nan,0.08133181318784956,0.08098695536529088,39.682325389153554,-19.503963744669427,0.16223485560401335,20.76967608767626,41.1102725877644,-19.503963744669427,nan,1199.548009586313,1.2564451170894937,0.0,0.6042148366437098,954.7158035561627,46.0,46.0,,0.0001781827722153162,,,,,,,0.8085024323762574,,0,0.18888526490988544,2.3709033116917646,inf,-inf,-0.3006891282904768,0.15877389274505466,-0.5433004232554991,0.1472107726482552,inf,-inf,3.4433395903328785,0.1306022274579887,0.1306022274579887,0.1306022274579887,784,3.1027510806571934,1.656731203818837,2.415366472713782,,,-2.787063096353544,0.780302828681245,0.30927729430760714,12.552081883268608,1.0987157636999545,0.0,0.0,0.918582111790265,0.8801593665640026,0.25649490699965555,0.19105437050438562,1.9801125393453383,10.364131080162258,1.0155328970802056,5910
404,38.699990409902775,-22.403508828224894,0.16222325752010558,20.55402750834197,37.01273234753995,-22.403508828224894,nan,0.08137625526124773,0.08084700225885776,39.682325389153554,-19.503963744669427,0.16223485560401335,20.76967608767626,41.1102725877644,-19.503963744669427,nan,1261.0644967102696,1.1397872919018621,0.0,0.45909799601410134,1106.4033663737757,46.0,46.0,,0.00017768299743083364,,,,,,,0.8085024323762574,,0,0.18888526490988544,2.3709033116917646,inf,-inf,-0.2902671848886899,0.16163438706669794,-0.5282922711022356,0.15367875461202865,inf,-inf,3.442974494688432,0.130348994196439,0.130348994196439,0.130348994196439,784,3.1027510806571934,1.656731203818837,2.415366472713782,,,-2.787063096353544,0.780302828681245,0.30927729430760714,12.552081883268608,1.0987157636999545,0.0,0.0,0.918582111790265,0.8801593665640026,0.25649490699965555,0.19105437050438562,1.9801125393453383,10.364131080162258,1.0155328970802056,5910
405,38.688367217575404,-22.454215184163537,0.1618737525560582,20.67603371474451,37.072059500712434,-22.454215184163537,nan,0.08139895212982283,0.08047480042623537,39.34635894269752,-20.883370382156237,0.16128554181316307,20.246569802445833,38.87084390480028,-20.883370382156237,nan,1374.8179457867466,1.1731744312402403,0.0,0.5162906279306846,1171.8785452333252,46.0,46.0,,0.00017718294626118566,,,,,,,0.8033503488379201,,0,0.18489016104741665,2.3875367958310396,inf,-inf,-0.2729893350350289,0.1589930397334208,-0.5285781424956867,0.14493980267059903,inf,-inf,3.445755474591465,0.1300478368554147,0.1300478368554147,0.1300478368554147,784,3.0780288222345984,1.6512508091860443,2.3881453459521755,,,-2.7932473172819186,0.7733589539775628,0.3100745525403772,12.913271221710579,1.111036272752751,0.0,0.0,0.913502150702296,0.8729907160724244,0.2573698220863618,0.1875390557329095,1.9896068607486421,10.609026759643136,1.0256755448529586,5910
406,38.6925706351184,-22.62419253175902,0.16147592461883137,20.76618844650067,36.996042474478884,-22.62419253175902,nan,0.08135674878253804,0.08011917583629337,39.34635894269752,-20.883370382156237,0.16128554181316307,20.246569802445833,38.87084390480028,-20.883370382156237,nan,1317.9879157705013,1.14244836003317,0.0,0.4502291588536876,1153.6520703064728,46.0,46.0,,0.00017668262479933803,,,,,,,0.8033503488379201,,0,0.18489016104741665,2.3875367958310396,inf,-inf,-0.284175705886247,0.16297199023429998,-0.5208360107998665,0.1448404583127289,inf,-inf,3.4446466094224473,0.13003126256564826,0.13003126256564826,0.13003126256564826,784,3.0780288222345984,1.6512508091860443,2.3881453459521755,,,-2.7932473172819186,0.7733589539775628,0.3100745525403772,12.913271221710579,1.111036272752751,0.0,0.0,0.913502150702296,0.8729907160724244,0.2573698220863618,0.1875390557329095,1.9896068607486421,10.609026759643136,1.0256755448529586,5910
407,38.51435093413017,-22.25588230122822,0.16131398848257839,20.332103448814063,36.751886070198594,-22.25588230122822,nan,0.08134211520046168,0.07997187328211659,39.34635894269752,-20.883370382156237,0.16128554181316307,20.246569802445833,38.87084390480028,-20.883370382156237,nan,1348.715540570376,1.1337235852238075,0.0,0.4110471949903408,1189.6334857531674,46.0,46.0,,0.00017618203914154983,,,,,,,0.8033503488379201,,0,0.18489016104741665,2.3875367958310396,inf,-inf,-0.2886598173612685,0.16445330676870784,-0.5302893190135665,0.11962886010232501,inf,-inf,3.446032192944245,0.12991297322470144,0.12991297322470144,0.12991297322470144,784,3.0780288222345984,1.6512508091860443,2.3881453459521755,,,-2.7932473172819186,0.7733589539775628,0.3100745525403772,12.913271221710579,1.111036272752751,0.0,0.0,0.913502150702296,0.8729907160724244,0.2573698220863618,0.1875390557329095,1.9896068607486421,10.609026759643136,1.0256755448529586,5910
408,38.390468315406466,-22.40926440571262,0.16116456543751162,20.33610365453548,36.47847212966684,-22.40926440571262,nan,0.08133618269169599,0.07982838274581562,39.34635894269752,-20.883370382156237,0.16128554181316307,20.246569802445833,38.87084390480028,-20.883370382156237,nan,1466.0613901780678,1.125812005995391,0.0,0.5428162489741252,1302.2257556063669,46.0,46.0,,0.00017568119538729934,,,,,,,0.8033503488379201,,0,0.18489016104741665,2.3875367958310396,inf,-inf,-0.3173008702966202,0.1634391232973689,-0.5342355997283199,0.1284165106936949,inf,-inf,3.4494972753801005,0.12970410303102242,0.12970410303102242,0.12970410303102242,784,3.0780288222345984,1.6512508091860443,2.3881453459521755,,,-2.7932473172819186,0.7733589539775628,0.3100745525403772,12.913271221710579,1.111036272752751,0.0,0.0,0.913502150702296,0.8729907160724244,0.2573698220863618,0.1875390557329095,1.9896068607486421,10.609026759643136,1.0256755448529586,5910
409,38.04331609164243,-22.499075264910427,0.16090149304994944,20.09420781709836,35.799350136880314,-22.499075264910427,nan,0.0812956968729279,0.07960579617702154,39.34635894269752,-20.883370382156237,0.16128554181316307,20.246569802445833,38.87084390480028,-20.883370382156237,nan,1542.0731146233384,1.1020771765074564,0.0,0.5511883876277242,1399.2424010723582,46.0,46.0,,0.00017518009963920963,,,,,,,0.8033503488379201,,0,0.18489016104741665,2.3875367958310396,inf,-inf,-0.3080086274750216,0.16390704506904935,-0.5170564362885424,0.14260746362673546,inf,-inf,3.4510188884266766,0.12965097317282134,0.12965097317282134,0.12965097317282134,784,3.0780288222345984,1.6512508091860443,2.3881453459521755,,,-2.7932473172819186,0.7733589539775628,0.3100745525403772,12.913271221710579,1.111036272752751,0.0,0.0,0.913502150702296,0.8729907160724244,0.2573698220863618,0.1875390557329095,1.9896068607486421,10.609026759643136,1.0256755448529586,5910
410,37.80472245083694,-22.042021331084534,0.16095643862277315,19.75043748705427,35.67409504542945,-22.042021331084534,nan,0.08134102356151685,0.07961541506125626,38.457881714132995,-19.593667732302205,0.16070790953485725,19.184468610976715,38.20939050234236,-19.593667732302205,nan,1433.0712429678927,1.2463166195982902,0.0,0.6731380458979926,1149.8452483364915,46.0,46.0,,0.0001746787580029743,,,,,,,0.8035829198907855,,0,0.1821211514848707,2.4273890665872075,inf,-inf,-0.27846067592654583,0.17029194295486744,-0.5267908901973454,0.17338676939183995,inf,-inf,3.4519554800924404,0.12951248073588537,0.12951248073588537,0.12951248073588537,784,3.056485535821597,1.6456196449507468,2.367528681706024,,,-2.7923231171725527,0.7723565019816245,0.31278685360885644,13.328430260824796,1.1247790039371048,0.0,0.0,0.9144459004006489,0.874099143153753,0.25938861608456704,0.185555540425779,2.0157483442341526,10.863315315774356,1.0359623854386764,5910
411,37.467589913676655,-21.71505040098815,0.16106139231082836,19.40035214474244,35.31395304974177,-21.71505040098815,nan,0.08152986554235764,0.07953152676847061,38.457881714132995,-19.593667732302205,0.16070790953485725,19.184468610976715,38.20939050234236,-19.593667732302205,nan,1407.6344736926505,1.276903301779376,0.0,0.5338552784151631,1102.381418961874,46.0,46.0,,0.00017417717658728296,,,,,,,0.8035829198907855,,0,0.1821211514848707,2.4273890665872075,inf,-inf,-0.30686887869273916,0.16981797177316005,-0.5536776065701602,0.17280524917781717,inf,-inf,3.4560733020594983,0.1292441824994595,0.1292441824994595,0.1292441824994595,784,3.056485535821597,1.6456196449507468,2.367528681706024,,,-2.7923231171725527,0.7723565019816245,0.31278685360885644,13.328430260824796,1.1247790039371048,0.0,0.0,0.9144459004006489,0.874099143153753,0.25938861608456704,0.185555540425779,2.0157483442341526,10.863315315774356,1.0359623854386764,5910
412,37.44728733135768,-22.218671382385647,0.16091476523432063,19.210278536431677,34.59980925063803,-22.218671382385647,nan,0.08164532001226382,0.07926944522205685,38.457881714132995,-19.593667732302205,0.16070790953485725,19.184468610976715,38.20939050234236,-19.593667732302205,nan,1024.8900645571948,1.2049837335422438,0.0,0.3942406285080384,850.5426554965729,46.0,46.0,,0.00017367536150374678,,,,,,,0.8035829198907855,,0,0.1821211514848707,2.4273890665872075,inf,-inf,-0.2885658104439441,0.1748324123683405,-0.5516739824696226,0.15221818153126576,inf,-inf,3.461611760265482,0.12904060823108915,0.12904060823108915,0.12904060823108915,784,3.056485535821597,1.6456196449507468,2.367528681706024,,,-2.7923231171725527,0.7723565019816245,0.31278685360885644,13.328430260824796,1.1247790039371048,0.0,0.0,0.9144459004006489,0.874099143153753,0.25938861608456704,0.185555540425779,2.0157483442341526,10.863315315774356,1.0359623854386764,5910
413,36.93071636800621,-22.031063869720246,0.16094639267630506,19.013119290345582,34.073718181307854,-22.031063869720246,nan,0.08166418164979763,0.07928221102650748,38.457881714132995,-19.593667732302205,0.16070790953485725,19.184468610976715,38.20939050234236,-19.593667732302205,nan,1212.7497938065876,1.177555231140975,0.0,0.5027989065576576,1029.8878232925954,46.0,46.0,,0.00017317331886682432,,,,,,,0.8035829198907855,,0,0.1821211514848707,2.4273890665872075,inf,-inf,-0.3254678336002164,0.17274166776353647,-0.5807026609694945,0.15353794034800902,inf,-inf,3.463377334932981,0.12903357666568255,0.12903357666568255,0.12903357666568255,784,3.056485535821597,1.6456196449507468,2.367528681706024,,,-2.7923231171725527,0.7723565019816245,0.31278685360885644,13.328430260824796,1.1247790039371048,0.0,0.0,0.9144459004006489,0.874099143153753,0.25938861608456704,0.185555540425779,2.0157483442341526,10.863315315774356,1.0359623854386764,5910
414,36.93585167111774,-21.78047060727603,0.1608286281406357,18.685309016721895,34.00151870870424,-21.78047060727603,nan,0.08167768755107922,0.07915094058955648,38.457881714132995,-19.593667732302205,0.16070790953485725,19.184468610976715,38.20939050234236,-19.593667732302205,nan,1169.3483630089931,1.2497890929321662,0.0,0.465383437110779,935.6365562973119,46.0,46.0,,0.00017267105479374655,,,,,,,0.8035829198907855,,0,0.1821211514848707,2.4273890665872075,inf,-inf,-0.31227322694381787,0.184668653033119,-0.5686595842837493,0.20355303421370374,inf,-inf,3.4663871757334332,0.12894987252669277,0.12894987252669277,0.12894987252669277,784,3.056485535821597,1.6456196449507468,2.367528681706024,,,-2.7923231171725527,0.7723565019816245,0.31278685360885644,13.328430260824796,1.1247790039371048,0.0,0.0,0.9144459004006489,0.874099143153753,0.25938861608456704,0.185555540425779,2.0157483442341526,10.863315315774356,1.0359623854386764,5910
415,36.43300050068492,-21.818556738083675,0.16080551252554648,18.428252271460707,33.203501546587496,-21.818556738083675,nan,0.08178815055638163,0.07901736196916487,36.09852587951949,-18.747046735632246,0.16031733746455035,17.49663089477839,35.008427376130186,-18.747046735632246,nan,1391.8461943321365,1.2280614528472307,0.0,0.5695510755662049,1133.3685224832805,46.0,46.0,,0.0001721685754044428,,,,,,,0.7984699945118751,,0,0.17856544358361676,2.4456396150943998,inf,-inf,-0.2849412098502618,0.17883428475247015,-0.5969476025230616,0.15461045849757313,inf,-inf,3.4686073008483302,0.12881488666877117,0.12881488666877117,0.12881488666877117,784,3.0354132026456173,1.640553934561283,2.3502519516624796,,,-2.7979980951461547,0.765553437199284,0.3133270342996717,13.696040880099968,1.1365950436221652,0.0,0.0,0.9086815941738683,0.8683833809202968,0.25851238102153823,0.1819305627260357,2.0265745826776937,11.139275074575885,1.0468569285975302,5910
416,36.07609152491275,-21.391728791929037,0.16074425043206694,17.844394342444257,32.689501325860036,-21.391728791929037,nan,0.08190689246578776,0.07883735796627915,36.09852587951949,-18.747046735632246,0.16031733746455035,17.49663089477839,35.008427376130186,-18.747046735632246,nan,1431.5280645716566,1.3746960973026996,0.0,0.674109165038308,1041.3414771311764,46.0,46.0,,0.00017166588682146583,,,,,,,0.7984699945118751,,0,0.17856544358361676,2.4456396150943998,inf,-inf,-0.2938312547669803,0.1813348020913487,-0.5649958141416005,0.21917207301840586,inf,-inf,3.4723083046170338,0.12862724177586066,0.12862724177586066,0.12862724177586066,784,3.0354132026456173,1.640553934561283,2.3502519516624796,,,-2.7979980951461547,0.765553437199284,0.3133270342996717,13.696040880099968,1.1365950436221652,0.0,0.0,0.9086815941738683,0.8683833809202968,0.25851238102153823,0.1819305627260357,2.0265745826776937,11.139275074575885,1.0468569285975302,5910
417,36.201119920304535,-21.512682035101353,0.16088894011827573,17.659033891819956,32.508360717141414,-21.512682035101353,nan,0.08208519794939678,0.07880374216887896,36.09852587951949,-18.747046735632246,0.16031733746455035,17.49663089477839,35.008427376130186,-18.747046735632246,nan,1746.9169463969506,1.3785736624003797,0.0,0.5354423533470297,1267.1915865237188,46.0,46.0,,0.00017116299516991735,,,,,,,0.7984699945118751,,0,0.17856544358361676,2.4456396150943998,inf,-inf,-0.29724776335633113,0.19231038365700545,-0.5676151815583884,0.1861786612160557,inf,-inf,3.474916820023452,0.1284718704660866,0.1284718704660866,0.1284718704660866,784,3.0354132026456173,1.640553934561283,2.3502519516624796,,,-2.7979980951461547,0.765553437199284,0.3133270342996717,13.696040880099968,1.1365950436221652,0.0,0.0,0.9086815941738683,0.8683833809202968,0.25851238102153823,0.1819305627260357,2.0265745826776937,11.139275074575885,1.0468569285975302,5910
418,35.794625164588695,-21.218628120128844,0.16131424371882125,17.227868990862103,31.965180279040773,-21.218628120128844,nan,0.08224434922084793,0.07906989449797334,36.09852587951949,-18.747046735632246,0.16031733746455035,17.49663089477839,35.008427376130186,-18.747046735632246,nan,1158.6217194743665,1.4332441111009433,0.0,0.5383470177897514,808.3910552992775,46.0,46.0,,0.00017065990657737348,,,,,,,0.7984699945118751,,0,0.17856544358361676,2.4456396150943998,inf,-inf,-0.3219014447441551,0.20152687199580446,-0.5578660196641388,0.1741936954649485,inf,-inf,3.473420920313647,0.1283511935306288,0.1283511935306288,0.1283511935306288,784,3.0354132026456173,1.640553934561283,2.3502519516624796,,,-2.7979980951461547,0.765553437199284,0.3133270342996717,13.696040880099968,1.1365950436221652,0.0,0.0,0.9086815941738683,0.8683833809202968,0.25851238102153823,0.1819305627260357,2.0265745826776937,11.139275074575885,1.0468569285975302,5910
419,36.04688513869728,-22.461290339681693,0.1615064722558737,17.53957793582607,31.286679207097528,-22.461290339681693,nan,0.08230678864321668,0.07919968361265696,36.09852587951949,-18.747046735632246,0.16031733746455035,17.49663089477839,35.008427376130186,-18.747046735632246,nan,1106.1466010909978,1.2166490645847479,0.0,0.508999485231685,909.1747433912133,46.0,46.0,,0.00017015662717380993,,,,,,,0.7984699945118751,,0,0.17856544358361676,2.4456396150943998,inf,-inf,-0.3151653809286986,0.1821774659009615,-0.5464529960674056,0.18491092917749433,inf,-inf,3.4741187340054287,0.12822947130687684,0.12822947130687684,0.12822947130687684,784,3.0354132026456173,1.640553934561283,2.3502519516624796,,,-2.7979980951461547,0.765553437199284,0.3133270342996717,13.696040880099968,1.1365950436221652,0.0,0.0,0.9086815941738683,0.8683833809202968,0.25851238102153823,0.1819305627260357,2.0265745826776937,11.139275074575885,1.0468569285975302,5910
420,35.593385291329184,-22.0629975310732,0.16172978138254615,17.192398752302672,30.884516293941203,-22.0629975310732,nan,0.08225703620818821,0.07947274517435794,35.75584211869811,-19.96213338389715,0.1616633653303066,16.302294090209102,32.25766619034037,-19.96213338389715,nan,1132.676749552072,1.2800421665458368,0.0,0.5630294146087317,884.8745605065285,46.0,46.0,,0.00016965316309152742,,,,,,,0.7930329711447559,,0,0.17463267093996346,2.444073219205407,inf,-inf,-0.29493638687860024,0.18233062417254398,-0.5478900758163052,0.16772662524706744,inf,-inf,3.472672599864014,0.12836847310713229,0.12836847310713229,0.12836847310713229,784,3.022666475951145,1.637418779268083,2.338446794972646,,,-2.803966931110769,0.7590285511492224,0.3131190424786913,13.995509580481931,1.1459887158755928,0.0,0.0,0.9027764652165458,0.8597045262499031,0.25829501382897885,0.17850173783963508,2.027095449408426,11.356166466175006,1.0552317500753192,5910
421,35.21811950081148,-21.69670605912894,0.1622269545490064,16.604045199423915,30.287685595655464,-21.69670605912894,nan,0.08236976487623382,0.07985718967277257,35.75584211869811,-19.96213338389715,0.1616633653303066,16.302294090209102,32.25766619034037,-19.96213338389715,nan,953.5722148555182,1.399679925007757,0.0,0.7063781230217099,681.2787679656358,46.0,46.0,,0.00016914952046507686,,,,,,,0.7930329711447559,,0,0.17463267093996346,2.444073219205407,inf,-inf,-0.3228003227410811,0.1858611989087324,-0.5608714886853117,0.18025756218778186,inf,-inf,3.467225219533611,0.12837261946066464,0.12837261946066464,0.12837261946066464,784,3.022666475951145,1.637418779268083,2.338446794972646,,,-2.803966931110769,0.7590285511492224,0.3131190424786913,13.995509580481931,1.1459887158755928,0.0,0.0,0.9027764652165458,0.8597045262499031,0.25829501382897885,0.17850173783963508,2.027095449408426,11.356166466175006,1.0552317500753192,5910
422,34.551789305606505,-21.05818755803897,0.16204070148000624,15.722383644336675,29.378026093384214,-21.05818755803897,nan,0.0826311677234324,0.07940953375657382,35.75584211869811,-19.96213338389715,0.1616633653303066,16.302294090209102,32.25766619034037,-19.96213338389715,nan,1013.7664723621174,1.7990621943903486,0.0,0.9136582125922376,563.4971795433977,46.0,46.0,,0.0001686457054311848,,,,,,,0.7930329711447559,,0,0.17463267093996346,2.444073219205407,inf,-inf,-0.3152339814408356,0.19589011219335573,-0.5655417105893615,0.26206021529676354,inf,-inf,3.4485283854562088,0.12856656582884782,0.12856656582884782,0.12856656582884782,784,3.022666475951145,1.637418779268083,2.338446794972646,,,-2.803966931110769,0.7590285511492224,0.3131190424786913,13.995509580481931,1.1459887158755928,0.0,0.0,0.9027764652165458,0.8597045262499031,0.25829501382897885,0.17850173783963508,2.027095449408426,11.356166466175006,1.0552317500753192,5910
423,33.47290545453103,-22.10315971349062,0.1616012178321766,14.914760892499213,26.4461078513718,-22.10315971349062,nan,0.08312923085615781,0.07847198697601879,35.75584211869811,-19.96213338389715,0.1616633653303066,16.302294090209102,32.25766619034037,-19.96213338389715,nan,1079.0016338651292,1.603397264935704,0.0,0.8175457194913193,672.947158799349,46.0,46.0,,0.00016814172412867829,,,,,,,0.7930329711447559,,0,0.17463267093996346,2.444073219205407,inf,-inf,-0.3037613579203626,0.1932269655454561,-0.5935901640775859,0.25439375090729,inf,-inf,3.4197408950800217,0.12899000808435376,0.12899000808435376,0.12899000808435376,784,3.022666475951145,1.637418779268083,2.338446794972646,,,-2.803966931110769,0.7590285511492224,0.3131190424786913,13.995509580481931,1.1459887158755928,0.0,0.0,0.9027764652165458,0.8597045262499031,0.25829501382897885,0.17850173783963508,2.027095449408426,11.356166466175006,1.0552317500753192,5910
424,32.42459755443269,-22.1351862290275,0.16121248831601442,14.146058790956603,24.596682604677802,-22.1351862290275,nan,0.08347516452405342,0.07773732379196101,35.75584211869811,-19.96213338389715,0.1616633653303066,16.302294090209102,32.25766619034037,-19.96213338389715,nan,976.91522744568,1.5018278455191345,0.0,0.7638527544359417,650.4841619233603,46.0,46.0,,0.00016763758269841065,,,,,,,0.7930329711447559,,0,0.17463267093996346,2.444073219205407,inf,-inf,-0.32695691880869715,0.20589939053204728,-0.5852004287096753,0.1940165755591391,inf,-inf,3.402929696824244,0.129073037714023,0.129073037714023,0.129073037714023,784,3.022666475951145,1.637418779268083,2.338446794972646,,,-2.803966931110769,0.7590285511492224,0.3131190424786913,13.995509580481931,1.1459887158755928,0.0,0.0,0.9027764652165458,0.8597045262499031,0.25829501382897885,0.17850173783963508,2.027095449408426,11.356166466175006,1.0552317500753192,5910
425,31.41524946964976,-22.171268061510844,0.16131478460605428,13.394385441585245,22.799681634330213,-22.171268061510844,nan,0.08364771268815004,0.07766707191790419,30.18300148253425,-23.54964970024941,0.1610685066740732,12.51762483398741,19.312045122946323,-23.54964970024941,nan,978.497544632841,1.524595893565429,0.0,0.648908730922107,641.8078054405098,46.0,46.0,,0.00016713328728318593,,,,,,,0.7721805737607912,,0,0.16765070621079764,2.3994446946186914,inf,-inf,-0.3259335943139647,0.19487194851774725,-0.6406064900484466,0.17232375411731654,inf,-inf,3.39139489955682,0.12924547305634598,0.12924547305634598,0.12924547305634598,784,2.983591960894882,1.626116576929321,2.30786697598286,,,-2.830098619946553,0.7384375043436213,0.30661714673748736,14.312165745378493,1.1557053570371307,0.0,0.0,0.8799278280261988,0.8359051260075312,0.25301648324982917,0.1716925759592375,1.9894013614759585,11.586996993674749,1.0639708942841168,5910
426,30.460211817039635,-22.233910010746136,0.16161605630686757,12.550983012452916,20.93890087505328,-22.233910010746136,nan,0.0838419892703465,0.07777406703652105,30.18300148253425,-23.54964970024941,0.1610685066740732,12.51762483398741,19.312045122946323,-23.54964970024941,nan,1062.8941773184345,1.5395648459837978,0.0,0.6096428306305398,690.3861049381354,46.0,46.0,,0.0001666288440276847,,,,,,,0.7721805737607912,,0,0.16765070621079764,2.3994446946186914,inf,-inf,-0.3462092577566683,0.19961368923580455,-0.6279948080919974,0.20444593779853457,inf,-inf,3.3886603159797133,0.12927594229098732,0.12927594229098732,0.12927594229098732,784,2.983591960894882,1.626116576929321,2.30786697598286,,,-2.830098619946553,0.7384375043436213,0.30661714673748736,14.312165745378493,1.1557053570371307,0.0,0.0,0.8799278280261988,0.8359051260075312,0.25301648324982917,0.1716925759592375,1.9894013614759585,11.586996993674749,1.0639708942841168,5910
427,29.587897626672532,-21.978165443925462,0.16145644324932681,11.882939262798155,19.65412788879455,-21.978165443925462,nan,0.08404604105493604,0.07741040219439074,30.18300148253425,-23.54964970024941,0.1610685066740732,12.51762483398741,19.312045122946323,-23.54964970024941,nan,1366.5373770994136,1.5523949878726178,0.0,0.7696601745927903,880.2768546503097,46.0,46.0,,0.0001661242590783889,,,,,,,0.7721805737607912,,0,0.16765070621079764,2.3994446946186914,inf,-inf,-0.34110942445619924,0.20160467272603744,-0.6405772380010423,0.1701605137324975,inf,-inf,3.3896535025659875,0.1290518015264267,0.1290518015264267,0.1290518015264267,784,2.983591960894882,1.626116576929321,2.30786697598286,,,-2.830098619946553,0.7384375043436213,0.30661714673748736,14.312165745378493,1.1557053570371307,0.0,0.0,0.8799278280261988,0.8359051260075312,0.25301648324982917,0.1716925759592375,1.9894013614759585,11.586996993674749,1.0639708942841168,5910
428,29.081865998941264,-22.589798314504467,0.161420389658509,11.44183354001476,18.095321614110066,-22.589798314504467,nan,0.08436139273461536,0.07705899692389365,30.18300148253425,-23.54964970024941,0.1610685066740732,12.51762483398741,19.312045122946323,-23.54964970024941,nan,1223.4290447363692,1.468855650987417,0.0,0.6447707026920871,832.9130530382183,46.0,46.0,,0.00016561953858350675,,,,,,,0.7721805737607912,,0,0.16765070621079764,2.3994446946186914,inf,-inf,-0.3302574375702674,0.20587578466566125,-0.6466297999848624,0.15764309068206656,inf,-inf,3.384049285707362,0.12916505477489854,0.12916505477489854,0.12916505477489854,784,2.983591960894882,1.626116576929321,2.30786697598286,,,-2.830098619946553,0.7384375043436213,0.30661714673748736,14.312165745378493,1.1557053570371307,0.0,0.0,0.8799278280261988,0.8359051260075312,0.25301648324982917,0.1716925759592375,1.9894013614759585,11.586996993674749,1.0639708942841168,5910
429,28.344357129432762,-22.77996759994812,0.1616942826673084,10.857054224554984,16.583138036706934,-22.77996759994812,nan,0.08458889993185877,0.07710538273544962,30.18300148253425,-23.54964970024941,0.1610685066740732,12.51762483398741,19.312045122946323,-23.54964970024941,nan,1044.4741389562719,1.5020498371628326,0.0,0.5498511106498285,695.3658348175326,46.0,46.0,,0.00016511468869289834,,,,,,,0.7721805737607912,,0,0.16765070621079764,2.3994446946186914,inf,-inf,-0.36718925659098445,0.20548220342208404,-0.6255709472744445,0.12992516895251097,inf,-inf,3.3793140984536896,0.12928480289522937,0.12928480289522937,0.12928480289522937,784,2.983591960894882,1.626116576929321,2.30786697598286,,,-2.830098619946553,0.7384375043436213,0.30661714673748736,14.312165745378493,1.1557053570371307,0.0,0.0,0.8799278280261988,0.8359051260075312,0.25301648324982917,0.1716925759592375,1.9894013614759585,11.586996993674749,1.0639708942841168,5910
430,27.546193925749424,-23.028902435558056,0.16189629012996115,10.375500421085771,15.054688201407101,-23.028902435558056,nan,0.08482395378700718,0.07707233634295389,27.385636809556694,-25.137012824157722,0.16134439660659347,10.20902814610906,12.618996528114625,-25.137012824157722,nan,1017.4352421848853,1.3789400043341995,0.0,0.6794538128501916,737.8386579451936,46.0,46.0,,0.0001646097155580002,,,,,,,0.7555821675865578,,0,0.16167436043660066,2.3650616656944674,inf,-inf,-0.3815311446848339,0.2001132738581288,-0.6305447591635165,0.14189879277402245,inf,-inf,3.3734923832993458,0.1292750980901463,0.1292750980901463,0.1292750980901463,784,2.960068067628634,1.619337903066615,2.300547454453467,,,-2.8510639279242547,0.7208497208488964,0.301796456439532,14.6285512390934,1.1652013172379119,0.0,0.0,0.8607069848911573,0.8150436097734687,0.24955137683473697,0.16579515490075206,1.9651101035707068,11.85263890701183,1.073815053735372,5910
431,27.04005247367183,-23.187616659791654,0.16160776154211995,9.903336939878868,13.917380515301165,-23.187616659791654,nan,0.08508595758721983,0.07652180395490012,27.385636809556694,-25.137012824157722,0.16134439660659347,10.20902814610906,12.618996528114625,-25.137012824157722,nan,1290.2651843472072,1.404085326270944,0.0,0.7434128936327696,918.936449378025,46.0,46.0,,0.00016410462533175061,,,,,,,0.7555821675865578,,0,0.16167436043660066,2.3650616656944674,inf,-inf,-0.37139914944287206,0.2051908952001383,-0.6037002222226142,0.1609864807192044,inf,-inf,3.3824913180670078,0.12860660819611014,0.12860660819611014,0.12860660819611014,784,2.960068067628634,1.619337903066615,2.300547454453467,,,-2.8510639279242547,0.7208497208488964,0.301796456439532,14.6285512390934,1.1652013172379119,0.0,0.0,0.8607069848911573,0.8150436097734687,0.24955137683473697,0.16579515490075206,1.9651101035707068,11.85263890701183,1.073815053735372,5910
432,26.690351345733816,-23.852496909789174,0.1618845673184938,9.637175571923633,12.636914575186768,-23.852496909789174,nan,0.08534764088320326,0.07653692643529048,27.385636809556694,-25.137012824157722,0.16134439660659347,10.20902814610906,12.618996528114625,-25.137012824157722,nan,976.8300856374723,1.4020936098087717,0.0,0.6425233838179742,696.6939145886985,46.0,46.0,,0.0001635994241685146,,,,,,,0.7555821675865578,,0,0.16167436043660066,2.3650616656944674,inf,-inf,-0.3689086528314109,0.20339018920800098,-0.6027986235463111,0.21311577767226042,inf,-inf,3.388359208409479,0.12816361562769926,0.12816361562769926,0.12816361562769926,784,2.960068067628634,1.619337903066615,2.300547454453467,,,-2.8510639279242547,0.7208497208488964,0.301796456439532,14.6285512390934,1.1652013172379119,0.0,0.0,0.8607069848911573,0.8150436097734687,0.24955137683473697,0.16579515490075206,1.9651101035707068,11.85263890701183,1.073815053735372,5910
433,25.857907196553036,-23.84414408537474,0.16184495896664403,9.164405490367157,11.340013560512098,-23.84414408537474,nan,0.08562215486975525,0.07622280409688878,27.385636809556694,-25.137012824157722,0.16134439660659347,10.20902814610906,12.618996528114625,-25.137012824157722,nan,1021.2513059082836,1.388768849049288,0.0,0.7935722020842906,735.3644968400633,46.0,46.0,,0.00016309411822400895,,,,,,,0.7555821675865578,,0,0.16167436043660066,2.3650616656944674,inf,-inf,-0.3223527182885113,0.20067491139434881,-0.623779436922386,0.25518816886202844,inf,-inf,3.385824299320661,0.12820418027644134,0.12820418027644134,0.12820418027644134,784,2.960068067628634,1.619337903066615,2.300547454453467,,,-2.8510639279242547,0.7208497208488964,0.301796456439532,14.6285512390934,1.1652013172379119,0.0,0.0,0.8607069848911573,0.8150436097734687,0.24955137683473697,0.16579515490075206,1.9651101035707068,11.85263890701183,1.073815053735372,5910
434,25.224380074321704,-24.27455876537723,0.16206713768616438,8.548059335412706,9.659947782043346,-24.27455876537723,nan,0.0859407248459737,0.0761264128401907,27.385636809556694,-25.137012824157722,0.16134439660659347,10.20902814610906,12.618996528114625,-25.137012824157722,nan,840.5532545412995,1.3369654093504142,0.0,0.6681876808896272,628.7023199423653,46.0,46.0,,0.00016258871365522706,,,,,,,0.7555821675865578,,0,0.16167436043660066,2.3650616656944674,inf,-inf,-0.3159826210180793,0.21005581484398572,-0.5876314170081357,0.24229721206091664,inf,-inf,3.375727263572443,0.12862545835776698,0.12862545835776698,0.12862545835776698,784,2.960068067628634,1.619337903066615,2.300547454453467,,,-2.8510639279242547,0.7208497208488964,0.301796456439532,14.6285512390934,1.1652013172379119,0.0,0.0,0.8607069848911573,0.8150436097734687,0.24955137683473697,0.16579515490075206,1.9651101035707068,11.85263890701183,1.073815053735372,5910
435,24.06695315270018,-24.237298626867908,0.16229988934354136,7.853501656450083,7.845456071625896,-24.237298626867908,nan,0.08625772550383934,0.07604216383970208,24.213807857537724,-26.44420839255274,0.1619987354040991,7.832453878253291,5.764052078642375,-26.44420839255274,nan,1060.2235144753797,1.4067822498786202,0.0,0.6927248810813237,753.6514727612307,46.0,46.0,,0.00016208321662036413,,,,,,,0.7364071866669839,,0,0.15645613399589264,2.3194002769495285,inf,-inf,-0.3127919722878586,0.21655344122881853,-0.6135665045922924,0.2363092938080297,inf,-inf,3.37763968325806,0.1283927692433993,0.1283927692433993,0.1283927692433993,784,2.9389073088273623,1.6143635601912454,2.2945518155227917,,,-2.875492885256265,0.701348912183455,0.2960213474074173,14.824604300975624,1.1709831099825887,0.0,0.0,0.8379785985700248,0.789505777362516,0.24537188781591757,0.15984522533028933,1.9310696841896182,12.080871857132017,1.0820982777518426,5910
436,23.067081583396458,-24.893258987392564,0.16242894437364647,7.3608891728831525,5.697140713260693,-24.893258987392564,nan,0.08659191912480241,0.07583702524884402,24.213807857537724,-26.44420839255274,0.1619987354040991,7.832453878253291,5.764052078642375,-26.44420839255274,nan,778.457493582869,1.5096559585152405,0.0,0.753743573395505,515.6522512245032,46.0,46.0,,0.000161577633278742,,,,,,,0.7364071866669839,,0,0.15645613399589264,2.3194002769495285,inf,-inf,-0.3158049234356855,0.2051813984385922,-0.5435514261922467,0.1712231741780545,inf,-inf,3.3736514684418704,0.12824916381339907,0.12824916381339907,0.12824916381339907,784,2.9389073088273623,1.6143635601912454,2.2945518155227917,,,-2.875492885256265,0.701348912183455,0.2960213474074173,14.824604300975624,1.1709831099825887,0.0,0.0,0.8379785985700248,0.789505777362516,0.24537188781591757,0.15984522533028933,1.9310696841896182,12.080871857132017,1.0820982777518426,5910
437,22.134161032953806,-25.43457722930229,0.16243088855475374,7.0071415593527515,3.8691562515590228,-25.43457722930229,nan,0.08700374058886638,0.07542714796588734,24.213807857537724,-26.44420839255274,0.1619987354040991,7.832453878253291,5.764052078642375,-26.44420839255274,nan,1030.3631151975162,1.2981930510601445,0.0,0.8070905190741394,793.6902099083721,46.0,46.0,,0.00016107196979073412,,,,,,,0.7364071866669839,,0,0.15645613399589264,2.3194002769495285,inf,-inf,-0.3169973153210539,0.21330699504876321,-0.5124223931532944,0.1321730723393713,inf,-inf,3.3710843112801516,0.12806709582031955,0.12806709582031955,0.12806709582031955,784,2.9389073088273623,1.6143635601912454,2.2945518155227917,,,-2.875492885256265,0.701348912183455,0.2960213474074173,14.824604300975624,1.1709831099825887,0.0,0.0,0.8379785985700248,0.789505777362516,0.24537188781591757,0.15984522533028933,1.9310696841896182,12.080871857132017,1.0820982777518426,5910
438,21.22982709008884,-25.97255250248182,0.16240762627439273,6.773159867034907,2.1928420809163205,-25.97255250248182,nan,0.08745705063827064,0.07495057563612209,24.213807857537724,-26.44420839255274,0.1619987354040991,7.832453878253291,5.764052078642375,-26.44420839255274,nan,752.6165697207595,1.4160073120290149,0.0,0.9684010075304379,531.5061322969623,46.0,46.0,,0.0001605662323176906,,,,,,,0.7364071866669839,,0,0.15645613399589264,2.3194002769495285,inf,-inf,-0.29885130947635585,0.20696022152447396,-0.4988478399640989,0.13893280901758578,inf,-inf,3.3657081951601846,0.12795205518101527,0.12795205518101527,0.12795205518101527,784,2.9389073088273623,1.6143635601912454,2.2945518155227917,,,-2.875492885256265,0.701348912183455,0.2960213474074173,14.824604300975624,1.1709831099825887,0.0,0.0,0.8379785985700248,0.789505777362516,0.24537188781591757,0.15984522533028933,1.9310696841896182,12.080871857132017,1.0820982777518426,5910
439,20.345567540102042,-26.27439137809774,0.16291863266315484,6.52915710971918,0.7632519043866379,-26.27439137809774,nan,0.08800671521822645,0.07491191744492838,24.213807857537724,-26.44420839255274,0.1619987354040991,7.832453878253291,5.764052078642375,-26.44420839255274,nan,642.9873167961789,1.5131421955997015,0.0,1.177338813016697,424.93515722846166,46.0,46.0,,0.0001600604270218628,,,,,,,0.7364071866669839,,0,0.15645613399589264,2.3194002769495285,inf,-inf,-0.34800631022379286,0.1991981272398154,-0.411886054810451,0.1391104746425397,inf,-inf,3.360100040468119,0.1278562862844281,0.1278562862844281,0.1278562862844281,784,2.9389073088273623,1.6143635601912454,2.2945518155227917,,,-2.875492885256265,0.701348912183455,0.2960213474074173,14.824604300975624,1.1709831099825887,0.0,0.0,0.8379785985700248,0.789505777362516,0.24537188781591757,0.15984522533028933,1.9310696841896182,12.080871857132017,1.0820982777518426,5910
440,20.135188379993725,-26.619989179142824,0.16342107104890455,6.4493015303309535,0.12792180223075889,-26.619989179142824,nan,0.08859866144066893,0.07482240960823563,19.990262104324028,-26.556304067569496,0.16331712564926198,6.40772006286765,0.004995225271444248,-26.556304067569496,nan,719.7965222426283,1.2714086117634282,0.0,1.0795055701064482,566.1409837741144,46.0,46.0,,0.00015955456006632877,,,,,,,0.7047969863381847,,0,0.14867154394834234,2.241492046294511,inf,-inf,-0.3181140125431308,0.1771744539533363,-0.3710391712930848,0.1365365289796184,inf,-inf,3.3567052634627377,0.12767663991435413,0.12767663991435413,0.12767663991435413,784,2.9055826700744243,1.606787329488141,2.276295273152027,,,-2.917662359194975,0.6719040255037295,0.2841812980452816,15.076806137651625,1.1783093505720657,0.0,0.0,0.8007440503265738,0.7535180351033748,0.23322846914285805,0.15171621174657138,1.8598795905282106,12.258937717446942,1.08845283858052,5910
441,19.615550930647615,-26.70170060119907,0.16417489161219725,6.276997549604261,-0.644977229334998,-26.70170060119907,nan,0.08914128499779243,0.07503360661440485,19.990262104324028,-26.556304067569496,0.16331712564926198,6.40772006286765,0.004995225271444248,-26.556304067569496,nan,709.4609759047871,1.1283503157238541,0.0,1.0468393483848624,628.7594960698503,46.0,46.0,,0.00015904863761491766,,,,,,,0.7047969863381847,,0,0.14867154394834234,2.241492046294511,inf,-inf,-0.30889294996280203,0.16086555960749488,-0.321718861299815,0.13344483097309587,inf,-inf,3.3533033677650006,0.12747253524117005,0.12747253524117005,0.12747253524117005,784,2.9055826700744243,1.606787329488141,2.276295273152027,,,-2.917662359194975,0.6719040255037295,0.2841812980452816,15.076806137651625,1.1783093505720657,0.0,0.0,0.8007440503265738,0.7535180351033748,0.23322846914285805,0.15171621174657138,1.8598795905282106,12.258937717446942,1.08845283858052,5910
442,19.219683612895498,-26.744152438004296,0.1652210467306863,6.126430960798966,-1.2328168175791454,-26.744152438004296,nan,0.08963590786049933,0.07558513887018696,19.990262104324028,-26.556304067569496,0.16331712564926198,6.40772006286765,0.004995225271444248,-26.556304067569496,nan,636.0856451122628,1.1046856731573675,0.0,1.0646472758345225,575.8069110231409,46.0,46.0,,0.00015854266583213488,,,,,,,0.7047969863381847,,0,0.14867154394834234,2.241492046294511,inf,-inf,-0.3211470663977216,0.18154244270291875,-0.301016208535379,0.13556963783507847,inf,-inf,3.3506528470486723,0.12732893674656195,0.12732893674656195,0.12732893674656195,784,2.9055826700744243,1.606787329488141,2.276295273152027,,,-2.917662359194975,0.6719040255037295,0.2841812980452816,15.076806137651625,1.1783093505720657,0.0,0.0,0.8007440503265738,0.7535180351033748,0.23322846914285805,0.15171621174657138,1.8598795905282106,12.258937717446942,1.08845283858052,5910
443,18.823203508272826,-26.627255692737247,0.16608357265628235,5.975277002334372,-1.6626916094737672,-26.627255692737247,nan,0.09016067259939436,0.07592290005688804,19.990262104324028,-26.556304067569496,0.16331712564926198,6.40772006286765,0.004995225271444248,-26.556304067569496,nan,849.1088291725973,1.1084597509647522,0.0,1.0930115002177623,766.0258556375837,46.0,46.0,,0.00015803665088308692,,,,,,,0.7047969863381847,,0,0.14867154394834234,2.241492046294511,inf,-inf,-0.3066901646203707,0.1808625906853778,-0.28036937645692855,0.13073167105784367,inf,-inf,3.345602340020255,0.12710758875485947,0.12710758875485947,0.12710758875485947,784,2.9055826700744243,1.606787329488141,2.276295273152027,,,-2.917662359194975,0.6719040255037295,0.2841812980452816,15.076806137651625,1.1783093505720657,0.0,0.0,0.8007440503265738,0.7535180351033748,0.23322846914285805,0.15171621174657138,1.8598795905282106,12.258937717446942,1.08845283858052,5910
444,18.306242051572713,-26.60264306565464,0.16641943893076225,5.827998883595757,-2.3019826915554082,-26.60264306565464,nan,0.09065565826300288,0.07576378066775939,19.990262104324028,-26.556304067569496,0.16331712564926198,6.40772006286765,0.004995225271444248,-26.556304067569496,nan,761.580878799356,1.018911318801217,0.0,0.9516050342779291,747.445694975085,46.0,46.0,,0.00015753059893340628,,,,,,,0.7047969863381847,,0,0.14867154394834234,2.241492046294511,inf,-inf,-0.3210459516286436,0.16413677132589016,-0.2657126090162994,0.13492317745585783,inf,-inf,3.3390502978967675,0.12689003283944547,0.12689003283944547,0.12689003283944547,784,2.9055826700744243,1.606787329488141,2.276295273152027,,,-2.917662359194975,0.6719040255037295,0.2841812980452816,15.076806137651625,1.1783093505720657,0.0,0.0,0.8007440503265738,0.7535180351033748,0.23322846914285805,0.15171621174657138,1.8598795905282106,12.258937717446942,1.08845283858052,5910
445,17.884801370242286,-26.7025526448511,0.1663917316811726,5.653472485175314,-2.997887057752326,-26.7025526448511,nan,0.09112379391148961,0.075267937769683,16.712914212193812,-26.22291887859315,0.1659428588246603,5.395261620331574,-3.9488001872431013,-26.22291887859315,nan,834.2614266810582,1.0087193278916526,0.0,0.9384188647333263,827.0501056272681,46.0,46.0,,0.00015702451614917624,,,,,,,0.6745681393567879,,0,0.14145969021036578,2.150483676737414,inf,-inf,-0.30556908947712574,0.1684638450086888,-0.3083321840652664,0.15232818789315214,inf,-inf,3.329837383792927,0.12669530066846,0.12669530066846,0.12669530066846,784,2.8829275304598676,1.6015855457402026,2.2644170914663486,,,-2.9599249698520342,0.6427796988945191,0.27233415982240744,15.202095194322943,1.1819034477227643,0.0,0.0,0.7655385432958184,0.7198283571467161,0.22131752878374877,0.14415687158260215,1.7975430266842398,12.469353746028293,1.0958439457153712,5910
446,17.254695040503783,-26.49682295294908,0.16629123273956486,5.474631882258588,-3.601204797447144,-26.49682295294908,nan,0.09155927351032897,0.0747319592292359,16.712914212193812,-26.22291887859315,0.1659428588246603,5.395261620331574,-3.9488001872431013,-26.22291887859315,nan,1028.1894087064652,1.0055994274466318,0.0,0.8818672895701293,1022.4641946318454,46.0,46.0,,0.0001565184086968558,,,,,,,0.6745681393567879,,0,0.14145969021036578,2.150483676737414,inf,-inf,-0.33258792114039204,0.1747460944419139,-0.2601714786803077,0.15702331475161546,inf,-inf,3.3237105999381487,0.12647296231716593,0.12647296231716593,0.12647296231716593,784,2.8829275304598676,1.6015855457402026,2.2644170914663486,,,-2.9599249698520342,0.6427796988945191,0.27233415982240744,15.202095194322943,1.1819034477227643,0.0,0.0,0.7655385432958184,0.7198283571467161,0.22131752878374877,0.14415687158260215,1.7975430266842398,12.469353746028293,1.0958439457153712,5910
447,16.78875976473007,-26.55901531055497,0.16610574196419306,5.281892657205703,-4.322257146655002,-26.55901531055497,nan,0.09195496110097433,0.0741507808632187,16.712914212193812,-26.22291887859315,0.1659428588246603,5.395261620331574,-3.9488001872431013,-26.22291887859315,nan,910.0553517187457,1.007173101421383,0.0,0.8628366888892407,903.5739243178964,46.0,46.0,,0.00015601228274320458,,,,,,,0.6745681393567879,,0,0.14145969021036578,2.150483676737414,inf,-inf,-0.3188932194733835,0.16953536154228044,-0.2621060415976414,0.1871883177542803,inf,-inf,3.321744387384852,0.12613859422419277,0.12613859422419277,0.12613859422419277,784,2.8829275304598676,1.6015855457402026,2.2644170914663486,,,-2.9599249698520342,0.6427796988945191,0.27233415982240744,15.202095194322943,1.1819034477227643,0.0,0.0,0.7655385432958184,0.7198283571467161,0.22131752878374877,0.14415687158260215,1.7975430266842398,12.469353746028293,1.0958439457153712,5910
448,16.000524728622153,-26.55422931209322,0.1659122692500584,5.014238107020037,-5.3735542072009705,-26.55422931209322,nan,0.09236406495290538,0.07354820429715303,16.712914212193812,-26.22291887859315,0.1659428588246603,5.395261620331574,-3.9488001872431013,-26.22291887859315,nan,577.2975176894131,1.022903364504306,0.0,0.9292939970617561,564.3715112513768,46.0,46.0,,0.00015550614445520756,,,,,,,0.6745681393567879,,0,0.14145969021036578,2.150483676737414,inf,-inf,-0.32790689694568953,0.20192895582865478,-0.2607851916898073,0.1968550717457414,inf,-inf,3.3236184600061347,0.12570050902231888,0.12570050902231888,0.12570050902231888,784,2.8829275304598676,1.6015855457402026,2.2644170914663486,,,-2.9599249698520342,0.6427796988945191,0.27233415982240744,15.202095194322943,1.1819034477227643,0.0,0.0,0.7655385432958184,0.7198283571467161,0.22131752878374877,0.14415687158260215,1.7975430266842398,12.469353746028293,1.0958439457153712,5910
449,15.246727061832322,-26.52483673188998,0.16576191819278713,4.746173192669408,-6.366174559195462,-26.52483673188998,nan,0.09280329712583253,0.07295862106695464,16.712914212193812,-26.22291887859315,0.1659428588246603,5.395261620331574,-3.9488001872431013,-26.22291887859315,nan,542.6478929678317,1.0275667185133859,0.0,1.063552851210197,528.0901796361194,46.0,46.0,,0.00015500000000000016,,,,,,,0.6745681393567879,,0,0.14145969021036578,2.150483676737414,inf,-inf,-0.3331124240042177,0.21731353794908698,-0.27138796024786443,0.2030080878321083,inf,-inf,3.3183191452830756,0.12553027599201982,0.12553027599201982,0.12553027599201982,784,2.8829275304598676,1.6015855457402026,2.2644170914663486,,,-2.9599249698520342,0.6427796988945191,0.27233415982240744,15.202095194322943,1.1819034477227643,0.0,0.0,0.7655385432958184,0.7198283571467161,0.22131752878374877,0.14415687158260215,1.7975430266842398,12.469353746028293,1.0958439457153712,5910
450,13.820902940653014,-26.35056707271316,0.16532450578570498,4.2048827614676085,-8.159456864806835,-26.35056707271316,nan,0.09331540763729052,0.07200909814841451,12.498624405402527,-25.983068987214963,0.16461292508015057,3.828464956104597,-9.491366700627689,-25.983068987214963,nan,656.3739560160262,1.0085440867573805,0.0,1.2250744637186182,650.8133502883015,46.0,46.0,,0.00015449385554479274,,,,,,,0.6484653294392052,,0,0.13596678348498786,2.0456675299159968,inf,-inf,-0.34229732117625006,0.2469923457275635,-0.3114499825887353,0.21305144849751506,inf,-inf,3.303753940977126,0.12557732541396138,0.12557732541396138,0.12557732541396138,784,2.826197601712969,1.5893103412359326,2.2433602910774435,,,-2.9978781468054425,0.617543677902372,0.2617502222620438,15.04534767597749,1.1774022281022793,0.0,0.0,0.736483652712194,0.6913652393405911,0.2133025218077029,0.1376269154985621,1.7012154268863071,12.361066298140505,1.0920559357547663,5910
451,11.613145501095234,-26.39989913200059,0.1647655110160576,3.4352421845326373,-11.186745935356663,-26.39989913200059,nan,0.09389926342905076,0.07086624758700683,12.498624405402527,-25.983068987214963,0.16461292508015057,3.828464956104597,-9.491366700627689,-25.983068987214963,nan,480.75408387834574,1.033197657912951,0.0,1.4859372683691883,465.3069818697269,46.0,46.0,,0.00015398771725679575,,,,,,,0.6484653294392052,,0,0.13596678348498786,2.0456675299159968,inf,-inf,-0.35397341412880706,0.23719421858255024,-0.29976793854360567,0.21651317175010545,inf,-inf,3.286672181183223,0.12572411920729765,0.12572411920729765,0.12572411920729765,784,2.826197601712969,1.5893103412359326,2.2433602910774435,,,-2.9978781468054425,0.617543677902372,0.2617502222620438,15.04534767597749,1.1774022281022793,0.0,0.0,0.736483652712194,0.6913652393405911,0.2133025218077029,0.1376269154985621,1.7012154268863071,12.361066298140505,1.0920559357547663,5910
452,8.605978284841436,-27.21280400702857,0.16447017872787895,2.3570547309069876,-16.085300812552266,-27.21280400702857,nan,0.09457988967634465,0.06989028905153429,12.498624405402527,-25.983068987214963,0.16461292508015057,3.828464956104597,-9.491366700627689,-25.983068987214963,nan,409.51435668163975,1.052832384966001,0.0,1.7182704901335086,388.9644377674269,46.0,46.0,,0.00015348159130314454,,,,,,,0.6484653294392052,,0,0.13596678348498786,2.0456675299159968,inf,-inf,-0.3653863533129933,0.16831924754495955,-0.26357684757900224,0.1784501763118538,inf,-inf,3.2631204926296733,0.12613006087300796,0.12613006087300796,0.12613006087300796,784,2.826197601712969,1.5893103412359326,2.2433602910774435,,,-2.9978781468054425,0.617543677902372,0.2617502222620438,15.04534767597749,1.1774022281022793,0.0,0.0,0.736483652712194,0.6913652393405911,0.2133025218077029,0.1376269154985621,1.7012154268863071,12.361066298140505,1.0920559357547663,5910
453,7.555944802579084,-27.99296956826443,0.1645140900608733,1.911859359949196,-18.360651315675277,-27.99296956826443,nan,0.09520620869764328,0.06930788136323,12.498624405402527,-25.983068987214963,0.16461292508015057,3.828464956104597,-9.491366700627689,-25.983068987214963,nan,377.19796602606175,0.800685246836572,0.0,1.1066443974088904,471.09393799415375,46.0,46.0,,0.00015297548385082412,,,,,,,0.6484653294392052,,0,0.13596678348498786,2.0456675299159968,inf,-inf,-0.22309885673258176,0.14255572496704944,-0.28631240089230314,0.12647178206898582,inf,-inf,3.2466927597293087,0.1263770674183297,0.1263770674183297,0.1263770674183297,784,2.826197601712969,1.5893103412359326,2.2433602910774435,,,-2.9978781468054425,0.617543677902372,0.2617502222620438,15.04534767597749,1.1774022281022793,0.0,0.0,0.736483652712194,0.6913652393405911,0.2133025218077029,0.1376269154985621,1.7012154268863071,12.361066298140505,1.0920559357547663,5910
454,6.876211244318329,-28.44371838841223,0.16451596154716677,1.6230788937633052,-19.77991228878343,-28.44371838841223,nan,0.09562187216316136,0.06889408938400536,12.498624405402527,-25.983068987214963,0.16461292508015057,3.828464956104597,-9.491366700627689,-25.983068987214963,nan,277.8446034373633,0.629054027745954,0.0,0.7959807904349985,441.6863912833445,46.0,46.0,,0.00015246940106659407,,,,,,,0.6484653294392052,,0,0.13596678348498786,2.0456675299159968,inf,-inf,-0.2657666369893281,0.12037696028690076,-0.2375964039212989,0.23406471828533448,inf,-inf,3.2384885583893825,0.1263999702657174,0.1263999702657174,0.1263999702657174,784,2.826197601712969,1.5893103412359326,2.2433602910774435,,,-2.9978781468054425,0.617543677902372,0.2617502222620438,15.04534767597749,1.1774022281022793,0.0,0.0,0.736483652712194,0.6913652393405911,0.2133025218077029,0.1376269154985621,1.7012154268863071,12.361066298140505,1.0920559357547663,5910
455,6.2851579560757855,-28.621855940041502,0.16441832351225688,1.336822103193132,-20.835457557260327,-28.621855940041502,nan,0.0959445913394827,0.0684737321727742,5.9678057955513095,-28.69774393244368,0.16390889176183307,1.1929685097918794,-21.373060735338658,-28.69774393244368,nan,224.78638615831096,0.6104327995291267,0.0,0.7165792298707474,368.2410026651678,46.0,46.0,,0.00015196334911691346,,,,,,,0.6204253691763655,,0,0.13096838394909907,1.908228364328096,inf,-inf,-0.23884160539194904,0.14276097027281198,-0.21166630913124332,0.21650470696235832,inf,-inf,3.230365703022631,0.12638980894014173,0.12638980894014173,0.12638980894014173,784,2.747689450613101,1.5702775683178047,2.2041146311593836,,,-3.03931681850848,0.5905578450782186,0.24918168878910718,14.570145150983384,1.163463878328475,0.0,0.0,0.7050369936253198,0.6613464006581089,0.20416341050347453,0.13096838394909907,1.6485425285283322,12.587331986695652,1.0999336867205274,5910
456,5.774158499177933,-28.925663803309263,0.16431537203389784,1.094880159926221,-21.892309772171213,-28.925663803309263,nan,0.09623549372807387,0.06807987830582399,5.9678057955513095,-28.69774393244368,0.16390889176183307,1.1929685097918794,-21.373060735338658,-28.69774393244368,nan,197.0954432742327,0.6309193930987405,0.0,0.749190722834404,312.3940164625543,46.0,46.0,,0.00015145733416786547,,,,,,,0.6204253691763655,,0,0.13096838394909907,1.908228364328096,inf,-inf,-0.1979078202433505,0.08751384066242007,-0.17808284372876151,0.18050770198288904,inf,-inf,3.2235311466678653,0.12631358197015113,0.12631358197015113,0.12631358197015113,784,2.747689450613101,1.5702775683178047,2.2041146311593836,,,-3.03931681850848,0.5905578450782186,0.24918168878910718,14.570145150983384,1.163463878328475,0.0,0.0,0.7050369936253198,0.6613464006581089,0.20416341050347453,0.13096838394909907,1.6485425285283322,12.587331986695652,1.0999336867205274,5910
457,5.268384126237312,-29.130498424895745,0.16417468379634134,0.9045793434702887,-22.793360271391805,-29.130498424895745,nan,0.09653357809753343,0.06764110569880792,5.9678057955513095,-28.69774393244368,0.16390889176183307,1.1929685097918794,-21.373060735338658,-28.69774393244368,nan,132.2027581993757,0.6279162546310098,0.0,0.6942186576668509,210.54202248206434,46.0,46.0,,0.00015095136238508272,,,,,,,0.6204253691763655,,0,0.13096838394909907,1.908228364328096,inf,-inf,-0.157739057266201,0.17783821707570754,-0.14027037265250286,0.14328879884106782,inf,-inf,3.2185299854502274,0.1262562320022815,0.1262562320022815,0.1262562320022815,784,2.747689450613101,1.5702775683178047,2.2041146311593836,,,-3.03931681850848,0.5905578450782186,0.24918168878910718,14.570145150983384,1.163463878328475,0.0,0.0,0.7050369936253198,0.6613464006581089,0.20416341050347453,0.13096838394909907,1.6485425285283322,12.587331986695652,1.0999336867205274,5910
458,5.047848137358954,-29.226532228691024,0.1640209187867296,0.8260007172389696,-23.18866245530637,-29.226532228691024,nan,0.09682956338504757,0.06719135540168204,5.9678057955513095,-28.69774393244368,0.16390889176183307,1.1929685097918794,-21.373060735338658,-28.69774393244368,nan,148.19425256464953,0.6175721829096734,0.0,0.6953882282161468,239.9626418833125,46.0,46.0,,0.00015044543993367158,,,,,,,0.6204253691763655,,0,0.13096838394909907,1.908228364328096,inf,-inf,-0.1588028400425268,0.11935917141902361,-0.13178606266158654,0.15005888355057645,inf,-inf,3.21400265791476,0.1261950379141706,0.1261950379141706,0.1261950379141706,784,2.747689450613101,1.5702775683178047,2.2041146311593836,,,-3.03931681850848,0.5905578450782186,0.24918168878910718,14.570145150983384,1.163463878328475,0.0,0.0,0.7050369936253198,0.6613464006581089,0.20416341050347453,0.13096838394909907,1.6485425285283322,12.587331986695652,1.0999336867205274,5910
459,4.888967174612884,-29.276824255384692,0.16388117042688743,0.7966465927030382,-23.427329317641885,-29.276824255384692,nan,0.09710796590479213,0.06677320452209531,5.9678057955513095,-28.69774393244368,0.16390889176183307,1.1929685097918794,-21.373060735338658,-28.69774393244368,nan,148.61200488098996,0.5954623400118289,0.0,0.6555454240993667,249.57414582765685,46.0,46.0,,0.00014993957297813754,,,,,,,0.6204253691763655,,0,0.13096838394909907,1.908228364328096,inf,-inf,-0.14563774837650612,0.09338560318922616,-0.13399318113346137,0.1376761161388372,inf,-inf,3.209604498354169,0.12612758333440346,0.12612758333440346,0.12612758333440346,784,2.747689450613101,1.5702775683178047,2.2041146311593836,,,-3.03931681850848,0.5905578450782186,0.24918168878910718,14.570145150983384,1.163463878328475,0.0,0.0,0.7050369936253198,0.6613464006581089,0.20416341050347453,0.13096838394909907,1.6485425285283322,12.587331986695652,1.0999336867205274,5910
460,4.794733721433994,-29.336156918105665,0.16374134572801535,0.7663690564966553,-23.611312794447002,-29.336156918105665,nan,0.09737919958240171,0.06636214614561356,4.863303890800497,-29.291632397844495,0.1632254410330705,0.7900464128274058,-23.475056653183525,-29.291632397844495,nan,120.6511930724259,0.5637330971429282,0.0,0.6053778514995907,214.0218370784005,46.0,46.0,,0.0001494337676823098,,,,,,,0.6051052385198661,,0,0.1263348943280113,1.8627779686302637,inf,-inf,-0.1264384056811828,0.08177789791160688,-0.12968640240785242,0.10228381067495726,inf,-inf,3.204256246699161,0.12612453994190298,0.12612453994190298,0.12612453994190298,784,2.712292542499827,1.5622979558563592,2.186005427632682,,,-3.0627017976578945,0.5754210780099447,0.24219411181211026,14.74476215410301,1.168637771394855,0.0,0.0,0.6876614280953511,0.6447905662513616,0.19832348435526848,0.1263348943280113,1.6154595396611091,12.787120678367682,1.106772763847476,5910
461,4.707177344679899,-29.36526562759841,0.1635368537560092,0.7421858219014782,-23.752365607261023,-29.36526562759841,nan,0.09762571609872817,0.065911137657281,4.863303890800497,-29.291632397844495,0.1632254410330705,0.7900464128274058,-23.475056653183525,-29.291632397844495,nan,147.81800282139173,0.5332452230373136,0.0,0.5517184078082391,277.2045513683828,46.0,46.0,,0.00014892803020926624,,,,,,,0.6051052385198661,,0,0.1263348943280113,1.8627779686302637,inf,-inf,-0.11927287626078398,0.06866603086604843,-0.12191121066028421,0.12248253329707887,inf,-inf,3.20068324488501,0.1260493636772844,0.1260493636772844,0.1260493636772844,784,2.712292542499827,1.5622979558563592,2.186005427632682,,,-3.0627017976578945,0.5754210780099447,0.24219411181211026,14.74476215410301,1.168637771394855,0.0,0.0,0.6876614280953511,0.6447905662513616,0.19832348435526848,0.1263348943280113,1.6154595396611091,12.787120678367682,1.106772763847476,5910
462,4.681125498905839,-29.39395096219428,0.16332273497897537,0.727801117924173,-23.82170161038529,-29.39395096219428,nan,0.09785766755356123,0.06546506742541416,4.863303890800497,-29.291632397844495,0.1632254410330705,0.7900464128274058,-23.475056653183525,-29.291632397844495,nan,187.03816639916326,0.5271357893501671,0.0,0.5309991573032571,354.8197071379592,46.0,46.0,,0.00014842236672125842,,,,,,,0.6051052385198661,,0,0.1263348943280113,1.8627779686302637,inf,-inf,-0.14441159029317013,0.07001527178393985,-0.12737143402741066,0.06441158388110113,inf,-inf,3.1968585413936847,0.12597828653843707,0.12597828653843707,0.12597828653843707,784,2.712292542499827,1.5622979558563592,2.186005427632682,,,-3.0627017976578945,0.5754210780099447,0.24219411181211026,14.74476215410301,1.168637771394855,0.0,0.0,0.6876614280953511,0.6447905662513616,0.19832348435526848,0.1263348943280113,1.6154595396611091,12.787120678367682,1.106772763847476,5910
463,4.561596830982157,-29.429481879307556,0.16311626284603625,0.7118602271357461,-23.99290855834362,-29.429481879307556,nan,0.09808488230815365,0.06503138053788261,4.863303890800497,-29.291632397844495,0.1632254410330705,0.7900464128274058,-23.475056653183525,-29.291632397844495,nan,116.08122551609509,0.49450812419557977,0.0,0.5026860152354016,234.74078551272606,46.0,46.0,,0.00014791678337963625,,,,,,,0.6051052385198661,,0,0.1263348943280113,1.8627779686302637,inf,-inf,-0.13846680642145692,0.06425597387538812,-0.12230831184787566,0.062306425763109984,inf,-inf,3.1930311740490938,0.12591786137327743,0.12591786137327743,0.12591786137327743,784,2.712292542499827,1.5622979558563592,2.186005427632682,,,-3.0627017976578945,0.5754210780099447,0.24219411181211026,14.74476215410301,1.168637771394855,0.0,0.0,0.6876614280953511,0.6447905662513616,0.19832348435526848,0.1263348943280113,1.6154595396611091,12.787120678367682,1.106772763847476,5910
464,4.534619508522174,-29.443526354468187,0.16290188869077418,0.6979565170875714,-24.048048440167666,-29.443526354468187,nan,0.09830690387704079,0.06459498481373344,4.863303890800497,-29.291632397844495,0.1632254410330705,0.7900464128274058,-23.475056653183525,-29.291632397844495,nan,107.70120380738436,0.5108983028670033,0.0,0.4937246701644268,210.8075192322983,46.0,46.0,,0.00014741128634477335,,,,,,,0.6051052385198661,,0,0.1263348943280113,1.8627779686302637,inf,-inf,-0.11798522366666896,0.06275234080243228,-0.11713967754283353,0.07637061352472521,inf,-inf,3.1896345565199233,0.12582333568525256,0.12582333568525256,0.12582333568525256,784,2.712292542499827,1.5622979558563592,2.186005427632682,,,-3.0627017976578945,0.5754210780099447,0.24219411181211026,14.74476215410301,1.168637771394855,0.0,0.0,0.6876614280953511,0.6447905662513616,0.19832348435526848,0.1263348943280113,1.6154595396611091,12.787120678367682,1.106772763847476,5910
465,4.501486687061116,-29.46548449377153,0.16267366333614802,0.6830848459949587,-24.118239297379308,-29.46548449377153,nan,0.09851934885375459,0.06415431448239348,4.672882248802212,-29.455616685474702,0.16215762641483858,0.7248993466221816,-23.895677463635472,-29.455616685474702,nan,123.8467075964292,0.48674231573493815,0.0,0.4756661436762189,254.43998516839767,46.0,46.0,,0.0001469058817759914,,,,,,,0.5933882747568133,,0,0.1225789537226831,1.8257992784403085,inf,-inf,-0.10667412640853359,0.06060452428414493,-0.12990062229874738,0.05453001397948244,inf,-inf,3.186721220018728,0.1257333192781965,0.1257333192781965,0.1257333192781965,784,2.6828083565560505,1.554897239712779,2.1718760619527857,,,-3.0811177492973374,0.5633735840169017,0.23695144738516688,14.894883852336605,1.1730371210128974,0.0,0.0,0.6744415705593777,0.6326956926637057,0.19407106257571058,0.1225789537226831,1.5895564434376535,12.967613078455472,1.1128600437591345,5910
466,4.444098266840378,-29.48567380900156,0.16244638459399163,0.6714293564660828,-24.20769980110111,-29.48567380900156,nan,0.09872872819754402,0.06371765639644758,4.672882248802212,-29.455616685474702,0.16215762641483858,0.7248993466221816,-23.895677463635472,-29.455616685474702,nan,112.4447967259862,0.48542427480353967,0.0,0.4635145618806273,231.6423025434703,46.0,46.0,,0.00014640057583148575,,,,,,,0.5933882747568133,,0,0.1225789537226831,1.8257992784403085,inf,-inf,-0.12157320138752395,0.0681088929881512,-0.12896332099285568,0.053448550098461986,inf,-inf,3.1836460222276974,0.12562701355021827,0.12562701355021827,0.12562701355021827,784,2.6828083565560505,1.554897239712779,2.1718760619527857,,,-3.0811177492973374,0.5633735840169017,0.23695144738516688,14.894883852336605,1.1730371210128974,0.0,0.0,0.6744415705593777,0.6326956926637057,0.19407106257571058,0.1225789537226831,1.5895564434376535,12.967613078455472,1.1128600437591345,5910
467,4.397224223084635,-29.49017789483586,0.16225311853439375,0.6606878701275014,-24.27001268308933,-29.49017789483586,nan,0.09893252434829491,0.06332059418609885,4.672882248802212,-29.455616685474702,0.16215762641483858,0.7248993466221816,-23.895677463635472,-29.455616685474702,nan,112.69163286695321,0.4906214667637693,0.0,0.44365516609758193,229.69160646452804,46.0,46.0,,0.0001458953746682497,,,,,,,0.5933882747568133,,0,0.1225789537226831,1.8257992784403085,inf,-inf,-0.0989889348799916,0.06486102406751414,-0.13435018878474803,0.10570914699523484,inf,-inf,3.179742085134835,0.12556601184215355,0.12556601184215355,0.12556601184215355,784,2.6828083565560505,1.554897239712779,2.1718760619527857,,,-3.0811177492973374,0.5633735840169017,0.23695144738516688,14.894883852336605,1.1730371210128974,0.0,0.0,0.6744415705593777,0.6326956926637057,0.19407106257571058,0.1225789537226831,1.5895564434376535,12.967613078455472,1.1128600437591345,5910
468,4.357030935412791,-29.512381413169134,0.16204167234744954,0.6468249945242294,-24.346483810884664,-29.512381413169134,nan,0.09913793942046152,0.062903732926988,4.672882248802212,-29.455616685474702,0.16215762641483858,0.7248993466221816,-23.895677463635472,-29.455616685474702,nan,105.549102515205,0.4597003791321479,0.0,0.4300489630638354,229.60412326495668,46.0,46.0,,0.00014539028444200016,,,,,,,0.5933882747568133,,0,0.1225789537226831,1.8257992784403085,inf,-inf,-0.10986841333971041,0.06569173331788601,-0.1333842985353993,0.054278387873489875,inf,-inf,3.1770159382567456,0.12547329730773002,0.12547329730773002,0.12547329730773002,784,2.6828083565560505,1.554897239712779,2.1718760619527857,,,-3.0811177492973374,0.5633735840169017,0.23695144738516688,14.894883852336605,1.1730371210128974,0.0,0.0,0.6744415705593777,0.6326956926637057,0.19407106257571058,0.1225789537226831,1.5895564434376535,12.967613078455472,1.1128600437591345,5910
469,4.3199828644856435,-29.517148329575956,0.16187001428976225,0.6388469700306789,-24.396448480769877,-29.517148329575956,nan,0.09934147210297127,0.06252854218679098,4.672882248802212,-29.455616685474702,0.16215762641483858,0.7248993466221816,-23.895677463635472,-29.455616685474702,nan,118.933122030976,0.4720216154562955,0.0,0.41414003478910544,251.9654145838328,46.0,46.0,,0.00014488531130710198,,,,,,,0.5933882747568133,,0,0.1225789537226831,1.8257992784403085,inf,-inf,-0.10671220698306273,0.06990702579798058,-0.13171554968896665,0.08104637278433316,inf,-inf,3.1721430569686824,0.12544500158987845,0.12544500158987845,0.12544500158987845,784,2.6828083565560505,1.554897239712779,2.1718760619527857,,,-3.0811177492973374,0.5633735840169017,0.23695144738516688,14.894883852336605,1.1730371210128974,0.0,0.0,0.6744415705593777,0.6326956926637057,0.19407106257571058,0.1225789537226831,1.5895564434376535,12.967613078455472,1.1128600437591345,5910
470,4.307974740618208,-29.533000235071928,0.161681021583655,0.6298106615998251,-24.433533811270237,-29.533000235071928,nan,0.09953321610715013,0.062147805476504885,4.418823115371504,-29.479596710733425,0.16116703674109292,0.667342538043806,-24.232264020577023,-29.479596710733425,nan,101.79029871499745,0.46732606871394305,0.0,0.41536455379160664,217.8142961190225,46.0,46.0,,0.00014438046141649355,,,,,,,0.5830908131963372,,0,0.1189416998337142,1.7927924613869781,inf,-inf,-0.1035298064785462,0.06798063155208613,-0.1319927094473184,0.050194312224511636,inf,-inf,3.1684710950431736,0.12536868252258276,0.12536868252258276,0.12536868252258276,784,2.65558437050339,1.5476159053436558,2.1617846505914753,,,-3.0975719605570697,0.5529207234639594,0.2323453743864781,15.072867328223674,1.1781958764933833,0.0,0.0,0.66270948032933,0.6217348224232377,0.19058870289390267,0.1189416998337142,1.5661416538596027,13.16730512552905,1.1194968995730026,5910
471,4.279975334724918,-29.541144147470963,0.16147874909192522,0.6205484561601262,-24.47914160749399,-29.541144147470963,nan,0.09972597476406446,0.06175277432786073,4.418823115371504,-29.479596710733425,0.16116703674109292,0.667342538043806,-24.232264020577023,-29.479596710733425,nan,97.34508998994941,0.4483826870822798,0.0,0.39298947724891975,217.10269551974528,46.0,46.0,,0.00014387574092161149,,,,,,,0.5830908131963372,,0,0.1189416998337142,1.7927924613869781,inf,-inf,-0.10793125198500375,0.06724491090168945,-0.13778288806918687,0.05547786299562582,inf,-inf,3.164830991658372,0.1253182414491822,0.1253182414491822,0.1253182414491822,784,2.65558437050339,1.5476159053436558,2.1617846505914753,,,-3.0975719605570697,0.5529207234639594,0.2323453743864781,15.072867328223674,1.1781958764933833,0.0,0.0,0.66270948032933,0.6217348224232377,0.19058870289390267,0.1189416998337142,1.5661416538596027,13.16730512552905,1.1194968995730026,5910
472,4.251998341262806,-29.543653456445,0.16132258807241867,0.6164106245583622,-24.513921902551413,-29.543653456445,nan,0.09991833387900699,0.06140425419341179,4.418823115371504,-29.479596710733425,0.16116703674109292,0.667342538043806,-24.232264020577023,-29.479596710733425,nan,130.2724965088891,0.44791819334036076,0.0,0.39061841859649876,290.83993114318224,46.0,46.0,,0.0001433711559723156,,,,,,,0.5830908131963372,,0,0.1189416998337142,1.7927924613869781,inf,-inf,-0.10642982706946384,0.06714476852024108,-0.1373087864077387,0.06126596057631814,inf,-inf,3.1609173851895007,0.1252736359828911,0.1252736359828911,0.1252736359828911,784,2.65558437050339,1.5476159053436558,2.1617846505914753,,,-3.0975719605570697,0.5529207234639594,0.2323453743864781,15.072867328223674,1.1781958764933833,0.0,0.0,0.66270948032933,0.6217348224232377,0.19058870289390267,0.1189416998337142,1.5661416538596027,13.16730512552905,1.1194968995730026,5910
473,4.218236792584116,-29.55141484835359,0.16115544504297716,0.6073333128281313,-24.56468929789837,-29.55141484835359,nan,0.10010995390032709,0.0610454911426501,4.418823115371504,-29.479596710733425,0.16116703674109292,0.667342538043806,-24.232264020577023,-29.479596710733425,nan,117.53225105746348,0.43240916303380894,0.0,0.37874148003501795,271.80795668817484,46.0,46.0,,0.00014286671271681442,,,,,,,0.5830908131963372,,0,0.1189416998337142,1.7927924613869781,inf,-inf,-0.10858883276099082,0.07204526677934528,-0.13506629892260502,0.051355926048323154,inf,-inf,3.1569801217790054,0.12523382645661416,0.12523382645661416,0.12523382645661416,784,2.65558437050339,1.5476159053436558,2.1617846505914753,,,-3.0975719605570697,0.5529207234639594,0.2323453743864781,15.072867328223674,1.1781958764933833,0.0,0.0,0.66270948032933,0.6217348224232377,0.19058870289390267,0.1189416998337142,1.5661416538596027,13.16730512552905,1.1194968995730026,5910
474,4.198387016619493,-29.560432303500104,0.16098204806202873,0.603941301641331,-24.597121937177253,-29.560432303500104,nan,0.1002949670563896,0.060687081005639146,4.418823115371504,-29.479596710733425,0.16116703674109292,0.667342538043806,-24.232264020577023,-29.479596710733425,nan,124.21034593573657,0.4318228694301,0.0,0.3685092781479104,287.64188913770056,46.0,46.0,,0.0001423624173015897,,,,,,,0.5830908131963372,,0,0.1189416998337142,1.7927924613869781,inf,-inf,-0.11208038121440721,0.07323828264479025,-0.13641137015614963,0.04943049189401165,inf,-inf,3.153357116940472,0.1251826298639799,0.1251826298639799,0.1251826298639799,784,2.65558437050339,1.5476159053436558,2.1617846505914753,,,-3.0975719605570697,0.5529207234639594,0.2323453743864781,15.072867328223674,1.1781958764933833,0.0,0.0,0.66270948032933,0.6217348224232377,0.19058870289390267,0.1189416998337142,1.5661416538596027,13.16730512552905,1.1194968995730026,5910
475,4.161561638274099,-29.56476506264688,0.160832436014497,0.5971530161872738,-24.64521797217101,-29.56476506264688,nan,0.10048473750774076,0.06034769850675626,4.3357267844505,-29.501683032019756,0.1603309762997655,0.6400270694204675,-24.365598201849025,-29.501683032019756,nan,122.42196022840916,0.4257293152525507,0.0,0.35811065378597484,287.55821091574614,46.0,46.0,,0.00014185827587132207,,,,,,,0.573708690235607,,0,0.11566869910128956,1.7631598730618216,inf,-inf,-0.10540921500003594,0.06911420242476188,-0.14610631264699522,0.05825305263474957,inf,-inf,3.1499177514806056,0.12513609332422548,0.12513609332422548,0.12513609332422548,784,2.6300813984386298,1.5405917421328066,2.1518327629883798,,,-3.112867496395638,0.5435785874618868,0.2281286689474052,15.243189270399295,1.1830758421760237,0.0,0.0,0.6519970569135423,0.6121915559019233,0.1875641867584123,0.11566869910128956,1.5467260630547914,13.372036472030723,1.1261975524538907,5910
476,4.173220655904253,-29.569920021574806,0.16068195301317936,0.5915019375593861,-24.64451547509799,-29.569920021574806,nan,0.10066809211284529,0.06001386090033412,4.3357267844505,-29.501683032019756,0.1603309762997655,0.6400270694204675,-24.365598201849025,-29.501683032019756,nan,116.80035297425331,0.42313893883265863,0.0,0.3473965247855537,276.03309989971183,46.0,46.0,,0.00014135429456881558,,,,,,,0.573708690235607,,0,0.11566869910128956,1.7631598730618216,inf,-inf,-0.11187625037025462,0.07044265181823982,-0.14939151347450938,0.04929758428170577,inf,-inf,3.1460756922634405,0.12510857408991932,0.12510857408991932,0.12510857408991932,784,2.6300813984386298,1.5405917421328066,2.1518327629883798,,,-3.112867496395638,0.5435785874618868,0.2281286689474052,15.243189270399295,1.1830758421760237,0.0,0.0,0.6519970569135423,0.6121915559019233,0.1875641867584123,0.11566869910128956,1.5467260630547914,13.372036472030723,1.1261975524538907,5910
477,4.1262468367516965,-29.575481904454275,0.1605233307596446,0.584354591117605,-24.704357145825327,-29.575481904454275,nan,0.10084978216015905,0.059673548599485586,4.3357267844505,-29.501683032019756,0.1603309762997655,0.6400270694204675,-24.365598201849025,-29.501683032019756,nan,86.69615874600224,0.4106426518678888,0.0,0.344369236331105,211.12312213952382,46.0,46.0,,0.0001408504795349235,,,,,,,0.573708690235607,,0,0.11566869910128956,1.7631598730618216,inf,-inf,-0.11392017045989741,0.06897354104141659,-0.15122675365986712,0.04936742696905734,inf,-inf,3.1429669224388985,0.12505234698334664,0.12505234698334664,0.12505234698334664,784,2.6300813984386298,1.5405917421328066,2.1518327629883798,,,-3.112867496395638,0.5435785874618868,0.2281286689474052,15.243189270399295,1.1830758421760237,0.0,0.0,0.6519970569135423,0.6121915559019233,0.1875641867584123,0.11566869910128956,1.5467260630547914,13.372036472030723,1.1261975524538907,5910
478,4.120448355320853,-29.576127967296642,0.1603849849359003,0.5795855820375554,-24.715709045002335,-29.576127967296642,nan,0.10102263199079373,0.059362352945106604,4.3357267844505,-29.501683032019756,0.1603309762997655,0.6400270694204675,-24.365598201849025,-29.501683032019756,nan,122.33675574245206,0.425182892903734,0.0,0.34161367970876805,287.72737046631465,46.0,46.0,,0.00014034683690847296,,,,,,,0.573708690235607,,0,0.11566869910128956,1.7631598730618216,inf,-inf,-0.10972699172683392,0.06905169518817557,-0.13235171903999282,0.04890335169932756,inf,-inf,3.1383367548237104,0.12505901643001877,0.12505901643001877,0.12505901643001877,784,2.6300813984386298,1.5405917421328066,2.1518327629883798,,,-3.112867496395638,0.5435785874618868,0.2281286689474052,15.243189270399295,1.1830758421760237,0.0,0.0,0.6519970569135423,0.6121915559019233,0.1875641867584123,0.11566869910128956,1.5467260630547914,13.372036472030723,1.1261975524538907,5910
479,4.09307319461184,-29.586160303704386,0.16024162936042446,0.5763504094056704,-24.75649507032645,-29.586160303704386,nan,0.10121041071022585,0.05903121865019862,4.3357267844505,-29.501683032019756,0.1603309762997655,0.6400270694204675,-24.365598201849025,-29.501683032019756,nan,105.204669958855,0.4187256310948665,0.0,0.33574801885516625,251.24965406051257,46.0,46.0,,0.00013984337282619042,,,,,,,0.573708690235607,,0,0.11566869910128956,1.7631598730618216,inf,-inf,-0.11426011442837056,0.06711351037334984,-0.14392948475835507,0.04903173702415308,inf,-inf,3.135112013214841,0.125001358222308,0.125001358222308,0.125001358222308,784,2.6300813984386298,1.5405917421328066,2.1518327629883798,,,-3.112867496395638,0.5435785874618868,0.2281286689474052,15.243189270399295,1.1830758421760237,0.0,0.0,0.6519970569135423,0.6121915559019233,0.1875641867584123,0.11566869910128956,1.5467260630547914,13.372036472030723,1.1261975524538907,5910
480,4.093102421076165,-29.58997853717041,0.1601126833707372,0.5683696733352142,-24.768393759388292,-29.58997853717041,nan,0.10139856403122009,0.0587141193395171,4.249277394668675,-29.564419181180416,0.15960620666318498,0.6148377878028635,-24.540697792045695,-29.564419181180416,nan,100.13456504385992,0.4008327509180548,0.0,0.32899654587217947,249.81632567327605,46.0,46.0,,0.00013934009342262684,,,,,,,0.564868290174339,,0,0.11246239947341946,1.7353435344086177,inf,-inf,-0.11501204285746378,0.06501754668582506,-0.14068220990268704,0.04915807130348353,inf,-inf,3.1307681439986994,0.12499155830555829,0.12499155830555829,0.12499155830555829,784,2.605740412355447,1.533750919910236,2.14160365226618,,,-3.127550725222281,0.535413884528871,0.22413251004738657,15.430433127285061,1.1883781167403886,0.0,0.0,0.6419129558221293,0.6027071699052027,0.18482843188760034,0.11246239947341946,1.5269827022446247,13.577717614014876,1.1328267720839604,5910
481,4.083501523206979,-29.584767410621627,0.159968406022256,0.565587699562655,-24.775709781829736,-29.584767410621627,nan,0.1015582631631544,0.05841014285910168,4.249277394668675,-29.564419181180416,0.15960620666318498,0.6148377878028635,-24.540697792045695,-29.564419181180416,nan,123.33153879865873,0.3988588521601332,0.0,0.32253657894545756,309.21098561739774,46.0,46.0,,0.00013883700483008292,,,,,,,0.564868290174339,,0,0.11246239947341946,1.7353435344086177,inf,-inf,-0.11202785159156906,0.06389440496517818,-0.14510250505637157,0.04856783010886426,inf,-inf,3.126742449057209,0.12499651423930039,0.12499651423930039,0.12499651423930039,784,2.605740412355447,1.533750919910236,2.14160365226618,,,-3.127550725222281,0.535413884528871,0.22413251004738657,15.430433127285061,1.1883781167403886,0.0,0.0,0.6419129558221293,0.6027071699052027,0.18482843188760034,0.11246239947341946,1.5269827022446247,13.577717614014876,1.1328267720839604,5910
482,4.042980862942961,-29.590057252969157,0.15984713836453462,0.5587577830474807,-24.828471468614183,-29.590057252969157,nan,0.1017586163951404,0.05808852196939419,4.249277394668675,-29.564419181180416,0.15960620666318498,0.6148377878028635,-24.540697792045695,-29.564419181180416,nan,131.66425531018686,0.39570289074934945,0.0,0.32286022891347166,332.7351363566032,46.0,46.0,,0.0001383341131785345,,,,,,,0.564868290174339,,0,0.11246239947341946,1.7353435344086177,inf,-inf,-0.11708297042964919,0.06428735961254445,-0.14463384612044877,0.048571933909903886,inf,-inf,3.123729774965556,0.12494070024500085,0.12494070024500085,0.12494070024500085,784,2.605740412355447,1.533750919910236,2.14160365226618,,,-3.127550725222281,0.535413884528871,0.22413251004738657,15.430433127285061,1.1883781167403886,0.0,0.0,0.6419129558221293,0.6027071699052027,0.18482843188760034,0.11246239947341946,1.5269827022446247,13.577717614014876,1.1328267720839604,5910
483,4.049482967613932,-29.597092288270257,0.15972350474928512,0.5546285421917341,-24.833257273715308,-29.597092288270257,nan,0.10192958212420647,0.05779392262507867,4.249277394668675,-29.564419181180416,0.15960620666318498,0.6148377878028635,-24.540697792045695,-29.564419181180416,nan,92.32099612657393,0.37943585107865624,0.0,0.31214265449275175,243.31121021939487,46.0,46.0,,0.0001378314245955575,,,,,,,0.564868290174339,,0,0.11246239947341946,1.7353435344086177,inf,-inf,-0.1151191067276141,0.06890088647710264,-0.14073079722879972,0.05153150913163357,inf,-inf,3.1193668679972246,0.1249553308180627,0.1249553308180627,0.1249553308180627,784,2.605740412355447,1.533750919910236,2.14160365226618,,,-3.127550725222281,0.535413884528871,0.22413251004738657,15.430433127285061,1.1883781167403886,0.0,0.0,0.6419129558221293,0.6027071699052027,0.18482843188760034,0.11246239947341946,1.5269827022446247,13.577717614014876,1.1328267720839604,5910
484,4.036372182544744,-29.60151588523049,0.1596212953065855,0.551319837340884,-24.854202570038275,-29.60151588523049,nan,0.10212065732233204,0.05750063798425348,4.249277394668675,-29.564419181180416,0.15960620666318498,0.6148377878028635,-24.540697792045695,-29.564419181180416,nan,114.78278050839036,0.3734476044602911,0.0,0.3021006679356068,307.3597986370141,46.0,46.0,,0.00013732894520625377,,,,,,,0.564868290174339,,0,0.11246239947341946,1.7353435344086177,inf,-inf,-0.11709968057039341,0.06465157925398272,-0.14047279410180635,0.04854208240787972,inf,-inf,3.115426600207589,0.12495560194847947,0.12495560194847947,0.12495560194847947,784,2.605740412355447,1.533750919910236,2.14160365226618,,,-3.127550725222281,0.535413884528871,0.22413251004738657,15.430433127285061,1.1883781167403886,0.0,0.0,0.6419129558221293,0.6027071699052027,0.18482843188760034,0.11246239947341946,1.5269827022446247,13.577717614014876,1.1328267720839604,5910
485,3.9693485620283186,-29.605976795190458,0.15947684201793272,0.5470610863884254,-24.93009030475578,-29.605976795190458,nan,0.10228914116285645,0.057187700855076275,4.121269247050227,-29.519240167124636,0.15896026366811722,0.5800148895858271,-24.658995766820464,-29.519240167124636,nan,95.95339556171784,0.3796935615238862,0.0,0.3026106844456982,252.71272753905123,46.0,46.0,,0.00013682668113317603,,,,,,,0.5562961537657918,,0,0.10933820361033644,1.7085082958513012,inf,-inf,-0.11690049715534231,0.06558079033109367,-0.13057841794795422,0.04837673667614961,inf,-inf,3.1122363273367797,0.12492539275431629,0.12492539275431629,0.12492539275431629,784,2.5825313522936892,1.5271533320789956,2.1305862287813473,,,-3.142039586703542,0.5273905212127267,0.22021439419781977,15.625904207646823,1.1938451576020028,0.0,0.0,0.6321498418707812,0.5936738183091984,0.1821839570923013,0.10933820361033644,1.5061944089228247,13.775554739225974,1.1391090968402482,5910
486,3.9830958163373382,-29.60031571738994,0.15935003085113858,0.5435587844374921,-24.914311085763966,-29.60031571738994,nan,0.1024622356893769,0.0568877951617617,4.121269247050227,-29.519240167124636,0.15896026366811722,0.5800148895858271,-24.658995766820464,-29.519240167124636,nan,118.19552531033271,0.3733458971832842,0.0,0.2939898075526898,316.58450300930394,46.0,46.0,,0.00013632463849625354,,,,,,,0.5562961537657918,,0,0.10933820361033644,1.7085082958513012,inf,-inf,-0.11915580202476983,0.06581444078534673,-0.1353072648055174,0.048358625864589146,inf,-inf,3.108298353457496,0.1249332093634455,0.1249332093634455,0.1249332093634455,784,2.5825313522936892,1.5271533320789956,2.1305862287813473,,,-3.142039586703542,0.5273905212127267,0.22021439419781977,15.625904207646823,1.1938451576020028,0.0,0.0,0.6321498418707812,0.5936738183091984,0.1821839570923013,0.10933820361033644,1.5061944089228247,13.775554739225974,1.1391090968402482,5910
487,3.988864877061654,-29.613328142676004,0.15924644289122405,0.540671634814303,-24.924545187908823,-29.613328142676004,nan,0.10264822686577516,0.05659821602544891,4.121269247050227,-29.519240167124636,0.15896026366811722,0.5800148895858271,-24.658995766820464,-29.519240167124636,nan,87.52370277038176,0.3651446918042735,0.0,0.2881810505812481,239.69594720904942,46.0,46.0,,0.0001358228234127174,,,,,,,0.5562961537657918,,0,0.10933820361033644,1.7085082958513012,inf,-inf,-0.12050695745410148,0.060552947062950765,-0.1383100440558256,0.04828148382265608,inf,-inf,3.103778562965508,0.12494690901671915,0.12494690901671915,0.12494690901671915,784,2.5825313522936892,1.5271533320789956,2.1305862287813473,,,-3.142039586703542,0.5273905212127267,0.22021439419781977,15.625904207646823,1.1938451576020028,0.0,0.0,0.6321498418707812,0.5936738183091984,0.1821839570923013,0.10933820361033644,1.5061944089228247,13.775554739225974,1.1391090968402482,5910
488,3.96281849219105,-29.604687351714187,0.15912559488555403,0.535861085294277,-24.946882179343305,-29.604687351714187,nan,0.10281437548985725,0.05631121939569676,4.121269247050227,-29.519240167124636,0.15896026366811722,0.5800148895858271,-24.658995766820464,-29.519240167124636,nan,119.11377091196344,0.370938998008636,0.0,0.2868361111106511,321.11417659350633,46.0,46.0,,0.000135321241997026,,,,,,,0.5562961537657918,,0,0.10933820361033644,1.7085082958513012,inf,-inf,-0.1209730793547727,0.06725906510256832,-0.13083160594825982,0.047999822266425095,inf,-inf,3.099992552190872,0.12494718470717636,0.12494718470717636,0.12494718470717636,784,2.5825313522936892,1.5271533320789956,2.1305862287813473,,,-3.142039586703542,0.5273905212127267,0.22021439419781977,15.625904207646823,1.1938451576020028,0.0,0.0,0.6321498418707812,0.5936738183091984,0.1821839570923013,0.10933820361033644,1.5061944089228247,13.775554739225974,1.1391090968402482,5910
489,3.9629139718449182,-29.611595019612825,0.158979953658081,0.5311192623314185,-24.958581831778403,-29.611595019612825,nan,0.10298849780894206,0.055991455849138984,4.121269247050227,-29.519240167124636,0.15896026366811722,0.5800148895858271,-24.658995766820464,-29.519240167124636,nan,121.09761143206484,0.3508462606895788,0.0,0.28226265068411993,345.1586207418907,46.0,46.0,,0.00013481990036079064,,,,,,,0.5562961537657918,,0,0.10933820361033644,1.7085082958513012,inf,-inf,-0.12375215231087142,0.06641547108774537,-0.13675313807268769,0.048062550996140936,inf,-inf,3.0967027988403326,0.12491346761333472,0.12491346761333472,0.12491346761333472,784,2.5825313522936892,1.5271533320789956,2.1305862287813473,,,-3.142039586703542,0.5273905212127267,0.22021439419781977,15.625904207646823,1.1938451576020028,0.0,0.0,0.6321498418707812,0.5936738183091984,0.1821839570923013,0.10933820361033644,1.5061944089228247,13.775554739225974,1.1391090968402482,5910
490,3.9933775778791185,-29.62296041938505,0.158855799954371,0.5295816633914725,-24.941145378160087,-29.62296041938505,nan,0.10317195718324444,0.05568384277112652,4.0324116321730274,-29.523722013669023,0.15832331880853365,0.5607259330787049,-24.772261129608758,-29.523722013669023,nan,115.596178115851,0.3574328114251991,0.0,0.2786012282816292,323.40673385560774,46.0,46.0,,0.00013431880461270093,,,,,,,0.5480288478134038,,0,0.10645790707911508,1.6820707905580228,inf,-inf,-0.12105484232094911,0.06066760438194251,-0.13371943514414014,0.04808026829586745,inf,-inf,3.0921888666078017,0.1249485037533109,0.1249485037533109,0.1249485037533109,784,2.5590678723981517,1.520413513928649,2.1211555477806643,,,-3.1562550074192957,0.5200653879912052,0.21639985909198156,15.800336834613683,1.1986663454262425,0.0,0.0,0.622749904126887,0.5850930975757942,0.17965536492987558,0.10645790707911508,1.4849589454215535,13.948789584206216,1.1445365230427793,5910
491,3.9240244824440094,-29.620967176216798,0.15872646909523724,0.5259193304840687,-25.012296894193483,-29.620967176216798,nan,0.10334363631862879,0.05538283277660843,4.0324116321730274,-29.523722013669023,0.15832331880853365,0.5607259330787049,-24.772261129608758,-29.523722013669023,nan,91.20115084623478,0.3642434010615763,0.0,0.2752016666340679,250.38518358996154,46.0,46.0,,0.00013381796085845047,,,,,,,0.5480288478134038,,0,0.10645790707911508,1.6820707905580228,inf,-inf,-0.12926788160073585,0.06543449524676076,-0.12828407341521406,0.04810269931680999,inf,-inf,3.0883656709287672,0.12493533201125089,0.12493533201125089,0.12493533201125089,784,2.5590678723981517,1.520413513928649,2.1211555477806643,,,-3.1562550074192957,0.5200653879912052,0.21639985909198156,15.800336834613683,1.1986663454262425,0.0,0.0,0.622749904126887,0.5850930975757942,0.17965536492987558,0.10645790707911508,1.4849589454215535,13.948789584206216,1.1445365230427793,5910
492,3.91011246060698,-29.62203621407351,0.15860542024382218,0.5221780197719618,-25.031140313450745,-29.62203621407351,nan,0.10352038428929573,0.05508503595452645,4.0324116321730274,-29.523722013669023,0.15832331880853365,0.5607259330787049,-24.772261129608758,-29.523722013669023,nan,102.04042627800412,0.356269341552344,0.0,0.27269695804629945,286.4137167497812,46.0,46.0,,0.00013331737520066227,,,,,,,0.5480288478134038,,0,0.10645790707911508,1.6820707905580228,inf,-inf,-0.13500582224247565,0.06261130131926537,-0.12197248722835669,0.04811047403379636,inf,-inf,3.0846361500053336,0.12493557563226397,0.12493557563226397,0.12493557563226397,784,2.5590678723981517,1.520413513928649,2.1211555477806643,,,-3.1562550074192957,0.5200653879912052,0.21639985909198156,15.800336834613683,1.1986663454262425,0.0,0.0,0.622749904126887,0.5850930975757942,0.17965536492987558,0.10645790707911508,1.4849589454215535,13.948789584206216,1.1445365230427793,5910
493,3.9053173631917653,-29.61727744873249,0.15847392999970406,0.5190336545409123,-25.034452501000107,-29.61727744873249,nan,0.10369553961199314,0.05477839038771092,4.0324116321730274,-29.523722013669023,0.15832331880853365,0.5607259330787049,-24.772261129608758,-29.523722013669023,nan,138.2731074458464,0.3368724261720598,0.0,0.2632322935790552,410.46133997094347,46.0,46.0,,0.00013281705373881464,,,,,,,0.5480288478134038,,0,0.10645790707911508,1.6820707905580228,inf,-inf,-0.13048781078072733,0.061790230941260536,-0.13239723846096346,0.04866256924931043,inf,-inf,3.0800691387492343,0.12494716999368274,0.12494716999368274,0.12494716999368274,784,2.5590678723981517,1.520413513928649,2.1211555477806643,,,-3.1562550074192957,0.5200653879912052,0.21639985909198156,15.800336834613683,1.1986663454262425,0.0,0.0,0.622749904126887,0.5850930975757942,0.17965536492987558,0.10645790707911508,1.4849589454215535,13.948789584206216,1.1445365230427793,5910
494,3.8926792809463957,-29.627767474999647,0.1583426205878498,0.5169990588943894,-25.059746514571014,-29.627767474999647,nan,0.10387046248707746,0.05447215810077237,4.0324116321730274,-29.523722013669023,0.15832331880853365,0.5607259330787049,-24.772261129608758,-29.523722013669023,nan,106.431442116272,0.33868126423698064,0.0,0.26314692119728944,314.2525239949507,46.0,46.0,,0.00013231700256916665,,,,,,,0.5480288478134038,,0,0.10645790707911508,1.6820707905580228,inf,-inf,-0.12907188585925417,0.05837403503435139,-0.13239915279486342,0.04844023787345585,inf,-inf,3.076159678867174,0.12494933877454666,0.12494933877454666,0.12494933877454666,784,2.5590678723981517,1.520413513928649,2.1211555477806643,,,-3.1562550074192957,0.5200653879912052,0.21639985909198156,15.800336834613683,1.1986663454262425,0.0,0.0,0.622749904126887,0.5850930975757942,0.17965536492987558,0.10645790707911508,1.4849589454215535,13.948789584206216,1.1445365230427793,5910
495,3.8746535058743965,-29.623213086548954,0.15820963066800023,0.513780398475645,-25.076569551530913,-29.623213086548954,nan,0.10405080956118481,0.054158821106815434,4.007602930502648,-29.586728580211258,0.15765696386393835,0.5478782620236203,-24.87359042382105,-29.586728580211258,nan,131.01430147731836,0.35211217572172016,0.0,0.2672023295199659,372.0811449044041,46.0,46.0,,0.00013181722778468407,,,,,,,0.5398615747981327,,0,0.10367825653805529,1.654993950027637,inf,-inf,-0.13082100747885408,0.062453758231061376,-0.11974198399676504,0.047511980096473984,inf,-inf,3.071612643256043,0.1249880732135078,0.1249880732135078,0.1249880732135078,784,2.5347284523890643,1.513462696393458,2.109869838576222,,,-3.1705116164395166,0.5130118873139085,0.21260116458480346,15.962787235143836,1.203108725057103,0.0,0.0,0.6134611985342433,0.5769764956441765,0.17716108625350172,0.10367825653805529,1.462838294301208,14.109402908065594,1.1495086353546924,5910
496,3.873166472816733,-29.63397184724455,0.15808845562735635,0.5099240873376919,-25.092792831462766,-29.63397184724455,nan,0.10422729421102686,0.053861161416329476,4.007602930502648,-29.586728580211258,0.15765696386393835,0.5478782620236203,-24.87359042382105,-29.586728580211258,nan,96.03524272658139,0.32905628556550215,0.0,0.26187481019246994,291.8505038174223,46.0,46.0,,0.0001313177354749649,,,,,,,0.5398615747981327,,0,0.10367825653805529,1.654993950027637,inf,-inf,-0.13554091416953085,0.058033171283781736,-0.1244315477611168,0.047611022375580916,inf,-inf,3.0673733855962215,0.12500097425211565,0.12500097425211565,0.12500097425211565,784,2.5347284523890643,1.513462696393458,2.109869838576222,,,-3.1705116164395166,0.5130118873139085,0.21260116458480346,15.962787235143836,1.203108725057103,0.0,0.0,0.6134611985342433,0.5769764956441765,0.17716108625350172,0.10367825653805529,1.462838294301208,14.109402908065594,1.1495086353546924,5910
497,3.859085218898904,-29.631375285722555,0.1579737198844323,0.5087781229048057,-25.105538224034415,-29.631375285722555,nan,0.1044129093756263,0.05356081050880593,4.007602930502648,-29.586728580211258,0.15765696386393835,0.5478782620236203,-24.87359042382105,-29.586728580211258,nan,124.25740354615719,0.3349719892965338,0.0,0.25296308822371744,370.9486390402583,46.0,46.0,,0.00013081853172616532,,,,,,,0.5398615747981327,,0,0.10367825653805529,1.654993950027637,inf,-inf,-0.1347071361103012,0.0615574549036864,-0.12651660869173115,0.04767209548071549,inf,-inf,3.062906070301108,0.12503451802361668,0.12503451802361668,0.12503451802361668,784,2.5347284523890643,1.513462696393458,2.109869838576222,,,-3.1705116164395166,0.5130118873139085,0.21260116458480346,15.962787235143836,1.203108725057103,0.0,0.0,0.6134611985342433,0.5769764956441765,0.17716108625350172,0.10367825653805529,1.462838294301208,14.109402908065594,1.1495086353546924,5910
498,3.8543108527241765,-29.628618517184563,0.15784868631590926,0.5067583760892712,-25.10970060205521,-29.628618517184563,nan,0.1045836478927485,0.05326503842316074,4.007602930502648,-29.586728580211258,0.15765696386393835,0.5478782620236203,-24.87359042382105,-29.586728580211258,nan,113.13388052169618,0.32941503864680455,0.0,0.25401064107134635,343.43872394665374,46.0,46.0,,0.00013031962262092544,,,,,,,0.5398615747981327,,0,0.10367825653805529,1.654993950027637,inf,-inf,-0.13819789310058575,0.06106457900343047,-0.12130065421141202,0.047388500164444076,inf,-inf,3.0589178378615935,0.12505191981919075,0.12505191981919075,0.12505191981919075,784,2.5347284523890643,1.513462696393458,2.109869838576222,,,-3.1705116164395166,0.5130118873139085,0.21260116458480346,15.962787235143836,1.203108725057103,0.0,0.0,0.6134611985342433,0.5769764956441765,0.17716108625350172,0.10367825653805529,1.462838294301208,14.109402908065594,1.1495086353546924,5910
499,3.8548424921285003,-29.631863339802912,0.1577259800492585,0.5037087413401907,-25.115586126284963,-29.631863339802912,nan,0.10477362229929617,0.052952357749962375,4.007602930502648,-29.586728580211258,0.15765696386393835,0.5478782620236203,-24.87359042382105,-29.586728580211258,nan,117.22347890622991,0.33060577290732296,0.0,0.2517909764757742,354.57178462243786,46.0,46.0,,0.0001298210142382953,,,,,,,0.5398615747981327,,0,0.10367825653805529,1.654993950027637,inf,-inf,-0.13469904938976485,0.058270059236388116,-0.12957476612408936,0.04792123621456621,inf,-inf,3.0549870297752038,0.12505161655898164,0.12505161655898164,0.12505161655898164,784,2.5347284523890643,1.513462696393458,2.109869838576222,,,-3.1705116164395166,0.5130118873139085,0.21260116458480346,15.962787235143836,1.203108725057103,0.0,0.0,0.6134611985342433,0.5769764956441765,0.17716108625350172,0.10367825653805529,1.462838294301208,14.109402908065594,1.1495086353546924,5910
500,3.8292802067061538,-29.643280397824245,0.15760253678221933,0.5010264020743456,-25.155371252261528,-29.643280397824245,nan,0.10495216758044619,0.05265036920177317,3.931817098057598,-29.5208790965321,0.15703831638384913,0.5299563660134087,-24.90206731607724,-29.5208790965321,nan,92.1510001416832,0.320896133841881,0.0,0.2482715753417324,287.16768581291126,46.0,46.0,,0.0001293227126536606,,,,,,,0.5317499941962859,,0,0.10092772705522686,1.6270610856684982,inf,-inf,-0.138188858822836,0.06037576911646876,-0.12264848527846049,0.04725166102169907,inf,-inf,3.050110053671925,0.12508543474373598,0.12508543474373598,0.12508543474373598,784,2.5102891817679374,1.5064238388651432,2.0985034723054836,,,-3.184912610575564,0.5057085342663383,0.20881007660586268,16.121051500329372,1.2073933653783475,0.0,0.0,0.6042464734570334,0.5687697921720728,0.17465974000967577,0.10092772705522686,1.439513663805906,14.262816629351175,1.1542052987131193,5910
501,3.832402046520354,-29.635362009912086,0.15748555967999134,0.49784742399450527,-25.147626979717238,-29.635362009912086,nan,0.10513441737250669,0.052351142307484604,3.931817098057598,-29.5208790965321,0.15703831638384913,0.5299563660134087,-24.90206731607724,-29.5208790965321,nan,119.20343183729615,0.3203911151240835,0.0,0.2382477211590921,372.0559847333161,46.0,46.0,,0.00012882472393866898,,,,,,,0.5317499941962859,,0,0.10092772705522686,1.6270610856684982,inf,-inf,-0.1364850928034021,0.05982826362347496,-0.1271806182672432,0.047676773272012765,inf,-inf,3.0462386861252155,0.12509837374368918,0.12509837374368918,0.12509837374368918,784,2.5102891817679374,1.5064238388651432,2.0985034723054836,,,-3.184912610575564,0.5057085342663383,0.20881007660586268,16.121051500329372,1.2073933653783475,0.0,0.0,0.6042464734570334,0.5687697921720728,0.17465974000967577,0.10092772705522686,1.439513663805906,14.262816629351175,1.1542052987131193,5910
502,3.84630273138328,-29.642615302930093,0.15736280329156477,0.49606206080131227,-25.142887707453937,-29.642615302930093,nan,0.10531214666226484,0.052050656629299905,3.931817098057598,-29.5208790965321,0.15703831638384913,0.5299563660134087,-24.90206731607724,-29.5208790965321,nan,102.46667638417124,0.3191782079490835,0.0,0.23955627690696787,321.03280810611324,46.0,46.0,,0.00012832705416115575,,,,,,,0.5317499941962859,,0,0.10092772705522686,1.6270610856684982,inf,-inf,-0.13419551562993134,0.057687149815786466,-0.11582555366848275,0.04754336956954131,inf,-inf,3.042023714864122,0.1250926392455773,0.1250926392455773,0.1250926392455773,784,2.5102891817679374,1.5064238388651432,2.0985034723054836,,,-3.184912610575564,0.5057085342663383,0.20881007660586268,16.121051500329372,1.2073933653783475,0.0,0.0,0.6042464734570334,0.5687697921720728,0.17465974000967577,0.10092772705522686,1.439513663805906,14.262816629351175,1.1542052987131193,5910
503,3.7897687605305417,-29.64043230876195,0.1572419688411683,0.49342352450822163,-25.19999805488202,-29.64043230876195,nan,0.10549013331884942,0.05175183552231889,3.931817098057598,-29.5208790965321,0.15703831638384913,0.5299563660134087,-24.90206731607724,-29.5208790965321,nan,112.4148368441045,0.31073737987819255,0.0,0.2414056919709885,361.7679884157179,46.0,46.0,,0.00012782970938507012,,,,,,,0.5317499941962859,,0,0.10092772705522686,1.6270610856684982,inf,-inf,-0.13330941768900129,0.06254604663492498,-0.1258636274915015,0.048528562979308215,inf,-inf,3.0372383730057435,0.12513473912465833,0.12513473912465833,0.12513473912465833,784,2.5102891817679374,1.5064238388651432,2.0985034723054836,,,-3.184912610575564,0.5057085342663383,0.20881007660586268,16.121051500329372,1.2073933653783475,0.0,0.0,0.6042464734570334,0.5687697921720728,0.17465974000967577,0.10092772705522686,1.439513663805906,14.262816629351175,1.1542052987131193,5910
504,3.7983958539105647,-29.64488159452294,0.15713274425985962,0.4902018709985013,-25.199151125354014,-29.64488159452294,nan,0.10566693492169053,0.05146580933816909,3.931817098057598,-29.5208790965321,0.15703831638384913,0.5299563660134087,-24.90206731607724,-29.5208790965321,nan,106.43383952981904,0.3109138259089598,0.0,0.23799716265294074,342.32584935281864,46.0,46.0,,0.0001273326956704012,,,,,,,0.5317499941962859,,0,0.10092772705522686,1.6270610856684982,inf,-inf,-0.13763669534949008,0.05635060470851744,-0.1269428792150919,0.04806589687016899,inf,-inf,3.0327207637734603,0.12516135057583744,0.12516135057583744,0.12516135057583744,784,2.5102891817679374,1.5064238388651432,2.0985034723054836,,,-3.184912610575564,0.5057085342663383,0.20881007660586268,16.121051500329372,1.2073933653783475,0.0,0.0,0.6042464734570334,0.5687697921720728,0.17465974000967577,0.10092772705522686,1.439513663805906,14.262816629351175,1.1542052987131193,5910
505,3.778915173813031,-29.634855249274008,0.1570202140220196,0.48603652310355294,-25.212883338335406,-29.634855249274008,nan,0.10586017739008029,0.051160036631939305,3.911740348566681,-29.607127103401226,0.15643648646811736,0.5226432690866015,-25.016306999279827,-29.607127103401226,nan,130.8693436372891,0.30582499253593615,0.0,0.2269471295293003,427.9223308471469,46.0,46.0,,0.00012683601907310425,,,,,,,0.5237597606930166,,0,0.09837022387309075,1.5982338852461933,inf,-inf,-0.1333144576780066,0.057029227887475664,-0.12084071929408484,0.047678851207890234,inf,-inf,3.0293950327263555,0.12514495029805334,0.12514495029805334,0.12514495029805334,784,2.4863176651826127,1.4995158493003085,2.088322449280597,,,-3.1993532075605624,0.4984893343261616,0.20506793537147905,16.2471307100826,1.210776674434553,0.0,0.0,0.5951657433124388,0.5601130252930767,0.1721814256361886,0.09837022387309075,1.4156403086878788,14.39094324431164,1.1580892603976451,5910
506,3.77445350722016,-29.646058193856494,0.15689661199088217,0.48493027968353,-25.229777794961926,-29.646058193856494,nan,0.10603605911254652,0.05086055287833564,3.911740348566681,-29.607127103401226,0.15643648646811736,0.5226432690866015,-25.016306999279827,-29.607127103401226,nan,89.2163554253102,0.3054509250525874,0.0,0.23000880809633162,292.0808159606995,46.0,46.0,,0.00012633968564502694,,,,,,,0.5237597606930166,,0,0.09837022387309075,1.5982338852461933,inf,-inf,-0.13245390381387737,0.05643086447047364,-0.12031176622946711,0.0466408314035122,inf,-inf,3.0246177759656128,0.12518574135866606,0.12518574135866606,0.12518574135866606,784,2.4863176651826127,1.4995158493003085,2.088322449280597,,,-3.1993532075605624,0.4984893343261616,0.20506793537147905,16.2471307100826,1.210776674434553,0.0,0.0,0.5951657433124388,0.5601130252930767,0.1721814256361886,0.09837022387309075,1.4156403086878788,14.39094324431164,1.1580892603976451,5910
507,3.7918776357713058,-29.649436685991738,0.1567645215008573,0.4823160243991737,-25.218478504320398,-29.649436685991738,nan,0.10620509163169917,0.05055942986915814,3.911740348566681,-29.607127103401226,0.15643648646811736,0.5226432690866015,-25.016306999279827,-29.607127103401226,nan,100.89778541275705,0.3064425313459992,0.0,0.22995901173745162,329.2551623613728,46.0,46.0,,0.00012584370143383533,,,,,,,0.5237597606930166,,0,0.09837022387309075,1.5982338852461933,inf,-inf,-0.13251768532891478,0.05538478889557716,-0.11887874387199464,0.04691842668307566,inf,-inf,3.020984599404804,0.1251635623008053,0.1251635623008053,0.1251635623008053,784,2.4863176651826127,1.4995158493003085,2.088322449280597,,,-3.1993532075605624,0.4984893343261616,0.20506793537147905,16.2471307100826,1.210776674434553,0.0,0.0,0.5951657433124388,0.5601130252930767,0.1721814256361886,0.09837022387309075,1.4156403086878788,14.39094324431164,1.1580892603976451,5910
508,3.748440532990432,-29.65492525099817,0.15666112597322784,0.48124722235893497,-25.268576369675575,-29.65492525099817,nan,0.10638807852116469,0.05027304745206317,3.911740348566681,-29.607127103401226,0.15643648646811736,0.5226432690866015,-25.016306999279827,-29.607127103401226,nan,94.4901059208873,0.2910795395944148,0.0,0.22792489442803934,324.61953888118757,46.0,46.0,,0.00012534807248294066,,,,,,,0.5237597606930166,,0,0.09837022387309075,1.5982338852461933,inf,-inf,-0.13261965416679394,0.06405471625071468,-0.12259986465252716,0.04731296945221193,inf,-inf,3.016250638883073,0.12520749305984819,0.12520749305984819,0.12520749305984819,784,2.4863176651826127,1.4995158493003085,2.088322449280597,,,-3.1993532075605624,0.4984893343261616,0.20506793537147905,16.2471307100826,1.210776674434553,0.0,0.0,0.5951657433124388,0.5601130252930767,0.1721814256361886,0.09837022387309075,1.4156403086878788,14.39094324431164,1.1580892603976451,5910
509,3.744295717305216,-29.657405456778736,0.15655828411118797,0.47825931229423935,-25.278292143068093,-29.657405456778736,nan,0.10657831116591683,0.04997997294527111,3.911740348566681,-29.607127103401226,0.15643648646811736,0.5226432690866015,-25.016306999279827,-29.607127103401226,nan,83.33540237709083,0.2935819614952921,0.0,0.22031972489600793,283.85736627904913,46.0,46.0,,0.00012485280483142511,,,,,,,0.5237597606930166,,0,0.09837022387309075,1.5982338852461933,inf,-inf,-0.13076423822289157,0.05369329942094934,-0.11296507174358134,0.04742559340836435,inf,-inf,3.0113857459984112,0.12523114471201177,0.12523114471201177,0.12523114471201177,784,2.4863176651826127,1.4995158493003085,2.088322449280597,,,-3.1993532075605624,0.4984893343261616,0.20506793537147905,16.2471307100826,1.210776674434553,0.0,0.0,0.5951657433124388,0.5601130252930767,0.1721814256361886,0.09837022387309075,1.4156403086878788,14.39094324431164,1.1580892603976451,5910
510,3.754067677462867,-29.659223966713135,0.15646356611169288,0.47780192953617784,-25.270890793602398,-29.659223966713135,nan,0.10676615905146701,0.04969740706022587,3.874738892977805,-29.618139108708096,0.15587406492973294,0.5067171229754048,-25.08080902782515,-29.618139108708096,nan,95.18055827080914,0.296205721217425,0.0,0.22441670274088488,321.33261261670026,46.0,46.0,,0.00012435790451396892,,,,,,,0.5157955250503831,,0,0.09585113114149975,1.5678292782407446,inf,-inf,-0.13213647553266272,0.05569332771602369,-0.11722901647120933,0.04710951980648978,inf,-inf,3.006451851718652,0.12526855382477659,0.12526855382477659,0.12526855382477659,784,2.4617321614622187,1.4923562181577934,2.079626015542985,,,-3.2139796847847037,0.4913604707297076,0.20133205273632904,16.356919940008268,1.2137015280032384,0.0,0.0,0.5860973815647321,0.5513203902207715,0.16969904811439604,0.09585113114149975,1.3910734212906262,14.512853471046274,1.1617528104317614,5910
511,3.730185114174262,-29.65928412372883,0.1563647568970255,0.47358704024509163,-25.29914721241245,-29.65928412372883,nan,0.10695710203553564,0.049407654861489805,3.874738892977805,-29.618139108708096,0.15587406492973294,0.5067171229754048,-25.08080902782515,-29.618139108708096,nan,90.73313219742536,0.2890130204098349,0.0,0.21725030730247555,313.94133063195994,46.0,46.0,,0.00012386337756077606,,,,,,,0.5157955250503831,,0,0.09585113114149975,1.5678292782407446,inf,-inf,-0.12826447205805064,0.05500596361226616,-0.11633020225230642,0.046943956376600635,inf,-inf,3.0018654760823185,0.12530279604939595,0.12530279604939595,0.12530279604939595,784,2.4617321614622187,1.4923562181577934,2.079626015542985,,,-3.2139796847847037,0.4913604707297076,0.20133205273632904,16.356919940008268,1.2137015280032384,0.0,0.0,0.5860973815647321,0.5513203902207715,0.16969904811439604,0.09585113114149975,1.3910734212906262,14.512853471046274,1.1617528104317614,5910
512,3.7284017056901777,-29.655768104493042,0.15625933372385048,0.4729997720625412,-25.298107293016475,-29.655768104493042,nan,0.10714262255579055,0.04911671116805989,3.874738892977805,-29.618139108708096,0.15587406492973294,0.5067171229754048,-25.08080902782515,-29.618139108708096,nan,113.20850982381995,0.2845169490058392,0.0,0.20981001462052387,397.89724380004003,46.0,46.0,,0.00012336922999750156,,,,,,,0.5157955250503831,,0,0.09585113114149975,1.5678292782407446,inf,-inf,-0.13524661512701536,0.05427534051983254,-0.11007849412654301,0.04725521532082792,inf,-inf,2.9975556303375837,0.12531476959349122,0.12531476959349122,0.12531476959349122,784,2.4617321614622187,1.4923562181577934,2.079626015542985,,,-3.2139796847847037,0.4913604707297076,0.20133205273632904,16.356919940008268,1.2137015280032384,0.0,0.0,0.5860973815647321,0.5513203902207715,0.16969904811439604,0.09585113114149975,1.3910734212906262,14.512853471046274,1.1617528104317614,5910
513,3.7102617250656325,-29.66156847741954,0.1561448756554774,0.47078603490622817,-25.3243758417922,-29.66156847741954,nan,0.10731040263226109,0.04883447302321642,3.874738892977805,-29.618139108708096,0.15587406492973294,0.5067171229754048,-25.08080902782515,-29.618139108708096,nan,103.15433619064682,0.2821704384885723,0.0,0.21073814788503195,365.5745681340198,46.0,46.0,,0.00012287546784517752,,,,,,,0.5157955250503831,,0,0.09585113114149975,1.5678292782407446,inf,-inf,-0.1270523571956916,0.05325563290855829,-0.11033455586641361,0.04701189984848664,inf,-inf,2.993177468161191,0.12535181487678884,0.12535181487678884,0.12535181487678884,784,2.4617321614622187,1.4923562181577934,2.079626015542985,,,-3.2139796847847037,0.4913604707297076,0.20133205273632904,16.356919940008268,1.2137015280032384,0.0,0.0,0.5860973815647321,0.5513203902207715,0.16969904811439604,0.09585113114149975,1.3910734212906262,14.512853471046274,1.1617528104317614,5910
514,3.7203448084605366,-29.66004649410411,0.1560309134651944,0.46817081842991703,-25.315499953748464,-29.66004649410411,nan,0.10748855629374196,0.04854235717145243,3.874738892977805,-29.618139108708096,0.15587406492973294,0.5067171229754048,-25.08080902782515,-29.618139108708096,nan,94.01719051621949,0.28844759482186594,0.0,0.2076474581585591,325.9420158253733,46.0,46.0,,0.0001223820971201398,,,,,,,0.5157955250503831,,0,0.09585113114149975,1.5678292782407446,inf,-inf,-0.12906511273373908,0.05646942540457563,-0.11532177403595045,0.046540530687900684,inf,-inf,2.9893823105574557,0.12533633073198047,0.12533633073198047,0.12533633073198047,784,2.4617321614622187,1.4923562181577934,2.079626015542985,,,-3.2139796847847037,0.4913604707297076,0.20133205273632904,16.356919940008268,1.2137015280032384,0.0,0.0,0.5860973815647321,0.5513203902207715,0.16969904811439604,0.09585113114149975,1.3910734212906262,14.512853471046274,1.1617528104317614,5910
515,3.7016192263670527,-29.66157951602908,0.15594122553269835,0.4651501895648542,-25.338868874564472,-29.66157951602908,nan,0.10767352923773915,0.0482676962949592,3.8020858057503766,-29.5748917917141,0.15533819008927957,0.4929006427313395,-25.124567153143108,-29.5748917917141,nan,114.38767067410981,0.29147477014447726,0.0,0.21106574715153786,392.44450083075975,46.0,46.0,,0.00012188912383395517,,,,,,,0.5080512330233525,,0,0.09345297922262723,1.5369858151273676,inf,-inf,-0.12556889646324132,0.05717461697458341,-0.11495955974481478,0.04674881380361583,inf,-inf,2.9844517235488564,0.12537155530038266,0.12537155530038266,0.12537155530038266,784,2.4380115179076607,1.4854484795419376,2.0705635653758114,,,-3.2284759152616416,0.48424684009546803,0.1976947002554932,16.446621904539843,1.216076708433378,0.0,0.0,0.5772943407664922,0.5424634872232719,0.16728550060171174,0.09345297922262723,1.365925886293699,14.616183428885007,1.1648339846491276,5910
516,3.6709181570423635,-29.662672070337596,0.15584017254268567,0.463940522953224,-25.371973217799326,-29.662672070337596,nan,0.10786168432534979,0.047978488217335864,3.8020858057503766,-29.5748917917141,0.15533819008927957,0.4929006427313395,-25.124567153143108,-29.5748917917141,nan,100.30576895713007,0.27647998724406436,0.0,0.20419231100393856,362.79576672789904,46.0,46.0,,0.0001213965539933474,,,,,,,0.5080512330233525,,0,0.09345297922262723,1.5369858151273676,inf,-inf,-0.12552570914781264,0.05563544132251867,-0.11442566495880742,0.04716103816356789,inf,-inf,2.9803837425835664,0.12538522451242265,0.12538522451242265,0.12538522451242265,784,2.4380115179076607,1.4854484795419376,2.0705635653758114,,,-3.2284759152616416,0.48424684009546803,0.1976947002554932,16.446621904539843,1.216076708433378,0.0,0.0,0.5772943407664922,0.5424634872232719,0.16728550060171174,0.09345297922262723,1.365925886293699,14.616183428885007,1.1648339846491276,5910
517,3.690166494847813,-29.665165382797767,0.1557279490445632,0.4614750598018964,-25.357795879103495,-29.665165382797767,nan,0.1080350727277004,0.047692876316862844,3.8020858057503766,-29.5748917917141,0.15533819008927957,0.4929006427313395,-25.124567153143108,-29.5748917917141,nan,82.80205000305307,0.27532512967821815,0.0,0.19947661585841275,300.74279852270166,46.0,46.0,,0.00012090439360012471,,,,,,,0.5080512330233525,,0,0.09345297922262723,1.5369858151273676,inf,-inf,-0.12137399731108786,0.05684033535756313,-0.1106904235106836,0.04714976771396287,inf,-inf,2.9757351644121792,0.12540446819536485,0.12540446819536485,0.12540446819536485,784,2.4380115179076607,1.4854484795419376,2.0705635653758114,,,-3.2284759152616416,0.48424684009546803,0.1976947002554932,16.446621904539843,1.216076708433378,0.0,0.0,0.5772943407664922,0.5424634872232719,0.16728550060171174,0.09345297922262723,1.365925886293699,14.616183428885007,1.1648339846491276,5910
518,3.665298868740408,-29.666421120269927,0.15564024133162183,0.45888286404863404,-25.386599146149265,-29.666421120269927,nan,0.10822799700855301,0.04741224432306882,3.8020858057503766,-29.5748917917141,0.15533819008927957,0.4929006427313395,-25.124567153143108,-29.5748917917141,nan,99.24251153606757,0.2679953531018583,0.0,0.20141782838614572,370.31429980932535,46.0,46.0,,0.000120412648651106,,,,,,,0.5080512330233525,,0,0.09345297922262723,1.5369858151273676,inf,-inf,-0.11584679801165178,0.054563296623299354,-0.10899808066608839,0.047103644977854194,inf,-inf,2.9721742410603085,0.1253967441747665,0.1253967441747665,0.1253967441747665,784,2.4380115179076607,1.4854484795419376,2.0705635653758114,,,-3.2284759152616416,0.48424684009546803,0.1976947002554932,16.446621904539843,1.216076708433378,0.0,0.0,0.5772943407664922,0.5424634872232719,0.16728550060171174,0.09345297922262723,1.365925886293699,14.616183428885007,1.1648339846491276,5910
519,3.666390198028273,-29.666843170841727,0.15553731111375613,0.4576744575774224,-25.387241204122272,-29.666843170841727,nan,0.10840700200617027,0.04713030910758587,3.8020858057503766,-29.5748917917141,0.15533819008927957,0.4929006427313395,-25.124567153143108,-29.5748917917141,nan,109.06483688998902,0.2790718538366882,0.0,0.199934582809573,390.81274370941526,46.0,46.0,,0.00011992132513804842,,,,,,,0.5080512330233525,,0,0.09345297922262723,1.5369858151273676,inf,-inf,-0.11364213510400191,0.059041795215460983,-0.10824644625274733,0.047127913061748634,inf,-inf,2.9671472615660925,0.12542981628343328,0.12542981628343328,0.12542981628343328,784,2.4380115179076607,1.4854484795419376,2.0705635653758114,,,-3.2284759152616416,0.48424684009546803,0.1976947002554932,16.446621904539843,1.216076708433378,0.0,0.0,0.5772943407664922,0.5424634872232719,0.16728550060171174,0.09345297922262723,1.365925886293699,14.616183428885007,1.1648339846491276,5910
520,3.651606936534705,-29.668558398881878,0.15545451708203234,0.45624399342024824,-25.405252951844894,-29.668558398881878,nan,0.10859979111622052,0.04685472596581179,3.777197181550637,-29.60401226963149,0.15483518493559992,0.48447875017039405,-25.18750115297486,-29.60401226963149,nan,104.0354642041234,0.2731014681570916,0.0,0.19131813728175276,380.9406990967944,46.0,46.0,,0.00011943042904757384,,,,,,,0.5003616569401688,,0,0.0911233689336764,1.5053611170810028,inf,-inf,-0.1165001997550932,0.057096482201610156,-0.10372767034474206,0.04702740999692984,inf,-inf,2.9630762376795863,0.1254381221588834,0.1254381221588834,0.1254381221588834,784,2.414487046113633,1.4785979320000067,2.0622011421420967,,,-3.243113094434381,0.4776888808889729,0.19408458738988724,16.520033606051935,1.2180109264533747,0.0,0.0,0.568563633943098,0.5342667997372418,0.16487454025116155,0.0911233689336764,1.3403114133133314,14.708756151112775,1.1675759480811452,5910
521,3.6452646900493972,-29.672860604130303,0.1553558817886342,0.453303299677289,-25.418936732614984,-29.672860604130303,nan,0.10877416466671465,0.04658171712191949,3.777197181550637,-29.60401226963149,0.15483518493559992,0.48447875017039405,-25.18750115297486,-29.60401226963149,nan,90.80947983298157,0.2678336067416611,0.0,0.1911465504989216,339.051849906841,46.0,46.0,,0.0001189399663610963,,,,,,,0.5003616569401688,,0,0.0911233689336764,1.5053611170810028,inf,-inf,-0.11461085515942193,0.053481530729355076,-0.10882388855888116,0.04698090874360006,inf,-inf,2.9589235826176545,0.12545582431754518,0.12545582431754518,0.12545582431754518,784,2.414487046113633,1.4785979320000067,2.0622011421420967,,,-3.243113094434381,0.4776888808889729,0.19408458738988724,16.520033606051935,1.2180109264533747,0.0,0.0,0.568563633943098,0.5342667997372418,0.16487454025116155,0.0911233689336764,1.3403114133133314,14.708756151112775,1.1675759480811452,5910
522,3.6512890218060616,-29.672963805695307,0.1552672252446953,0.45352829910076353,-25.412879259543786,-29.672963805695307,nan,0.1089560568455118,0.04631116839918352,3.777197181550637,-29.60401226963149,0.15483518493559992,0.48447875017039405,-25.18750115297486,-29.60401226963149,nan,99.26006327473262,0.2751020659277705,0.0,0.19091887149539086,360.81176976982016,46.0,46.0,,0.00011844994305474876,,,,,,,0.5003616569401688,,0,0.0911233689336764,1.5053611170810028,inf,-inf,-0.1132960485353628,0.05997798881256361,-0.10253701053212685,0.0460171399724657,inf,-inf,2.9542485944013905,0.12549285017310693,0.12549285017310693,0.12549285017310693,784,2.414487046113633,1.4785979320000067,2.0622011421420967,,,-3.243113094434381,0.4776888808889729,0.19408458738988724,16.520033606051935,1.2180109264533747,0.0,0.0,0.568563633943098,0.5342667997372418,0.16487454025116155,0.0911233689336764,1.3403114133133314,14.708756151112775,1.1675759480811452,5910
523,3.6388810751327383,-29.665323737942828,0.1551768833550875,0.4495197453356885,-25.421746034119316,-29.665323737942828,nan,0.1091394754087789,0.046037407946308645,3.777197181550637,-29.60401226963149,0.15483518493559992,0.48447875017039405,-25.18750115297486,-29.60401226963149,nan,121.50222237565757,0.26865285540665573,0.0,0.1871903110839291,452.26477191817486,46.0,46.0,,0.00011796036509931057,,,,,,,0.5003616569401688,,0,0.0911233689336764,1.5053611170810028,inf,-inf,-0.1127002449824707,0.056545909928368984,-0.10038833265773917,0.04759122643598878,inf,-inf,2.949889850546287,0.12550232704801556,0.12550232704801556,0.12550232704801556,784,2.414487046113633,1.4785979320000067,2.0622011421420967,,,-3.243113094434381,0.4776888808889729,0.19408458738988724,16.520033606051935,1.2180109264533747,0.0,0.0,0.568563633943098,0.5342667997372418,0.16487454025116155,0.0911233689336764,1.3403114133133314,14.708756151112775,1.1675759480811452,5910
524,3.639515198520263,-29.675731834274053,0.15508821830724592,0.44709465842765284,-25.43403375901889,-29.675731834274053,nan,0.10932035282123535,0.04576786548601058,3.777197181550637,-29.60401226963149,0.15483518493559992,0.48447875017039405,-25.18750115297486,-29.60401226963149,nan,98.67000529840787,0.2722929460830979,0.0,0.18961880890452668,362.36710027844765,46.0,46.0,,0.00011747123846013471,,,,,,,0.5003616569401688,,0,0.0911233689336764,1.5053611170810028,inf,-inf,-0.11426909989983172,0.05544531754514469,-0.09929171312507813,0.048205419639659,inf,-inf,2.9456998587468823,0.12550783745387548,0.12550783745387548,0.12550783745387548,784,2.414487046113633,1.4785979320000067,2.0622011421420967,,,-3.243113094434381,0.4776888808889729,0.19408458738988724,16.520033606051935,1.2180109264533747,0.0,0.0,0.568563633943098,0.5342667997372418,0.16487454025116155,0.0911233689336764,1.3403114133133314,14.708756151112775,1.1675759480811452,5910
525,3.6139843486222816,-29.67911886694069,0.15499642064583044,0.4463047592115,-25.46383333846108,-29.67911886694069,nan,0.10950468943017407,0.045491731215656375,3.7550627133205117,-29.639743385675132,0.15437699838430324,0.4751794231367329,-25.255124250833582,-29.639743385675132,nan,102.29296473263351,0.25961440974648836,0.0,0.18442613799724467,394.0188251974221,46.0,46.0,,0.00011698256909707482,,,,,,,0.49283761427187145,,0,0.08884992641447478,1.4743095814075913,inf,-inf,-0.11335247356917352,0.05709365465483917,-0.09538117674493815,0.04733636909703023,inf,-inf,2.941238769883092,0.12552613163701778,0.12552613163701778,0.12552613163701778,784,2.3911098467876815,1.4717425669177433,2.054648662597984,,,-3.2576817936023637,0.4710287241810391,0.19055016779724152,16.593256076883,1.219931615528313,0.0,0.0,0.559997296546185,0.5267461477895978,0.16246395438717276,0.08884992641447478,1.314286027016564,14.792201637687008,1.1700328182118223,5910
526,3.6141809956973137,-29.67926780989922,0.15493433492812728,0.44605197235945343,-25.464100506914324,-29.67926780989922,nan,0.1097016392933196,0.04523269563480767,3.7550627133205117,-29.639743385675132,0.15437699838430324,0.4751794231367329,-25.255124250833582,-29.639743385675132,nan,95.08820767710218,0.26095845250165395,0.0,0.18604899128769412,364.380639008041,46.0,46.0,,0.00011649436296441296,,,,,,,0.49283761427187145,,0,0.08884992641447478,1.4743095814075913,inf,-inf,-0.11351548475403958,0.05853135934363629,-0.09567445244911618,0.04659071565377865,inf,-inf,2.936823373570765,0.12554116964022488,0.12554116964022488,0.12554116964022488,784,2.3911098467876815,1.4717425669177433,2.054648662597984,,,-3.2576817936023637,0.4710287241810391,0.19055016779724152,16.593256076883,1.219931615528313,0.0,0.0,0.559997296546185,0.5267461477895978,0.16246395438717276,0.08884992641447478,1.314286027016564,14.792201637687008,1.1700328182118223,5910
527,3.6057674309227723,-29.678752808274883,0.1548511604181278,0.44331533911137944,-25.474818877822603,-29.678752808274883,nan,0.10988465612235407,0.04496650429577367,3.7550627133205117,-29.639743385675132,0.15437699838430324,0.4751794231367329,-25.255124250833582,-29.639743385675132,nan,115.55156591851569,0.25336358817524823,0.0,0.17646052991573236,456.0701352184443,46.0,46.0,,0.00011600662601078665,,,,,,,0.49283761427187145,,0,0.08884992641447478,1.4743095814075913,inf,-inf,-0.11441080992392796,0.053208956125717737,-0.09861350451437527,0.048264304125540836,inf,-inf,2.9325947644849886,0.12554449532053139,0.12554449532053139,0.12554449532053139,784,2.3911098467876815,1.4717425669177433,2.054648662597984,,,-3.2576817936023637,0.4710287241810391,0.19055016779724152,16.593256076883,1.219931615528313,0.0,0.0,0.559997296546185,0.5267461477895978,0.16246395438717276,0.08884992641447478,1.314286027016564,14.792201637687008,1.1700328182118223,5910
528,3.591042865239463,-29.677648307539318,0.15476096738533834,0.4417227351852887,-25.49012173972923,-29.677648307539318,nan,0.11006035002109593,0.044700617364242426,3.7550627133205117,-29.639743385675132,0.15437699838430324,0.4751794231367329,-25.255124250833582,-29.639743385675132,nan,92.34649515093554,0.2660105618129235,0.0,0.1796607139866521,347.15349090492055,46.0,46.0,,0.00011551936417911693,,,,,,,0.49283761427187145,,0,0.08884992641447478,1.4743095814075913,inf,-inf,-0.11499645009521861,0.05413892985461981,-0.0986013290607801,0.04685457297180276,inf,-inf,2.9273958912672016,0.12559886026147957,0.12559886026147957,0.12559886026147957,784,2.3911098467876815,1.4717425669177433,2.054648662597984,,,-3.2576817936023637,0.4710287241810391,0.19055016779724152,16.593256076883,1.219931615528313,0.0,0.0,0.559997296546185,0.5267461477895978,0.16246395438717276,0.08884992641447478,1.314286027016564,14.792201637687008,1.1700328182118223,5910
529,3.5856505869787787,-29.683078186976207,0.1546916764058662,0.44066408174105004,-25.50207184185051,-29.683078186976207,nan,0.11024405692153132,0.04444761948433487,3.7550627133205117,-29.639743385675132,0.15437699838430324,0.4751794231367329,-25.255124250833582,-29.639743385675132,nan,114.24112773879652,0.2666036963872766,0.0,0.1708331175055962,428.50541566702964,46.0,46.0,,0.00011503258340653534,,,,,,,0.49283761427187145,,0,0.08884992641447478,1.4743095814075913,inf,-inf,-0.11438252064983104,0.057851286391511283,-0.09483543518390991,0.047792525160936405,inf,-inf,2.923209035395632,0.12562339318542368,0.12562339318542368,0.12562339318542368,784,2.3911098467876815,1.4717425669177433,2.054648662597984,,,-3.2576817936023637,0.4710287241810391,0.19055016779724152,16.593256076883,1.219931615528313,0.0,0.0,0.559997296546185,0.5267461477895978,0.16246395438717276,0.08884992641447478,1.314286027016564,14.792201637687008,1.1700328182118223,5910
530,3.5896887303638247,-29.683472710996217,0.15460769383508308,0.4385508886936306,-25.50062539810368,-29.683472710996217,nan,0.11042689777673148,0.044180796058351596,3.7443498816592538,-29.677154148307118,0.15396657418332305,0.47477461610789967,-25.30406307635664,-29.677154148307118,nan,104.08907590436472,0.2610733450579065,0.0,0.17220480804019325,398.69667997427155,46.0,46.0,,0.00011454628962431198,,,,,,,0.4854752451132743,,0,0.08671391746845634,1.4431272527538066,inf,-inf,-0.1133139258168546,0.05741898212599343,-0.09280572907321973,0.04729358323049869,inf,-inf,2.9194076224953007,0.12559565365697417,0.12559565365697417,0.12559565365697417,784,2.3679580169421497,1.4649242378749001,2.046536006797792,,,-3.272178793812797,0.4646142390734651,0.18710060840557816,16.642394841390583,1.2212158214477684,0.0,0.0,0.5516031235627116,0.5186246380596155,0.16008877137663233,0.08671391746845634,1.2879747788399067,14.853149487894251,1.1718185519823312,5910
531,3.572501722317429,-29.686244201781403,0.15453040376899116,0.43688166150528496,-25.522330414189696,-29.686244201781403,nan,0.11060557053703482,0.043924833231956326,3.7443498816592538,-29.677154148307118,0.15396657418332305,0.47477461610789967,-25.30406307635664,-29.677154148307118,nan,98.08285604736936,0.25144510426812106,0.0,0.17256364207391767,390.0766186434937,46.0,46.0,,0.00011406048875778315,,,,,,,0.4854752451132743,,0,0.08671391746845634,1.4431272527538066,inf,-inf,-0.11321922450092406,0.055173859228073795,-0.09846219307785772,0.046518568745437666,inf,-inf,2.9146560946006232,0.12562081918355322,0.12562081918355322,0.12562081918355322,784,2.3679580169421497,1.4649242378749001,2.046536006797792,,,-3.272178793812797,0.4646142390734651,0.18710060840557816,16.642394841390583,1.2212158214477684,0.0,0.0,0.5516031235627116,0.5186246380596155,0.16008877137663233,0.08671391746845634,1.2879747788399067,14.853149487894251,1.1718185519823312,5910
532,3.56641465115323,-29.686546058592878,0.15447134583297786,0.4360710243752726,-25.529589037231396,-29.686546058592878,nan,0.11080135451979739,0.043669991313180445,3.7443498816592538,-29.677154148307118,0.15396657418332305,0.47477461610789967,-25.30406307635664,-29.677154148307118,nan,101.23388826417751,0.25555333642314937,0.0,0.17259505873948647,396.13604612288367,46.0,46.0,,0.00011357518672627906,,,,,,,0.4854752451132743,,0,0.08671391746845634,1.4431272527538066,inf,-inf,-0.11341217242636306,0.05980121969279877,-0.10146468192667624,0.04840110270453659,inf,-inf,2.9100868742203074,0.1256516806058786,0.1256516806058786,0.1256516806058786,784,2.3679580169421497,1.4649242378749001,2.046536006797792,,,-3.272178793812797,0.4646142390734651,0.18710060840557816,16.642394841390583,1.2212158214477684,0.0,0.0,0.5516031235627116,0.5186246380596155,0.16008877137663233,0.08671391746845634,1.2879747788399067,14.853149487894251,1.1718185519823312,5910
533,3.5428385490533003,-29.687880647830593,0.15440075432022896,0.43397388891891625,-25.556667455538147,-29.687880647830593,nan,0.11098526013377534,0.04341549418645366,3.7443498816592538,-29.677154148307118,0.15396657418332305,0.47477461610789967,-25.30406307635664,-29.677154148307118,nan,106.76978251070196,0.26131293933160804,0.0,0.16793725768476248,408.5897268761357,46.0,46.0,,0.00011309038944305184,,,,,,,0.4854752451132743,,0,0.08671391746845634,1.4431272527538066,inf,-inf,-0.115812505982372,0.05856161547469445,-0.09489363686071298,0.04874930223718558,inf,-inf,2.9055973673601674,0.12565728064893592,0.12565728064893592,0.12565728064893592,784,2.3679580169421497,1.4649242378749001,2.046536006797792,,,-3.272178793812797,0.4646142390734651,0.18710060840557816,16.642394841390583,1.2212158214477684,0.0,0.0,0.5516031235627116,0.5186246380596155,0.16008877137663233,0.08671391746845634,1.2879747788399067,14.853149487894251,1.1718185519823312,5910
534,3.5539037853702133,-29.69497782932293,0.15432585522862594,0.4324849593305294,-25.55426322939356,-29.69497782932293,nan,0.11116646227805028,0.04315939295057567,3.7443498816592538,-29.677154148307118,0.15396657418332305,0.47477461610789967,-25.30406307635664,-29.677154148307118,nan,99.09848785221892,0.2525261062124162,0.0,0.16127174522337814,392.42868524991513,46.0,46.0,,0.00011260610281520339,,,,,,,0.4854752451132743,,0,0.08671391746845634,1.4431272527538066,inf,-inf,-0.11607457340107458,0.05956997694595052,-0.08817480306353954,0.04677152905462252,inf,-inf,2.9016650763513527,0.12564621423182754,0.12564621423182754,0.12564621423182754,784,2.3679580169421497,1.4649242378749001,2.046536006797792,,,-3.272178793812797,0.4646142390734651,0.18710060840557816,16.642394841390583,1.2212158214477684,0.0,0.0,0.5516031235627116,0.5186246380596155,0.16008877137663233,0.08671391746845634,1.2879747788399067,14.853149487894251,1.1718185519823312,5910
535,3.5508862832229933,-29.687900469077253,0.15425105559523813,0.43260366368400666,-25.550159466575014,-29.687900469077253,nan,0.11134436903691214,0.04290668655832595,3.6932761409776265,-29.663580868510124,0.15358976289111131,0.461445721875854,-25.35526924276553,-29.663580868510124,nan,124.11350687837832,0.2593591109242581,0.0,0.16430534944510714,478.5392209129826,46.0,46.0,,0.00011212233274361347,,,,,,,0.47825238888070726,,0,0.08459485868170745,1.4124164684154714,inf,-inf,-0.11581576990483647,0.05865859511966699,-0.09043034110347514,0.04733488613989407,inf,-inf,2.897623177907664,0.12563768828543728,0.12563768828543728,0.12563768828543728,784,2.345198176341677,1.458192412961097,2.03890261427044,,,-3.2866374285423117,0.45800248502523205,0.1837308135809758,16.69624478870237,1.2226188034270276,0.0,0.0,0.5433637791491405,0.5107542344656393,0.15774902624091947,0.08459485868170745,1.2623378900825175,14.922158506489495,1.1738316488507463,5910
536,3.549477300864859,-29.69149567318786,0.15417562762534515,0.43079868049442593,-25.55704406420323,-29.69149567318786,nan,0.11152186540650248,0.042653762218842636,3.6932761409776265,-29.663580868510124,0.15358976289111131,0.461445721875854,-25.35526924276553,-29.663580868510124,nan,93.23375907952529,0.24679336251112646,0.0,0.15918352463476024,377.7806588105542,46.0,46.0,,0.00011163908512286766,,,,,,,0.47825238888070726,,0,0.08459485868170745,1.4124164684154714,inf,-inf,-0.11694882227503547,0.059789372927431556,-0.0935467957063807,0.046480023832662656,inf,-inf,2.8929953168866973,0.12566338690468462,0.12566338690468462,0.12566338690468462,784,2.345198176341677,1.458192412961097,2.03890261427044,,,-3.2866374285423117,0.45800248502523205,0.1837308135809758,16.69624478870237,1.2226188034270276,0.0,0.0,0.5433637791491405,0.5107542344656393,0.15774902624091947,0.08459485868170745,1.2623378900825175,14.922158506489495,1.1738316488507463,5910
537,3.54044220389115,-29.693405969751844,0.15412440896890506,0.42890995258506587,-25.569929404306723,-29.693405969751844,nan,0.11171539850693307,0.04240901046197193,3.6932761409776265,-29.663580868510124,0.15358976289111131,0.461445721875854,-25.35526924276553,-29.663580868510124,nan,87.66022294683147,0.2528381355728581,0.0,0.16161431158242784,346.7049096380131,46.0,46.0,,0.00011115636584118579,,,,,,,0.47825238888070726,,0,0.08459485868170745,1.4124164684154714,inf,-inf,-0.11586356035562123,0.06115356407630884,-0.10162538951278169,0.04732417308284152,inf,-inf,2.88927588890459,0.12564122229627286,0.12564122229627286,0.12564122229627286,784,2.345198176341677,1.458192412961097,2.03890261427044,,,-3.2866374285423117,0.45800248502523205,0.1837308135809758,16.69624478870237,1.2226188034270276,0.0,0.0,0.5433637791491405,0.5107542344656393,0.15774902624091947,0.08459485868170745,1.2623378900825175,14.922158506489495,1.1738316488507463,5910
538,3.547698379347805,-29.698790741664663,0.15406732831693457,0.4272082116541377,-25.56981682234579,-29.698790741664663,nan,0.11189968205668727,0.04216764626024734,3.6932761409776265,-29.663580868510124,0.15358976289111131,0.461445721875854,-25.35526924276553,-29.663580868510124,nan,74.59559710505468,0.24602879016699647,0.0,0.15912309715541934,303.19865026536763,46.0,46.0,,0.00011067418078034991,,,,,,,0.47825238888070726,,0,0.08459485868170745,1.4124164684154714,inf,-inf,-0.11472646527906868,0.056237123946239455,-0.09039300382337868,0.04673955680922605,inf,-inf,2.883791479813365,0.12567940466588431,0.12567940466588431,0.12567940466588431,784,2.345198176341677,1.458192412961097,2.03890261427044,,,-3.2866374285423117,0.45800248502523205,0.1837308135809758,16.69624478870237,1.2226188034270276,0.0,0.0,0.5433637791491405,0.5107542344656393,0.15774902624091947,0.08459485868170745,1.2623378900825175,14.922158506489495,1.1738316488507463,5910
539,3.5298681627424573,-29.694684531893557,0.1540020102301466,0.4248748689564158,-25.585939489964538,-29.694684531893557,nan,0.11207112609975488,0.04193088413039172,3.6932761409776265,-29.663580868510124,0.15358976289111131,0.461445721875854,-25.35526924276553,-29.663580868510124,nan,99.64855774818957,0.24312822854564678,0.0,0.15626476877781145,409.86009047271443,46.0,46.0,,0.00011019253581563285,,,,,,,0.47825238888070726,,0,0.08459485868170745,1.4124164684154714,inf,-inf,-0.11731676867387619,0.06066382828732234,-0.09197935238250096,0.046695792401890444,inf,-inf,2.8790343354231847,0.12572634231164137,0.12572634231164137,0.12572634231164137,784,2.345198176341677,1.458192412961097,2.03890261427044,,,-3.2866374285423117,0.45800248502523205,0.1837308135809758,16.69624478870237,1.2226188034270276,0.0,0.0,0.5433637791491405,0.5107542344656393,0.15774902624091947,0.08459485868170745,1.2623378900825175,14.922158506489495,1.1738316488507463,5910
540,3.523711867858136,-29.697601055110354,0.1539582046479288,0.4228478182972187,-25.597083164307072,-29.697601055110354,nan,0.11226609591028701,0.041692108737641724,3.6406757532229927,-29.67588467592453,0.15328671993795834,0.45401587469998833,-25.42790632806359,-29.67588467592453,nan,99.49520338256264,0.23902194518929284,0.0,0.15617750052852147,416.25970077252805,46.0,46.0,,0.0001097114368157265,,,,,,,0.47117291251498516,,0,0.08260889355035146,1.3820955230263452,inf,-inf,-0.11599689675136671,0.0609049823404154,-0.09519628033680934,0.046916052805974245,inf,-inf,2.875015465111468,0.12570926948431702,0.12570926948431702,0.12570926948431702,784,2.3226262831304316,1.4514429642213549,2.030158974361458,,,-3.3010318219827313,0.45152579435716633,0.18044129285046434,16.730589935621587,1.2235112548457212,0.0,0.0,0.5352881919449123,0.5035571596017677,0.15542567033209867,0.08260889355035146,1.2369717899653265,14.973833164965127,1.1753329900088845,5910
541,3.5199495921986044,-29.70595621791347,0.15388979441006828,0.4222920307381689,-25.609824800566628,-29.70595621791347,nan,0.1124362285821467,0.04145356582792155,3.6406757532229927,-29.67588467592453,0.15328671993795834,0.45401587469998833,-25.42790632806359,-29.67588467592453,nan,102.42413093932272,0.24141563393033197,0.0,0.1524615647334783,424.26469765781786,46.0,46.0,,0.0001092308896426704,,,,,,,0.47117291251498516,,0,0.08260889355035146,1.3820955230263452,inf,-inf,-0.1171708427922053,0.05714086522063663,-0.08959831915712084,0.046957972424090985,inf,-inf,2.8707676402539244,0.1257107749818788,0.1257107749818788,0.1257107749818788,784,2.3226262831304316,1.4514429642213549,2.030158974361458,,,-3.3010318219827313,0.45152579435716633,0.18044129285046434,16.730589935621587,1.2235112548457212,0.0,0.0,0.5352881919449123,0.5035571596017677,0.15542567033209867,0.08260889355035146,1.2369717899653265,14.973833164965127,1.1753329900088845,5910
542,3.508547261629335,-29.700725387619098,0.15383818354397835,0.4199313683780149,-25.618408574067768,-29.700725387619098,nan,0.11262272414880624,0.04121545939517215,3.6406757532229927,-29.67588467592453,0.15328671993795834,0.45401587469998833,-25.42790632806359,-29.67588467592453,nan,104.82371822016245,0.2429901979093079,0.0,0.1508694759509444,431.3907273711764,46.0,46.0,,0.00010875090015178006,,,,,,,0.47117291251498516,,0,0.08260889355035146,1.3820955230263452,inf,-inf,-0.11714521106094752,0.05645325737403649,-0.09847067166363904,0.047592169379885085,inf,-inf,2.8660076629900537,0.12570914196678779,0.12570914196678779,0.12570914196678779,784,2.3226262831304316,1.4514429642213549,2.030158974361458,,,-3.3010318219827313,0.45152579435716633,0.18044129285046434,16.730589935621587,1.2235112548457212,0.0,0.0,0.5352881919449123,0.5035571596017677,0.15542567033209867,0.08260889355035146,1.2369717899653265,14.973833164965127,1.1753329900088845,5910
543,3.4944828410003135,-29.701348372305638,0.1537764738725219,0.41789433100496093,-25.63519472642784,-29.701348372305638,nan,0.11280149713560447,0.040974976736917496,3.6406757532229927,-29.67588467592453,0.15328671993795834,0.45401587469998833,-25.42790632806359,-29.67588467592453,nan,107.00381616364706,0.23949895522002676,0.0,0.1514410759630063,446.781974749506,46.0,46.0,,0.00010827147419157611,,,,,,,0.47117291251498516,,0,0.08260889355035146,1.3820955230263452,inf,-inf,-0.11684482320640877,0.05996245508784941,-0.09705534215137512,0.04724961483298722,inf,-inf,2.86142260732392,0.12572141557097252,0.12572141557097252,0.12572141557097252,784,2.3226262831304316,1.4514429642213549,2.030158974361458,,,-3.3010318219827313,0.45152579435716633,0.18044129285046434,16.730589935621587,1.2235112548457212,0.0,0.0,0.5352881919449123,0.5035571596017677,0.15542567033209867,0.08260889355035146,1.2369717899653265,14.973833164965127,1.1753329900088845,5910
544,3.4899931115679546,-29.705346160643447,0.15374285610578062,0.4185881644873504,-25.643022028482363,-29.705346160643447,nan,0.11299829356274035,0.040744562543040305,3.6406757532229927,-29.67588467592453,0.15328671993795834,0.45401587469998833,-25.42790632806359,-29.67588467592453,nan,101.4866729177382,0.245226192978106,0.0,0.14764597584101127,413.8492372501131,46.0,46.0,,0.00010779261760371248,,,,,,,0.47117291251498516,,0,0.08260889355035146,1.3820955230263452,inf,-inf,-0.11663953378334987,0.06349982595183967,-0.09087841665845645,0.0471177793851637,inf,-inf,2.8567965786845138,0.1257008532635665,0.1257008532635665,0.1257008532635665,784,2.3226262831304316,1.4514429642213549,2.030158974361458,,,-3.3010318219827313,0.45152579435716633,0.18044129285046434,16.730589935621587,1.2235112548457212,0.0,0.0,0.5352881919449123,0.5035571596017677,0.15542567033209867,0.08260889355035146,1.2369717899653265,14.973833164965127,1.1753329900088845,5910
545,3.488208474497583,-29.701207455554,0.1536680846703912,0.41648960275763114,-25.642841293628397,-29.701207455554,nan,0.11315676876163402,0.04051131590875722,3.6172991901954266,-29.675523058818182,0.15300656703660226,0.4464252563362076,-25.458792045249943,-29.675523058818182,nan,97.01013358860341,0.2364929166781601,0.0,0.14595418641126298,410.20312553641145,46.0,46.0,,0.00010731433622290563,,,,,,,0.4642190447849451,,0,0.08065233183483168,1.352580113379725,inf,-inf,-0.11645983394258316,0.05816494655946876,-0.09219303566948074,0.046646850774740393,inf,-inf,2.852234287577717,0.12571577860881838,0.12571577860881838,0.12571577860881838,784,2.3004648449323897,1.4448101204549149,2.024039362450153,,,-3.315414645018452,0.44505679504034334,0.17723142477342876,16.770502260860614,1.2245460695144832,0.0,0.0,0.5273297647210972,0.4967960613072302,0.15314764516872784,0.08065233183483168,1.2120490532938415,15.028072043546153,1.1769032683742824,5910
546,3.478578992093321,-29.70626605317506,0.1536389611594215,0.4150011387601974,-25.65904696116212,-29.70626605317506,nan,0.11335482354792313,0.040284137611498336,3.6172991901954266,-29.675523058818182,0.15300656703660226,0.4464252563362076,-25.458792045249943,-29.675523058818182,nan,87.98968795709582,0.23455994071301142,0.0,0.14294789011237158,375.12666352841933,46.0,46.0,,0.00010683663587686324,,,,,,,0.4642190447849451,,0,0.08065233183483168,1.352580113379725,inf,-inf,-0.11756644995114904,0.06666573375170144,-0.09452657621467958,0.04775571650012384,inf,-inf,2.8470232641513813,0.12573749759411332,0.12573749759411332,0.12573749759411332,784,2.3004648449323897,1.4448101204549149,2.024039362450153,,,-3.315414645018452,0.44505679504034334,0.17723142477342876,16.770502260860614,1.2245460695144832,0.0,0.0,0.5273297647210972,0.4967960613072302,0.15314764516872784,0.08065233183483168,1.2120490532938415,15.028072043546153,1.1769032683742824,5910
547,3.479905215145409,-29.709742228914426,0.15358896144357068,0.41324687687447614,-25.663001175450972,-29.709742228914426,nan,0.11353659334077416,0.04005236810279656,3.6172991901954266,-29.675523058818182,0.15300656703660226,0.4464252563362076,-25.458792045249943,-29.675523058818182,nan,88.9917819527564,0.23745527618739962,0.0,0.1414172928678897,374.7728135656338,46.0,46.0,,0.00010635952238621324,,,,,,,0.4642190447849451,,0,0.08065233183483168,1.352580113379725,inf,-inf,-0.11604069841064288,0.06220567626042145,-0.09870615022969376,0.04692018839150904,inf,-inf,2.842784399871023,0.12572798183025305,0.12572798183025305,0.12572798183025305,784,2.3004648449323897,1.4448101204549149,2.024039362450153,,,-3.315414645018452,0.44505679504034334,0.17723142477342876,16.770502260860614,1.2245460695144832,0.0,0.0,0.5273297647210972,0.4967960613072302,0.15314764516872784,0.08065233183483168,1.2120490532938415,15.028072043546153,1.1769032683742824,5910
548,3.4600142754253342,-29.70479976250686,0.15354501259996783,0.4112788032923347,-25.679961671189226,-29.70479976250686,nan,0.11371484461718291,0.03983016798278497,3.6172991901954266,-29.675523058818182,0.15300656703660226,0.4464252563362076,-25.458792045249943,-29.675523058818182,nan,104.54647016604567,0.2400978528201119,0.0,0.13995774776289546,435.43275767807404,46.0,46.0,,0.00010588300156443295,,,,,,,0.4642190447849451,,0,0.08065233183483168,1.352580113379725,inf,-inf,-0.11724252225838835,0.0635366199057183,-0.09179017341625381,0.05093071951258186,inf,-inf,2.837785184913803,0.12574500657294144,0.12574500657294144,0.12574500657294144,784,2.3004648449323897,1.4448101204549149,2.024039362450153,,,-3.315414645018452,0.44505679504034334,0.17723142477342876,16.770502260860614,1.2245460695144832,0.0,0.0,0.5273297647210972,0.4967960613072302,0.15314764516872784,0.08065233183483168,1.2120490532938415,15.028072043546153,1.1769032683742824,5910
549,3.4359458903807094,-29.7089777064131,0.15350360012134895,0.4100795951237297,-25.709448620787313,-29.7089777064131,nan,0.11389732044495622,0.03960627967639276,3.6172991901954266,-29.675523058818182,0.15300656703660226,0.4464252563362076,-25.458792045249943,-29.675523058818182,nan,103.78261518036385,0.23801444929282925,0.0,0.14046065499620675,436.0349360667598,46.0,46.0,,0.00010540707921777824,,,,,,,0.4642190447849451,,0,0.08065233183483168,1.352580113379725,inf,-inf,-0.11610961863629948,0.057798294975938524,-0.09658522192505214,0.04777431314566918,inf,-inf,2.833850425042556,0.12571537401876468,0.12571537401876468,0.12571537401876468,784,2.3004648449323897,1.4448101204549149,2.024039362450153,,,-3.315414645018452,0.44505679504034334,0.17723142477342876,16.770502260860614,1.2245460695144832,0.0,0.0,0.5273297647210972,0.4967960613072302,0.15314764516872784,0.08065233183483168,1.2120490532938415,15.028072043546153,1.1769032683742824,5910
550,3.4813414228312465,-29.709531854327253,0.15345444873088873,0.4092798046262246,-25.665456178138896,-29.709531854327253,nan,0.11407717513648176,0.03937727359440701,3.5616613052660187,-29.646622822648368,0.1527625383414999,0.43756073309229493,-25.494638245948558,-29.646622822648368,nan,110.72168732422188,0.23203607427140197,0.0,0.1361892632182709,477.17445518715243,46.0,46.0,,0.00010493176114521271,,,,,,,0.4575221174588803,,0,0.07874509582316319,1.3239001938939976,inf,-inf,-0.11600143908444631,0.0658420245191152,-0.09285118017134938,0.04807454690274958,inf,-inf,2.8291970101237447,0.12570910475954428,0.12570910475954428,0.12570910475954428,784,2.2789883801837454,1.4383394106452578,2.017138038695072,,,-3.329491535854881,0.4392444943530366,0.17414704919074192,16.81247803503932,1.2256317299551107,0.0,0.0,0.5196623054093861,0.4900460211836589,0.15094918170554109,0.07874509582316319,1.1887119547456517,15.095695069253916,1.1788531145629488,5910
551,3.4533474998327764,-29.71479407118647,0.15341175831954787,0.4091282249993408,-25.698906588034806,-29.71479407118647,nan,0.11425613925036135,0.03915561906918654,3.5616613052660187,-29.646622822648368,0.1527625383414999,0.43756073309229493,-25.494638245948558,-29.646622822648368,nan,108.38371488057875,0.23449933982681054,0.0,0.14079982714057349,462.191982973707,46.0,46.0,,0.000104457053138337,,,,,,,0.4575221174588803,,0,0.07874509582316319,1.3239001938939976,inf,-inf,-0.11590211326490533,0.06389509636647318,-0.0935710856652808,0.04742350053904215,inf,-inf,2.8240401984683756,0.12574878848240878,0.12574878848240878,0.12574878848240878,784,2.2789883801837454,1.4383394106452578,2.017138038695072,,,-3.329491535854881,0.4392444943530366,0.17414704919074192,16.81247803503932,1.2256317299551107,0.0,0.0,0.5196623054093861,0.4900460211836589,0.15094918170554109,0.07874509582316319,1.1887119547456517,15.095695069253916,1.1788531145629488,5910
552,3.4199716948824745,-29.70906648943364,0.15337938012024557,0.4063715337406392,-25.72934388069028,-29.70906648943364,nan,0.11444025301254405,0.0389391271077016,3.5616613052660187,-29.646622822648368,0.1527625383414999,0.43756073309229493,-25.494638245948558,-29.646622822648368,nan,100.07445765434649,0.23704766218572418,0.0,0.13451070330931478,422.1701945153092,46.0,46.0,,0.00010398296098131848,,,,,,,0.4575221174588803,,0,0.07874509582316319,1.3239001938939976,inf,-inf,-0.11520885317598284,0.05890257997154438,-0.09301972963849134,0.04760318125235793,inf,-inf,2.818683582697619,0.12577997588058104,0.12577997588058104,0.12577997588058104,784,2.2789883801837454,1.4383394106452578,2.017138038695072,,,-3.329491535854881,0.4392444943530366,0.17414704919074192,16.81247803503932,1.2256317299551107,0.0,0.0,0.5196623054093861,0.4900460211836589,0.15094918170554109,0.07874509582316319,1.1887119547456517,15.095695069253916,1.1788531145629488,5910
553,3.426948816762225,-29.716286308988682,0.15334064418609566,0.40603590119812005,-25.729960946842244,-29.716286308988682,nan,0.11461699264863881,0.03872365153745688,3.5616613052660187,-29.646622822648368,0.1527625383414999,0.43756073309229493,-25.494638245948558,-29.646622822648368,nan,88.56110884316348,0.23304359244999834,0.0,0.13763372583253314,380.0194972627925,46.0,46.0,,0.00010350949045082032,,,,,,,0.4575221174588803,,0,0.07874509582316319,1.3239001938939976,inf,-inf,-0.11708102522667693,0.06155980349719262,-0.09548249489063705,0.04721685363606339,inf,-inf,2.815162974302916,0.12575295773766818,0.12575295773766818,0.12575295773766818,784,2.2789883801837454,1.4383394106452578,2.017138038695072,,,-3.329491535854881,0.4392444943530366,0.17414704919074192,16.81247803503932,1.2256317299551107,0.0,0.0,0.5196623054093861,0.4900460211836589,0.15094918170554109,0.07874509582316319,1.1887119547456517,15.095695069253916,1.1788531145629488,5910
554,3.439523023083971,-29.717231900484975,0.15331274218792343,0.40494056678248214,-25.719455568430597,-29.717231900484975,nan,0.11480997518600894,0.03850276700191451,3.5616613052660187,-29.646622822648368,0.1527625383414999,0.43756073309229493,-25.494638245948558,-29.646622822648368,nan,96.19441072386418,0.2353455225721355,0.0,0.1342820000659923,408.73694843452876,46.0,46.0,,0.00010303664731593167,,,,,,,0.4575221174588803,,0,0.07874509582316319,1.3239001938939976,inf,-inf,-0.11560912897645666,0.0648233171839155,-0.09490865727975775,0.047201849153274834,inf,-inf,2.809995733267909,0.12574281377844734,0.12574281377844734,0.12574281377844734,784,2.2789883801837454,1.4383394106452578,2.017138038695072,,,-3.329491535854881,0.4392444943530366,0.17414704919074192,16.81247803503932,1.2256317299551107,0.0,0.0,0.5196623054093861,0.4900460211836589,0.15094918170554109,0.07874509582316319,1.1887119547456517,15.095695069253916,1.1788531145629488,5910
555,3.4229854898733625,-29.718928995193764,0.1532805232602273,0.40355987157261475,-25.73910311048756,-29.718928995193764,nan,0.11499191553151238,0.03828860772871495,3.545352465924017,-29.677301788370485,0.15256904763382165,0.43123633349945634,-25.54814394131319,-29.677301788370485,nan,109.72906856297934,0.23142078577834288,0.0,0.1333638808500729,474.15390192339476,46.0,46.0,,0.00010256443733809681,,,,,,,0.4508461727624228,,0,0.07691215467662749,1.2957310719361734,inf,-inf,-0.11581222166607244,0.06141445039010981,-0.08889937694167563,0.046972309795803434,inf,-inf,2.805749286113674,0.12569408724427297,0.12569408724427297,0.12569408724427297,784,2.257478325929489,1.431815785574563,2.007549602242931,,,-3.3437559645797346,0.433228187866581,0.171102576574076,16.846896012522294,1.2265198951888219,0.0,0.0,0.512014546616295,0.48300846522164576,0.1487656808800486,0.07691215467662749,1.1655169253763593,15.15387171607277,1.180523606442674,5910
556,3.427410745339432,-29.717895345427603,0.1532489732315236,0.4026014212598448,-25.7346342055968,-29.717895345427603,nan,0.11517572648127347,0.0380732467502501,3.545352465924017,-29.677301788370485,0.15256904763382165,0.43123633349945634,-25.54814394131319,-29.677301788370485,nan,116.00356236865454,0.23178077809464864,0.0,0.13412715578172402,500.4882774242996,46.0,46.0,,0.00010209286627104535,,,,,,,0.4508461727624228,,0,0.07691215467662749,1.2957310719361734,inf,-inf,-0.11524083013265643,0.06059959547836807,-0.08938267866050392,0.04788740830880118,inf,-inf,2.800748771389382,0.12570141695141693,0.12570141695141693,0.12570141695141693,784,2.257478325929489,1.431815785574563,2.007549602242931,,,-3.3437559645797346,0.433228187866581,0.171102576574076,16.846896012522294,1.2265198951888219,0.0,0.0,0.512014546616295,0.48300846522164576,0.1487656808800486,0.07691215467662749,1.1655169253763593,15.15387171607277,1.180523606442674,5910
557,3.426716782750641,-29.720569773537278,0.15321447868493246,0.4021097937620151,-25.738528718339687,-29.720569773537278,nan,0.11535242118801584,0.03786205749691663,3.545352465924017,-29.677301788370485,0.15256904763382165,0.43123633349945634,-25.54814394131319,-29.677301788370485,nan,91.823110693786,0.2284573362966698,0.0,0.12893041453404652,401.9267325018028,46.0,46.0,,0.00010162193986072193,,,,,,,0.4508461727624228,,0,0.07691215467662749,1.2957310719361734,inf,-inf,-0.11533657712949863,0.06283937978338258,-0.08702614282666218,0.04734592508472363,inf,-inf,2.7964659832106746,0.12568444646902868,0.12568444646902868,0.12568444646902868,784,2.257478325929489,1.431815785574563,2.007549602242931,,,-3.3437559645797346,0.433228187866581,0.171102576574076,16.846896012522294,1.2265198951888219,0.0,0.0,0.512014546616295,0.48300846522164576,0.1487656808800486,0.07691215467662749,1.1655169253763593,15.15387171607277,1.180523606442674,5910
558,3.39882881930327,-29.72202613359384,0.15318598447393417,0.399341655404088,-25.77066967441255,-29.72202613359384,nan,0.11553667990630247,0.03764930456763169,3.545352465924017,-29.677301788370485,0.15256904763382165,0.43123633349945634,-25.54814394131319,-29.677301788370485,nan,97.20908146578282,0.22391480205448086,0.0,0.1257214476406207,434.1342357622736,46.0,46.0,,0.00010115166384521615,,,,,,,0.4508461727624228,,0,0.07691215467662749,1.2957310719361734,inf,-inf,-0.1153856470703308,0.061482453374675394,-0.09316120693251179,0.04781197019391337,inf,-inf,2.791883205066676,0.1256820659110554,0.1256820659110554,0.1256820659110554,784,2.257478325929489,1.431815785574563,2.007549602242931,,,-3.3437559645797346,0.433228187866581,0.171102576574076,16.846896012522294,1.2265198951888219,0.0,0.0,0.512014546616295,0.48300846522164576,0.1487656808800486,0.07691215467662749,1.1655169253763593,15.15387171607277,1.180523606442674,5910
559,3.4122219278906036,-29.726394372196992,0.1531610783269049,0.3990574603887064,-25.761953905590776,-29.726394372196992,nan,0.11571377221157339,0.0374473061153315,3.545352465924017,-29.677301788370485,0.15256904763382165,0.43123633349945634,-25.54814394131319,-29.677301788370485,nan,87.74499777121149,0.23409672122195604,0.0,0.1270848560293715,374.8236938697535,46.0,46.0,,0.00010068204395469298,,,,,,,0.4508461727624228,,0,0.07691215467662749,1.2957310719361734,inf,-inf,-0.11493670355726432,0.06280968418370979,-0.09076164081120572,0.0459254612238397,inf,-inf,2.7864696922638457,0.12569046122239255,0.12569046122239255,0.12569046122239255,784,2.257478325929489,1.431815785574563,2.007549602242931,,,-3.3437559645797346,0.433228187866581,0.171102576574076,16.846896012522294,1.2265198951888219,0.0,0.0,0.512014546616295,0.48300846522164576,0.1487656808800486,0.07691215467662749,1.1655169253763593,15.15387171607277,1.180523606442674,5910
560,3.4060669233405303,-29.724892460332672,0.15313182333451805,0.39851002765310856,-25.767183686004515,-29.724892460332672,nan,0.11589065102677937,0.03724117230773872,3.495448251941987,-29.630847295532714,0.1524199213080082,0.4183269875062985,-25.56465213477642,-29.630847295532714,nan,98.99722222431909,0.2328083977711789,0.0,0.12320511021592223,425.23046063665106,46.0,46.0,,0.00010021308591132245,,,,,,,0.44435637656160254,,0,0.07517605810780245,1.2687213936118529,inf,-inf,-0.1131095796009544,0.07004101278873288,-0.09147390410841451,0.04718194630037776,inf,-inf,2.7829902647375446,0.12561253126331537,0.12561253126331537,0.12561253126331537,784,2.236673539230145,1.4254900313307546,1.9989968609886497,,,-3.357852126745511,0.4273875714952976,0.16816949894339073,16.87666825776508,1.2272867136115926,0.0,0.0,0.504557914223229,0.47627806431116315,0.14663451457943869,0.07517605810780245,1.1430538019857235,15.205024455347,1.181987122988123,5910
561,3.3837157474038047,-29.720201719233984,0.15310635017019703,0.39561317450894945,-25.787766447151032,-29.720201719233984,nan,0.116069191551911,0.037037158618286034,3.495448251941987,-29.630847295532714,0.1524199213080082,0.4183269875062985,-25.56465213477642,-29.630847295532714,nan,100.26923475157542,0.2226192803186257,0.0,0.12157406099483697,450.4067869057174,46.0,46.0,,9.974479542921048e-05,,,,,,,0.44435637656160254,,0,0.07517605810780245,1.2687213936118529,inf,-inf,-0.11430418608539045,0.0609268587732558,-0.0916389774046692,0.046277332177985214,inf,-inf,2.77880665369539,0.1255949790898702,0.1255949790898702,0.1255949790898702,784,2.236673539230145,1.4254900313307546,1.9989968609886497,,,-3.357852126745511,0.4273875714952976,0.16816949894339073,16.87666825776508,1.2272867136115926,0.0,0.0,0.504557914223229,0.47627806431116315,0.14663451457943869,0.07517605810780245,1.1430538019857235,15.205024455347,1.181987122988123,5910
562,3.395676938140949,-29.71786659421417,0.15309877261955931,0.39488308923463444,-25.774207794219027,-29.71786659421417,nan,0.11626286292303703,0.0368359096965223,3.495448251941987,-29.630847295532714,0.1524199213080082,0.4183269875062985,-25.56465213477642,-29.630847295532714,nan,127.42661903677924,0.23477845743905126,0.0,0.12574617409441763,542.7526035682355,46.0,46.0,,9.927717821432863e-05,,,,,,,0.44435637656160254,,0,0.07517605810780245,1.2687213936118529,inf,-inf,-0.11217796650339285,0.06775669286584732,-0.0912925445979991,0.04750455180344949,inf,-inf,2.773867089572979,0.12559394127899354,0.12559394127899354,0.12559394127899354,784,2.236673539230145,1.4254900313307546,1.9989968609886497,,,-3.357852126745511,0.4273875714952976,0.16816949894339073,16.87666825776508,1.2272867136115926,0.0,0.0,0.504557914223229,0.47627806431116315,0.14663451457943869,0.07517605810780245,1.1430538019857235,15.205024455347,1.181987122988123,5910
563,3.388491243424815,-29.724026017246928,0.1530759892826288,0.39222100116985753,-25.790237783369623,-29.724026017246928,nan,0.11644222906096142,0.036633760221667366,3.495448251941987,-29.630847295532714,0.1524199213080082,0.4183269875062985,-25.56465213477642,-29.630847295532714,nan,94.05616412855348,0.22900317277778923,0.0,0.11907992091877442,410.7199170546858,46.0,46.0,,9.881023996444527e-05,,,,,,,0.44435637656160254,,0,0.07517605810780245,1.2687213936118529,inf,-inf,-0.11347486162848341,0.059477064077179065,-0.08865045138164587,0.047116246507745575,inf,-inf,2.769336803814302,0.12556526803816045,0.12556526803816045,0.12556526803816045,784,2.236673539230145,1.4254900313307546,1.9989968609886497,,,-3.357852126745511,0.4273875714952976,0.16816949894339073,16.87666825776508,1.2272867136115926,0.0,0.0,0.504557914223229,0.47627806431116315,0.14663451457943869,0.07517605810780245,1.1430538019857235,15.205024455347,1.181987122988123,5910
564,3.3677701296951743,-29.72517369037204,0.15306282375124264,0.39246443800231445,-25.81187629892331,-29.72517369037204,nan,0.11661841410094517,0.03644440965029747,3.495448251941987,-29.630847295532714,0.1524199213080082,0.4183269875062985,-25.56465213477642,-29.630847295532714,nan,98.92187016990785,0.2261069611182098,0.0,0.11904985162402344,437.5003302892166,46.0,46.0,,9.83439863690555e-05,,,,,,,0.44435637656160254,,0,0.07517605810780245,1.2687213936118529,inf,-inf,-0.11388166987350584,0.0650052224468641,-0.09385004979687848,0.04684954923390322,inf,-inf,2.7646776467290217,0.1255617600686545,0.1255617600686545,0.1255617600686545,784,2.236673539230145,1.4254900313307546,1.9989968609886497,,,-3.357852126745511,0.4273875714952976,0.16816949894339073,16.87666825776508,1.2272867136115926,0.0,0.0,0.504557914223229,0.47627806431116315,0.14663451457943869,0.07517605810780245,1.1430538019857235,15.205024455347,1.181987122988123,5910
565,3.3756766284056083,-29.730024330333862,0.15303904549596903,0.3913733556864297,-25.809935300745856,-29.730024330333862,nan,0.11679064009267003,0.03624840540329903,3.4856678875335603,-29.678140439460932,0.1523066722652845,0.41720428955339306,-25.622961590108698,-29.678140439460932,nan,90.81601474910643,0.22569299839090692,0.0,0.11745300963035706,402.3873819594989,46.0,46.0,,9.787842310931226e-05,,,,,,,0.4380923641796084,,0,0.07348695131184418,1.243204324391599,inf,-inf,-0.11561536520917369,0.06343746463054246,-0.08980292204328673,0.04765157418614263,inf,-inf,2.7599447851962884,0.12555079055970667,0.12555079055970667,0.12555079055970667,784,2.216447967494094,1.4192919848639376,1.9904458812475112,,,-3.3716820866012083,0.421885379841494,0.1653590281356043,16.917347939990357,1.2283322815574633,0.0,0.0,0.49736444847508415,0.4696548662848289,0.14458002639800419,0.07348695131184418,1.1221600032767909,15.270194003760881,1.1838445546875673,5910
566,3.3762520108614287,-29.72647316061122,0.1530154718674293,0.3906626804451704,-25.80654299743719,-29.72647316061122,nan,0.11696775056922686,0.036047721298202426,3.4856678875335603,-29.678140439460932,0.1523066722652845,0.41720428955339306,-25.622961590108698,-29.678140439460932,nan,105.30098666969624,0.22854719923953273,0.0,0.11712309690977034,460.7406567224382,46.0,46.0,,9.741355585795699e-05,,,,,,,0.4380923641796084,,0,0.07348695131184418,1.243204324391599,inf,-inf,-0.11517533901409277,0.0615541835249747,-0.09175265133119719,0.047327233300285584,inf,-inf,2.755549481424262,0.1255140238489646,0.1255140238489646,0.1255140238489646,784,2.216447967494094,1.4192919848639376,1.9904458812475112,,,-3.3716820866012083,0.421885379841494,0.1653590281356043,16.917347939990357,1.2283322815574633,0.0,0.0,0.49736444847508415,0.4696548662848289,0.14458002639800419,0.07348695131184418,1.1221600032767909,15.270194003760881,1.1838445546875673,5910
567,3.3494599817178106,-29.73127664018462,0.15300351919456598,0.3873479994601071,-25.841465139812136,-29.73127664018462,nan,0.11714691276338597,0.03585660643118005,3.4856678875335603,-29.678140439460932,0.1523066722652845,0.41720428955339306,-25.622961590108698,-29.678140439460932,nan,86.9620873521137,0.22286852351316278,0.0,0.11346313119856621,390.1945684446447,46.0,46.0,,9.694939027925039e-05,,,,,,,0.4380923641796084,,0,0.07348695131184418,1.243204324391599,inf,-inf,-0.11475475111191587,0.06112774402297051,-0.09156351161752355,0.04738940774543824,inf,-inf,2.7507472777535025,0.12549360821847766,0.12549360821847766,0.12549360821847766,784,2.216447967494094,1.4192919848639376,1.9904458812475112,,,-3.3716820866012083,0.421885379841494,0.1653590281356043,16.917347939990357,1.2283322815574633,0.0,0.0,0.49736444847508415,0.4696548662848289,0.14458002639800419,0.07348695131184418,1.1221600032767909,15.270194003760881,1.1838445546875673,5910
568,3.340703197428809,-29.726928969386982,0.1529830483190897,0.3878524836524382,-25.845390239986646,-29.726928969386982,nan,0.11731292743779957,0.03567012088129009,3.4856678875335603,-29.678140439460932,0.1523066722652845,0.41720428955339306,-25.622961590108698,-29.678140439460932,nan,100.54080647412253,0.23469975241429636,0.0,0.11661597811433991,428.3805391351502,46.0,46.0,,9.648593202890364e-05,,,,,,,0.4380923641796084,,0,0.07348695131184418,1.243204324391599,inf,-inf,-0.1134481263451025,0.05978734110022284,-0.08803652736880446,0.047574397281531566,inf,-inf,2.7462779529782964,0.12545622181146282,0.12545622181146282,0.12545622181146282,784,2.216447967494094,1.4192919848639376,1.9904458812475112,,,-3.3716820866012083,0.421885379841494,0.1653590281356043,16.917347939990357,1.2283322815574633,0.0,0.0,0.49736444847508415,0.4696548662848289,0.14458002639800419,0.07348695131184418,1.1221600032767909,15.270194003760881,1.1838445546875673,5910
569,3.354309219551422,-29.729345800125785,0.15297847221572605,0.38593231603278255,-25.836125792325856,-29.729345800125785,nan,0.11749445916561378,0.035484013050112236,3.4856678875335603,-29.678140439460932,0.1523066722652845,0.41720428955339306,-25.622961590108698,-29.678140439460932,nan,101.13897187821703,0.2333029371789316,0.0,0.11469601595241201,433.50920953321963,46.0,46.0,,9.602318675400913e-05,,,,,,,0.4380923641796084,,0,0.07348695131184418,1.243204324391599,inf,-inf,-0.11438178329616525,0.06480150168959957,-0.08946243442494019,0.047826411199057395,inf,-inf,2.7412818189484787,0.12544709571630494,0.12544709571630494,0.12544709571630494,784,2.216447967494094,1.4192919848639376,1.9904458812475112,,,-3.3716820866012083,0.421885379841494,0.1653590281356043,16.917347939990357,1.2283322815574633,0.0,0.0,0.49736444847508415,0.4696548662848289,0.14458002639800419,0.07348695131184418,1.1221600032767909,15.270194003760881,1.1838445546875673,5910
570,3.3454136081072883,-29.7341637797411,0.15297647792315153,0.3866334428190995,-25.84914025089156,-29.7341637797411,nan,0.11767314495736499,0.035303332965786575,3.4679836144116756,-29.697776091902938,0.15223635191278445,0.4145451386212845,-25.663010986957193,-29.697776091902938,nan,99.54706371427206,0.2245234221254515,0.0,0.11433194236651356,443.37050794928,46.0,46.0,,9.556116009297212e-05,,,,,,,0.43197456803923007,,0,0.07183887320316712,1.2182725691154603,inf,-inf,-0.11309768410585419,0.06276511115496951,-0.09066584135411494,0.04763792354379941,inf,-inf,2.7362328549153063,0.12544932903001474,0.12544932903001474,0.12544932903001474,784,2.1967813518620316,1.4132309341330875,1.9826683115045578,,,-3.3854329221372206,0.41638789862967923,0.16264180927605187,16.958403087282154,1.229384953873875,0.0,0.0,0.49032058597678735,0.4633894072546074,0.14256870586966722,0.07183887320316712,1.1031138156240137,15.355388613965362,1.1862608120369893,5910
571,3.3469681738214008,-29.73124671810825,0.15296839614599103,0.38518367228142325,-25.846126475859432,-29.73124671810825,nan,0.11785202182674805,0.03511637431924294,3.4679836144116756,-29.697776091902938,0.15223635191278445,0.4145451386212845,-25.663010986957193,-29.697776091902938,nan,92.32339759366818,0.22805689096040824,0.0,0.112684994920792,404.82616949161144,46.0,46.0,,9.509985767544159e-05,,,,,,,0.43197456803923007,,0,0.07183887320316712,1.2182725691154603,inf,-inf,-0.11443520595933813,0.06579584940799948,-0.08684559142686142,0.04847073327672572,inf,-inf,2.7320738539875573,0.12541554750956924,0.12541554750956924,0.12541554750956924,784,2.1967813518620316,1.4132309341330875,1.9826683115045578,,,-3.3854329221372206,0.41638789862967923,0.16264180927605187,16.958403087282154,1.229384953873875,0.0,0.0,0.49032058597678735,0.4633894072546074,0.14256870586966722,0.07183887320316712,1.1031138156240137,15.355388613965362,1.1862608120369893,5910
572,3.32057358411546,-29.730707875645134,0.15297621921611154,0.3827971752717265,-25.874360897041836,-29.730707875645134,nan,0.11804606557183953,0.03493015364427206,3.4679836144116756,-29.697776091902938,0.15223635191278445,0.4145451386212845,-25.663010986957193,-29.697776091902938,nan,110.72662157544991,0.23941570010130886,0.0,0.109528306442567,462.48688590011386,46.0,46.0,,9.4639285122242e-05,,,,,,,0.43197456803923007,,0,0.07183887320316712,1.2182725691154603,inf,-inf,-0.11409619336084473,0.06408418276673399,-0.08895668806096096,0.04725230011557577,inf,-inf,2.727614569804901,0.12537479703972013,0.12537479703972013,0.12537479703972013,784,2.1967813518620316,1.4132309341330875,1.9826683115045578,,,-3.3854329221372206,0.41638789862967923,0.16264180927605187,16.958403087282154,1.229384953873875,0.0,0.0,0.49032058597678735,0.4633894072546074,0.14256870586966722,0.07183887320316712,1.1031138156240137,15.355388613965362,1.1862608120369893,5910
573,3.3347735346200063,-29.734960958871028,0.15294796899215307,0.38282830587789046,-25.86441114938098,-29.734960958871028,nan,0.11820079245969149,0.034747176532461566,3.4679836144116756,-29.697776091902938,0.15223635191278445,0.4145451386212845,-25.663010986957193,-29.697776091902938,nan,95.37290779268322,0.2279404857008006,0.0,0.10852548563525055,418.41144410770306,46.0,46.0,,9.417944804530446e-05,,,,,,,0.43197456803923007,,0,0.07183887320316712,1.2182725691154603,inf,-inf,-0.11336156367620945,0.06326083612789822,-0.08886297783778209,0.04984710873782966,inf,-inf,2.7230391350934515,0.12535800552099172,0.12535800552099172,0.12535800552099172,784,2.1967813518620316,1.4132309341330875,1.9826683115045578,,,-3.3854329221372206,0.41638789862967923,0.16264180927605187,16.958403087282154,1.229384953873875,0.0,0.0,0.49032058597678735,0.4633894072546074,0.14256870586966722,0.07183887320316712,1.1031138156240137,15.355388613965362,1.1862608120369893,5910
574,3.3099574132085823,-29.734567101339568,0.15294783876698997,0.3814077311510088,-25.890254118212987,-29.734567101339568,nan,0.11837568148852597,0.03457215727846402,3.4679836144116756,-29.697776091902938,0.15223635191278445,0.4145451386212845,-25.663010986957193,-29.697776091902938,nan,91.76475931419681,0.22917820162629993,0.0,0.1032293037600951,400.4078863653414,46.0,46.0,,9.372035204759876e-05,,,,,,,0.43197456803923007,,0,0.07183887320316712,1.2182725691154603,inf,-inf,-0.11358157928105474,0.06871095789469286,-0.08911527919780163,0.049162907934899844,inf,-inf,2.7189743234023895,0.12531269649062865,0.12531269649062865,0.12531269649062865,784,2.1967813518620316,1.4132309341330875,1.9826683115045578,,,-3.3854329221372206,0.41638789862967923,0.16264180927605187,16.958403087282154,1.229384953873875,0.0,0.0,0.49032058597678735,0.4633894072546074,0.14256870586966722,0.07183887320316712,1.1031138156240137,15.355388613965362,1.1862608120369893,5910
575,3.3364273078401094,-29.735608867344112,0.15295226268163778,0.3799386508955715,-25.866290645926792,-29.735608867344112,nan,0.1185624596233282,0.03438980305830958,3.427910188420873,-29.69554885612345,0.15219665387590903,0.40408094599508926,-25.71136106783158,-29.69554885612345,nan,84.72216094077802,0.21503313796110646,0.0,0.11195129195800657,393.99583591670375,46.0,46.0,,9.326200272306461e-05,,,,,,,0.4260369980151696,,0,0.07026344446812242,1.1952123285796041,inf,-inf,-0.11383273270794,0.06743471254522217,-0.08923224147535651,0.04604064844228414,inf,-inf,2.7140079525645024,0.12531151417554195,0.12531151417554195,0.12531151417554195,784,2.1778845519827286,1.4073793579277045,1.9748837626816063,,,-3.3989948670470715,0.41097470754047294,0.16004078147370662,17.01044316325619,1.2307156281833893,0.0,0.0,0.48347055311916665,0.45725127301749524,0.14063510392036857,0.07026344446812242,1.0855635210970653,15.449904702431303,1.188925804968888,5910
576,3.308291816372698,-29.736702696457815,0.15295266555118672,0.3794488046881328,-25.8960094098458,-29.736702696457815,nan,0.11873095502735068,0.03422171052383604,3.427910188420873,-29.69554885612345,0.15219665387590903,0.40408094599508926,-25.71136106783158,-29.69554885612345,nan,85.29687035688207,0.22719189475604215,0.0,0.1094417048509718,375.4397596290728,46.0,46.0,,9.280440565654402e-05,,,,,,,0.4260369980151696,,0,0.07026344446812242,1.1952123285796041,inf,-inf,-0.11426517023955336,0.06813574417292231,-0.09318869077254857,0.04648906204490264,inf,-inf,2.7099466827076437,0.12527284538016326,0.12527284538016326,0.12527284538016326,784,2.1778845519827286,1.4073793579277045,1.9748837626816063,,,-3.3989948670470715,0.41097470754047294,0.16004078147370662,17.01044316325619,1.2307156281833893,0.0,0.0,0.48347055311916665,0.45725127301749524,0.14063510392036857,0.07026344446812242,1.0855635210970653,15.449904702431303,1.188925804968888,5910
577,3.295746070969563,-29.7296826674947,0.15296765947508603,0.3792040668084216,-25.901764870241628,-29.7296826674947,nan,0.1189176575719422,0.03405000190314385,3.427910188420873,-29.69554885612345,0.15219665387590903,0.40408094599508926,-25.71136106783158,-29.69554885612345,nan,119.58012679479069,0.2406391275022717,0.0,0.10343897653029961,496.92719565591767,46.0,46.0,,9.234756642371269e-05,,,,,,,0.4260369980151696,,0,0.07026344446812242,1.1952123285796041,inf,-inf,-0.11373393299723353,0.06794687560454109,-0.08941856912830828,0.04980914299963081,inf,-inf,2.7060247290959754,0.12524178409170747,0.12524178409170747,0.12524178409170747,784,2.1778845519827286,1.4073793579277045,1.9748837626816063,,,-3.3989948670470715,0.41097470754047294,0.16004078147370662,17.01044316325619,1.2307156281833893,0.0,0.0,0.48347055311916665,0.45725127301749524,0.14063510392036857,0.07026344446812242,1.0855635210970653,15.449904702431303,1.188925804968888,5910
578,3.2852808304031917,-29.737460097639897,0.15296700366539404,0.37801939999440437,-25.921192863576906,-29.737460097639897,nan,0.11909593030078032,0.03387107336461374,3.427910188420873,-29.69554885612345,0.15219665387590903,0.40408094599508926,-25.71136106783158,-29.69554885612345,nan,95.38533778054055,0.2174307287572972,0.0,0.10257175389338104,438.69299581391084,46.0,46.0,,9.189149059101267e-05,,,,,,,0.4260369980151696,,0,0.07026344446812242,1.1952123285796041,inf,-inf,-0.11457415527549632,0.06140191949411976,-0.0904333788767805,0.04818659679078769,inf,-inf,2.7017621451467275,0.12522516483284887,0.12522516483284887,0.12522516483284887,784,2.1778845519827286,1.4073793579277045,1.9748837626816063,,,-3.3989948670470715,0.41097470754047294,0.16004078147370662,17.01044316325619,1.2307156281833893,0.0,0.0,0.48347055311916665,0.45725127301749524,0.14063510392036857,0.07026344446812242,1.0855635210970653,15.449904702431303,1.188925804968888,5910
579,3.2776541180478254,-29.73899782477167,0.15296621395639456,0.37617294205103985,-25.932204550716413,-29.73899782477167,nan,0.11926062365983679,0.03370559029655779,3.427910188420873,-29.69554885612345,0.15219665387590903,0.40408094599508926,-25.71136106783158,-29.69554885612345,nan,97.30822168956182,0.22487900547383996,0.0,0.10417944397257908,432.7136785602764,46.0,46.0,,9.143618371558396e-05,,,,,,,0.4260369980151696,,0,0.07026344446812242,1.1952123285796041,inf,-inf,-0.11414277401767353,0.06667289061677222,-0.0880017995027501,0.04811876656870203,inf,-inf,2.698248927907893,0.12516906708755457,0.12516906708755457,0.12516906708755457,784,2.1778845519827286,1.4073793579277045,1.9748837626816063,,,-3.3989948670470715,0.41097470754047294,0.16004078147370662,17.01044316325619,1.2307156281833893,0.0,0.0,0.48347055311916665,0.45725127301749524,0.14063510392036857,0.07026344446812242,1.0855635210970653,15.449904702431303,1.188925804968888,5910
580,3.279087572035237,-29.740635681773828,0.15296059180843402,0.37424332613334915,-25.934344191796807,-29.740635681773828,nan,0.11942601875101744,0.03353457305741654,3.426981947663129,-29.711974797682096,0.15219682025247575,0.4005840873408578,-25.732211942425632,-29.711974797682096,nan,87.4475512043074,0.2126225139060985,0.0,0.10095153436117629,411.28076983854726,46.0,46.0,,9.098165134519711e-05,,,,,,,0.4202561874911251,,0,0.06871258634160786,1.1772016491800945,inf,-inf,-0.11346201940554364,0.06028909460380367,-0.08812593244313903,0.050098684430972894,inf,-inf,2.6929438872475924,0.12518419114987825,0.12518419114987825,0.12518419114987825,784,2.1593359003523074,1.401606130008445,1.968006560395285,,,-3.4123958930198746,0.40585022431771633,0.15753526559340006,17.1322564301041,1.2338145661533055,0.0,0.0,0.4767875212218353,0.45083146799964596,0.13873723443149527,0.06871258634160786,1.0692758220031962,15.561571451949735,1.192053451165891,5910
581,3.285943521365229,-29.740934108293562,0.1529714973381029,0.37299739558501305,-25.929021694005215,-29.740934108293562,nan,0.1196022099332321,0.03336928740487078,3.426981947663129,-29.711974797682096,0.15219682025247575,0.4005840873408578,-25.732211942425632,-29.711974797682096,nan,92.49315147428892,0.2252294578255568,0.0,0.1029787921709689,410.66187508174926,46.0,46.0,,9.052789901818571e-05,,,,,,,0.4202561874911251,,0,0.06871258634160786,1.1772016491800945,inf,-inf,-0.11298280229023558,0.05945585542797108,-0.08585166883606957,0.04726525240391025,inf,-inf,2.6888204105977067,0.1251450742945962,0.1251450742945962,0.1251450742945962,784,2.1593359003523074,1.401606130008445,1.968006560395285,,,-3.4123958930198746,0.40585022431771633,0.15753526559340006,17.1322564301041,1.2338145661533055,0.0,0.0,0.4767875212218353,0.45083146799964596,0.13873723443149527,0.06871258634160786,1.0692758220031962,15.561571451949735,1.192053451165891,5910
582,3.2707269450283336,-29.745059008800585,0.15298585476480484,0.37255835232255047,-25.9487878566849,-29.745059008800585,nan,0.119779365650993,0.03320648911381181,3.426981947663129,-29.711974797682096,0.15219682025247575,0.4005840873408578,-25.732211942425632,-29.711974797682096,nan,79.00377961078527,0.2234928277412302,0.0,0.10016692449633283,353.49581643961886,46.0,46.0,,9.007493226337857e-05,,,,,,,0.4202561874911251,,0,0.06871258634160786,1.1772016491800945,inf,-inf,-0.1125969524991916,0.06305058595273222,-0.08776477817429365,0.046590089246125864,inf,-inf,2.684842527491451,0.12511050438834934,0.12511050438834934,0.12511050438834934,784,2.1593359003523074,1.401606130008445,1.968006560395285,,,-3.4123958930198746,0.40585022431771633,0.15753526559340006,17.1322564301041,1.2338145661533055,0.0,0.0,0.4767875212218353,0.45083146799964596,0.13873723443149527,0.06871258634160786,1.0692758220031962,15.561571451949735,1.192053451165891,5910
583,3.263799221279137,-29.737013148559278,0.1529931883137594,0.3709921480389334,-25.94922859092745,-29.737013148559278,nan,0.11995082256275985,0.03304236575099959,3.426981947663129,-29.711974797682096,0.15219682025247575,0.4005840873408578,-25.732211942425632,-29.711974797682096,nan,106.59480409154315,0.2273463508739309,0.0,0.09642082837673152,468.86525199013454,46.0,46.0,,8.962275660003274e-05,,,,,,,0.4202561874911251,,0,0.06871258634160786,1.1772016491800945,inf,-inf,-0.11070546245922161,0.059477080344354255,-0.08963701299250047,0.04830146729000746,inf,-inf,2.6811051693176586,0.12505169541449285,0.12505169541449285,0.12505169541449285,784,2.1593359003523074,1.401606130008445,1.968006560395285,,,-3.4123958930198746,0.40585022431771633,0.15753526559340006,17.1322564301041,1.2338145661533055,0.0,0.0,0.4767875212218353,0.45083146799964596,0.13873723443149527,0.06871258634160786,1.0692758220031962,15.561571451949735,1.192053451165891,5910
584,3.2585092081341727,-29.734740339154413,0.15300299421785943,0.3694580337224518,-25.95377010307993,-29.734740339154413,nan,0.1201137171922987,0.03288927702556073,3.426981947663129,-29.711974797682096,0.15219682025247575,0.4005840873408578,-25.732211942425632,-29.711974797682096,nan,114.83886970695988,0.22493310506074354,0.0,0.09686989013760916,510.546767564283,46.0,46.0,,8.917137753776589e-05,,,,,,,0.4202561874911251,,0,0.06871258634160786,1.1772016491800945,inf,-inf,-0.11010769721653016,0.06402462223022157,-0.09136929164353114,0.04798240656805049,inf,-inf,2.6765353665843086,0.12504727245652986,0.12504727245652986,0.12504727245652986,784,2.1593359003523074,1.401606130008445,1.968006560395285,,,-3.4123958930198746,0.40585022431771633,0.15753526559340006,17.1322564301041,1.2338145661533055,0.0,0.0,0.4767875212218353,0.45083146799964596,0.13873723443149527,0.06871258634160786,1.0692758220031962,15.561571451949735,1.192053451165891,5910
585,3.271004444989583,-29.736154356428365,0.15301874820253772,0.3712622289211273,-25.940868934315116,-29.736154356428365,nan,0.120289391707013,0.032729356495524706,3.4029777784787765,-29.726179121471972,0.1522466883622326,0.39655967440401463,-25.774394980226948,-29.726179121471972,nan,95.02787727458494,0.22986624358995672,0.0,0.10108345073219784,413.40509937639615,46.0,46.0,,8.872080057648955e-05,,,,,,,0.4146487418601524,,0,0.06724096556603373,1.161103357407544,inf,-inf,-0.11326740231729286,0.06317749771363623,-0.08438665639929417,0.0507844987675828,inf,-inf,2.67217800955596,0.12504079302082305,0.12504079302082305,0.12504079302082305,784,2.1418263982158736,1.396109707180997,1.9627012824656522,,,-3.4256235706841807,0.40111059451658293,0.15513990287771276,17.26779720715472,1.2372369396639364,0.0,0.0,0.47028384325154376,0.4450834424230031,0.1368997226905085,0.06724096556603373,1.053752495720173,15.671287389312388,1.195104675033277,5910
586,3.2562974219892307,-29.7391100940539,0.15302678717830914,0.36934023443741265,-25.960445650448946,-29.7391100940539,nan,0.12044603337040646,0.032580753807902714,3.4029777784787765,-29.726179121471972,0.1522466883622326,0.39655967440401463,-25.774394980226948,-29.726179121471972,nan,101.23297467734352,0.21911975912949572,0.0,0.09333790053371527,461.9983842603474,46.0,46.0,,8.827103120634168e-05,,,,,,,0.4146487418601524,,0,0.06724096556603373,1.161103357407544,inf,-inf,-0.11227963281994557,0.06477246517760775,-0.0894832242076388,0.048680160685614426,inf,-inf,2.6678588682267956,0.1250180948234995,0.1250180948234995,0.1250180948234995,784,2.1418263982158736,1.396109707180997,1.9627012824656522,,,-3.4256235706841807,0.40111059451658293,0.15513990287771276,17.26779720715472,1.2372369396639364,0.0,0.0,0.47028384325154376,0.4450834424230031,0.1368997226905085,0.06724096556603373,1.053752495720173,15.671287389312388,1.195104675033277,5910
587,3.2503682955194155,-29.742399044872226,0.15304886036266815,0.36795181484811545,-25.97103007414203,-29.742399044872226,nan,0.12062481689502574,0.03242404346764239,3.4029777784787765,-29.726179121471972,0.1522466883622326,0.39655967440401463,-25.774394980226948,-29.726179121471972,nan,88.85947832478128,0.22008530918993516,0.0,0.09467444149850213,403.7501578449061,46.0,46.0,,8.78220749076202e-05,,,,,,,0.4146487418601524,,0,0.06724096556603373,1.161103357407544,inf,-inf,-0.11126445786448586,0.06308420602458942,-0.08923297943261913,0.04793919577152278,inf,-inf,2.664867933608104,0.12494671657755982,0.12494671657755982,0.12494671657755982,784,2.1418263982158736,1.396109707180997,1.9627012824656522,,,-3.4256235706841807,0.40111059451658293,0.15513990287771276,17.26779720715472,1.2372369396639364,0.0,0.0,0.47028384325154376,0.4450834424230031,0.1368997226905085,0.06724096556603373,1.053752495720173,15.671287389312388,1.195104675033277,5910
588,3.24720961866236,-29.738696411881882,0.1530596808492877,0.3665735663892097,-25.971853545981023,-29.738696411881882,nan,0.12079352795681868,0.03226615289246905,3.4029777784787765,-29.726179121471972,0.1522466883622326,0.39655967440401463,-25.774394980226948,-29.726179121471972,nan,104.76852333515565,0.2249684728951274,0.0,0.0946789953751268,465.70313603006565,46.0,46.0,,8.737393715071596e-05,,,,,,,0.4146487418601524,,0,0.06724096556603373,1.161103357407544,inf,-inf,-0.1124675056084848,0.06805926070908398,-0.08991791609576419,0.04949071365081164,inf,-inf,2.6603319958614233,0.12492261184614256,0.12492261184614256,0.12492261184614256,784,2.1418263982158736,1.396109707180997,1.9627012824656522,,,-3.4256235706841807,0.40111059451658293,0.15513990287771276,17.26779720715472,1.2372369396639364,0.0,0.0,0.47028384325154376,0.4450834424230031,0.1368997226905085,0.06724096556603373,1.053752495720173,15.671287389312388,1.195104675033277,5910
589,3.214629510642695,-29.742567701907834,0.1530796856004347,0.3665967208973971,-26.008261784767306,-29.742567701907834,nan,0.12096359937466845,0.032116086225766276,3.4029777784787765,-29.726179121471972,0.1522466883622326,0.39655967440401463,-25.774394980226948,-29.726179121471972,nan,88.24870057147146,0.2175879785394055,0.0,0.09424409038671452,405.5770965099043,46.0,46.0,,8.692662339604598e-05,,,,,,,0.4146487418601524,,0,0.06724096556603373,1.161103357407544,inf,-inf,-0.11033961485502711,0.06317242390865842,-0.09088856616589766,0.04763834188217668,inf,-inf,2.6562233736700214,0.12490574314895976,0.12490574314895976,0.12490574314895976,784,2.1418263982158736,1.396109707180997,1.9627012824656522,,,-3.4256235706841807,0.40111059451658293,0.15513990287771276,17.26779720715472,1.2372369396639364,0.0,0.0,0.47028384325154376,0.4450834424230031,0.1368997226905085,0.06724096556603373,1.053752495720173,15.671287389312388,1.195104675033277,5910
590,3.2400421537742865,-29.74261354053109,0.15309953568381704,0.3651832491817042,-25.98428860189128,-29.74261354053109,nan,0.12112846920748829,0.031971066476328816,3.361137872113058,-29.720394465454348,0.15231707283393525,0.3954603310784166,-25.811479189428937,-29.720394465454348,nan,83.86129516599928,0.21747578424031055,0.0,0.088339585528003,385.61210600501903,46.0,46.0,,8.648013909398736e-05,,,,,,,0.4092798004362748,,0,0.06583038244760538,1.147323721389124,inf,-inf,-0.11145676938306767,0.06572138503176891,-0.08801473813853081,0.047862450344616204,inf,-inf,2.65193411271249,0.12490884923245592,0.12490884923245592,0.12490884923245592,784,2.1249842581977783,1.390782758422185,1.959491575001987,,,-3.4384966620347757,0.3961201395834255,0.15287431376071778,17.42848330407746,1.2412595947215779,0.0,0.0,0.46404508959432733,0.4388131715751396,0.1351627452371491,0.06583038244760538,1.0395848673662194,15.791870390448187,1.1984335709294025,5910
591,3.2161096719325415,-29.74152442108469,0.15312156199948057,0.3635393576703471,-26.00875382948232,-29.74152442108469,nan,0.12129391296407778,0.03182764903540275,3.361137872113058,-29.720394465454348,0.15231707283393525,0.3954603310784166,-25.811479189428937,-29.720394465454348,nan,96.42423613206185,0.21523657011602726,0.0,0.09704796501204581,447.99188204905226,46.0,46.0,,8.603448968481023e-05,,,,,,,0.4092798004362748,,0,0.06583038244760538,1.147323721389124,inf,-inf,-0.11241082134226246,0.061833791651918046,-0.08847447942860145,0.049140262501638464,inf,-inf,2.648257449559288,0.12484416840936359,0.12484416840936359,0.12484416840936359,784,2.1249842581977783,1.390782758422185,1.959491575001987,,,-3.4384966620347757,0.3961201395834255,0.15287431376071778,17.42848330407746,1.2412595947215779,0.0,0.0,0.46404508959432733,0.4388131715751396,0.1351627452371491,0.06583038244760538,1.0395848673662194,15.791870390448187,1.1984335709294025,5910
592,3.205307049959321,-29.7411004517947,0.15314867935005408,0.36061762861354574,-26.02202709387178,-29.7411004517947,nan,0.1214696889561337,0.031678990393920435,3.361137872113058,-29.720394465454348,0.15231707283393525,0.3954603310784166,-25.811479189428937,-29.720394465454348,nan,100.23679766699357,0.22357352727707341,0.0,0.09306359974714853,448.3392952993521,46.0,46.0,,8.558968059861219e-05,,,,,,,0.4092798004362748,,0,0.06583038244760538,1.147323721389124,inf,-inf,-0.1102535087391052,0.0634810220454812,-0.08954807522741932,0.04720037822263561,inf,-inf,2.6437125348007178,0.12482575087502623,0.12482575087502623,0.12482575087502623,784,2.1249842581977783,1.390782758422185,1.959491575001987,,,-3.4384966620347757,0.3961201395834255,0.15287431376071778,17.42848330407746,1.2412595947215779,0.0,0.0,0.46404508959432733,0.4388131715751396,0.1351627452371491,0.06583038244760538,1.0395848673662194,15.791870390448187,1.1984335709294025,5910
593,3.2122599703611345,-29.742098203902366,0.1531829680953704,0.3620516451691046,-26.014603620276755,-29.742098203902366,nan,0.12164159944120537,0.03154136865416503,3.361137872113058,-29.720394465454348,0.15231707283393525,0.3954603310784166,-25.811479189428937,-29.720394465454348,nan,106.61727427218601,0.21891128774875981,0.0,0.09364043632029047,487.0341560209931,46.0,46.0,,8.514571725525149e-05,,,,,,,0.4092798004362748,,0,0.06583038244760538,1.147323721389124,inf,-inf,-0.11174075834241833,0.0638210346309195,-0.0847355318933098,0.04588409936655067,inf,-inf,2.6401782670141136,0.12478333833627708,0.12478333833627708,0.12478333833627708,784,2.1249842581977783,1.390782758422185,1.959491575001987,,,-3.4384966620347757,0.3961201395834255,0.15287431376071778,17.42848330407746,1.2412595947215779,0.0,0.0,0.46404508959432733,0.4388131715751396,0.1351627452371491,0.06583038244760538,1.0395848673662194,15.791870390448187,1.1984335709294025,5910
594,3.2070992356825228,-29.738247354077355,0.15320249464622157,0.36117184031674304,-26.016773783431866,-29.738247354077355,nan,0.12180285518003366,0.031399639466187956,3.361137872113058,-29.720394465454348,0.15231707283393525,0.3954603310784166,-25.811479189428937,-29.720394465454348,nan,93.02967303310335,0.22687773334077388,0.0,0.08848629690155263,410.0432054888848,46.0,46.0,,8.470260506428129e-05,,,,,,,0.4092798004362748,,0,0.06583038244760538,1.147323721389124,inf,-inf,-0.11004664296397981,0.06146959025042334,-0.08706397027923388,0.050938289013461535,inf,-inf,2.6356217124933745,0.12477553734555681,0.12477553734555681,0.12477553734555681,784,2.1249842581977783,1.390782758422185,1.959491575001987,,,-3.4384966620347757,0.3961201395834255,0.15287431376071778,17.42848330407746,1.2412595947215779,0.0,0.0,0.46404508959432733,0.4388131715751396,0.1351627452371491,0.06583038244760538,1.0395848673662194,15.791870390448187,1.1984335709294025,5910
595,3.200381730893369,-29.73649762958577,0.15323537100240417,0.36170271180640773,-26.02117781588359,-29.73649762958577,nan,0.12198253698860888,0.0312528340137953,3.3559998787749583,-29.723515307817216,0.1524350647748672,0.3945962233050494,-25.82048414096234,-29.723515307817216,nan,124.94167030921354,0.2285201756566883,0.0,0.09005811250807257,546.7424044733651,46.0,46.0,,8.426034942488393e-05,,,,,,,0.4039184606709951,,0,0.06444792259073506,1.1344268974022822,inf,-inf,-0.11062962362439571,0.0566894995550245,-0.08247125816749516,0.050154981555003274,inf,-inf,2.6313280731021083,0.12475059440241935,0.12475059440241935,0.12475059440241935,784,2.108525430722801,1.385572471862355,1.9554817355353935,,,-3.451554280772346,0.3912853687124409,0.15063889607286984,17.60222598028886,1.2455675922361513,0.0,0.0,0.4578029764878479,0.43314166327607173,0.13342171617631526,0.06444792259073506,1.0250883565290343,15.90568501390919,1.2015523777096186,5910
596,3.2203572086532306,-29.739549832560403,0.15326349421659413,0.3606259704903994,-26.005303159200178,-29.739549832560403,nan,0.12214568963202992,0.031117804584564198,3.3559998787749583,-29.723515307817216,0.1524350647748672,0.3945962233050494,-25.82048414096234,-29.723515307817216,nan,127.84979608003333,0.22020419422648138,0.0,0.08589258336701373,580.5965528001661,46.0,46.0,,8.381895572580473e-05,,,,,,,0.4039184606709951,,0,0.06444792259073506,1.1344268974022822,inf,-inf,-0.1092991767467536,0.07031759849026639,-0.09446065266013617,0.05067127919726051,inf,-inf,2.627785043559678,0.12471360856336422,0.12471360856336422,0.12471360856336422,784,2.108525430722801,1.385572471862355,1.9554817355353935,,,-3.451554280772346,0.3912853687124409,0.15063889607286984,17.60222598028886,1.2455675922361513,0.0,0.0,0.4578029764878479,0.43314166327607173,0.13342171617631526,0.06444792259073506,1.0250883565290343,15.90568501390919,1.2015523777096186,5910
597,3.2073033618173348,-29.74476795564876,0.153291099651879,0.35955639510488313,-26.024617099074668,-29.74476795564876,nan,0.12230665151999161,0.03098444813188739,3.3559998787749583,-29.723515307817216,0.1524350647748672,0.3945962233050494,-25.82048414096234,-29.723515307817216,nan,105.10198141805029,0.21810123141982463,0.0,0.08575501506642652,481.8954057886025,46.0,46.0,,8.337842934528669e-05,,,,,,,0.4039184606709951,,0,0.06444792259073506,1.1344268974022822,inf,-inf,-0.10990651028045263,0.06508426000893629,-0.08651738848886445,0.048399458972020235,inf,-inf,2.6237867658959977,0.12469102379265144,0.12469102379265144,0.12469102379265144,784,2.108525430722801,1.385572471862355,1.9554817355353935,,,-3.451554280772346,0.3912853687124409,0.15063889607286984,17.60222598028886,1.2455675922361513,0.0,0.0,0.4578029764878479,0.43314166327607173,0.13342171617631526,0.06444792259073506,1.0250883565290343,15.90568501390919,1.2015523777096186,5910
598,3.1908359031649014,-29.745609508892294,0.15331657064773144,0.3584579904819434,-26.042999044597714,-29.745609508892294,nan,0.12247603694393003,0.030840533703801444,3.3559998787749583,-29.723515307817216,0.1524350647748672,0.3945962233050494,-25.82048414096234,-29.723515307817216,nan,87.39253289173261,0.22357868390870667,0.0,0.08829970653869083,390.88043351850746,46.0,46.0,,8.293877565100463e-05,,,,,,,0.4039184606709951,,0,0.06444792259073506,1.1344268974022822,inf,-inf,-0.10908269216928271,0.061516663113712504,-0.08534273443890736,0.050261259453790154,inf,-inf,2.6205806694178135,0.12462702435828758,0.12462702435828758,0.12462702435828758,784,2.108525430722801,1.385572471862355,1.9554817355353935,,,-3.451554280772346,0.3912853687124409,0.15063889607286984,17.60222598028886,1.2455675922361513,0.0,0.0,0.4578029764878479,0.43314166327607173,0.13342171617631526,0.06444792259073506,1.0250883565290343,15.90568501390919,1.2015523777096186,5910
599,3.205393628534487,-29.742965076159898,0.1533564430570352,0.35779249301613375,-26.02642251155224,-29.742965076159898,nan,0.12264872573025576,0.030707717326779446,3.3559998787749583,-29.723515307817216,0.1524350647748672,0.3945962233050494,-25.82048414096234,-29.723515307817216,nan,101.52311392675185,0.22587509577765452,0.0,0.08623991447135046,449.4657260784895,46.0,46.0,,8.250000000000018e-05,,,,,,,0.4039184606709951,,0,0.06444792259073506,1.1344268974022822,inf,-inf,-0.1088652652895748,0.06288668860655304,-0.08725735468677626,0.04768535578227795,inf,-inf,2.6162350102154535,0.12462240321120145,0.12462240321120145,0.12462240321120145,784,2.108525430722801,1.385572471862355,1.9554817355353935,,,-3.451554280772346,0.3912853687124409,0.15063889607286984,17.60222598028886,1.2455675922361513,0.0,0.0,0.4578029764878479,0.43314166327607173,0.13342171617631526,0.06444792259073506,1.0250883565290343,15.90568501390919,1.2015523777096186,5910
600,3.171589278250112,-29.7467069515228,0.15338718171817278,0.3578821513778178,-26.063848340176694,-29.7467069515228,nan,0.12281059301596721,0.030576588702205542,3.323831936103398,-29.726814845694015,0.15258021883950695,0.3805770950567403,-25.86982559569437,-29.726814845694015,nan,93.71567400727497,0.21774623870974522,0.0,0.0847557850047705,430.3894044856387,46.0,46.0,,8.206210773861606e-05,,,,,,,0.39879779272380345,,0,0.0631085618118208,1.12234023359249,inf,-inf,-0.1088039999110252,0.0589554070981125,-0.08512568163707672,0.04738720325268164,inf,-inf,2.6123210003488233,0.12461156849555538,0.12461156849555538,0.12461156849555538,784,2.0931013675522943,1.380624975197207,1.9516516045783137,,,-3.4642179326904525,0.3865651226547001,0.14852153356781098,17.784278414379354,1.250036248660917,0.0,0.0,0.4518367388681824,0.42701797053296386,0.13179244628288753,0.0631085618118208,1.0118948159303385,16.03419230100093,1.2050470878657575,5910
601,3.1722809424770877,-29.74670953488586,0.15341699867323133,0.35583891102725074,-26.065172682708287,-29.74670953488586,nan,0.12296975858744212,0.030447240085789248,3.323831936103398,-29.726814845694015,0.15258021883950695,0.3805770950567403,-25.86982559569437,-29.726814845694015,nan,74.99568141268294,0.20660224921243286,0.0,0.08515569468579241,362.9954741468994,46.0,46.0,,8.162510420243141e-05,,,,,,,0.39879779272380345,,0,0.0631085618118208,1.12234023359249,inf,-inf,-0.10918874297985312,0.06309423826413543,-0.08795148069591101,0.0456692227249215,inf,-inf,2.6080094704936583,0.12461282532348736,0.12461282532348736,0.12461282532348736,784,2.0931013675522943,1.380624975197207,1.9516516045783137,,,-3.4642179326904525,0.3865651226547001,0.14852153356781098,17.784278414379354,1.250036248660917,0.0,0.0,0.4518367388681824,0.42701797053296386,0.13179244628288753,0.0631085618118208,1.0118948159303385,16.03419230100093,1.2050470878657575,5910
602,3.171756534782301,-29.745498822425454,0.15345591883427248,0.35444845934488195,-26.065837909463998,-29.745498822425454,nan,0.12313517821576615,0.03032074061850633,3.323831936103398,-29.726814845694015,0.15258021883950695,0.3805770950567403,-25.86982559569437,-29.726814845694015,nan,93.95353451437946,0.21743684886290413,0.0,0.08507019397679924,432.0957326493358,46.0,46.0,,8.11889947161963e-05,,,,,,,0.39879779272380345,,0,0.0631085618118208,1.12234023359249,inf,-inf,-0.108915248054173,0.06222019942513769,-0.08845709347758195,0.046638365282512625,inf,-inf,2.6042348903617945,0.1245775668737831,0.1245775668737831,0.1245775668737831,784,2.0931013675522943,1.380624975197207,1.9516516045783137,,,-3.4642179326904525,0.3865651226547001,0.14852153356781098,17.784278414379354,1.250036248660917,0.0,0.0,0.4518367388681824,0.42701797053296386,0.13179244628288753,0.0631085618118208,1.0118948159303385,16.03419230100093,1.2050470878657575,5910
603,3.1895703082308318,-29.741329297367432,0.15349504540306896,0.3547415625514299,-26.043522381182104,-29.741329297367432,nan,0.1233003247716513,0.03019472063141768,3.323831936103398,-29.726814845694015,0.15258021883950695,0.3805770950567403,-25.86982559569437,-29.726814845694015,nan,108.52313865482962,0.2112988812842895,0.0,0.08432860868464447,513.6001572522217,46.0,46.0,,8.075378459376729e-05,,,,,,,0.39879779272380345,,0,0.0631085618118208,1.12234023359249,inf,-inf,-0.10978571275968617,0.062258367454830474,-0.08864300287810747,0.05274659897458355,inf,-inf,2.601159903573249,0.1245120526866812,0.1245120526866812,0.1245120526866812,784,2.0931013675522943,1.380624975197207,1.9516516045783137,,,-3.4642179326904525,0.3865651226547001,0.14852153356781098,17.784278414379354,1.250036248660917,0.0,0.0,0.4518367388681824,0.42701797053296386,0.13179244628288753,0.0631085618118208,1.0118948159303385,16.03419230100093,1.2050470878657575,5910
604,3.1571813203979624,-29.74479028438208,0.15353299324262296,0.3516332054291759,-26.082442765312315,-29.74479028438208,nan,0.12346056713392736,0.030072426108695625,3.323831936103398,-29.726814845694015,0.15258021883950695,0.3805770950567403,-25.86982559569437,-29.726814845694015,nan,93.55750898804583,0.21945060210248712,0.0,0.08046252103239435,426.32605284150867,46.0,46.0,,8.031947913804227e-05,,,,,,,0.39879779272380345,,0,0.0631085618118208,1.12234023359249,inf,-inf,-0.10826763974442696,0.06580508010145167,-0.08341807033166138,0.04689395765348043,inf,-inf,2.5974225311791552,0.12449569529068977,0.12449569529068977,0.12449569529068977,784,2.0931013675522943,1.380624975197207,1.9516516045783137,,,-3.4642179326904525,0.3865651226547001,0.14852153356781098,17.784278414379354,1.250036248660917,0.0,0.0,0.4518367388681824,0.42701797053296386,0.13179244628288753,0.0631085618118208,1.0118948159303385,16.03419230100093,1.2050470878657575,5910
605,3.168245478773415,-29.747092593874637,0.15357958481321737,0.35408976034222445,-26.07117776994578,-29.747092593874637,nan,0.12363108934843532,0.029948495464782086,3.266883369352196,-29.662788825582258,0.15276311495348716,0.3734026519540635,-25.86973968932251,-29.662788825582258,nan,98.59695509697997,0.22028332661933564,0.0,0.08564011102885426,447.59154771328707,46.0,46.0,,7.988608364089628e-05,,,,,,,0.39380172554520104,,0,0.06183330876024656,1.1091937037267876,inf,-inf,-0.10809472446147703,0.05806038444338695,-0.07888814154119086,0.045959409733235465,inf,-inf,2.593195637150241,0.12448237717972549,0.12448237717972549,0.12448237717972549,784,2.0781374649360917,1.3757888811630323,1.9488460725893426,,,-3.476762562502761,0.38190166194173936,0.14646913936108413,17.938449776763406,1.2537849090264968,0.0,0.0,0.4460067963720813,0.42135592192495874,0.13020880197387574,0.06183330876024656,0.9982119693396102,16.143596216241523,1.2080002864516042,5910
606,3.1506700628421096,-29.74057595298828,0.15362307012487542,0.35113302225476895,-26.085149797766526,-29.74057595298828,nan,0.12379794373674174,0.029825126388133665,3.266883369352196,-29.662788825582258,0.15276311495348716,0.3734026519540635,-25.86973968932251,-29.662788825582258,nan,110.24607546884631,0.22264729740245115,0.0,0.07741917013259238,495.16017825075386,46.0,46.0,,7.945360338311657e-05,,,,,,,0.39380172554520104,,0,0.06183330876024656,1.1091937037267876,inf,-inf,-0.1076611735197695,0.06395808050139491,-0.08578266279074157,0.0485231840259185,inf,-inf,2.5903481462308324,0.12440565378984943,0.12440565378984943,0.12440565378984943,784,2.0781374649360917,1.3757888811630323,1.9488460725893426,,,-3.476762562502761,0.38190166194173936,0.14646913936108413,17.938449776763406,1.2537849090264968,0.0,0.0,0.4460067963720813,0.42135592192495874,0.13020880197387574,0.06183330876024656,0.9982119693396102,16.143596216241523,1.2080002864516042,5910
607,3.139988056506002,-29.74962532743708,0.15365373984084862,0.35103841540318553,-26.104945115687045,-29.74962532743708,nan,0.12394520055694758,0.029708539283901075,3.266883369352196,-29.662788825582258,0.15276311495348716,0.3734026519540635,-25.86973968932251,-29.662788825582258,nan,99.68016221871619,0.20749584840923224,0.0,0.07938749381897003,480.39593554721483,46.0,46.0,,7.902204363433869e-05,,,,,,,0.39380172554520104,,0,0.06183330876024656,1.1091937037267876,inf,-inf,-0.10801594706387196,0.062225051697043676,-0.08527655656052618,0.04974016003525458,inf,-inf,2.5859955353782538,0.12441703474209156,0.12441703474209156,0.12441703474209156,784,2.0781374649360917,1.3757888811630323,1.9488460725893426,,,-3.476762562502761,0.38190166194173936,0.14646913936108413,17.938449776763406,1.2537849090264968,0.0,0.0,0.4460067963720813,0.42135592192495874,0.13020880197387574,0.06183330876024656,0.9982119693396102,16.143596216241523,1.2080002864516042,5910
608,3.1481404073098007,-29.74698911748794,0.15369751930581266,0.35064547118363937,-26.094505719688687,-29.74698911748794,nan,0.12410651884478431,0.029591000461028312,3.266883369352196,-29.662788825582258,0.15276311495348716,0.3734026519540635,-25.86973968932251,-29.662788825582258,nan,95.70598917328206,0.20949486961124492,0.0,0.08256115213219772,456.84168471944724,46.0,46.0,,7.859140965298189e-05,,,,,,,0.39380172554520104,,0,0.06183330876024656,1.1091937037267876,inf,-inf,-0.10901731176808357,0.06102479458293233,-0.0871702475993628,0.046462409531159814,inf,-inf,2.582476982644174,0.12438300269794234,0.12438300269794234,0.12438300269794234,784,2.0781374649360917,1.3757888811630323,1.9488460725893426,,,-3.476762562502761,0.38190166194173936,0.14646913936108413,17.938449776763406,1.2537849090264968,0.0,0.0,0.4460067963720813,0.42135592192495874,0.13020880197387574,0.06183330876024656,0.9982119693396102,16.143596216241523,1.2080002864516042,5910
609,3.1403709765242933,-29.748657623177397,0.1537399699171225,0.3503239510271654,-26.10422272570882,-29.748657623177397,nan,0.12426398227590686,0.029475987641215593,3.266883369352196,-29.662788825582258,0.15276311495348716,0.3734026519540635,-25.86973968932251,-29.662788825582258,nan,90.65519015206155,0.21359076910082603,0.0,0.07496352958720108,424.4340264970325,46.0,46.0,,7.816170668618544e-05,,,,,,,0.39380172554520104,,0,0.06183330876024656,1.1091937037267876,inf,-inf,-0.1078565950861873,0.05905347973027104,-0.08134190520311356,0.04663158784679615,inf,-inf,2.5788234175805096,0.12434450290003111,0.12434450290003111,0.12434450290003111,784,2.0781374649360917,1.3757888811630323,1.9488460725893426,,,-3.476762562502761,0.38190166194173936,0.14646913936108413,17.938449776763406,1.2537849090264968,0.0,0.0,0.4460067963720813,0.42135592192495874,0.13020880197387574,0.06183330876024656,0.9982119693396102,16.143596216241523,1.2080002864516042,5910
610,3.1466441569423758,-29.738848560708256,0.15378503016221032,0.34885337014324075,-26.089566003460426,-29.738848560708256,nan,0.1244276452182375,0.029357384943972865,3.304614342404248,-29.738291111131137,0.15296693608677858,0.38822347673664137,-25.892486355903472,-29.738291111131137,nan,94.63326652146402,0.2214594607480516,0.0,0.0790090686345109,427.31643164762204,46.0,46.0,,7.773293996974427e-05,,,,,,,0.38903196788975075,,0,0.06062671123220898,1.095659836772676,inf,-inf,-0.10855050016247669,0.06609796981686594,-0.08507377461380691,0.04660819995213208,inf,-inf,2.574974447748201,0.12433205242685233,0.12433205242685233,0.12433205242685233,784,2.0641050362194515,1.3712203341061027,1.946933614696763,,,-3.488911287165008,0.3773698316775113,0.14451882479904482,18.07222945965421,1.257011732101605,0.0,0.0,0.44045127644720217,0.416089695114746,0.12871587039510932,0.06062671123220898,0.984585633092234,16.240129360161564,1.2105894842758826,5910
611,3.1095959172652985,-29.74702317709322,0.1538404655614047,0.34830484684896207,-26.135281947417553,-29.74702317709322,nan,0.12459316963241092,0.02924729592899374,3.304614342404248,-29.738291111131137,0.15296693608677858,0.38822347673664137,-25.892486355903472,-29.738291111131137,nan,89.50913268402611,0.21584459150806604,0.0,0.07984742648747371,414.69249731319394,46.0,46.0,,7.730511472804565e-05,,,,,,,0.38903196788975075,,0,0.06062671123220898,1.095659836772676,inf,-inf,-0.10779427485409254,0.06531374633727746,-0.09391402319515268,0.04482684580566095,inf,-inf,2.57199514572473,0.12427018938106317,0.12427018938106317,0.12427018938106317,784,2.0641050362194515,1.3712203341061027,1.946933614696763,,,-3.488911287165008,0.3773698316775113,0.14451882479904482,18.07222945965421,1.257011732101605,0.0,0.0,0.44045127644720217,0.416089695114746,0.12871587039510932,0.06062671123220898,0.984585633092234,16.240129360161564,1.2105894842758826,5910
612,3.120410830370162,-29.748883244785805,0.15388550054716893,0.3477123172842994,-26.126874596584177,-29.748883244785805,nan,0.12474943463590883,0.029136065911260188,3.304614342404248,-29.738291111131137,0.15296693608677858,0.38822347673664137,-25.892486355903472,-29.738291111131137,nan,79.94287688062767,0.20982330568493007,0.0,0.07938828678314289,381.00094086149613,46.0,46.0,,7.687823617400497e-05,,,,,,,0.38903196788975075,,0,0.06062671123220898,1.095659836772676,inf,-inf,-0.10619297678212465,0.06613314331003309,-0.08703288175286024,0.04653328116353024,inf,-inf,2.5686236478687814,0.12423729318622963,0.12423729318622963,0.12423729318622963,784,2.0641050362194515,1.3712203341061027,1.946933614696763,,,-3.488911287165008,0.3773698316775113,0.14451882479904482,18.07222945965421,1.257011732101605,0.0,0.0,0.44045127644720217,0.416089695114746,0.12871587039510932,0.06062671123220898,0.984585633092234,16.240129360161564,1.2105894842758826,5910
613,3.12359278313416,-29.752104450589428,0.1539355659643949,0.3465254480453926,-26.128050653445477,-29.752104450589428,nan,0.12490707060248113,0.029028495361913813,3.304614342404248,-29.738291111131137,0.15296693608677858,0.38822347673664137,-25.892486355903472,-29.738291111131137,nan,89.00789736232905,0.21416421115208273,0.0,0.07561645548463437,415.6058422811017,46.0,46.0,,7.645230950900287e-05,,,,,,,0.38903196788975075,,0,0.06062671123220898,1.095659836772676,inf,-inf,-0.10670875845701304,0.06276766556301355,-0.08213480531898303,0.04722706320056993,inf,-inf,2.564839922921292,0.12420222887575706,0.12420222887575706,0.12420222887575706,784,2.0641050362194515,1.3712203341061027,1.946933614696763,,,-3.488911287165008,0.3773698316775113,0.14451882479904482,18.07222945965421,1.257011732101605,0.0,0.0,0.44045127644720217,0.416089695114746,0.12871587039510932,0.06062671123220898,0.984585633092234,16.240129360161564,1.2105894842758826,5910
614,3.107194422101796,-29.741855811237503,0.15398795227410272,0.34559212869621087,-26.135081308165393,-29.741855811237503,nan,0.1250720194372043,0.02891593283689849,3.304614342404248,-29.738291111131137,0.15296693608677858,0.38822347673664137,-25.892486355903472,-29.738291111131137,nan,105.27282247803687,0.2099359107928504,0.0,0.07727109080203802,501.45219119711487,46.0,46.0,,7.602733992282125e-05,,,,,,,0.38903196788975075,,0,0.06062671123220898,1.095659836772676,inf,-inf,-0.10581013324648067,0.06680418368756394,-0.08746953399027163,0.0514888921862344,inf,-inf,2.5612603874827795,0.12418245702618794,0.12418245702618794,0.12418245702618794,784,2.0641050362194515,1.3712203341061027,1.946933614696763,,,-3.488911287165008,0.3773698316775113,0.14451882479904482,18.07222945965421,1.257011732101605,0.0,0.0,0.44045127644720217,0.416089695114746,0.12871587039510932,0.06062671123220898,0.984585633092234,16.240129360161564,1.2105894842758826,5910
615,3.10324731114084,-29.747432298723574,0.15403255471065794,0.34439754281313867,-26.14575489005894,-29.747432298723574,nan,0.12522706356234262,0.028805491148315324,3.2582363430918773,-29.729928372468667,0.15320545503406224,0.3746994692620879,-25.94378710508064,-29.729928372468667,nan,92.37224688588125,0.21848486256403682,0.0,0.07904817298711046,422.78556876592495,46.0,46.0,,7.560333259358035e-05,,,,,,,0.3843104729951056,,0,0.05943534250116027,1.081672488136323,inf,-inf,-0.10722887257652916,0.062461554988628404,-0.08277715506151515,0.04650433409811155,inf,-inf,2.557492968163472,0.12415661597722212,0.12415661597722212,0.12415661597722212,784,2.050645632174803,1.3668113259431924,1.9445809654128319,,,-3.501102409838561,0.3729903836711428,0.14260357156566725,18.199146208591415,1.2600510140512804,0.0,0.0,0.43491888096141307,0.4103597040739173,0.12723527345429214,0.05943534250116027,0.9707994805094577,16.333707179200765,1.2130847655541117,5910
616,3.098941435800392,-29.745123866252296,0.15409229839907992,0.3436816885259587,-26.14840844352687,-29.745123866252296,nan,0.12538687324327483,0.028705425155805132,3.2582363430918773,-29.729928372468667,0.15320545503406224,0.3746994692620879,-25.94378710508064,-29.729928372468667,nan,116.77926606620562,0.21639094994475983,0.0,0.07303493905519672,539.6679763918822,46.0,46.0,,7.518029268767581e-05,,,,,,,0.3843104729951056,,0,0.05943534250116027,1.081672488136323,inf,-inf,-0.1070048313004183,0.06473309588058429,-0.08237121034417452,0.04687225104723247,inf,-inf,2.554712624243948,0.1241287340620812,0.1241287340620812,0.1241287340620812,784,2.050645632174803,1.3668113259431924,1.9445809654128319,,,-3.501102409838561,0.3729903836711428,0.14260357156566725,18.199146208591415,1.2600510140512804,0.0,0.0,0.43491888096141307,0.4103597040739173,0.12723527345429214,0.05943534250116027,0.9707994805094577,16.333707179200765,1.2130847655541117,5910
617,3.1116475141460915,-29.74774707806345,0.15415409530623053,0.3445227163947835,-26.137422752216345,-29.74774707806345,nan,0.12554624920824045,0.028607846097990067,3.2582363430918773,-29.729928372468667,0.15320545503406224,0.3746994692620879,-25.94378710508064,-29.729928372468667,nan,103.9114601286888,0.20972253235411661,0.0,0.07274591164088595,495.47113017515085,46.0,46.0,,7.475822535971524e-05,,,,,,,0.3843104729951056,,0,0.05943534250116027,1.081672488136323,inf,-inf,-0.10669563379583018,0.06108597888086583,-0.08327978814954004,0.04624814975739967,inf,-inf,2.551096886392695,0.12408952007785357,0.12408952007785357,0.12408952007785357,784,2.050645632174803,1.3668113259431924,1.9445809654128319,,,-3.501102409838561,0.3729903836711428,0.14260357156566725,18.199146208591415,1.2600510140512804,0.0,0.0,0.43491888096141307,0.4103597040739173,0.12723527345429214,0.05943534250116027,0.9707994805094577,16.333707179200765,1.2130847655541117,5910
618,3.097803342639804,-29.74760280181406,0.15419236404970602,0.3439255053055959,-26.151681589818956,-29.74760280181406,nan,0.12568900678915226,0.028503357260553766,3.2582363430918773,-29.729928372468667,0.15320545503406224,0.3746994692620879,-25.94378710508064,-29.729928372468667,nan,96.04150300630546,0.21535109434826596,0.0,0.07359943464682515,445.97638705743964,46.0,46.0,,7.433713575245592e-05,,,,,,,0.3843104729951056,,0,0.05943534250116027,1.081672488136323,inf,-inf,-0.10639340294195596,0.06083620050402603,-0.08771223725191786,0.04611352279355398,inf,-inf,2.5479367547260816,0.12405226666626186,0.12405226666626186,0.12405226666626186,784,2.050645632174803,1.3668113259431924,1.9445809654128319,,,-3.501102409838561,0.3729903836711428,0.14260357156566725,18.199146208591415,1.2600510140512804,0.0,0.0,0.43491888096141307,0.4103597040739173,0.12723527345429214,0.05943534250116027,0.9707994805094577,16.333707179200765,1.2130847655541117,5910
619,3.0918886688800753,-29.745355507873313,0.1542489586400822,0.3431748673457589,-26.156043013007398,-29.745355507873313,nan,0.12584655028824568,0.02840240835183649,3.2582363430918773,-29.729928372468667,0.15320545503406224,0.3746994692620879,-25.94378710508064,-29.729928372468667,nan,86.06097445921532,0.202329097952307,0.0,0.07406409300498701,425.35144638217884,46.0,46.0,,7.391702899674186e-05,,,,,,,0.3843104729951056,,0,0.05943534250116027,1.081672488136323,inf,-inf,-0.10602789802431221,0.06773925977399253,-0.08914425167818181,0.04637889844848834,inf,-inf,2.543299575831821,0.1240930144317336,0.1240930144317336,0.1240930144317336,784,2.050645632174803,1.3668113259431924,1.9445809654128319,,,-3.501102409838561,0.3729903836711428,0.14260357156566725,18.199146208591415,1.2600510140512804,0.0,0.0,0.43491888096141307,0.4103597040739173,0.12723527345429214,0.05943534250116027,0.9707994805094577,16.333707179200765,1.2130847655541117,5910
620,3.092085537779091,-29.746743356784833,0.154301966965854,0.3435490211350739,-26.156806830904813,-29.746743356784833,nan,0.12599920228072484,0.028302764685129184,3.22296037533017,-29.69992408635046,0.15346771360127423,0.3610238849513835,-25.962472112467633,-29.69992408635046,nan,107.60626218364116,0.21353121348263018,0.0,0.07169146683616943,503.9369206431942,46.0,46.0,,7.349791021144118e-05,,,,,,,0.3798350610788285,,0,0.05834152870544961,1.0683691443355405,inf,-inf,-0.10475011068672509,0.06117752208800444,-0.08509199106592118,0.04599719663647058,inf,-inf,2.5407678732725523,0.12400607510160662,0.12400607510160662,0.12400607510160662,784,2.0381037464044582,1.3626683789801943,1.9399292192838624,,,-3.512836933643184,0.36853589910321516,0.140787142127939,18.31232688004189,1.262743532010927,0.0,0.0,0.4296765548048187,0.4053683397100401,0.12582969468380356,0.05834152870544961,0.9574029497845281,16.410316476590683,1.2151169565992026,5910
621,3.0884717306686333,-29.749625504436143,0.15436333276356326,0.34252014147010856,-26.16427029953384,-29.749625504436143,nan,0.12615392449786655,0.02820940826569671,3.22296037533017,-29.69992408635046,0.15346771360127423,0.3610238849513835,-25.962472112467633,-29.69992408635046,nan,87.57880760096579,0.21363436497191196,0.0,0.07488710817833914,409.9471899686195,46.0,46.0,,7.307978450338414e-05,,,,,,,0.3798350610788285,,0,0.05834152870544961,1.0683691443355405,inf,-inf,-0.10724306170523101,0.05896181891057134,-0.08009528195083258,0.04732948834387559,inf,-inf,2.5375748203803017,0.12397709836000441,0.12397709836000441,0.12397709836000441,784,2.0381037464044582,1.3626683789801943,1.9399292192838624,,,-3.512836933643184,0.36853589910321516,0.140787142127939,18.31232688004189,1.262743532010927,0.0,0.0,0.4296765548048187,0.4053683397100401,0.12582969468380356,0.05834152870544961,0.9574029497845281,16.410316476590683,1.2151169565992026,5910
622,3.0954240883960087,-29.747697450640445,0.154430278952028,0.33997330823678734,-26.157869775055623,-29.747697450640445,nan,0.12631737007832444,0.028112908873703595,3.22296037533017,-29.69992408635046,0.15346771360127423,0.3610238849513835,-25.962472112467633,-29.69992408635046,nan,90.5131951598211,0.21177619104073173,0.0,0.07020284758260044,427.400241335025,46.0,46.0,,7.266265696730044e-05,,,,,,,0.3798350610788285,,0,0.05834152870544961,1.0683691443355405,inf,-inf,-0.10554067539369102,0.06469110485111274,-0.08459426296667363,0.04657848627583881,inf,-inf,2.5338402301742855,0.12396761476293056,0.12396761476293056,0.12396761476293056,784,2.0381037464044582,1.3626683789801943,1.9399292192838624,,,-3.512836933643184,0.36853589910321516,0.140787142127939,18.31232688004189,1.262743532010927,0.0,0.0,0.4296765548048187,0.4053683397100401,0.12582969468380356,0.05834152870544961,0.9574029497845281,16.410316476590683,1.2151169565992026,5910
623,3.0776545537172364,-29.74961906424915,0.1544926403805339,0.3404380951855313,-26.177033774965846,-29.74961906424915,nan,0.12646929865960602,0.028023341720927894,3.22296037533017,-29.69992408635046,0.15346771360127423,0.3610238849513835,-25.962472112467633,-29.69992408635046,nan,97.94771679674602,0.20930738271536709,0.0,0.07265161846909737,467.96111788346786,46.0,46.0,,7.224653268575755e-05,,,,,,,0.3798350610788285,,0,0.05834152870544961,1.0683691443355405,inf,-inf,-0.10536607772276041,0.06452483894844491,-0.08133888194030356,0.045803614104073645,inf,-inf,2.530424533920917,0.12396404314129698,0.12396404314129698,0.12396404314129698,784,2.0381037464044582,1.3626683789801943,1.9399292192838624,,,-3.512836933643184,0.36853589910321516,0.140787142127939,18.31232688004189,1.262743532010927,0.0,0.0,0.4296765548048187,0.4053683397100401,0.12582969468380356,0.05834152870544961,0.9574029497845281,16.410316476590683,1.2151169565992026,5910
624,3.073829743724656,-29.74586123655342,0.15455899781848403,0.3388644850852366,-26.178608009925046,-29.74586123655342,nan,0.12662452226786286,0.0279344755506212,3.22296037533017,-29.69992408635046,0.15346771360127423,0.3610238849513835,-25.962472112467633,-29.69992408635046,nan,119.8115774230895,0.20613671238779507,0.0,0.0699596843430218,581.22386854455,46.0,46.0,,7.183141672909844e-05,,,,,,,0.3798350610788285,,0,0.05834152870544961,1.0683691443355405,inf,-inf,-0.1043927647086493,0.062180520889594165,-0.086822798117576,0.047205378718547304,inf,-inf,2.5270019588378347,0.12392726826760246,0.12392726826760246,0.12392726826760246,784,2.0381037464044582,1.3626683789801943,1.9399292192838624,,,-3.512836933643184,0.36853589910321516,0.140787142127939,18.31232688004189,1.262743532010927,0.0,0.0,0.4296765548048187,0.4053683397100401,0.12582969468380356,0.05834152870544961,0.9574029497845281,16.410316476590683,1.2151169565992026,5910
625,3.0806957654136875,-29.75207302615843,0.15460615605541095,0.3403521801669932,-26.17641892452234,-29.75207302615843,nan,0.12676941687248774,0.027836739182923148,3.2127959445565013,-29.694111478943178,0.15375513818044237,0.3660470463895658,-25.96151334981667,-29.694111478943178,nan,90.34188661686824,0.2076840553014975,0.0,0.06990833527495648,434.99673812569677,46.0,46.0,,7.141731415538012e-05,,,,,,,0.37547250601021476,,0,0.05729323743235301,1.0558425540487246,inf,-inf,-0.10359667448925045,0.05946603808711351,-0.08260674749590637,0.04546186087410596,inf,-inf,2.5240198961672196,0.12388499656593034,0.12388499656593034,0.12388499656593034,784,2.026002855113868,1.3586096104271763,1.937551426347229,,,-3.5244214337262014,0.3642768732409074,0.13902264540407597,18.428746591521797,1.2654957982197885,0.0,0.0,0.42456329766685375,0.4002210292620258,0.12446509912098576,0.05729323743235301,0.9440577549978683,16.477647228654718,1.2168952007738498,5910
626,3.0672178031931105,-29.748842927801046,0.15466903593480696,0.3378915833681133,-26.18906450530502,-29.748842927801046,nan,0.12692203611682612,0.02774699981798086,3.2127959445565013,-29.694111478943178,0.15375513818044237,0.3660470463895658,-25.96151334981667,-29.694111478943178,nan,93.46625462977572,0.2054661134376405,0.0,0.06468844322758081,454.89863542945227,46.0,46.0,,7.100423001031169e-05,,,,,,,0.37547250601021476,,0,0.05729323743235301,1.0558425540487246,inf,-inf,-0.10574183462331953,0.06746927860463214,-0.08914486372735134,0.0476859618323427,inf,-inf,2.5209301551570498,0.12385200572140342,0.12385200572140342,0.12385200572140342,784,2.026002855113868,1.3586096104271763,1.937551426347229,,,-3.5244214337262014,0.3642768732409074,0.13902264540407597,18.428746591521797,1.2654957982197885,0.0,0.0,0.42456329766685375,0.4002210292620258,0.12446509912098576,0.05729323743235301,0.9440577549978683,16.477647228654718,1.2168952007738498,5910
627,3.057823331049534,-29.750818177855734,0.15472326121677066,0.33825370815265454,-26.20001787743678,-29.750818177855734,nan,0.1270625152580667,0.027660745958704026,3.2127959445565013,-29.694111478943178,0.15375513818044237,0.3660470463895658,-25.96151334981667,-29.694111478943178,nan,89.0979091064797,0.21021847145369352,0.0,0.07045956054365032,423.834825219467,46.0,46.0,,7.05921693271932e-05,,,,,,,0.37547250601021476,,0,0.05729323743235301,1.0558425540487246,inf,-inf,-0.10410667399684302,0.05910130736247974,-0.08502268246967981,0.0460889245189325,inf,-inf,2.5177176888811506,0.12380966846968154,0.12380966846968154,0.12380966846968154,784,2.026002855113868,1.3586096104271763,1.937551426347229,,,-3.5244214337262014,0.3642768732409074,0.13902264540407597,18.428746591521797,1.2654957982197885,0.0,0.0,0.42456329766685375,0.4002210292620258,0.12446509912098576,0.05729323743235301,0.9440577549978683,16.477647228654718,1.2168952007738498,5910
628,3.0487908247287154,-29.74888639798002,0.154787544663812,0.33818719316851586,-26.207120835418976,-29.74888639798002,nan,0.12721366249686322,0.027573882166948737,3.2127959445565013,-29.694111478943178,0.15375513818044237,0.3660470463895658,-25.96151334981667,-29.694111478943178,nan,96.3716700752199,0.21200090411774705,0.0,0.07053743571234151,454.58141075518375,46.0,46.0,,7.01811371268539e-05,,,,,,,0.37547250601021476,,0,0.05729323743235301,1.0558425540487246,inf,-inf,-0.1046034319922971,0.06575929775101522,-0.08921847225007085,0.04686441200470725,inf,-inf,2.5143923444880856,0.12378404870760143,0.12378404870760143,0.12378404870760143,784,2.026002855113868,1.3586096104271763,1.937551426347229,,,-3.5244214337262014,0.3642768732409074,0.13902264540407597,18.428746591521797,1.2654957982197885,0.0,0.0,0.42456329766685375,0.4002210292620258,0.12446509912098576,0.05729323743235301,0.9440577549978683,16.477647228654718,1.2168952007738498,5910
629,3.040348858165247,-29.74869911382061,0.15484571301204647,0.33587311643769974,-26.217631426205614,-29.74869911382061,nan,0.12735968281357077,0.027486030198475692,3.2127959445565013,-29.694111478943178,0.15375513818044237,0.3660470463895658,-25.96151334981667,-29.694111478943178,nan,90.1618682539159,0.20798257352954302,0.0,0.06531379035732801,433.5068401348962,46.0,46.0,,6.977113841759156e-05,,,,,,,0.37547250601021476,,0,0.05729323743235301,1.0558425540487246,inf,-inf,-0.10398773686780546,0.06396849726663434,-0.08316507833486378,0.0456480872158784,inf,-inf,2.511007820153334,0.1237626417423049,0.1237626417423049,0.1237626417423049,784,2.026002855113868,1.3586096104271763,1.937551426347229,,,-3.5244214337262014,0.3642768732409074,0.13902264540407597,18.428746591521797,1.2654957982197885,0.0,0.0,0.42456329766685375,0.4002210292620258,0.12446509912098576,0.05729323743235301,0.9440577549978683,16.477647228654718,1.2168952007738498,5910
630,3.043098377389211,-29.75065929882731,0.15492620769788032,0.3369257380062604,-26.215708975733957,-29.75065929882731,nan,0.127521995109475,0.027404212588405308,3.1902786557204723,-29.714756918401502,0.1540574404472392,0.3626259510158474,-26.007794871217943,-29.714756918401502,nan,99.37986906261261,0.21301655530609193,0.0,0.07030608218991637,466.53589398161915,46.0,46.0,,6.9362178195111e-05,,,,,,,0.3712668441609803,,0,0.05628159853848329,1.0434908959593245,inf,-inf,-0.10260486525491708,0.06757109124462565,-0.08638463607708563,0.04683315998581133,inf,-inf,2.507820955655809,0.12372503544262414,0.12372503544262414,0.12372503544262414,784,2.014616154366351,1.3547681510232905,1.9346672034413805,,,-3.5357462373113284,0.360425933295941,0.13732905827899264,18.540534083192817,1.2681222403825176,0.0,0.0,0.419635173088709,0.3952974039382182,0.12316857119558071,0.05628159853848329,0.9311817186526715,16.545047454825998,1.2186680171495143,5910
631,3.049177360133969,-29.74414402702035,0.15498677291833696,0.33600161491775987,-26.203978279050283,-29.74414402702035,nan,0.12766992407154712,0.027316848846789844,3.1902786557204723,-29.714756918401502,0.1540574404472392,0.3626259510158474,-26.007794871217943,-29.714756918401502,nan,112.67536419943909,0.2147973643565915,0.0,0.0675040828434531,524.565860186177,46.0,46.0,,6.895426144246345e-05,,,,,,,0.3712668441609803,,0,0.05628159853848329,1.0434908959593245,inf,-inf,-0.10324115552213187,0.06257338842283679,-0.08333196142921112,0.049318016583515215,inf,-inf,2.505135214902857,0.12365334627855006,0.12365334627855006,0.12365334627855006,784,2.014616154366351,1.3547681510232905,1.9346672034413805,,,-3.5357462373113284,0.360425933295941,0.13732905827899264,18.540534083192817,1.2681222403825176,0.0,0.0,0.419635173088709,0.3952974039382182,0.12316857119558071,0.05628159853848329,0.9311817186526715,16.545047454825998,1.2186680171495143,5910
632,3.0386087262551786,-29.75082673575154,0.15504064952414828,0.33441063093140033,-26.22276672904081,-29.75082673575154,nan,0.12780832189641936,0.027232327627728946,3.1902786557204723,-29.714756918401502,0.1540574404472392,0.3626259510158474,-26.007794871217943,-29.714756918401502,nan,111.94043062635419,0.19940546439439338,0.0,0.06516818861025227,561.3709281554752,46.0,46.0,,6.854739312998589e-05,,,,,,,0.3712668441609803,,0,0.05628159853848329,1.0434908959593245,inf,-inf,-0.10376962660045341,0.06682298241251548,-0.0808386222012307,0.048693568302606814,inf,-inf,2.5021873675356088,0.12361372613900858,0.12361372613900858,0.12361372613900858,784,2.014616154366351,1.3547681510232905,1.9346672034413805,,,-3.5357462373113284,0.360425933295941,0.13732905827899264,18.540534083192817,1.2681222403825176,0.0,0.0,0.419635173088709,0.3952974039382182,0.12316857119558071,0.05628159853848329,0.9311817186526715,16.545047454825998,1.2186680171495143,5910
633,3.0448052057831934,-29.750719375701202,0.15511121187536595,0.3355169431034679,-26.215286014939178,-29.750719375701202,nan,0.12795664319877717,0.027154568676588765,3.1902786557204723,-29.714756918401502,0.1540574404472392,0.3626259510158474,-26.007794871217943,-29.714756918401502,nan,102.7491592773234,0.20000275466395911,0.0,0.06544577597818976,513.7387204989282,46.0,46.0,,6.814157821524022e-05,,,,,,,0.3712668441609803,,0,0.05628159853848329,1.0434908959593245,inf,-inf,-0.10225686780422813,0.06031159943803823,-0.07954549680888971,0.04617977454406744,inf,-inf,2.498877710670002,0.12358514647132043,0.12358514647132043,0.12358514647132043,784,2.014616154366351,1.3547681510232905,1.9346672034413805,,,-3.5357462373113284,0.360425933295941,0.13732905827899264,18.540534083192817,1.2681222403825176,0.0,0.0,0.419635173088709,0.3952974039382182,0.12316857119558071,0.05628159853848329,0.9311817186526715,16.545047454825998,1.2186680171495143,5910
634,3.025076848593077,-29.75534585147207,0.1551702656840152,0.3337696760020282,-26.241329061192953,-29.75534585147207,nan,0.1281009360892976,0.027069329594717674,3.1902786557204723,-29.714756918401502,0.1540574404472392,0.3626259510158474,-26.007794871217943,-29.714756918401502,nan,84.15305149429668,0.20289019410674866,0.0,0.06351872754747001,414.7714080751502,46.0,46.0,,6.77368216429532e-05,,,,,,,0.3712668441609803,,0,0.05628159853848329,1.0434908959593245,inf,-inf,-0.10193270009225669,0.06488346880568725,-0.08236010827605786,0.04590249477825531,inf,-inf,2.4961084784364327,0.1235372579617312,0.1235372579617312,0.1235372579617312,784,2.014616154366351,1.3547681510232905,1.9346672034413805,,,-3.5357462373113284,0.360425933295941,0.13732905827899264,18.540534083192817,1.2681222403825176,0.0,0.0,0.419635173088709,0.3952974039382182,0.12316857119558071,0.05628159853848329,0.9311817186526715,16.545047454825998,1.2186680171495143,5910
635,3.030663837043783,-29.748736263772965,0.15522641084897312,0.3317878714652885,-26.231058144414924,-29.748736263772965,nan,0.1282360870311297,0.02699032381784344,3.1709446947414612,-29.717121365899732,0.15435686831328443,0.36313489330882903,-26.028684909536157,-29.717121365899732,nan,83.50478603183817,0.21080792839123141,0.0,0.06232036547316432,396.1178626871396,46.0,46.0,,6.733312834495581e-05,,,,,,,0.3673000419227739,,0,0.05534246216965548,1.0313924241456696,inf,-inf,-0.10290923132063512,0.06227358367619261,-0.08247026005326853,0.04592211311579737,inf,-inf,2.4924405529252494,0.12353388388314351,0.12353388388314351,0.12353388388314351,784,2.004094568234419,1.3511979714349152,1.9334955261483513,,,-3.546586395620272,0.35686734695535927,0.1357256701827089,18.63654748471214,1.2703654602059378,0.0,0.0,0.4149626434467893,0.3909278805477042,0.12194077578568915,0.05534246216965548,0.9183722314558954,16.594350801389588,1.2199602667543163,5910
636,3.018557718855362,-29.755197132213233,0.15528691392930283,0.3344963071705533,-26.246856192258015,-29.755197132213233,nan,0.12837112023283062,0.026915793696472172,3.1709446947414612,-29.717121365899732,0.15435686831328443,0.36313489330882903,-26.028684909536157,-29.717121365899732,nan,95.98759177727469,0.21927120032797376,0.0,0.06603482684082419,437.7574055949972,46.0,46.0,,6.693050324012363e-05,,,,,,,0.3673000419227739,,0,0.05534246216965548,1.0313924241456696,inf,-inf,-0.10303736354795906,0.06768767939733894,-0.08186282997311534,0.047892731838946524,inf,-inf,2.4892059945582514,0.12352431038758296,0.12352431038758296,0.12352431038758296,784,2.004094568234419,1.3511979714349152,1.9334955261483513,,,-3.546586395620272,0.35686734695535927,0.1357256701827089,18.63654748471214,1.2703654602059378,0.0,0.0,0.4149626434467893,0.3909278805477042,0.12194077578568915,0.05534246216965548,0.9183722314558954,16.594350801389588,1.2199602667543163,5910
637,3.0223173972963413,-29.741204128476067,0.15536540403907242,0.3322305172069934,-26.231290809933657,-29.741204128476067,nan,0.12852604058990136,0.02683936344917106,3.1709446947414612,-29.717121365899732,0.15435686831328443,0.36313489330882903,-26.028684909536157,-29.717121365899732,nan,113.80918033889084,0.20428262322001622,0.0,0.0649141320497394,557.1163055622025,46.0,46.0,,6.652895123431637e-05,,,,,,,0.3673000419227739,,0,0.05534246216965548,1.0313924241456696,inf,-inf,-0.10198369859817868,0.06559412240412074,-0.08819621777660187,0.04613890224098037,inf,-inf,2.486564984506992,0.12348346883344798,0.12348346883344798,0.12348346883344798,784,2.004094568234419,1.3511979714349152,1.9334955261483513,,,-3.546586395620272,0.35686734695535927,0.1357256701827089,18.63654748471214,1.2703654602059378,0.0,0.0,0.4149626434467893,0.3909278805477042,0.12194077578568915,0.05534246216965548,0.9183722314558954,16.594350801389588,1.2199602667543163,5910
638,3.033722919916309,-29.749333756004262,0.15543702680656904,0.33176641081772085,-26.228407398463663,-29.749333756004262,nan,0.12867483611660702,0.026762190689962044,3.1709446947414612,-29.717121365899732,0.15435686831328443,0.36313489330882903,-26.028684909536157,-29.717121365899732,nan,92.07349863708305,0.20606804525920608,0.0,0.06483076406150627,446.8111420247952,46.0,46.0,,6.612847722031862e-05,,,,,,,0.3673000419227739,,0,0.05534246216965548,1.0313924241456696,inf,-inf,-0.10153489902930102,0.06515415137001218,-0.08459466021925705,0.046296709207680635,inf,-inf,2.4831768396852456,0.12346011913689257,0.12346011913689257,0.12346011913689257,784,2.004094568234419,1.3511979714349152,1.9334955261483513,,,-3.546586395620272,0.35686734695535927,0.1357256701827089,18.63654748471214,1.2703654602059378,0.0,0.0,0.4149626434467893,0.3909278805477042,0.12194077578568915,0.05534246216965548,0.9183722314558954,16.594350801389588,1.2199602667543163,5910
639,3.002611121416276,-29.752597216548065,0.15549926330126104,0.33286057535702074,-26.261626256473505,-29.752597216548065,nan,0.12881274378747404,0.026686519513787036,3.1709446947414612,-29.717121365899732,0.15435686831328443,0.36313489330882903,-26.028684909536157,-29.717121365899732,nan,98.35074307387478,0.20552419193509355,0.0,0.06235757688805221,478.5360893423917,46.0,46.0,,6.572908607777972e-05,,,,,,,0.3673000419227739,,0,0.05534246216965548,1.0313924241456696,inf,-inf,-0.10166244464085089,0.06544460308981648,-0.08373328589403037,0.050466417827297605,inf,-inf,2.4805616242086646,0.12339450330763231,0.12339450330763231,0.12339450330763231,784,2.004094568234419,1.3511979714349152,1.9334955261483513,,,-3.546586395620272,0.35686734695535927,0.1357256701827089,18.63654748471214,1.2703654602059378,0.0,0.0,0.4149626434467893,0.3909278805477042,0.12194077578568915,0.05534246216965548,0.9183722314558954,16.594350801389588,1.2199602667543163,5910
640,3.020787993520571,-29.750440904749592,0.15557010174299932,0.3307534074617354,-26.243329402024287,-29.750440904749592,nan,0.12895676686480081,0.026613334878198523,3.1340866997123094,-29.686754138862153,0.15468997210966845,0.3541035034554777,-26.043873963584698,-29.686754138862153,nan,101.71352361605378,0.20872219370245176,0.0,0.0654282889050088,487.31532479508905,46.0,46.0,,6.533078267315479e-05,,,,,,,0.3633553997426274,,0,0.05440775819261287,1.0196636472941747,inf,-inf,-0.10144199880420121,0.0673948828980378,-0.087196626634673,0.04682254199764751,inf,-inf,2.4775962895183588,0.12336276378741773,0.12336276378741773,0.12336276378741773,784,1.9939430353043517,1.3477313364586634,1.931490391359485,,,-3.557480981051954,0.3529318629728091,0.13413191781677095,18.74114429939181,1.2727961045741385,0.0,0.0,0.41032052796698704,0.3865934046801904,0.12071064574893434,0.05440775819261287,0.9047158107235533,16.62843389945792,1.2208513483866004,5910
641,2.9841835245412995,-29.752410762593563,0.15563522396363713,0.330429815321145,-26.28216219876748,-29.752410762593563,nan,0.1290963261805673,0.02653889778306981,3.1340866997123094,-29.686754138862153,0.15468997210966845,0.3541035034554777,-26.043873963584698,-29.686754138862153,nan,82.61678650408896,0.20309905744692963,0.0,0.06327821699955956,406.78074798883284,46.0,46.0,,6.493357185964518e-05,,,,,,,0.3633553997426274,,0,0.05440775819261287,1.0196636472941747,inf,-inf,-0.10107127073143977,0.06812766914237331,-0.08656390167547237,0.045794750615183566,inf,-inf,2.475267877186845,0.12330482176127436,0.12330482176127436,0.12330482176127436,784,1.9939430353043517,1.3477313364586634,1.931490391359485,,,-3.557480981051954,0.3529318629728091,0.13413191781677095,18.74114429939181,1.2727961045741385,0.0,0.0,0.41032052796698704,0.3865934046801904,0.12071064574893434,0.05440775819261287,0.9047158107235533,16.62843389945792,1.2208513483866004,5910
642,3.0100335207805182,-29.753795081434756,0.15570906473891102,0.33176183276133386,-26.256290663153994,-29.753795081434756,nan,0.12924245051315747,0.026466614225753474,3.1340866997123094,-29.686754138862153,0.15468997210966845,0.3541035034554777,-26.043873963584698,-29.686754138862153,nan,102.86386091843285,0.20698145426479114,0.0,0.06467712216627201,496.9713894600394,46.0,46.0,,6.453745847713916e-05,,,,,,,0.3633553997426274,,0,0.05440775819261287,1.0196636472941747,inf,-inf,-0.10059152247802669,0.06682566801007725,-0.0843216749608435,0.047615605219419654,inf,-inf,2.471815027969584,0.12331126936290478,0.12331126936290478,0.12331126936290478,784,1.9939430353043517,1.3477313364586634,1.931490391359485,,,-3.557480981051954,0.3529318629728091,0.13413191781677095,18.74114429939181,1.2727961045741385,0.0,0.0,0.41032052796698704,0.3865934046801904,0.12071064574893434,0.05440775819261287,0.9047158107235533,16.62843389945792,1.2208513483866004,5910
643,3.0061494221047647,-29.746399718144634,0.15578032633230182,0.3287022845682587,-26.255767685139308,-29.746399718144634,nan,0.1293823746806799,0.026397951651621974,3.1340866997123094,-29.686754138862153,0.15468997210966845,0.3541035034554777,-26.043873963584698,-29.686754138862153,nan,109.84127049023643,0.2026276345384682,0.0,0.05922105758265327,542.0843545868045,46.0,46.0,,6.414244735215339e-05,,,,,,,0.3633553997426274,,0,0.05440775819261287,1.0196636472941747,inf,-inf,-0.1003703608839853,0.06493423281873967,-0.08522547825721291,0.046271564444911505,inf,-inf,2.469096510433447,0.12329394459147619,0.12329394459147619,0.12329394459147619,784,1.9939430353043517,1.3477313364586634,1.931490391359485,,,-3.557480981051954,0.3529318629728091,0.13413191781677095,18.74114429939181,1.2727961045741385,0.0,0.0,0.41032052796698704,0.3865934046801904,0.12071064574893434,0.05440775819261287,0.9047158107235533,16.62843389945792,1.2208513483866004,5910
644,2.996624417040672,-29.75431685074855,0.15585252879045894,0.3296079736430236,-26.272231931274394,-29.75431685074855,nan,0.1295203228153827,0.02633220597507624,3.1340866997123094,-29.686754138862153,0.15468997210966845,0.3541035034554777,-26.043873963584698,-29.686754138862153,nan,99.195110738355,0.19888560714166706,0.0,0.059662629049887735,498.75459649374176,46.0,46.0,,6.374854329777377e-05,,,,,,,0.3633553997426274,,0,0.05440775819261287,1.0196636472941747,inf,-inf,-0.10030949727725297,0.06287314746134212,-0.08231107146749944,0.04594850122010852,inf,-inf,2.466123938405025,0.1232580125345053,0.1232580125345053,0.1232580125345053,784,1.9939430353043517,1.3477313364586634,1.931490391359485,,,-3.557480981051954,0.3529318629728091,0.13413191781677095,18.74114429939181,1.2727961045741385,0.0,0.0,0.41032052796698704,0.3865934046801904,0.12071064574893434,0.05440775819261287,0.9047158107235533,16.62843389945792,1.2208513483866004,5910
645,3.00056421443353,-29.75287516202227,0.15591907823920165,0.32978783135197,-26.266604037997567,-29.75287516202227,nan,0.1296545389480679,0.026264539291133742,3.10495541690654,-29.68424725459581,0.15504201142184787,0.3485347740898927,-26.07571505217753,-29.68424725459581,nan,104.54519430155163,0.20212944361118831,0.0,0.06487599363018012,517.2190277367628,46.0,46.0,,6.33557511135968e-05,,,,,,,0.35953862589946495,,0,0.05352967955134209,1.0088217118771117,inf,-inf,-0.09999855914684685,0.06791591205368888,-0.08361021066204423,0.04619354898975849,inf,-inf,2.4629699965874416,0.12323886450541126,0.12323886450541126,0.12323886450541126,784,1.9842161443745834,1.3443472123350728,1.9310337151487327,,,-3.5681502702583203,0.3492121074702599,0.13260160616037203,18.8460256129409,1.2752197770162212,0.0,0.0,0.4058307478007186,0.38252589054330977,0.11954789750225685,0.05352967955134209,0.8917346450057202,16.65869574560834,1.2216409963109605,5910
646,2.9842261789341724,-29.75364075506315,0.15600275683934575,0.32840015487620655,-26.285011664413425,-29.75364075506315,nan,0.12980325748703458,0.026199499352311136,3.10495541690654,-29.68424725459581,0.15504201142184787,0.3485347740898927,-26.07571505217753,-29.68424725459581,nan,89.01258651730659,0.2028034145216128,0.0,0.061486461018467595,438.91068958220376,46.0,46.0,,6.296407558567139e-05,,,,,,,0.35953862589946495,,0,0.05352967955134209,1.0088217118771117,inf,-inf,-0.1002651705150813,0.06850336231789189,-0.0870710130827187,0.045982974404417065,inf,-inf,2.4598807841103127,0.12323347278739062,0.12323347278739062,0.12323347278739062,784,1.9842161443745834,1.3443472123350728,1.9310337151487327,,,-3.5681502702583203,0.3492121074702599,0.13260160616037203,18.8460256129409,1.2752197770162212,0.0,0.0,0.4058307478007186,0.38252589054330977,0.11954789750225685,0.05352967955134209,0.8917346450057202,16.65869574560834,1.2216409963109605,5910
647,2.9697136803269033,-29.751903747418815,0.15607316980297833,0.32684266365789366,-26.29927423363104,-29.751903747418815,nan,0.12994002013083547,0.026133149672142874,3.10495541690654,-29.68424725459581,0.15504201142184787,0.3485347740898927,-26.07571505217753,-29.68424725459581,nan,88.79893767073618,0.20467691269917507,0.0,0.059545043774428034,433.84931157941037,46.0,46.0,,6.257352148644017e-05,,,,,,,0.35953862589946495,,0,0.05352967955134209,1.0088217118771117,inf,-inf,-0.10000734787337337,0.06281341501702345,-0.08279052626807429,0.04570366306789403,inf,-inf,2.457475979292314,0.12318566015473088,0.12318566015473088,0.12318566015473088,784,1.9842161443745834,1.3443472123350728,1.9310337151487327,,,-3.5681502702583203,0.3492121074702599,0.13260160616037203,18.8460256129409,1.2752197770162212,0.0,0.0,0.4058307478007186,0.38252589054330977,0.11954789750225685,0.05352967955134209,0.8917346450057202,16.65869574560834,1.2216409963109605,5910
648,2.9675523334531957,-29.755258875300644,0.1561407654043307,0.3266426114452909,-26.304923164997827,-29.755258875300644,nan,0.13007342527882507,0.02606734012550562,3.10495541690654,-29.68424725459581,0.15504201142184787,0.3485347740898927,-26.07571505217753,-29.68424725459581,nan,85.30495215109234,0.20570313872467919,0.0,0.059135022715027026,414.6993219450467,46.0,46.0,,6.218409357468167e-05,,,,,,,0.35953862589946495,,0,0.05352967955134209,1.0088217118771117,inf,-inf,-0.09912318497709537,0.06497714341234487,-0.08216807757128045,0.046099367481608935,inf,-inf,2.4548487819026397,0.1231492783805819,0.1231492783805819,0.1231492783805819,784,1.9842161443745834,1.3443472123350728,1.9310337151487327,,,-3.5681502702583203,0.3492121074702599,0.13260160616037203,18.8460256129409,1.2752197770162212,0.0,0.0,0.4058307478007186,0.38252589054330977,0.11954789750225685,0.05352967955134209,0.8917346450057202,16.65869574560834,1.2216409963109605,5910
649,2.975354494090604,-29.7500914190364,0.15621787067193804,0.3275604395852406,-26.29095861468862,-29.7500914190364,nan,0.13021384669191569,0.026004023980022415,3.10495541690654,-29.68424725459581,0.15504201142184787,0.3485347740898927,-26.07571505217753,-29.68424725459581,nan,105.02153402278728,0.20019994185915488,0.0,0.06307858695548496,524.5832393731276,46.0,46.0,,6.179579659545198e-05,,,,,,,0.35953862589946495,,0,0.05352967955134209,1.0088217118771117,inf,-inf,-0.09930333342524786,0.0620594867465,-0.08251445984316307,0.04787320778107013,inf,-inf,2.45244493983927,0.12310879922706534,0.12310879922706534,0.12310879922706534,784,1.9842161443745834,1.3443472123350728,1.9310337151487327,,,-3.5681502702583203,0.3492121074702599,0.13260160616037203,18.8460256129409,1.2752197770162212,0.0,0.0,0.4058307478007186,0.38252589054330977,0.11954789750225685,0.05352967955134209,0.8917346450057202,16.65869574560834,1.2216409963109605,5910
650,2.962956999636964,-29.757037991475183,0.1562955997324737,0.3269016957674288,-26.310883696338315,-29.757037991475183,nan,0.130353310541554,0.025942289190919666,3.104669909916831,-29.697492374409627,0.15540661654911964,0.35051018914237975,-26.0869056588013,-29.697492374409627,nan,83.85147885181071,0.20673612073906328,0.0,0.06090135018758467,405.5966540924204,46.0,46.0,,6.140863528002739e-05,,,,,,,0.3558455624568808,,0,0.052695704248343425,0.9984188821657874,inf,-inf,-0.09826824309716709,0.06735531242249207,-0.08451306839540973,0.046375100267309996,inf,-inf,2.449593967534255,0.12307142684488627,0.12307142684488627,0.12307142684488627,784,1.9751355029266648,1.3411922111170773,1.9292354339167181,,,-3.578583552693581,0.3454803597796926,0.1311139538707412,18.946874254881493,1.2775375728356813,0.0,0.0,0.4014782428668637,0.3787891971778226,0.11840121580348231,0.052695704248343425,0.8788267163697066,16.67738820280277,1.2221280380328454,5910
651,2.9697186763723664,-29.752843605606838,0.1563758320741284,0.32467101254498276,-26.30207808461536,-29.752843605606838,nan,0.13049471780616076,0.025881114267967634,3.104669909916831,-29.697492374409627,0.15540661654911964,0.35051018914237975,-26.0869056588013,-29.697492374409627,nan,83.80173917838204,0.1992001638434954,0.0,0.057734646773515606,420.69111571726484,46.0,46.0,,6.102261434584626e-05,,,,,,,0.3558455624568808,,0,0.052695704248343425,0.9984188821657874,inf,-inf,-0.09873699371312222,0.06468661862790591,-0.08391138879534835,0.04761925454481703,inf,-inf,2.4465551704043498,0.12304424180114534,0.12304424180114534,0.12304424180114534,784,1.9751355029266648,1.3411922111170773,1.9292354339167181,,,-3.578583552693581,0.3454803597796926,0.1311139538707412,18.946874254881493,1.2775375728356813,0.0,0.0,0.4014782428668637,0.3787891971778226,0.11840121580348231,0.052695704248343425,0.8788267163697066,16.67738820280277,1.2221280380328454,5910
652,2.969602763899324,-29.754678711390017,0.15644318890936476,0.3238421267698009,-26.304790631811528,-29.754678711390017,nan,0.13062405258073592,0.025819136328628783,3.104669909916831,-29.697492374409627,0.15540661654911964,0.35051018914237975,-26.0869056588013,-29.697492374409627,nan,72.33964528311463,0.20144327701268833,0.0,0.058530212127996674,359.1067736579671,46.0,46.0,,6.063773849645177e-05,,,,,,,0.3558455624568808,,0,0.052695704248343425,0.9984188821657874,inf,-inf,-0.09862996337009691,0.06303646123504306,-0.08338115969759274,0.04605921704806018,inf,-inf,2.443811551688466,0.12303358741785819,0.12303358741785819,0.12303358741785819,784,1.9751355029266648,1.3411922111170773,1.9292354339167181,,,-3.578583552693581,0.3454803597796926,0.1311139538707412,18.946874254881493,1.2775375728356813,0.0,0.0,0.4014782428668637,0.3787891971778226,0.11840121580348231,0.052695704248343425,0.8788267163697066,16.67738820280277,1.2221280380328454,5910
653,2.9682310003203503,-29.754464984075852,0.15652743010857173,0.3224462579608484,-26.30726029568608,-29.754464984075852,nan,0.130761759522711,0.025765670585860868,3.104669909916831,-29.697492374409627,0.15540661654911964,0.35051018914237975,-26.0869056588013,-29.697492374409627,nan,83.08507750252437,0.19763307179006695,0.0,0.05907935760633953,420.40067864137825,46.0,46.0,,6.025401242143489e-05,,,,,,,0.3558455624568808,,0,0.052695704248343425,0.9984188821657874,inf,-inf,-0.09809732254823599,0.06829719995352924,-0.0863324911275227,0.04573051340855713,inf,-inf,2.4407750471264884,0.12302990921978164,0.12302990921978164,0.12302990921978164,784,1.9751355029266648,1.3411922111170773,1.9292354339167181,,,-3.578583552693581,0.3454803597796926,0.1311139538707412,18.946874254881493,1.2775375728356813,0.0,0.0,0.4014782428668637,0.3787891971778226,0.11840121580348231,0.052695704248343425,0.8788267163697066,16.67738820280277,1.2221280380328454,5910
654,2.9680866249798803,-29.756758865394076,0.15659718923815835,0.32412895857612967,-26.30794609259991,-29.756758865394076,nan,0.13089329568609728,0.02570389355206103,3.104669909916831,-29.697492374409627,0.15540661654911964,0.35051018914237975,-26.0869056588013,-29.697492374409627,nan,82.791643789079,0.2056205272676113,0.0,0.0578927200604852,402.6428921725661,46.0,46.0,,5.9871440796376643e-05,,,,,,,0.3558455624568808,,0,0.052695704248343425,0.9984188821657874,inf,-inf,-0.09900122179269906,0.06770928750902941,-0.08287791877601204,0.04613259300587231,inf,-inf,2.4389012602272917,0.12296702341577655,0.12296702341577655,0.12296702341577655,784,1.9751355029266648,1.3411922111170773,1.9292354339167181,,,-3.578583552693581,0.3454803597796926,0.1311139538707412,18.946874254881493,1.2775375728356813,0.0,0.0,0.4014782428668637,0.3787891971778226,0.11840121580348231,0.052695704248343425,0.8788267163697066,16.67738820280277,1.2221280380328454,5910
655,2.9492155791538184,-29.753807895910967,0.15667009482392705,0.32299927885774354,-26.324922943075478,-29.753807895910967,nan,0.1310218341777456,0.025648260646181448,3.0836064058030663,-29.676651986918998,0.1557771386850026,0.34923709860934127,-26.088031343821587,-29.676651986918998,nan,89.32762444926661,0.20079708558176407,0.0,0.05959785487712573,444.86514428463965,46.0,46.0,,5.949002828279155e-05,,,,,,,0.3523123040926081,,0,0.051889919227178824,0.9878188410523261,inf,-inf,-0.09778021930440184,0.06688519643696669,-0.08413135111640133,0.04694894936501798,inf,-inf,2.435769328440705,0.12296309713020598,0.12296309713020598,0.12296309713020598,784,1.9663913160568944,1.3380952761100278,1.9284902068220053,,,-3.5886944278833726,0.34194092641708695,0.12970536194660542,19.03681593196483,1.2795943107072973,0.0,0.0,0.3973009043061907,0.3754310000231813,0.1173227934554552,0.051889919227178824,0.8661488044347111,16.692043798384656,1.222509515589864,5910
656,2.9442924805222597,-29.746499448794438,0.15676061898106128,0.32178399903735927,-26.32366235025376,-29.746499448794438,nan,0.13116946837747004,0.025591150603591194,3.0836064058030663,-29.676651986918998,0.1557771386850026,0.34923709860934127,-26.088031343821587,-29.676651986918998,nan,113.56723158119772,0.1996610756452054,0.0,0.06027838207286509,568.8000588707881,46.0,46.0,,5.910977952807064e-05,,,,,,,0.3523123040926081,,0,0.051889919227178824,0.9878188410523261,inf,-inf,-0.09609937813363534,0.06628762258567586,-0.0831659596201817,0.04644036750027958,inf,-inf,2.4331982309573594,0.12292699176734818,0.12292699176734818,0.12292699176734818,784,1.9663913160568944,1.3380952761100278,1.9284902068220053,,,-3.5886944278833726,0.34194092641708695,0.12970536194660542,19.03681593196483,1.2795943107072973,0.0,0.0,0.3973009043061907,0.3754310000231813,0.1173227934554552,0.051889919227178824,0.8661488044347111,16.692043798384656,1.222509515589864,5910
657,2.9399553830214957,-29.75601788364405,0.15683734908664151,0.3221289849745562,-26.33709616656136,-29.75601788364405,nan,0.13130431674911175,0.025533032337529796,3.0836064058030663,-29.676651986918998,0.1557771386850026,0.34923709860934127,-26.088031343821587,-29.676651986918998,nan,86.98852046237413,0.1946313015766259,0.0,0.05622038938326804,446.9400335799889,46.0,46.0,,5.873069916542515e-05,,,,,,,0.3523123040926081,,0,0.051889919227178824,0.9878188410523261,inf,-inf,-0.09762439123803415,0.062368288423707924,-0.07970134031910327,0.04598178777111237,inf,-inf,2.431209403738115,0.12288248780964432,0.12288248780964432,0.12288248780964432,784,1.9663913160568944,1.3380952761100278,1.9284902068220053,,,-3.5886944278833726,0.34194092641708695,0.12970536194660542,19.03681593196483,1.2795943107072973,0.0,0.0,0.3973009043061907,0.3754310000231813,0.1173227934554552,0.051889919227178824,0.8661488044347111,16.692043798384656,1.222509515589864,5910
658,2.9466762753096924,-29.75583835498519,0.15690913498243142,0.3228548870925982,-26.329398057600468,-29.75583835498519,nan,0.13143044643002674,0.025478688552404687,3.0836064058030663,-29.676651986918998,0.1557771386850026,0.34923709860934127,-26.088031343821587,-29.676651986918998,nan,106.39802855154217,0.19539578107984082,0.0,0.058152089827338736,544.525720890907,46.0,46.0,,5.8352791813829584e-05,,,,,,,0.3523123040926081,,0,0.051889919227178824,0.9878188410523261,inf,-inf,-0.09663614339652103,0.0625801920729567,-0.08246350154820849,0.04605959186422692,inf,-inf,2.4284611335494057,0.12286032624596838,0.12286032624596838,0.12286032624596838,784,1.9663913160568944,1.3380952761100278,1.9284902068220053,,,-3.5886944278833726,0.34194092641708695,0.12970536194660542,19.03681593196483,1.2795943107072973,0.0,0.0,0.3973009043061907,0.3754310000231813,0.1173227934554552,0.051889919227178824,0.8661488044347111,16.692043798384656,1.222509515589864,5910
659,2.9437777166914523,-29.753237985339336,0.15698509496687327,0.3221509665752301,-26.33032420710578,-29.753237985339336,nan,0.13156318607078693,0.02542190889608629,3.0836064058030663,-29.676651986918998,0.1557771386850026,0.34923709860934127,-26.088031343821587,-29.676651986918998,nan,102.35877907396116,0.20178149068901763,0.0,0.060146875324895,507.27536368395084,46.0,46.0,,5.797606207796578e-05,,,,,,,0.3523123040926081,,0,0.051889919227178824,0.9878188410523261,inf,-inf,-0.0962161028003759,0.06495229960703847,-0.08167761955191213,0.04593647607646255,inf,-inf,2.426168572667046,0.12281578860320769,0.12281578860320769,0.12281578860320769,784,1.9663913160568944,1.3380952761100278,1.9284902068220053,,,-3.5886944278833726,0.34194092641708695,0.12970536194660542,19.03681593196483,1.2795943107072973,0.0,0.0,0.3973009043061907,0.3754310000231813,0.1173227934554552,0.051889919227178824,0.8661488044347111,16.692043798384656,1.222509515589864,5910
660,2.9429211253455225,-29.757085939328828,0.15706715089861617,0.32175815110587036,-26.335339511978816,-29.757085939328828,nan,0.13169595440774842,0.025371196490867748,3.0641423986714162,-29.706976586632496,0.1561653397022911,0.34684659244735594,-26.13982225581143,-29.706976586632496,nan,81.42118249097109,0.19711797902933229,0.0,0.056858658943082056,413.0581233224553,46.0,46.0,,5.760051454816662e-05,,,,,,,0.34882601796903273,,0,0.05111448186920985,0.9767122223776283,inf,-inf,-0.09638693663866876,0.06547739685040352,-0.08349009044275989,0.045881392641989774,inf,-inf,2.4236788305763444,0.1227910924608051,0.1227910924608051,0.1227910924608051,784,1.9584447419300755,1.3352831779510919,1.9266857664975292,,,-3.5987682287138436,0.33867091749684325,0.12831314304166838,19.108326772768805,1.281222659573681,0.0,0.0,0.39318708854280054,0.37194180677514,0.11624550598478889,0.05111448186920985,0.8530401172094958,16.688814715802625,1.2224254930204166,5910
661,2.939000172719291,-29.752623222399976,0.1571478118627858,0.32044570696211244,-26.33602953085579,-29.752623222399976,nan,0.13182716068985173,0.025320651172934017,3.0641423986714162,-29.706976586632496,0.1561653397022911,0.34684659244735594,-26.13982225581143,-29.706976586632496,nan,79.9095892828589,0.19968659364476962,0.0,0.05717034681324636,400.17503340766694,46.0,46.0,,5.722615380036028e-05,,,,,,,0.34882601796903273,,0,0.05111448186920985,0.9767122223776283,inf,-inf,-0.09599318519516714,0.07018133956409135,-0.0913157544946491,0.04573896913122711,inf,-inf,2.4210759296103856,0.12277261194777833,0.12277261194777833,0.12277261194777833,784,1.9584447419300755,1.3352831779510919,1.9266857664975292,,,-3.5987682287138436,0.33867091749684325,0.12831314304166838,19.108326772768805,1.281222659573681,0.0,0.0,0.39318708854280054,0.37194180677514,0.11624550598478889,0.05111448186920985,0.8530401172094958,16.688814715802625,1.2224254930204166,5910
662,2.915430923530317,-29.755026105349646,0.15722688076116006,0.3206553013690357,-26.361712999689132,-29.755026105349646,nan,0.13195886443896657,0.02526801632219348,3.0641423986714162,-29.706976586632496,0.1561653397022911,0.34684659244735594,-26.13982225581143,-29.706976586632496,nan,98.14893502173199,0.1959040637556774,0.0,0.054641017347780874,501.0050998438647,46.0,46.0,,5.685298439601439e-05,,,,,,,0.34882601796903273,,0,0.05111448186920985,0.9767122223776283,inf,-inf,-0.09597105561030839,0.06782750661069281,-0.08722453016216977,0.046089371025448606,inf,-inf,2.4187200598570797,0.12271303937405187,0.12271303937405187,0.12271303937405187,784,1.9584447419300755,1.3352831779510919,1.9266857664975292,,,-3.5987682287138436,0.33867091749684325,0.12831314304166838,19.108326772768805,1.281222659573681,0.0,0.0,0.39318708854280054,0.37194180677514,0.11624550598478889,0.05111448186920985,0.8530401172094958,16.688814715802625,1.2224254930204166,5910
663,2.9309566246735606,-29.75724643860464,0.15731712315100677,0.3195157587937024,-26.34945693198637,-29.75724643860464,nan,0.1320981512664956,0.0252189718845112,3.0641423986714162,-29.706976586632496,0.1561653397022911,0.34684659244735594,-26.13982225581143,-29.706976586632496,nan,79.43598238779123,0.20157240502293544,0.0,0.06085881990309861,394.08163224898163,46.0,46.0,,5.648101088208027e-05,,,,,,,0.34882601796903273,,0,0.05111448186920985,0.9767122223776283,inf,-inf,-0.0950793016702428,0.06380709600665159,-0.08481406091373614,0.04571878195138207,inf,-inf,2.4157549822547484,0.12272005117178175,0.12272005117178175,0.12272005117178175,784,1.9584447419300755,1.3352831779510919,1.9266857664975292,,,-3.5987682287138436,0.33867091749684325,0.12831314304166838,19.108326772768805,1.281222659573681,0.0,0.0,0.39318708854280054,0.37194180677514,0.11624550598478889,0.05111448186920985,0.8530401172094958,16.688814715802625,1.2224254930204166,5910
664,2.9300953800641008,-29.756906007691374,0.15739697532869987,0.3191794388812326,-26.350234213417345,-29.756906007691374,nan,0.1322313284658115,0.02516564686288837,3.0641423986714162,-29.706976586632496,0.1561653397022911,0.34684659244735594,-26.13982225581143,-29.706976586632496,nan,95.28443163022243,0.19934644895908013,0.0,0.053023975185688466,477.98409315924897,46.0,46.0,,5.611023779093791e-05,,,,,,,0.34882601796903273,,0,0.05111448186920985,0.9767122223776283,inf,-inf,-0.09508373214041171,0.06697151193290382,-0.0851747245402531,0.04629035622912376,inf,-inf,2.4134381724752907,0.12269107237656682,0.12269107237656682,0.12269107237656682,784,1.9584447419300755,1.3352831779510919,1.9266857664975292,,,-3.5987682287138436,0.33867091749684325,0.12831314304166838,19.108326772768805,1.281222659573681,0.0,0.0,0.39318708854280054,0.37194180677514,0.11624550598478889,0.05111448186920985,0.8530401172094958,16.688814715802625,1.2224254930204166,5910
665,2.9115190093574137,-29.753750115040454,0.15746354296984483,0.31982649998512586,-26.36494106272807,-29.753750115040454,nan,0.13234514745552017,0.02511839551432462,3.0718159570976207,-29.722671772371214,0.15654703622974875,0.3474136521524998,-26.146895126891344,-29.722671772371214,nan,116.53860599396057,0.20075026677308952,0.0,0.0562224558039597,580.5153231785519,46.0,46.0,,5.5740669640340355e-05,,,,,,,0.345532137194986,,0,0.050377287215364934,0.9655227644922204,inf,-inf,-0.09319036596797935,0.059613354835322326,-0.08130933682693428,0.048410131452110754,inf,-inf,2.411337273105694,0.12265624016382799,0.12265624016382799,0.12265624016382799,784,1.9507286652467493,1.3325301922085968,1.9250506950157218,,,-3.6083992182804256,0.33530859983885075,0.1269966708026467,19.165834801000134,1.282527740447767,0.0,0.0,0.3892932947515749,0.3684591851785519,0.11523372122316632,0.050377287215364934,0.840358824061083,16.68130362932238,1.222229987362761,5910
666,2.912554833614994,-29.758820034479083,0.1575483520936471,0.31874236991027954,-26.36997447886016,-29.758820034479083,nan,0.13248091184584496,0.025067440247802143,3.0718159570976207,-29.722671772371214,0.15654703622974875,0.3474136521524998,-26.146895126891344,-29.722671772371214,nan,80.56861925931902,0.1947316906684138,0.0,0.052760038586762696,413.74169239104515,46.0,46.0,,5.537231093335885e-05,,,,,,,0.345532137194986,,0,0.050377287215364934,0.9655227644922204,inf,-inf,-0.09491232702852963,0.061117007606323805,-0.08091268776334883,0.04581559772434554,inf,-inf,2.40891885610823,0.1226454509486007,0.1226454509486007,0.1226454509486007,784,1.9507286652467493,1.3325301922085968,1.9250506950157218,,,-3.6083992182804256,0.33530859983885075,0.1269966708026467,19.165834801000134,1.282527740447767,0.0,0.0,0.3892932947515749,0.3684591851785519,0.11523372122316632,0.050377287215364934,0.840358824061083,16.68130362932238,1.222229987362761,5910
667,2.9209761203253772,-29.751416000508897,0.15761432931372674,0.3192339924315929,-26.3535915584382,-29.751416000508897,nan,0.13259749622457168,0.025016833089155078,3.0718159570976207,-29.722671772371214,0.15654703622974875,0.3474136521524998,-26.146895126891344,-29.722671772371214,nan,110.40081454769008,0.19412434865419242,0.0,0.05514264242099874,568.7118350328889,46.0,46.0,,5.500516615832805e-05,,,,,,,0.345532137194986,,0,0.050377287215364934,0.9655227644922204,inf,-inf,-0.09421693351327044,0.06432588679285293,-0.08420388354330467,0.04681066226882358,inf,-inf,2.4069137317802514,0.12257540274790203,0.12257540274790203,0.12257540274790203,784,1.9507286652467493,1.3325301922085968,1.9250506950157218,,,-3.6083992182804256,0.33530859983885075,0.1269966708026467,19.165834801000134,1.282527740447767,0.0,0.0,0.3892932947515749,0.3684591851785519,0.11523372122316632,0.050377287215364934,0.840358824061083,16.68130362932238,1.222229987362761,5910
668,2.924437269928646,-29.76226536920189,0.15768580567346946,0.3194972603895608,-26.360645033210215,-29.76226536920189,nan,0.13271931769607184,0.02496648797739756,3.0718159570976207,-29.722671772371214,0.15654703622974875,0.3474136521524998,-26.146895126891344,-29.722671772371214,nan,115.42474377936897,0.19936571228076955,0.0,0.05590893967086551,578.9598545251084,46.0,46.0,,5.46392397887912e-05,,,,,,,0.345532137194986,,0,0.050377287215364934,0.9655227644922204,inf,-inf,-0.09388553588516546,0.06020909564782969,-0.08057039723847176,0.04798368254174348,inf,-inf,2.4043897714289244,0.12256607573893259,0.12256607573893259,0.12256607573893259,784,1.9507286652467493,1.3325301922085968,1.9250506950157218,,,-3.6083992182804256,0.33530859983885075,0.1269966708026467,19.165834801000134,1.282527740447767,0.0,0.0,0.3892932947515749,0.3684591851785519,0.11523372122316632,0.050377287215364934,0.840358824061083,16.68130362932238,1.222229987362761,5910
669,2.9243886987470176,-29.762805227765842,0.15776462665733232,0.31993614288177946,-26.360715759479714,-29.762805227765842,nan,0.13284549092059797,0.024919135736734394,3.0718159570976207,-29.722671772371214,0.15654703622974875,0.3474136521524998,-26.146895126891344,-29.722671772371214,nan,90.45155138063389,0.1972285829377047,0.0,0.05423436582987391,458.6127935077407,46.0,46.0,,5.42745362834456e-05,,,,,,,0.345532137194986,,0,0.050377287215364934,0.9655227644922204,inf,-inf,-0.09290015383392303,0.06455392771879759,-0.08030495320694428,0.045988929515325336,inf,-inf,2.4019478352240964,0.12253560939430509,0.12253560939430509,0.12253560939430509,784,1.9507286652467493,1.3325301922085968,1.9250506950157218,,,-3.6083992182804256,0.33530859983885075,0.1269966708026467,19.165834801000134,1.282527740447767,0.0,0.0,0.3892932947515749,0.3684591851785519,0.11523372122316632,0.050377287215364934,0.840358824061083,16.68130362932238,1.222229987362761,5910
670,2.9110253828001853,-29.749950856628512,0.1578465795594254,0.31734996989460773,-26.363728924374293,-29.749950856628512,nan,0.13296853134654119,0.02487804821288427,3.0466383400342405,-29.71048854699538,0.1569279988339204,0.3427397376715504,-26.164182470455664,-29.71048854699538,nan,122.79281057012244,0.20594763203140734,0.0,0.054344819345964336,596.2331751957039,46.0,46.0,,5.391106008608832e-05,,,,,,,0.3423608333811643,,0,0.049666290546483916,0.9549792815474099,inf,-inf,-0.09396300093950946,0.061635467339225564,-0.08191005064946658,0.046113642914605533,inf,-inf,2.399179940944408,0.12252900631271983,0.12252900631271983,0.12252900631271983,784,1.9432815873282685,1.3298507290764374,1.9234035078622078,,,-3.617767507807625,0.3320290138866684,0.12573487298730368,19.227916380298645,1.2839322247706388,0.0,0.0,0.38553375449962024,0.36558918449925804,0.11425208306343528,0.049666290546483916,0.828414532798019,16.679613550415755,1.222185984259381,5910
671,2.89533803727819,-29.755266139616104,0.15793221408341354,0.3174205116606736,-26.384575376593826,-29.755266139616104,nan,0.1331045032910499,0.02482771079236374,3.0466383400342405,-29.71048854699538,0.1569279988339204,0.3427397376715504,-26.164182470455664,-29.71048854699538,nan,127.99689108841768,0.2043479223355511,0.0,0.054221421617223264,626.3674698793335,46.0,46.0,,5.3548815625562155e-05,,,,,,,0.3423608333811643,,0,0.049666290546483916,0.9549792815474099,inf,-inf,-0.09285335275346615,0.0654361049839339,-0.08289043819760233,0.04622037747994884,inf,-inf,2.3971674333076116,0.12247932267438354,0.12247932267438354,0.12247932267438354,784,1.9432815873282685,1.3298507290764374,1.9234035078622078,,,-3.617767507807625,0.3320290138866684,0.12573487298730368,19.227916380298645,1.2839322247706388,0.0,0.0,0.38553375449962024,0.36558918449925804,0.11425208306343528,0.049666290546483916,0.828414532798019,16.679613550415755,1.222185984259381,5910
672,2.9020189866465653,-29.753938963463323,0.15800929537340186,0.3174076836215788,-26.37650299782178,-29.753938963463323,nan,0.13322422358000996,0.024785071793391903,3.0466383400342405,-29.71048854699538,0.1569279988339204,0.3427397376715504,-26.164182470455664,-29.71048854699538,nan,102.98267630121072,0.19894758907135765,0.0,0.05486332714546599,517.6372168263539,46.0,46.0,,5.3187807315701605e-05,,,,,,,0.3423608333811643,,0,0.049666290546483916,0.9549792815474099,inf,-inf,-0.09259948067936079,0.06724066295394746,-0.08770324952627245,0.04578009705932837,inf,-inf,2.3950336857245524,0.12245395721868647,0.12245395721868647,0.12245395721868647,784,1.9432815873282685,1.3298507290764374,1.9234035078622078,,,-3.617767507807625,0.3320290138866684,0.12573487298730368,19.227916380298645,1.2839322247706388,0.0,0.0,0.38553375449962024,0.36558918449925804,0.11425208306343528,0.049666290546483916,0.828414532798019,16.679613550415755,1.222185984259381,5910
673,2.893077970910877,-29.757521427892875,0.15808803752969128,0.31769873874317983,-26.38865668070913,-29.757521427892875,nan,0.1333479194015115,0.024740118128179823,3.0466383400342405,-29.71048854699538,0.1569279988339204,0.3427397376715504,-26.164182470455664,-29.71048854699538,nan,95.34400261354192,0.2030039096340256,0.0,0.05361194253242031,469.66584429545026,46.0,46.0,,5.282803955527895e-05,,,,,,,0.3423608333811643,,0,0.049666290546483916,0.9549792815474099,inf,-inf,-0.09098548671426952,0.06766929172870834,-0.08630344361507898,0.04617932993787727,inf,-inf,2.3933606769793867,0.12238327182556864,0.12238327182556864,0.12238327182556864,784,1.9432815873282685,1.3298507290764374,1.9234035078622078,,,-3.617767507807625,0.3320290138866684,0.12573487298730368,19.227916380298645,1.2839322247706388,0.0,0.0,0.38553375449962024,0.36558918449925804,0.11425208306343528,0.049666290546483916,0.828414532798019,16.679613550415755,1.222185984259381,5910
674,2.8975775450505683,-29.757338934780833,0.15815382139455397,0.3171797849498689,-26.384427783385846,-29.757338934780833,nan,0.13346064269378968,0.024693178700764266,3.0466383400342405,-29.71048854699538,0.1569279988339204,0.3427397376715504,-26.164182470455664,-29.71048854699538,nan,112.87151503686583,0.20479205494420197,0.0,0.05391373568870648,551.151826019906,46.0,46.0,,5.246951672795077e-05,,,,,,,0.3423608333811643,,0,0.049666290546483916,0.9549792815474099,inf,-inf,-0.09211931027647954,0.061559753041955954,-0.07480700078355916,0.046272364469327164,inf,-inf,2.3909363523019493,0.12235242330529991,0.12235242330529991,0.12235242330529991,784,1.9432815873282685,1.3298507290764374,1.9234035078622078,,,-3.617767507807625,0.3320290138866684,0.12573487298730368,19.227916380298645,1.2839322247706388,0.0,0.0,0.38553375449962024,0.36558918449925804,0.11425208306343528,0.049666290546483916,0.828414532798019,16.679613550415755,1.222185984259381,5910
675,2.902925229049862,-29.758635410529084,0.15822908368040758,0.3177523032653158,-26.3797287945335,-29.758635410529084,nan,0.1335858945555765,0.024643189124831075,3.002390393330113,-29.67951576232116,0.15730549639134905,0.338910796661004,-26.180909075938693,-29.67951576232116,nan,98.00037113585914,0.19389129860689144,0.0,0.05363198101774135,505.43975846255915,46.0,46.0,,5.2112243202204596e-05,,,,,,,0.3392764594233672,,0,0.04899450892694099,0.9451200289163206,inf,-inf,-0.0915486007658684,0.06059195360533607,-0.08020298681515195,0.04610419723331872,inf,-inf,2.389274893134738,0.12230020890756563,0.12230020890756563,0.12230020890756563,784,1.9366524634073714,1.3274784982849859,1.9229272435402396,,,-3.6269788114922834,0.3289482367025157,0.12451816871272733,19.290325581702486,1.2853395577187177,0.0,0.0,0.3818712834491385,0.3622101268865493,0.11330246700487284,0.04899450892694099,0.8168874842557646,16.673041574391135,1.222014833090219,5910
676,2.8878211722134495,-29.75895665479456,0.15831335922478038,0.3160052542188206,-26.39681686913751,-29.75895665479456,nan,0.13370880961504197,0.02460454960973843,3.002390393330113,-29.67951576232116,0.15730549639134905,0.338910796661004,-26.180909075938693,-29.67951576232116,nan,86.36167487679832,0.19283991654743027,0.0,0.05161660484512224,447.8412790411942,46.0,46.0,,5.175622333130567e-05,,,,,,,0.3392764594233672,,0,0.04899450892694099,0.9451200289163206,inf,-inf,-0.09136094292318611,0.07325784954374466,-0.09144886211184572,0.045848986163066735,inf,-inf,2.3868768223235555,0.12227873045360435,0.12227873045360435,0.12227873045360435,784,1.9366524634073714,1.3274784982849859,1.9229272435402396,,,-3.6269788114922834,0.3289482367025157,0.12451816871272733,19.290325581702486,1.2853395577187177,0.0,0.0,0.3818712834491385,0.3622101268865493,0.11330246700487284,0.04899450892694099,0.8168874842557646,16.673041574391135,1.222014833090219,5910
677,2.9004727428486725,-29.755144559416635,0.15838755674296492,0.3156251635724855,-26.38065909625251,-29.755144559416635,nan,0.1338250254405912,0.024562531302373788,3.002390393330113,-29.67951576232116,0.15730549639134905,0.338910796661004,-26.180909075938693,-29.67951576232116,nan,90.46232391126414,0.20507621108310264,0.0,0.05308132273615702,441.1156390762762,46.0,46.0,,5.140146145324369e-05,,,,,,,0.3392764594233672,,0,0.04899450892694099,0.9451200289163206,inf,-inf,-0.09025244701110327,0.06026562428029818,-0.08344682061279898,0.0466362757542684,inf,-inf,2.384757783555755,0.12224849142537512,0.12224849142537512,0.12224849142537512,784,1.9366524634073714,1.3274784982849859,1.9229272435402396,,,-3.6269788114922834,0.3289482367025157,0.12451816871272733,19.290325581702486,1.2853395577187177,0.0,0.0,0.3818712834491385,0.3622101268865493,0.11330246700487284,0.04899450892694099,0.8168874842557646,16.673041574391135,1.222014833090219,5910
678,2.884412515493745,-29.75562880301613,0.1584722986129351,0.3154631088855892,-26.39728088002386,-29.75562880301613,nan,0.1339538146642532,0.024518483948681894,3.002390393330113,-29.67951576232116,0.15730549639134905,0.338910796661004,-26.180909075938693,-29.67951576232116,nan,110.13930973220972,0.1870896450050087,0.0,0.053037359463030474,588.6980529000476,46.0,46.0,,5.1047961890680145e-05,,,,,,,0.3392764594233672,,0,0.04899450892694099,0.9451200289163206,inf,-inf,-0.09098893403103184,0.06658403615355263,-0.08869035628311535,0.04931831057522779,inf,-inf,2.3827827865007953,0.12222369353141677,0.12222369353141677,0.12222369353141677,784,1.9366524634073714,1.3274784982849859,1.9229272435402396,,,-3.6269788114922834,0.3289482367025157,0.12451816871272733,19.290325581702486,1.2853395577187177,0.0,0.0,0.3818712834491385,0.3622101268865493,0.11330246700487284,0.04899450892694099,0.8168874842557646,16.673041574391135,1.222014833090219,5910
679,2.8683584322205524,-29.758129454418057,0.15853658917010724,0.3155136191623749,-26.415720813865022,-29.758129454418057,nan,0.13405924912502784,0.024477340045079465,3.002390393330113,-29.67951576232116,0.15730549639134905,0.338910796661004,-26.180909075938693,-29.67951576232116,nan,105.12211073376714,0.19899103427234532,0.0,0.05160016631283216,528.2756136132936,46.0,46.0,,5.069572895089572e-05,,,,,,,0.3392764594233672,,0,0.04899450892694099,0.9451200289163206,inf,-inf,-0.08948544314289535,0.0621503802469535,-0.08105439320074515,0.046223504664086854,inf,-inf,2.380417025607822,0.12219695051466363,0.12219695051466363,0.12219695051466363,784,1.9366524634073714,1.3274784982849859,1.9229272435402396,,,-3.6269788114922834,0.3289482367025157,0.12451816871272733,19.290325581702486,1.2853395577187177,0.0,0.0,0.3818712834491385,0.3622101268865493,0.11330246700487284,0.04899450892694099,0.8168874842557646,16.673041574391135,1.222014833090219,5910
680,2.881812258168758,-29.75954296278875,0.1586308158544021,0.31594857273069615,-26.403151316034894,-29.75954296278875,nan,0.13419479124228229,0.024436024612119824,3.010708882711198,-29.684269093416148,0.15768368297241964,0.3405415935502444,-26.175334934182285,-29.684269093416148,nan,98.4127804330292,0.19085978736643344,0.0,0.051222159567613446,515.6286810908241,46.0,46.0,,5.034476692573763e-05,,,,,,,0.33635338974702855,,0,0.04835311929907562,0.9347483100001298,inf,-inf,-0.08943597878521829,0.06794378843009449,-0.08838982094918374,0.0460333843751672,inf,-inf,2.3785781399225043,0.12216991711225395,0.12216991711225395,0.12216991711225395,784,1.9300800663739428,1.3250871352385478,1.922054088141394,,,-3.6357973945577307,0.3260876774840782,0.12335950524748734,19.331706486576135,1.2862701926209894,0.0,0.0,0.37840658746064904,0.3588806109163371,0.1123936053626282,0.04835311929907562,0.805035228729035,16.649085734256342,1.2213903897060427,5910
681,2.8704278558181473,-29.754809456712827,0.1587038481511888,0.3143739549970408,-26.411303797746452,-29.754809456712827,nan,0.13430440210367844,0.02439944604751036,3.010708882711198,-29.684269093416148,0.15768368297241964,0.3405415935502444,-26.175334934182285,-29.684269093416148,nan,102.52969702776686,0.2006241692522952,0.0,0.05272807167527056,511.0535655294378,46.0,46.0,,4.999508009156739e-05,,,,,,,0.33635338974702855,,0,0.04835311929907562,0.9347483100001298,inf,-inf,-0.08955279359648957,0.06768277264864828,-0.08677746920364782,0.04580066420728111,inf,-inf,2.3766836616965605,0.12212935157097407,0.12212935157097407,0.12212935157097407,784,1.9300800663739428,1.3250871352385478,1.922054088141394,,,-3.6357973945577307,0.3260876774840782,0.12335950524748734,19.331706486576135,1.2862701926209894,0.0,0.0,0.37840658746064904,0.3588806109163371,0.1123936053626282,0.04835311929907562,0.805035228729035,16.649085734256342,1.2213903897060427,5910
682,2.8875154179579474,-29.757413391803812,0.15877459833218613,0.3151085218211066,-26.396014853692574,-29.757413391803812,nan,0.13441202865999657,0.024362569672189565,3.010708882711198,-29.684269093416148,0.15768368297241964,0.3405415935502444,-26.175334934182285,-29.684269093416148,nan,96.26587180417089,0.1969131599427104,0.0,0.0539044940567733,488.87474982463505,46.0,46.0,,4.964667270920864e-05,,,,,,,0.33635338974702855,,0,0.04835311929907562,0.9347483100001298,inf,-inf,-0.08928130170613008,0.06496201031723917,-0.0814302637609702,0.04577066875667023,inf,-inf,2.3743404425450456,0.12212687337515526,0.12212687337515526,0.12212687337515526,784,1.9300800663739428,1.3250871352385478,1.922054088141394,,,-3.6357973945577307,0.3260876774840782,0.12335950524748734,19.331706486576135,1.2862701926209894,0.0,0.0,0.37840658746064904,0.3588806109163371,0.1123936053626282,0.04835311929907562,0.805035228729035,16.649085734256342,1.2213903897060427,5910
683,2.855096578982514,-29.760405565961097,0.15885372727274882,0.31391392906520926,-26.432541330640625,-29.760405565961097,nan,0.1345299861860666,0.024323741086682206,3.010708882711198,-29.684269093416148,0.15768368297241964,0.3405415935502444,-26.175334934182285,-29.684269093416148,nan,79.05102060759984,0.19171853443844036,0.0,0.05130415879789096,412.32852545606454,46.0,46.0,,4.9299549023895496e-05,,,,,,,0.33635338974702855,,0,0.04835311929907562,0.9347483100001298,inf,-inf,-0.08915619446600268,0.06773565993936806,-0.08525093351066013,0.04544434332128636,inf,-inf,2.372244279717473,0.12210942345811227,0.12210942345811227,0.12210942345811227,784,1.9300800663739428,1.3250871352385478,1.922054088141394,,,-3.6357973945577307,0.3260876774840782,0.12335950524748734,19.331706486576135,1.2862701926209894,0.0,0.0,0.37840658746064904,0.3588806109163371,0.1123936053626282,0.04835311929907562,0.805035228729035,16.649085734256342,1.2213903897060427,5910
684,2.8492965274794035,-29.75386845454568,0.15892935350225282,0.313555068098681,-26.432087505465347,-29.75386845454568,nan,0.13464782289005842,0.02428153061219435,3.010708882711198,-29.684269093416148,0.15768368297241964,0.3405415935502444,-26.175334934182285,-29.684269093416148,nan,89.7349243438453,0.1974314621192463,0.0,0.052547100445029124,454.5117752794964,46.0,46.0,,4.895371326522042e-05,,,,,,,0.33635338974702855,,0,0.04835311929907562,0.9347483100001298,inf,-inf,-0.08933529825213944,0.07013337888579241,-0.08819085754631123,0.04690284352059989,inf,-inf,2.370244175727999,0.12204442819359922,0.12204442819359922,0.12204442819359922,784,1.9300800663739428,1.3250871352385478,1.922054088141394,,,-3.6357973945577307,0.3260876774840782,0.12335950524748734,19.331706486576135,1.2862701926209894,0.0,0.0,0.37840658746064904,0.3588806109163371,0.1123936053626282,0.04835311929907562,0.805035228729035,16.649085734256342,1.2213903897060427,5910
685,2.8768398158054014,-29.755861396369447,0.15900827113422472,0.31421084650735603,-26.405802462922463,-29.755861396369447,nan,0.13476614126028616,0.024242129873938603,2.975162666056956,-29.67702995637708,0.15806531513006444,0.336274659328781,-26.20752731586128,-29.67702995637708,nan,120.41770273279391,0.19495890543803182,0.0,0.0527824528743897,617.6568465146055,46.0,46.0,,4.860916964708305e-05,,,,,,,0.33350122917291714,,0,0.0477220652936863,0.9243593047471372,inf,-inf,-0.08891105629100643,0.061036151982904616,-0.08269890049301427,0.04614366142613429,inf,-inf,2.368141964205005,0.12201811883694824,0.12201811883694824,0.12201811883694824,784,1.9239343099497357,1.32284236855586,1.921777290830073,,,-3.644487605508049,0.32317975160862245,0.12222887698077183,19.36964167536629,1.2871215866535168,0.0,0.0,0.37502454848715855,0.35641317123464045,0.11150470373501092,0.0477220652936863,0.793458690701507,16.62666286168639,1.220805090699385,5910
686,2.8579439255147068,-29.759708810792127,0.15908211737280756,0.3134538822908434,-26.429228885613767,-29.759708810792127,nan,0.1348800481526386,0.024202069220168976,2.975162666056956,-29.67702995637708,0.15806531513006444,0.336274659328781,-26.20752731586128,-29.67702995637708,nan,86.07855743736714,0.19310782190423928,0.0,0.050212097097112225,445.75386221306377,46.0,46.0,,4.826592236763866e-05,,,,,,,0.33350122917291714,,0,0.0477220652936863,0.9243593047471372,inf,-inf,-0.08922848147776735,0.06219748791517653,-0.08200687153443473,0.04599862074968802,inf,-inf,2.3659871111803463,0.12200348054715277,0.12200348054715277,0.12200348054715277,784,1.9239343099497357,1.32284236855586,1.921777290830073,,,-3.644487605508049,0.32317975160862245,0.12222887698077183,19.36964167536629,1.2871215866535168,0.0,0.0,0.37502454848715855,0.35641317123464045,0.11150470373501092,0.0477220652936863,0.793458690701507,16.62666286168639,1.220805090699385,5910
687,2.8537629818384826,-29.760218765389393,0.15917216962944658,0.3127835533585837,-26.43450006056288,-29.760218765389393,nan,0.13500155069307915,0.024170618936367454,2.975162666056956,-29.67702995637708,0.15806531513006444,0.336274659328781,-26.20752731586128,-29.67702995637708,nan,88.38558704807866,0.19536318629196606,0.0,0.05072782110486227,452.4167972771918,46.0,46.0,,4.7923975609247017e-05,,,,,,,0.33350122917291714,,0,0.0477220652936863,0.9243593047471372,inf,-inf,-0.08769580577663208,0.06369134372983293,-0.08478064947029834,0.04565990966931071,inf,-inf,2.3639837106418,0.12198094713550926,0.12198094713550926,0.12198094713550926,784,1.9239343099497357,1.32284236855586,1.921777290830073,,,-3.644487605508049,0.32317975160862245,0.12222887698077183,19.36964167536629,1.2871215866535168,0.0,0.0,0.37502454848715855,0.35641317123464045,0.11150470373501092,0.0477220652936863,0.793458690701507,16.62666286168639,1.220805090699385,5910
688,2.847414733516996,-29.75298682515347,0.1592410491824284,0.3112669922096791,-26.43506405024437,-29.75298682515347,nan,0.13510656985698108,0.024134479325447343,2.975162666056956,-29.67702995637708,0.15806531513006444,0.336274659328781,-26.20752731586128,-29.67702995637708,nan,86.97646354932498,0.20649066702493074,0.0,0.05216743517120709,421.21256520917643,46.0,46.0,,4.758333353842142e-05,,,,,,,0.33350122917291714,,0,0.0477220652936863,0.9243593047471372,inf,-inf,-0.08859848019339543,0.07099222759375551,-0.08790941233845448,0.04567510328706462,inf,-inf,2.3620203987214454,0.12196061039086657,0.12196061039086657,0.12196061039086657,784,1.9239343099497357,1.32284236855586,1.921777290830073,,,-3.644487605508049,0.32317975160862245,0.12222887698077183,19.36964167536629,1.2871215866535168,0.0,0.0,0.37502454848715855,0.35641317123464045,0.11150470373501092,0.0477220652936863,0.793458690701507,16.62666286168639,1.220805090699385,5910
689,2.850973871275244,-29.75591471570764,0.1593292262189568,0.31133931964396433,-26.434272298569475,-29.75591471570764,nan,0.13523031331664265,0.024098912902314164,2.975162666056956,-29.67702995637708,0.15806531513006444,0.336274659328781,-26.20752731586128,-29.67702995637708,nan,126.90122632051136,0.19717545948913157,0.0,0.0512669166498228,643.5954385464801,46.0,46.0,,4.724400030577795e-05,,,,,,,0.33350122917291714,,0,0.0477220652936863,0.9243593047471372,inf,-inf,-0.08792842151638634,0.06607881187828862,-0.08388492634503374,0.04631174859657587,inf,-inf,2.360121365625633,0.1219199121367979,0.1219199121367979,0.1219199121367979,784,1.9239343099497357,1.32284236855586,1.921777290830073,,,-3.644487605508049,0.32317975160862245,0.12222887698077183,19.36964167536629,1.2871215866535168,0.0,0.0,0.37502454848715855,0.35641317123464045,0.11150470373501092,0.0477220652936863,0.793458690701507,16.62666286168639,1.220805090699385,5910
690,2.853062147836127,-29.7544051515709,0.15938910900391753,0.31079485851523364,-26.43115903621562,-29.7544051515709,nan,0.13532500276442216,0.02406410623949542,2.9755962756110597,-29.674198624787916,0.15844856329805287,0.3361807493690711,-26.203973036509733,-29.674198624787916,nan,110.27773838496368,0.191948154001798,0.0,0.050719167800483,574.5183586601761,46.0,46.0,,4.6905980045985114e-05,,,,,,,0.3307696129822489,,0,0.0471205121529868,0.9139868116321646,inf,-inf,-0.0877509640052496,0.06532218116309528,-0.08496967257907365,0.04602269422349307,inf,-inf,2.3581819112432276,0.12190251645157564,0.12190251645157564,0.12190251645157564,784,1.9180655078870557,1.3206752802881154,1.9208158682656031,,,-3.6528826681765016,0.3204635535860779,0.12114726657183678,19.39679281635801,1.287729926976413,0.0,0.0,0.37178197339900654,0.3536040926013614,0.11064752872121209,0.0471205121529868,0.7818711366664712,16.59301015506707,1.2199251789809236,5910
691,2.835345715333954,-29.75240681017908,0.15946126261416688,0.3102204245698262,-26.447379407661135,-29.75240681017908,nan,0.1354337920947292,0.0240274705194377,2.9755962756110597,-29.674198624787916,0.15844856329805287,0.3361807493690711,-26.203973036509733,-29.674198624787916,nan,95.93229510881437,0.19853686142696317,0.0,0.04829828267911626,483.19639194107793,46.0,46.0,,4.6569276877713025e-05,,,,,,,0.3307696129822489,,0,0.0471205121529868,0.9139868116321646,inf,-inf,-0.08728436016579078,0.06999287200420651,-0.09467568663455674,0.04563347099501618,inf,-inf,2.3562094124159003,0.12187801670141556,0.12187801670141556,0.12187801670141556,784,1.9180655078870557,1.3206752802881154,1.9208158682656031,,,-3.6528826681765016,0.3204635535860779,0.12114726657183678,19.39679281635801,1.287729926976413,0.0,0.0,0.37178197339900654,0.3536040926013614,0.11064752872121209,0.0471205121529868,0.7818711366664712,16.59301015506707,1.2199251789809236,5910
692,2.84792753052861,-29.762609441408813,0.1595413735524655,0.31094425580700635,-26.444196281520735,-29.762609441408813,nan,0.13554614486433653,0.023995228688128988,2.9755962756110597,-29.674198624787916,0.15844856329805287,0.3361807493690711,-26.203973036509733,-29.674198624787916,nan,90.5962604098602,0.19090549310232968,0.0,0.04912067620383898,474.5607836506755,46.0,46.0,,4.623389490358353e-05,,,,,,,0.3307696129822489,,0,0.0471205121529868,0.9139868116321646,inf,-inf,-0.08692306183999086,0.06451870581283009,-0.08239588287821036,0.04577159353939478,inf,-inf,2.3542969417506896,0.12184305363751985,0.12184305363751985,0.12184305363751985,784,1.9180655078870557,1.3206752802881154,1.9208158682656031,,,-3.6528826681765016,0.3204635535860779,0.12114726657183678,19.39679281635801,1.287729926976413,0.0,0.0,0.37178197339900654,0.3536040926013614,0.11064752872121209,0.0471205121529868,0.7818711366664712,16.59301015506707,1.2199251789809236,5910
693,2.8331271787517527,-29.758451228079842,0.15961979609141497,0.31042461083925504,-26.455279642397418,-29.758451228079842,nan,0.1356566916902774,0.023963104401137584,2.9755962756110597,-29.674198624787916,0.15844856329805287,0.3361807493690711,-26.203973036509733,-29.674198624787916,nan,88.96810528241922,0.1888957155176775,0.0,0.05070067543781938,470.9905941413122,46.0,46.0,,4.5899838210120076e-05,,,,,,,0.3307696129822489,,0,0.0471205121529868,0.9139868116321646,inf,-inf,-0.08674244321211111,0.06632046817034991,-0.08418873540544063,0.045518433444282705,inf,-inf,2.3522181451903017,0.12183852723088226,0.12183852723088226,0.12183852723088226,784,1.9180655078870557,1.3206752802881154,1.9208158682656031,,,-3.6528826681765016,0.3204635535860779,0.12114726657183678,19.39679281635801,1.287729926976413,0.0,0.0,0.37178197339900654,0.3536040926013614,0.11064752872121209,0.0471205121529868,0.7818711366664712,16.59301015506707,1.2199251789809236,5910
694,2.858134294117938,-29.764184836849175,0.15970223985822854,0.31079865134027956,-26.43554965153273,-29.764184836849175,nan,0.135773823683019,0.023928416175209487,2.9755962756110597,-29.674198624787916,0.15844856329805287,0.3361807493690711,-26.203973036509733,-29.674198624787916,nan,93.86665452722755,0.1975305072916417,0.0,0.04938105016484465,475.2007971540274,46.0,46.0,,4.556711086769818e-05,,,,,,,0.3307696129822489,,0,0.0471205121529868,0.9139868116321646,inf,-inf,-0.08621973765839178,0.06279874192777667,-0.08037055660932674,0.04612604515491056,inf,-inf,2.350790618479351,0.12178335801997016,0.12178335801997016,0.12178335801997016,784,1.9180655078870557,1.3206752802881154,1.9208158682656031,,,-3.6528826681765016,0.3204635535860779,0.12114726657183678,19.39679281635801,1.287729926976413,0.0,0.0,0.37178197339900654,0.3536040926013614,0.11064752872121209,0.0471205121529868,0.7818711366664712,16.59301015506707,1.2199251789809236,5910
695,2.8375894729112536,-29.757828747778778,0.1597698002688378,0.3098030985776408,-26.450666376021044,-29.757828747778778,nan,0.13587501932063847,0.023894780948199253,2.970284678751674,-29.70052257734894,0.15881366569516608,0.3380041981028724,-26.233420034799227,-29.70052257734894,nan,85.74812215724197,0.1991082281653121,0.0,0.050367547290336476,430.6608669434219,46.0,46.0,,4.523571693049546e-05,,,,,,,0.328185945562256,,0,0.04655108279397867,0.903655532830458,inf,-inf,-0.08649370987840245,0.06304843211022451,-0.08479138659518257,0.04566007828233519,inf,-inf,2.3487930113094726,0.12176394072058551,0.12176394072058551,0.12176394072058551,784,1.9125900038111876,1.3186448729378686,1.9196865985535037,,,-3.660899446930173,0.31783295284821017,0.12012864828111391,19.41212703536393,1.2880731247294337,0.0,0.0,0.3687060948586378,0.3508470289690325,0.1098508782843104,0.04655108279397867,0.7713322378030754,16.56958746194506,1.21931169579223,5910
696,2.8321199310134046,-29.75692344431339,0.15983900507223892,0.3092979201727399,-26.455666588055006,-29.75692344431339,nan,0.1359799367638819,0.02385906830835691,2.970284678751674,-29.70052257734894,0.15881366569516608,0.3380041981028724,-26.233420034799227,-29.70052257734894,nan,103.06877409693848,0.19476608863937073,0.0,0.05045109378243713,529.1926064592324,46.0,46.0,,4.49056604364424e-05,,,,,,,0.328185945562256,,0,0.04655108279397867,0.903655532830458,inf,-inf,-0.08505174583050382,0.06963306879609035,-0.08509113472835358,0.04614310428252035,inf,-inf,2.346946039219914,0.1217372983707633,0.1217372983707633,0.1217372983707633,784,1.9125900038111876,1.3186448729378686,1.9196865985535037,,,-3.660899446930173,0.31783295284821017,0.12012864828111391,19.41212703536393,1.2880731247294337,0.0,0.0,0.3687060948586378,0.3508470289690325,0.1098508782843104,0.04655108279397867,0.7713322378030754,16.56958746194506,1.21931169579223,5910
697,2.8369088946593246,-29.761435777266794,0.15992474039267193,0.3091246019283597,-26.455477540286438,-29.761435777266794,nan,0.13609549294402817,0.023829247448643738,2.970284678751674,-29.70052257734894,0.15881366569516608,0.3380041981028724,-26.233420034799227,-29.70052257734894,nan,88.88736506023102,0.1909557931738224,0.0,0.0486703975651562,465.48661123529786,46.0,46.0,,4.457694540717331e-05,,,,,,,0.328185945562256,,0,0.04655108279397867,0.903655532830458,inf,-inf,-0.08553656300950911,0.06587596959252695,-0.08125434679201729,0.04612768165126134,inf,-inf,2.344870135148711,0.12171411040520273,0.12171411040520273,0.12171411040520273,784,1.9125900038111876,1.3186448729378686,1.9196865985535037,,,-3.660899446930173,0.31783295284821017,0.12012864828111391,19.41212703536393,1.2880731247294337,0.0,0.0,0.3687060948586378,0.3508470289690325,0.1098508782843104,0.04655108279397867,0.7713322378030754,16.56958746194506,1.21931169579223,5910
698,2.8439628572695823,-29.759114641811674,0.15998560358585848,0.3106420033164133,-26.44452417763982,-29.759114641811674,nan,0.13618784065831707,0.023797762927541422,2.970284678751674,-29.70052257734894,0.15881366569516608,0.3380041981028724,-26.233420034799227,-29.70052257734894,nan,98.74524123050993,0.18939462405874086,0.0,0.04740412773319056,521.3729889180172,46.0,46.0,,4.4249575847976985e-05,,,,,,,0.328185945562256,,0,0.04655108279397867,0.903655532830458,inf,-inf,-0.0863419513017333,0.06388074690731485,-0.08562447946253655,0.045789297086449104,inf,-inf,2.3434022340010814,0.12167566105957021,0.12167566105957021,0.12167566105957021,784,1.9125900038111876,1.3186448729378686,1.9196865985535037,,,-3.660899446930173,0.31783295284821017,0.12012864828111391,19.41212703536393,1.2880731247294337,0.0,0.0,0.3687060948586378,0.3508470289690325,0.1098508782843104,0.04655108279397867,0.7713322378030754,16.56958746194506,1.21931169579223,5910
699,2.817526289577947,-29.763669391097288,0.1600524561446957,0.3101993908231762,-26.475891254551467,-29.763669391097288,nan,0.13628666891369026,0.023765787231005392,2.970284678751674,-29.70052257734894,0.15881366569516608,0.3380041981028724,-26.233420034799227,-29.70052257734894,nan,82.53098104867198,0.1828726521875614,0.0,0.0484617188628871,451.30302459891567,46.0,46.0,,4.392355574774831e-05,,,,,,,0.328185945562256,,0,0.04655108279397867,0.903655532830458,inf,-inf,-0.0861242691362468,0.06726134307463752,-0.08433147501229854,0.04617025402528443,inf,-inf,2.3411585178090157,0.1216685684391676,0.1216685684391676,0.1216685684391676,784,1.9125900038111876,1.3186448729378686,1.9196865985535037,,,-3.660899446930173,0.31783295284821017,0.12012864828111391,19.41212703536393,1.2880731247294337,0.0,0.0,0.3687060948586378,0.3508470289690325,0.1098508782843104,0.04655108279397867,0.7713322378030754,16.56958746194506,1.21931169579223,5910
700,2.8309440246786908,-29.760324355624743,0.16013379086426693,0.309034483909948,-26.460212056171837,-29.760324355624743,nan,0.13639997518082406,0.023733815683442877,2.945320665087359,-29.691208859578083,0.15916898691089942,0.33257591935677344,-26.25414328822305,-29.691208859578083,nan,94.72942984004901,0.19800722527794432,0.0,0.04948910812515976,478.4140058883031,46.0,46.0,,4.359888907893922e-05,,,,,,,0.32571473710252713,,0,0.04601542690361264,0.8936751489963034,inf,-inf,-0.08580543035595255,0.05926871735375283,-0.0830169340688731,0.04738859770689071,inf,-inf,2.339281010309584,0.12163523319337494,0.12163523319337494,0.12163523319337494,784,1.907243344066499,1.3166594310976558,1.9181586917828406,,,-3.668627598235741,0.31529172527019045,0.11914816714155904,19.421207389171077,1.2882762258889136,0.0,0.0,0.3657608108081543,0.3481942000813174,0.10907060853000254,0.04601542690361264,0.7603288745553575,16.52334718415194,1.218098028236219,5910
701,2.815633054014833,-29.760107965877047,0.16021114860959815,0.30804001526192354,-26.476223747990694,-29.760107965877047,nan,0.13650421647614014,0.023706932133457946,2.945320665087359,-29.691208859578083,0.15916898691089942,0.33257591935677344,-26.25414328822305,-29.691208859578083,nan,114.89612875839475,0.1976705898245259,0.0,0.048011764900496794,581.2504979136712,46.0,46.0,,4.3275579797510684e-05,,,,,,,0.32571473710252713,,0,0.04601542690361264,0.8936751489963034,inf,-inf,-0.0876091582264264,0.06325195116478546,-0.08226822236807285,0.04612129530962078,inf,-inf,2.3372332124873543,0.12162211406546752,0.12162211406546752,0.12162211406546752,784,1.907243344066499,1.3166594310976558,1.9181586917828406,,,-3.668627598235741,0.31529172527019045,0.11914816714155904,19.421207389171077,1.2882762258889136,0.0,0.0,0.3657608108081543,0.3481942000813174,0.10907060853000254,0.04601542690361264,0.7603288745553575,16.52334718415194,1.218098028236219,5910
702,2.815914071182955,-29.758167489700703,0.1602813744319359,0.3093257380559512,-26.472646306029862,-29.758167489700703,nan,0.13660366982453728,0.023677704607398594,2.945320665087359,-29.691208859578083,0.15916898691089942,0.33257591935677344,-26.25414328822305,-29.691208859578083,nan,103.34527234598161,0.18945442533674545,0.0,0.04588814173637217,545.488827522982,46.0,46.0,,4.2953631842884254e-05,,,,,,,0.32571473710252713,,0,0.04601542690361264,0.8936751489963034,inf,-inf,-0.08554314073170508,0.06007483341012263,-0.08417156146232829,0.04623131138264946,inf,-inf,2.3357789965830023,0.12159956394071322,0.12159956394071322,0.12159956394071322,784,1.907243344066499,1.3166594310976558,1.9181586917828406,,,-3.668627598235741,0.31529172527019045,0.11914816714155904,19.421207389171077,1.2882762258889136,0.0,0.0,0.3657608108081543,0.3481942000813174,0.10907060853000254,0.04601542690361264,0.7603288745553575,16.52334718415194,1.218098028236219,5910
703,2.809005044707778,-29.759691403210326,0.1603463302558241,0.3082584471177527,-26.482081581128973,-29.759691403210326,nan,0.13669764710942342,0.02364868314640064,2.945320665087359,-29.691208859578083,0.15916898691089942,0.33257591935677344,-26.25414328822305,-29.691208859578083,nan,85.14238002596012,0.18777260804714255,0.0,0.0497659514481382,453.43344224405786,46.0,46.0,,4.2633049137894074e-05,,,,,,,0.32571473710252713,,0,0.04601542690361264,0.8936751489963034,inf,-inf,-0.08749690266249524,0.07436835081339599,-0.08807265603063796,0.04567357419148178,inf,-inf,2.3340788617451516,0.12155184641133018,0.12155184641133018,0.12155184641133018,784,1.907243344066499,1.3166594310976558,1.9181586917828406,,,-3.668627598235741,0.31529172527019045,0.11914816714155904,19.421207389171077,1.2882762258889136,0.0,0.0,0.3657608108081543,0.3481942000813174,0.10907060853000254,0.04601542690361264,0.7603288745553575,16.52334718415194,1.218098028236219,5910
704,2.8252682715885244,-29.76827585349745,0.16042393130312452,0.3088938629989102,-26.47368978760689,-29.76827585349745,nan,0.13680683195714624,0.02361709934597821,2.945320665087359,-29.691208859578083,0.15916898691089942,0.33257591935677344,-26.25414328822305,-29.691208859578083,nan,84.04780173637039,0.19394039075157374,0.0,0.04724237366529015,433.3692502663393,46.0,46.0,,4.231383558873933e-05,,,,,,,0.32571473710252713,,0,0.04601542690361264,0.8936751489963034,inf,-inf,-0.08852582525725117,0.06020184607937248,-0.08331109786794777,0.045732343122616335,inf,-inf,2.332098043012112,0.12153818365236936,0.12153818365236936,0.12153818365236936,784,1.907243344066499,1.3166594310976558,1.9181586917828406,,,-3.668627598235741,0.31529172527019045,0.11914816714155904,19.421207389171077,1.2882762258889136,0.0,0.0,0.3657608108081543,0.3481942000813174,0.10907060853000254,0.04601542690361264,0.7603288745553575,16.52334718415194,1.218098028236219,5910
705,2.80678745502676,-29.764399259307744,0.16049056145748739,0.3075972370271794,-26.48952400579632,-29.764399259307744,nan,0.13690161727389266,0.02358894418359472,2.9730588113815335,-29.71483225249721,0.15952425063796613,0.33554115561830156,-26.24670803485941,-29.71483225249721,nan,82.19727028381745,0.18596609699716232,0.0,0.04878156276280625,442.00137342814537,46.0,46.0,,4.199599508493638e-05,,,,,,,0.3233429202264726,,0,0.045502100165666345,0.8861487991396171,inf,-inf,-0.08641768370509874,0.06419091487339941,-0.0828271227842919,0.04569962353033014,inf,-inf,2.330190553087015,0.12152705225660472,0.12152705225660472,0.12152705225660472,784,1.9021544678031856,1.3147502204225792,1.9164940926840603,,,-3.6761096313041297,0.3128134193508256,0.1182189791326312,19.47489887089347,1.2894752111493795,0.0,0.0,0.3629274102318032,0.34557537892540896,0.10833017961680079,0.045502100165666345,0.7504425419892635,16.492481429582686,1.2172860037402542,5910
706,2.8079109168609238,-29.76005274023493,0.16055748620715582,0.30651919147969836,-26.48506514568715,-29.76005274023493,nan,0.13699798254521545,0.02355950366194034,2.9730588113815335,-29.71483225249721,0.15952425063796613,0.33554115561830156,-26.24670803485941,-29.71483225249721,nan,84.43675779029421,0.18379676383854202,0.0,0.047205114159593935,459.4028536022999,46.0,46.0,,4.1679531499271425e-05,,,,,,,0.3233429202264726,,0,0.045502100165666345,0.8861487991396171,inf,-inf,-0.08631875961748915,0.06701224867370158,-0.08871692355737337,0.046421721578379344,inf,-inf,2.3285537787639843,0.1215010736475203,0.1215010736475203,0.1215010736475203,784,1.9021544678031856,1.3147502204225792,1.9164940926840603,,,-3.6761096313041297,0.3128134193508256,0.1182189791326312,19.47489887089347,1.2894752111493795,0.0,0.0,0.3629274102318032,0.34557537892540896,0.10833017961680079,0.045502100165666345,0.7504425419892635,16.492481429582686,1.2172860037402542,5910
707,2.808550675108058,-29.762723814121514,0.16063833509040357,0.3080068493775786,-26.485527954545475,-29.762723814121514,nan,0.13710668486787017,0.023531650222533413,2.9730588113815335,-29.71483225249721,0.15952425063796613,0.33554115561830156,-26.24670803485941,-29.71483225249721,nan,84.07546507752946,0.18877556153336045,0.0,0.048360967131423425,445.372612824524,46.0,46.0,,4.136444868775331e-05,,,,,,,0.3233429202264726,,0,0.045502100165666345,0.8861487991396171,inf,-inf,-0.08787210732827003,0.06642984722389947,-0.08520767394588281,0.04586342857961672,inf,-inf,2.3269081632253763,0.12146740686012021,0.12146740686012021,0.12146740686012021,784,1.9021544678031856,1.3147502204225792,1.9164940926840603,,,-3.6761096313041297,0.3128134193508256,0.1182189791326312,19.47489887089347,1.2894752111493795,0.0,0.0,0.3629274102318032,0.34557537892540896,0.10833017961680079,0.045502100165666345,0.7504425419892635,16.492481429582686,1.2172860037402542,5910
708,2.810333531686976,-29.7631171940317,0.16069737102574652,0.3074394851790011,-26.484646806139978,-29.7631171940317,nan,0.1371946024970006,0.023502768528745867,2.9730588113815335,-29.71483225249721,0.15952425063796613,0.33554115561830156,-26.24670803485941,-29.71483225249721,nan,100.00413287422624,0.18558849313063835,0.0,0.04777307743824321,538.8487787539281,46.0,46.0,,4.1050750489566815e-05,,,,,,,0.3233429202264726,,0,0.045502100165666345,0.8861487991396171,inf,-inf,-0.08632333800111752,0.06870407642394574,-0.0872374418869451,0.045717327319877266,inf,-inf,2.325141123596246,0.12144586122400126,0.12144586122400126,0.12144586122400126,784,1.9021544678031856,1.3147502204225792,1.9164940926840603,,,-3.6761096313041297,0.3128134193508256,0.1182189791326312,19.47489887089347,1.2894752111493795,0.0,0.0,0.3629274102318032,0.34557537892540896,0.10833017961680079,0.045502100165666345,0.7504425419892635,16.492481429582686,1.2172860037402542,5910
709,2.7978681714577824,-29.763591544797873,0.16077174317986206,0.307547033071799,-26.49740459708843,-29.763591544797873,nan,0.13729826842071327,0.023473474759148762,2.9730588113815335,-29.71483225249721,0.15952425063796613,0.33554115561830156,-26.24670803485941,-29.71483225249721,nan,90.42489250373386,0.19139948307421484,0.0,0.048918810839249545,472.4406307234997,46.0,46.0,,4.0738440727025427e-05,,,,,,,0.3233429202264726,,0,0.045502100165666345,0.8861487991396171,inf,-inf,-0.08681877279059269,0.06292895753229433,-0.08337086377468224,0.05009819196444029,inf,-inf,2.323903504721148,0.12139605167573746,0.12139605167573746,0.12139605167573746,784,1.9021544678031856,1.3147502204225792,1.9164940926840603,,,-3.6761096313041297,0.3128134193508256,0.1182189791326312,19.47489887089347,1.2894752111493795,0.0,0.0,0.3629274102318032,0.34557537892540896,0.10833017961680079,0.045502100165666345,0.7504425419892635,16.492481429582686,1.2172860037402542,5910
710,2.783691159574032,-29.75720996069677,0.16085039190040817,0.3055947889823226,-26.507073620240007,-29.75720996069677,nan,0.13740306996171453,0.02344732193869371,2.9274843055863204,-29.68840012651124,0.15987331595775256,0.32763724534271743,-26.27340525962445,-29.68840012651124,nan,100.63988849835458,0.18866173648307874,0.0,0.04777467956397321,533.4409105652489,46.0,46.0,,4.0427523205525025e-05,,,,,,,0.3210499583979649,,0,0.04500765749231944,0.878303016417168,inf,-inf,-0.08907822249097895,0.06401801940322166,-0.08300376691008957,0.045730231098494264,inf,-inf,2.321799188945088,0.12138235607292636,0.12138235607292636,0.12138235607292636,784,1.8974383922706217,1.31298469396176,1.9161333931278788,,,-3.6833935153705704,0.3106222661868675,0.11731698117030968,19.514524091084954,1.2903579644240353,0.0,0.0,0.3601940512364922,0.343347795073611,0.10760747423850911,0.04500765749231944,0.740391603866263,16.450347454599495,1.2161750752964293,5910
711,2.794754492012324,-29.764795905923975,0.16092189276555988,0.306077697815637,-26.503041823330452,-29.764795905923975,nan,0.13750132596937592,0.023420566796183886,2.9274843055863204,-29.68840012651124,0.15987331595775256,0.32763724534271743,-26.27340525962445,-29.68840012651124,nan,88.85068423564203,0.18996537429030563,0.0,0.048455119847441844,467.7204178265675,46.0,46.0,,4.011800171349747e-05,,,,,,,0.3210499583979649,,0,0.04500765749231944,0.878303016417168,inf,-inf,-0.08947837055668996,0.06375160348444361,-0.08142732223661767,0.045748762588276565,inf,-inf,2.3199961835907708,0.12136846445471955,0.12136846445471955,0.12136846445471955,784,1.8974383922706217,1.31298469396176,1.9161333931278788,,,-3.6833935153705704,0.3106222661868675,0.11731698117030968,19.514524091084954,1.2903579644240353,0.0,0.0,0.3601940512364922,0.343347795073611,0.10760747423850911,0.04500765749231944,0.740391603866263,16.450347454599495,1.2161750752964293,5910
712,2.7796038656809445,-29.76039107292142,0.1609914364478931,0.30556268912980594,-26.514233081662773,-29.76039107292142,nan,0.1375968933072317,0.02339454314066141,2.9274843055863204,-29.68840012651124,0.15987331595775256,0.32763724534271743,-26.27340525962445,-29.68840012651124,nan,93.9121706100248,0.1885088707200263,0.0,0.045390257114259036,498.18435732662846,46.0,46.0,,3.980988002236447e-05,,,,,,,0.3210499583979649,,0,0.04500765749231944,0.878303016417168,inf,-inf,-0.09085106516894356,0.06058491486605887,-0.08664787365368906,0.0468155088924926,inf,-inf,2.318671635329373,0.12132444609607773,0.12132444609607773,0.12132444609607773,784,1.8974383922706217,1.31298469396176,1.9161333931278788,,,-3.6833935153705704,0.3106222661868675,0.11731698117030968,19.514524091084954,1.2903579644240353,0.0,0.0,0.3601940512364922,0.343347795073611,0.10760747423850911,0.04500765749231944,0.740391603866263,16.450347454599495,1.2161750752964293,5910
713,2.7842670996814163,-29.76406763969631,0.1610528007717263,0.30617250934092854,-26.51257522990224,-29.76406763969631,nan,0.1376845844846518,0.023368216287074358,2.9274843055863204,-29.68840012651124,0.15987331595775256,0.32763724534271743,-26.27340525962445,-29.68840012651124,nan,80.62150761496271,0.17963632157845233,0.0,0.04489152513372218,448.8040442297355,46.0,46.0,,3.950316188649165e-05,,,,,,,0.3210499583979649,,0,0.04500765749231944,0.878303016417168,inf,-inf,-0.0897822076829452,0.06326864403912943,-0.08415638436821221,0.04577596328158939,inf,-inf,2.3171801072931975,0.12130967963155559,0.12130967963155559,0.12130967963155559,784,1.8974383922706217,1.31298469396176,1.9161333931278788,,,-3.6833935153705704,0.3106222661868675,0.11731698117030968,19.514524091084954,1.2903579644240353,0.0,0.0,0.3601940512364922,0.343347795073611,0.10760747423850911,0.04500765749231944,0.740391603866263,16.450347454599495,1.2161750752964293,5910
714,2.796081779867954,-29.765917709110287,0.16111513234093164,0.30519985803486377,-26.503520938866536,-29.765917709110287,nan,0.1377718530622964,0.023343279278635255,2.9274843055863204,-29.68840012651124,0.15987331595775256,0.32763724534271743,-26.27340525962445,-29.68840012651124,nan,85.29534392040443,0.1888289677938034,0.0,0.04409156944503062,451.706880130515,46.0,46.0,,3.919785104314263e-05,,,,,,,0.3210499583979649,,0,0.04500765749231944,0.878303016417168,inf,-inf,-0.09049363977069236,0.0642055949355738,-0.08661196472582433,0.04546691695402006,inf,-inf,2.3151449200472953,0.12131038434981384,0.12131038434981384,0.12131038434981384,784,1.8974383922706217,1.31298469396176,1.9161333931278788,,,-3.6833935153705704,0.3106222661868675,0.11731698117030968,19.514524091084954,1.2903579644240353,0.0,0.0,0.3601940512364922,0.343347795073611,0.10760747423850911,0.04500765749231944,0.740391603866263,16.450347454599495,1.2161750752964293,5910
715,2.780887841329463,-29.761351677868007,0.16118372284684285,0.3048835546455006,-26.5143965590462,-29.761351677868007,nan,0.13786207545484566,0.023321647391997147,2.935132141746746,-29.711580088404215,0.16021283135805375,0.33228467359591984,-26.2839504417035,-29.711580088404215,nan,113.77093693552276,0.19153767349891207,0.0,0.04693491598648868,593.987255129571,46.0,46.0,,3.889395121243377e-05,,,,,,,0.3188755905874292,,0,0.04455251466325327,0.8709316348261757,inf,-inf,-0.08744912897827099,0.0663752719064913,-0.08527891114676983,0.04486850736879555,inf,-inf,2.313979102330894,0.12127485332104533,0.12127485332104533,0.12127485332104533,784,1.8928998925285145,1.3112776990066874,1.9149928773775993,,,-3.690354980678416,0.3085017923612298,0.11646507036207904,19.548428218003966,1.2911118438960998,0.0,0.0,0.3575961870564329,0.34092172828699396,0.1069216240847119,0.04455251466325327,0.7308765970274139,16.404833768681478,1.2149718340082523,5910
716,2.7771012169707356,-29.762374298452208,0.1612572713736133,0.304493096640667,-26.519522713467193,-29.762374298452208,nan,0.13796188699561082,0.023295384378002448,2.935132141746746,-29.711580088404215,0.16021283135805375,0.33228467359591984,-26.2839504417035,-29.711580088404215,nan,94.60528105208843,0.19599928988035467,0.0,0.0464308044466204,482.6817541524719,46.0,46.0,,3.859146609728853e-05,,,,,,,0.3188755905874292,,0,0.04455251466325327,0.8709316348261757,inf,-inf,-0.09071110212156969,0.06229150085557148,-0.08393570482454825,0.04661508294712162,inf,-inf,2.3126285036188534,0.12125109969563416,0.12125109969563416,0.12125109969563416,784,1.8928998925285145,1.3112776990066874,1.9149928773775993,,,-3.690354980678416,0.3085017923612298,0.11646507036207904,19.548428218003966,1.2911118438960998,0.0,0.0,0.3575961870564329,0.34092172828699396,0.1069216240847119,0.04455251466325327,0.7308765970274139,16.404833768681478,1.2149718340082523,5910
717,2.76576578878904,-29.760130074382776,0.16131642263452825,0.3043881856498264,-26.52865967730938,-29.760130074382776,nan,0.1380455610361472,0.02327086159838096,2.935132141746746,-29.711580088404215,0.16021283135805375,0.33228467359591984,-26.2839504417035,-29.711580088404215,nan,109.31596054512627,0.17995152004712464,0.0,0.0452696107340936,607.4745048916467,46.0,46.0,,3.8290399383392576e-05,,,,,,,0.3188755905874292,,0,0.04455251466325327,0.8709316348261757,inf,-inf,-0.09221272777053198,0.06152283263544459,-0.08525235100167804,0.0455722255654836,inf,-inf,2.3111668830168286,0.12121540743799494,0.12121540743799494,0.12121540743799494,784,1.8928998925285145,1.3112776990066874,1.9149928773775993,,,-3.690354980678416,0.3085017923612298,0.11646507036207904,19.548428218003966,1.2911118438960998,0.0,0.0,0.3575961870564329,0.34092172828699396,0.1069216240847119,0.04455251466325327,0.7308765970274139,16.404833768681478,1.2149718340082523,5910
718,2.768893896550278,-29.762789094706083,0.16139448314588034,0.30353513023415696,-26.52896558477577,-29.762789094706083,nan,0.13814360163077347,0.023250881515106882,2.935132141746746,-29.711580088404215,0.16021283135805375,0.33228467359591984,-26.2839504417035,-29.711580088404215,nan,101.99901636190052,0.19002641980412802,0.0,0.04650049922691523,536.7622905648446,46.0,46.0,,3.799075473914882e-05,,,,,,,0.3188755905874292,,0,0.04455251466325327,0.8709316348261757,inf,-inf,-0.09007546352545015,0.05998657865054882,-0.08423792223892737,0.04682818942882639,inf,-inf,2.3093639198463576,0.12121816393512223,0.12121816393512223,0.12121816393512223,784,1.8928998925285145,1.3112776990066874,1.9149928773775993,,,-3.690354980678416,0.3085017923612298,0.11646507036207904,19.548428218003966,1.2911118438960998,0.0,0.0,0.3575961870564329,0.34092172828699396,0.1069216240847119,0.04455251466325327,0.7308765970274139,16.404833768681478,1.2149718340082523,5910
719,2.78027225001001,-29.759526817236313,0.161462398460552,0.30508834660719397,-26.512703822158556,-29.759526817236313,nan,0.13823342855516274,0.023228969905389262,2.935132141746746,-29.711580088404215,0.16021283135805375,0.33228467359591984,-26.2839504417035,-29.711580088404215,nan,101.87660706929219,0.1986259530283445,0.0,0.04443487004515801,512.9068256994296,46.0,46.0,,3.7692535815632746e-05,,,,,,,0.3188755905874292,,0,0.04455251466325327,0.8709316348261757,inf,-inf,-0.08897527409905903,0.06500754674218528,-0.08882629804731527,0.0500519733481848,inf,-inf,2.3077721757171914,0.12119175155237032,0.12119175155237032,0.12119175155237032,784,1.8928998925285145,1.3112776990066874,1.9149928773775993,,,-3.690354980678416,0.3085017923612298,0.11646507036207904,19.548428218003966,1.2911118438960998,0.0,0.0,0.3575961870564329,0.34092172828699396,0.1069216240847119,0.04455251466325327,0.7308765970274139,16.404833768681478,1.2149718340082523,5910
720,2.7675747223821174,-29.763561892253342,0.16153719936713987,0.3047020820886989,-26.529747888415386,-29.763561892253342,nan,0.13833146731839058,0.023205732048749327,2.9099982532144866,-29.68911120709017,0.1605472436593575,0.32932355941984337,-26.289242150796483,-29.68911120709017,nan,84.99627727728384,0.18754482409083342,0.0,0.043647674175193114,453.2051347688362,46.0,46.0,,3.7395746246547775e-05,,,,,,,0.3168048634268017,,0,0.04411530075119275,0.8640565968768635,inf,-inf,-0.09327610459814228,0.06286144577855793,-0.08277695234391336,0.04527352527489208,inf,-inf,2.3059241060131788,0.12117584334648893,0.12117584334648893,0.12117584334648893,784,1.8884325714100108,1.3095970337868152,1.9136162025054666,,,-3.697032282152738,0.30643588065481253,0.1156575694912457,19.586324521509738,1.291952945959576,0.0,0.0,0.35512205248276496,0.3384602324056444,0.10627481009635253,0.04411530075119275,0.7221143267111042,16.368795279981864,1.2140167171328242,5910
721,2.778811635923321,-29.767385578356816,0.16158835752599054,0.30416590543411903,-26.522819679473386,-29.767385578356816,nan,0.1384078891257199,0.02318046840027066,2.9099982532144866,-29.68911120709017,0.1605472436593575,0.32932355941984337,-26.289242150796483,-29.68911120709017,nan,86.97195798516823,0.18356833009265217,0.0,0.04515727069091859,473.7851999921283,46.0,46.0,,3.7100389648181146e-05,,,,,,,0.3168048634268017,,0,0.04411530075119275,0.8640565968768635,inf,-inf,-0.0914870865753194,0.06009482851634702,-0.0845039010657306,0.045817282754087196,inf,-inf,2.304257178179861,0.12113355293460766,0.12113355293460766,0.12113355293460766,784,1.8884325714100108,1.3095970337868152,1.9136162025054666,,,-3.697032282152738,0.30643588065481253,0.1156575694912457,19.586324521509738,1.291952945959576,0.0,0.0,0.35512205248276496,0.3384602324056444,0.10627481009635253,0.04411530075119275,0.7221143267111042,16.368795279981864,1.2140167171328242,5910
722,2.7663010004384008,-29.7602313446222,0.16166733141575373,0.3028106958597817,-26.529452316908262,-29.7602313446222,nan,0.13851035455146926,0.023156976864284442,2.9099982532144866,-29.68911120709017,0.1605472436593575,0.32932355941984337,-26.289242150796483,-29.68911120709017,nan,84.14791607939026,0.1899070883349702,0.0,0.04543276586971144,443.10044884140825,46.0,46.0,,3.6806469619359736e-05,,,,,,,0.3168048634268017,,0,0.04411530075119275,0.8640565968768635,inf,-inf,-0.09185054002388748,0.0640477616983557,-0.0885809598889447,0.04692687809080564,inf,-inf,2.3026878142116125,0.12112303884171524,0.12112303884171524,0.12112303884171524,784,1.8884325714100108,1.3095970337868152,1.9136162025054666,,,-3.697032282152738,0.30643588065481253,0.1156575694912457,19.586324521509738,1.291952945959576,0.0,0.0,0.35512205248276496,0.3384602324056444,0.10627481009635253,0.04411530075119275,0.7221143267111042,16.368795279981864,1.2140167171328242,5910
723,2.771978000683134,-29.768193149684794,0.16173488325431423,0.3042163511117536,-26.53026391463559,-29.768193149684794,nan,0.13860068200611658,0.023134201248197712,2.9099982532144866,-29.68911120709017,0.1605472436593575,0.32932355941984337,-26.289242150796483,-29.68911120709017,nan,103.86966464020415,0.1857085407051177,0.0,0.04690385671839222,559.3154964538567,46.0,46.0,,3.651398974140648e-05,,,,,,,0.3168048634268017,,0,0.04411530075119275,0.8640565968768635,inf,-inf,-0.09172536344225689,0.06474189396897084,-0.08807226555881209,0.04666522876369571,inf,-inf,2.301498717827204,0.12109187123794317,0.12109187123794317,0.12109187123794317,784,1.8884325714100108,1.3095970337868152,1.9136162025054666,,,-3.697032282152738,0.30643588065481253,0.1156575694912457,19.586324521509738,1.291952945959576,0.0,0.0,0.35512205248276496,0.3384602324056444,0.10627481009635253,0.04411530075119275,0.7221143267111042,16.368795279981864,1.2140167171328242,5910
724,2.743721517928253,-29.765528785185953,0.16179314272014944,0.3029280595530001,-26.55708606498455,-29.765528785185953,nan,0.13868409873034585,0.023109043989803686,2.9099982532144866,-29.68911120709017,0.1605472436593575,0.32932355941984337,-26.289242150796483,-29.68911120709017,nan,95.83169852843088,0.18233284754223364,0.0,0.04653453884183928,525.5865842068497,46.0,46.0,,3.6222953578096334e-05,,,,,,,0.3168048634268017,,0,0.04411530075119275,0.8640565968768635,inf,-inf,-0.09219837974903515,0.05761504001730177,-0.08470363605465561,0.04627404194823592,inf,-inf,2.3001769736708093,0.12106100569227271,0.12106100569227271,0.12106100569227271,784,1.8884325714100108,1.3095970337868152,1.9136162025054666,,,-3.697032282152738,0.30643588065481253,0.1156575694912457,19.586324521509738,1.291952945959576,0.0,0.0,0.35512205248276496,0.3384602324056444,0.10627481009635253,0.04411530075119275,0.7221143267111042,16.368795279981864,1.2140167171328242,5910
725,2.759575259953348,-29.76538966994459,0.16185350662008127,0.30387509216639547,-26.540085811204765,-29.76538966994459,nan,0.13876867607230278,0.023084830547778486,2.898868699033396,-29.69971701395263,0.1608686190043791,0.3245723424612239,-26.31540735345363,-29.69971701395263,nan,100.37042105141487,0.1816236193653232,0.0,0.04002164240079465,552.628680136182,46.0,46.0,,3.593336467561303e-05,,,,,,,0.31478503792467766,,0,0.043691574789763106,0.8579230819668135,inf,-inf,-0.09475964957760309,0.05674280195013761,-0.08040684002732124,0.0461690327666137,inf,-inf,2.299070289836933,0.12102120214732504,0.12102120214732504,0.12102120214732504,784,1.8844421848842168,1.3080903880966317,1.91266339054455,,,-3.7035937883454118,0.3043790739307528,0.11487343995948701,19.6358928716807,1.2930506540366704,0.0,0.0,0.35270690361832163,0.3362808469234839,0.10563409339471015,0.043691574789763106,0.7134192368614864,16.328531079375054,1.2129471172035542,5910
726,2.7547565934538216,-29.76486443367241,0.1619182762718552,0.3019265084007441,-26.54626305554599,-29.76486443367241,nan,0.1388519783633269,0.023066297908528308,2.898868699033396,-29.69971701395263,0.1608686190043791,0.3245723424612239,-26.31540735345363,-29.69971701395263,nan,101.63504215536486,0.18125922671226571,0.0,0.04350843638044925,560.7165163332746,46.0,46.0,,3.564522656250603e-05,,,,,,,0.31478503792467766,,0,0.043691574789763106,0.8579230819668135,inf,-inf,-0.0922585922043143,0.05940969637035696,-0.0866937811696491,0.04700026152617793,inf,-inf,2.2974511764086323,0.12100435974650124,0.12100435974650124,0.12100435974650124,784,1.8844421848842168,1.3080903880966317,1.91266339054455,,,-3.7035937883454118,0.3043790739307528,0.11487343995948701,19.6358928716807,1.2930506540366704,0.0,0.0,0.35270690361832163,0.3362808469234839,0.10563409339471015,0.043691574789763106,0.7134192368614864,16.328531079375054,1.2129471172035542,5910
727,2.753803578721595,-29.766003241191946,0.16198520908682013,0.3033586805241674,-26.546855772859367,-29.766003241191946,nan,0.1389416779735696,0.023043531113250505,2.898868699033396,-29.69971701395263,0.1608686190043791,0.3245723424612239,-26.31540735345363,-29.69971701395263,nan,91.34781069699288,0.18339268008080922,0.0,0.04537060391542277,498.09954604917624,46.0,46.0,,3.5358542749647325e-05,,,,,,,0.31478503792467766,,0,0.043691574789763106,0.8579230819668135,inf,-inf,-0.09380420827048416,0.0628344396193205,-0.08454505605425867,0.045132803518417954,inf,-inf,2.2959571119319597,0.12097343697781164,0.12097343697781164,0.12097343697781164,784,1.8844421848842168,1.3080903880966317,1.91266339054455,,,-3.7035937883454118,0.3043790739307528,0.11487343995948701,19.6358928716807,1.2930506540366704,0.0,0.0,0.35270690361832163,0.3362808469234839,0.10563409339471015,0.043691574789763106,0.7134192368614864,16.328531079375054,1.2129471172035542,5910
728,2.7418653553134975,-29.76739872911708,0.1620507675698892,0.30330565493872647,-26.56017695129497,-29.76739872911708,nan,0.13903047094245,0.023020296627439228,2.898868699033396,-29.69971701395263,0.1608686190043791,0.3245723424612239,-26.31540735345363,-29.69971701395263,nan,101.8678747702935,0.18817604376835878,0.0,0.0442815729855843,541.3434820411622,46.0,46.0,,3.507331673018866e-05,,,,,,,0.31478503792467766,,0,0.043691574789763106,0.8579230819668135,inf,-inf,-0.09331814014901564,0.05896619961062623,-0.08269657640474867,0.045203248935835175,inf,-inf,2.2942160056310397,0.1209604533825465,0.1209604533825465,0.1209604533825465,784,1.8844421848842168,1.3080903880966317,1.91266339054455,,,-3.7035937883454118,0.3043790739307528,0.11487343995948701,19.6358928716807,1.2930506540366704,0.0,0.0,0.35270690361832163,0.3362808469234839,0.10563409339471015,0.043691574789763106,0.7134192368614864,16.328531079375054,1.2129471172035542,5910
729,2.7616502391585436,-29.769876818041713,0.16211691760569621,0.30256485643702463,-26.543544804840447,-29.769876818041713,nan,0.13911663709455147,0.02300028051114479,2.898868699033396,-29.69971701395263,0.1608686190043791,0.3245723424612239,-26.31540735345363,-29.69971701395263,nan,99.92311669756384,0.17971231511684038,0.0,0.044271277294476004,556.0170800348245,46.0,46.0,,3.4789551979519074e-05,,,,,,,0.31478503792467766,,0,0.043691574789763106,0.8579230819668135,inf,-inf,-0.0921771210985663,0.06278640843982833,-0.08595689258175739,0.04591517265430713,inf,-inf,2.2927377878823707,0.12093503902015429,0.12093503902015429,0.12093503902015429,784,1.8844421848842168,1.3080903880966317,1.91266339054455,,,-3.7035937883454118,0.3043790739307528,0.11487343995948701,19.6358928716807,1.2930506540366704,0.0,0.0,0.35270690361832163,0.3362808469234839,0.10563409339471015,0.043691574789763106,0.7134192368614864,16.328531079375054,1.2129471172035542,5910
730,2.7397137374986302,-29.771446771163482,0.1621703215207924,0.30251994154464656,-26.567042770599414,-29.771446771163482,nan,0.13919184855763958,0.022978472963152856,2.887341915115097,-29.695354734774043,0.16118224186177427,0.32786184947846,-26.318968728318712,-29.695354734774043,nan,95.74118541197417,0.18059522054862184,0.0,0.0442459719011155,530.1424097555099,46.0,46.0,,3.45072519552225e-05,,,,,,,0.31289125746467533,,0,0.04330030470170696,0.85224582317034,inf,-inf,-0.09080055142772195,0.06027708080880288,-0.08393697311389181,0.045600763680832296,inf,-inf,2.291329222182593,0.12091529422830323,0.12091529422830323,0.12091529422830323,784,1.8804290790968836,1.3065632221369545,1.911553000932918,,,-3.7097907917386768,0.30252070803982334,0.11414075879761548,19.682213070818026,1.294073928973769,0.0,0.0,0.3504449224457216,0.33430632528956206,0.10503938460169403,0.04330030470170696,0.7054705641083215,16.29250807744341,1.2119879449807094,5910
731,2.747496458483404,-29.766799477394834,0.1622368309065502,0.3020382049547356,-26.55502798305014,-29.766799477394834,nan,0.13927744883603269,0.022959382070517485,2.887341915115097,-29.695354734774043,0.16118224186177427,0.32786184947846,-26.318968728318712,-29.695354734774043,nan,93.37025057618514,0.17967142214413973,0.0,0.04291605562543373,519.6722409269946,46.0,46.0,,3.422642009703569e-05,,,,,,,0.31289125746467533,,0,0.04330030470170696,0.85224582317034,inf,-inf,-0.0936031905062049,0.05894699593747355,-0.08327523843740894,0.045910043320548856,inf,-inf,2.289838560164298,0.12088809835364202,0.12088809835364202,0.12088809835364202,784,1.8804290790968836,1.3065632221369545,1.911553000932918,,,-3.7097907917386768,0.30252070803982334,0.11414075879761548,19.682213070818026,1.294073928973769,0.0,0.0,0.3504449224457216,0.33430632528956206,0.10503938460169403,0.04330030470170696,0.7054705641083215,16.29250807744341,1.2119879449807094,5910
732,2.7419506752223795,-29.76362657058227,0.16230068716094104,0.3010040857499206,-26.55837112244903,-29.76362657058227,nan,0.1393615918359793,0.02293909532496177,2.887341915115097,-29.695354734774043,0.16118224186177427,0.32786184947846,-26.318968728318712,-29.695354734774043,nan,96.70084760850911,0.19110477443046356,0.0,0.04315854007033392,506.00958503888774,46.0,46.0,,3.394705982680617e-05,,,,,,,0.31289125746467533,,0,0.04330030470170696,0.85224582317034,inf,-inf,-0.09255831510848103,0.05928375255704905,-0.08508473887422373,0.045892484840539614,inf,-inf,2.2884342466556733,0.12085022325258771,0.12085022325258771,0.12085022325258771,784,1.8804290790968836,1.3065632221369545,1.911553000932918,,,-3.7097907917386768,0.30252070803982334,0.11414075879761548,19.682213070818026,1.294073928973769,0.0,0.0,0.3504449224457216,0.33430632528956206,0.10503938460169403,0.04330030470170696,0.7054705641083215,16.29250807744341,1.2119879449807094,5910
733,2.733690525337377,-29.76802001016699,0.1623598979671099,0.3034107828328294,-26.56855880402967,-29.76802001016699,nan,0.13944080471104484,0.02291909325606505,2.887341915115097,-29.695354734774043,0.16118224186177427,0.32786184947846,-26.318968728318712,-29.695354734774043,nan,87.33054729166457,0.1778939358453315,0.0,0.04383220436650838,490.91357092460663,46.0,46.0,,3.366917454845067e-05,,,,,,,0.31289125746467533,,0,0.04330030470170696,0.85224582317034,inf,-inf,-0.09057377595962343,0.05967472328491425,-0.08508835703172753,0.045154699326514246,inf,-inf,2.2870341451116074,0.12082518481496378,0.12082518481496378,0.12082518481496378,784,1.8804290790968836,1.3065632221369545,1.911553000932918,,,-3.7097907917386768,0.30252070803982334,0.11414075879761548,19.682213070818026,1.294073928973769,0.0,0.0,0.3504449224457216,0.33430632528956206,0.10503938460169403,0.04330030470170696,0.7054705641083215,16.29250807744341,1.2119879449807094,5910
734,2.7415666386269546,-29.768345150363153,0.16241534401421226,0.30165617664259153,-26.56270699107939,-29.768345150363153,nan,0.13951757542569632,0.022897768588515933,2.887341915115097,-29.695354734774043,0.16118224186177427,0.32786184947846,-26.318968728318712,-29.695354734774043,nan,87.22851682077885,0.1756928450473985,0.0,0.04172118073539235,496.48303433896984,46.0,46.0,,3.3392767647913634e-05,,,,,,,0.31289125746467533,,0,0.04330030470170696,0.85224582317034,inf,-inf,-0.09418502783229375,0.05886947180405258,-0.08246862152137256,0.04640099820254042,inf,-inf,2.285592799663689,0.12080025969246473,0.12080025969246473,0.12080025969246473,784,1.8804290790968836,1.3065632221369545,1.911553000932918,,,-3.7097907917386768,0.30252070803982334,0.11414075879761548,19.682213070818026,1.294073928973769,0.0,0.0,0.3504449224457216,0.33430632528956206,0.10503938460169403,0.04330030470170696,0.7054705641083215,16.29250807744341,1.2119879449807094,5910
735,2.730676375817059,-29.764405779532275,0.16247198465577603,0.2996932046720085,-26.571564214387433,-29.764405779532275,nan,0.13959481106293153,0.022877173592844535,2.9034767488663675,-29.731530286210003,0.16148086066843198,0.32772524578420226,-26.338847430891,-29.731530286210003,nan,89.20466695588009,0.18996627974887123,0.0,0.04320357047595962,469.5815861309993,46.0,46.0,,3.311784249312589e-05,,,,,,,0.31109748091422396,,0,0.04292397003743948,0.8466647980516312,inf,-inf,-0.0933203117771364,0.058688556634581265,-0.08545727111121522,0.04692424546816303,inf,-inf,2.2844199648459007,0.12077657732942954,0.12077657732942954,0.12077657732942954,784,1.8767719094212683,1.305167536490362,1.9109739610574354,,,-3.715699292295793,0.30063320997086596,0.11344761159232612,19.72475512663779,1.2950116203574988,0.0,0.0,0.3482918341208063,0.3322736564644946,0.10447463427574212,0.04292397003743948,0.6979551480218946,16.260265474351947,1.21112763185491,5910
736,2.748476761945507,-29.772451759050654,0.16253685033424226,0.3000530448896869,-26.561385101881218,-29.772451759050654,nan,0.1396766507917774,0.02286019954246492,2.9034767488663675,-29.731530286210003,0.16148086066843198,0.32772524578420226,-26.338847430891,-29.731530286210003,nan,87.94725338764349,0.18288286613911986,0.0,0.04231790043198881,480.8938926008607,46.0,46.0,,3.284440243396369e-05,,,,,,,0.31109748091422396,,0,0.04292397003743948,0.8466647980516312,inf,-inf,-0.09344666065705298,0.059081751779649014,-0.0822380178060709,0.04597657753838224,inf,-inf,2.282849064469234,0.12076957616308114,0.12076957616308114,0.12076957616308114,784,1.8767719094212683,1.305167536490362,1.9109739610574354,,,-3.715699292295793,0.30063320997086596,0.11344761159232612,19.72475512663779,1.2950116203574988,0.0,0.0,0.3482918341208063,0.3322736564644946,0.10447463427574212,0.04292397003743948,0.6979551480218946,16.260265474351947,1.21112763185491,5910
737,2.731447369903816,-29.772097071485785,0.16260098874884243,0.30121680383434307,-26.576831908998784,-29.772097071485785,nan,0.13975448730976356,0.02284650143907887,2.9034767488663675,-29.731530286210003,0.16148086066843198,0.32772524578420226,-26.338847430891,-29.731530286210003,nan,95.40648120669596,0.17577710199180493,0.0,0.0421164932650347,542.7696789035923,46.0,46.0,,3.257245080220792e-05,,,,,,,0.31109748091422396,,0,0.04292397003743948,0.8466647980516312,inf,-inf,-0.09430009916935049,0.06059466017868871,-0.08323449631249294,0.045926159789103686,inf,-inf,2.281613559138,0.12074035223660172,0.12074035223660172,0.12074035223660172,784,1.8767719094212683,1.305167536490362,1.9109739610574354,,,-3.715699292295793,0.30063320997086596,0.11344761159232612,19.72475512663779,1.2950116203574988,0.0,0.0,0.3482918341208063,0.3322736564644946,0.10447463427574212,0.04292397003743948,0.6979551480218946,16.260265474351947,1.21112763185491,5910
738,2.734423556348592,-29.768842984118212,0.16266200375736686,0.29976122254926685,-26.571996201462987,-29.768842984118212,nan,0.1398346222002584,0.022827381557108496,2.9034767488663675,-29.731530286210003,0.16148086066843198,0.32772524578420226,-26.338847430891,-29.731530286210003,nan,91.19761767790447,0.1803474648006244,0.0,0.04372802333336567,505.6772923241487,46.0,46.0,,3.230199091150334e-05,,,,,,,0.31109748091422396,,0,0.04292397003743948,0.8466647980516312,inf,-inf,-0.09417923352577269,0.058865609204581844,-0.0836634997139987,0.04532520267054674,inf,-inf,2.2804222970633905,0.12071037684638133,0.12071037684638133,0.12071037684638133,784,1.8767719094212683,1.305167536490362,1.9109739610574354,,,-3.715699292295793,0.30063320997086596,0.11344761159232612,19.72475512663779,1.2950116203574988,0.0,0.0,0.3482918341208063,0.3322736564644946,0.10447463427574212,0.04292397003743948,0.6979551480218946,16.260265474351947,1.21112763185491,5910
739,2.7228803501964904,-29.76608936994472,0.16272374477461152,0.2993750393412908,-26.581110235632323,-29.76608936994472,nan,0.13991669089842704,0.022807053876184414,2.9034767488663675,-29.731530286210003,0.16148086066843198,0.32772524578420226,-26.338847430891,-29.731530286210003,nan,96.82791237586132,0.17676062943179233,0.0,0.04160245883690091,547.7911720903035,46.0,46.0,,3.2033026057318375e-05,,,,,,,0.31109748091422396,,0,0.04292397003743948,0.8466647980516312,inf,-inf,-0.09512424259683351,0.054331593910142875,-0.08396147913873804,0.046971033569921036,inf,-inf,2.2793077761949085,0.12067861021815868,0.12067861021815868,0.12067861021815868,784,1.8767719094212683,1.305167536490362,1.9109739610574354,,,-3.715699292295793,0.30063320997086596,0.11344761159232612,19.72475512663779,1.2950116203574988,0.0,0.0,0.3482918341208063,0.3322736564644946,0.10447463427574212,0.04292397003743948,0.6979551480218946,16.260265474351947,1.21112763185491,5910
740,2.711984335448035,-29.767508217789533,0.16276780164914642,0.30044491275863566,-26.592311167933715,-29.767508217789533,nan,0.13997685636326027,0.022790945285886183,2.87013348173564,-29.701723877666314,0.16177978386768987,0.3223617833494121,-26.347448828713574,-29.701723877666314,nan,84.46021788240061,0.18413786819693154,0.0,0.04389451401367067,458.6792424036983,46.0,46.0,,3.176555951690481e-05,,,,,,,0.3093708653872553,,0,0.042569983659490634,0.841272337965433,inf,-inf,-0.0954343158708997,0.057377369215928675,-0.08025366348339572,0.0458147947305077,inf,-inf,2.277556397634135,0.12067998933970844,0.12067998933970844,0.12067998933970844,784,1.8731109040294323,1.3037651628988436,1.9102496805432385,,,-3.7214100163691324,0.2989224556087342,0.11278007032445107,19.762101500780776,1.2958331255585138,0.0,0.0,0.3462226013163092,0.3302989838059105,0.10392901412466941,0.042569983659490634,0.6904906625448296,16.220129847075718,1.21005432654855,5910
741,2.7301415667314974,-29.76824860260812,0.1628328904924291,0.2986690689280139,-26.576605076456183,-29.76824860260812,nan,0.14006009527087868,0.022772795221550405,2.87013348173564,-29.701723877666314,0.16177978386768987,0.3223617833494121,-26.347448828713574,-29.701723877666314,nan,90.45259802620002,0.17545069770735197,0.0,0.038156318831237726,515.544248088845,46.0,46.0,,3.149959454925819e-05,,,,,,,0.3093708653872553,,0,0.042569983659490634,0.841272337965433,inf,-inf,-0.09431540064444914,0.05728872784800476,-0.08287439280784084,0.04678753841872764,inf,-inf,2.2764063009778424,0.12063596477434836,0.12063596477434836,0.12063596477434836,784,1.8731109040294323,1.3037651628988436,1.9102496805432385,,,-3.7214100163691324,0.2989224556087342,0.11278007032445107,19.762101500780776,1.2958331255585138,0.0,0.0,0.3462226013163092,0.3302989838059105,0.10392901412466941,0.042569983659490634,0.6904906625448296,16.220129847075718,1.21005432654855,5910
742,2.719556855145613,-29.770637215482612,0.16288747615510557,0.29952957415780157,-26.588663310024092,-29.770637215482612,nan,0.14013122742618758,0.022756248728918026,2.87013348173564,-29.701723877666314,0.16177978386768987,0.3223617833494121,-26.347448828713574,-29.701723877666314,nan,84.51120646264125,0.18099848783829572,0.0,0.041659975320437415,466.91664373540885,46.0,46.0,,3.123513439507764e-05,,,,,,,0.3093708653872553,,0,0.042569983659490634,0.841272337965433,inf,-inf,-0.09610493749137416,0.06491877744998059,-0.08993087363241681,0.04632997016450127,inf,-inf,2.2752430113757223,0.12060284929921651,0.12060284929921651,0.12060284929921651,784,1.8731109040294323,1.3037651628988436,1.9102496805432385,,,-3.7214100163691324,0.2989224556087342,0.11278007032445107,19.762101500780776,1.2958331255585138,0.0,0.0,0.3462226013163092,0.3302989838059105,0.10392901412466941,0.042569983659490634,0.6904906625448296,16.220129847075718,1.21005432654855,5910
743,2.725403531661091,-29.773667727737475,0.16294959470800843,0.2987192919431024,-26.586595309425274,-29.773667727737475,nan,0.1402107442080263,0.0227388504999821,2.87013348173564,-29.701723877666314,0.16177978386768987,0.3223617833494121,-26.347448828713574,-29.701723877666314,nan,83.81121927709833,0.18079784833101514,0.0,0.04417915240280817,463.5631455284352,46.0,46.0,,3.0972182276726686e-05,,,,,,,0.3093708653872553,,0,0.042569983659490634,0.841272337965433,inf,-inf,-0.09546699529160492,0.0600337327622527,-0.08179942540149265,0.045549444626604395,inf,-inf,2.2742830477388103,0.12057692275985256,0.12057692275985256,0.12057692275985256,784,1.8731109040294323,1.3037651628988436,1.9102496805432385,,,-3.7214100163691324,0.2989224556087342,0.11278007032445107,19.762101500780776,1.2958331255585138,0.0,0.0,0.3462226013163092,0.3302989838059105,0.10392901412466941,0.042569983659490634,0.6904906625448296,16.220129847075718,1.21005432654855,5910
744,2.7138807303257457,-29.75408978112493,0.1630175201310045,0.29747110600670773,-26.579720424661474,-29.75408978112493,nan,0.14029640258637957,0.022721117544624927,2.87013348173564,-29.701723877666314,0.16177978386768987,0.3223617833494121,-26.347448828713574,-29.701723877666314,nan,119.2625043522464,0.18449971258154216,0.0,0.04072860542600633,646.4102446746995,46.0,46.0,,3.07107413981938e-05,,,,,,,0.3093708653872553,,0,0.042569983659490634,0.841272337965433,inf,-inf,-0.0946433712949017,0.0591459926862963,-0.08886122752106723,0.04659196487371195,inf,-inf,2.2728242552610807,0.12056753957578314,0.12056753957578314,0.12056753957578314,784,1.8731109040294323,1.3037651628988436,1.9102496805432385,,,-3.7214100163691324,0.2989224556087342,0.11278007032445107,19.762101500780776,1.2958331255585138,0.0,0.0,0.3462226013163092,0.3302989838059105,0.10392901412466941,0.042569983659490634,0.6904906625448296,16.220129847075718,1.21005432654855,5910
745,2.720689505724045,-29.766114722456315,0.1630747718043532,0.29823661213038,-26.584113832797534,-29.766114722456315,nan,0.14036818633316467,0.022706585471188475,2.8807790664332975,-29.725980157431984,0.16206854667121112,0.32987332414745363,-26.35325922018002,-29.725980157431984,nan,99.07646737155675,0.18233179581369718,0.0,0.041492640073799214,543.3855731492439,46.0,46.0,,3.0450814945053763e-05,,,,,,,0.30772059398921947,,0,0.04223350140725396,0.8361724727033301,inf,-inf,-0.09896362092089353,0.05408065674297089,-0.08584134158290016,0.04504122957166755,inf,-inf,2.2715560898922487,0.12055671270291453,0.12055671270291453,0.12055671270291453,784,1.8698434639902393,1.3025091008886482,1.9093895254069164,,,-3.726908797287014,0.2974116120116264,0.11214756018181275,19.798795857350118,1.296638777715538,0.0,0.0,0.34424307703252044,0.3284625787087583,0.10341088849999765,0.04223350140725396,0.6836152767474396,16.186564077541128,1.2091546708331866,5910
746,2.7132274918246666,-29.76519422262829,0.16311881827706087,0.29983225321748636,-26.589015659309077,-29.76519422262829,nan,0.14043073263443218,0.02268808564262875,2.8807790664332975,-29.725980157431984,0.16206854667121112,0.32987332414745363,-26.35325922018002,-29.725980157431984,nan,104.41463597782023,0.17704232101062473,0.0,0.042856139244550964,589.7721820510592,46.0,46.0,,3.0192406084428296e-05,,,,,,,0.30772059398921947,,0,0.04223350140725396,0.8361724727033301,inf,-inf,-0.09660292718705249,0.06502246123520014,-0.09162455919584515,0.046355033914313656,inf,-inf,2.270515425721758,0.12052411522296284,0.12052411522296284,0.12052411522296284,784,1.8698434639902393,1.3025091008886482,1.9093895254069164,,,-3.726908797287014,0.2974116120116264,0.11214756018181275,19.798795857350118,1.296638777715538,0.0,0.0,0.34424307703252044,0.3284625787087583,0.10341088849999765,0.04223350140725396,0.6836152767474396,16.186564077541128,1.2091546708331866,5910
747,2.71115008098711,-29.77019585934186,0.16317592622996793,0.2979424223324645,-26.597927429792318,-29.77019585934186,nan,0.14050174673453492,0.022674179495433006,2.8807790664332975,-29.725980157431984,0.16206854667121112,0.32987332414745363,-26.35325922018002,-29.725980157431984,nan,84.3014238555243,0.17777327471376986,0.0,0.04050046142729724,474.2075207381807,46.0,46.0,,2.993551796494778e-05,,,,,,,0.30772059398921947,,0,0.04223350140725396,0.8361724727033301,inf,-inf,-0.09732949489191182,0.06185608112929747,-0.08608951443249895,0.046240562076437716,inf,-inf,2.268997588501544,0.12052016980420655,0.12052016980420655,0.12052016980420655,784,1.8698434639902393,1.3025091008886482,1.9093895254069164,,,-3.726908797287014,0.2974116120116264,0.11214756018181275,19.798795857350118,1.296638777715538,0.0,0.0,0.34424307703252044,0.3284625787087583,0.10341088849999765,0.04223350140725396,0.6836152767474396,16.186564077541128,1.2091546708331866,5910
748,2.7106506248408193,-29.770208927553576,0.16324939536363475,0.29801483267490814,-26.59829407467421,-29.770208927553576,nan,0.14058722637845034,0.022662168985184347,2.8807790664332975,-29.725980157431984,0.16206854667121112,0.32987332414745363,-26.35325922018002,-29.725980157431984,nan,94.0638663755647,0.1735032432315977,0.0,0.041035529107388447,542.1447151279198,46.0,46.0,,2.9680153716712936e-05,,,,,,,0.30772059398921947,,0,0.04223350140725396,0.8361724727033301,inf,-inf,-0.09744160292736509,0.0641553820786261,-0.08796853173248041,0.045704280972280444,inf,-inf,2.267847885251848,0.12049966053317743,0.12049966053317743,0.12049966053317743,784,1.8698434639902393,1.3025091008886482,1.9093895254069164,,,-3.726908797287014,0.2974116120116264,0.11214756018181275,19.798795857350118,1.296638777715538,0.0,0.0,0.34424307703252044,0.3284625787087583,0.10341088849999765,0.04223350140725396,0.6836152767474396,16.186564077541128,1.2091546708331866,5910
749,2.7057322713890777,-29.77201731107243,0.16329456670511994,0.2989650177103141,-26.60402545526792,-29.77201731107243,nan,0.14065259445890604,0.02264197224621389,2.8807790664332975,-29.725980157431984,0.16206854667121112,0.32987332414745363,-26.35325922018002,-29.725980157431984,nan,91.27395272745501,0.17798583407446794,0.0,0.042162997737403306,512.8158271813176,46.0,46.0,,2.94263164512565e-05,,,,,,,0.30772059398921947,,0,0.04223350140725396,0.8361724727033301,inf,-inf,-0.09839985558028441,0.05020221027729498,-0.08409158144944329,0.046212279129783436,inf,-inf,2.266865233875158,0.1204659604229429,0.1204659604229429,0.1204659604229429,784,1.8698434639902393,1.3025091008886482,1.9093895254069164,,,-3.726908797287014,0.2974116120116264,0.11214756018181275,19.798795857350118,1.296638777715538,0.0,0.0,0.34424307703252044,0.3284625787087583,0.10341088849999765,0.04223350140725396,0.6836152767474396,16.186564077541128,1.2091546708331866,5910
750,2.7003980269992702,-29.768889376978485,0.16334255826309213,0.2978558063923594,-26.607292985323763,-29.768889376978485,nan,0.1407142881466759,0.02262827011641628,2.840149754091861,-29.66891254105812,0.1623449996882989,0.32274004787275645,-26.343677739405205,-29.66891254105812,nan,81.33227527544558,0.17971557519585582,0.0,0.03957110651159619,452.5610826263047,46.0,46.0,,2.9174009261505512e-05,,,,,,,0.30615849926634575,,0,0.04190992652623723,0.8312083725544929,inf,-inf,-0.09863299369330025,0.05942141875911481,-0.08800405273362215,0.04530721492692294,inf,-inf,2.2657230510542328,0.12044206526672918,0.12044206526672918,0.12044206526672918,784,1.8666717931190757,1.301289542494138,1.9087549443131104,,,-3.732139513159058,0.2958459904560423,0.11154893524998347,19.833209968385997,1.2973930096534663,0.0,0.0,0.34236527396560895,0.32675742600396823,0.10292381726264797,0.04190992652623723,0.6769583069176226,16.152696103960494,1.20824502235427,5910
751,2.7068320004299067,-29.76567430417816,0.16340978005253293,0.2980696437799502,-26.59736287991577,-29.76567430417816,nan,0.14079784317397626,0.022611936878556695,2.840149754091861,-29.66891254105812,0.1623449996882989,0.32274004787275645,-26.343677739405205,-29.66891254105812,nan,87.57208570345567,0.18272646778524476,0.0,0.0418487354510367,479.2523314486526,46.0,46.0,,2.8923235221743356e-05,,,,,,,0.30615849926634575,,0,0.04190992652623723,0.8312083725544929,inf,-inf,-0.0985570726653347,0.06065392636752892,-0.08969983512221638,0.045214459385823066,inf,-inf,2.2646120128080445,0.12040685170123519,0.12040685170123519,0.12040685170123519,784,1.8666717931190757,1.301289542494138,1.9087549443131104,,,-3.732139513159058,0.2958459904560423,0.11154893524998347,19.833209968385997,1.2973930096534663,0.0,0.0,0.34236527396560895,0.32675742600396823,0.10292381726264797,0.04190992652623723,0.6769583069176226,16.152696103960494,1.20824502235427,5910
752,2.6969111048706007,-29.764810626200337,0.1634617817029786,0.29696220906474435,-26.607475530562013,-29.764810626200337,nan,0.14086674662509208,0.02259503507788655,2.840149754091861,-29.66891254105812,0.1623449996882989,0.32274004787275645,-26.343677739405205,-29.66891254105812,nan,90.44790816784602,0.18294697109820854,0.0,0.03989456214557045,494.39412757094675,46.0,46.0,,2.8673997387572653e-05,,,,,,,0.30615849926634575,,0,0.04190992652623723,0.8312083725544929,inf,-inf,-0.09953703725418014,0.05801680421294369,-0.08360088585383932,0.04624556166253859,inf,-inf,2.26361240382563,0.12038455747085679,0.12038455747085679,0.12038455747085679,784,1.8666717931190757,1.301289542494138,1.9087549443131104,,,-3.732139513159058,0.2958459904560423,0.11154893524998347,19.833209968385997,1.2973930096534663,0.0,0.0,0.34236527396560895,0.32675742600396823,0.10292381726264797,0.04190992652623723,0.6769583069176226,16.152696103960494,1.20824502235427,5910
753,2.7087834418341363,-29.77009234427101,0.16351146953052736,0.2974472141902156,-26.600350218716134,-29.77009234427101,nan,0.14093311037903383,0.022578359151493522,2.840149754091861,-29.66891254105812,0.1623449996882989,0.32274004787275645,-26.343677739405205,-29.66891254105812,nan,86.27558006683299,0.17223907177837533,0.0,0.04067544301025834,500.90597432994826,46.0,46.0,,2.842629879587773e-05,,,,,,,0.30615849926634575,,0,0.04190992652623723,0.8312083725544929,inf,-inf,-0.0965314682787491,0.05372829742874193,-0.08144872083568144,0.046548262126439026,inf,-inf,2.262592050444485,0.12035257341420375,0.12035257341420375,0.12035257341420375,784,1.8666717931190757,1.301289542494138,1.9087549443131104,,,-3.732139513159058,0.2958459904560423,0.11154893524998347,19.833209968385997,1.2973930096534663,0.0,0.0,0.34236527396560895,0.32675742600396823,0.10292381726264797,0.04190992652623723,0.6769583069176226,16.152696103960494,1.20824502235427,5910
754,2.6991480265352137,-29.768357086344732,0.16356404711574654,0.2954538779558846,-26.61019113473789,-29.768357086344732,nan,0.14100067946468559,0.022563367651060973,2.840149754091861,-29.66891254105812,0.1623449996882989,0.32274004787275645,-26.343677739405205,-29.66891254105812,nan,91.58038804319261,0.174517822248352,0.0,0.03930520640055689,524.7623816487168,46.0,46.0,,2.8180142464787727e-05,,,,,,,0.30615849926634575,,0,0.04190992652623723,0.8312083725544929,inf,-inf,-0.09867689897582295,0.060567215979066794,-0.09028291110504842,0.04590524751015611,inf,-inf,2.2613934295931153,0.12033699110426324,0.12033699110426324,0.12033699110426324,784,1.8666717931190757,1.301289542494138,1.9087549443131104,,,-3.732139513159058,0.2958459904560423,0.11154893524998347,19.833209968385997,1.2973930096534663,0.0,0.0,0.34236527396560895,0.32675742600396823,0.10292381726264797,0.04190992652623723,0.6769583069176226,16.152696103960494,1.20824502235427,5910
755,2.682201859791753,-29.765510455307787,0.16361242435533943,0.2959295450483354,-26.62376662611236,-29.765510455307787,nan,0.14106182237733797,0.022550601978001402,2.8369258611661663,-29.704976120193635,0.16259838873879948,0.3154969020637174,-26.389954968224952,-29.704976120193635,nan,118.25536278241701,0.1764501387891777,0.0,0.03849871651765406,670.1913843417732,46.0,46.0,,2.793553139363989e-05,,,,,,,0.30470478787454713,,0,0.04160638695944268,0.8267234679624099,inf,-inf,-0.09580903363102478,0.05814095171135955,-0.0910681620011713,0.04666199460941165,inf,-inf,2.2603004252610828,0.12031805906048008,0.12031805906048008,0.12031805906048008,784,1.8637457276639624,1.3001677999260255,1.907581615108447,,,-3.7370454926167853,0.29437748314615736,0.1109949052269174,19.870109576404417,1.298200262092028,0.0,0.0,0.34061473712618656,0.32514409176311265,0.10246969036508197,0.04160638695944268,0.6706640798918195,16.119257856866383,1.2073450426745764,5910
756,2.68925085952829,-29.765176699920108,0.1636528606392642,0.2966812603045444,-26.61559171944801,-29.765176699920108,nan,0.14111795471961502,0.02253490591964924,2.8369258611661663,-29.704976120193635,0.16259838873879948,0.3154969020637174,-26.389954968224952,-29.704976120193635,nan,106.29686588898566,0.18522319586341512,0.0,0.03867105984836763,573.8852814491427,46.0,46.0,,2.7692468562942934e-05,,,,,,,0.30470478787454713,,0,0.04160638695944268,0.8267234679624099,inf,-inf,-0.09934683117943725,0.062419459880185865,-0.08954363487155073,0.04791566864125681,inf,-inf,2.259132346093038,0.12029584567944265,0.12029584567944265,0.12029584567944265,784,1.8637457276639624,1.3001677999260255,1.907581615108447,,,-3.7370454926167853,0.29437748314615736,0.1109949052269174,19.870109576404417,1.298200262092028,0.0,0.0,0.34061473712618656,0.32514409176311265,0.10246969036508197,0.04160638695944268,0.6706640798918195,16.119257856866383,1.2073450426745764,5910
757,2.695186736555749,-29.765764062285033,0.1637129127083468,0.29617484024730506,-26.610689572773634,-29.765764062285033,nan,0.14119037334731618,0.022522539361030523,2.8369258611661663,-29.704976120193635,0.16259838873879948,0.3154969020637174,-26.389954968224952,-29.704976120193635,nan,105.59662663994412,0.1763473058782448,0.0,0.03900439188473942,598.7992054318711,46.0,46.0,,2.7450956934340745e-05,,,,,,,0.30470478787454713,,0,0.04160638695944268,0.8267234679624099,inf,-inf,-0.10053203498714008,0.05915400664255316,-0.09037737207301716,0.045773883455156414,inf,-inf,2.2580040547245113,0.12028249282103567,0.12028249282103567,0.12028249282103567,784,1.8637457276639624,1.3001677999260255,1.907581615108447,,,-3.7370454926167853,0.29437748314615736,0.1109949052269174,19.870109576404417,1.298200262092028,0.0,0.0,0.34061473712618656,0.32514409176311265,0.10246969036508197,0.04160638695944268,0.6706640798918195,16.119257856866383,1.2073450426745764,5910
758,2.6959780598204035,-29.771574635001663,0.163756059011525,0.29532466786194134,-26.61651584830779,-29.771574635001663,nan,0.1412478479215873,0.022508211089937714,2.8369258611661663,-29.704976120193635,0.16259838873879948,0.3154969020637174,-26.389954968224952,-29.704976120193635,nan,88.94483138108708,0.1783998006796544,0.0,0.03653155230400658,498.5702396652441,46.0,46.0,,2.721099945057622e-05,,,,,,,0.30470478787454713,,0,0.04160638695944268,0.8267234679624099,inf,-inf,-0.10114565702406317,0.05870241274912695,-0.08576270686663906,0.0465743948694762,inf,-inf,2.257043725162277,0.12026336758166256,0.12026336758166256,0.12026336758166256,784,1.8637457276639624,1.3001677999260255,1.907581615108447,,,-3.7370454926167853,0.29437748314615736,0.1109949052269174,19.870109576404417,1.298200262092028,0.0,0.0,0.34061473712618656,0.32514409176311265,0.10246969036508197,0.04160638695944268,0.6706640798918195,16.119257856866383,1.2073450426745764,5910
759,2.705585222774201,-29.77459891644562,0.1638097878312214,0.29584581768668683,-26.60935808815351,-29.77459891644562,nan,0.14131428682983274,0.02249550100138864,2.8369258611661663,-29.704976120193635,0.16259838873879948,0.3154969020637174,-26.389954968224952,-29.704976120193635,nan,86.98309077216788,0.17412641483052366,0.0,0.04058655206894743,499.5398937997321,46.0,46.0,,2.6972599035455705e-05,,,,,,,0.30470478787454713,,0,0.04160638695944268,0.8267234679624099,inf,-inf,-0.09774937377237855,0.06320779085202796,-0.08355491552698784,0.046134462008658644,inf,-inf,2.25599258480262,0.12023222304058956,0.12023222304058956,0.12023222304058956,784,1.8637457276639624,1.3001677999260255,1.907581615108447,,,-3.7370454926167853,0.29437748314615736,0.1109949052269174,19.870109576404417,1.298200262092028,0.0,0.0,0.34061473712618656,0.32514409176311265,0.10246969036508197,0.04160638695944268,0.6706640798918195,16.119257856866383,1.2073450426745764,5910
760,2.6856829827502726,-29.77277810489112,0.16385753736646566,0.29468524588534417,-26.62855233888904,-29.77277810489112,nan,0.141375837843516,0.022481699522949598,2.8333224543881044,-29.706589533086515,0.16284848640733768,0.3161030604668067,-26.39431553182427,-29.706589533086515,nan,87.91578546661339,0.16915486236966637,0.0,0.038158590499353766,519.7354911056866,46.0,46.0,,2.673575859381295e-05,,,,,,,0.3033163561449306,,0,0.041323102346262644,0.8222194598635865,inf,-inf,-0.09930068007038627,0.058495193344080446,-0.08390327615831195,0.04639530284341504,inf,-inf,2.254684303128592,0.12021615007968253,0.12021615007968253,0.12021615007968253,784,1.8608787307532002,1.2990549274727088,1.907259565671392,,,-3.7417502183610254,0.293024029434365,0.1104648313272406,19.897331351694845,1.2987948323418035,0.0,0.0,0.338944063765176,0.32376726077936696,0.10203777833969425,0.041323102346262644,0.6646193345816863,16.083481075853832,1.2063800523984924,5910
761,2.6864290947159737,-29.77043930644279,0.16391042886391802,0.2963728846755737,-26.623726898187325,-29.77043930644279,nan,0.14144478008782188,0.02246564877609615,2.8333224543881044,-29.706589533086515,0.16284848640733768,0.3161030604668067,-26.39431553182427,-29.706589533086515,nan,89.66611983484644,0.176578675862307,0.0,0.04223426484392373,507.79698849235075,46.0,46.0,,2.650048101147402e-05,,,,,,,0.3033163561449306,,0,0.041323102346262644,0.8222194598635865,inf,-inf,-0.09810893488285531,0.05504409939682345,-0.0847945946318222,0.04621339564319885,inf,-inf,2.2537194103084626,0.12018450186911198,0.12018450186911198,0.12018450186911198,784,1.8608787307532002,1.2990549274727088,1.907259565671392,,,-3.7417502183610254,0.293024029434365,0.1104648313272406,19.897331351694845,1.2987948323418035,0.0,0.0,0.338944063765176,0.32376726077936696,0.10203777833969425,0.041323102346262644,0.6646193345816863,16.083481075853832,1.2063800523984924,5910
762,2.678428688215975,-29.76397471296233,0.1639701884934549,0.2943072884816818,-26.62726854777122,-29.76397471296233,nan,0.1415161718330398,0.02245401666041508,2.8333224543881044,-29.706589533086515,0.16284848640733768,0.3161030604668067,-26.39431553182427,-29.706589533086515,nan,102.22162676997702,0.1777239489307017,0.0,0.036803722173863414,575.170804975954,46.0,46.0,,2.6266769155221944e-05,,,,,,,0.3033163561449306,,0,0.041323102346262644,0.8222194598635865,inf,-inf,-0.10062728734162127,0.060873164945167514,-0.08876228536753815,0.04603211344078357,inf,-inf,2.25250051016228,0.12017159834052446,0.12017159834052446,0.12017159834052446,784,1.8608787307532002,1.2990549274727088,1.907259565671392,,,-3.7417502183610254,0.293024029434365,0.1104648313272406,19.897331351694845,1.2987948323418035,0.0,0.0,0.338944063765176,0.32376726077936696,0.10203777833969425,0.041323102346262644,0.6646193345816863,16.083481075853832,1.2063800523984924,5910
763,2.6677036714512066,-29.766113014226182,0.16400894788247697,0.2954837093186392,-26.63891668557386,-29.766113014226182,nan,0.1415702737191873,0.022438674163289672,2.8333224543881044,-29.706589533086515,0.16284848640733768,0.3161030604668067,-26.39431553182427,-29.706589533086515,nan,110.74855812845085,0.17393913754875168,0.0,0.03796673902689657,636.708676892285,46.0,46.0,,2.6034625872761984e-05,,,,,,,0.3033163561449306,,0,0.041323102346262644,0.8222194598635865,inf,-inf,-0.0994648949551017,0.05685800278121863,-0.087000726243182,0.047739558641730524,inf,-inf,2.251570866520961,0.12014543369713644,0.12014543369713644,0.12014543369713644,784,1.8608787307532002,1.2990549274727088,1.907259565671392,,,-3.7417502183610254,0.293024029434365,0.1104648313272406,19.897331351694845,1.2987948323418035,0.0,0.0,0.338944063765176,0.32376726077936696,0.10203777833969425,0.041323102346262644,0.6646193345816863,16.083481075853832,1.2063800523984924,5910
764,2.6829707243375016,-29.761038193118377,0.16406936998840402,0.2952530101377354,-26.618745088654737,-29.761038193118377,nan,0.1416411756221867,0.022428194366217322,2.8333224543881044,-29.706589533086515,0.16284848640733768,0.3161030604668067,-26.39431553182427,-29.706589533086515,nan,116.85681698743868,0.18227374403060914,0.0,0.03880224669471968,641.1061429001808,46.0,46.0,,2.5804053992686792e-05,,,,,,,0.3033163561449306,,0,0.041323102346262644,0.8222194598635865,inf,-inf,-0.10278351595935983,0.05196248980950114,-0.08803953561829833,0.046370264645823354,inf,-inf,2.2506446689147426,0.12012210514964684,0.12012210514964684,0.12012210514964684,784,1.8608787307532002,1.2990549274727088,1.907259565671392,,,-3.7417502183610254,0.293024029434365,0.1104648313272406,19.897331351694845,1.2987948323418035,0.0,0.0,0.338944063765176,0.32376726077936696,0.10203777833969425,0.041323102346262644,0.6646193345816863,16.083481075853832,1.2063800523984924,5910
765,2.6711865143382503,-29.770822499693345,0.16411238902207784,0.29355374175839044,-26.64196985457463,-29.770822499693345,nan,0.14169690377515112,0.022415485246926752,2.815075741201332,-29.687808687382773,0.16308956628128896,0.31311937111428767,-26.396524008785864,-29.687808687382773,nan,98.1127344749475,0.17119605984904962,0.0,0.03721642430848432,573.1015921830059,46.0,46.0,,2.557505632444194e-05,,,,,,,0.3019968409647472,,0,0.04104940430701945,0.8181576334525793,inf,-inf,-0.10175048410524792,0.059231712469626364,-0.08227674607517256,0.047482152549311284,inf,-inf,2.2495799361735296,0.12010142907394529,0.12010142907394529,0.12010142907394529,784,1.8582101022012074,1.29801004689356,1.9058846809077066,,,-3.7462411569346488,0.29187810418530075,0.10996520911375117,19.931047655000302,1.2995301275428006,0.0,0.0,0.3373560781709914,0.32232409459208444,0.10163018481681359,0.04104940430701945,0.6590366083775,16.054717955183694,1.2056026804049624,5910
766,2.672018759006583,-29.7696166906038,0.1641615983396428,0.2938747323336348,-26.63956160092394,-29.7696166906038,nan,0.1417586376537326,0.022402960685910224,2.815075741201332,-29.687808687382773,0.16308956628128896,0.31311937111428767,-26.396524008785864,-29.687808687382773,nan,86.91477652928961,0.17348566673203478,0.0,0.03682079563485311,500.9911087556173,46.0,46.0,,2.5347635658291743e-05,,,,,,,0.3019968409647472,,0,0.04104940430701945,0.8181576334525793,inf,-inf,-0.09984479998729183,0.056551257788304554,-0.08547073455214793,0.04656462561580841,inf,-inf,2.2485199367513284,0.12007929831937966,0.12007929831937966,0.12007929831937966,784,1.8582101022012074,1.29801004689356,1.9058846809077066,,,-3.7462411569346488,0.29187810418530075,0.10996520911375117,19.931047655000302,1.2995301275428006,0.0,0.0,0.3373560781709914,0.32232409459208444,0.10163018481681359,0.04104940430701945,0.6590366083775,16.054717955183694,1.2056026804049624,5910
767,2.675507241176063,-29.773028840388434,0.16419980784677987,0.29487124807019727,-26.63845054329539,-29.773028840388434,nan,0.14180978240269906,0.022390025444080818,2.815075741201332,-29.687808687382773,0.16308956628128896,0.31311937111428767,-26.396524008785864,-29.687808687382773,nan,75.89034905755133,0.17501818403730188,0.0,0.03981199985368161,433.6140811595709,46.0,46.0,,2.5121794765285283e-05,,,,,,,0.3019968409647472,,0,0.04104940430701945,0.8181576334525793,inf,-inf,-0.10169735087555079,0.05352804711519776,-0.08487571882671209,0.04692046899021702,inf,-inf,2.247520507211217,0.12005727011065705,0.12005727011065705,0.12005727011065705,784,1.8582101022012074,1.29801004689356,1.9058846809077066,,,-3.7462411569346488,0.29187810418530075,0.10996520911375117,19.931047655000302,1.2995301275428006,0.0,0.0,0.3373560781709914,0.32232409459208444,0.10163018481681359,0.04104940430701945,0.6590366083775,16.054717955183694,1.2056026804049624,5910
768,2.6665520650331134,-29.764342355478583,0.1642420576927855,0.2949734416548524,-26.63857479109783,-29.764342355478583,nan,0.14186071304636438,0.02238134464642115,2.815075741201332,-29.687808687382773,0.16308956628128896,0.31311937111428767,-26.396524008785864,-29.687808687382773,nan,115.13663543215398,0.18019963814840786,0.0,0.04141115011870128,638.9393264892706,46.0,46.0,,2.4897536397222506e-05,,,,,,,0.3019968409647472,,0,0.04104940430701945,0.8181576334525793,inf,-inf,-0.10183146105724875,0.05542399048687807,-0.0904573691810166,0.04861687222218208,inf,-inf,2.246331286208052,0.12005528787751174,0.12005528787751174,0.12005528787751174,784,1.8582101022012074,1.29801004689356,1.9058846809077066,,,-3.7462411569346488,0.29187810418530075,0.10996520911375117,19.931047655000302,1.2995301275428006,0.0,0.0,0.3373560781709914,0.32232409459208444,0.10163018481681359,0.04104940430701945,0.6590366083775,16.054717955183694,1.2056026804049624,5910
769,2.6622401018306827,-29.765165290086177,0.16431378071203023,0.294786544772382,-26.64382486277108,-29.765165290086177,nan,0.14194339257198352,0.02237038814004671,2.815075741201332,-29.687808687382773,0.16308956628128896,0.31311937111428767,-26.396524008785864,-29.687808687382773,nan,119.04870090751082,0.17719984735510932,0.0,0.037798095269050376,671.8329766330818,46.0,46.0,,2.4674863286620898e-05,,,,,,,0.3019968409647472,,0,0.04104940430701945,0.8181576334525793,inf,-inf,-0.10116820505200436,0.06274247402231109,-0.09106616810368266,0.04775575433159135,inf,-inf,2.245175010727494,0.12004740689559741,0.12004740689559741,0.12004740689559741,784,1.8582101022012074,1.29801004689356,1.9058846809077066,,,-3.7462411569346488,0.29187810418530075,0.10996520911375117,19.931047655000302,1.2995301275428006,0.0,0.0,0.3373560781709914,0.32232409459208444,0.10163018481681359,0.04104940430701945,0.6590366083775,16.054717955183694,1.2056026804049624,5910
770,2.67395754946485,-29.768570373321772,0.16435229527396275,0.2941862995992265,-26.63607422898373,-29.768570373321772,nan,0.14199407363978087,0.022358221634181864,2.831378036915244,-29.732632208161554,0.16333511243562607,0.32393015075358456,-26.4139889080571,-29.732632208161554,nan,104.77805845911074,0.1767657916036733,0.0,0.041413789171621924,592.7507664720201,46.0,46.0,,2.4453778146682057e-05,,,,,,,0.3006979308343289,,0,0.04078502615329724,0.8139534589857317,inf,-inf,-0.10014385729525906,0.0626382102985048,-0.08663070709529637,0.04582286932894987,inf,-inf,2.24422552392949,0.12002626168339448,0.12002626168339448,0.12002626168339448,784,1.8555685705712124,1.296976119531287,1.9056069748455495,,,-3.7506766035771824,0.29057625259996706,0.1094735575113244,19.957164080914243,1.3000988279577153,0.0,0.0,0.3357921104971464,0.3207533695448537,0.10122358394540282,0.04078502615329724,0.6535828927005242,16.025069844112032,1.204799931036181,5910
771,2.6704995618598377,-29.764143359796787,0.16439701129349035,0.29282715648026053,-26.636419630163196,-29.764143359796787,nan,0.1420519388043661,0.02234507248912429,2.831378036915244,-29.732632208161554,0.16333511243562607,0.32393015075358456,-26.4139889080571,-29.732632208161554,nan,105.81795531368329,0.1717988979756592,0.0,0.03632387440907153,615.9408270981795,46.0,46.0,,2.4234283671258628e-05,,,,,,,0.3006979308343289,,0,0.04078502615329724,0.8139534589857317,inf,-inf,-0.1001350227773376,0.05730267727543313,-0.09021906710386401,0.04650855195096275,inf,-inf,2.2433292270515524,0.12000020892613485,0.12000020892613485,0.12000020892613485,784,1.8555685705712124,1.296976119531287,1.9056069748455495,,,-3.7506766035771824,0.29057625259996706,0.1094735575113244,19.957164080914243,1.3000988279577153,0.0,0.0,0.3357921104971464,0.3207533695448537,0.10122358394540282,0.04078502615329724,0.6535828927005242,16.025069844112032,1.204799931036181,5910
772,2.665219420121711,-29.772140791323547,0.16444200587484298,0.29379171997484355,-26.648687645352148,-29.772140791323547,nan,0.14210767962911858,0.02233432624572438,2.831378036915244,-29.732632208161554,0.16333511243562607,0.32393015075358456,-26.4139889080571,-29.732632208161554,nan,77.17248325039169,0.1758183322523693,0.0,0.04085999481409754,438.93308656584486,46.0,46.0,,2.4016382534821523e-05,,,,,,,0.3006979308343289,,0,0.04078502615329724,0.8139534589857317,inf,-inf,-0.1004778892001224,0.0565258020033519,-0.08253967670849986,0.04605748874971726,inf,-inf,2.2423177671594012,0.11998017226487956,0.11998017226487956,0.11998017226487956,784,1.8555685705712124,1.296976119531287,1.9056069748455495,,,-3.7506766035771824,0.29057625259996706,0.1094735575113244,19.957164080914243,1.3000988279577153,0.0,0.0,0.3357921104971464,0.3207533695448537,0.10122358394540282,0.04078502615329724,0.6535828927005242,16.025069844112032,1.204799931036181,5910
773,2.6482996808916175,-29.768278568166096,0.16448795557113086,0.2918481861821008,-26.663642745521248,-29.768278568166096,nan,0.1421653449539105,0.02232261061722043,2.831378036915244,-29.732632208161554,0.16333511243562607,0.32393015075358456,-26.4139889080571,-29.732632208161554,nan,101.46705813498886,0.1677286465940283,0.0,0.03319422500454344,604.9476949550574,46.0,46.0,,2.380007739242727e-05,,,,,,,0.3006979308343289,,0,0.04078502615329724,0.8139534589857317,inf,-inf,-0.10321068466940035,0.06307268823186046,-0.08854527646815266,0.04728037418217252,inf,-inf,2.2414710790546812,0.11995120477621829,0.11995120477621829,0.11995120477621829,784,1.8555685705712124,1.296976119531287,1.9056069748455495,,,-3.7506766035771824,0.29057625259996706,0.1094735575113244,19.957164080914243,1.3000988279577153,0.0,0.0,0.3357921104971464,0.3207533695448537,0.10122358394540282,0.04078502615329724,0.6535828927005242,16.025069844112032,1.204799931036181,5910
774,2.676358278855512,-29.771833571778767,0.1645326550096422,0.2931664286511249,-26.637776209262487,-29.771833571778767,nan,0.14222201943314366,0.02231063557649859,2.831378036915244,-29.732632208161554,0.16333511243562607,0.32393015075358456,-26.4139889080571,-29.732632208161554,nan,99.02636853092982,0.17509423699476115,0.0,0.038957712554521726,565.5604103857096,46.0,46.0,,2.3585370879685868e-05,,,,,,,0.3006979308343289,,0,0.04078502615329724,0.8139534589857317,inf,-inf,-0.10185231911279835,0.058089855124786975,-0.08923084603691275,0.04708729817292316,inf,-inf,2.240602407190576,0.11992178790512908,0.11992178790512908,0.11992178790512908,784,1.8555685705712124,1.296976119531287,1.9056069748455495,,,-3.7506766035771824,0.29057625259996706,0.1094735575113244,19.957164080914243,1.3000988279577153,0.0,0.0,0.3357921104971464,0.3207533695448537,0.10122358394540282,0.04078502615329724,0.6535828927005242,16.025069844112032,1.204799931036181,5910
775,2.6501031662215153,-29.76908052070506,0.1645799515543129,0.29139282136573014,-26.663004581563502,-29.76908052070506,nan,0.1422783463869081,0.022301605167404818,2.787267561965135,-29.672855589710743,0.16355265550542364,0.31083458107725936,-26.411200791162926,-29.672855589710743,nan,92.65468283216883,0.1711766229215479,0.0,0.038107002734196496,541.2811705873733,46.0,46.0,,2.3372265612728364e-05,,,,,,,0.29952262499280286,,0,0.040549219047948004,0.8102639845199834,inf,-inf,-0.10389844048640341,0.05490586083712451,-0.08416527792113623,0.04710491825202495,inf,-inf,2.2395625333286295,0.11990764989829604,0.11990764989829604,0.11990764989829604,784,1.8531862467356666,1.2960448906777222,1.9047043422309855,,,-3.754717123856616,0.2894230179122376,0.10903116487610956,19.982234024331643,1.300644040957123,0.0,0.0,0.3343762567093638,0.31954310141926756,0.100862629075172,0.040549219047948004,0.6485405971941646,15.993910916688394,1.203954672742992,5910
776,2.662840981937195,-29.767017342520642,0.16461596934018144,0.29242177240629713,-26.64713861883697,-29.767017342520642,nan,0.142326854205312,0.02228911513486947,2.787267561965135,-29.672855589710743,0.16355265550542364,0.31083458107725936,-26.411200791162926,-29.672855589710743,nan,93.43822798259698,0.17579976902097066,0.0,0.03305875139036219,531.5037016428105,46.0,46.0,,2.3160764188175205e-05,,,,,,,0.29952262499280286,,0,0.040549219047948004,0.8102639845199834,inf,-inf,-0.10279985848742126,0.05786447428683773,-0.0889931289721191,0.04670613145879857,inf,-inf,2.23854726044734,0.11989487271486535,0.11989487271486535,0.11989487271486535,784,1.8531862467356666,1.2960448906777222,1.9047043422309855,,,-3.754717123856616,0.2894230179122376,0.10903116487610956,19.982234024331643,1.300644040957123,0.0,0.0,0.3343762567093638,0.31954310141926756,0.100862629075172,0.040549219047948004,0.6485405971941646,15.993910916688394,1.203954672742992,5910
777,2.6512291434886324,-29.767838053931076,0.16466385950861298,0.2930622580378456,-26.658882792895984,-29.767838053931076,nan,0.1423865830315462,0.022277276477066753,2.787267561965135,-29.672855589710743,0.16355265550542364,0.31083458107725936,-26.411200791162926,-29.672855589710743,nan,118.29054693369336,0.17883137109320932,0.0,0.03667686915983071,661.4641838877293,46.0,46.0,,2.2950869183104426e-05,,,,,,,0.29952262499280286,,0,0.040549219047948004,0.8102639845199834,inf,-inf,-0.10261392406533792,0.05457299376238544,-0.08769524164510828,0.04682055004782497,inf,-inf,2.2374982715391583,0.11986829587633123,0.11986829587633123,0.11986829587633123,784,1.8531862467356666,1.2960448906777222,1.9047043422309855,,,-3.754717123856616,0.2894230179122376,0.10903116487610956,19.982234024331643,1.300644040957123,0.0,0.0,0.3343762567093638,0.31954310141926756,0.100862629075172,0.040549219047948004,0.6485405971941646,15.993910916688394,1.203954672742992,5910
778,2.6501346235153878,-29.77418718636962,0.16469488411675223,0.2924983469094941,-26.666859331827986,-29.77418718636962,nan,0.14242858779322,0.022266296323532168,2.787267561965135,-29.672855589710743,0.16355265550542364,0.31083458107725936,-26.411200791162926,-29.672855589710743,nan,90.0013097029713,0.17268633499383357,0.0,0.038059986541044116,521.1837387491323,46.0,46.0,,2.274258315502053e-05,,,,,,,0.29952262499280286,,0,0.040549219047948004,0.8102639845199834,inf,-inf,-0.10380554187207938,0.056285696324530884,-0.08495284345323126,0.046675761770982004,inf,-inf,2.2365524216597406,0.119857322107317,0.119857322107317,0.119857322107317,784,1.8531862467356666,1.2960448906777222,1.9047043422309855,,,-3.754717123856616,0.2894230179122376,0.10903116487610956,19.982234024331643,1.300644040957123,0.0,0.0,0.3343762567093638,0.31954310141926756,0.100862629075172,0.040549219047948004,0.6485405971941646,15.993910916688394,1.203954672742992,5910
779,2.650038445940638,-29.771150427906015,0.16473409837367053,0.29313397408031067,-26.663243909511397,-29.771150427906015,nan,0.14247642071945374,0.022257677654216764,2.787267561965135,-29.672855589710743,0.16355265550542364,0.31083458107725936,-26.411200791162926,-29.672855589710743,nan,108.88031858453341,0.17080203836448343,0.0,0.03362297960600319,637.4649835980762,46.0,46.0,,2.2535908641822998e-05,,,,,,,0.29952262499280286,,0,0.040549219047948004,0.8102639845199834,inf,-inf,-0.10399771009935788,0.05236158904364961,-0.08531222609491815,0.04682363585395085,inf,-inf,2.235683833880261,0.11983768661544064,0.11983768661544064,0.11983768661544064,784,1.8531862467356666,1.2960448906777222,1.9047043422309855,,,-3.754717123856616,0.2894230179122376,0.10903116487610956,19.982234024331643,1.300644040957123,0.0,0.0,0.3343762567093638,0.31954310141926756,0.100862629075172,0.040549219047948004,0.6485405971941646,15.993910916688394,1.203954672742992,5910
780,2.652393351492263,-29.772601012648,0.1647772233640313,0.29281209841510014,-26.662618339376607,-29.772601012648,nan,0.14253468694858215,0.022242536415449144,2.798458213925017,-29.709428215034478,0.1637515699914907,0.3109929488915364,-26.436225482226437,-29.709428215034478,nan,99.08475868521276,0.17096959386026306,0.0,0.0350359341628661,579.5460844704162,46.0,46.0,,2.2330848161775518e-05,,,,,,,0.2984304892200489,,0,0.040326485976440105,0.8067889129931937,inf,-inf,-0.1039939201498501,0.051211340953217034,-0.08393173601752947,0.04733223861506746,inf,-inf,2.23471012522168,0.11980498302848207,0.11980498302848207,0.11980498302848207,784,1.8508598011313024,1.29513209694117,1.9041126667537451,,,-3.7584925485871756,0.2882967986391122,0.10862120017392703,20.006427375411363,1.3011695419259903,0.0,0.0,0.3330588996200577,0.3182663759914036,0.10052766198722803,0.040326485976440105,0.6439744062077761,15.969018639114863,1.2032782278033076,5910
781,2.64712711321357,-29.766033662510676,0.16482317683309014,0.29256173771162464,-26.66152163475239,-29.766033662510676,nan,0.14259228909943325,0.0222308877336569,2.798458213925017,-29.709428215034478,0.1637515699914907,0.3109929488915364,-26.436225482226437,-29.709428215034478,nan,102.27841192077332,0.17493570195012764,0.0,0.038034671975859115,584.6628834514971,46.0,46.0,,2.2127404213475357e-05,,,,,,,0.2984304892200489,,0,0.040326485976440105,0.8067889129931937,inf,-inf,-0.10162822532936082,0.05407349063439323,-0.09114779791087656,0.04723102972643428,inf,-inf,2.2339685399610825,0.11977584475379092,0.11977584475379092,0.11977584475379092,784,1.8508598011313024,1.29513209694117,1.9041126667537451,,,-3.7584925485871756,0.2882967986391122,0.10862120017392703,20.006427375411363,1.3011695419259903,0.0,0.0,0.3330588996200577,0.3182663759914036,0.10052766198722803,0.040326485976440105,0.6439744062077761,15.969018639114863,1.2032782278033076,5910
782,2.642904830673499,-29.772121445099277,0.16486514573990435,0.292194292943692,-26.672157175742186,-29.772121445099277,nan,0.1426432965348278,0.022221849205076548,2.798458213925017,-29.709428215034478,0.1637515699914907,0.3109929488915364,-26.436225482226437,-29.709428215034478,nan,85.37546148323271,0.17051021580250567,0.0,0.03564924915882437,500.7058438194652,46.0,46.0,,2.1925579275822837e-05,,,,,,,0.2984304892200489,,0,0.040326485976440105,0.8067889129931937,inf,-inf,-0.10211182902297461,0.05438167229703855,-0.08640320845683871,0.04604342571856864,inf,-inf,2.232958974092876,0.11975566982172482,0.11975566982172482,0.11975566982172482,784,1.8508598011313024,1.29513209694117,1.9041126667537451,,,-3.7584925485871756,0.2882967986391122,0.10862120017392703,20.006427375411363,1.3011695419259903,0.0,0.0,0.3330588996200577,0.3182663759914036,0.10052766198722803,0.040326485976440105,0.6439744062077761,15.969018639114863,1.2032782278033076,5910
783,2.6478082968500014,-29.771436102965843,0.1649176038362557,0.28933010771143763,-26.669380094568147,-29.771436102965843,nan,0.142706960724511,0.02221064311174466,2.798458213925017,-29.709428215034478,0.1637515699914907,0.3109929488915364,-26.436225482226437,-29.709428215034478,nan,93.27385493066534,0.17059434855902456,0.0,0.03489109101066922,546.758176449164,46.0,46.0,,2.1725375807991114e-05,,,,,,,0.2984304892200489,,0,0.040326485976440105,0.8067889129931937,inf,-inf,-0.10067349998641366,0.05599758925439118,-0.08890943253496741,0.04636643838262064,inf,-inf,2.232301060735319,0.11973434208137954,0.11973434208137954,0.11973434208137954,784,1.8508598011313024,1.29513209694117,1.9041126667537451,,,-3.7584925485871756,0.2882967986391122,0.10862120017392703,20.006427375411363,1.3011695419259903,0.0,0.0,0.3330588996200577,0.3182663759914036,0.10052766198722803,0.040326485976440105,0.6439744062077761,15.969018639114863,1.2032782278033076,5910
784,2.6454945965232035,-29.770772938747488,0.16494678386620643,0.2899889351087232,-26.670342623249354,-29.770772938747488,nan,0.14274400741717666,0.02220277644902977,2.798458213925017,-29.709428215034478,0.1637515699914907,0.3109929488915364,-26.436225482226437,-29.709428215034478,nan,85.52387317288101,0.16848134487545008,0.0,0.036628970868988864,507.61627785025445,46.0,46.0,,2.1526796249396242e-05,,,,,,,0.2984304892200489,,0,0.040326485976440105,0.8067889129931937,inf,-inf,-0.10314352742298524,0.05097904759956152,-0.08379710052695677,0.045717343767445254,inf,-inf,2.23118902103231,0.11972527314392396,0.11972527314392396,0.11972527314392396,784,1.8508598011313024,1.29513209694117,1.9041126667537451,,,-3.7584925485871756,0.2882967986391122,0.10862120017392703,20.006427375411363,1.3011695419259903,0.0,0.0,0.3330588996200577,0.3182663759914036,0.10052766198722803,0.040326485976440105,0.6439744062077761,15.969018639114863,1.2032782278033076,5910
785,2.6469010107270825,-29.769787450087087,0.16498801424578333,0.29064224159175095,-26.667256183522472,-29.769787450087087,nan,0.14279452800862555,0.02219348623715779,2.773670215677098,-29.682283376892954,0.16396025684091664,0.3133507263312614,-26.43130217804368,-29.682283376892954,nan,78.07621367669118,0.16584566699497338,0.0,0.03669528865193773,470.77632531127625,46.0,46.0,,2.1329843019667534e-05,,,,,,,0.29734739887899275,,0,0.04010649960553177,0.8040359466667328,inf,-inf,-0.10479313429573503,0.05335459506474921,-0.08639392320277052,0.04708917823518234,inf,-inf,2.230541419421515,0.11969786234013846,0.11969786234013846,0.11969786234013846,784,1.848703158353941,1.2942842451420988,1.9036795804104507,,,-3.762239037833879,0.2871667548333823,0.10821518434036594,20.047522336151086,1.3020607060221248,0.0,0.0,0.3317569592571777,0.3169419002148418,0.10019310496273807,0.04010649960553177,0.6394167507156855,15.942970765454003,1.202569249734588,5910
786,2.6407608895491115,-29.766684894604587,0.1650242419314373,0.29014836076542244,-26.67075140235862,-29.766684894604587,nan,0.14284048477371467,0.02218375715772262,2.773670215677098,-29.682283376892954,0.16396025684091664,0.3133507263312614,-26.43130217804368,-29.682283376892954,nan,98.97020829437064,0.1684093420942176,0.0,0.034937552138631665,587.6764736661769,46.0,46.0,,2.113451851861786e-05,,,,,,,0.29734739887899275,,0,0.04010649960553177,0.8040359466667328,inf,-inf,-0.10476403369717678,0.05589941601324329,-0.09056034206867905,0.04728068233973982,inf,-inf,2.2296461914891075,0.11967677773993775,0.11967677773993775,0.11967677773993775,784,1.848703158353941,1.2942842451420988,1.9036795804104507,,,-3.762239037833879,0.2871667548333823,0.10821518434036594,20.047522336151086,1.3020607060221248,0.0,0.0,0.3317569592571777,0.3169419002148418,0.10019310496273807,0.04010649960553177,0.6394167507156855,15.942970765454003,1.202569249734588,5910
787,2.6473538916528407,-29.769354023510115,0.16507295470750213,0.2901197200715505,-26.66680745707822,-29.769354023510115,nan,0.1428967503460173,0.022176204361484785,2.773670215677098,-29.682283376892954,0.16396025684091664,0.3133507263312614,-26.43130217804368,-29.682283376892954,nan,87.28859709682345,0.16911274303267443,0.0,0.038477806055192486,516.15623714387,46.0,46.0,,2.0940825126214702e-05,,,,,,,0.29734739887899275,,0,0.04010649960553177,0.8040359466667328,inf,-inf,-0.10403441995047767,0.0523101122914397,-0.08144522157787118,0.0460418888925808,inf,-inf,2.2287942820957194,0.11965551285196308,0.11965551285196308,0.11965551285196308,784,1.848703158353941,1.2942842451420988,1.9036795804104507,,,-3.762239037833879,0.2871667548333823,0.10821518434036594,20.047522336151086,1.3020607060221248,0.0,0.0,0.3317569592571777,0.3169419002148418,0.10019310496273807,0.04010649960553177,0.6394167507156855,15.942970765454003,1.202569249734588,5910
788,2.641602712819034,-29.77365291204793,0.1651243959745083,0.2919246077300155,-26.675001195524374,-29.77365291204793,nan,0.1429562206888007,0.022168175285707532,2.773670215677098,-29.682283376892954,0.16396025684091664,0.3133507263312614,-26.43130217804368,-29.682283376892954,nan,82.43845081001413,0.17287218511697924,0.0,0.03849612017459456,476.8751592642254,46.0,46.0,,2.074876520255085e-05,,,,,,,0.29734739887899275,,0,0.04010649960553177,0.8040359466667328,inf,-inf,-0.10460946603501048,0.05089550074840607,-0.08616127534289916,0.0465966975212969,inf,-inf,2.2278771024439736,0.11963637052543864,0.11963637052543864,0.11963637052543864,784,1.848703158353941,1.2942842451420988,1.9036795804104507,,,-3.762239037833879,0.2871667548333823,0.10821518434036594,20.047522336151086,1.3020607060221248,0.0,0.0,0.3317569592571777,0.3169419002148418,0.10019310496273807,0.04010649960553177,0.6394167507156855,15.942970765454003,1.202569249734588,5910
789,2.630263008122479,-29.76972666760836,0.16515835332199255,0.2914172501532531,-26.682888056010636,-29.76972666760836,nan,0.14300005841354468,0.022158294908447906,2.773670215677098,-29.682283376892954,0.16396025684091664,0.3133507263312614,-26.43130217804368,-29.682283376892954,nan,87.70747963778855,0.17371489721652014,0.0,0.03618049170627495,504.89325350415396,46.0,46.0,,2.0558341087815925e-05,,,,,,,0.29734739887899275,,0,0.04010649960553177,0.8040359466667328,inf,-inf,-0.1046818422229704,0.04816321335791352,-0.0817209230881413,0.04614953978956959,inf,-inf,2.2269816628429804,0.11962236017774852,0.11962236017774852,0.11962236017774852,784,1.848703158353941,1.2942842451420988,1.9036795804104507,,,-3.762239037833879,0.2871667548333823,0.10821518434036594,20.047522336151086,1.3020607060221248,0.0,0.0,0.3317569592571777,0.3169419002148418,0.10019310496273807,0.04010649960553177,0.6394167507156855,15.942970765454003,1.202569249734588,5910
790,2.6413809647859385,-29.771429276835303,0.1652121807564206,0.2899170355068087,-26.674919095786137,-29.771429276835303,nan,0.14306139142283245,0.022150789333588126,2.8077239791150994,-29.71857429688383,0.16417278006569097,0.318660168347194,-26.428017369355846,-29.71857429688383,nan,90.94614680893774,0.17128576459884157,0.0,0.039207410715412075,530.9615018033602,46.0,46.0,,2.036955510226764e-05,,,,,,,0.29627829256771526,,0,0.03988981529600084,0.8013376747110857,inf,-inf,-0.10563814231283405,0.05579909304909068,-0.08377742204376777,0.04629586289740752,inf,-inf,2.2261664465248265,0.11960203051424571,0.11960203051424571,0.11960203051424571,784,1.8465731015218059,1.293441180839434,1.9029934244317632,,,-3.765938000003171,0.2860365417051379,0.10781624014596145,20.08877877134277,1.3029535361017706,0.0,0.0,0.33047607310023985,0.3156614150651285,0.09986362723933294,0.03988981529600084,0.6352274959186558,15.924553453180334,1.20206726295158,5910
791,2.6268320337539954,-29.769598743190993,0.1652382608449696,0.2892877014970594,-26.68824074709497,-29.769598743190993,nan,0.14309683916275184,0.022141421682217687,2.8077239791150994,-29.71857429688383,0.16417278006569097,0.318660168347194,-26.428017369355846,-29.71857429688383,nan,101.06161350139499,0.17293990156900407,0.0,0.036032734628710025,584.3741819239489,46.0,46.0,,2.0182409546203622e-05,,,,,,,0.29627829256771526,,0,0.03988981529600084,0.8013376747110857,inf,-inf,-0.10371887795251375,0.05558702942894214,-0.0866230481768076,0.04665724964301859,inf,-inf,2.22541053294169,0.11958183051834548,0.11958183051834548,0.11958183051834548,784,1.8465731015218059,1.293441180839434,1.9029934244317632,,,-3.765938000003171,0.2860365417051379,0.10781624014596145,20.08877877134277,1.3029535361017706,0.0,0.0,0.33047607310023985,0.3156614150651285,0.09986362723933294,0.03988981529600084,0.6352274959186558,15.924553453180334,1.20206726295158,5910
792,2.636224978000618,-29.771888544872585,0.1652786282715944,0.2898186582043415,-26.68056628039603,-29.771888544872585,nan,0.14314358620527087,0.022135042066323437,2.8077239791150994,-29.71857429688383,0.16417278006569097,0.318660168347194,-26.428017369355846,-29.71857429688383,nan,88.67563940585147,0.17356499708810333,0.0,0.03646340368854656,510.90738854931004,46.0,46.0,,1.999690669993348e-05,,,,,,,0.29627829256771526,,0,0.03988981529600084,0.8013376747110857,inf,-inf,-0.10498118354554517,0.055590796070136,-0.08461463696748184,0.048678070386248,inf,-inf,2.2244486093772147,0.11956859804908845,0.11956859804908845,0.11956859804908845,784,1.8465731015218059,1.293441180839434,1.9029934244317632,,,-3.765938000003171,0.2860365417051379,0.10781624014596145,20.08877877134277,1.3029535361017706,0.0,0.0,0.33047607310023985,0.3156614150651285,0.09986362723933294,0.03988981529600084,0.6352274959186558,15.924553453180334,1.20206726295158,5910
793,2.627273331915688,-29.77194498884921,0.16532977086020476,0.28987996682811557,-26.6894619192452,-29.77194498884921,nan,0.14320327874550626,0.022126492114698474,2.8077239791150994,-29.71857429688383,0.16417278006569097,0.318660168347194,-26.428017369355846,-29.71857429688383,nan,91.64539631969255,0.16177647675718623,0.0,0.035561507641766056,566.4939560851302,46.0,46.0,,1.9813048823750816e-05,,,,,,,0.29627829256771526,,0,0.03988981529600084,0.8013376747110857,inf,-inf,-0.10486315493788459,0.05425791981613654,-0.08625801426015513,0.04554879703549131,inf,-inf,2.2236587305290336,0.11955146530646228,0.11955146530646228,0.11955146530646228,784,1.8465731015218059,1.293441180839434,1.9029934244317632,,,-3.765938000003171,0.2860365417051379,0.10781624014596145,20.08877877134277,1.3029535361017706,0.0,0.0,0.33047607310023985,0.3156614150651285,0.09986362723933294,0.03988981529600084,0.6352274959186558,15.924553453180334,1.20206726295158,5910
794,2.6290970536423437,-29.769045760710092,0.16536225755501158,0.28984015237003563,-26.684746297142702,-29.769045760710092,nan,0.14324314038719077,0.02211911716782077,2.8077239791150994,-29.71857429688383,0.16417278006569097,0.318660168347194,-26.428017369355846,-29.71857429688383,nan,93.58898825168554,0.16622885254422037,0.0,0.03467077417949115,563.0128995012396,46.0,46.0,,1.9630838157905843e-05,,,,,,,0.29627829256771526,,0,0.03988981529600084,0.8013376747110857,inf,-inf,-0.10447165015292342,0.058154000194526455,-0.09159649987362434,0.04654598886226878,inf,-inf,2.2228195593368634,0.11953672442834322,0.11953672442834322,0.11953672442834322,784,1.8465731015218059,1.293441180839434,1.9029934244317632,,,-3.765938000003171,0.2860365417051379,0.10781624014596145,20.08877877134277,1.3029535361017706,0.0,0.0,0.33047607310023985,0.3156614150651285,0.09986362723933294,0.03988981529600084,0.6352274959186558,15.924553453180334,1.20206726295158,5910
795,2.638640555714276,-29.771630589388867,0.16541264687189497,0.28874653752220825,-26.678830849280487,-29.771630589388867,nan,0.14329870311938245,0.022113943752512494,2.739652853258552,-29.668231750855938,0.1643760024746339,0.3070483956510538,-26.4571544994717,-29.668231750855938,nan,90.84371054141688,0.17131232979059777,0.0,0.035993807972275464,530.2812159081542,46.0,46.0,,1.9450276922577966e-05,,,,,,,0.29528216728272066,,0,0.03969243765755236,0.7992321604067711,inf,-inf,-0.10309532749492302,0.056317439140972064,-0.08603559467419158,0.04739099049665701,inf,-inf,2.221978248723978,0.1195270330687723,0.1195270330687723,0.1195270330687723,784,1.8446172389623037,1.2926552431219775,1.9023886328842128,,,-3.769404853953008,0.28507781164105606,0.10744440108093162,20.135628033283556,1.303965179865272,0.0,0.0,0.32927846899385044,0.31459512930158573,0.09955385559003749,0.03969243765755236,0.6309996150461352,15.89722507068229,1.2013213229578652,5910
796,2.617077511523516,-29.771588511860593,0.1654458828627727,0.29007322233802774,-26.698991895136277,-29.771588511860593,nan,0.1433384704627732,0.022107412399999558,2.739652853258552,-29.668231750855938,0.1643760024746339,0.3070483956510538,-26.4571544994717,-29.668231750855938,nan,99.12114715582119,0.16804707195550583,0.0,0.03620851596394612,589.8415604769698,46.0,46.0,,1.927136731784895e-05,,,,,,,0.29528216728272066,,0,0.03969243765755236,0.7992321604067711,inf,-inf,-0.10622199171586556,0.05666708582450477,-0.08808371024085539,0.04650426215894324,inf,-inf,2.221131921341717,0.11951081697503603,0.11951081697503603,0.11951081697503603,784,1.8446172389623037,1.2926552431219775,1.9023886328842128,,,-3.769404853953008,0.28507781164105606,0.10744440108093162,20.135628033283556,1.303965179865272,0.0,0.0,0.32927846899385044,0.31459512930158573,0.09955385559003749,0.03969243765755236,0.6309996150461352,15.89722507068229,1.2013213229578652,5910
797,2.620989284678192,-29.763470230485737,0.1654889947008763,0.288786048500622,-26.688205902606047,-29.763470230485737,nan,0.14339190612194824,0.022097088578928087,2.739652853258552,-29.668231750855938,0.1643760024746339,0.3070483956510538,-26.4571544994717,-29.668231750855938,nan,118.31835716999916,0.1712184973148819,0.0,0.03811524284021627,691.037236195363,46.0,46.0,,1.909411152367581e-05,,,,,,,0.29528216728272066,,0,0.03969243765755236,0.7992321604067711,inf,-inf,-0.1049355024623689,0.052274869681447754,-0.08709717911236461,0.04752688346240857,inf,-inf,2.2205124157070477,0.11948342186199394,0.11948342186199394,0.11948342186199394,784,1.8446172389623037,1.2926552431219775,1.9023886328842128,,,-3.769404853953008,0.28507781164105606,0.10744440108093162,20.135628033283556,1.303965179865272,0.0,0.0,0.32927846899385044,0.31459512930158573,0.09955385559003749,0.03969243765755236,0.6309996150461352,15.89722507068229,1.2013213229578652,5910
798,2.6157817673373347,-29.77145709496277,0.1655156396412679,0.2873782775265488,-26.702781410457618,-29.77145709496277,nan,0.143426226971054,0.022089412670213863,2.739652853258552,-29.668231750855938,0.1643760024746339,0.3070483956510538,-26.4571544994717,-29.668231750855938,nan,96.65932043886231,0.17205530043369266,0.0,0.03845193064156265,561.7921691178195,46.0,46.0,,1.8918511699864478e-05,,,,,,,0.29528216728272066,,0,0.03969243765755236,0.7992321604067711,inf,-inf,-0.10583943020490837,0.055728151121410024,-0.08464424847302666,0.047859354517232354,inf,-inf,2.2196607825146675,0.11946899397464195,0.11946899397464195,0.11946899397464195,784,1.8446172389623037,1.2926552431219775,1.9023886328842128,,,-3.769404853953008,0.28507781164105606,0.10744440108093162,20.135628033283556,1.303965179865272,0.0,0.0,0.32927846899385044,0.31459512930158573,0.09955385559003749,0.03969243765755236,0.6309996150461352,15.89722507068229,1.2013213229578652,5910
799,2.6102574719915297,-29.76421243326131,0.16554601906251476,0.28756901245890115,-26.700839929748362,-29.76421243326131,nan,0.14346396192139782,0.022082057141117006,2.739652853258552,-29.668231750855938,0.1643760024746339,0.3070483956510538,-26.4571544994717,-29.668231750855938,nan,109.37511636367657,0.17159330895242456,0.0,0.03473156548498053,637.408981920161,46.0,46.0,,1.8744569986043365e-05,,,,,,,0.29528216728272066,,0,0.03969243765755236,0.7992321604067711,inf,-inf,-0.10641202467215216,0.057997818354095135,-0.08780395218650375,0.04858234382824285,inf,-inf,2.2187709513161935,0.11945383655780659,0.11945383655780659,0.11945383655780659,784,1.8446172389623037,1.2926552431219775,1.9023886328842128,,,-3.769404853953008,0.28507781164105606,0.10744440108093162,20.135628033283556,1.303965179865272,0.0,0.0,0.32927846899385044,0.31459512930158573,0.09955385559003749,0.03969243765755236,0.6309996150461352,15.89722507068229,1.2013213229578652,5910
800,2.615888901981182,-29.775732413810665,0.16560473672085782,0.29173121074438635,-26.702507564364236,-29.775732413810665,nan,0.14352991867466103,0.02207481804619681,2.7458045783402767,-29.67833744086583,0.16456222646332547,0.31437573481184977,-26.453594901250376,-29.67833744086583,nan,91.40966565184408,0.17701201865293212,0.0,0.03929701042921799,516.4037241509077,46.0,46.0,,1.857228850163738e-05,,,,,,,0.294344774996521,,0,0.039504715590962976,0.7971605982040791,inf,-inf,-0.10745132763827701,0.0519014461585982,-0.08431281650093687,0.04758247007016894,inf,-inf,2.2180971888108343,0.1194288623281841,0.1194288623281841,0.1194288623281841,784,1.842814240645257,1.2919320603632343,1.90177218473413,,,-3.772682431754523,0.284196573255342,0.10709604304002489,20.178871972095305,1.3048968848945914,0.0,0.0,0.32815287076827654,0.3136051804732457,0.0992674260331298,0.039504715590962976,0.6271102821893604,15.874314567469433,1.2006949820904786,5910
801,2.608021517005198,-29.766498658893624,0.16563269346755344,0.28834134263359384,-26.70450310578728,-29.766498658893624,nan,0.14356383003988402,0.02206886342766945,2.7458045783402767,-29.67833744086583,0.16456222646332547,0.31437573481184977,-26.453594901250376,-29.67833744086583,nan,111.74071769886592,0.17302077405453914,0.0,0.035115913700494585,645.822551132752,46.0,46.0,,1.8401669345842047e-05,,,,,,,0.294344774996521,,0,0.039504715590962976,0.7971605982040791,inf,-inf,-0.10663201479628887,0.04810324113504299,-0.0855227805930095,0.045921756312654,inf,-inf,2.2172336906048455,0.11942153099131385,0.11942153099131385,0.11942153099131385,784,1.842814240645257,1.2919320603632343,1.90177218473413,,,-3.772682431754523,0.284196573255342,0.10709604304002489,20.178871972095305,1.3048968848945914,0.0,0.0,0.32815287076827654,0.3136051804732457,0.0992674260331298,0.039504715590962976,0.6271102821893604,15.874314567469433,1.2006949820904786,5910
802,2.6197431605288117,-29.77297121867247,0.1656709590377944,0.2880565266580914,-26.69950057244777,-29.77297121867247,nan,0.14360853080333466,0.0220624282344597,2.7458045783402767,-29.67833744086583,0.16456222646332547,0.31437573481184977,-26.453594901250376,-29.67833744086583,nan,96.23437855875758,0.16275948329348858,0.0,0.03638911363509499,591.2674125736032,46.0,46.0,,1.8232714597597927e-05,,,,,,,0.294344774996521,,0,0.039504715590962976,0.7971605982040791,inf,-inf,-0.10808096475989865,0.051574859549383796,-0.08792507268052888,0.04703844341773225,inf,-inf,2.2165155252054354,0.11940825681311687,0.11940825681311687,0.11940825681311687,784,1.842814240645257,1.2919320603632343,1.90177218473413,,,-3.772682431754523,0.284196573255342,0.10709604304002489,20.178871972095305,1.3048968848945914,0.0,0.0,0.32815287076827654,0.3136051804732457,0.0992674260331298,0.039504715590962976,0.6271102821893604,15.874314567469433,1.2006949820904786,5910
803,2.6094884828758618,-29.77210575317497,0.16570922001982002,0.28873372994179247,-26.708174320337495,-29.77210575317497,nan,0.14365294986799562,0.022056270151824382,2.7458045783402767,-29.67833744086583,0.16456222646332547,0.31437573481184977,-26.453594901250376,-29.67833744086583,nan,81.06908176891505,0.1653467645613864,0.0,0.03364230276385566,490.29735770135056,46.0,46.0,,1.806542631556532e-05,,,,,,,0.294344774996521,,0,0.039504715590962976,0.7971605982040791,inf,-inf,-0.10869986409983176,0.05094546578486556,-0.08999928748144059,0.04755225141710356,inf,-inf,2.2155760472889696,0.11940381472303173,0.11940381472303173,0.11940381472303173,784,1.842814240645257,1.2919320603632343,1.90177218473413,,,-3.772682431754523,0.284196573255342,0.10709604304002489,20.178871972095305,1.3048968848945914,0.0,0.0,0.32815287076827654,0.3136051804732457,0.0992674260331298,0.039504715590962976,0.6271102821893604,15.874314567469433,1.2006949820904786,5910
804,2.608397113370697,-29.769593341338037,0.16575822644107477,0.2880277705114575,-26.70741023101481,-29.769593341338037,nan,0.1437095806049579,0.02204864583611689,2.7458045783402767,-29.67833744086583,0.16456222646332547,0.31437573481184977,-26.453594901250376,-29.67833744086583,nan,90.4545687387207,0.1631528711411224,0.0,0.034050430130010655,554.4160400369551,46.0,46.0,,1.7899806538099137e-05,,,,,,,0.294344774996521,,0,0.039504715590962976,0.7971605982040791,inf,-inf,-0.10984439986337444,0.05684767519781441,-0.08628772175085586,0.04663916839689933,inf,-inf,2.2148863141010957,0.11938482797095246,0.11938482797095246,0.11938482797095246,784,1.842814240645257,1.2919320603632343,1.90177218473413,,,-3.772682431754523,0.284196573255342,0.10709604304002489,20.178871972095305,1.3048968848945914,0.0,0.0,0.32815287076827654,0.3136051804732457,0.0992674260331298,0.039504715590962976,0.6271102821893604,15.874314567469433,1.2006949820904786,5910
805,2.612854951140958,-29.77265675851769,0.16577965899744126,0.28845767923852345,-26.70556446914077,-29.77265675851769,nan,0.14373691463767582,0.022042744359765453,2.7455498887737324,-29.70425532083209,0.1647452800068256,0.3081050110801965,-26.485855140971335,-29.70425532083209,nan,91.08121453204923,0.17499775574362414,0.0,0.03775961211644766,520.4707577249469,46.0,46.0,,1.7735857283224104e-05,,,,,,,0.293449937032711,,0,0.039323961659168606,0.795123282594083,inf,-inf,-0.10895068364945251,0.05259663409984522,-0.08347751377491504,0.04709627903155569,inf,-inf,2.214203660147057,0.1193693030411745,0.1193693030411745,0.1193693030411745,784,1.8409769909136273,1.2911956255891572,1.9015330140488034,,,-3.775818904800618,0.28342611438716486,0.10676388695462789,20.21981634214862,1.3057772065490647,0.0,0.0,0.3270772243843553,0.31256942428181583,0.09899519298813642,0.039323961659168606,0.6234927614726223,15.855288611981734,1.2001741518471993,5910
806,2.6003890801937968,-29.774629077628134,0.16582450914317876,0.2871968797623314,-26.72121860852883,-29.774629077628134,nan,0.14378792478260027,0.02203658436057846,2.7455498887737324,-29.70425532083209,0.1647452800068256,0.3081050110801965,-26.485855140971335,-29.70425532083209,nan,104.05054499750193,0.1653407106610046,0.0,0.03588183735938522,629.3098933803127,46.0,46.0,,1.7573580548610124e-05,,,,,,,0.293449937032711,,0,0.039323961659168606,0.795123282594083,inf,-inf,-0.10594059772893434,0.05311480486288779,-0.08777619839649975,0.047019335398802375,inf,-inf,2.213528645018678,0.11935627299489926,0.11935627299489926,0.11935627299489926,784,1.8409769909136273,1.2911956255891572,1.9015330140488034,,,-3.775818904800618,0.28342611438716486,0.10676388695462789,20.21981634214862,1.3057772065490647,0.0,0.0,0.3270772243843553,0.31256942428181583,0.09899519298813642,0.039323961659168606,0.6234927614726223,15.855288611981734,1.2001741518471993,5910
807,2.5986256845355333,-29.768883844456912,0.16585715762277428,0.28736742033999646,-26.717033581958606,-29.768883844456912,nan,0.1438285356949774,0.02202862192779687,2.7455498887737324,-29.70425532083209,0.1647452800068256,0.3081050110801965,-26.485855140971335,-29.70425532083209,nan,104.0077142220873,0.17234250306002188,0.0,0.035904129981219814,603.4942766606125,46.0,46.0,,1.7412978311548063e-05,,,,,,,0.293449937032711,,0,0.039323961659168606,0.795123282594083,inf,-inf,-0.10944576331301911,0.05024872698284742,-0.08552589878243134,0.04701788249146432,inf,-inf,2.2129234539285196,0.11933316752765685,0.11933316752765685,0.11933316752765685,784,1.8409769909136273,1.2911956255891572,1.9015330140488034,,,-3.775818904800618,0.28342611438716486,0.10676388695462789,20.21981634214862,1.3057772065490647,0.0,0.0,0.3270772243843553,0.31256942428181583,0.09899519298813642,0.039323961659168606,0.6234927614726223,15.855288611981734,1.2001741518471993,5910
808,2.6068090233974393,-29.772377379201266,0.165883552090155,0.28720526449937167,-26.712479539214304,-29.772377379201266,nan,0.14386338201047677,0.022020170079678197,2.7455498887737324,-29.70425532083209,0.1647452800068256,0.3081050110801965,-26.485855140971335,-29.70425532083209,nan,94.2195542632633,0.16594816318406222,0.0,0.03494919615016654,567.7649722387058,46.0,46.0,,1.7254052528925465e-05,,,,,,,0.293449937032711,,0,0.039323961659168606,0.795123282594083,inf,-inf,-0.10602057235878863,0.05206344113889631,-0.0891555348925456,0.04662110670475437,inf,-inf,2.21222459091396,0.11932092850077325,0.11932092850077325,0.11932092850077325,784,1.8409769909136273,1.2911956255891572,1.9015330140488034,,,-3.775818904800618,0.28342611438716486,0.10676388695462789,20.21981634214862,1.3057772065490647,0.0,0.0,0.3270772243843553,0.31256942428181583,0.09899519298813642,0.039323961659168606,0.6234927614726223,15.855288611981734,1.2001741518471993,5910
809,2.596051710559026,-29.77156042221505,0.16592377747308099,0.28672218642516606,-26.722862747757773,-29.77156042221505,nan,0.1439093289195337,0.022014448553547287,2.7455498887737324,-29.70425532083209,0.1647452800068256,0.3081050110801965,-26.485855140971335,-29.70425532083209,nan,91.70623825116245,0.1666570884105542,0.0,0.03383411288438709,550.2690532145093,46.0,46.0,,1.709680513720281e-05,,,,,,,0.293449937032711,,0,0.039323961659168606,0.795123282594083,inf,-inf,-0.10791400192449156,0.0530526727572413,-0.0883002225622962,0.04673652239308912,inf,-inf,2.2114547269463536,0.11931118348300819,0.11931118348300819,0.11931118348300819,784,1.8409769909136273,1.2911956255891572,1.9015330140488034,,,-3.775818904800618,0.28342611438716486,0.10676388695462789,20.21981634214862,1.3057772065490647,0.0,0.0,0.3270772243843553,0.31256942428181583,0.09899519298813642,0.039323961659168606,0.6234927614726223,15.855288611981734,1.2001741518471993,5910
810,2.613009877272417,-29.768131574815335,0.16594986563730665,0.2877983050863346,-26.70137352681928,-29.768131574815335,nan,0.14394093063295327,0.02200893500435338,2.771612344084752,-29.726015087983892,0.16491671193218987,0.31069913537703625,-26.478786896589916,-29.726015087983892,nan,118.5443061487832,0.1758474263866394,0.0,0.03839736058939461,674.1315956944253,46.0,46.0,,1.694123805238994e-05,,,,,,,0.2926021517856865,,0,0.039155199315297005,0.7930992559886922,inf,-inf,-0.1082869009596674,0.04637737548098774,-0.08660417034262943,0.047800507925831875,inf,-inf,2.2109404448496988,0.11929510070358416,0.11929510070358416,0.11929510070358416,784,1.8392898790641454,1.2905191586111715,1.9009325511244568,,,-3.778801002891743,0.2825563849571925,0.10644978054994363,20.255273114619218,1.306538103425427,0.0,0.0,0.326058445198513,0.3115864324873197,0.0987344116740186,0.039155199315297005,0.6201149424664965,15.837358851707652,1.1996827573186384,5910
811,2.601776293961605,-29.771453273678187,0.16598809327476216,0.28601927163128343,-26.717669614810536,-29.771453273678187,nan,0.14398536382098143,0.022002729453780755,2.771612344084752,-29.726015087983892,0.16491671193218987,0.31069913537703625,-26.478786896589916,-29.726015087983892,nan,116.71459892214797,0.168401022881063,0.0,0.03296973279877135,693.0753562261926,46.0,46.0,,1.6787353170022748e-05,,,,,,,0.2926021517856865,,0,0.039155199315297005,0.7930992559886922,inf,-inf,-0.10703032698985435,0.05404849674817517,-0.0906570196450566,0.048411777611020765,inf,-inf,2.2101244590122184,0.11928092316746954,0.11928092316746954,0.11928092316746954,784,1.8392898790641454,1.2905191586111715,1.9009325511244568,,,-3.778801002891743,0.2825563849571925,0.10644978054994363,20.255273114619218,1.306538103425427,0.0,0.0,0.326058445198513,0.3115864324873197,0.0987344116740186,0.039155199315297005,0.6201149424664965,15.837358851707652,1.1996827573186384,5910
812,2.5835981571408944,-29.77114071641054,0.16602977980729366,0.2862414808406159,-26.735271298621736,-29.77114071641054,nan,0.14403335578651277,0.02199642402078081,2.771612344084752,-29.726015087983892,0.16491671193218987,0.31069913537703625,-26.478786896589916,-29.726015087983892,nan,87.05441148712161,0.1733561227558966,0.0,0.03363487638314837,502.17096519690426,46.0,46.0,,1.663515236513991e-05,,,,,,,0.2926021517856865,,0,0.039155199315297005,0.7930992559886922,inf,-inf,-0.10837263559652764,0.05144330708238902,-0.08506184030684018,0.046510992599386444,inf,-inf,2.2094582549957518,0.1192632286952565,0.1192632286952565,0.1192632286952565,784,1.8392898790641454,1.2905191586111715,1.9009325511244568,,,-3.778801002891743,0.2825563849571925,0.10644978054994363,20.255273114619218,1.306538103425427,0.0,0.0,0.326058445198513,0.3115864324873197,0.0987344116740186,0.039155199315297005,0.6201149424664965,15.837358851707652,1.1996827573186384,5910
813,2.5915978117543177,-29.774014035951005,0.16605779549549077,0.2859287803230993,-26.730429648378095,-29.774014035951005,nan,0.1440685356232706,0.021989259872220203,2.771612344084752,-29.726015087983892,0.16491671193218987,0.31069913537703625,-26.478786896589916,-29.726015087983892,nan,99.97480605906797,0.16639082970258948,0.0,0.03418151882954741,600.8432450139535,46.0,46.0,,1.6484637492260224e-05,,,,,,,0.2926021517856865,,0,0.039155199315297005,0.7930992559886922,inf,-inf,-0.1066202044836854,0.04874382223508501,-0.08446082809655842,0.046705855825979484,inf,-inf,2.2088201262965272,0.11924414832028783,0.11924414832028783,0.11924414832028783,784,1.8392898790641454,1.2905191586111715,1.9009325511244568,,,-3.778801002891743,0.2825563849571925,0.10644978054994363,20.255273114619218,1.306538103425427,0.0,0.0,0.326058445198513,0.3115864324873197,0.0987344116740186,0.039155199315297005,0.6201149424664965,15.837358851707652,1.1996827573186384,5910
814,2.5895919088083033,-29.773804344472218,0.1660882435441897,0.28699240190256714,-26.73113179021716,-29.773804344472218,nan,0.1441044728475126,0.02198377069667707,2.771612344084752,-29.726015087983892,0.16491671193218987,0.31069913537703625,-26.478786896589916,-29.726015087983892,nan,91.37678372363003,0.16610939202811076,0.0,0.03334454682605125,550.1000431581033,46.0,46.0,,1.6335810385359894e-05,,,,,,,0.2926021517856865,,0,0.039155199315297005,0.7930992559886922,inf,-inf,-0.11006463493907118,0.046087749075657936,-0.08621196633430703,0.04673445065952577,inf,-inf,2.208162329702873,0.11922598312178306,0.11922598312178306,0.11922598312178306,784,1.8392898790641454,1.2905191586111715,1.9009325511244568,,,-3.778801002891743,0.2825563849571925,0.10644978054994363,20.255273114619218,1.306538103425427,0.0,0.0,0.326058445198513,0.3115864324873197,0.0987344116740186,0.039155199315297005,0.6201149424664965,15.837358851707652,1.1996827573186384,5910
815,2.5906799729497747,-29.773929013761236,0.16611796018202907,0.28609580069732427,-26.731035279932108,-29.773929013761236,nan,0.14413968853302964,0.02197827164899948,2.7500982643962906,-29.71796735287705,0.16507970397473493,0.3127832109585339,-26.490006173547492,-29.71796735287705,nan,79.90662753319681,0.16660353355764448,0.0,0.03376817924449985,479.62144515709974,46.0,46.0,,1.6188672857850296e-05,,,,,,,0.2918108433813583,,0,0.03899551891610714,0.7913821006754255,inf,-inf,-0.10728251381960216,0.05173774914096058,-0.0866791804764929,0.048183063161863715,inf,-inf,2.2074883009975665,0.11921404909209549,0.11921404909209549,0.11921404909209549,784,1.837691268157336,1.2898768847512208,1.9011325859086043,,,-3.781591711254663,0.2818124319651902,0.10615789797357647,20.29418052822844,1.307371519351074,0.0,0.0,0.32510947080085484,0.31066872618951014,0.09849276782912149,0.03899551891610714,0.6169996546840046,15.822321944513277,1.1992702170689442,5910
816,2.588829609798539,-29.77310356867195,0.1661622587022177,0.2855156020246036,-26.73259609814659,-29.77310356867195,nan,0.14418965573941797,0.021972602962799813,2.7500982643962906,-29.71796735287705,0.16507970397473493,0.3127832109585339,-26.490006173547492,-29.71796735287705,nan,93.21484676726807,0.16963008110157465,0.0,0.03689339025135607,549.518376469153,46.0,46.0,,1.604322670255574e-05,,,,,,,0.2918108433813583,,0,0.03899551891610714,0.7913821006754255,inf,-inf,-0.10985663500158507,0.04912356888682767,-0.08376740644297791,0.04722268411680756,inf,-inf,2.206883214577103,0.11919285410877993,0.11919285410877993,0.11919285410877993,784,1.837691268157336,1.2898768847512208,1.9011325859086043,,,-3.781591711254663,0.2818124319651902,0.10615789797357647,20.29418052822844,1.307371519351074,0.0,0.0,0.32510947080085484,0.31066872618951014,0.09849276782912149,0.03899551891610714,0.6169996546840046,15.822321944513277,1.1992702170689442,5910
817,2.5790380412421046,-29.771845721866544,0.16619035454051118,0.2864002756706604,-26.740217050413268,-29.771845721866544,nan,0.14422399415640177,0.021966360384109384,2.7500982643962906,-29.71796735287705,0.16507970397473493,0.3127832109585339,-26.490006173547492,-29.71796735287705,nan,89.49372786708855,0.16605496618568613,0.0,0.033843178246885014,538.9403877690403,46.0,46.0,,1.5899473691691704e-05,,,,,,,0.2918108433813583,,0,0.03899551891610714,0.7913821006754255,inf,-inf,-0.10979540518641531,0.0521108967719423,-0.09068848212307336,0.04585642895612689,inf,-inf,2.206255258018665,0.11917743863547732,0.11917743863547732,0.11917743863547732,784,1.837691268157336,1.2898768847512208,1.9011325859086043,,,-3.781591711254663,0.2818124319651902,0.10615789797357647,20.29418052822844,1.307371519351074,0.0,0.0,0.32510947080085484,0.31066872618951014,0.09849276782912149,0.03899551891610714,0.6169996546840046,15.822321944513277,1.1992702170689442,5910
818,2.5923403368314566,-29.768847435079035,0.16621573961063657,0.28608863891558406,-26.72420271972136,-29.768847435079035,nan,0.14425527875639582,0.02196046085424075,2.7500982643962906,-29.71796735287705,0.16507970397473493,0.3127832109585339,-26.490006173547492,-29.71796735287705,nan,108.99818622806757,0.1684828979102615,0.0,0.03364782260028555,646.9391705627174,46.0,46.0,,1.5757415576843315e-05,,,,,,,0.2918108433813583,,0,0.03899551891610714,0.7913821006754255,inf,-inf,-0.11087030134974712,0.04985170228608194,-0.08678268939178554,0.04662120765054409,inf,-inf,2.205627527691264,0.11916396832508742,0.11916396832508742,0.11916396832508742,784,1.837691268157336,1.2898768847512208,1.9011325859086043,,,-3.781591711254663,0.2818124319651902,0.10615789797357647,20.29418052822844,1.307371519351074,0.0,0.0,0.32510947080085484,0.31066872618951014,0.09849276782912149,0.03899551891610714,0.6169996546840046,15.822321944513277,1.1992702170689442,5910
819,2.5850816973676873,-29.77249745146012,0.16624451929930953,0.28494502157106216,-26.73622621322206,-29.77249745146012,nan,0.14429006453996657,0.021954454759342965,2.7500982643962906,-29.71796735287705,0.16507970397473493,0.3127832109585339,-26.490006173547492,-29.71796735287705,nan,93.92725004849216,0.16448689296448354,0.0,0.03499919204863977,571.0318211723604,46.0,46.0,,1.5617054088943803e-05,,,,,,,0.2918108433813583,,0,0.03899551891610714,0.7913821006754255,inf,-inf,-0.10743252810562302,0.05585924171291927,-0.0883660329917117,0.04729192575396543,inf,-inf,2.204929603737754,0.11914870660935085,0.11914870660935085,0.11914870660935085,784,1.837691268157336,1.2898768847512208,1.9011325859086043,,,-3.781591711254663,0.2818124319651902,0.10615789797357647,20.29418052822844,1.307371519351074,0.0,0.0,0.32510947080085484,0.31066872618951014,0.09849276782912149,0.03899551891610714,0.6169996546840046,15.822321944513277,1.1992702170689442,5910
820,2.5941910548658194,-29.769535182114346,0.16627961335091898,0.2849164021807867,-26.72414811171682,-29.769535182114346,nan,0.14433250680328436,0.021947106547634546,2.7221809205048224,-29.697464268824014,0.16523788269567763,0.308316569163352,-26.50172889646016,-29.697464268824014,nan,98.94096542812122,0.16317240940221672,0.0,0.034408103384100934,606.3584265905746,46.0,46.0,,1.5478390938253676e-05,,,,,,,0.29103210550710107,,0,0.038839024300559626,0.789579622928376,inf,-inf,-0.10851925414865372,0.047624762411494805,-0.08591136696839949,0.046040226670196104,inf,-inf,2.2044465172522383,0.11912593012807814,0.11912593012807814,0.11912593012807814,784,1.8362471409533758,1.2892918518209862,1.9009386788652147,,,-3.784345017503628,0.280943463229569,0.1058718307125957,20.329543214529185,1.3081276205643508,0.0,0.0,0.32417618568199624,0.3097456529735122,0.09825581585472476,0.038839024300559626,0.6138550007018869,15.805108695612676,1.1987974869356406,5910
821,2.5857058624398777,-29.776637778586327,0.16631062383798575,0.28723532516635064,-26.737385967142114,-29.776637778586327,nan,0.1443697376881991,0.021940886149786683,2.7221809205048224,-29.697464268824014,0.16523788269567763,0.308316569163352,-26.50172889646016,-29.697464268824014,nan,100.96683291207908,0.1650174462831725,0.0,0.03533880401275496,611.8555048950305,46.0,46.0,,1.5341427814339616e-05,,,,,,,0.29103210550710107,,0,0.038839024300559626,0.789579622928376,inf,-inf,-0.10667467132133253,0.04761564933396475,-0.08459432751470533,0.04658354185312796,inf,-inf,2.2036227902181613,0.11912000606183643,0.11912000606183643,0.11912000606183643,784,1.8362471409533758,1.2892918518209862,1.9009386788652147,,,-3.784345017503628,0.280943463229569,0.1058718307125957,20.329543214529185,1.3081276205643508,0.0,0.0,0.32417618568199624,0.3097456529735122,0.09825581585472476,0.038839024300559626,0.6138550007018869,15.805108695612676,1.1987974869356406,5910
822,2.578797096187512,-29.770221339616736,0.16635277304327428,0.2831565124958103,-26.74191495789014,-29.770221339616736,nan,0.1444150563165694,0.021937716726704835,2.7221809205048224,-29.697464268824014,0.16523788269567763,0.308316569163352,-26.50172889646016,-29.697464268824014,nan,96.31317420613024,0.1683515393795994,0.0,0.032388581451198134,572.0955956866133,46.0,46.0,,1.520616638605409e-05,,,,,,,0.29103210550710107,,0,0.038839024300559626,0.789579622928376,inf,-inf,-0.11127545046284115,0.04729321086404815,-0.08553120140039838,0.04659386288914263,inf,-inf,2.202945698693086,0.11911231864856431,0.11911231864856431,0.11911231864856431,784,1.8362471409533758,1.2892918518209862,1.9009386788652147,,,-3.784345017503628,0.280943463229569,0.1058718307125957,20.329543214529185,1.3081276205643508,0.0,0.0,0.32417618568199624,0.3097456529735122,0.09825581585472476,0.038839024300559626,0.6138550007018869,15.805108695612676,1.1987974869356406,5910
823,2.574174865568854,-29.773837629944072,0.16637583758376473,0.2847334677278356,-26.74855345906362,-29.773837629944072,nan,0.14444066705919956,0.02193517052456524,2.7221809205048224,-29.697464268824014,0.16523788269567763,0.308316569163352,-26.50172889646016,-29.697464268824014,nan,82.45113885422434,0.16491876569534547,0.0,0.03394394799037603,499.950011792693,46.0,46.0,,1.50726083015149e-05,,,,,,,0.29103210550710107,,0,0.038839024300559626,0.789579622928376,inf,-inf,-0.10763963591617948,0.05015584239393616,-0.08515497923667412,0.0463598599924567,inf,-inf,2.202190487155128,0.11910676773545414,0.11910676773545414,0.11910676773545414,784,1.8362471409533758,1.2892918518209862,1.9009386788652147,,,-3.784345017503628,0.280943463229569,0.1058718307125957,20.329543214529185,1.3081276205643508,0.0,0.0,0.32417618568199624,0.3097456529735122,0.09825581585472476,0.038839024300559626,0.6138550007018869,15.805108695612676,1.1987974869356406,5910
824,2.5800508778897107,-29.77082988610433,0.16640926611627171,0.2848405566267753,-26.73952918547157,-29.77082988610433,nan,0.14448011984730172,0.02192914626897,2.7221809205048224,-29.697464268824014,0.16523788269567763,0.308316569163352,-26.50172889646016,-29.697464268824014,nan,114.6880652327754,0.17108792371097997,0.0,0.038075833182803,670.3457657626307,46.0,46.0,,1.4940755188085134e-05,,,,,,,0.29103210550710107,,0,0.038839024300559626,0.789579622928376,inf,-inf,-0.11236870741178831,0.04957534213386444,-0.09328833049075289,0.04810432044990631,inf,-inf,2.201723837773906,0.11908683645609212,0.11908683645609212,0.11908683645609212,784,1.8362471409533758,1.2892918518209862,1.9009386788652147,,,-3.784345017503628,0.280943463229569,0.1058718307125957,20.329543214529185,1.3081276205643508,0.0,0.0,0.32417618568199624,0.3097456529735122,0.09825581585472476,0.038839024300559626,0.6138550007018869,15.805108695612676,1.1987974869356406,5910
825,2.571717646519082,-29.76800346365535,0.1664354614990434,0.2839449956415771,-26.745905359995646,-29.76800346365535,nan,0.1445112290833636,0.021924232415679815,2.708333121364627,-29.668519291683015,0.16539732336642532,0.3013066247670544,-26.49348222218491,-29.668519291683015,nan,96.81315540719622,0.1633571253655455,0.0,0.03536555892976025,592.6472762700536,46.0,46.0,,1.481060865235343e-05,,,,,,,0.2902889522860218,,0,0.0386925557052013,0.7878246092912411,inf,-inf,-0.11241971041108895,0.048050431815543845,-0.08660681757908124,0.04770170944179699,inf,-inf,2.2011420072791608,0.11906982603245374,0.11906982603245374,0.11906982603245374,784,1.8347696762277934,1.2886889744570518,1.9007371508134636,,,-3.7869776483541226,0.2801241213330282,0.10559866955993179,20.361141695929295,1.3088021262354785,0.0,0.0,0.3232852937266601,0.3089617858541618,0.09802880807110594,0.0386925557052013,0.6108864906519145,15.788217643369451,1.198333104590901,5910
826,2.586959368547237,-29.771442137185428,0.16647689261139292,0.2839601978829052,-26.734045678143893,-29.771442137185428,nan,0.1445580768284632,0.021918815782929736,2.708333121364627,-29.668519291683015,0.16539732336642532,0.3013066247670544,-26.49348222218491,-29.668519291683015,nan,90.90363018783177,0.16688922145972399,0.0,0.036040902182071365,544.6944349834473,46.0,46.0,,1.4682170280114224e-05,,,,,,,0.2902889522860218,,0,0.0386925557052013,0.7878246092912411,inf,-inf,-0.11074575802055422,0.046830435490071806,-0.08773558641424438,0.04634100606664771,inf,-inf,2.200495597726889,0.11906017026670394,0.11906017026670394,0.11906017026670394,784,1.8347696762277934,1.2886889744570518,1.9007371508134636,,,-3.7869776483541226,0.2801241213330282,0.10559866955993179,20.361141695929295,1.3088021262354785,0.0,0.0,0.3232852937266601,0.3089617858541618,0.09802880807110594,0.0386925557052013,0.6108864906519145,15.788217643369451,1.198333104590901,5910
827,2.5771023955340135,-29.774998453296625,0.16650440281078957,0.28370546094261856,-26.747686194009205,-29.774998453296625,nan,0.14458999329938457,0.021914409511404945,2.708333121364627,-29.668519291683015,0.16539732336642532,0.3013066247670544,-26.49348222218491,-29.668519291683015,nan,87.98067281826272,0.16240453684927758,0.0,0.03367926124797669,541.7377773129253,46.0,46.0,,1.4555441636348547e-05,,,,,,,0.2902889522860218,,0,0.0386925557052013,0.7878246092912411,inf,-inf,-0.11038359162790423,0.04966075104690863,-0.0827883541505747,0.047540599566471255,inf,-inf,2.199925629215851,0.11904130716292768,0.11904130716292768,0.11904130716292768,784,1.8347696762277934,1.2886889744570518,1.9007371508134636,,,-3.7869776483541226,0.2801241213330282,0.10559866955993179,20.361141695929295,1.3088021262354785,0.0,0.0,0.3232852937266601,0.3089617858541618,0.09802880807110594,0.0386925557052013,0.6108864906519145,15.788217643369451,1.198333104590901,5910
828,2.5711325957843876,-29.773590652535454,0.1665384742628052,0.2844851790140084,-26.751434403474253,-29.773590652535454,nan,0.14462953957915384,0.021908934683651307,2.708333121364627,-29.668519291683015,0.16539732336642532,0.3013066247670544,-26.49348222218491,-29.668519291683015,nan,75.68542229666386,0.16260600603598407,0.0,0.032568106078640684,465.45280916570186,46.0,46.0,,1.4430424265204883e-05,,,,,,,0.2902889522860218,,0,0.0386925557052013,0.7878246092912411,inf,-inf,-0.11013522021349008,0.05015512800369158,-0.08470832155397831,0.04619768937497515,inf,-inf,2.1993535784900256,0.11902782574503441,0.11902782574503441,0.11902782574503441,784,1.8347696762277934,1.2886889744570518,1.9007371508134636,,,-3.7869776483541226,0.2801241213330282,0.10559866955993179,20.361141695929295,1.3088021262354785,0.0,0.0,0.3232852937266601,0.3089617858541618,0.09802880807110594,0.0386925557052013,0.6108864906519145,15.788217643369451,1.198333104590901,5910
829,2.5775946538971164,-29.773155498468114,0.16656745346007298,0.28303969545178875,-26.74595369565914,-29.773155498468114,nan,0.14466261682838075,0.02190483663169224,2.708333121364627,-29.668519291683015,0.16539732336642532,0.3013066247670544,-26.49348222218491,-29.668519291683015,nan,77.08319101471292,0.1637802565704252,0.0,0.03598930358247572,470.6500809611768,46.0,46.0,,1.4307119689980544e-05,,,,,,,0.2902889522860218,,0,0.0386925557052013,0.7878246092912411,inf,-inf,-0.11038209003075904,0.045956460488037545,-0.08807164689262931,0.047743192483108945,inf,-inf,2.1986291404462124,0.11901860563562147,0.11901860563562147,0.11901860563562147,784,1.8347696762277934,1.2886889744570518,1.9007371508134636,,,-3.7869776483541226,0.2801241213330282,0.10559866955993179,20.361141695929295,1.3088021262354785,0.0,0.0,0.3232852937266601,0.3089617858541618,0.09802880807110594,0.0386925557052013,0.6108864906519145,15.788217643369451,1.198333104590901,5910
830,2.5695264643132556,-29.774772070050496,0.1665971976969337,0.284666861811409,-26.753981546228896,-29.774772070050496,nan,0.14469804224808333,0.02189915544885032,2.735001529741103,-29.720316446425823,0.1655480897115018,0.31605275547591793,-26.5037140714973,-29.720316446425823,nan,90.84041149573511,0.16370956627389524,0.0,0.03547472096606449,554.8876193572833,46.0,46.0,,1.4185529413102818e-05,,,,,,,0.2895790603303682,,0,0.03855372952385544,0.786115897642989,inf,-inf,-0.11123561680013183,0.04864895815965661,-0.08469990647558287,0.04628433843095644,inf,-inf,2.1981634768832787,0.11900201002814721,0.11900201002814721,0.11900201002814721,784,1.833412732150533,1.28813335089415,1.9008279526985756,,,-3.7894952811119014,0.27931754103030215,0.10533971790202068,20.39013883615522,1.3094201828929426,0.0,0.0,0.3224351841672015,0.30812152730084685,0.09781686671300034,0.03855372952385544,0.608152843682141,15.774163775928379,1.197946345594401,5910
831,2.585839918209383,-29.77745743500075,0.16662348916458894,0.28387280057455044,-26.741121227052226,-29.77745743500075,nan,0.14472925451037041,0.021894234654218546,2.735001529741103,-29.720316446425823,0.1655480897115018,0.31605275547591793,-26.5037140714973,-29.720316446425823,nan,88.81834024481614,0.16141575989766396,0.0,0.03377822604994648,550.2457771231639,46.0,46.0,,1.4065654916110821e-05,,,,,,,0.2895790603303682,,0,0.03855372952385544,0.786115897642989,inf,-inf,-0.1092797799894098,0.043342919159678736,-0.08797861614735421,0.046781142933755536,inf,-inf,2.1975855320062267,0.11898733198164882,0.11898733198164882,0.11898733198164882,784,1.833412732150533,1.28813335089415,1.9008279526985756,,,-3.7894952811119014,0.27931754103030215,0.10533971790202068,20.39013883615522,1.3094201828929426,0.0,0.0,0.3224351841672015,0.30812152730084685,0.09781686671300034,0.03855372952385544,0.608152843682141,15.774163775928379,1.197946345594401,5910
832,2.5626862574171163,-29.77251588315155,0.16665235428032668,0.28359566772615463,-26.759581603727952,-29.77251588315155,nan,0.14476025613884155,0.021892098141485093,2.735001529741103,-29.720316446425823,0.1655480897115018,0.31605275547591793,-26.5037140714973,-29.720316446425823,nan,95.81710307446397,0.16633453189024883,0.0,0.034809241077607474,576.050577024416,46.0,46.0,,1.3947497659637526e-05,,,,,,,0.2895790603303682,,0,0.03855372952385544,0.786115897642989,inf,-inf,-0.11159005814589093,0.046832585558781815,-0.08860503267590807,0.04708870091280672,inf,-inf,2.196998087458486,0.11898003270021029,0.11898003270021029,0.11898003270021029,784,1.833412732150533,1.28813335089415,1.9008279526985756,,,-3.7894952811119014,0.27931754103030215,0.10533971790202068,20.39013883615522,1.3094201828929426,0.0,0.0,0.3224351841672015,0.30812152730084685,0.09781686671300034,0.03855372952385544,0.608152843682141,15.774163775928379,1.197946345594401,5910
833,2.562655019593275,-29.772563293671784,0.16668400630521604,0.28360099197097927,-26.759623275802312,-29.772563293671784,nan,0.1447970528051365,0.021886953500079544,2.735001529741103,-29.720316446425823,0.1655480897115018,0.31605275547591793,-26.5037140714973,-29.720316446425823,nan,92.77474467627634,0.161736306301691,0.0,0.03335447430847731,573.6173083069002,46.0,46.0,,1.3831059083391788e-05,,,,,,,0.2895790603303682,,0,0.03855372952385544,0.786115897642989,inf,-inf,-0.1090094387714508,0.056842629916651025,-0.09266253530838342,0.04691692356968898,inf,-inf,2.196393831521109,0.11896337925501874,0.11896337925501874,0.11896337925501874,784,1.833412732150533,1.28813335089415,1.9008279526985756,,,-3.7894952811119014,0.27931754103030215,0.10533971790202068,20.39013883615522,1.3094201828929426,0.0,0.0,0.3224351841672015,0.30812152730084685,0.09781686671300034,0.03855372952385544,0.608152843682141,15.774163775928379,1.197946345594401,5910
834,2.5591197649730084,-29.773404353115904,0.16671636515694352,0.28384130195284285,-26.763726921033108,-29.773404353115904,nan,0.1448345184772729,0.021881846679670656,2.735001529741103,-29.720316446425823,0.1655480897115018,0.31605275547591793,-26.5037140714973,-29.720316446425823,nan,96.81625967485296,0.17100389108850242,0.0,0.034543679893150964,566.1640741539973,46.0,46.0,,1.3716340606140935e-05,,,,,,,0.2895790603303682,,0,0.03855372952385544,0.786115897642989,inf,-inf,-0.11123901563607576,0.04979572272315416,-0.08838128444299025,0.0486922968772101,inf,-inf,2.195914775267249,0.118943896361416,0.118943896361416,0.118943896361416,784,1.833412732150533,1.28813335089415,1.9008279526985756,,,-3.7894952811119014,0.27931754103030215,0.10533971790202068,20.39013883615522,1.3094201828929426,0.0,0.0,0.3224351841672015,0.30812152730084685,0.09781686671300034,0.03855372952385544,0.608152843682141,15.774163775928379,1.197946345594401,5910
835,2.5687532325566185,-29.771792822690703,0.16674262889303185,0.2832648966290315,-26.753032064612018,-29.771792822690703,nan,0.14486509551979004,0.021877533373241772,2.731369265648506,-29.71240178487098,0.16569382552305545,0.3085229893324464,-26.50681570436697,-29.71240178487098,nan,90.82286253931453,0.1693101234062684,0.0,0.03772963542805048,536.4290138834781,46.0,46.0,,1.3603343625693355e-05,,,,,,,0.2889002771537328,,0,0.03842293755534586,0.7844920710000318,inf,-inf,-0.1120633167886659,0.045595627755066856,-0.08562218223054756,0.04722061857141703,inf,-inf,2.195225124389816,0.11893928090112982,0.11893928090112982,0.11893928090112982,784,1.832044483495956,1.2875779394629656,1.9002452887192012,,,-3.791903463423541,0.27856090895401353,0.10509141488179556,20.417285114393444,1.3099979934695878,0.0,0.0,0.32162204171025394,0.30745556043127775,0.09761058870584345,0.03842293755534586,0.6054653656942489,15.757914522337435,1.1974987403507809,5910
836,2.557925722237114,-29.777196331597626,0.16677064729811117,0.2841254847205179,-26.76837447734188,-29.777196331597626,nan,0.14489804176555693,0.021872605532554233,2.731369265648506,-29.71240178487098,0.16569382552305545,0.3085229893324464,-26.50681570436697,-29.71240178487098,nan,86.87474359762786,0.16033413157264773,0.0,0.034664832342555754,541.8356200611267,46.0,46.0,,1.3492069518881666e-05,,,,,,,0.2889002771537328,,0,0.03842293755534586,0.7844920710000318,inf,-inf,-0.1116428059151705,0.043104825783633,-0.0887333984984377,0.046395497684162255,inf,-inf,2.1947948282383365,0.11892226472805116,0.11892226472805116,0.11892226472805116,784,1.832044483495956,1.2875779394629656,1.9002452887192012,,,-3.791903463423541,0.27856090895401353,0.10509141488179556,20.417285114393444,1.3099979934695878,0.0,0.0,0.32162204171025394,0.30745556043127775,0.09761058870584345,0.03842293755534586,0.6054653656942489,15.757914522337435,1.1974987403507809,5910
837,2.564649590595159,-29.776462408889603,0.16679786550705022,0.28243633886517794,-26.762578613922216,-29.776462408889603,nan,0.14492911370602976,0.02186875180102044,2.731369265648506,-29.71240178487098,0.16569382552305545,0.3085229893324464,-26.50681570436697,-29.71240178487098,nan,82.82649890927136,0.16887792600056714,0.0,0.03510489382440944,490.4518954655637,46.0,46.0,,1.338251964154568e-05,,,,,,,0.2889002771537328,,0,0.03842293755534586,0.7844920710000318,inf,-inf,-0.11309222792940067,0.04411891271990822,-0.08548229881168547,0.047736147495827275,inf,-inf,2.1941958822566043,0.11891005703883392,0.11891005703883392,0.11891005703883392,784,1.832044483495956,1.2875779394629656,1.9002452887192012,,,-3.791903463423541,0.27856090895401353,0.10509141488179556,20.417285114393444,1.3099979934695878,0.0,0.0,0.32162204171025394,0.30745556043127775,0.09761058870584345,0.03842293755534586,0.6054653656942489,15.757914522337435,1.1974987403507809,5910
838,2.554589545841161,-29.776684275628302,0.1668289885666518,0.28148331798247883,-26.77378242323801,-29.776684275628302,nan,0.14496404224726292,0.02186494631938888,2.731369265648506,-29.71240178487098,0.16569382552305545,0.3085229893324464,-26.50681570436697,-29.71240178487098,nan,81.14467384324743,0.16355524952173028,0.0,0.035241375263291824,496.13004828968445,46.0,46.0,,1.3274695328516124e-05,,,,,,,0.2889002771537328,,0,0.03842293755534586,0.7844920710000318,inf,-inf,-0.1092495715763981,0.04464825929586437,-0.08293772331783641,0.046170122983076024,inf,-inf,2.193678887579799,0.11889720002047109,0.11889720002047109,0.11889720002047109,784,1.832044483495956,1.2875779394629656,1.9002452887192012,,,-3.791903463423541,0.27856090895401353,0.10509141488179556,20.417285114393444,1.3099979934695878,0.0,0.0,0.32162204171025394,0.30745556043127775,0.09761058870584345,0.03842293755534586,0.6054653656942489,15.757914522337435,1.1974987403507809,5910
839,2.557504325356922,-29.774842578791866,0.16687009482407889,0.2839134037977794,-26.766554754813082,-29.774842578791866,nan,0.14500848067459626,0.021861614149482612,2.731369265648506,-29.71240178487098,0.16569382552305545,0.3085229893324464,-26.50681570436697,-29.71240178487098,nan,95.65318464338061,0.16046023296406212,0.0,0.0364213360862844,596.117697677803,46.0,46.0,,1.31685978935982e-05,,,,,,,0.2889002771537328,,0,0.03842293755534586,0.7844920710000318,inf,-inf,-0.11229311306758398,0.050186232658684056,-0.08829801100163029,0.04809614395421319,inf,-inf,2.1930304651643966,0.11889241328045884,0.11889241328045884,0.11889241328045884,784,1.832044483495956,1.2875779394629656,1.9002452887192012,,,-3.791903463423541,0.27856090895401353,0.10509141488179556,20.417285114393444,1.3099979934695878,0.0,0.0,0.32162204171025394,0.30745556043127775,0.09761058870584345,0.03842293755534586,0.6054653656942489,15.757914522337435,1.1974987403507809,5910
840,2.555888656503047,-29.771490044331422,0.16688519718111375,0.28220426165503715,-26.766511928992227,-29.771490044331422,nan,0.14502732255325573,0.02185787462785796,2.71369195124476,-29.69357295697499,0.16584289652984896,0.3064305439041211,-26.507607565296258,-29.69357295697499,nan,93.96051266652796,0.1623497045882684,0.0,0.03239444586511023,578.7538259143693,46.0,46.0,,1.3064228629555699e-05,,,,,,,0.2882210778757026,,0,0.03828867255860623,0.7829185782269635,inf,-inf,-0.11057277572730319,0.04524648502617253,-0.08442561826130839,0.046237417458016516,inf,-inf,2.192569106073018,0.11887912328557797,0.11887912328557797,0.11887912328557797,784,1.8307670944941115,1.2870578096017598,1.8995494596422022,,,-3.7943193253541563,0.2778658742701616,0.10484503719733029,20.44778588311193,1.3106462888320896,0.0,0.0,0.32081060368896375,0.30667531298165257,0.09740544295602753,0.03828867255860623,0.6028244898283192,15.74419925124359,1.19712057735048,5910
841,2.5535278967933537,-29.77241040839681,0.16691428960205112,0.28285897988051156,-26.76910924212089,-29.77241040839681,nan,0.1450591102466511,0.021855179355400083,2.71369195124476,-29.69357295697499,0.16584289652984896,0.3064305439041211,-26.507607565296258,-29.69357295697499,nan,94.41695630602075,0.1661666214548638,0.0,0.035981423952452615,568.2065115084947,46.0,46.0,,1.2961588808095151e-05,,,,,,,0.2882210778757026,,0,0.03828867255860623,0.7829185782269635,inf,-inf,-0.11278878686782964,0.05056224269020981,-0.08612079368556434,0.04633816415995716,inf,-inf,2.1919772733447886,0.11887629192895335,0.11887629192895335,0.11887629192895335,784,1.8307670944941115,1.2870578096017598,1.8995494596422022,,,-3.7943193253541563,0.2778658742701616,0.10484503719733029,20.44778588311193,1.3106462888320896,0.0,0.0,0.32081060368896375,0.30667531298165257,0.09740544295602753,0.03828867255860623,0.6028244898283192,15.74419925124359,1.19712057735048,5910
842,2.5552914343525153,-29.767606772780876,0.1669512033479791,0.2819458721122151,-26.76341826296817,-29.767606772780876,nan,0.14509888753815764,0.021852315809821426,2.71369195124476,-29.69357295697499,0.16584289652984896,0.3064305439041211,-26.507607565296258,-29.69357295697499,nan,103.2999673419918,0.17349461930445625,0.0,0.035871021974578296,595.4073259224041,46.0,46.0,,1.2860679679850353e-05,,,,,,,0.2882210778757026,,0,0.03828867255860623,0.7829185782269635,inf,-inf,-0.11238129668089927,0.04779677147191639,-0.09046098651449896,0.047889899904935695,inf,-inf,2.191456765346818,0.11886668191848279,0.11886668191848279,0.11886668191848279,784,1.8307670944941115,1.2870578096017598,1.8995494596422022,,,-3.7943193253541563,0.2778658742701616,0.10484503719733029,20.44778588311193,1.3106462888320896,0.0,0.0,0.32081060368896375,0.30667531298165257,0.09740544295602753,0.03828867255860623,0.6028244898283192,15.74419925124359,1.19712057735048,5910
843,2.553337231372292,-29.77275013109695,0.16696808288451018,0.2829050993054763,-26.76953971753467,-29.77275013109695,nan,0.14512004377036727,0.021848039114142938,2.71369195124476,-29.69357295697499,0.16584289652984896,0.3064305439041211,-26.507607565296258,-29.69357295697499,nan,101.36334499485469,0.1635139259830962,0.0,0.03474776288183281,619.906496559403,46.0,46.0,,1.276150247436725e-05,,,,,,,0.2882210778757026,,0,0.03828867255860623,0.7829185782269635,inf,-inf,-0.11224887205665059,0.05033672602974434,-0.089684906967267,0.04702234248081846,inf,-inf,2.1908875772577683,0.11885593755262464,0.11885593755262464,0.11885593755262464,784,1.8307670944941115,1.2870578096017598,1.8995494596422022,,,-3.7943193253541563,0.2778658742701616,0.10484503719733029,20.44778588311193,1.3106462888320896,0.0,0.0,0.32081060368896375,0.30667531298165257,0.09740544295602753,0.03828867255860623,0.6028244898283192,15.74419925124359,1.19712057735048,5910
844,2.5466796541472156,-29.772932070809407,0.1670059727219289,0.28107858003748926,-26.778167863902773,-29.772932070809407,nan,0.14516043625188543,0.021845536470043444,2.71369195124476,-29.69357295697499,0.16584289652984896,0.3064305439041211,-26.507607565296258,-29.69357295697499,nan,107.49598545346353,0.16934141486982365,0.0,0.036101026983753934,634.7885160644133,46.0,46.0,,1.2664058400088745e-05,,,,,,,0.2882210778757026,,0,0.03828867255860623,0.7829185782269635,inf,-inf,-0.10889264794388415,0.04592138325160047,-0.08785993745839941,0.047606778141838516,inf,-inf,2.1904296287325846,0.11883989960430802,0.11883989960430802,0.11883989960430802,784,1.8307670944941115,1.2870578096017598,1.8995494596422022,,,-3.7943193253541563,0.2778658742701616,0.10484503719733029,20.44778588311193,1.3106462888320896,0.0,0.0,0.32081060368896375,0.30667531298165257,0.09740544295602753,0.03828867255860623,0.6028244898283192,15.74419925124359,1.19712057735048,5910
845,2.5546818127644166,-29.773724901569945,0.16703161399709573,0.2819775697273514,-26.77003390508108,-29.773724901569945,nan,0.14519010527104861,0.02184150872604715,2.6761889589996124,-29.649962936735523,0.16598713899540724,0.301491770794454,-26.50629506794605,-29.649962936735523,nan,86.51593266508335,0.16370157556932793,0.0,0.03419692274531165,528.4978618207844,46.0,46.0,,1.2568348644340173e-05,,,,,,,0.28756991501221746,,0,0.038164197788258615,0.7814086264143069,inf,-inf,-0.11141131890234764,0.04429398836194658,-0.0821174782389835,0.04665645951854652,inf,-inf,2.190023907760724,0.1188248220687151,0.1188248220687151,0.1188248220687151,784,1.8295767876411742,1.2865666402612008,1.8993792309026796,,,-3.796641365771874,0.27719747659378136,0.10460947675383976,20.47491292099714,1.311222063398959,0.0,0.0,0.3200319346390562,0.3059155835698577,0.09720736322747892,0.038164197788258615,0.6002903872754246,15.729149885605787,1.1967052509152574,5910
846,2.5428330782980124,-29.76537895750073,0.16706639919706665,0.28091457945873816,-26.774564900546913,-29.76537895750073,nan,0.14522921372096145,0.02183718547610521,2.6761889589996124,-29.649962936735523,0.16598713899540724,0.301491770794454,-26.50629506794605,-29.649962936735523,nan,120.43188259236281,0.16610623753146495,0.0,0.03388071645409746,725.0292606835418,46.0,46.0,,1.2474374373314651e-05,,,,,,,0.28756991501221746,,0,0.038164197788258615,0.7814086264143069,inf,-inf,-0.11261373627275281,0.04297453635309695,-0.08529045099570261,0.04748693844777721,inf,-inf,2.1895741650877363,0.11881093730702304,0.11881093730702304,0.11881093730702304,784,1.8295767876411742,1.2865666402612008,1.8993792309026796,,,-3.796641365771874,0.27719747659378136,0.10460947675383976,20.47491292099714,1.311222063398959,0.0,0.0,0.3200319346390562,0.3059155835698577,0.09720736322747892,0.038164197788258615,0.6002903872754246,15.729149885605787,1.1967052509152574,5910
847,2.5436279527807484,-29.768293052179196,0.16708579351667616,0.27995648425412717,-26.77762282162764,-29.768293052179196,nan,0.1452534382418877,0.02183235527478844,2.6761889589996124,-29.649962936735523,0.16598713899540724,0.301491770794454,-26.50629506794605,-29.649962936735523,nan,122.66180025387338,0.16105675757352825,0.0,0.034295138302453905,761.6060456070825,46.0,46.0,,1.2382136732059061e-05,,,,,,,0.28756991501221746,,0,0.038164197788258615,0.7814086264143069,inf,-inf,-0.11173026299081149,0.051256142487356375,-0.08862393061060317,0.046716967178200744,inf,-inf,2.1890889502297264,0.11879483102049732,0.11879483102049732,0.11879483102049732,784,1.8295767876411742,1.2865666402612008,1.8993792309026796,,,-3.796641365771874,0.27719747659378136,0.10460947675383976,20.47491292099714,1.311222063398959,0.0,0.0,0.3200319346390562,0.3059155835698577,0.09720736322747892,0.038164197788258615,0.6002903872754246,15.729149885605787,1.1967052509152574,5910
848,2.537857111730407,-29.770037975189048,0.1671097911700994,0.2812970244177399,-26.783774047870804,-29.770037975189048,nan,0.1452805251954127,0.021829265974686696,2.6761889589996124,-29.649962936735523,0.16598713899540724,0.301491770794454,-26.50629506794605,-29.649962936735523,nan,119.07072114041512,0.16613893728155868,0.0,0.0368313792299717,716.6936486335156,46.0,46.0,,1.2291636844459947e-05,,,,,,,0.28756991501221746,,0,0.038164197788258615,0.7814086264143069,inf,-inf,-0.11093004584954268,0.05040658617222359,-0.08873801505222562,0.04670371736957587,inf,-inf,2.1885343738295773,0.11878602422261375,0.11878602422261375,0.11878602422261375,784,1.8295767876411742,1.2865666402612008,1.8993792309026796,,,-3.796641365771874,0.27719747659378136,0.10460947675383976,20.47491292099714,1.311222063398959,0.0,0.0,0.3200319346390562,0.3059155835698577,0.09720736322747892,0.038164197788258615,0.6002903872754246,15.729149885605787,1.1967052509152574,5910
849,2.5390985577521095,-29.7730593815424,0.16714410933666748,0.2815593897221467,-26.785257324731475,-29.7730593815424,nan,0.1453190185694516,0.021825090767215827,2.6761889589996124,-29.649962936735523,0.16598713899540724,0.301491770794454,-26.50629506794605,-29.649962936735523,nan,88.03304832358641,0.16023476116195304,0.0,0.03226596972458805,549.4004402366185,46.0,46.0,,1.2202875813229856e-05,,,,,,,0.28756991501221746,,0,0.038164197788258615,0.7814086264143069,inf,-inf,-0.11256400241441691,0.04384250908821373,-0.0845671036820114,0.04770126345514067,inf,-inf,2.188125789785748,0.11877109534684598,0.11877109534684598,0.11877109534684598,784,1.8295767876411742,1.2865666402612008,1.8993792309026796,,,-3.796641365771874,0.27719747659378136,0.10460947675383976,20.47491292099714,1.311222063398959,0.0,0.0,0.3200319346390562,0.3059155835698577,0.09720736322747892,0.038164197788258615,0.6002903872754246,15.729149885605787,1.1967052509152574,5910
850,2.534491591904539,-29.773844608578,0.16717410942681443,0.2807700031290202,-26.791408904117624,-29.773844608578,nan,0.14535144117055773,0.02182266825625665,2.6886308784205353,-29.710030976398325,0.1661180861135722,0.30446053121762234,-26.550821480646597,-29.710030976398325,nan,84.72250048144427,0.16804150368455117,0.0,0.037022535386904754,504.17604355936976,46.0,46.0,,1.2115854719893955e-05,,,,,,,0.28697192063870053,,0,0.03804747467418978,0.7798965085747271,inf,-inf,-0.11481077601276077,0.04240690405061626,-0.08521597296021086,0.04698998219292385,inf,-inf,2.187594167187749,0.11876476726089266,0.11876476726089266,0.11876476726089266,784,1.8284715989608369,1.2861075742320653,1.8997394567440806,,,-3.7987833089518572,0.2765841248747494,0.1043944613908764,20.49798351278711,1.3117111394780057,0.0,0.0,0.31931658346818215,0.3052182784816113,0.09703066381594933,0.03804747467418978,0.5980988116530452,15.719803134760395,1.1964471028978805,5910
851,2.5393553513415417,-29.775575826757358,0.16720210396586055,0.2814002465916989,-26.78761812485826,-29.775575826757358,nan,0.14538248035736584,0.021819623608494668,2.6886308784205353,-29.710030976398325,0.1661180861135722,0.30446053121762234,-26.550821480646597,-29.710030976398325,nan,78.50851604258267,0.16205444691282628,0.0,0.036846625893901114,484.4576470327571,46.0,46.0,,1.2030574624776794e-05,,,,,,,0.28697192063870053,,0,0.03804747467418978,0.7798965085747271,inf,-inf,-0.11348331311295426,0.045914974941008546,-0.08404051476289487,0.046518679247822006,inf,-inf,2.1870800098805603,0.11875455515552741,0.11875455515552741,0.11875455515552741,784,1.8284715989608369,1.2861075742320653,1.8997394567440806,,,-3.7987833089518572,0.2765841248747494,0.1043944613908764,20.49798351278711,1.3117111394780057,0.0,0.0,0.31931658346818215,0.3052182784816113,0.09703066381594933,0.03804747467418978,0.5980988116530452,15.719803134760395,1.1964471028978805,5910
852,2.542711325214847,-29.77763795525895,0.1672249482031798,0.2815848348822466,-26.786116846958677,-29.77763795525895,nan,0.14540890753142013,0.021816040671759664,2.6886308784205353,-29.710030976398325,0.1661180861135722,0.30446053121762234,-26.550821480646597,-29.710030976398325,nan,76.5715394023884,0.1593322262850918,0.0,0.03332277547353138,480.5778541334104,46.0,46.0,,1.1947036566989458e-05,,,,,,,0.28697192063870053,,0,0.03804747467418978,0.7798965085747271,inf,-inf,-0.11218921495229492,0.043570254714963376,-0.08501504729081737,0.0468908429708682,inf,-inf,2.186537126843416,0.11874745069669738,0.11874745069669738,0.11874745069669738,784,1.8284715989608369,1.2861075742320653,1.8997394567440806,,,-3.7987833089518572,0.2765841248747494,0.1043944613908764,20.49798351278711,1.3117111394780057,0.0,0.0,0.31931658346818215,0.3052182784816113,0.09703066381594933,0.03804747467418978,0.5980988116530452,15.719803134760395,1.1964471028978805,5910
853,2.534563600553695,-29.77512929212979,0.16725592614348386,0.2820766801537989,-26.79123308527881,-29.77512929212979,nan,0.1454430416738321,0.02181288446965177,2.6886308784205353,-29.710030976398325,0.1661180861135722,0.30446053121762234,-26.550821480646597,-29.710030976398325,nan,107.00278519831687,0.16110433412862413,0.0,0.03271604029475792,664.1831566920284,46.0,46.0,,1.1865241564416769e-05,,,,,,,0.28697192063870053,,0,0.03804747467418978,0.7798965085747271,inf,-inf,-0.11411931149598811,0.04280567693924422,-0.08786810170517036,0.04731730152656782,inf,-inf,2.186137821599095,0.11873702519938464,0.11873702519938464,0.11873702519938464,784,1.8284715989608369,1.2861075742320653,1.8997394567440806,,,-3.7987833089518572,0.2765841248747494,0.1043944613908764,20.49798351278711,1.3117111394780057,0.0,0.0,0.31931658346818215,0.3052182784816113,0.09703066381594933,0.03804747467418978,0.5980988116530452,15.719803134760395,1.1964471028978805,5910
854,2.539627445275763,-29.77805356545961,0.1672625599433182,0.28039242738632747,-26.790771132854204,-29.77805356545961,nan,0.1454530443178494,0.021809515625468824,2.6886308784205353,-29.710030976398325,0.1661180861135722,0.30446053121762234,-26.550821480646597,-29.710030976398325,nan,83.17829494681702,0.15886441514774036,0.0,0.035271820274459804,523.580405778494,46.0,46.0,,1.1785190613705053e-05,,,,,,,0.28697192063870053,,0,0.03804747467418978,0.7798965085747271,inf,-inf,-0.11351377440916813,0.04324477092277472,-0.0850158831629532,0.04718519715728176,inf,-inf,2.185750481277636,0.11872049626488942,0.11872049626488942,0.11872049626488942,784,1.8284715989608369,1.2861075742320653,1.8997394567440806,,,-3.7987833089518572,0.2765841248747494,0.1043944613908764,20.49798351278711,1.3117111394780057,0.0,0.0,0.31931658346818215,0.3052182784816113,0.09703066381594933,0.03804747467418978,0.5980988116530452,15.719803134760395,1.1964471028978805,5910
855,2.5420730314045232,-29.776393182319502,0.16730175030392125,0.28098818508915996,-26.786030215521897,-29.776393182319502,nan,0.1454963294062516,0.021805420897669705,2.6706043458279467,-29.69216995260058,0.16624615061024367,0.3011431232081291,-26.55417633295426,-29.69216995260058,nan,90.82945282332557,0.1604523495411636,0.0,0.033485059524349776,566.0836571297668,46.0,46.0,,1.170688469024986e-05,,,,,,,0.2863902670175943,,0,0.03793480735343071,0.7784252410351573,inf,-inf,-0.11174173788720079,0.04559550967776126,-0.08854428772869354,0.04669405990571418,inf,-inf,2.1852447640919945,0.11870895731367227,0.11870895731367227,0.11870895731367227,784,1.8273967344897777,1.2856622366264838,1.899364883307113,,,-3.8008669468319307,0.27592950124623394,0.10418430775147976,20.52007892864016,1.312179026917701,0.0,0.0,0.31862259239525303,0.3046049775087206,0.0968603904922861,0.03793480735343071,0.5959662357468101,15.710274476796906,1.1961837727367899,5910
856,2.5246624764910344,-29.7710423011324,0.16732586957446993,0.27985673259049176,-26.799197222476405,-29.7710423011324,nan,0.14552341784435366,0.021802451730116315,2.6706043458279467,-29.69216995260058,0.16624615061024367,0.3011431232081291,-26.55417633295426,-29.69216995260058,nan,87.45583414568401,0.16549134423887898,0.0,0.03308776958771661,528.461682077134,46.0,46.0,,1.1630324748184172e-05,,,,,,,0.2863902670175943,,0,0.03793480735343071,0.7784252410351573,inf,-inf,-0.11303003314790716,0.04431981188132931,-0.08972472062245027,0.04847723063860322,inf,-inf,2.1847250202836594,0.11870468054190705,0.11870468054190705,0.11870468054190705,784,1.8273967344897777,1.2856622366264838,1.899364883307113,,,-3.8008669468319307,0.27592950124623394,0.10418430775147976,20.52007892864016,1.312179026917701,0.0,0.0,0.31862259239525303,0.3046049775087206,0.0968603904922861,0.03793480735343071,0.5959662357468101,15.710274476796906,1.1961837727367899,5910
857,2.5271875625644484,-29.773242207707902,0.1673540352841104,0.27976479655981695,-26.798935813299526,-29.773242207707902,nan,0.14555447429343443,0.021799560990675954,2.6706043458279467,-29.69216995260058,0.16624615061024367,0.3011431232081291,-26.55417633295426,-29.69216995260058,nan,81.72007515713172,0.1642964561280884,0.0,0.03201035626748503,497.39402226315406,46.0,46.0,,1.1555511720366705e-05,,,,,,,0.2863902670175943,,0,0.03793480735343071,0.7784252410351573,inf,-inf,-0.11266120505566846,0.04831101721517561,-0.08628719380788259,0.047655247576332535,inf,-inf,2.1842514210308903,0.11869500643711986,0.11869500643711986,0.11869500643711986,784,1.8273967344897777,1.2856622366264838,1.899364883307113,,,-3.8008669468319307,0.27592950124623394,0.10418430775147976,20.52007892864016,1.312179026917701,0.0,0.0,0.31862259239525303,0.3046049775087206,0.0968603904922861,0.03793480735343071,0.5959662357468101,15.710274476796906,1.1961837727367899,5910
858,2.5281585017536288,-29.776399498910372,0.16736939838242246,0.2788361274549459,-26.802035471319375,-29.776399498910372,nan,0.1455733534993569,0.021796044883065545,2.6706043458279467,-29.69216995260058,0.16624615061024367,0.3011431232081291,-26.55417633295426,-29.69216995260058,nan,74.46058069729811,0.16956338285669814,0.0,0.033950559737518905,439.1312525312522,46.0,46.0,,1.1482446518370609e-05,,,,,,,0.2863902670175943,,0,0.03793480735343071,0.7784252410351573,inf,-inf,-0.11223680212418229,0.04276065813209394,-0.08424031614199676,0.046573459371231495,inf,-inf,2.183825243749234,0.11868301303853551,0.11868301303853551,0.11868301303853551,784,1.8273967344897777,1.2856622366264838,1.899364883307113,,,-3.8008669468319307,0.27592950124623394,0.10418430775147976,20.52007892864016,1.312179026917701,0.0,0.0,0.31862259239525303,0.3046049775087206,0.0968603904922861,0.03793480735343071,0.5959662357468101,15.710274476796906,1.1961837727367899,5910
859,2.5352258818396285,-29.77382027611327,0.1673969520152064,0.27978035955473307,-26.791417082703703,-29.77382027611327,nan,0.14560401347312107,0.021792938542085378,2.6706043458279467,-29.69216995260058,0.16624615061024367,0.3011431232081291,-26.55417633295426,-29.69216995260058,nan,93.81668539010185,0.16453441041963013,0.0,0.03170202180240363,570.194922453187,46.0,46.0,,1.1411130032472325e-05,,,,,,,0.2863902670175943,,0,0.03793480735343071,0.7784252410351573,inf,-inf,-0.11153632597744123,0.04341137289413884,-0.08723357950928788,0.04826138500060765,inf,-inf,2.1833570225012364,0.11867456411189935,0.11867456411189935,0.11867456411189935,784,1.8273967344897777,1.2856622366264838,1.899364883307113,,,-3.8008669468319307,0.27592950124623394,0.10418430775147976,20.52007892864016,1.312179026917701,0.0,0.0,0.31862259239525303,0.3046049775087206,0.0968603904922861,0.03793480735343071,0.5959662357468101,15.710274476796906,1.1961837727367899,5910
860,2.5381356204492205,-29.776102900541545,0.16742715230650007,0.2806102143615974,-26.789929913424224,-29.776102900541545,nan,0.14563711255555076,0.021790039750949314,2.665929633498128,-29.68505618091271,0.16637161022311847,0.29915232125698277,-26.55360261593448,-29.68505618091271,nan,89.41778551470397,0.16189879963888734,0.0,0.03375879373016741,552.3066614091574,46.0,46.0,,1.1341563131640704e-05,,,,,,,0.2858320841848422,,0,0.03782555681119695,0.7770212282481667,inf,-inf,-0.11344036951912746,0.04318081833452847,-0.08815405039107095,0.04687155516303147,inf,-inf,2.1828319429859144,0.11866663652167057,0.11866663652167057,0.11866663652167057,784,1.8262892891509643,1.2852031810055151,1.8991761864246401,,,-3.8028672583452243,0.275328290912518,0.10398404116668047,20.54222842314264,1.3126475541287965,0.0,0.0,0.31795641756971743,0.30385722995941555,0.09669651445462697,0.03782555681119695,0.5939627194981215,15.702682777753568,1.1959738572525351,5910
861,2.5390404171951046,-29.776083519614396,0.167447795590886,0.280070039563522,-26.789525267264885,-29.776083519614396,nan,0.14565939794326396,0.02178839764762206,2.665929633498128,-29.68505618091271,0.16637161022311847,0.29915232125698277,-26.55360261593448,-29.68505618091271,nan,78.03173245310539,0.16114571654753046,0.0,0.032062498823671896,484.23088199238407,46.0,46.0,,1.127374666352645e-05,,,,,,,0.2858320841848422,,0,0.03782555681119695,0.7770212282481667,inf,-inf,-0.11320993888584614,0.04608401196749721,-0.08929569134318877,0.04774830311878594,inf,-inf,2.1823227070682907,0.11866353879539732,0.11866353879539732,0.11866353879539732,784,1.8262892891509643,1.2852031810055151,1.8991761864246401,,,-3.8028672583452243,0.275328290912518,0.10398404116668047,20.54222842314264,1.3126475541287965,0.0,0.0,0.31795641756971743,0.30385722995941555,0.09669651445462697,0.03782555681119695,0.5939627194981215,15.702682777753568,1.1959738572525351,5910
862,2.5267232444294114,-29.771496818772068,0.1674738675772405,0.2804094256886937,-26.796890281076724,-29.771496818772068,nan,0.14568875877350393,0.021785108803736547,2.665929633498128,-29.68505618091271,0.16637161022311847,0.29915232125698277,-26.55360261593448,-29.68505618091271,nan,79.47506317942023,0.1599807834838496,0.0,0.03241543058184385,496.77880960898915,46.0,46.0,,1.1207681454451903e-05,,,,,,,0.2858320841848422,,0,0.03782555681119695,0.7770212282481667,inf,-inf,-0.1136111292807718,0.04276740449524823,-0.08651207476985878,0.04708962123658163,inf,-inf,2.1818946416578067,0.11865255190447821,0.11865255190447821,0.11865255190447821,784,1.8262892891509643,1.2852031810055151,1.8991761864246401,,,-3.8028672583452243,0.275328290912518,0.10398404116668047,20.54222842314264,1.3126475541287965,0.0,0.0,0.31795641756971743,0.30385722995941555,0.09669651445462697,0.03782555681119695,0.5939627194981215,15.702682777753568,1.1959738572525351,5910
863,2.5304949010402824,-29.776345521899316,0.16750731247237358,0.2801277327726238,-26.798215575614037,-29.776345521899316,nan,0.1457237918275658,0.021783520644807673,2.665929633498128,-29.68505618091271,0.16637161022311847,0.29915232125698277,-26.55360261593448,-29.68505618091271,nan,92.0757001862823,0.16377338772421132,0.0,0.034435107934614795,562.2140536125111,46.0,46.0,,1.1143368309400734e-05,,,,,,,0.2858320841848422,,0,0.03782555681119695,0.7770212282481667,inf,-inf,-0.11513110393638218,0.04308763266561039,-0.0862114823927086,0.04705517297261903,inf,-inf,2.1814082238493504,0.11864466748759842,0.11864466748759842,0.11864466748759842,784,1.8262892891509643,1.2852031810055151,1.8991761864246401,,,-3.8028672583452243,0.275328290912518,0.10398404116668047,20.54222842314264,1.3126475541287965,0.0,0.0,0.31795641756971743,0.30385722995941555,0.09669651445462697,0.03782555681119695,0.5939627194981215,15.702682777753568,1.1959738572525351,5910
864,2.518543032534359,-29.77218444573547,0.16752809403726462,0.27815877049154636,-26.807954548672296,-29.77218444573547,nan,0.1457471342602983,0.021780959776966282,2.665929633498128,-29.68505618091271,0.16637161022311847,0.29915232125698277,-26.55360261593448,-29.68505618091271,nan,88.74335437160963,0.16339706251523356,0.0,0.0372589219972477,543.1147476310111,46.0,46.0,,1.1080808012008321e-05,,,,,,,0.2858320841848422,,0,0.03782555681119695,0.7770212282481667,inf,-inf,-0.11369051769574486,0.04340666360430324,-0.0869568081126165,0.04787140028102735,inf,-inf,2.1809444681744137,0.11863418783380231,0.11863418783380231,0.11863418783380231,784,1.8262892891509643,1.2852031810055151,1.8991761864246401,,,-3.8028672583452243,0.275328290912518,0.10398404116668047,20.54222842314264,1.3126475541287965,0.0,0.0,0.31795641756971743,0.30385722995941555,0.09669651445462697,0.03782555681119695,0.5939627194981215,15.702682777753568,1.1959738572525351,5910
865,2.5068856741339367,-29.77502764571726,0.1675612860670382,0.2787317120699522,-26.821848973446333,-29.77502764571726,nan,0.1457816114966517,0.021779674570386466,2.6380324757296325,-29.639492688868195,0.16649845726129328,0.2951073574560613,-26.53985439842121,-29.639492688868195,nan,90.73341511696748,0.15968010639910094,0.0,0.03363937822874464,568.2199064308636,46.0,46.0,,1.1020001324552152e-05,,,,,,,0.2852851535763391,,0,0.037718809303787786,0.7756187910818485,inf,-inf,-0.11028035609680407,0.042711651461699814,-0.0853251641519803,0.04844631378968498,inf,-inf,2.180511735723347,0.11862947335455785,0.11862947335455785,0.11862947335455785,784,1.8252397144643409,1.2847626288129965,1.899048500489509,,,-3.8048300097012597,0.274763099542936,0.10378859267904457,20.563183340041427,1.3130903476771825,0.0,0.0,0.3173060199188159,0.30315279647923665,0.09653783443249243,0.037718809303787786,0.5919541216276801,15.693870844651375,1.195730074188464,5910
866,2.5112263119114187,-29.775271381656463,0.167562204131233,0.276806435914294,-26.819676429699516,-29.775271381656463,nan,0.14578538070161115,0.021776823429621776,2.6380324757296325,-29.639492688868195,0.16649845726129328,0.2951073574560613,-26.53985439842121,-29.639492688868195,nan,73.38162859410339,0.15923628928457603,0.0,0.03471542466425571,460.8348318325909,46.0,46.0,,1.0960948987942523e-05,,,,,,,0.2852851535763391,,0,0.037718809303787786,0.7756187910818485,inf,-inf,-0.11668292165721336,0.04269710019868633,-0.0854063808821134,0.04689126749753858,inf,-inf,2.180082072793101,0.11861874393397588,0.11861874393397588,0.11861874393397588,784,1.8252397144643409,1.2847626288129965,1.899048500489509,,,-3.8048300097012597,0.274763099542936,0.10378859267904457,20.563183340041427,1.3130903476771825,0.0,0.0,0.3173060199188159,0.30315279647923665,0.09653783443249243,0.037718809303787786,0.5919541216276801,15.693870844651375,1.195730074188464,5910
867,2.5170995271775096,-29.777376952396356,0.16760370803885652,0.2795920330503534,-26.813081684129635,-29.777376952396356,nan,0.145828792703259,0.021774915335597538,2.6380324757296325,-29.639492688868195,0.16649845726129328,0.2951073574560613,-26.53985439842121,-29.639492688868195,nan,97.71827542338517,0.1595257914948893,0.0,0.03604946662187589,612.5547129883117,46.0,46.0,,1.0903651721713533e-05,,,,,,,0.2852851535763391,,0,0.037718809303787786,0.7756187910818485,inf,-inf,-0.11449726887068704,0.04313921929232063,-0.08405374204276958,0.04781915801690842,inf,-inf,2.179662374942253,0.118607152355435,0.118607152355435,0.118607152355435,784,1.8252397144643409,1.2847626288129965,1.899048500489509,,,-3.8048300097012597,0.274763099542936,0.10378859267904457,20.563183340041427,1.3130903476771825,0.0,0.0,0.3173060199188159,0.30315279647923665,0.09653783443249243,0.037718809303787786,0.5919541216276801,15.693870844651375,1.195730074188464,5910
868,2.5120059323553,-29.770099542412876,0.16763276064679947,0.27878472018193956,-26.811676129228836,-29.770099542412876,nan,0.14586101180403765,0.021771748842761868,2.6380324757296325,-29.639492688868195,0.16649845726129328,0.2951073574560613,-26.53985439842121,-29.639492688868195,nan,92.37337698764576,0.1657388767308458,0.0,0.03108244541853021,557.3428444169856,46.0,46.0,,1.0848110224014274e-05,,,,,,,0.2852851535763391,,0,0.037718809303787786,0.7756187910818485,inf,-inf,-0.11301945763302187,0.04285929250458138,-0.08729013396753002,0.04779565009198812,inf,-inf,2.1793094926741894,0.11859763357463536,0.11859763357463536,0.11859763357463536,784,1.8252397144643409,1.2847626288129965,1.899048500489509,,,-3.8048300097012597,0.274763099542936,0.10378859267904457,20.563183340041427,1.3130903476771825,0.0,0.0,0.3173060199188159,0.30315279647923665,0.09653783443249243,0.037718809303787786,0.5919541216276801,15.693870844651375,1.195730074188464,5910
869,2.5212981838692365,-29.77108981714135,0.16765556576033713,0.27828867915245725,-26.803847388359316,-29.77108981714135,nan,0.14588640028061955,0.021769165479717623,2.6380324757296325,-29.639492688868195,0.16649845726129328,0.2951073574560613,-26.53985439842121,-29.639492688868195,nan,104.15578357725656,0.1655711209555644,0.0,0.03396991267694223,629.069749459567,46.0,46.0,,1.0794325171600379e-05,,,,,,,0.2852851535763391,,0,0.037718809303787786,0.7756187910818485,inf,-inf,-0.114084848229531,0.04315936833930856,-0.08562456477052677,0.04830012645511933,inf,-inf,2.178861766495147,0.11858670245581245,0.11858670245581245,0.11858670245581245,784,1.8252397144643409,1.2847626288129965,1.899048500489509,,,-3.8048300097012597,0.274763099542936,0.10378859267904457,20.563183340041427,1.3130903476771825,0.0,0.0,0.3173060199188159,0.30315279647923665,0.09653783443249243,0.037718809303787786,0.5919541216276801,15.693870844651375,1.195730074188464,5910
870,2.4977154825842227,-29.775393822715362,0.1676749068855096,0.27812299883984176,-26.83188043440579,-29.775393822715362,nan,0.14590746828635656,0.021767438599152977,2.6635928843460723,-29.69393164938433,0.16661994940421146,0.3036821980256441,-26.5600366176084,-29.69393164938433,nan,79.09214664437357,0.15792052465882223,0.0,0.0346914111868543,500.8351309321406,46.0,46.0,,1.0742297219825715e-05,,,,,,,0.28475250881548825,,0,0.03761684502794571,0.7742819230265586,inf,-inf,-0.1150617937589717,0.042854800152813816,-0.08296310667792117,0.047771978061300395,inf,-inf,2.178535763661497,0.11857273872847149,0.11857273872847149,0.11857273872847149,784,1.8243066616321415,1.2843708665769566,1.8988167037729375,,,-3.8067439138078667,0.27415022572113923,0.10359796920158375,20.58338285550905,1.3135167520953661,0.0,0.0,0.31667226239757124,0.30256672471679175,0.09638322584920353,0.03761684502794571,0.590021896759069,15.68504472718909,1.1954857614617982,5910
871,2.5104546665930956,-29.77790874651664,0.16770118890821992,0.2777704874524128,-26.821982403562913,-29.77790874651664,nan,0.14593544315641377,0.021765745751806106,2.6635928843460723,-29.69393164938433,0.16661994940421146,0.3036821980256441,-26.5600366176084,-29.69393164938433,nan,91.65586089115467,0.1554351217458171,0.0,0.03440440061910591,589.6727834847995,46.0,46.0,,1.0692027002634483e-05,,,,,,,0.28475250881548825,,0,0.03761684502794571,0.7742819230265586,inf,-inf,-0.11574873144399636,0.04280495806555763,-0.08515437843233528,0.04761061926297471,inf,-inf,2.1779171821279526,0.11856731727729984,0.11856731727729984,0.11856731727729984,784,1.8243066616321415,1.2843708665769566,1.8988167037729375,,,-3.8067439138078667,0.27415022572113923,0.10359796920158375,20.58338285550905,1.3135167520953661,0.0,0.0,0.31667226239757124,0.30256672471679175,0.09638322584920353,0.03761684502794571,0.590021896759069,15.68504472718909,1.1954857614617982,5910
872,2.514267878615409,-29.773398658310803,0.1677288812995821,0.2781041967488417,-26.81329770164697,-29.773398658310803,nan,0.14596591601536787,0.02176296528421426,2.6635928843460723,-29.69393164938433,0.16661994940421146,0.3036821980256441,-26.5600366176084,-29.69393164938433,nan,87.0567954503787,0.15929517443194638,0.0,0.03481926593563983,546.5124462233528,46.0,46.0,,1.0643515132553406e-05,,,,,,,0.28475250881548825,,0,0.03761684502794571,0.7742819230265586,inf,-inf,-0.11514233104319083,0.04362347597222404,-0.08222916420225176,0.04808088422307611,inf,-inf,2.177550939916268,0.11855434256298049,0.11855434256298049,0.11855434256298049,784,1.8243066616321415,1.2843708665769566,1.8988167037729375,,,-3.8067439138078667,0.27415022572113923,0.10359796920158375,20.58338285550905,1.3135167520953661,0.0,0.0,0.31667226239757124,0.30256672471679175,0.09638322584920353,0.03761684502794571,0.590021896759069,15.68504472718909,1.1954857614617982,5910
873,2.504467400527417,-29.773150651866963,0.16774873647623384,0.27856399066251175,-26.8223705242008,-29.773150651866963,nan,0.14598931497229223,0.021759421503941608,2.6635928843460723,-29.69393164938433,0.16661994940421146,0.3036821980256441,-26.5600366176084,-29.69393164938433,nan,90.87428073484445,0.16411265269806968,0.0,0.03259320565832457,553.7311062909491,46.0,46.0,,1.0596762200684307e-05,,,,,,,0.28475250881548825,,0,0.03761684502794571,0.7742819230265586,inf,-inf,-0.11622426806051687,0.042699683746260014,-0.08513412810373594,0.04830454829278943,inf,-inf,2.1770935588343563,0.1185412565123271,0.1185412565123271,0.1185412565123271,784,1.8243066616321415,1.2843708665769566,1.8988167037729375,,,-3.8067439138078667,0.27415022572113923,0.10359796920158375,20.58338285550905,1.3135167520953661,0.0,0.0,0.31667226239757124,0.30256672471679175,0.09638322584920353,0.03761684502794571,0.590021896759069,15.68504472718909,1.1954857614617982,5910
874,2.508779538827449,-29.772671072911926,0.1677772638828931,0.27741986912343397,-26.81869440107815,-29.772671072911926,nan,0.14602024807790162,0.02175701580499153,2.6635928843460723,-29.69393164938433,0.16661994940421146,0.3036821980256441,-26.5600366176084,-29.69393164938433,nan,90.19001539409885,0.166183673972482,0.0,0.035069197432614385,542.7128504153376,46.0,46.0,,1.05517687766969e-05,,,,,,,0.28475250881548825,,0,0.03761684502794571,0.7742819230265586,inf,-inf,-0.11576399920376988,0.04313079355788194,-0.08708385021327067,0.04808438168179703,inf,-inf,2.1766702401531024,0.11853046407214575,0.11853046407214575,0.11853046407214575,784,1.8243066616321415,1.2843708665769566,1.8988167037729375,,,-3.8067439138078667,0.27415022572113923,0.10359796920158375,20.58338285550905,1.3135167520953661,0.0,0.0,0.31667226239757124,0.30256672471679175,0.09638322584920353,0.03761684502794571,0.590021896759069,15.68504472718909,1.1954857614617982,5910
875,2.5150380543657125,-29.77240869316697,0.16779541416577434,0.2766146217264479,-26.812960602909033,-29.77240869316697,nan,0.1460410595956791,0.021754354570095235,2.6634309842944512,-29.71016513139537,0.1667367188937517,0.2987352251962675,-26.5812622030109,-29.71016513139537,nan,80.193725711369,0.16570309168171088,0.0,0.034403693841161764,483.9603467713705,46.0,46.0,,1.050853540882187e-05,,,,,,,0.2842387513003908,,0,0.037515671338168174,0.7729270739848859,inf,-inf,-0.11375919562835192,0.04293946933534225,-0.085653932109536,0.048273339638507884,inf,-inf,2.176269933513148,0.11851873619496205,0.11851873619496205,0.11851873619496205,784,1.823354597105266,1.2839699344894806,1.8986041700617733,,,-3.8085931415706393,0.27365373023903616,0.1034139909776086,20.60277868994218,1.313925797472398,0.0,0.0,0.3160614802873143,0.3020905047527622,0.09623353916286626,0.037515671338168174,0.588135457542243,15.677060720592202,1.1952646404602643,5910
876,2.509381436973111,-29.772230473633755,0.16782498400880302,0.27726955166737277,-26.817754500984467,-29.772230473633755,nan,0.1460730020010704,0.02175198200773259,2.6634309842944512,-29.71016513139537,0.1667367188937517,0.2987352251962675,-26.5812622030109,-29.71016513139537,nan,99.96819542555936,0.17059518342355282,0.0,0.03506482450675814,585.9965880593408,46.0,46.0,,1.046706262384417e-05,,,,,,,0.2842387513003908,,0,0.037515671338168174,0.7729270739848859,inf,-inf,-0.1173165206794476,0.04275753289501113,-0.08731472624274078,0.048756145653788885,inf,-inf,2.1758415087284004,0.11850906757173348,0.11850906757173348,0.11850906757173348,784,1.823354597105266,1.2839699344894806,1.8986041700617733,,,-3.8085931415706393,0.27365373023903616,0.1034139909776086,20.60277868994218,1.313925797472398,0.0,0.0,0.3160614802873143,0.3020905047527622,0.09623353916286626,0.037515671338168174,0.588135457542243,15.677060720592202,1.1952646404602643,5910
877,2.5060886674034153,-29.771929389928356,0.1678476729106138,0.27774769061072824,-26.8202453590036,-29.771929389928356,nan,0.1460973751226979,0.021750297787915932,2.6634309842944512,-29.71016513139537,0.1667367188937517,0.2987352251962675,-26.5812622030109,-29.71016513139537,nan,115.51567370510024,0.16619503690393872,0.0,0.03552751240854849,695.0609107049851,46.0,46.0,,1.0427350927096568e-05,,,,,,,0.2842387513003908,,0,0.037515671338168174,0.7729270739848859,inf,-inf,-0.1137121252467026,0.04555119301453332,-0.08571464575348192,0.047937145811314114,inf,-inf,2.175318749916478,0.11850749456123191,0.11850749456123191,0.11850749456123191,784,1.823354597105266,1.2839699344894806,1.8986041700617733,,,-3.8085931415706393,0.27365373023903616,0.1034139909776086,20.60277868994218,1.313925797472398,0.0,0.0,0.3160614802873143,0.3020905047527622,0.09623353916286626,0.037515671338168174,0.588135457542243,15.677060720592202,1.1952646404602643,5910
878,2.5052495368872862,-29.7793120598732,0.1678646575910125,0.2774858794397089,-26.82871198595519,-29.7793120598732,nan,0.14611619678980384,0.021748460801208663,2.6634309842944512,-29.71016513139537,0.1667367188937517,0.2987352251962675,-26.5812622030109,-29.71016513139537,nan,92.2330470711239,0.1607013473908257,0.0,0.035299369905288536,573.9407202779272,46.0,46.0,,1.0389400802453579e-05,,,,,,,0.2842387513003908,,0,0.037515671338168174,0.7729270739848859,inf,-inf,-0.11488829145954216,0.044973800541270446,-0.08822383385948933,0.04819966712620363,inf,-inf,2.1749443291197745,0.11849814141158573,0.11849814141158573,0.11849814141158573,784,1.823354597105266,1.2839699344894806,1.8986041700617733,,,-3.8085931415706393,0.27365373023903616,0.1034139909776086,20.60277868994218,1.313925797472398,0.0,0.0,0.3160614802873143,0.3020905047527622,0.09623353916286626,0.037515671338168174,0.588135457542243,15.677060720592202,1.1952646404602643,5910
879,2.491898732460833,-29.771271174701308,0.16789364008331417,0.2756244656434634,-26.835854336513698,-29.771271174701308,nan,0.14614706815683973,0.021746571926474497,2.6634309842944512,-29.71016513139537,0.1667367188937517,0.2987352251962675,-26.5812622030109,-29.71016513139537,nan,94.96433961729952,0.15946803690046582,0.0,0.03363111119391204,595.507046196178,46.0,46.0,,1.0353212712325478e-05,,,,,,,0.2842387513003908,,0,0.037515671338168174,0.7729270739848859,inf,-inf,-0.11572361759357197,0.043025153647132636,-0.08922093678991326,0.049087498400630696,inf,-inf,2.1745486346499523,0.11848899286838016,0.11848899286838016,0.11848899286838016,784,1.823354597105266,1.2839699344894806,1.8986041700617733,,,-3.8085931415706393,0.27365373023903616,0.1034139909776086,20.60277868994218,1.313925797472398,0.0,0.0,0.3160614802873143,0.3020905047527622,0.09623353916286626,0.037515671338168174,0.588135457542243,15.677060720592202,1.1952646404602643,5910
880,2.493074969301816,-29.778576202908273,0.16791867464186652,0.27636563626150534,-26.841216922703083,-29.778576202908273,nan,0.14617385289646104,0.021744821745405433,2.6260984682593804,-29.675298320394393,0.16685590887372834,0.29578562021295113,-26.586558323048333,-29.675298320394393,nan,87.00238447556102,0.15663855722680206,0.0,0.03277078876025456,555.4340260526495,46.0,46.0,,1.0318787097652758e-05,,,,,,,0.2837317932328421,,0,0.037416992196271155,0.7716529392577496,inf,-inf,-0.11501419494112047,0.04266568891059458,-0.0843871744847521,0.04859537516560934,inf,-inf,2.174097408529513,0.11848178730876655,0.11848178730876655,0.11848178730876655,784,1.8224090467125853,1.283569187580696,1.8987849003127841,,,-3.810418706698282,0.2731430305149844,0.1032333593707516,20.623061715116958,1.3143531414165803,0.0,0.0,0.315457801640716,0.30155526412128697,0.0960861452637156,0.037416992196271155,0.586348788056542,15.67065532635131,1.19508715847671,5910
881,2.4917054258073956,-29.773371658654607,0.16795028199802778,0.2771060461869522,-26.836609904662232,-29.773371658654607,nan,0.14620839285648668,0.021741889141541074,2.6260984682593804,-29.675298320394393,0.16685590887372834,0.29578562021295113,-26.586558323048333,-29.675298320394393,nan,96.91908291713551,0.16192359669861292,0.0,0.03347482901633958,598.5482344338621,46.0,46.0,,1.0286124377900626e-05,,,,,,,0.2837317932328421,,0,0.037416992196271155,0.7716529392577496,inf,-inf,-0.11412728048752692,0.04371971729525102,-0.08351782256395357,0.049364018339334334,inf,-inf,2.1737225403630043,0.1184667499385695,0.1184667499385695,0.1184667499385695,784,1.8224090467125853,1.283569187580696,1.8987849003127841,,,-3.810418706698282,0.2731430305149844,0.1032333593707516,20.623061715116958,1.3143531414165803,0.0,0.0,0.315457801640716,0.30155526412128697,0.0960861452637156,0.037416992196271155,0.586348788056542,15.67065532635131,1.19508715847671,5910
882,2.4981213944073635,-29.778478852665902,0.167961109587819,0.27680329468687204,-26.83559305398385,-29.778478852665902,nan,0.14622031039925937,0.021740799188559666,2.6260984682593804,-29.675298320394393,0.16685590887372834,0.29578562021295113,-26.586558323048333,-29.675298320394393,nan,86.00519789443965,0.15675125911661292,0.0,0.03250419841620557,548.6730912346757,46.0,46.0,,1.0255224951054048e-05,,,,,,,0.2837317932328421,,0,0.037416992196271155,0.7716529392577496,inf,-inf,-0.11464227522971465,0.04301422745956533,-0.08434763660231685,0.04865243265845335,inf,-inf,2.1731960716106573,0.1184622213596398,0.1184622213596398,0.1184622213596398,784,1.8224090467125853,1.283569187580696,1.8987849003127841,,,-3.810418706698282,0.2731430305149844,0.1032333593707516,20.623061715116958,1.3143531414165803,0.0,0.0,0.315457801640716,0.30155526412128697,0.0960861452637156,0.037416992196271155,0.586348788056542,15.67065532635131,1.19508715847671,5910
883,2.5000364203770724,-29.776121494744228,0.16798184202555055,0.27689370102468003,-26.831209531316926,-29.776121494744228,nan,0.14624384570382312,0.02173799632172743,2.6260984682593804,-29.675298320394393,0.16685590887372834,0.29578562021295113,-26.586558323048333,-29.675298320394393,nan,84.12748556283906,0.15812503140185563,0.0,0.033860068850027666,532.0314235956686,46.0,46.0,,1.0226089193612753e-05,,,,,,,0.2837317932328421,,0,0.037416992196271155,0.7716529392577496,inf,-inf,-0.11500725165611644,0.043105994369408325,-0.08363013999734449,0.04903261133563125,inf,-inf,2.1728697082746713,0.11845219773456568,0.11845219773456568,0.11845219773456568,784,1.8224090467125853,1.283569187580696,1.8987849003127841,,,-3.810418706698282,0.2731430305149844,0.1032333593707516,20.623061715116958,1.3143531414165803,0.0,0.0,0.315457801640716,0.30155526412128697,0.0960861452637156,0.037416992196271155,0.586348788056542,15.67065532635131,1.19508715847671,5910
884,2.499549182531894,-29.775751382584023,0.16799933069400505,0.2767275807624809,-26.831475288595644,-29.775751382584023,nan,0.1462636165738791,0.021735714120125902,2.6260984682593804,-29.675298320394393,0.16685590887372834,0.29578562021295113,-26.586558323048333,-29.675298320394393,nan,95.45860389855616,0.15971748890845092,0.0,0.03478066521061463,597.6715796807478,46.0,46.0,,1.0198717460586795e-05,,,,,,,0.2837317932328421,,0,0.037416992196271155,0.7716529392577496,inf,-inf,-0.11637783851047982,0.04292793614859362,-0.08632120566839377,0.04906910775205126,inf,-inf,2.1725058362739005,0.11844319849349337,0.11844319849349337,0.11844319849349337,784,1.8224090467125853,1.283569187580696,1.8987849003127841,,,-3.810418706698282,0.2731430305149844,0.1032333593707516,20.623061715116958,1.3143531414165803,0.0,0.0,0.315457801640716,0.30155526412128697,0.0960861452637156,0.037416992196271155,0.586348788056542,15.67065532635131,1.19508715847671,5910
885,2.495222750262671,-29.769397098684234,0.16803489626034507,0.27577559335669594,-26.830363858804525,-29.769397098684234,nan,0.14630010153324113,0.02173479472710389,2.6431754274771753,-29.698053775096405,0.16697062380468258,0.2982855087812348,-26.589622215033312,-29.698053775096405,nan,107.80581241125165,0.15980696764765273,0.0,0.034271309844230706,674.6002004677617,46.0,46.0,,1.0173110085492075e-05,,,,,,,0.28324216124930834,,0,0.03732465825512904,0.7704010985525586,inf,-inf,-0.11812268277924093,0.0430603265768594,-0.08730456747824807,0.04898726478063577,inf,-inf,2.172073738200659,0.11843825457730106,0.11843825457730106,0.11843825457730106,784,1.8215119365650418,1.2831896727945962,1.8988875975676478,,,-3.812188042380475,0.2726918866877079,0.10305991162321343,20.64053991563854,1.3147210533871354,0.0,0.0,0.31487510009809366,0.3009547347555698,0.095944226190079,0.03732465825512904,0.5845636169347931,15.661593280749306,1.194835941492012,5910
886,2.4867598422949326,-29.7761506660186,0.16805397604565514,0.2749462627653787,-26.846390584912633,-29.7761506660186,nan,0.14632144240448383,0.021732533641171347,2.6431754274771753,-29.698053775096405,0.16697062380468258,0.2982855087812348,-26.589622215033312,-29.698053775096405,nan,83.93821763285779,0.15672299287282754,0.0,0.03406948254451789,535.5832995160399,46.0,46.0,,1.0149267380346363e-05,,,,,,,0.28324216124930834,,0,0.03732465825512904,0.7704010985525586,inf,-inf,-0.11481140326925937,0.0428516274630082,-0.08529025603900917,0.0486703354877049,inf,-inf,2.1717619945461233,0.11842447483553437,0.11842447483553437,0.11842447483553437,784,1.8215119365650418,1.2831896727945962,1.8988875975676478,,,-3.812188042380475,0.2726918866877079,0.10305991162321343,20.64053991563854,1.3147210533871354,0.0,0.0,0.31487510009809366,0.3009547347555698,0.095944226190079,0.03732465825512904,0.5845636169347931,15.661593280749306,1.194835941492012,5910
887,2.472738162160186,-29.772390331350756,0.16808346503915764,0.2757883652466087,-26.855780338904804,-29.772390331350756,nan,0.14635419253657553,0.021729272502582116,2.6431754274771753,-29.698053775096405,0.16697062380468258,0.2982855087812348,-26.589622215033312,-29.698053775096405,nan,93.2990141493927,0.16225690817881694,0.0,0.032202916325205826,575.0079623517264,46.0,46.0,,1.0127189635665535e-05,,,,,,,0.28324216124930834,,0,0.03732465825512904,0.7704010985525586,inf,-inf,-0.11663090618508105,0.04297621889716896,-0.0875994149287474,0.048472526086804774,inf,-inf,2.171316263927245,0.11841945662355342,0.11841945662355342,0.11841945662355342,784,1.8215119365650418,1.2831896727945962,1.8988875975676478,,,-3.812188042380475,0.2726918866877079,0.10305991162321343,20.64053991563854,1.3147210533871354,0.0,0.0,0.31487510009809366,0.3009547347555698,0.095944226190079,0.03732465825512904,0.5845636169347931,15.661593280749306,1.194835941492012,5910
888,2.483359228990318,-29.77553339248359,0.16810862970163395,0.27637352021967837,-26.84769201357196,-29.77553339248359,nan,0.14638058000259413,0.02172804969903994,2.6431754274771753,-29.698053775096405,0.16697062380468258,0.2982855087812348,-26.589622215033312,-29.698053775096405,nan,72.8832614988998,0.16243030595483618,0.0,0.036203981459223045,448.70482186473885,46.0,46.0,,1.0106877120459934e-05,,,,,,,0.28324216124930834,,0,0.03732465825512904,0.7704010985525586,inf,-inf,-0.11711156643399583,0.042955632279979936,-0.08368598739689784,0.050003585344243734,inf,-inf,2.170962319141046,0.11841095547086077,0.11841095547086077,0.11841095547086077,784,1.8215119365650418,1.2831896727945962,1.8988875975676478,,,-3.812188042380475,0.2726918866877079,0.10305991162321343,20.64053991563854,1.3147210533871354,0.0,0.0,0.31487510009809366,0.3009547347555698,0.095944226190079,0.03732465825512904,0.5845636169347931,15.661593280749306,1.194835941492012,5910
889,2.486085716139325,-29.777034252260318,0.16812048516303343,0.274705965614786,-26.848122085343174,-29.777034252260318,nan,0.14639496652714917,0.021725518635884216,2.6431754274771753,-29.698053775096405,0.16697062380468258,0.2982855087812348,-26.589622215033312,-29.698053775096405,nan,84.07373124623334,0.1624636343885365,0.0,0.033707587946755505,517.4926165025249,46.0,46.0,,1.0088330082231116e-05,,,,,,,0.28324216124930834,,0,0.03732465825512904,0.7704010985525586,inf,-inf,-0.11409459798622772,0.042700048884432525,-0.0869420040323437,0.04912519061112138,inf,-inf,2.1705070198594503,0.1184033731596189,0.1184033731596189,0.1184033731596189,784,1.8215119365650418,1.2831896727945962,1.8988875975676478,,,-3.812188042380475,0.2726918866877079,0.10305991162321343,20.64053991563854,1.3147210533871354,0.0,0.0,0.31487510009809366,0.3009547347555698,0.095944226190079,0.03732465825512904,0.5845636169347931,15.661593280749306,1.194835941492012,5910
890,2.479859808137584,-29.780523975964,0.16813951110754094,0.2772753655217589,-26.85524929119712,-29.780523975964,nan,0.14641473512314568,0.02172477598439524,2.634752453928584,-29.68869013314609,0.16708487364170893,0.29975123640500284,-26.58710156917079,-29.68869013314609,nan,107.13489622176152,0.15471567739577594,0.0,0.03484581024439707,692.4630911688497,46.0,46.0,,1.007154874696892e-05,,,,,,,0.282751013238526,,0,0.03722757533908783,0.769063693902183,inf,-inf,-0.11097027253216923,0.04399708667392103,-0.08443967188369031,0.04851337109995464,inf,-inf,2.1700706783917463,0.11839601428353676,0.11839601428353676,0.11839601428353676,784,1.8206178536673663,1.2828126527158148,1.8990359753714445,,,-3.813965818378677,0.2721641910332119,0.1028858700317941,20.658441676557143,1.3150975583841353,0.0,0.0,0.31429316713755173,0.30035410844833726,0.09580362021847875,0.03722757533908783,0.583181307983606,15.665304620880942,1.1949388444064493,5910
891,2.48224233373077,-29.777059477287768,0.16817269745710353,0.27669088733581304,-26.84995355876408,-29.777059477287768,nan,0.14645135537555437,0.02172134208154911,2.634752453928584,-29.68869013314609,0.16708487364170893,0.29975123640500284,-26.58710156917079,-29.68869013314609,nan,85.81584209176422,0.16386878352773748,0.0,0.03277809880210497,523.686331492407,46.0,46.0,,1.0056533319148621e-05,,,,,,,0.282751013238526,,0,0.03722757533908783,0.769063693902183,inf,-inf,-0.11636271586905166,0.045133809494144805,-0.08867595090532315,0.05043079992391484,inf,-inf,2.169759609826962,0.11838078312343658,0.11838078312343658,0.11838078312343658,784,1.8206178536673663,1.2828126527158148,1.8990359753714445,,,-3.813965818378677,0.2721641910332119,0.1028858700317941,20.658441676557143,1.3150975583841353,0.0,0.0,0.31429316713755173,0.30035410844833726,0.09580362021847875,0.03722757533908783,0.583181307983606,15.665304620880942,1.1949388444064493,5910
892,2.481856055288173,-29.774167824096544,0.16818541092796965,0.2749557519077235,-26.84917060597268,-29.774167824096544,nan,0.14646559007000104,0.021719820857968662,2.634752453928584,-29.68869013314609,0.16708487364170893,0.29975123640500284,-26.58710156917079,-29.68869013314609,nan,80.39964979890392,0.16045619580706696,0.0,0.030480544266551706,501.0691509574159,46.0,46.0,,1.004328398172845e-05,,,,,,,0.282751013238526,,0,0.03722757533908783,0.769063693902183,inf,-inf,-0.11669652916627574,0.042764856173868285,-0.08853627992856203,0.049526814817110416,inf,-inf,2.1693015285765402,0.11837618052713643,0.11837618052713643,0.11837618052713643,784,1.8206178536673663,1.2828126527158148,1.8990359753714445,,,-3.813965818378677,0.2721641910332119,0.1028858700317941,20.658441676557143,1.3150975583841353,0.0,0.0,0.31429316713755173,0.30035410844833726,0.09580362021847875,0.03722757533908783,0.583181307983606,15.665304620880942,1.1949388444064493,5910
893,2.48092189312072,-29.773766913250512,0.1682070251188438,0.274988280499697,-26.84964971451125,-29.773766913250512,nan,0.14648845415283054,0.02171857096601319,2.634752453928584,-29.68869013314609,0.16708487364170893,0.29975123640500284,-26.58710156917079,-29.68869013314609,nan,87.47149701575506,0.1581997133021015,0.0,0.031003112346431404,552.9181765880804,46.0,46.0,,1.0031800896147403e-05,,,,,,,0.282751013238526,,0,0.03722757533908783,0.769063693902183,inf,-inf,-0.11698743749011095,0.04305233749184193,-0.08800578379845883,0.05035497331322264,inf,-inf,2.168885111130323,0.11837074878606621,0.11837074878606621,0.11837074878606621,784,1.8206178536673663,1.2828126527158148,1.8990359753714445,,,-3.813965818378677,0.2721641910332119,0.1028858700317941,20.658441676557143,1.3150975583841353,0.0,0.0,0.31429316713755173,0.30035410844833726,0.09580362021847875,0.03722757533908783,0.583181307983606,15.665304620880942,1.1949388444064493,5910
894,2.4840408902693376,-29.776255981117288,0.16822804843203865,0.27736782639044955,-26.846619216025463,-29.776255981117288,nan,0.14651335029399642,0.021714698138042266,2.634752453928584,-29.68869013314609,0.16708487364170893,0.29975123640500284,-26.58710156917079,-29.68869013314609,nan,90.29657116807756,0.15547643492271676,0.0,0.032580969516333255,580.7733577951,46.0,46.0,,1.0022084202323267e-05,,,,,,,0.282751013238526,,0,0.03722757533908783,0.769063693902183,inf,-inf,-0.11563302020109469,0.042407347679519036,-0.08589038764948623,0.0505085391475976,inf,-inf,2.1685871559856498,0.11835660865373757,0.11835660865373757,0.11835660865373757,784,1.8206178536673663,1.2828126527158148,1.8990359753714445,,,-3.813965818378677,0.2721641910332119,0.1028858700317941,20.658441676557143,1.3150975583841353,0.0,0.0,0.31429316713755173,0.30035410844833726,0.09580362021847875,0.03722757533908783,0.583181307983606,15.665304620880942,1.1949388444064493,5910
895,2.479221824981627,-29.774694157673405,0.16825325959333445,0.2752465571288911,-26.851972515969553,-29.774694157673405,nan,0.14654002112550754,0.021713238467826895,2.6170317841837205,-29.673628115783615,0.16719223377724474,0.2903906571864058,-26.59901344063624,-29.673628115783615,nan,80.74595832941273,0.15769082148067412,0.0,0.03238175604709828,512.0523665945174,46.0,46.0,,1.0014134018650887e-05,,,,,,,0.28228871584307,,0,0.03713672813650827,0.7678156612938806,inf,-inf,-0.11590425459142856,0.042826032698306885,-0.08510562650129437,0.050037062494726614,inf,-inf,2.1681624111712607,0.11835427496405593,0.11835427496405593,0.11835427496405593,784,1.8197446453727302,1.282439576407132,1.8984255654677502,,,-3.8156430170178286,0.2716909855283467,0.1027223632310786,20.675371790199755,1.3154533278971552,0.0,0.0,0.3137436979774416,0.2998191907672123,0.09567288544702905,0.03713672813650827,0.5822710496417436,15.679115497235369,1.1953215592728612,5910
896,2.479432401844689,-29.77472997576458,0.16829128604467067,0.274472423928443,-26.852533863946775,-29.77472997576458,nan,0.14657967881283823,0.021711607231832474,2.6170317841837205,-29.673628115783615,0.16719223377724474,0.2903906571864058,-26.59901344063624,-29.673628115783615,nan,91.29522220157139,0.15694750005033936,0.0,0.03173341969741384,581.6927454867988,46.0,46.0,,1.0007950442000741e-05,,,,,,,0.28228871584307,,0,0.03713672813650827,0.7678156612938806,inf,-inf,-0.11688578763435128,0.04287868461805801,-0.08679766930628394,0.049964737254665416,inf,-inf,2.1678151896991524,0.11834687810301549,0.11834687810301549,0.11834687810301549,784,1.8197446453727302,1.282439576407132,1.8984255654677502,,,-3.8156430170178286,0.2716909855283467,0.1027223632310786,20.675371790199755,1.3154533278971552,0.0,0.0,0.3137436979774416,0.2998191907672123,0.09567288544702905,0.03713672813650827,0.5822710496417436,15.679115497235369,1.1953215592728612,5910
897,2.4706930055536716,-29.769487454119425,0.16830349106033274,0.2740907452760187,-26.856400212229403,-29.769487454119425,nan,0.14659270017876985,0.021710790881562823,2.6170317841837205,-29.673628115783615,0.16719223377724474,0.2903906571864058,-26.59901344063624,-29.673628115783615,nan,91.94531751901252,0.15566038440278723,0.0,0.03444688131601198,590.6789827853346,46.0,46.0,,1.0003533547717764e-05,,,,,,,0.28228871584307,,0,0.03713672813650827,0.7678156612938806,inf,-inf,-0.1158446139435594,0.043225858273089474,-0.08536161908413925,0.05047691055593939,inf,-inf,2.167421982247765,0.11833851230490894,0.11833851230490894,0.11833851230490894,784,1.8197446453727302,1.282439576407132,1.8984255654677502,,,-3.8156430170178286,0.2716909855283467,0.1027223632310786,20.675371790199755,1.3154533278971552,0.0,0.0,0.3137436979774416,0.2998191907672123,0.09567288544702905,0.03713672813650827,0.5822710496417436,15.679115497235369,1.1953215592728612,5910
898,2.473623137264483,-29.773154180781702,0.16832022202034005,0.27473031977197915,-26.8564805017249,-29.773154180781702,nan,0.14661154972840645,0.02170867229193362,2.6170317841837205,-29.673628115783615,0.16719223377724474,0.2903906571864058,-26.59901344063624,-29.673628115783615,nan,96.37417847518897,0.1625454868145759,0.0,0.032895022683731796,592.9059019960856,46.0,46.0,,1.0000883389620395e-05,,,,,,,0.28228871584307,,0,0.03713672813650827,0.7678156612938806,inf,-inf,-0.11679059408638398,0.04278453015070346,-0.08967744376726297,0.05006323513547835,inf,-inf,2.167044038470064,0.1183309210065131,0.1183309210065131,0.1183309210065131,784,1.8197446453727302,1.282439576407132,1.8984255654677502,,,-3.8156430170178286,0.2716909855283467,0.1027223632310786,20.675371790199755,1.3154533278971552,0.0,0.0,0.3137436979774416,0.2998191907672123,0.09567288544702905,0.03713672813650827,0.5822710496417436,15.679115497235369,1.1953215592728612,5910
899,2.475641660730978,-29.776960429377368,0.16835818219529755,0.27436416068355296,-26.858596425767537,-29.776960429377368,nan,0.14665044634358534,0.02170773585171213,2.6170317841837205,-29.673628115783615,0.16719223377724474,0.2903906571864058,-26.59901344063624,-29.673628115783615,nan,78.0533959547189,0.15783889415605415,0.0,0.03246434253117532,494.5130689875974,46.0,46.0,,1e-05,,,,,,,0.28228871584307,,0,0.03713672813650827,0.7678156612938806,inf,-inf,-0.11649580639467423,0.04294400946968317,-0.08636013124448401,0.04919868495638384,inf,-inf,2.1666872142358717,0.11832389408437786,0.11832389408437786,0.11832389408437786,784,1.8197446453727302,1.282439576407132,1.8984255654677502,,,-3.8156430170178286,0.2716909855283467,0.1027223632310786,20.675371790199755,1.3154533278971552,0.0,0.0,0.3137436979774416,0.2998191907672123,0.09567288544702905,0.03713672813650827,0.5822710496417436,15.679115497235369,1.1953215592728612,5910
