epoch,train_data,train_phys,train_kl,train_state_reg,train_total,train_pde,train_bc,train_eta_prior,train_kl_only,test_data,test_phys,test_kl,test_state_reg,test_total,test_pde,test_bc,grad_mean_net,grad_vgp_eta,grad_vgp_lambda,grad_eta_log_shift,grad_ratio,vgp_updates,mean_updates,lr_mean_net,lr_vgp_eta,lr_vgp_lambda,mean_net_opt_kind,log10_eta_rmse,log10_eta_bias,log10_eta_r,rel_eta_rmse,eta_pred_mean,eta_ref_mean,mean_net_frozen,eta_min,eta_max,lambda_min,lambda_max,rux_min,rux_max,rvy_min,rvy_max,rh_min,rh_max,kernel_amplitude,kernel_length_scale,kernel_length_scale_x,kernel_length_scale_y,num_inducing,eta_post_var_mean,eta_post_std_mean,eta_post_std_p90,calibration_within_1sigma,calibration_within_2sigma,eta_log_shift,eta_median,eta_std,eta_max_over_min,eta_log10_range,eta_frac_at_floor,eta_frac_at_floor_grounded,eta_mean_grounded,eta_median_grounded,eta_std_grounded,eta_min_grounded,eta_max_grounded,eta_max_over_min_grounded,eta_log10_range_grounded,n_points_grounded
0,28.898213792639236,3039.141014116668,0.0018231983266198987,29.337277834287846,3097.3783289419216,3039.141014116668,nan,1.8123082892396088e-06,0.0018213860183306592,41.95958691739338,391.2497267446499,0.004206833923988606,44.18767420754339,477.40119470351067,391.2497267446499,nan,121206.31129179294,1728.508664273997,0.0,6111.458389023218,70.12189976074065,46.0,46.0,,0.0002999920495579992,,,,,,,14.744400214697764,,0,14.528162776536414,15.003256306178297,inf,-inf,-23.906241234259248,26.66049827571595,-22.55198534289444,28.48998327053607,inf,-inf,1.972885971536363,0.17903496819750464,0.17903496819750464,0.17903496819750464,784,3.9585481581392044,1.9895572064051585,2.008074216828216,,,-0.013799068511891858,14.739229521251705,0.07183238930749382,1.0327015560707498,0.013974831414671263,0.0,0.0,14.74639986500451,14.739958875459529,0.07405572661680872,14.528162776536414,15.003256306178297,1.0327015560707498,0.013974831414671263,5910
1,45.704284679815544,186.3284825378386,0.00776892074404362,49.90724801245346,281.94778415085165,186.3284825378386,nan,1.3399685482495373e-05,0.007755521058561125,41.95958691739338,391.2497267446499,0.004206833923988606,44.18767420754339,477.40119470351067,391.2497267446499,nan,6331.987177931434,84.14095974871805,0.0,410.14985857300013,75.25451571792782,46.0,46.0,,0.00029996819910385256,,,,,,,14.744400214697764,,0,14.528162776536414,15.003256306178297,inf,-inf,-3.518783260080179,6.911805973593026,-4.137884309453854,6.023845288444205,inf,-inf,1.9444977734561755,0.18141717035451516,0.18141717035451516,0.18141717035451516,784,3.9585481581392044,1.9895572064051585,2.008074216828216,,,-0.013799068511891858,14.739229521251705,0.07183238930749382,1.0327015560707498,0.013974831414671263,0.0,0.0,14.74639986500451,14.739958875459529,0.07405572661680872,14.528162776536414,15.003256306178297,1.0327015560707498,0.013974831414671263,5910
2,46.79126997815557,40.302030941206475,0.014762041334111754,50.54276592600064,137.6508288866968,40.302030941206475,nan,3.78253719247857e-05,0.014724215962186968,41.95958691739338,391.2497267446499,0.004206833923988606,44.18767420754339,477.40119470351067,391.2497267446499,nan,2990.381145098928,23.13648706336481,0.0,118.21676412673727,129.24957608772036,46.0,46.0,,0.000299928451253031,,,,,,,14.744400214697764,,0,14.528162776536414,15.003256306178297,inf,-inf,-2.1809588067432126,2.6973199999921054,-2.250142059638167,2.382275658520064,inf,-inf,1.9181965457878543,0.18388062969635954,0.18388062969635954,0.18388062969635954,784,3.9585481581392044,1.9895572064051585,2.008074216828216,,,-0.013799068511891858,14.739229521251705,0.07183238930749382,1.0327015560707498,0.013974831414671263,0.0,0.0,14.74639986500451,14.739958875459529,0.07405572661680872,14.528162776536414,15.003256306178297,1.0327015560707498,0.013974831414671263,5910
3,42.505055250359376,15.668590823662075,0.0221203686417598,46.927803140055154,105.12356958271836,15.668590823662075,nan,7.540533515522492e-05,0.022044963306604572,41.95958691739338,391.2497267446499,0.004206833923988606,44.18767420754339,477.40119470351067,391.2497267446499,nan,2641.4577448565587,14.161400990175617,0.0,68.98890513115582,186.52517125170408,46.0,46.0,,0.0002998728103643344,,,,,,,14.744400214697764,,0,14.528162776536414,15.003256306178297,inf,-inf,-1.642804897980212,1.8282371983884058,-2.066011213365587,2.3739231973188777,inf,-inf,1.8953538216820898,0.1861244430724471,0.1861244430724471,0.1861244430724471,784,3.9585481581392044,1.9895572064051585,2.008074216828216,,,-0.013799068511891858,14.739229521251705,0.07183238930749382,1.0327015560707498,0.013974831414671263,0.0,0.0,14.74639986500451,14.739958875459529,0.07405572661680872,14.528162776536414,15.003256306178297,1.0327015560707498,0.013974831414671263,5910
4,38.41742639106169,6.607953738393371,0.031117699081420393,42.215309098537944,87.27180692707442,6.607953738393371,nan,0.0001245891128351328,0.03099310996858526,41.95958691739338,391.2497267446499,0.004206833923988606,44.18767420754339,477.40119470351067,391.2497267446499,nan,1740.240578272231,9.79915269654153,0.0,50.93814432330619,177.59092364041067,46.0,46.0,,0.00029980128253941313,,,,,,,14.744400214697764,,0,14.528162776536414,15.003256306178297,inf,-inf,-1.3035493405514142,1.2496345051647932,-1.5184141926141914,2.0974774731228694,inf,-inf,1.8754670896677845,0.188067443547587,0.188067443547587,0.188067443547587,784,3.9585481581392044,1.9895572064051585,2.008074216828216,,,-0.013799068511891858,14.739229521251705,0.07183238930749382,1.0327015560707498,0.013974831414671263,0.0,0.0,14.74639986500451,14.739958875459529,0.07405572661680872,14.528162776536414,15.003256306178297,1.0327015560707498,0.013974831414671263,5910
5,33.32634182718603,2.287681024713776,0.042334481719236344,35.951495872970085,71.60785320658913,2.287681024713776,nan,0.00018504214529409488,0.042149439573942245,30.788975490919942,0.11878039108804028,0.04750059113504601,32.36204099956761,63.317297472710635,0.11878039108804028,nan,1162.2085127056866,8.664176533228238,0.0,42.340709937810296,134.13952361756097,46.0,46.0,,0.0002997138756220993,,,,,,,13.456253817334568,,0,12.561803444137215,14.77202219937476,inf,-inf,-0.999880160819356,1.2610747140415295,-0.9933400560495758,1.045081978499408,inf,-inf,1.8600674651224578,0.18958213528827786,0.18958213528827786,0.18958213528827786,784,3.7251917086726434,1.928960217275165,2.005889285715381,,,-0.08274575874208533,13.450928565243096,0.2999943454443045,1.1759475671679203,0.07038795796690933,0.0,0.0,13.46874044681395,13.439032448666955,0.3132073571433867,12.561803444137215,14.77202219937476,1.1759475671679203,0.07038795796690933,5910
6,27.86884926618349,-0.21937084379706553,0.05204577065556633,28.773362706900116,56.474886899942106,-0.21937084379706553,nan,0.0002543310172835508,0.05179143963828278,30.788975490919942,0.11878039108804028,0.04750059113504601,32.36204099956761,63.317297472710635,0.11878039108804028,nan,939.8270934693006,8.838082858066826,0.0,37.30465308213558,106.33834379720571,46.0,46.0,,0.0002996105991975463,,,,,,,13.456253817334568,,0,12.561803444137215,14.77202219937476,inf,-inf,-0.9699680411386199,1.2093576533201744,-1.0629146213524736,1.1725186504828604,inf,-inf,1.8505097903939942,0.19047992738297376,0.19047992738297376,0.19047992738297376,784,3.7251917086726434,1.928960217275165,2.005889285715381,,,-0.08274575874208533,13.450928565243096,0.2999943454443045,1.1759475671679203,0.07038795796690933,0.0,0.0,13.46874044681395,13.439032448666955,0.3132073571433867,12.561803444137215,14.77202219937476,1.1759475671679203,0.07038795796690933,5910
7,23.28971604720362,-4.439531309888081,0.06290329121286736,22.98328038944788,41.896368417976284,-4.439531309888081,nan,0.00033162233080650134,0.06257166888206082,30.788975490919942,0.11878039108804028,0.04750059113504601,32.36204099956761,63.317297472710635,0.11878039108804028,nan,531.1716205861973,8.29195141897544,0.0,28.810548652131036,64.05869906215987,46.0,46.0,,0.000299491464591178,,,,,,,13.456253817334568,,0,12.561803444137215,14.77202219937476,inf,-inf,-0.8492418444609046,1.0883962217462044,-0.8932216778530632,0.6355391140633957,inf,-inf,1.8475811609768358,0.19087219500158129,0.19087219500158129,0.19087219500158129,784,3.7251917086726434,1.928960217275165,2.005889285715381,,,-0.08274575874208533,13.450928565243096,0.2999943454443045,1.1759475671679203,0.07038795796690933,0.0,0.0,13.46874044681395,13.439032448666955,0.3132073571433867,12.561803444137215,14.77202219937476,1.1759475671679203,0.07038795796690933,5910
8,19.571632073449077,-7.217188284821329,0.07407386269184835,19.62677578231966,32.05529343363926,-7.217188284821329,nan,0.00041783896369611235,0.07365602372815225,30.788975490919942,0.11878039108804028,0.04750059113504601,32.36204099956761,63.317297472710635,0.11878039108804028,nan,593.8391689703627,6.911944845947624,0.0,23.17337108751979,85.91491717682358,46.0,46.0,,0.00029935648486744646,,,,,,,13.456253817334568,,0,12.561803444137215,14.77202219937476,inf,-inf,-0.6808957315692683,0.9530743273624153,-0.824251369307799,0.6784084788452408,inf,-inf,1.8522043285113392,0.19048383190289114,0.19048383190289114,0.19048383190289114,784,3.7251917086726434,1.928960217275165,2.005889285715381,,,-0.08274575874208533,13.450928565243096,0.2999943454443045,1.1759475671679203,0.07038795796690933,0.0,0.0,13.46874044681395,13.439032448666955,0.3132073571433867,12.561803444137215,14.77202219937476,1.1759475671679203,0.07038795796690933,5910
9,16.93685565961676,-8.874754446263795,0.08116225627356143,17.696397081421377,25.839660551047906,-8.874754446263795,nan,0.0005149024134461915,0.08064735386011525,30.788975490919942,0.11878039108804028,0.04750059113504601,32.36204099956761,63.317297472710635,0.11878039108804028,nan,431.31062196741044,5.788182737675928,0.0,19.811807713732186,74.51572307141608,46.0,46.0,,0.00029920567482839947,,,,,,,13.456253817334568,,0,12.561803444137215,14.77202219937476,inf,-inf,-0.47696732450321067,0.7179762826864764,-0.7565666145079145,0.46206124069504595,inf,-inf,1.8619506698741901,0.18961657139598245,0.18961657139598245,0.18961657139598245,784,3.7251917086726434,1.928960217275165,2.005889285715381,,,-0.08274575874208533,13.450928565243096,0.2999943454443045,1.1759475671679203,0.07038795796690933,0.0,0.0,13.46874044681395,13.439032448666955,0.3132073571433867,12.561803444137215,14.77202219937476,1.1759475671679203,0.07038795796690933,5910
10,15.012171657114045,-10.094860757544076,0.08719406668975951,15.955490305792512,20.95999527205224,-10.094860757544076,nan,0.000622182636113673,0.08657188405364584,13.872076942414909,-10.303585172306597,0.08793203327898512,14.867221873043299,18.523645676430597,-10.303585172306597,nan,414.8878578199145,5.215446916866194,0.0,17.334462403773035,79.54981891929756,46.0,46.0,,0.00029903905101205734,,,,,,,12.377495655260523,,0,10.762709640863555,14.630824606469494,inf,-inf,-0.5144739485604524,0.5651666669300764,-0.7369967139165926,0.5690168629461867,inf,-inf,1.8772277702853697,0.18839758473247908,0.18839758473247908,0.18839758473247908,784,3.6348251005127405,1.9038506231380254,2.022342025741001,,,-0.15154456109239342,12.383328609640389,0.41665505699984706,1.3593997324725353,0.13334718011786495,0.0,0.0,12.335784933568407,12.35681562651174,0.48456549829725315,10.762709640863555,14.630824606469494,1.3593997324725353,0.13334718011786495,5910
11,13.609019553715031,-11.087849619826365,0.08905651392943151,14.559829709303251,17.17005615712135,-11.087849619826365,nan,0.0007374119142876119,0.08831910201514388,13.872076942414909,-10.303585172306597,0.08793203327898512,14.867221873043299,18.523645676430597,-10.303585172306597,nan,394.5916479705457,4.829634056800198,0.0,15.321043942961454,81.70218350497066,46.0,46.0,,0.0002988566316905992,,,,,,,12.377495655260523,,0,10.762709640863555,14.630824606469494,inf,-inf,-0.44229966774807583,0.5124473223787007,-0.6213575241935495,0.5727693208515943,inf,-inf,1.8947950942285923,0.1871781031892868,0.1871781031892868,0.1871781031892868,784,3.6348251005127405,1.9038506231380254,2.022342025741001,,,-0.15154456109239342,12.383328609640389,0.41665505699984706,1.3593997324725353,0.13334718011786495,0.0,0.0,12.335784933568407,12.35681562651174,0.48456549829725315,10.762709640863555,14.630824606469494,1.3593997324725353,0.13334718011786495,5910
12,12.657116112834647,-11.958481695515617,0.09161974864719843,13.219670390166035,14.009924556132264,-11.958481695515617,nan,0.0008599706127262247,0.09075977803447222,13.872076942414909,-10.303585172306597,0.08793203327898512,14.867221873043299,18.523645676430597,-10.303585172306597,nan,289.57884145667856,4.323635912992053,0.0,13.568271121513167,66.9757693025275,46.0,46.0,,0.00029865843686835924,,,,,,,12.377495655260523,,0,10.762709640863555,14.630824606469494,inf,-inf,-0.40838174671347927,0.47734741258097835,-0.5197421817609118,0.5948298464849519,inf,-inf,1.9146832303321615,0.18600658255373614,0.18600658255373614,0.18600658255373614,784,3.6348251005127405,1.9038506231380254,2.022342025741001,,,-0.15154456109239342,12.383328609640389,0.41665505699984706,1.3593997324725353,0.13334718011786495,0.0,0.0,12.335784933568407,12.35681562651174,0.48456549829725315,10.762709640863555,14.630824606469494,1.3593997324725353,0.13334718011786495,5910
13,11.853829814791515,-12.623083591199803,0.09159556458343493,12.068799277491369,11.391141065666517,-12.623083591199803,nan,0.000989724990085423,0.09060583959334947,13.872076942414909,-10.303585172306597,0.08793203327898512,14.867221873043299,18.523645676430597,-10.303585172306597,nan,355.25216080139455,3.9929969201800963,0.0,12.22301073158334,88.96880410951371,46.0,46.0,,0.00029844448827963323,,,,,,,12.377495655260523,,0,10.762709640863555,14.630824606469494,inf,-inf,-0.46983842547353816,0.5121112371757113,-0.49123681965910165,0.6694121227729093,inf,-inf,1.9358891427213982,0.18490011790289332,0.18490011790289332,0.18490011790289332,784,3.6348251005127405,1.9038506231380254,2.022342025741001,,,-0.15154456109239342,12.383328609640389,0.41665505699984706,1.3593997324725353,0.13334718011786495,0.0,0.0,12.335784933568407,12.35681562651174,0.48456549829725315,10.762709640863555,14.630824606469494,1.3593997324725353,0.13334718011786495,5910
14,11.274081588276022,-13.18848920652158,0.09194081767396609,11.024611596543993,9.202144795972401,-13.18848920652158,nan,0.0011264476213708192,0.09081437005259527,13.872076942414909,-10.303585172306597,0.08793203327898512,14.867221873043299,18.523645676430597,-10.303585172306597,nan,297.22740336299785,3.7604276149733122,0.0,11.086631076614596,79.0408522103961,46.0,46.0,,0.0002982148093862949,,,,,,,12.377495655260523,,0,10.762709640863555,14.630824606469494,inf,-inf,-0.45734562959007125,0.5749118007144196,-0.47521855085119075,0.5166430634022847,inf,-inf,1.9576066895171698,0.18370620408176502,0.18370620408176502,0.18370620408176502,784,3.6348251005127405,1.9038506231380254,2.022342025741001,,,-0.15154456109239342,12.383328609640389,0.41665505699984706,1.3593997324725353,0.13334718011786495,0.0,0.0,12.335784933568407,12.35681562651174,0.48456549829725315,10.762709640863555,14.630824606469494,1.3593997324725353,0.13334718011786495,5910
15,10.758948762133043,-13.504329281701747,0.08811630164385002,10.041668949901043,7.38440473197619,-13.504329281701747,nan,0.0012709320684878792,0.08684536957536218,10.422417910424835,-13.599747496205518,0.08649829775418816,9.499419583029148,6.408588295002653,-13.599747496205518,nan,256.4177376922897,3.5930388939176594,0.0,10.457001589167907,71.36514389709413,46.0,46.0,,0.00029796942537522314,,,,,,,11.43837426243468,,0,9.62302168401327,13.647287543002157,inf,-inf,-0.48851828779871415,0.6381706699450029,-0.4185618615496191,0.49037417170559644,inf,-inf,1.978266409011966,0.18262913399836397,0.18262913399836397,0.18262913399836397,784,3.5904514757710504,1.8905510558830494,2.0415703349140464,,,-0.22010483605838688,11.473625704382812,0.4815305427975566,1.4181914985886814,0.1517348776489469,0.0,0.0,11.39264314688281,11.465282803846108,0.5699906970138386,9.62302168401327,13.647287543002157,1.4181914985886814,0.1517348776489469,5910
16,10.363047940692837,-13.826189561565139,0.08516300875109396,9.110035804433524,5.7320571923123165,-13.826189561565139,nan,0.0014225792433417844,0.08374042950775218,10.422417910424835,-13.599747496205518,0.08649829775418816,9.499419583029148,6.408588295002653,-13.599747496205518,nan,262.32718508541234,3.481907525442461,0.0,9.807734442662984,75.3400781521552,46.0,46.0,,0.00029770836315553997,,,,,,,11.43837426243468,,0,9.62302168401327,13.647287543002157,inf,-inf,-0.460389854776491,0.6503784154447383,-0.40685407599818196,0.3990542446215641,inf,-inf,1.9984345542793929,0.1815952030632421,0.1815952030632421,0.1815952030632421,784,3.5904514757710504,1.8905510558830494,2.0415703349140464,,,-0.22010483605838688,11.473625704382812,0.4815305427975566,1.4181914985886814,0.1517348776489469,0.0,0.0,11.39264314688281,11.465282803846108,0.5699906970138386,9.62302168401327,13.647287543002157,1.4181914985886814,0.1517348776489469,5910
17,10.076705512105548,-14.162025615798495,0.08171761824765345,8.254743095006301,4.251140609561007,-14.162025615798495,nan,0.0015815640827193636,0.08013605416493408,10.422417910424835,-13.599747496205518,0.08649829775418816,9.499419583029148,6.408588295002653,-13.599747496205518,nan,248.93931189222744,3.3731688352215423,0.0,9.136163490253074,73.79983749786946,46.0,46.0,,0.0002974316513556598,,,,,,,11.43837426243468,,0,9.62302168401327,13.647287543002157,inf,-inf,-0.41764819022736815,0.686349232094641,-0.353607190774858,0.40300707587409323,inf,-inf,2.016608101026288,0.18063183560103885,0.18063183560103885,0.18063183560103885,784,3.5904514757710504,1.8905510558830494,2.0415703349140464,,,-0.22010483605838688,11.473625704382812,0.4815305427975566,1.4181914985886814,0.1517348776489469,0.0,0.0,11.39264314688281,11.465282803846108,0.5699906970138386,9.62302168401327,13.647287543002157,1.4181914985886814,0.1517348776489469,5910
18,9.76251933469104,-14.377855242297144,0.07937961283985825,7.296322724003104,2.760366429236858,-14.377855242297144,nan,0.001747760001393387,0.07763185283846485,10.422417910424835,-13.599747496205518,0.08649829775418816,9.499419583029148,6.408588295002653,-13.599747496205518,nan,228.68395270094285,3.399396266766841,0.0,8.712979104808808,67.27193147106786,46.0,46.0,,0.0002971393203201496,,,,,,,11.43837426243468,,0,9.62302168401327,13.647287543002157,inf,-inf,-0.37219364929036886,0.6929413599738814,-0.4003884571083797,0.3495428699750548,inf,-inf,2.034683783828073,0.17964820190529865,0.17964820190529865,0.17964820190529865,784,3.5904514757710504,1.8905510558830494,2.0415703349140464,,,-0.22010483605838688,11.473625704382812,0.4815305427975566,1.4181914985886814,0.1517348776489469,0.0,0.0,11.39264314688281,11.465282803846108,0.5699906970138386,9.62302168401327,13.647287543002157,1.4181914985886814,0.1517348776489469,5910
19,9.516486850774529,-14.666080137828517,0.07647188925651208,6.415036264193419,1.3419148663959417,-14.666080137828517,nan,0.0019207758010079425,0.07455111345550411,10.422417910424835,-13.599747496205518,0.08649829775418816,9.499419583029148,6.408588295002653,-13.599747496205518,nan,224.82867005371492,3.582719678880275,0.0,8.147292852802106,62.75363137648037,46.0,46.0,,0.00029683140210640173,,,,,,,11.43837426243468,,0,9.62302168401327,13.647287543002157,inf,-inf,-0.388005193866575,0.6602610703314454,-0.39611964986637604,0.2976573442534731,inf,-inf,2.0516544927312927,0.1788206199756183,0.1788206199756183,0.1788206199756183,784,3.5904514757710504,1.8905510558830494,2.0415703349140464,,,-0.22010483605838688,11.473625704382812,0.4815305427975566,1.4181914985886814,0.1517348776489469,0.0,0.0,11.39264314688281,11.465282803846108,0.5699906970138386,9.62302168401327,13.647287543002157,1.4181914985886814,0.1517348776489469,5910
20,9.362732150584318,-14.851534148879574,0.073881593575405,5.436526520429012,0.021606115709159823,-14.851534148879574,nan,0.0021004665121746786,0.07178112706323034,9.056209020362573,-14.707765498929216,0.07247458666227644,4.843458452058419,-0.7356234398459476,-14.707765498929216,nan,192.32330073847183,3.612322975942237,0.0,7.80450694632547,53.240892915536236,46.0,46.0,,0.00029650793048111826,,,,,,,10.599604741562304,,0,8.949171830247668,12.63039682654579,inf,-inf,-0.46204081019583176,0.7018035649052238,-0.4168386533359136,0.30272340698643746,inf,-inf,2.0666392846416266,0.1781106204364198,0.1781106204364198,0.1781106204364198,784,3.5240978564025673,1.8726987401456474,2.0199378946604134,,,-0.2883367170505668,10.641709950749892,0.4794564335238804,1.4113481187003025,0.14963414868242686,0.0,0.0,10.589657551054161,10.678625616985736,0.55636986782624,8.949171830247668,12.63039682654579,1.4113481187003025,0.14963414868242686,5910
21,9.215114282598222,-15.125854346981622,0.07147436055184853,4.568682072829286,-1.2705836310022667,-15.125854346981622,nan,0.002286817227638039,0.06918754332421048,9.056209020362573,-14.707765498929216,0.07247458666227644,4.843458452058419,-0.7356234398459476,-14.707765498929216,nan,190.7493652564396,3.6374968306678808,0.0,7.3068980217066875,52.43973373343562,46.0,46.0,,0.0002961689409166081,,,,,,,10.599604741562304,,0,8.949171830247668,12.63039682654579,inf,-inf,-0.4558675771455294,0.6745624038487164,-0.4201944983179679,0.25856266942242806,inf,-inf,2.08047189238048,0.1775007656756644,0.1775007656756644,0.1775007656756644,784,3.5240978564025673,1.8726987401456474,2.0199378946604134,,,-0.2883367170505668,10.641709950749892,0.4794564335238804,1.4113481187003025,0.14963414868242686,0.0,0.0,10.589657551054161,10.678625616985736,0.55636986782624,8.949171830247668,12.63039682654579,1.4113481187003025,0.14963414868242686,5910
22,9.114759482520668,-15.361588029013635,0.06908659700214824,3.8876119254991566,-2.290130023991662,-15.361588029013635,nan,0.002479823737500593,0.06660677326464767,9.056209020362573,-14.707765498929216,0.07247458666227644,4.843458452058419,-0.7356234398459476,-14.707765498929216,nan,212.24113881222465,3.5612032703002354,0.0,6.875597357459049,59.59815340569739,46.0,46.0,,0.0002958144705868971,,,,,,,10.599604741562304,,0,8.949171830247668,12.63039682654579,inf,-inf,-0.43252941719883964,0.6012104834047782,-0.3956756461499651,0.2679760746885706,inf,-inf,2.0927408425423013,0.17694337974013571,0.17694337974013571,0.17694337974013571,784,3.5240978564025673,1.8726987401456474,2.0199378946604134,,,-0.2883367170505668,10.641709950749892,0.4794564335238804,1.4113481187003025,0.14963414868242686,0.0,0.0,10.589657551054161,10.678625616985736,0.55636986782624,8.949171830247668,12.63039682654579,1.4113481187003025,0.14963414868242686,5910
23,9.023065098865189,-15.539348514311895,0.06661407518568653,3.4547790682377832,-2.994890272023236,-15.539348514311895,nan,0.0026788937589024607,0.0639351814267841,9.056209020362573,-14.707765498929216,0.07247458666227644,4.843458452058419,-0.7356234398459476,-14.707765498929216,nan,219.27779760816355,3.470543945497828,0.0,6.52623509892228,63.18254459581825,46.0,46.0,,0.0002954445583636514,,,,,,,10.599604741562304,,0,8.949171830247668,12.63039682654579,inf,-inf,-0.4172356815532825,0.5911377160497602,-0.39174074307079726,0.3200308785045126,inf,-inf,2.104931637985996,0.17646425443831676,0.17646425443831676,0.17646425443831676,784,3.5240978564025673,1.8726987401456474,2.0199378946604134,,,-0.2883367170505668,10.641709950749892,0.4794564335238804,1.4113481187003025,0.14963414868242686,0.0,0.0,10.589657551054161,10.678625616985736,0.55636986782624,8.949171830247668,12.63039682654579,1.4113481187003025,0.14963414868242686,5910
24,8.981188476245842,-15.738642979959435,0.0648783995334198,3.045581957872744,-3.6469941463074287,-15.738642979959435,nan,0.0028844631887716514,0.06199393634464815,9.056209020362573,-14.707765498929216,0.07247458666227644,4.843458452058419,-0.7356234398459476,-14.707765498929216,nan,175.8673212689884,3.4667196666875526,0.0,6.127043805415502,50.73018247161284,46.0,46.0,,0.00029505924481191474,,,,,,,10.599604741562304,,0,8.949171830247668,12.63039682654579,inf,-inf,-0.3756885564016653,0.4627896219010229,-0.41140454753438144,0.21357446113755965,inf,-inf,2.113602492542996,0.1762066026003771,0.1762066026003771,0.1762066026003771,784,3.5240978564025673,1.8726987401456474,2.0199378946604134,,,-0.2883367170505668,10.641709950749892,0.4794564335238804,1.4113481187003025,0.14963414868242686,0.0,0.0,10.589657551054161,10.678625616985736,0.55636986782624,8.949171830247668,12.63039682654579,1.4113481187003025,0.14963414868242686,5910
25,8.938869592012884,-15.958272023047545,0.0631148154489819,2.756046680937326,-4.200240934648354,-15.958272023047545,nan,0.003096088041780733,0.06001872740720116,8.761209938759754,-15.812458343656537,0.06257083125533458,2.4969202281178955,-4.4917573455235535,-15.812458343656537,nan,183.58272008395556,3.3118742312897447,0.0,5.695875013897536,55.43167018527236,46.0,46.0,,0.0002946585721856603,,,,,,,9.847797735290438,,0,8.465418921686927,11.641151894836955,inf,-inf,-0.38934179423979687,0.48214846199507155,-0.3542415299181804,0.24554565588525784,inf,-inf,2.1216911338223916,0.17598474132254152,0.17598474132254152,0.17598474132254152,784,3.472077345295502,1.858707214222554,2.010627654300786,,,-0.3561479288304354,9.888754304727403,0.4644178770689452,1.3751418568329032,0.1383475014113591,0.0,0.0,9.876255750041754,9.971049251529386,0.5268920562153783,8.465418921686927,11.641151894836955,1.3751418568329032,0.1383475014113591,5910
26,8.857786390511796,-16.074732201699685,0.062015819807261556,2.5023792280879262,-4.652550763292702,-16.074732201699685,nan,0.0033137920113861324,0.05870202779587543,8.761209938759754,-15.812458343656537,0.06257083125533458,2.4969202281178955,-4.4917573455235535,-15.812458343656537,nan,186.2908197503962,3.360911216834995,0.0,5.462390112294721,55.428664350684095,46.0,46.0,,0.0002942425844231566,,,,,,,9.847797735290438,,0,8.465418921686927,11.641151894836955,inf,-inf,-0.3509192102184736,0.4410116098004992,-0.37054213266811714,0.28228704809089855,inf,-inf,2.1282625474403347,0.17583376668100023,0.17583376668100023,0.17583376668100023,784,3.472077345295502,1.858707214222554,2.010627654300786,,,-0.3561479288304354,9.888754304727403,0.4644178770689452,1.3751418568329032,0.1383475014113591,0.0,0.0,9.876255750041754,9.971049251529386,0.5268920562153783,8.465418921686927,11.641151894836955,1.3751418568329032,0.1383475014113591,5910
27,8.822933092305888,-16.231366093859492,0.06104865471078662,2.3004800053738976,-5.04690434146892,-16.231366093859492,nan,0.003535357504158229,0.05751329720662835,8.761209938759754,-15.812458343656537,0.06257083125533458,2.4969202281178955,-4.4917573455235535,-15.812458343656537,nan,188.06372893906914,3.316129304107812,0.0,5.1414853774730185,56.711820225498336,46.0,46.0,,0.0002938113271421496,,,,,,,9.847797735290438,,0,8.465418921686927,11.641151894836955,inf,-inf,-0.348737447273914,0.4153120592346762,-0.33666977565889583,0.276654429470345,inf,-inf,2.1341152649098207,0.175845449019483,0.175845449019483,0.175845449019483,784,3.472077345295502,1.858707214222554,2.010627654300786,,,-0.3561479288304354,9.888754304727403,0.4644178770689452,1.3751418568329032,0.1383475014113591,0.0,0.0,9.876255750041754,9.971049251529386,0.5268920562153783,8.465418921686927,11.641151894836955,1.3751418568329032,0.1383475014113591,5910
28,8.778242410378043,-16.387141068313127,0.060106658049218144,2.1588724550479426,-5.389919544837923,-16.387141068313127,nan,0.0037593791173080792,0.05634727893191007,8.761209938759754,-15.812458343656537,0.06257083125533458,2.4969202281178955,-4.4917573455235535,-15.812458343656537,nan,166.29713411311383,3.2496183630725834,0.0,4.833596876152578,51.17435819628873,46.0,46.0,,0.00029336484763486,,,,,,,9.847797735290438,,0,8.465418921686927,11.641151894836955,inf,-inf,-0.31735457653275795,0.38830679357142833,-0.34981327211576363,0.23645941990672256,inf,-inf,2.1393410638260923,0.17588141340084895,0.17588141340084895,0.17588141340084895,784,3.472077345295502,1.858707214222554,2.010627654300786,,,-0.3561479288304354,9.888754304727403,0.4644178770689452,1.3751418568329032,0.1383475014113591,0.0,0.0,9.876255750041754,9.971049251529386,0.5268920562153783,8.465418921686927,11.641151894836955,1.3751418568329032,0.1383475014113591,5910
29,8.759496832680389,-16.51734750415783,0.05922251973483,2.025998395559515,-5.672629756183095,-16.51734750415783,nan,0.003983159444726777,0.05523936029010322,8.761209938759754,-15.812458343656537,0.06257083125533458,2.4969202281178955,-4.4917573455235535,-15.812458343656537,nan,173.81025420207953,3.1844429980328783,0.0,4.576310169399293,54.581053675461334,46.0,46.0,,0.00029290319486279713,,,,,,,9.847797735290438,,0,8.465418921686927,11.641151894836955,inf,-inf,-0.3054631416518439,0.33266469093632806,-0.3187999570028299,0.23727307673574988,inf,-inf,2.1445703820105773,0.1759369576751591,0.1759369576751591,0.1759369576751591,784,3.472077345295502,1.858707214222554,2.010627654300786,,,-0.3561479288304354,9.888754304727403,0.4644178770689452,1.3751418568329032,0.1383475014113591,0.0,0.0,9.876255750041754,9.971049251529386,0.5268920562153783,8.465418921686927,11.641151894836955,1.3751418568329032,0.1383475014113591,5910
30,8.71064893958658,-16.627319561514412,0.05860569143338194,1.9146690992904505,-5.943395831204,-16.627319561514412,nan,0.004204126095928265,0.05440156533745368,8.570647885268802,-16.59416872361706,0.05833700192678425,1.8901949473188426,-6.074988889102631,-16.59416872361706,nan,154.9456955864145,3.119979674005492,0.0,4.356898984208027,49.662405456472776,46.0,46.0,,0.0002924264194513898,,,,,,,9.200465093864754,,0,7.716744316175887,10.848588573851996,inf,-inf,-0.29082755552443035,0.3315632639827771,-0.3521165843415738,0.24817158308263298,inf,-inf,2.1505690959029846,0.1759480985069146,0.1759480985069146,0.1759480985069146,784,3.4388998838420965,1.8493865849846909,2.010168214214672,,,-0.42005863214755484,9.248400506386565,0.4591961541504684,1.4058504635317668,0.14793912842436563,0.0,0.0,9.255795215038384,9.346500823556134,0.5032370408759371,7.8447575573739865,10.848588573851996,1.3829093499077536,0.14079371291832177,5910
31,8.669144267685699,-16.714179566218604,0.05811281459517782,1.8370710786409525,-6.149851405296776,-16.714179566218604,nan,0.004421992225483123,0.053690822369694684,8.570647885268802,-16.59416872361706,0.05833700192678425,1.8901949473188426,-6.074988889102631,-16.59416872361706,nan,178.5969602442794,3.06480184104023,0.0,4.177908825159446,58.2735750979781,46.0,46.0,,0.00029193457368443463,,,,,,,9.200465093864754,,0,7.716744316175887,10.848588573851996,inf,-inf,-0.25111078826537647,0.30730643880246866,-0.2895916358207809,0.2415096802052095,inf,-inf,2.155018471303719,0.17612277034211987,0.17612277034211987,0.17612277034211987,784,3.4388998838420965,1.8493865849846909,2.010168214214672,,,-0.42005863214755484,9.248400506386565,0.4591961541504684,1.4058504635317668,0.14793912842436563,0.0,0.0,9.255795215038384,9.346500823556134,0.5032370408759371,7.8447575573739865,10.848588573851996,1.3829093499077536,0.14079371291832177,5910
32,8.614385473953675,-16.83993360671889,0.05769926917547087,1.7601358226232313,-6.407713040966513,-16.83993360671889,nan,0.004635868250293454,0.05306340092517742,8.570647885268802,-16.59416872361706,0.05833700192678425,1.8901949473188426,-6.074988889102631,-16.59416872361706,nan,134.99917684005527,2.9769949592477456,0.0,3.927456570729616,45.34746571225908,46.0,46.0,,0.0002914277114983626,,,,,,,9.200465093864754,,0,7.716744316175887,10.848588573851996,inf,-inf,-0.24299207296607198,0.2871217413287094,-0.29143016503541963,0.1966780736108732,inf,-inf,2.15977824550357,0.17625120804638514,0.17625120804638514,0.17625120804638514,784,3.4388998838420965,1.8493865849846909,2.010168214214672,,,-0.42005863214755484,9.248400506386565,0.4591961541504684,1.4058504635317668,0.14793912842436563,0.0,0.0,9.255795215038384,9.346500823556134,0.5032370408759371,7.8447575573739865,10.848588573851996,1.3829093499077536,0.14079371291832177,5910
33,8.656846319200543,-16.916749360437404,0.05753450917900089,1.6914393530813032,-6.510929178976555,-16.916749360437404,nan,0.004845940773449975,0.05268856840555092,8.570647885268802,-16.59416872361706,0.05833700192678425,1.8901949473188426,-6.074988889102631,-16.59416872361706,nan,166.0909903694867,2.911405334493415,0.0,3.770519987428453,57.04839116755502,46.0,46.0,,0.00029090588847632414,,,,,,,9.200465093864754,,0,7.716744316175887,10.848588573851996,inf,-inf,-0.22185666620961064,0.24587907003927956,-0.28456623199711967,0.24384155761370582,inf,-inf,2.1646888303745926,0.17639888443766105,0.17639888443766105,0.17639888443766105,784,3.4388998838420965,1.8493865849846909,2.010168214214672,,,-0.42005863214755484,9.248400506386565,0.4591961541504684,1.4058504635317668,0.14793912842436563,0.0,0.0,9.255795215038384,9.346500823556134,0.5032370408759371,7.8447575573739865,10.848588573851996,1.3829093499077536,0.14079371291832177,5910
34,8.555213070245133,-16.998925933650998,0.057218991200084675,1.6277874862038302,-6.7587063860019505,-16.998925933650998,nan,0.005053384538914796,0.052165606661169865,8.570647885268802,-16.59416872361706,0.05833700192678425,1.8901949473188426,-6.074988889102631,-16.59416872361706,nan,123.71792137076109,2.926172546417984,0.0,3.601773974147491,42.27977653683065,46.0,46.0,,0.0002903691618420941,,,,,,,9.200465093864754,,0,7.716744316175887,10.848588573851996,inf,-inf,-0.21333820927973504,0.20612525932988723,-0.2819842656668007,0.19906800917985965,inf,-inf,2.16972547214029,0.17659728277163622,0.17659728277163622,0.17659728277163622,784,3.4388998838420965,1.8493865849846909,2.010168214214672,,,-0.42005863214755484,9.248400506386565,0.4591961541504684,1.4058504635317668,0.14793912842436563,0.0,0.0,9.255795215038384,9.346500823556134,0.5032370408759371,7.8447575573739865,10.848588573851996,1.3829093499077536,0.14079371291832177,5910
35,8.488741329934387,-17.048473617520045,0.05705337027244463,1.5705819865530202,-6.932096930760193,-17.048473617520045,nan,0.005259049955180603,0.05179432031726403,8.280999209981076,-17.01548332903994,0.056873879964743884,1.477173952191532,-7.20043628690259,-17.01548332903994,nan,136.05788966393078,2.862106251279781,0.0,3.5060983847417826,47.537679498478774,46.0,46.0,,0.0002898175904537963,,,,,,,8.696265725941162,,0,7.053081317352462,10.338208974529183,inf,-inf,-0.20825264919821634,0.2270307870524479,-0.2603033989334963,0.23664754141715824,inf,-inf,2.1747172171161053,0.17674595160874051,0.17674595160874051,0.17674595160874051,784,3.4173679368423944,1.8429748499435612,2.0147019690453583,,,-0.4732232328673647,8.75305276425464,0.4623076257384819,1.465771980977226,0.16606641566293245,0.0,0.0,8.769427438069119,8.850419400764254,0.4877946722835521,7.264893798423951,10.338208974529183,1.423036490467618,0.15321603670096695,5910
36,8.441975347214154,-17.115817402066522,0.056804582372551427,1.5232972375431786,-7.0937402349366385,-17.115817402066522,nan,0.005464260161451941,0.05134032221109949,8.280999209981076,-17.01548332903994,0.056873879964743884,1.477173952191532,-7.20043628690259,-17.01548332903994,nan,122.37586148118025,2.8131801682278277,0.0,3.3687479911949056,43.50089726328169,46.0,46.0,,0.00028925123479744914,,,,,,,8.696265725941162,,0,7.053081317352462,10.338208974529183,inf,-inf,-0.1963274441255092,0.19666980949580193,-0.2573969660884724,0.1887662840410329,inf,-inf,2.1781970591662936,0.17701227482508503,0.17701227482508503,0.17701227482508503,784,3.4173679368423944,1.8429748499435612,2.0147019690453583,,,-0.4732232328673647,8.75305276425464,0.4623076257384819,1.465771980977226,0.16606641566293245,0.0,0.0,8.769427438069119,8.850419400764254,0.4877946722835521,7.264893798423951,10.338208974529183,1.423036490467618,0.15321603670096695,5910
37,8.400492830502504,-17.143865792414157,0.05660583659913959,1.482146348152394,-7.20462077716012,-17.143865792414157,nan,0.005668527507247748,0.05093730909189186,8.280999209981076,-17.01548332903994,0.056873879964743884,1.477173952191532,-7.20043628690259,-17.01548332903994,nan,151.58752424383746,2.81114657125064,0.0,3.303741215658443,53.92373552987608,46.0,46.0,,0.0002886701569803325,,,,,,,8.696265725941162,,0,7.053081317352462,10.338208974529183,inf,-inf,-0.19235751598459216,0.19535019696266173,-0.24975420748005514,0.20825959336834837,inf,-inf,2.183266179595407,0.17721852180788883,0.17721852180788883,0.17721852180788883,784,3.4173679368423944,1.8429748499435612,2.0147019690453583,,,-0.4732232328673647,8.75305276425464,0.4623076257384819,1.465771980977226,0.16606641566293245,0.0,0.0,8.769427438069119,8.850419400764254,0.4877946722835521,7.264893798423951,10.338208974529183,1.423036490467618,0.15321603670096695,5910
38,8.36504961281734,-17.20005729088885,0.05655382610281911,1.4353635745606643,-7.343090277408026,-17.20005729088885,nan,0.005872357873095661,0.050681468229723456,8.280999209981076,-17.01548332903994,0.056873879964743884,1.477173952191532,-7.20043628690259,-17.01548332903994,nan,126.7763101708896,2.7203379193943995,0.0,3.19033949393781,46.603147817427214,46.0,46.0,,0.00028807442072417716,,,,,,,8.696265725941162,,0,7.053081317352462,10.338208974529183,inf,-inf,-0.20156453179141617,0.20420216707586455,-0.2572728457055473,0.2314808662455667,inf,-inf,2.1879922612365963,0.17743016396016403,0.17743016396016403,0.17743016396016403,784,3.4173679368423944,1.8429748499435612,2.0147019690453583,,,-0.4732232328673647,8.75305276425464,0.4623076257384819,1.465771980977226,0.16606641566293245,0.0,0.0,8.769427438069119,8.850419400764254,0.4877946722835521,7.264893798423951,10.338208974529183,1.423036490467618,0.15321603670096695,5910
39,8.283277483052121,-17.24396398143394,0.0565237604186308,1.3956761890952099,-7.508486548867977,-17.24396398143394,nan,0.006077738631346153,0.05044602178728466,8.280999209981076,-17.01548332903994,0.056873879964743884,1.477173952191532,-7.20043628690259,-17.01548332903994,nan,113.64004638245943,2.716673139204105,0.0,3.1023429528285367,41.83059225731963,46.0,46.0,,0.000287464091358177,,,,,,,8.696265725941162,,0,7.053081317352462,10.338208974529183,inf,-inf,-0.20046137936259895,0.19842231346581865,-0.23625807357627426,0.20598801975853046,inf,-inf,2.1913892510711817,0.17774672263956,0.17774672263956,0.17774672263956,784,3.4173679368423944,1.8429748499435612,2.0147019690453583,,,-0.4732232328673647,8.75305276425464,0.4623076257384819,1.465771980977226,0.16606641566293245,0.0,0.0,8.769427438069119,8.850419400764254,0.4877946722835521,7.264893798423951,10.338208974529183,1.423036490467618,0.15321603670096695,5910
40,8.309439515576495,-17.27562200605796,0.05647112285576656,1.350176290215082,-7.559535077410619,-17.27562200605796,nan,0.00628251406024245,0.05018860879552412,8.032259385572502,-17.22875838276403,0.05636739898432553,1.2462026708931337,-7.89392892731407,-17.22875838276403,nan,105.2426805143183,2.7275456565059013,0.0,3.0393833586231094,38.58512148578973,46.0,46.0,,0.00028683923581182487,,,,,,,8.274235759755635,,0,6.530944874660874,9.89007800224322,inf,-inf,-0.19123114782694547,0.20765196257352386,-0.23292304291557644,0.2004659535445694,inf,-inf,2.197262326867472,0.17803749688838869,0.17803749688838869,0.17803749688838869,784,3.40014885699663,1.837564916495312,2.018531161982304,,,-0.5202274684265911,8.338973135345551,0.46927916946562487,1.5143410627481022,0.1802236988021717,0.0,0.0,8.361365571048674,8.432101697424784,0.4773572188045275,6.82929818055098,9.89007800224322,1.448183655299892,0.16082364157492757,5910
41,8.217116966813673,-17.32464764906781,0.05629562362097941,1.3250538166637298,-7.726181241969427,-17.32464764906781,nan,0.006488471242658939,0.04980715237832047,8.032259385572502,-17.22875838276403,0.05636739898432553,1.2462026708931337,-7.89392892731407,-17.22875838276403,nan,114.3883973339824,2.6173844346608135,0.0,2.9282231268638346,43.7033229888547,46.0,46.0,,0.00028619992260757275,,,,,,,8.274235759755635,,0,6.530944874660874,9.89007800224322,inf,-inf,-0.17672875526926454,0.1884395061721697,-0.23073807940125504,0.18572102480814084,inf,-inf,2.2016672200262826,0.1782777268718878,0.1782777268718878,0.1782777268718878,784,3.40014885699663,1.837564916495312,2.018531161982304,,,-0.5202274684265911,8.338973135345551,0.46927916946562487,1.5143410627481022,0.1802236988021717,0.0,0.0,8.361365571048674,8.432101697424784,0.4773572188045275,6.82929818055098,9.89007800224322,1.448183655299892,0.16082364157492757,5910
42,8.17228334046509,-17.350749343924733,0.05634264132172977,1.2881307850790062,-7.8339925770589085,-17.350749343924733,nan,0.006694638689808391,0.049648002631921394,8.032259385572502,-17.22875838276403,0.05636739898432553,1.2462026708931337,-7.89392892731407,-17.22875838276403,nan,101.75164484687822,2.583504612354798,0.0,2.8808458838914124,39.38512219420201,46.0,46.0,,0.00028554622185331796,,,,,,,8.274235759755635,,0,6.530944874660874,9.89007800224322,inf,-inf,-0.18455397041985724,0.1843892569493501,-0.22965807041640424,0.17065650590479903,inf,-inf,2.2068027841058835,0.1786030660945384,0.1786030660945384,0.1786030660945384,784,3.40014885699663,1.837564916495312,2.018531161982304,,,-0.5202274684265911,8.338973135345551,0.46927916946562487,1.5143410627481022,0.1802236988021717,0.0,0.0,8.361365571048674,8.432101697424784,0.4773572188045275,6.82929818055098,9.89007800224322,1.448183655299892,0.16082364157492757,5910
43,8.165759463352238,-17.385433768719196,0.05632362708340479,1.2501061231197732,-7.9132445551637804,-17.385433768719196,nan,0.006900418084703264,0.04942320899870155,8.032259385572502,-17.22875838276403,0.05636739898432553,1.2462026708931337,-7.89392892731407,-17.22875838276403,nan,119.41560748810289,2.579842703340874,0.0,2.8090182988257184,46.28794125062768,46.0,46.0,,0.00028487820523471477,,,,,,,8.274235759755635,,0,6.530944874660874,9.89007800224322,inf,-inf,-0.18242588121858727,0.20654614691305784,-0.2102596061748476,0.18413648442635538,inf,-inf,2.2120019859774436,0.1788945404588597,0.1788945404588597,0.1788945404588597,784,3.40014885699663,1.837564916495312,2.018531161982304,,,-0.5202274684265911,8.338973135345551,0.46927916946562487,1.5143410627481022,0.1802236988021717,0.0,0.0,8.361365571048674,8.432101697424784,0.4773572188045275,6.82929818055098,9.89007800224322,1.448183655299892,0.16082364157492757,5910
44,8.105323671245827,-17.40438753135757,0.05644429206041347,1.226132508190784,-8.016487059860546,-17.40438753135757,nan,0.007108985329707656,0.04933530673070583,8.032259385572502,-17.22875838276403,0.05636739898432553,1.2462026708931337,-7.89392892731407,-17.22875838276403,nan,119.54643008387782,2.5725856086286303,0.0,2.7639816119125804,46.4693690592495,46.0,46.0,,0.00028419594600731323,,,,,,,8.274235759755635,,0,6.530944874660874,9.89007800224322,inf,-inf,-0.1818677859992474,0.20232628675019793,-0.21081663384801524,0.18592674034139456,inf,-inf,2.2184620587567285,0.17911371731339237,0.17911371731339237,0.17911371731339237,784,3.40014885699663,1.837564916495312,2.018531161982304,,,-0.5202274684265911,8.338973135345551,0.46927916946562487,1.5143410627481022,0.1802236988021717,0.0,0.0,8.361365571048674,8.432101697424784,0.4773572188045275,6.82929818055098,9.89007800224322,1.448183655299892,0.16082364157492757,5910
45,8.087844223066504,-17.43129706931877,0.05637302958864547,1.1997566019276003,-8.08732321473602,-17.43129706931877,nan,0.007318489561777814,0.049054540026867675,7.824180998712343,-17.407217559685368,0.05635821791339944,1.1270706910727881,-8.399607651986837,-17.407217559685368,nan,106.70517454375144,2.46099969419013,0.0,2.7107405055414007,43.35846720975159,46.0,46.0,,0.00028349951898852603,,,,,,,7.89857160835822,,0,6.072420814592611,9.486855748638321,inf,-inf,-0.1657407451750073,0.19061890023324668,-0.22751873181984322,0.20675947917013993,inf,-inf,2.222143992688559,0.1795468692027304,0.1795468692027304,0.1795468692027304,784,3.3867259973942136,1.8330273048222214,2.0236226436268026,,,-0.5641912288946166,7.964743085327993,0.47827682902955077,1.5622856251728297,0.1937604367733211,0.0,0.0,7.996331498837074,8.067179929915277,0.46917046660178213,6.469056498684992,9.486855748638321,1.4664975874869508,0.16628135286586065,5910
46,8.015875897136807,-17.440794060241284,0.05635326956138252,1.1669092592086134,-8.20165563433448,-17.440794060241284,nan,0.0075312899303133,0.048821979631069205,7.824180998712343,-17.407217559685368,0.05635821791339944,1.1270706910727881,-8.399607651986837,-17.407217559685368,nan,119.93770958960866,2.4703756589921353,0.0,2.6877629023651015,48.55039319750296,46.0,46.0,,0.00028278900054942377,,,,,,,7.89857160835822,,0,6.072420814592611,9.486855748638321,inf,-inf,-0.18019277034721656,0.18090328303121544,-0.20367518589401035,0.180304479240594,inf,-inf,2.226964692985676,0.17986191939733323,0.17986191939733323,0.17986191939733323,784,3.3867259973942136,1.8330273048222214,2.0236226436268026,,,-0.5641912288946166,7.964743085327993,0.47827682902955077,1.5622856251728297,0.1937604367733211,0.0,0.0,7.996331498837074,8.067179929915277,0.46917046660178213,6.469056498684992,9.486855748638321,1.4664975874869508,0.16628135286586065,5910
47,7.928990743495076,-17.47010648609125,0.05647378032117821,1.1444401125274932,-8.340201849747503,-17.47010648609125,nan,0.007745474417191111,0.048728305903987086,7.824180998712343,-17.407217559685368,0.05635821791339944,1.1270706910727881,-8.399607651986837,-17.407217559685368,nan,107.83176536318321,2.480215163917637,0.0,2.624162933706353,43.47677851983494,46.0,46.0,,0.00028206446860636015,,,,,,,7.89857160835822,,0,6.072420814592611,9.486855748638321,inf,-inf,-0.1868078948316698,0.18364161075447055,-0.21614930082963163,0.1905148666834543,inf,-inf,2.23153277236354,0.18027042431923015,0.18027042431923015,0.18027042431923015,784,3.3867259973942136,1.8330273048222214,2.0236226436268026,,,-0.5641912288946166,7.964743085327993,0.47827682902955077,1.5622856251728297,0.1937604367733211,0.0,0.0,7.996331498837074,8.067179929915277,0.46917046660178213,6.469056498684992,9.486855748638321,1.4664975874869508,0.16628135286586065,5910
48,7.965359000390413,-17.491606117281243,0.05665022804768323,1.1230989213427416,-8.346497967500405,-17.491606117281243,nan,0.007961563121730101,0.048688664925953126,7.824180998712343,-17.407217559685368,0.05635821791339944,1.1270706910727881,-8.399607651986837,-17.407217559685368,nan,114.32611320189532,2.4386829518554256,0.0,2.5811875181834356,46.88026916943528,46.0,46.0,,0.00028132600261242746,,,,,,,7.89857160835822,,0,6.072420814592611,9.486855748638321,inf,-inf,-0.18007514221206894,0.18471141211036463,-0.20623715520041283,0.18916212766399856,inf,-inf,2.2387338419419915,0.1804336818837077,0.1804336818837077,0.1804336818837077,784,3.3867259973942136,1.8330273048222214,2.0236226436268026,,,-0.5641912288946166,7.964743085327993,0.47827682902955077,1.5622856251728297,0.1937604367733211,0.0,0.0,7.996331498837074,8.067179929915277,0.46917046660178213,6.469056498684992,9.486855748638321,1.4664975874869508,0.16628135286586065,5910
49,7.8849669215789655,-17.509232586719776,0.05674130273342764,1.0972243107903636,-8.47030005161702,-17.509232586719776,nan,0.008178378061420659,0.04856292467200698,7.824180998712343,-17.407217559685368,0.05635821791339944,1.1270706910727881,-8.399607651986837,-17.407217559685368,nan,102.07066586743814,2.400534905256144,0.0,2.5435146527012806,42.51996738058133,46.0,46.0,,0.0002805736835487436,,,,,,,7.89857160835822,,0,6.072420814592611,9.486855748638321,inf,-inf,-0.1713504077037235,0.26279972332996404,-0.20602915957426182,0.22775544783113708,inf,-inf,2.244114492028714,0.18083347535629052,0.18083347535629052,0.18083347535629052,784,3.3867259973942136,1.8330273048222214,2.0236226436268026,,,-0.5641912288946166,7.964743085327993,0.47827682902955077,1.5622856251728297,0.1937604367733211,0.0,0.0,7.996331498837074,8.067179929915277,0.46917046660178213,6.469056498684992,9.486855748638321,1.4664975874869508,0.16628135286586065,5910
50,7.8718202839324025,-17.53080453111671,0.05705627442112801,1.0755465442874887,-8.526381428475691,-17.53080453111671,nan,0.008397174166621288,0.048659100254506725,7.619283375255679,-17.47459628827742,0.057296961390134515,0.9559137653955676,-8.842102186236039,-17.47459628827742,nan,114.37171894131775,2.357253441084382,0.0,2.491665729054186,48.519059065920615,46.0,46.0,,0.0002798075939155718,,,,,,,7.550687798662361,,0,5.663215757490575,9.13390052814311,inf,-inf,-0.1787120056794157,0.1777333044731401,-0.19115316398743096,0.1935962345612435,inf,-inf,2.2506717040800455,0.18118442242631913,0.18118442242631913,0.18118442242631913,784,3.377467991073322,1.8294393609458737,2.033074395541455,,,-0.6069021820255908,7.61832557487757,0.4884845329904741,1.6128469970549786,0.20759316993920762,0.0,0.0,7.657297356862555,7.728412751156018,0.4638194859081692,6.149633210218036,9.11045100852199,1.4814625030618658,0.17069066363287222,5910
51,7.789512175209928,-17.537219866860912,0.05725675317434116,1.04641968136402,-8.644031257112623,-17.537219866860912,nan,0.008619704942384135,0.04863704823195704,7.619283375255679,-17.47459628827742,0.057296961390134515,0.9559137653955676,-8.842102186236039,-17.47459628827742,nan,111.95407389459751,2.374231342565132,0.0,2.473984230289904,47.15381853802071,46.0,46.0,,0.0002790278177232734,,,,,,,7.550687798662361,,0,5.663215757490575,9.13390052814311,inf,-inf,-0.18554804307612605,0.19299688999967973,-0.20746126483010696,0.18856967700423097,inf,-inf,2.2567764018777727,0.18143898372101555,0.18143898372101555,0.18143898372101555,784,3.377467991073322,1.8294393609458737,2.033074395541455,,,-0.6069021820255908,7.61832557487757,0.4884845329904741,1.6128469970549786,0.20759316993920762,0.0,0.0,7.657297356862555,7.728412751156018,0.4638194859081692,6.149633210218036,9.11045100852199,1.4814625030618658,0.17069066363287222,5910
52,7.785070895907943,-17.556658696324426,0.05741230043374289,1.0310440878766718,-8.683131412106068,-17.556658696324426,nan,0.0088442754625654,0.048568024971177466,7.619283375255679,-17.47459628827742,0.057296961390134515,0.9559137653955676,-8.842102186236039,-17.47459628827742,nan,111.70001644574718,2.3840744751248915,0.0,2.4346644096080867,46.852570090074764,46.0,46.0,,0.00027823444048309524,,,,,,,7.550687798662361,,0,5.663215757490575,9.13390052814311,inf,-inf,-0.16563503604385976,0.19373690054827508,-0.20088848668275175,0.22486968603916052,inf,-inf,2.2617684896340036,0.18187121289443298,0.18187121289443298,0.18187121289443298,784,3.377467991073322,1.8294393609458737,2.033074395541455,,,-0.6069021820255908,7.61832557487757,0.4884845329904741,1.6128469970549786,0.20759316993920762,0.0,0.0,7.657297356862555,7.728412751156018,0.4638194859081692,6.149633210218036,9.11045100852199,1.4814625030618658,0.17069066363287222,5910
53,7.737955528520319,-17.573105627920164,0.05771346829173504,1.0006108925599209,-8.776825738548187,-17.573105627920164,nan,0.009070387220829559,0.04864308107090547,7.619283375255679,-17.47459628827742,0.057296961390134515,0.9559137653955676,-8.842102186236039,-17.47459628827742,nan,103.52391799330042,2.3499051988830537,0.0,2.3987754064261098,44.05450825952763,46.0,46.0,,0.0002774275491977922,,,,,,,7.550687798662361,,0,5.663215757490575,9.13390052814311,inf,-inf,-0.1701638942532492,0.18864004785882207,-0.18697413702176513,0.1912096843941047,inf,-inf,2.269238372394731,0.18217392559442067,0.18217392559442067,0.18217392559442067,784,3.377467991073322,1.8294393609458737,2.033074395541455,,,-0.6069021820255908,7.61832557487757,0.4884845329904741,1.6128469970549786,0.20759316993920762,0.0,0.0,7.657297356862555,7.728412751156018,0.4638194859081692,6.149633210218036,9.11045100852199,1.4814625030618658,0.17069066363287222,5910
54,7.693324909628991,-17.596615403253242,0.05765004056689032,0.9895840581665876,-8.856056394890773,-17.596615403253242,nan,0.009296744119317737,0.04835329644757257,7.619283375255679,-17.47459628827742,0.057296961390134515,0.9559137653955676,-8.842102186236039,-17.47459628827742,nan,97.60242016255921,2.3073731786001006,0.0,2.3494621593301006,42.30023173874947,46.0,46.0,,0.00027660723235208647,,,,,,,7.550687798662361,,0,5.663215757490575,9.13390052814311,inf,-inf,-0.18482468801086488,0.20927046775709218,-0.20391169742587897,0.19580058532526912,inf,-inf,2.275779963714865,0.1825052397894955,0.1825052397894955,0.1825052397894955,784,3.377467991073322,1.8294393609458737,2.033074395541455,,,-0.6069021820255908,7.61832557487757,0.4884845329904741,1.6128469970549786,0.20759316993920762,0.0,0.0,7.657297356862555,7.728412751156018,0.4638194859081692,6.149633210218036,9.11045100852199,1.4814625030618658,0.17069066363287222,5910
55,7.6822445613637145,-17.596102474236158,0.0579928137924814,0.9652067221801233,-8.89065837689984,-17.596102474236158,nan,0.009528057608618044,0.04846475618386337,7.451994216604309,-17.602462102951574,0.05818721115237786,0.9167195416273749,-9.175561133567513,-17.602462102951574,nan,98.3630874981287,2.26362009456469,0.0,2.3493045740188867,43.453885099497946,46.0,46.0,,0.0002757735799029644,,,,,,,7.22450916942824,,0,5.281141570815805,8.87631914759439,inf,-inf,-0.20017681920719826,0.19371664541215194,-0.199653651400786,0.19874236501167836,inf,-inf,2.280914560605081,0.18296228769476836,0.18296228769476836,0.18296228769476836,784,3.3714653423193237,1.8265325779894126,2.0496869495988452,,,-0.6488665230826636,7.29198010124611,0.49866068516319906,1.6807576597919567,0.2255050991609121,0.0,0.0,7.3381627683388055,7.413640806048989,0.45971391536437284,5.796206816232591,8.833440831599122,1.524003734107726,0.1829860311114514,5910
56,7.57597354430858,-17.610516072571293,0.058242103008343496,0.9516586161839691,-9.0246418090704,-17.610516072571293,nan,0.009761368348363973,0.04848073465997953,7.451994216604309,-17.602462102951574,0.05818721115237786,0.9167195416273749,-9.175561133567513,-17.602462102951574,nan,114.86020723100808,2.2960909858593266,0.0,2.318578910716043,50.02424030161893,46.0,46.0,,0.00027492668326981143,,,,,,,7.22450916942824,,0,5.281141570815805,8.87631914759439,inf,-inf,-0.1844675773938035,0.18195849355693372,-0.20634560424397114,0.20407789305168172,inf,-inf,2.2878552667400878,0.1833397903743934,0.1833397903743934,0.1833397903743934,784,3.3714653423193237,1.8265325779894126,2.0496869495988452,,,-0.6488665230826636,7.29198010124611,0.49866068516319906,1.6807576597919567,0.2255050991609121,0.0,0.0,7.3381627683388055,7.413640806048989,0.45971391536437284,5.796206816232591,8.833440831599122,1.524003734107726,0.1829860311114514,5910
57,7.577703167655125,-17.61404832938809,0.0584458372526001,0.9199314748414615,-9.057967849638903,-17.61404832938809,nan,0.009997945321906421,0.048447891930693675,7.451994216604309,-17.602462102951574,0.05818721115237786,0.9167195416273749,-9.175561133567513,-17.602462102951574,nan,105.861898803956,2.250376170664539,0.0,2.30819887315763,47.04186801475721,46.0,46.0,,0.00027406663532438707,,,,,,,7.22450916942824,,0,5.281141570815805,8.87631914759439,inf,-inf,-0.17337121072432718,0.17031038633491385,-0.19249933916604706,0.18151468948854593,inf,-inf,2.2959033508689655,0.18360899669859956,0.18360899669859956,0.18360899669859956,784,3.3714653423193237,1.8265325779894126,2.0496869495988452,,,-0.6488665230826636,7.29198010124611,0.49866068516319906,1.6807576597919567,0.2255050991609121,0.0,0.0,7.3381627683388055,7.413640806048989,0.45971391536437284,5.796206816232591,8.833440831599122,1.524003734107726,0.1829860311114514,5910
58,7.542439182747806,-17.628248610079932,0.05859270319830433,0.9121312302561132,-9.115085493877709,-17.628248610079932,nan,0.010237135455689814,0.04835556774261452,7.451994216604309,-17.602462102951574,0.05818721115237786,0.9167195416273749,-9.175561133567513,-17.602462102951574,nan,106.80745684861348,2.322500701196161,0.0,2.281480783527269,45.988126846895796,46.0,46.0,,0.0002731935303806403,,,,,,,7.22450916942824,,0,5.281141570815805,8.87631914759439,inf,-inf,-0.1869622481219639,0.2837075653582417,-0.20073557212173998,0.2242046954624906,inf,-inf,2.301975208230993,0.18408008266489292,0.18408008266489292,0.18408008266489292,784,3.3714653423193237,1.8265325779894126,2.0496869495988452,,,-0.6488665230826636,7.29198010124611,0.49866068516319906,1.6807576597919567,0.2255050991609121,0.0,0.0,7.3381627683388055,7.413640806048989,0.45971391536437284,5.796206816232591,8.833440831599122,1.524003734107726,0.1829860311114514,5910
59,7.528421060355456,-17.64464048812329,0.058980978820894044,0.8951754027877693,-9.16206304615917,-17.64464048812329,nan,0.010479808830801303,0.04850116999009275,7.451994216604309,-17.602462102951574,0.05818721115237786,0.9167195416273749,-9.175561133567513,-17.602462102951574,nan,109.04450245898286,2.2732423801563924,0.0,2.2427651888032796,47.968709105045335,46.0,46.0,,0.00027230746418436733,,,,,,,7.22450916942824,,0,5.281141570815805,8.87631914759439,inf,-inf,-0.18928832107865243,0.23792938940241293,-0.1966202829071055,0.19983986719917474,inf,-inf,2.3065104744802043,0.18462747215193764,0.18462747215193764,0.18462747215193764,784,3.3714653423193237,1.8265325779894126,2.0496869495988452,,,-0.6488665230826636,7.29198010124611,0.49866068516319906,1.6807576597919567,0.2255050991609121,0.0,0.0,7.3381627683388055,7.413640806048989,0.45971391536437284,5.796206816232591,8.833440831599122,1.524003734107726,0.1829860311114514,5910
60,7.422671215379906,-17.648276018932336,0.059342729103010146,0.8753130094142013,-9.290949065035218,-17.648276018932336,nan,0.010725494862930734,0.04861723424007942,7.217862895562508,-17.63917485238462,0.059494838285507265,0.8158682675116258,-9.54594885102498,-17.63917485238462,nan,96.55583628182033,2.2526247883405515,0.0,2.2332742964718966,42.86370139474069,46.0,46.0,,0.00027140853390271154,,,,,,,6.91338618851886,,0,4.931207796268953,8.628968292051173,inf,-inf,-0.20834448203631675,0.20047184579333008,-0.22253325343194996,0.20874481943682624,inf,-inf,2.3140679756509828,0.1850439345150132,0.1850439345150132,0.1850439345150132,784,3.3674904708368376,1.8240531006716227,2.065727833021453,,,-0.690824123443567,6.98095542499027,0.50825954372319,1.7498691291370885,0.2430055694754818,0.0,0.0,7.032400018142636,7.1082428118800145,0.4568676778323842,5.458936701174975,8.61437655730529,1.5780319554632574,0.1981157935127179,5910
61,7.405787490815642,-17.671607597748583,0.05950201052750013,0.8643461373604361,-9.341971959045006,-17.671607597748583,nan,0.01097283834977031,0.048529172177729826,7.217862895562508,-17.63917485238462,0.059494838285507265,0.8158682675116258,-9.54594885102498,-17.63917485238462,nan,94.87241476273651,2.156582336355299,0.0,2.1884696684120377,43.99202069097639,46.0,46.0,,0.0002704968381135084,,,,,,,6.91338618851886,,0,4.931207796268953,8.628968292051173,inf,-inf,-0.20149452258255426,0.20751756533589952,-0.20170140397441239,0.18360535819833906,inf,-inf,2.3202652756500783,0.18543352376273023,0.18543352376273023,0.18543352376273023,784,3.3674904708368376,1.8240531006716227,2.065727833021453,,,-0.690824123443567,6.98095542499027,0.50825954372319,1.7498691291370885,0.2430055694754818,0.0,0.0,7.032400018142636,7.1082428118800145,0.4568676778323842,5.458936701174975,8.61437655730529,1.5780319554632574,0.1981157935127179,5910
62,7.400543137488581,-17.66230171066426,0.05980002961429911,0.8450903699430046,-9.356868173618373,-17.66230171066426,nan,0.011222094790312697,0.04857793482398641,7.217862895562508,-17.63917485238462,0.059494838285507265,0.8158682675116258,-9.54594885102498,-17.63917485238462,nan,93.82958052663098,2.1752266417923356,0.0,2.2014564167075132,43.13554216553619,46.0,46.0,,0.00026957247679447504,,,,,,,6.91338618851886,,0,4.931207796268953,8.628968292051173,inf,-inf,-0.2115180974114689,0.2084290708829868,-0.23464009066072747,0.18312930058170335,inf,-inf,2.32678231945471,0.18587683056154855,0.18587683056154855,0.18587683056154855,784,3.3674904708368376,1.8240531006716227,2.065727833021453,,,-0.690824123443567,6.98095542499027,0.50825954372319,1.7498691291370885,0.2430055694754818,0.0,0.0,7.032400018142636,7.1082428118800145,0.4568676778323842,5.458936701174975,8.61437655730529,1.5780319554632574,0.1981157935127179,5910
63,7.335577190553493,-17.68204625764591,0.06014914162928734,0.835000608198602,-9.45131931726453,-17.68204625764591,nan,0.011476362069701337,0.048672779559585995,7.217862895562508,-17.63917485238462,0.059494838285507265,0.8158682675116258,-9.54594885102498,-17.63917485238462,nan,104.0244018677713,2.142229171426943,0.0,2.161403626871179,48.55895123418586,46.0,46.0,,0.00026863555131224676,,,,,,,6.91338618851886,,0,4.931207796268953,8.628968292051173,inf,-inf,-0.20788655801257888,0.14378634143196692,-0.22476734275800583,0.19388267150747174,inf,-inf,2.3350182904041716,0.18618069664557674,0.18618069664557674,0.18618069664557674,784,3.3674904708368376,1.8240531006716227,2.065727833021453,,,-0.690824123443567,6.98095542499027,0.50825954372319,1.7498691291370885,0.2430055694754818,0.0,0.0,7.032400018142636,7.1082428118800145,0.4568676778323842,5.458936701174975,8.61437655730529,1.5780319554632574,0.1981157935127179,5910
64,7.301507540040171,-17.68845468995639,0.06039023905739876,0.8170852850535724,-9.509471625805249,-17.68845468995639,nan,0.011732571734948344,0.04865766732245043,7.217862895562508,-17.63917485238462,0.059494838285507265,0.8158682675116258,-9.54594885102498,-17.63917485238462,nan,96.80603603103454,2.1056788060388674,0.0,2.143070548118623,45.97379037743312,46.0,46.0,,0.00026768616441126075,,,,,,,6.91338618851886,,0,4.931207796268953,8.628968292051173,inf,-inf,-0.19079856507697854,0.20707081897146176,-0.21151824033094874,0.1871794070883838,inf,-inf,2.3424621631039217,0.18661342978272738,0.18661342978272738,0.18661342978272738,784,3.3674904708368376,1.8240531006716227,2.065727833021453,,,-0.690824123443567,6.98095542499027,0.50825954372319,1.7498691291370885,0.2430055694754818,0.0,0.0,7.032400018142636,7.1082428118800145,0.4568676778323842,5.458936701174975,8.61437655730529,1.5780319554632574,0.1981157935127179,5910
65,7.2673047173853185,-17.69016614943973,0.060709509415493,0.8057089174568322,-9.556443005182087,-17.69016614943973,nan,0.01199181029082796,0.048717699124665045,7.0749422388593395,-17.625662345778586,0.06088507008147877,0.7364992831460221,-9.753335753691745,-17.625662345778586,nan,100.32680927713417,2.1245349129224933,0.0,2.136558764198696,47.22295155843093,46.0,46.0,,0.0002667244202024894,,,,,,,6.61638334040781,,0,4.603824454024874,8.39569831441039,inf,-inf,-0.20665909449152198,0.17210533185904917,-0.22514560644866932,0.1927157234564903,inf,-inf,2.348738779567306,0.1871037772747219,0.1871037772747219,0.1871037772747219,784,3.3645567200409596,1.8217534444320096,2.085275788685775,,,-0.7327517779753218,6.68293225242919,0.5167795390656506,1.8236356312566364,0.2609380691117217,0.0,0.0,6.7390551849344655,6.813246779694093,0.4544024041362171,5.141476569387091,8.39569831441039,1.6329352475122203,0.21296896354518413,5910
66,7.194144460162067,-17.694821345335157,0.06103683664774818,0.7937697364160602,-9.645870312109281,-17.694821345335157,nan,0.012255613882722288,0.048781222765025896,7.0749422388593395,-17.625662345778586,0.06088507008147877,0.7364992831460221,-9.753335753691745,-17.625662345778586,nan,99.223080964574,2.115770067600931,0.0,2.132660513387325,46.89691119275684,46.0,46.0,,0.0002657504241520231,,,,,,,6.61638334040781,,0,4.603824454024874,8.39569831441039,inf,-inf,-0.21290694517910266,0.14951084998598108,-0.2099908275202572,0.18136410663981922,inf,-inf,2.356266274878135,0.18738322673598345,0.18738322673598345,0.18738322673598345,784,3.3645567200409596,1.8217534444320096,2.085275788685775,,,-0.7327517779753218,6.68293225242919,0.5167795390656506,1.8236356312566364,0.2609380691117217,0.0,0.0,6.7390551849344655,6.813246779694093,0.4544024041362171,5.141476569387091,8.39569831441039,1.6329352475122203,0.21296896354518413,5910
67,7.171629722663472,-17.697992054476423,0.06131116668216778,0.7774197553337509,-9.687631409797032,-17.697992054476423,nan,0.01252321422691255,0.04878795245525522,7.0749422388593395,-17.625662345778586,0.06088507008147877,0.7364992831460221,-9.753335753691745,-17.625662345778586,nan,102.75906642915929,2.0855700826633945,0.0,2.1234414366461674,49.27145210000806,46.0,46.0,,0.00026476428306950465,,,,,,,6.61638334040781,,0,4.603824454024874,8.39569831441039,inf,-inf,-0.23430626709323404,0.21052089816378738,-0.2503850742461609,0.20501825204721805,inf,-inf,2.3617967739387797,0.18785682955376073,0.18785682955376073,0.18785682955376073,784,3.3645567200409596,1.8217534444320096,2.085275788685775,,,-0.7327517779753218,6.68293225242919,0.5167795390656506,1.8236356312566364,0.2609380691117217,0.0,0.0,6.7390551849344655,6.813246779694093,0.4544024041362171,5.141476569387091,8.39569831441039,1.6329352475122203,0.21296896354518413,5910
68,7.1595964688285365,-17.715740742074264,0.06166055987759244,0.7665312090330931,-9.727952504335041,-17.715740742074264,nan,0.012794441219842438,0.04886611865774998,7.0749422388593395,-17.625662345778586,0.06088507008147877,0.7364992831460221,-9.753335753691745,-17.625662345778586,nan,115.40627905823365,2.011749175339665,0.0,2.080120881325645,57.36613712728297,46.0,46.0,,0.0002637661050964166,,,,,,,6.61638334040781,,0,4.603824454024874,8.39569831441039,inf,-inf,-0.22749649227238875,0.23847925434060085,-0.24385233328267425,0.21914889043257266,inf,-inf,2.3692741235095918,0.1882269517387899,0.1882269517387899,0.1882269517387899,784,3.3645567200409596,1.8217534444320096,2.085275788685775,,,-0.7327517779753218,6.68293225242919,0.5167795390656506,1.8236356312566364,0.2609380691117217,0.0,0.0,6.7390551849344655,6.813246779694093,0.4544024041362171,5.141476569387091,8.39569831441039,1.6329352475122203,0.21296896354518413,5910
69,7.089313292984947,-17.707991385136975,0.062100401746745575,0.7520924505600826,-9.8044852398452,-17.707991385136975,nan,0.013067094328062759,0.049033307418682844,7.0749422388593395,-17.625662345778586,0.06088507008147877,0.7364992831460221,-9.753335753691745,-17.625662345778586,nan,91.61941253907699,2.0240691242165996,0.0,2.0965671001414576,45.264962269773065,46.0,46.0,,0.00026275599969422214,,,,,,,6.61638334040781,,0,4.603824454024874,8.39569831441039,inf,-inf,-0.2166644148497209,0.19007154529955747,-0.22225184191901123,0.1689552306731535,inf,-inf,2.375608087858471,0.1885983067196958,0.1885983067196958,0.1885983067196958,784,3.3645567200409596,1.8217534444320096,2.085275788685775,,,-0.7327517779753218,6.68293225242919,0.5167795390656506,1.8236356312566364,0.2609380691117217,0.0,0.0,6.7390551849344655,6.813246779694093,0.4544024041362171,5.141476569387091,8.39569831441039,1.6329352475122203,0.21296896354518413,5910
70,7.031838017282539,-17.72231955261416,0.06237094886605966,0.7383363390589031,-9.88977424740666,-17.72231955261416,nan,0.013346011091269051,0.0490249377747906,6.909976799325452,-17.69007616876221,0.06257469161823177,0.6937684378092248,-10.023756240009302,-17.69007616876221,nan,89.75766767453528,1.9932569045071944,0.0,2.068363548056185,45.03065684687878,46.0,46.0,,0.00026173407763236143,,,,,,,6.328802270110829,,0,4.301626414043598,8.19047886096882,inf,-inf,-0.23713181168426725,0.16791444672930195,-0.2419207339753925,0.1874473688367892,inf,-inf,2.382117021844455,0.1889498412517544,0.1889498412517544,0.1889498412517544,784,3.3623440588074764,1.819527662720067,2.1102523305479433,,,-0.7752057144267402,6.394977985687478,0.5238007412072929,1.9040423487798044,0.27967660352159196,0.0,0.0,6.453780091185923,6.527871216373955,0.45203989240174075,4.844973237690538,8.19047886096882,1.6905106507611982,0.22801791130542282,5910
71,7.00232130837851,-17.721473275499864,0.0628012238586224,0.7223564556068705,-9.933994287655862,-17.721473275499864,nan,0.013627234057448015,0.049173989801174385,6.909976799325452,-17.69007616876221,0.06257469161823177,0.6937684378092248,-10.023756240009302,-17.69007616876221,nan,98.69769368043733,1.985276754666665,0.0,2.065855154352631,49.7148286496756,46.0,46.0,,0.00026070045097610465,,,,,,,6.328802270110829,,0,4.301626414043598,8.19047886096882,inf,-inf,-0.203749118557918,0.22665372201385822,-0.21306254823703588,0.1973021288530183,inf,-inf,2.387357474395056,0.18955284628492186,0.18955284628492186,0.18955284628492186,784,3.3623440588074764,1.819527662720067,2.1102523305479433,,,-0.7752057144267402,6.394977985687478,0.5238007412072929,1.9040423487798044,0.27967660352159196,0.0,0.0,6.453780091185923,6.527871216373955,0.45203989240174075,4.844973237690538,8.19047886096882,1.6905106507611982,0.22801791130542282,5910
72,6.99172787728435,-17.713859244301126,0.06315330309317073,0.7190145683534113,-9.939963495570193,-17.713859244301126,nan,0.013913787893172467,0.04923951519999829,6.909976799325452,-17.69007616876221,0.06257469161823177,0.6937684378092248,-10.023756240009302,-17.69007616876221,nan,98.66877607045247,1.9538719898341212,0.0,2.0842600625489958,50.49909952331585,46.0,46.0,,0.0002596552330742625,,,,,,,6.328802270110829,,0,4.301626414043598,8.19047886096882,inf,-inf,-0.1991805616970046,0.2159494119117155,-0.19611269536502143,0.19818096030688911,inf,-inf,2.3960577728901074,0.1897686257429337,0.1897686257429337,0.1897686257429337,784,3.3623440588074764,1.819527662720067,2.1102523305479433,,,-0.7752057144267402,6.394977985687478,0.5238007412072929,1.9040423487798044,0.27967660352159196,0.0,0.0,6.453780091185923,6.527871216373955,0.45203989240174075,4.844973237690538,8.19047886096882,1.6905106507611982,0.22801791130542282,5910
73,6.944759754423071,-17.711649112345395,0.06346898176417602,0.7029994001544196,-10.000420976003728,-17.711649112345395,nan,0.014204991704167924,0.0492639900600081,6.909976799325452,-17.69007616876221,0.06257469161823177,0.6937684378092248,-10.023756240009302,-17.69007616876221,nan,97.84205196739124,1.9404450754145333,0.0,2.0826199040457887,50.422479464660675,46.0,46.0,,0.00025859853854675647,,,,,,,6.328802270110829,,0,4.301626414043598,8.19047886096882,inf,-inf,-0.20194643496621673,0.19331966330883563,-0.21481429993737558,0.17891110881826983,inf,-inf,2.401847804532796,0.19010218725326938,0.19010218725326938,0.19010218725326938,784,3.3623440588074764,1.819527662720067,2.1102523305479433,,,-0.7752057144267402,6.394977985687478,0.5238007412072929,1.9040423487798044,0.27967660352159196,0.0,0.0,6.453780091185923,6.527871216373955,0.45203989240174075,4.844973237690538,8.19047886096882,1.6905106507611982,0.22801791130542282,5910
74,6.8880020545433425,-17.72704567739244,0.06385729645458216,0.6918468508843805,-10.083339475510135,-17.72704567739244,nan,0.014502399627412782,0.049354896827169405,6.909976799325452,-17.69007616876221,0.06257469161823177,0.6937684378092248,-10.023756240009302,-17.69007616876221,nan,97.9692539790555,1.9091360955479353,0.0,2.053371906705739,51.31601367106185,46.0,46.0,,0.0002575304832720494,,,,,,,6.328802270110829,,0,4.301626414043598,8.19047886096882,inf,-inf,-0.24320769691410535,0.18952820359010014,-0.24407023796496513,0.1744312046952996,inf,-inf,2.4076869118865245,0.19052770127234833,0.19052770127234833,0.19052770127234833,784,3.3623440588074764,1.819527662720067,2.1102523305479433,,,-0.7752057144267402,6.394977985687478,0.5238007412072929,1.9040423487798044,0.27967660352159196,0.0,0.0,6.453780091185923,6.527871216373955,0.45203989240174075,4.844973237690538,8.19047886096882,1.6905106507611982,0.22801791130542282,5910
75,6.843541038243128,-17.720802901227156,0.06430848553060467,0.6843950763185214,-10.128558301134902,-17.720802901227156,nan,0.014800402176703767,0.04950808335390088,6.676430612304994,-17.60624431584983,0.06455784156381891,0.5949513379165736,-10.270304524064443,-17.60624431584983,nan,102.12027616038854,1.8975973266463706,0.0,2.0625916484743754,53.81556704702257,46.0,46.0,,0.000256451184374438,,,,,,,6.047896630989631,,0,4.0185404796631765,7.96864745866734,inf,-inf,-0.20888132638313597,0.17408674836289575,-0.20810762189744422,0.17710326484684244,inf,-inf,2.413633554639924,0.19086842438069607,0.19086842438069607,0.19086842438069607,784,3.3600827214459876,1.8171583377609803,2.1304157181720447,,,-0.818575120445217,6.114054861671198,0.5290651937165397,1.9829705583394426,0.297316266174219,0.0,0.0,6.174298546900066,6.246456764504504,0.44970137615007627,4.565542818014956,7.96864745866734,1.7453888346472708,0.24189219343281776,5910
76,6.809987750228691,-17.728143823380112,0.06464099217954136,0.674721649487585,-10.178793431484294,-17.728143823380112,nan,0.015105103509967101,0.04953588866957428,6.676430612304994,-17.60624431584983,0.06455784156381891,0.5949513379165736,-10.270304524064443,-17.60624431584983,nan,107.23054188998788,1.8590896332361029,0.0,2.048579294845681,57.679059671443866,46.0,46.0,,0.000255360760211209,,,,,,,6.047896630989631,,0,4.0185404796631765,7.96864745866734,inf,-inf,-0.2237881281914837,0.19372481294230268,-0.21947978938048568,0.18894813054282808,inf,-inf,2.4199011060815936,0.1912768174098671,0.1912768174098671,0.1912768174098671,784,3.3600827214459876,1.8171583377609803,2.1304157181720447,,,-0.818575120445217,6.114054861671198,0.5290651937165397,1.9829705583394426,0.297316266174219,0.0,0.0,6.174298546900066,6.246456764504504,0.44970137615007627,4.565542818014956,7.96864745866734,1.7453888346472708,0.24189219343281776,5910
77,6.771465124366708,-17.7381951805954,0.06511510568195743,0.6615071518625029,-10.240107798684232,-17.7381951805954,nan,0.015414645798635754,0.04970045988332168,6.676430612304994,-17.60624431584983,0.06455784156381891,0.5949513379165736,-10.270304524064443,-17.60624431584983,nan,100.62213453244887,1.8628316737593804,0.0,2.025399057371729,54.0156880247711,46.0,46.0,,0.0002542593303596599,,,,,,,6.047896630989631,,0,4.0185404796631765,7.96864745866734,inf,-inf,-0.18703266397947677,0.1720017297826705,-0.194150820843417,0.17719482125149524,inf,-inf,2.4262606373461564,0.19164325626117026,0.19164325626117026,0.19164325626117026,784,3.3600827214459876,1.8171583377609803,2.1304157181720447,,,-0.818575120445217,6.114054861671198,0.5290651937165397,1.9829705583394426,0.297316266174219,0.0,0.0,6.174298546900066,6.246456764504504,0.44970137615007627,4.565542818014956,7.96864745866734,1.7453888346472708,0.24189219343281776,5910
78,6.76287003419132,-17.740932841222897,0.06555036394174273,0.6532030789310674,-10.259309364158767,-17.740932841222897,nan,0.015722427221650834,0.04982793672009188,6.676430612304994,-17.60624431584983,0.06455784156381891,0.5949513379165736,-10.270304524064443,-17.60624431584983,nan,95.58624894624425,1.8368049473172143,0.0,2.021509268310521,52.03941174366655,46.0,46.0,,0.0002531470156039858,,,,,,,6.047896630989631,,0,4.0185404796631765,7.96864745866734,inf,-inf,-0.2222306937269411,0.17892314374214915,-0.22447417924739174,0.16981130952213488,inf,-inf,2.432493653769526,0.19196928402074714,0.19196928402074714,0.19196928402074714,784,3.3600827214459876,1.8171583377609803,2.1304157181720447,,,-0.818575120445217,6.114054861671198,0.5290651937165397,1.9829705583394426,0.297316266174219,0.0,0.0,6.174298546900066,6.246456764504504,0.44970137615007627,4.565542818014956,7.96864745866734,1.7453888346472708,0.24189219343281776,5910
79,6.719953795542396,-17.74047623398509,0.06596905262387168,0.6415289555796536,-10.313024430239167,-17.74047623398509,nan,0.016037261410548252,0.049931791213323445,6.676430612304994,-17.60624431584983,0.06455784156381891,0.5949513379165736,-10.270304524064443,-17.60624431584983,nan,104.64412502700674,1.8086479833152311,0.0,2.017169894400024,57.857651678131006,46.0,46.0,,0.0002520239379220344,,,,,,,6.047896630989631,,0,4.0185404796631765,7.96864745866734,inf,-inf,-0.19784937139695077,0.2125974183595812,-0.1945647348971016,0.19113330324797007,inf,-inf,2.438271059766407,0.192351066569449,0.192351066569449,0.192351066569449,784,3.3600827214459876,1.8171583377609803,2.1304157181720447,,,-0.818575120445217,6.114054861671198,0.5290651937165397,1.9829705583394426,0.297316266174219,0.0,0.0,6.174298546900066,6.246456764504504,0.44970137615007627,4.565542818014956,7.96864745866734,1.7453888346472708,0.24189219343281776,5910
80,6.636156904895614,-17.7387612311933,0.06649296717240516,0.6306419645736276,-10.405469394551655,-17.7387612311933,nan,0.01635539104585742,0.050137576126547706,6.5451536278081806,-17.705828432288634,0.0667215915230377,0.5879554777629468,-10.50599773519447,-17.705828432288634,nan,92.07256395033016,1.8310247052739133,0.0,2.020235620402361,50.28471963547674,46.0,46.0,,0.0002508902204719295,,,,,,,5.775871946466942,,0,3.7553489525680543,7.745045600695107,inf,-inf,-0.1805860325922828,0.18821254720715444,-0.16958488512757317,0.18947250837366109,inf,-inf,2.4445411905908774,0.19273646832738298,0.19273646832738298,0.19273646832738298,784,3.357123466599667,1.8145082385332179,2.1457791620170434,,,-0.8625244799496211,5.843621828109903,0.5325174150869624,2.0624037069574435,0.31437368060946147,0.0,0.0,5.902636337279217,5.974019149144143,0.4473523162500533,4.304157833078285,7.745045600695107,1.7994334550589515,0.25513579061934544,5910
81,6.640572481924862,-17.74940136413786,0.066894552173751,0.6231666388761602,-10.418767691163085,-17.74940136413786,nan,0.016677022754896288,0.050217529418854705,6.5451536278081806,-17.705828432288634,0.0667215915230377,0.5879554777629468,-10.50599773519447,-17.705828432288634,nan,102.07076027482138,1.7640018659647836,0.0,2.0021446510507412,57.86318157832329,46.0,46.0,,0.0002497459875785653,,,,,,,5.775871946466942,,0,3.7553489525680543,7.745045600695107,inf,-inf,-0.19204617630978557,0.20597791232761503,-0.16808506597403305,0.1777912653409102,inf,-inf,2.4505751318691296,0.19309068729221862,0.19309068729221862,0.19309068729221862,784,3.357123466599667,1.8145082385332179,2.1457791620170434,,,-0.8625244799496211,5.843621828109903,0.5325174150869624,2.0624037069574435,0.31437368060946147,0.0,0.0,5.902636337279217,5.974019149144143,0.4473523162500533,4.304157833078285,7.745045600695107,1.7994334550589515,0.25513579061934544,5910
82,6.579182136431635,-17.749464613549787,0.06729859228879524,0.610889673678615,-10.492094211150741,-17.749464613549787,nan,0.017002080627781822,0.05029651166101343,6.5451536278081806,-17.705828432288634,0.0667215915230377,0.5879554777629468,-10.50599773519447,-17.705828432288634,nan,97.16212873200503,1.7081526373605802,0.0,1.9955853172242461,56.88140896011433,46.0,46.0,,0.00024859136471997286,,,,,,,5.775871946466942,,0,3.7553489525680543,7.745045600695107,inf,-inf,-0.17165698363750495,0.1890613166292959,-0.15927161246443436,0.168295938720391,inf,-inf,2.4554351284722626,0.19347498056766685,0.19347498056766685,0.19347498056766685,784,3.357123466599667,1.8145082385332179,2.1457791620170434,,,-0.8625244799496211,5.843621828109903,0.5325174150869624,2.0624037069574435,0.31437368060946147,0.0,0.0,5.902636337279217,5.974019149144143,0.4473523162500533,4.304157833078285,7.745045600695107,1.7994334550589515,0.25513579061934544,5910
83,6.529973650872632,-17.75050055815998,0.06783637479346001,0.6035398466679659,-10.549150685825923,-17.75050055815998,nan,0.017329680963208065,0.050506693830251956,6.5451536278081806,-17.705828432288634,0.0667215915230377,0.5879554777629468,-10.50599773519447,-17.705828432288634,nan,88.08786901365511,1.7123111617230657,0.0,1.9943843405216635,51.44384442662511,46.0,46.0,,0.00024742647851356,,,,,,,5.775871946466942,,0,3.7553489525680543,7.745045600695107,inf,-inf,-0.17794718981316476,0.1602628782067483,-0.15742709977712271,0.1571470828599872,inf,-inf,2.461949690890147,0.19382142959727655,0.19382142959727655,0.19382142959727655,784,3.357123466599667,1.8145082385332179,2.1457791620170434,,,-0.8625244799496211,5.843621828109903,0.5325174150869624,2.0624037069574435,0.31437368060946147,0.0,0.0,5.902636337279217,5.974019149144143,0.4473523162500533,4.304157833078285,7.745045600695107,1.7994334550589515,0.25513579061934544,5910
84,6.515921384793727,-17.752187798875458,0.06829928545763833,0.5965642560323032,-10.571402872591788,-17.752187798875458,nan,0.01766355310689056,0.05063573235074779,6.5451536278081806,-17.705828432288634,0.0667215915230377,0.5879554777629468,-10.50599773519447,-17.705828432288634,nan,90.3339330902937,1.7167971758434901,0.0,1.993533885720032,52.61770834747045,46.0,46.0,,0.00024625145670222645,,,,,,,5.775871946466942,,0,3.7553489525680543,7.745045600695107,inf,-inf,-0.1637585915979731,0.18144064352427797,-0.17050252308530045,0.176269543487684,inf,-inf,2.467987440939762,0.19417882028474776,0.19417882028474776,0.19417882028474776,784,3.357123466599667,1.8145082385332179,2.1457791620170434,,,-0.8625244799496211,5.843621828109903,0.5325174150869624,2.0624037069574435,0.31437368060946147,0.0,0.0,5.902636337279217,5.974019149144143,0.4473523162500533,4.304157833078285,7.745045600695107,1.7994334550589515,0.25513579061934544,5910
85,6.462295601914585,-17.74504057295395,0.06864319752964945,0.5880447595529233,-10.626057013956792,-17.74504057295395,nan,0.018004166244143957,0.05063903128550552,6.343736420236876,-17.73270928213494,0.06897514566714166,0.5445609341302622,-10.77543678210066,-17.73270928213494,nan,96.79330240138839,1.7118684664381347,0.0,2.007136453828292,56.542488105283645,46.0,46.0,,0.00024506642814035504,,,,,,,5.51344388033972,,0,3.5134883473055143,7.512317915043499,inf,-inf,-0.17770993753183623,0.17991088143714162,-0.1678203928752159,0.1776340088528891,inf,-inf,2.4745300288260883,0.1944751689162245,0.1944751689162245,0.1944751689162245,784,3.3534571536545577,1.8115898317508898,2.1626228322670213,,,-0.9068732758491889,5.582706689047765,0.5340573541636583,2.1381365675524946,0.33003544111610217,0.0,0.0,5.639932386557074,5.706533637163988,0.4446795829654426,4.063024748245157,7.512317915043499,1.8489471220395868,0.2669244909672853,5910
86,6.4532427054996715,-17.743121420957046,0.06923566253947755,0.5726325198172642,-10.648010533100631,-17.743121420957046,nan,0.018346403490972125,0.05088925904850544,6.343736420236876,-17.73270928213494,0.06897514566714166,0.5445609341302622,-10.77543678210066,-17.73270928213494,nan,98.3007700394905,1.6702320162175754,0.0,2.0076702356028515,58.854559776732955,46.0,46.0,,0.00024387152277968163,,,,,,,5.51344388033972,,0,3.5134883473055143,7.512317915043499,inf,-inf,-0.16977744816297155,0.1947917494448968,-0.1832026070423952,0.1740812686428131,inf,-inf,2.4781987724384638,0.19495109075177441,0.19495109075177441,0.19495109075177441,784,3.3534571536545577,1.8115898317508898,2.1626228322670213,,,-0.9068732758491889,5.582706689047765,0.5340573541636583,2.1381365675524946,0.33003544111610217,0.0,0.0,5.639932386557074,5.706533637163988,0.4446795829654426,4.063024748245157,7.512317915043499,1.8489471220395868,0.2669244909672853,5910
87,6.361088985177563,-17.75039772338427,0.06981263400880272,0.5705527265713409,-10.748943377626563,-17.75039772338427,nan,0.018694999080323137,0.05111763492847958,6.343736420236876,-17.73270928213494,0.06897514566714166,0.5445609341302622,-10.77543678210066,-17.73270928213494,nan,87.59235600323409,1.6617152385082734,0.0,1.9940277504667097,52.712013450551254,46.0,46.0,,0.0002426668716550444,,,,,,,5.51344388033972,,0,3.5134883473055143,7.512317915043499,inf,-inf,-0.17346620897485737,0.1797870994318692,-0.16167668159381152,0.16538302636136704,inf,-inf,2.483078212677094,0.19545838935926688,0.19545838935926688,0.19545838935926688,784,3.3534571536545577,1.8115898317508898,2.1626228322670213,,,-0.9068732758491889,5.582706689047765,0.5340573541636583,2.1381365675524946,0.33003544111610217,0.0,0.0,5.639932386557074,5.706533637163988,0.4446795829654426,4.063024748245157,7.512317915043499,1.8489471220395868,0.2669244909672853,5910
88,6.352061923195668,-17.76212471303506,0.07022788931938054,0.5649224237667904,-10.774912476753222,-17.76212471303506,nan,0.019046386731771846,0.05118150258760867,6.343736420236876,-17.73270928213494,0.06897514566714166,0.5445609341302622,-10.77543678210066,-17.73270928213494,nan,87.09484889468901,1.606649963457284,0.0,1.9736112217059862,54.2089757418431,46.0,46.0,,0.0002414526068700143,,,,,,,5.51344388033972,,0,3.5134883473055143,7.512317915043499,inf,-inf,-0.16971902140965905,0.16670295417373837,-0.15970424218637852,0.1974875507998915,inf,-inf,2.4913609202151674,0.19574429419994976,0.19574429419994976,0.19574429419994976,784,3.3534571536545577,1.8115898317508898,2.1626228322670213,,,-0.9068732758491889,5.582706689047765,0.5340573541636583,2.1381365675524946,0.33003544111610217,0.0,0.0,5.639932386557074,5.706533637163988,0.4446795829654426,4.063024748245157,7.512317915043499,1.8489471220395868,0.2669244909672853,5910
89,6.302391738982806,-17.752999781193758,0.0706740181712917,0.5517676551718399,-10.82816636886782,-17.752999781193758,nan,0.019399244369539412,0.0512747738017523,6.343736420236876,-17.73270928213494,0.06897514566714166,0.5445609341302622,-10.77543678210066,-17.73270928213494,nan,90.64331839769571,1.6298795628084966,0.0,1.985409476981419,55.61350695232068,46.0,46.0,,0.0002402288615824086,,,,,,,5.51344388033972,,0,3.5134883473055143,7.512317915043499,inf,-inf,-0.18598280030085673,0.14351769806605064,-0.1758479084541016,0.1643692831248483,inf,-inf,2.4953278918054123,0.19616361099022314,0.19616361099022314,0.19616361099022314,784,3.3534571536545577,1.8115898317508898,2.1626228322670213,,,-0.9068732758491889,5.582706689047765,0.5340573541636583,2.1381365675524946,0.33003544111610217,0.0,0.0,5.639932386557074,5.706533637163988,0.4446795829654426,4.063024748245157,7.512317915043499,1.8489471220395868,0.2669244909672853,5910
90,6.281490786831811,-17.74900083090777,0.07110359068543534,0.5430720936957149,-10.853334359694811,-17.74900083090777,nan,0.01975920130510828,0.05134438938032705,6.160416333929371,-17.699343408851192,0.07141528979809786,0.5033698631152694,-10.964141922008453,-17.699343408851192,nan,94.33672794777156,1.6136013775670837,0.0,1.9993084017827856,58.46346517750764,46.0,46.0,,0.00023899576998968842,,,,,,,5.2595788649000905,,0,3.2842900716456214,7.265381859951328,inf,-inf,-0.17673403230400297,0.19352497332512378,-0.20210756572066205,0.16823127698542428,inf,-inf,2.5036414818841104,0.19645937753734863,0.19645937753734863,0.19645937753734863,784,3.3479505230786826,1.8081549545236877,2.1765894233499212,,,-0.9517700371056211,5.331324345707641,0.5338984975259692,2.212162050689678,0.3448169377965453,0.0,0.0,5.385445315902131,5.44728350688899,0.44181613038153034,3.835919355617975,7.265381859951328,1.894039260577953,0.2773889770303185,5910
91,6.257551819117403,-17.757281564177145,0.07161980730066142,0.5369740347771361,-10.891135902981944,-17.757281564177145,nan,0.020119886610045525,0.0514999206906159,6.160416333929371,-17.699343408851192,0.07141528979809786,0.5033698631152694,-10.964141922008453,-17.699343408851192,nan,94.25960728364554,1.5995762217680696,0.0,1.9734392742294384,58.92786226808059,46.0,46.0,,0.00023775346731424264,,,,,,,5.2595788649000905,,0,3.2842900716456214,7.265381859951328,inf,-inf,-0.17524221910631368,0.17992305414812762,-0.19209256049004503,0.21234606553528143,inf,-inf,2.507734309696681,0.19688546669908247,0.19688546669908247,0.19688546669908247,784,3.3479505230786826,1.8081549545236877,2.1765894233499212,,,-0.9517700371056211,5.331324345707641,0.5338984975259692,2.212162050689678,0.3448169377965453,0.0,0.0,5.385445315902131,5.44728350688899,0.44181613038153034,3.835919355617975,7.265381859951328,1.894039260577953,0.2773889770303185,5910
92,6.191092366148236,-17.763755017092503,0.07215823918802979,0.5279348644264619,-10.972569547329776,-17.763755017092503,nan,0.02048626258787469,0.05167197660015509,6.160416333929371,-17.699343408851192,0.07141528979809786,0.5033698631152694,-10.964141922008453,-17.699343408851192,nan,92.67908927188113,1.5698792256510057,0.0,1.9668511626217628,59.0358084606467,46.0,46.0,,0.00023650208978855897,,,,,,,5.2595788649000905,,0,3.2842900716456214,7.265381859951328,inf,-inf,-0.17635993558617613,0.19290653169054756,-0.16664132958684277,0.18054447877267332,inf,-inf,2.514278578535461,0.1973495504502972,0.1973495504502972,0.1973495504502972,784,3.3479505230786826,1.8081549545236877,2.1765894233499212,,,-0.9517700371056211,5.331324345707641,0.5338984975259692,2.212162050689678,0.3448169377965453,0.0,0.0,5.385445315902131,5.44728350688899,0.44181613038153034,3.835919355617975,7.265381859951328,1.894039260577953,0.2773889770303185,5910
93,6.181159202432348,-17.762035989890524,0.07264666764384108,0.5185433374312924,-10.989686782383043,-17.762035989890524,nan,0.020852752234190718,0.05179391540965035,6.160416333929371,-17.699343408851192,0.07141528979809786,0.5033698631152694,-10.964141922008453,-17.699343408851192,nan,86.25201354929438,1.5514478137144727,0.0,1.9634707248495178,55.59453098379765,46.0,46.0,,0.00023524177464028488,,,,,,,5.2595788649000905,,0,3.2842900716456214,7.265381859951328,inf,-inf,-0.16577180287770268,0.16210683018414304,-0.16277942262384562,0.18254414815430056,inf,-inf,2.5205206549493036,0.19774003325874787,0.19774003325874787,0.19774003325874787,784,3.3479505230786826,1.8081549545236877,2.1765894233499212,,,-0.9517700371056211,5.331324345707641,0.5338984975259692,2.212162050689678,0.3448169377965453,0.0,0.0,5.385445315902131,5.44728350688899,0.44181613038153034,3.835919355617975,7.265381859951328,1.894039260577953,0.2773889770303185,5910
94,6.081656903035008,-17.758643752144508,0.07307104271960842,0.5130739307976987,-11.090841875592194,-17.758643752144508,nan,0.021223677688992037,0.05184736503061637,6.160416333929371,-17.699343408851192,0.07141528979809786,0.5033698631152694,-10.964141922008453,-17.699343408851192,nan,86.34832353327305,1.535544530905203,0.0,1.9765694904172053,56.23303121165151,46.0,46.0,,0.0002339726600771789,,,,,,,5.2595788649000905,,0,3.2842900716456214,7.265381859951328,inf,-inf,-0.1735326883782014,0.20431723262527607,-0.15751298293950672,0.20909751482755912,inf,-inf,2.5259624456426217,0.1980875444484344,0.1980875444484344,0.1980875444484344,784,3.3479505230786826,1.8081549545236877,2.1765894233499212,,,-0.9517700371056211,5.331324345707641,0.5338984975259692,2.212162050689678,0.3448169377965453,0.0,0.0,5.385445315902131,5.44728350688899,0.44181613038153034,3.835919355617975,7.265381859951328,1.894039260577953,0.2773889770303185,5910
95,6.0960577304874946,-17.77364893762346,0.07359612162491853,0.5040777222223544,-11.099917363288693,-17.77364893762346,nan,0.021599454614807473,0.05199666701011107,5.993910216891013,-17.74041230764528,0.07391497794004338,0.48440796851980217,-11.18817914429442,-17.74041230764528,nan,88.33488873152166,1.5271307175743016,0.0,1.9361620936896557,57.84369845682433,46.0,46.0,,0.0002326948852719545,,,,,,,5.017186211856678,,0,3.0790440154876455,7.031958794269663,inf,-inf,-0.1664379931142943,0.13898011960988094,-0.1963029755576378,0.20332059710531636,inf,-inf,2.5329611931663467,0.19842072511531422,0.19842072511531422,0.19842072511531422,784,3.3406812501371164,1.8042179692900333,2.1886641038301597,,,-0.996634881485131,5.09226270142848,0.5322100877012713,2.2838123647790636,0.3586604199378702,0.0,0.0,5.142526567692178,5.201998813364456,0.43875784567464127,3.626018413455157,7.031958794269663,1.9393058700904546,0.2876463120267393,5910
96,6.02536632867882,-17.77084739249869,0.07407951139791497,0.4949014882254043,-11.176500064196551,-17.77084739249869,nan,0.021975259682811242,0.05210425171510371,5.993910216891013,-17.74041230764528,0.07391497794004338,0.48440796851980217,-11.18817914429442,-17.74041230764528,nan,83.39476367950097,1.4989391950489526,0.0,1.9522112724555987,55.6358549799463,46.0,46.0,,0.00023140859034701826,,,,,,,5.017186211856678,,0,3.0790440154876455,7.031958794269663,inf,-inf,-0.17794438381524808,0.20637463986332055,-0.20272119492193938,0.19110817760999438,inf,-inf,2.5391839193124746,0.19886127208425905,0.19886127208425905,0.19886127208425905,784,3.3406812501371164,1.8042179692900333,2.1886641038301597,,,-0.996634881485131,5.09226270142848,0.5322100877012713,2.2838123647790636,0.3586604199378702,0.0,0.0,5.142526567692178,5.201998813364456,0.43875784567464127,3.626018413455157,7.031958794269663,1.9393058700904546,0.2876463120267393,5910
97,6.003958727646101,-17.777042530617404,0.0745710612540592,0.4915757547061472,-11.206936987011098,-17.777042530617404,nan,0.022353861839109063,0.05221719941495014,5.993910216891013,-17.74041230764528,0.07391497794004338,0.48440796851980217,-11.18817914429442,-17.74041230764528,nan,80.36922536252557,1.482306763653404,0.0,1.9316187377197485,54.21902357406882,46.0,46.0,,0.00023011391635910388,,,,,,,5.017186211856678,,0,3.0790440154876455,7.031958794269663,inf,-inf,-0.168662656201074,0.14957272004041736,-0.21148342331280845,0.20151170317872655,inf,-inf,2.543684090363106,0.19927228264595395,0.19927228264595395,0.19927228264595395,784,3.3406812501371164,1.8042179692900333,2.1886641038301597,,,-0.996634881485131,5.09226270142848,0.5322100877012713,2.2838123647790636,0.3586604199378702,0.0,0.0,5.142526567692178,5.201998813364456,0.43875784567464127,3.626018413455157,7.031958794269663,1.9393058700904546,0.2876463120267393,5910
98,5.980528983733734,-17.7725743629054,0.0750611646653591,0.48356216519535733,-11.23342204931095,-17.7725743629054,nan,0.022735208037920358,0.05232595662743873,5.993910216891013,-17.74041230764528,0.07391497794004338,0.48440796851980217,-11.18817914429442,-17.74041230764528,nan,87.02990166960986,1.4373969871495,0.0,1.9390696701526096,60.54687914867467,46.0,46.0,,0.00022881100528380385,,,,,,,5.017186211856678,,0,3.0790440154876455,7.031958794269663,inf,-inf,-0.17831336636515233,0.1604495410977878,-0.14843010324964354,0.22788647905120452,inf,-inf,2.5503232043360646,0.1995241509265262,0.1995241509265262,0.1995241509265262,784,3.3406812501371164,1.8042179692900333,2.1886641038301597,,,-0.996634881485131,5.09226270142848,0.5322100877012713,2.2838123647790636,0.3586604199378702,0.0,0.0,5.142526567692178,5.201998813364456,0.43875784567464127,3.626018413455157,7.031958794269663,1.9393058700904546,0.2876463120267393,5910
99,5.9323340971940635,-17.76700767888201,0.07547490910036936,0.4764709551442762,-11.2827277174433,-17.76700767888201,nan,0.023118950538385592,0.052355958561983745,5.993910216891013,-17.74041230764528,0.07391497794004338,0.48440796851980217,-11.18817914429442,-17.74041230764528,nan,89.4709576494896,1.4508955153102638,0.0,1.9538680901998082,61.666023986818146,46.0,46.0,,0.0002275,,,,,,,5.017186211856678,,0,3.0790440154876455,7.031958794269663,inf,-inf,-0.1706196426641095,0.18689054494598648,-0.1541969940077495,0.19678294141135005,inf,-inf,2.555861343591819,0.19983346899270873,0.19983346899270873,0.19983346899270873,784,3.3406812501371164,1.8042179692900333,2.1886641038301597,,,-0.996634881485131,5.09226270142848,0.5322100877012713,2.2838123647790636,0.3586604199378702,0.0,0.0,5.142526567692178,5.201998813364456,0.43875784567464127,3.626018413455157,7.031958794269663,1.9393058700904546,0.2876463120267393,5910
100,5.8885296499832975,-17.783236154979928,0.07589983232024793,0.4726603323294278,-11.346146340346955,-17.783236154979928,nan,0.023509359801425152,0.0523904725188228,5.818208096084875,-17.722613659800395,0.07621055761383919,0.42883280906209503,-11.399362197039585,-17.722613659800395,nan,86.27485155847462,1.4129397275263997,0.0,1.916645852396,61.06053207910996,46.0,46.0,,0.00022618104427419542,,,,,,,4.787669073422325,,0,2.8882962287325253,6.795090933042756,inf,-inf,-0.17243565813943265,0.16732188736280812,-0.17636732310649414,0.2586821430698614,inf,-inf,2.5614475930953695,0.20024699315205582,0.20024699315205582,0.20024699315205582,784,3.331811972104598,1.7998493219349518,2.2004109800615983,,,-1.0410866205187677,4.866166385825882,0.529466900975679,2.3526295071280323,0.37155353972224114,0.0,0.0,4.912333193950297,4.970281834593073,0.4352412532701323,3.4304685953520537,6.795090933042756,1.980805462626719,0.2968418250305376,5910
101,5.867414624038203,-17.78494146558592,0.07642039271151627,0.4663746645305959,-11.374731784305606,-17.78494146558592,nan,0.02389745868519062,0.052522934026325664,5.818208096084875,-17.722613659800395,0.07621055761383919,0.42883280906209503,-11.399362197039585,-17.722613659800395,nan,89.09288134494383,1.409068319861298,0.0,1.919017763918487,63.22821973154127,46.0,46.0,,0.0002248542827447487,,,,,,,4.787669073422325,,0,2.8882962287325253,6.795090933042756,inf,-inf,-0.1720441249265731,0.18477577635375123,-0.16865607565043822,0.24798190554931746,inf,-inf,2.5660497811175356,0.20062097281770075,0.20062097281770075,0.20062097281770075,784,3.331811972104598,1.7998493219349518,2.2004109800615983,,,-1.0410866205187677,4.866166385825882,0.529466900975679,2.3526295071280323,0.37155353972224114,0.0,0.0,4.912333193950297,4.970281834593073,0.4352412532701323,3.4304685953520537,6.795090933042756,1.980805462626719,0.2968418250305376,5910
102,5.82800762882569,-17.785965424420393,0.07687501126547384,0.4575890515248565,-11.423493732804374,-17.785965424420393,nan,0.024286813676930002,0.052588197588543856,5.818208096084875,-17.722613659800395,0.07621055761383919,0.42883280906209503,-11.399362197039585,-17.722613659800395,nan,80.56985902791344,1.3628264172952904,0.0,1.9127188393281451,59.11967804954573,46.0,46.0,,0.00022351986090601283,,,,,,,4.787669073422325,,0,2.8882962287325253,6.795090933042756,inf,-inf,-0.16666367079560815,0.17819938146350855,-0.1841827230098654,0.19520474225962645,inf,-inf,2.571141697082391,0.2010087277639099,0.2010087277639099,0.2010087277639099,784,3.331811972104598,1.7998493219349518,2.2004109800615983,,,-1.0410866205187677,4.866166385825882,0.529466900975679,2.3526295071280323,0.37155353972224114,0.0,0.0,4.912333193950297,4.970281834593073,0.4352412532701323,3.4304685953520537,6.795090933042756,1.980805462626719,0.2968418250305376,5910
103,5.787110052262821,-17.77785695907223,0.07736512803578513,0.4503698989475363,-11.463011879826087,-17.77785695907223,nan,0.024680920962751034,0.05268420707303411,5.818208096084875,-17.722613659800395,0.07621055761383919,0.42883280906209503,-11.399362197039585,-17.722613659800395,nan,80.86891320121447,1.36415706219158,0.0,1.925475399448562,59.281233402328986,46.0,46.0,,0.00022217792509237998,,,,,,,4.787669073422325,,0,2.8882962287325253,6.795090933042756,inf,-inf,-0.1718645195404147,0.18151575859735686,-0.15711091198198382,0.20938206375772764,inf,-inf,2.578174588208871,0.20137763589511368,0.20137763589511368,0.20137763589511368,784,3.331811972104598,1.7998493219349518,2.2004109800615983,,,-1.0410866205187677,4.866166385825882,0.529466900975679,2.3526295071280323,0.37155353972224114,0.0,0.0,4.912333193950297,4.970281834593073,0.4352412532701323,3.4304685953520537,6.795090933042756,1.980805462626719,0.2968418250305376,5910
104,5.711253782679168,-17.78145316240657,0.07787079449422517,0.4452302305285967,-11.547098354704579,-17.78145316240657,nan,0.025080566616940417,0.052790227877284754,5.818208096084875,-17.722613659800395,0.07621055761383919,0.42883280906209503,-11.399362197039585,-17.722613659800395,nan,77.9174537637114,1.3820685613776715,0.0,1.9188220945751253,56.377415666008524,46.0,46.0,,0.0002208286224622343,,,,,,,4.787669073422325,,0,2.8882962287325253,6.795090933042756,inf,-inf,-0.16759512107220984,0.1414657985793214,-0.16083627701826297,0.2716779995174555,inf,-inf,2.5841953121676373,0.2017014262980382,0.2017014262980382,0.2017014262980382,784,3.331811972104598,1.7998493219349518,2.2004109800615983,,,-1.0410866205187677,4.866166385825882,0.529466900975679,2.3526295071280323,0.37155353972224114,0.0,0.0,4.912333193950297,4.970281834593073,0.4352412532701323,3.4304685953520537,6.795090933042756,1.980805462626719,0.2968418250305376,5910
105,5.723823360438436,-17.77832473781319,0.07836058799437953,0.43940885693798926,-11.536731932442384,-17.77832473781319,nan,0.02548274814349145,0.052877839850888106,5.699207447187355,-17.735860102024347,0.0786470537837376,0.3988578802040236,-11.559147720849232,-17.735860102024347,nan,89.36531749015673,1.3637488327854377,0.0,1.9223489276721373,65.52916148615822,46.0,46.0,,0.00021947210098181448,,,,,,,4.570014676560105,,0,2.7133243247096397,6.571691715278677,inf,-inf,-0.18457660619811875,0.14598654683574558,-0.1471994179295125,0.22045691298508893,inf,-inf,2.589206280396681,0.2020768898390963,0.2020768898390963,0.2020768898390963,784,3.3213147867456936,1.795051459776154,2.21305767490125,,,-1.0851616837986342,4.6497487828053305,0.5255693228237803,2.422007445048771,0.384175473794081,0.0,0.0,4.693851591688081,4.7523132115740765,0.43154927463101267,3.251675620604285,6.571691715278677,2.021017002322454,0.30556996714408247,5910
106,5.707534680729557,-17.789783308832174,0.07876619011719378,0.43361741434231676,-11.569865023643107,-17.789783308832174,nan,0.025885811449550676,0.0528803786676431,5.699207447187355,-17.735860102024347,0.0786470537837376,0.3988578802040236,-11.559147720849232,-17.735860102024347,nan,79.84577081640083,1.3451672478232704,0.0,1.9005469163117308,59.35750438884538,46.0,46.0,,0.0002181085094089875,,,,,,,4.570014676560105,,0,2.7133243247096397,6.571691715278677,inf,-inf,-0.1724401935738598,0.1521090261967177,-0.14775493352232366,0.21395854062017294,inf,-inf,2.5947330193520277,0.2024733723092978,0.2024733723092978,0.2024733723092978,784,3.3213147867456936,1.795051459776154,2.21305767490125,,,-1.0851616837986342,4.6497487828053305,0.5255693228237803,2.422007445048771,0.384175473794081,0.0,0.0,4.693851591688081,4.7523132115740765,0.43154927463101267,3.251675620604285,6.571691715278677,2.021017002322454,0.30556996714408247,5910
107,5.663077414225009,-17.786347057371817,0.07917039417692057,0.4284319063281078,-11.61566734264178,-17.786347057371817,nan,0.026292113708256813,0.052878280468663774,5.699207447187355,-17.735860102024347,0.0786470537837376,0.3988578802040236,-11.559147720849232,-17.735860102024347,nan,82.80942792536534,1.3400634366370552,0.0,1.9045117490193444,61.795155110849855,46.0,46.0,,0.0002167379972769355,,,,,,,4.570014676560105,,0,2.7133243247096397,6.571691715278677,inf,-inf,-0.1659537320088009,0.1880351395696745,-0.1599234678840427,0.29107820175559607,inf,-inf,2.6003479570574086,0.2027791387636505,0.2027791387636505,0.2027791387636505,784,3.3213147867456936,1.795051459776154,2.21305767490125,,,-1.0851616837986342,4.6497487828053305,0.5255693228237803,2.422007445048771,0.384175473794081,0.0,0.0,4.693851591688081,4.7523132115740765,0.43154927463101267,3.251675620604285,6.571691715278677,2.021017002322454,0.30556996714408247,5910
108,5.617173324415818,-17.789512045819937,0.07971672731715587,0.42040071305645066,-11.672221281030513,-17.789512045819937,nan,0.026698810979718393,0.053017916337437486,5.699207447187355,-17.735860102024347,0.0786470537837376,0.3988578802040236,-11.559147720849232,-17.735860102024347,nan,81.77320840715902,1.3022834908673302,0.0,1.8999792028953149,62.79217158216255,46.0,46.0,,0.00021536071487775814,,,,,,,4.570014676560105,,0,2.7133243247096397,6.571691715278677,inf,-inf,-0.17295015740939862,0.1289266304950314,-0.14682136864432216,0.22716588668884333,inf,-inf,2.6046885893664355,0.20320659629215973,0.20320659629215973,0.20320659629215973,784,3.3213147867456936,1.795051459776154,2.21305767490125,,,-1.0851616837986342,4.6497487828053305,0.5255693228237803,2.422007445048771,0.384175473794081,0.0,0.0,4.693851591688081,4.7523132115740765,0.43154927463101267,3.251675620604285,6.571691715278677,2.021017002322454,0.30556996714408247,5910
109,5.5732312223474185,-17.780623538380553,0.0800707598832526,0.41846267592424014,-11.708858880225641,-17.780623538380553,nan,0.02710847088928906,0.05296228899396353,5.699207447187355,-17.735860102024347,0.0786470537837376,0.3988578802040236,-11.559147720849232,-17.735860102024347,nan,99.40930430537071,1.3136353443825193,0.0,1.9163443458363645,75.67496164782209,46.0,46.0,,0.00021397681324599097,,,,,,,4.570014676560105,,0,2.7133243247096397,6.571691715278677,inf,-inf,-0.17307620919633274,0.14708284948699027,-0.15535097285658972,0.24153200141131356,inf,-inf,2.612366502143529,0.20350544734461493,0.20350544734461493,0.20350544734461493,784,3.3213147867456936,1.795051459776154,2.21305767490125,,,-1.0851616837986342,4.6497487828053305,0.5255693228237803,2.422007445048771,0.384175473794081,0.0,0.0,4.693851591688081,4.7523132115740765,0.43154927463101267,3.251675620604285,6.571691715278677,2.021017002322454,0.30556996714408247,5910
110,5.586775481422535,-17.792057688232283,0.08050656861416726,0.4085360657854728,-11.716239572410108,-17.792057688232283,nan,0.027516929059743834,0.05298963955442345,5.50715672131341,-17.73011723127758,0.08090192947108282,0.36575824380904154,-11.776300336684043,-17.73011723127758,nan,97.8983168429499,1.2711246497070052,0.0,1.8914935527069048,77.01708629874773,46.0,46.0,,0.00021258644414204314,,,,,,,4.364518813949536,,0,2.553908315998824,6.351854566918222,inf,-inf,-0.17513901694975867,0.17030319026615612,-0.15095203296295231,0.2887501806935454,inf,-inf,2.6166719677308867,0.20395656188095168,0.20395656188095168,0.20395656188095168,784,3.3090208355574213,1.7898208490699565,2.2232132115406262,,,-1.1286528181287236,4.444192042722685,0.5206494743147573,2.487111431184653,0.3956952435990404,0.0,0.0,4.487402101425034,4.546785405546307,0.4271150104029174,3.0856666182419814,6.351854566918222,2.05850318675616,0.3135515436626495,5910
111,5.5120652272339825,-17.79895004855259,0.08096054346797983,0.40473554481885404,-11.801188733031776,-17.79895004855259,nan,0.027931077296470867,0.05302946617150894,5.50715672131341,-17.73011723127758,0.08090192947108282,0.36575824380904154,-11.776300336684043,-17.73011723127758,nan,82.06071411975665,1.2840869983005407,0.0,1.8767596627309557,63.90588350194504,46.0,46.0,,0.0002111897600355549,,,,,,,4.364518813949536,,0,2.553908315998824,6.351854566918222,inf,-inf,-0.18130566252625044,0.16086248796876343,-0.15464083235195655,0.20121840574480757,inf,-inf,2.6222781827887163,0.2042661870425589,0.2042661870425589,0.2042661870425589,784,3.3090208355574213,1.7898208490699565,2.2232132115406262,,,-1.1286528181287236,4.444192042722685,0.5206494743147573,2.487111431184653,0.3956952435990404,0.0,0.0,4.487402101425034,4.546785405546307,0.4271150104029174,3.0856666182419814,6.351854566918222,2.05850318675616,0.3135515436626495,5910
112,5.478350558460089,-17.783920044547394,0.08140316309715125,0.395890051184771,-11.82827627180538,-17.783920044547394,nan,0.028340859250118308,0.053062303847032956,5.50715672131341,-17.73011723127758,0.08090192947108282,0.36575824380904154,-11.776300336684043,-17.73011723127758,nan,83.78315898067339,1.2463515924293351,0.0,1.907166256612243,67.22273192379596,46.0,46.0,,0.00020978691408867772,,,,,,,4.364518813949536,,0,2.553908315998824,6.351854566918222,inf,-inf,-0.17197453340103874,0.17827870592167683,-0.15956264405288698,0.25286595313984667,inf,-inf,2.6271065197732413,0.20458873585588494,0.20458873585588494,0.20458873585588494,784,3.3090208355574213,1.7898208490699565,2.2232132115406262,,,-1.1286528181287236,4.444192042722685,0.5206494743147573,2.487111431184653,0.3956952435990404,0.0,0.0,4.487402101425034,4.546785405546307,0.4271150104029174,3.0856666182419814,6.351854566918222,2.05850318675616,0.3135515436626495,5910
113,5.452189750705514,-17.79285451292865,0.08175672241295183,0.39757928487229227,-11.861328754937892,-17.79285451292865,nan,0.028759926183120038,0.05299679622983177,5.50715672131341,-17.73011723127758,0.08090192947108282,0.36575824380904154,-11.776300336684043,-17.73011723127758,nan,84.04588342130536,1.2509326099088682,0.0,1.8883003781083032,67.18657964111128,46.0,46.0,,0.0002083780601392783,,,,,,,4.364518813949536,,0,2.553908315998824,6.351854566918222,inf,-inf,-0.18114578181792357,0.16991228128232022,-0.14962254821790508,0.17730617542354143,inf,-inf,2.633314018122814,0.20496987484399148,0.20496987484399148,0.20496987484399148,784,3.3090208355574213,1.7898208490699565,2.2232132115406262,,,-1.1286528181287236,4.444192042722685,0.5206494743147573,2.487111431184653,0.3956952435990404,0.0,0.0,4.487402101425034,4.546785405546307,0.4271150104029174,3.0856666182419814,6.351854566918222,2.05850318675616,0.3135515436626495,5910
114,5.420928690421563,-17.799432221669413,0.08224682040093827,0.3889803546576215,-11.907276356189293,-17.799432221669413,nan,0.029180703462703232,0.05306611693823501,5.50715672131341,-17.73011723127758,0.08090192947108282,0.36575824380904154,-11.776300336684043,-17.73011723127758,nan,87.76894207897857,1.1969351513459174,0.0,1.8719695831429537,73.32806792438592,46.0,46.0,,0.00020696335268406848,,,,,,,4.364518813949536,,0,2.553908315998824,6.351854566918222,inf,-inf,-0.1693354738809818,0.15228217450985923,-0.15689591765971897,0.19109049020244986,inf,-inf,2.6403783037464903,0.20533362061198487,0.20533362061198487,0.20533362061198487,784,3.3090208355574213,1.7898208490699565,2.2232132115406262,,,-1.1286528181287236,4.444192042722685,0.5206494743147573,2.487111431184653,0.3956952435990404,0.0,0.0,4.487402101425034,4.546785405546307,0.4271150104029174,3.0856666182419814,6.351854566918222,2.05850318675616,0.3135515436626495,5910
115,5.390554372321744,-17.79646900462706,0.08267831320228178,0.38330276492809207,-11.93993355417494,-17.79646900462706,nan,0.029598488696075998,0.05307982450620578,5.333387884575011,-17.729450828942753,0.08295217310839575,0.34650966461030575,-11.96660110664904,-17.729450828942753,nan,76.56300168050109,1.220457847113664,0.0,1.881146365424461,62.73301602473994,46.0,46.0,,0.00020554294686166318,,,,,,,4.171289220250105,,0,2.407109634454579,6.141085828947943,inf,-inf,-0.18066093178364806,0.12993543805347738,-0.16528302390196636,0.1979509563747972,inf,-inf,2.646079847031879,0.20567252065613578,0.20567252065613578,0.20567252065613578,784,3.2948409886553187,1.7841290645565335,2.2322901147899885,,,-1.1713500465157372,4.251019643951153,0.5150204747642589,2.5512281372840073,0.4067492960592184,0.0,0.0,4.293265539420979,4.350090769745413,0.42222395488789566,2.9326379817461756,6.141085828947943,2.094048384823607,0.3209867122134701,5910
116,5.366355316452686,-17.795084293583862,0.08304809683394947,0.37656323033335404,-11.969117649963874,-17.795084293583862,nan,0.03001965061132629,0.053028446222623205,5.333387884575011,-17.729450828942753,0.08295217310839575,0.34650966461030575,-11.96660110664904,-17.729450828942753,nan,77.89728667215853,1.2020420013178421,0.0,1.8795293874054115,64.80413046029749,46.0,46.0,,0.00020411699843556725,,,,,,,4.171289220250105,,0,2.407109634454579,6.141085828947943,inf,-inf,-0.17053145516568394,0.15086971509036837,-0.15430770790700907,0.22327778855397143,inf,-inf,2.649433319477627,0.2061027128166933,0.2061027128166933,0.2061027128166933,784,3.2948409886553187,1.7841290645565335,2.2322901147899885,,,-1.1713500465157372,4.251019643951153,0.5150204747642589,2.5512281372840073,0.4067492960592184,0.0,0.0,4.293265539420979,4.350090769745413,0.42222395488789566,2.9326379817461756,6.141085828947943,2.094048384823607,0.3209867122134701,5910
117,5.305393352377756,-17.79851115296852,0.08342420207427964,0.3723513227504994,-12.037342275765983,-17.79851115296852,nan,0.030437393001514476,0.05298680907276516,5.333387884575011,-17.729450828942753,0.08295217310839575,0.34650966461030575,-11.96660110664904,-17.729450828942753,nan,85.1743794819143,1.1890353801393452,0.0,1.870741680466173,71.63317501278436,46.0,46.0,,0.00020268566377709454,,,,,,,4.171289220250105,,0,2.407109634454579,6.141085828947943,inf,-inf,-0.17177860986289087,0.166562715650141,-0.15150803916840744,0.21237293040873192,inf,-inf,2.655163313139532,0.2063820019210943,0.2063820019210943,0.2063820019210943,784,3.2948409886553187,1.7841290645565335,2.2322901147899885,,,-1.1713500465157372,4.251019643951153,0.5150204747642589,2.5512281372840073,0.4067492960592184,0.0,0.0,4.293265539420979,4.350090769745413,0.42222395488789566,2.9326379817461756,6.141085828947943,2.094048384823607,0.3209867122134701,5910
118,5.298919093298978,-17.801267633285587,0.0839222372669487,0.3693715877783231,-12.049054714941338,-17.801267633285587,nan,0.030862201927900346,0.05306003533904837,5.333387884575011,-17.729450828942753,0.08295217310839575,0.34650966461030575,-11.96660110664904,-17.729450828942753,nan,90.82786735197766,1.1835499671102823,0.0,1.8608919119972638,76.74189504118705,46.0,46.0,,0.00020124909984822013,,,,,,,4.171289220250105,,0,2.407109634454579,6.141085828947943,inf,-inf,-0.17303255920892904,0.17023777572221344,-0.15592462433305584,0.24197417635804502,inf,-inf,2.661390207840976,0.20686337489544665,0.20686337489544665,0.20686337489544665,784,3.2948409886553187,1.7841290645565335,2.2322901147899885,,,-1.1713500465157372,4.251019643951153,0.5150204747642589,2.5512281372840073,0.4067492960592184,0.0,0.0,4.293265539420979,4.350090769745413,0.42222395488789566,2.9326379817461756,6.141085828947943,2.094048384823607,0.3209867122134701,5910
119,5.253846804900306,-17.800689319935085,0.08430465390414879,0.36565564462094885,-12.096882216509682,-17.800689319935085,nan,0.031286673784693006,0.05301798011945578,5.333387884575011,-17.729450828942753,0.08295217310839575,0.34650966461030575,-11.96660110664904,-17.729450828942753,nan,103.65029598855028,1.1587116936427213,0.0,1.8646409946838225,89.45305079531713,46.0,46.0,,0.00019980746418436736,,,,,,,4.171289220250105,,0,2.407109634454579,6.141085828947943,inf,-inf,-0.17599222463704278,0.16566444381849466,-0.1569029361583799,0.20941084791453926,inf,-inf,2.6666794514504373,0.2072667948941322,0.2072667948941322,0.2072667948941322,784,3.2948409886553187,1.7841290645565335,2.2322901147899885,,,-1.1713500465157372,4.251019643951153,0.5150204747642589,2.5512281372840073,0.4067492960592184,0.0,0.0,4.293265539420979,4.350090769745413,0.42222395488789566,2.9326379817461756,6.141085828947943,2.094048384823607,0.3209867122134701,5910
120,5.24077566639915,-17.811498204420115,0.08465382793761232,0.3586781462698878,-12.127390563813464,-17.811498204420115,nan,0.03170854171654001,0.052945286221072294,5.194805568149073,-17.747739886040122,0.08498786700376693,0.3314113375944392,-12.136535113292844,-17.747739886040122,nan,79.01005797764198,1.128123888020731,0.0,1.842870593273378,70.03668552419666,46.0,46.0,,0.00019836091487713254,,,,,,,3.9905776642014126,,0,2.2511481269797975,5.937377964981487,inf,-inf,-0.17601135905200294,0.14660405814317348,-0.16355633300352782,0.19069125640657408,inf,-inf,2.673466676705834,0.20751653252060953,0.20751653252060953,0.20751653252060953,784,3.2795369176254057,1.7781660957944474,2.238581349828166,,,-1.2130105523557073,4.0700548603071915,0.5089238493729111,2.637488796859955,0.4211906235769396,0.0,0.0,4.111646433717735,4.169455451276682,0.41721704633918005,2.7926261733050537,5.937377964981487,2.126091211826838,0.3275818923337267,5910
121,5.177237398303533,-17.797236694808745,0.0850671161720047,0.35400832423430273,-12.180923856098907,-17.797236694808745,nan,0.03213028146897901,0.0529368347030257,5.194805568149073,-17.747739886040122,0.08498786700376693,0.3314113375944392,-12.136535113292844,-17.747739886040122,nan,76.33788771618268,1.1335053921594387,0.0,1.8725709359798182,67.346735396425,46.0,46.0,,0.00019690961055694836,,,,,,,3.9905776642014126,,0,2.2511481269797975,5.937377964981487,inf,-inf,-0.17232047455167326,0.158084231884442,-0.1620218686007757,0.19826773072515444,inf,-inf,2.678518478685379,0.20798607755360898,0.20798607755360898,0.20798607755360898,784,3.2795369176254057,1.7781660957944474,2.238581349828166,,,-1.2130105523557073,4.0700548603071915,0.5089238493729111,2.637488796859955,0.4211906235769396,0.0,0.0,4.111646433717735,4.169455451276682,0.41721704633918005,2.7926261733050537,5.937377964981487,2.126091211826838,0.3275818923337267,5910
122,5.179678861311279,-17.806545252834507,0.0854550135610585,0.352412520417985,-12.188998857544185,-17.806545252834507,nan,0.032559334933031425,0.05289567862802705,5.194805568149073,-17.747739886040122,0.08498786700376693,0.3314113375944392,-12.136535113292844,-17.747739886040122,nan,85.92883271799714,1.1330201695973807,0.0,1.8540464304167648,75.84051460313543,46.0,46.0,,0.00019545371037568823,,,,,,,3.9905776642014126,,0,2.2511481269797975,5.937377964981487,inf,-inf,-0.17367855111459207,0.14876018101822203,-0.15579853301715535,0.2102822021301249,inf,-inf,2.6833467018857076,0.20833344497359862,0.20833344497359862,0.20833344497359862,784,3.2795369176254057,1.7781660957944474,2.238581349828166,,,-1.2130105523557073,4.0700548603071915,0.5089238493729111,2.637488796859955,0.4211906235769396,0.0,0.0,4.111646433717735,4.169455451276682,0.41721704633918005,2.7926261733050537,5.937377964981487,2.126091211826838,0.3275818923337267,5910
123,5.145454955222569,-17.809680410600976,0.08579915007712258,0.34593956239130214,-12.232486742909982,-17.809680410600976,nan,0.03298613876929139,0.05281301130783122,5.194805568149073,-17.747739886040122,0.08498786700376693,0.3314113375944392,-12.136535113292844,-17.747739886040122,nan,79.82717578872334,1.093063805377431,0.0,1.8439565311673323,73.03066426315277,46.0,46.0,,0.00019399337398921348,,,,,,,3.9905776642014126,,0,2.2511481269797975,5.937377964981487,inf,-inf,-0.17796834162422012,0.14761271758066644,-0.1445791930872579,0.19013652989953164,inf,-inf,2.6889458595429883,0.20869162592538695,0.20869162592538695,0.20869162592538695,784,3.2795369176254057,1.7781660957944474,2.238581349828166,,,-1.2130105523557073,4.0700548603071915,0.5089238493729111,2.637488796859955,0.4211906235769396,0.0,0.0,4.111646433717735,4.169455451276682,0.41721704633918005,2.7926261733050537,5.937377964981487,2.126091211826838,0.3275818923337267,5910
124,5.068573908256542,-17.80649739400341,0.0862665833076141,0.3418432587625127,-12.309813643676742,-17.80649739400341,nan,0.03341309754077149,0.052853485766842595,5.194805568149073,-17.747739886040122,0.08498786700376693,0.3314113375944392,-12.136535113292844,-17.747739886040122,nan,76.14314021825257,1.1072865042738997,0.0,1.8483837259346136,68.76552719134172,46.0,46.0,,0.0001925287615398655,,,,,,,3.9905776642014126,,0,2.2511481269797975,5.937377964981487,inf,-inf,-0.17520024924700436,0.1449810416212306,-0.1544006037682927,0.19011795032487122,inf,-inf,2.692477409157345,0.20916030778536399,0.20916030778536399,0.20916030778536399,784,3.2795369176254057,1.7781660957944474,2.238581349828166,,,-1.2130105523557073,4.0700548603071915,0.5089238493729111,2.637488796859955,0.4211906235769396,0.0,0.0,4.111646433717735,4.169455451276682,0.41721704633918005,2.7926261733050537,5.937377964981487,2.126091211826838,0.3275818923337267,5910
125,5.0632858999645505,-17.805951119395694,0.0867178185372927,0.3375885573212127,-12.318358843572636,-17.805951119395694,nan,0.03383824227969717,0.05287957625759551,5.054033887041237,-17.75948191745081,0.08704029479265848,0.31113515819401033,-12.307272577422903,-17.75948191745081,nan,86.54149877809185,1.079323247106435,0.0,1.8501445426494956,80.18126081329346,46.0,46.0,,0.0001910600336389039,,,,,,,3.8214343497178533,,0,2.112065029891931,5.753403193113399,inf,-inf,-0.17557461235347652,0.1544790020408468,-0.15845930966657626,0.20549662647171146,inf,-inf,2.699167709654047,0.2096002258636345,0.2096002258636345,0.2096002258636345,784,3.262618361862796,1.7717911469389416,2.2463027051568725,,,-1.2536473321201254,3.8993267458364937,0.5023788233860429,2.7240653633698892,0.43521752416963494,0.0,0.0,3.9416082964889014,3.99850539369927,0.41201025696632787,2.664316629880501,5.753403193113399,2.1594292242102804,0.33433897451519734,5910
126,5.02475007987681,-17.816106860708626,0.08706222315543463,0.3363393204295302,-12.36795523724685,-17.816106860708626,nan,0.034263411394759836,0.05279881176067478,5.054033887041237,-17.75948191745081,0.08704029479265848,0.31113515819401033,-12.307272577422903,-17.75948191745081,nan,79.14201812189518,1.0515310623501493,0.0,1.8271851187255426,75.26360461954826,46.0,46.0,,0.0001895873513488942,,,,,,,3.8214343497178533,,0,2.112065029891931,5.753403193113399,inf,-inf,-0.17427202612614878,0.14896206488818173,-0.15974679082268575,0.18247679558486485,inf,-inf,2.7049850144679697,0.20996745261281913,0.20996745261281913,0.20996745261281913,784,3.262618361862796,1.7717911469389416,2.2463027051568725,,,-1.2536473321201254,3.8993267458364937,0.5023788233860429,2.7240653633698892,0.43521752416963494,0.0,0.0,3.9416082964889014,3.99850539369927,0.41201025696632787,2.664316629880501,5.753403193113399,2.1594292242102804,0.33433897451519734,5910
127,5.020887958796489,-17.810844360333498,0.08744327881185304,0.33375440148233254,-12.368758721242823,-17.810844360333498,nan,0.03469224635332272,0.05275103245853034,5.054033887041237,-17.75948191745081,0.08704029479265848,0.31113515819401033,-12.307272577422903,-17.75948191745081,nan,82.98894012695722,1.0592252734453067,0.0,1.836575754875393,78.34871599789331,46.0,46.0,,0.00018811087616604506,,,,,,,3.8214343497178533,,0,2.112065029891931,5.753403193113399,inf,-inf,-0.17333442983163871,0.1646201718789176,-0.15218975760375153,0.1848005956436674,inf,-inf,2.7111255680466053,0.2102384921619011,0.2102384921619011,0.2102384921619011,784,3.262618361862796,1.7717911469389416,2.2463027051568725,,,-1.2536473321201254,3.8993267458364937,0.5023788233860429,2.7240653633698892,0.43521752416963494,0.0,0.0,3.9416082964889014,3.99850539369927,0.41201025696632787,2.664316629880501,5.753403193113399,2.1594292242102804,0.33433897451519734,5910
128,4.965129063306319,-17.812273004426796,0.08784451451766633,0.3274261510802631,-12.431873275522547,-17.812273004426796,nan,0.03512406878733324,0.05272044573033309,5.054033887041237,-17.75948191745081,0.08704029479265848,0.31113515819401033,-12.307272577422903,-17.75948191745081,nan,72.7212982569256,1.0386114648878786,0.0,1.8334883244144582,70.01780811727906,46.0,46.0,,0.00018663077000249866,,,,,,,3.8214343497178533,,0,2.112065029891931,5.753403193113399,inf,-inf,-0.17637274323186758,0.1430667467858564,-0.14508356764144786,0.17572453497786814,inf,-inf,2.7152085624745532,0.21066405566078855,0.21066405566078855,0.21066405566078855,784,3.262618361862796,1.7717911469389416,2.2463027051568725,,,-1.2536473321201254,3.8993267458364937,0.5023788233860429,2.7240653633698892,0.43521752416963494,0.0,0.0,3.9416082964889014,3.99850539369927,0.41201025696632787,2.664316629880501,5.753403193113399,2.1594292242102804,0.33433897451519734,5910
129,4.955023453259016,-17.80775616484699,0.08822704934276906,0.3255756572710583,-12.438930004974145,-17.80775616484699,nan,0.03555447180734099,0.052672577535428075,5.054033887041237,-17.75948191745081,0.08704029479265848,0.31113515819401033,-12.307272577422903,-17.75948191745081,nan,75.8677341818347,1.0465972291078764,0.0,1.8437042993609447,72.48990544959177,46.0,46.0,,0.00018514719516857508,,,,,,,3.8214343497178533,,0,2.112065029891931,5.753403193113399,inf,-inf,-0.17629874413951052,0.14599516338542848,-0.1533221913122813,0.1906278293850908,inf,-inf,2.722498711098467,0.21101654689182095,0.21101654689182095,0.21101654689182095,784,3.262618361862796,1.7717911469389416,2.2463027051568725,,,-1.2536473321201254,3.8993267458364937,0.5023788233860429,2.7240653633698892,0.43521752416963494,0.0,0.0,3.9416082964889014,3.99850539369927,0.41201025696632787,2.664316629880501,5.753403193113399,2.1594292242102804,0.33433897451519734,5910
130,4.908701774012388,-17.810883589274003,0.08860888224349062,0.31899161189341546,-12.494581321124707,-17.810883589274003,nan,0.035983350886336966,0.0526255313571537,4.88900753364105,-17.78468820115146,0.08889927225879371,0.3173878105266596,-12.48939358472496,-17.78468820115146,nan,73.09260215337672,1.0208264805873772,0.0,1.8349649373142374,71.60139704773302,46.0,46.0,,0.00018366031435497322,,,,,,,3.6637278748501383,,0,1.986440613312626,5.5722900069228825,inf,-inf,-0.1783747530842436,0.15376898506230213,-0.1560067188828997,0.17426642281179638,inf,-inf,2.727800724004231,0.21137410170069895,0.21137410170069895,0.21137410170069895,784,3.2448322997897003,1.7652535608907736,2.2515169621943554,,,-1.2930962929163514,3.741241430138599,0.4955351316754595,2.8051631493933393,0.44795812506481447,0.0,0.0,3.7830070931386715,3.8392462535643457,0.40693830880138704,2.5466142532674967,5.5722900069228825,2.1881170262725176,0.34007054549744,5910
131,4.879295017540807,-17.812437818205286,0.088924363231583,0.3161218806170283,-12.528096556815868,-17.812437818205286,nan,0.036413074401412025,0.05251128883017097,4.88900753364105,-17.78468820115146,0.08889927225879371,0.3173878105266596,-12.48939358472496,-17.78468820115146,nan,75.11741880759836,1.0184068597863785,0.0,1.8273768665431631,73.75973373093247,46.0,46.0,,0.00018217029061493007,,,,,,,3.6637278748501383,,0,1.986440613312626,5.5722900069228825,inf,-inf,-0.1736607120186582,0.16531465985087784,-0.1581261785936212,0.15524378811628572,inf,-inf,2.733294343824907,0.21168589456598422,0.21168589456598422,0.21168589456598422,784,3.2448322997897003,1.7652535608907736,2.2515169621943554,,,-1.2930962929163514,3.741241430138599,0.4955351316754595,2.8051631493933393,0.44795812506481447,0.0,0.0,3.7830070931386715,3.8392462535643457,0.40693830880138704,2.5466142532674967,5.5722900069228825,2.1881170262725176,0.34007054549744,5910
132,4.842099762063038,-17.81914109755322,0.08925537168787896,0.3124857590380516,-12.575300204764254,-17.81914109755322,nan,0.036841655441834466,0.05241371624604451,4.88900753364105,-17.78468820115146,0.08889927225879371,0.3173878105266596,-12.48939358472496,-17.78468820115146,nan,76.68549409299311,0.9996232826461002,0.0,1.8137603152003314,76.71439373640752,46.0,46.0,,0.00018067728734633956,,,,,,,3.6637278748501383,,0,1.986440613312626,5.5722900069228825,inf,-inf,-0.17631630166712678,0.1434148579957409,-0.1490386317402973,0.16613495222750246,inf,-inf,2.738188721221618,0.2120584478368639,0.2120584478368639,0.2120584478368639,784,3.2448322997897003,1.7652535608907736,2.2515169621943554,,,-1.2930962929163514,3.741241430138599,0.4955351316754595,2.8051631493933393,0.44795812506481447,0.0,0.0,3.7830070931386715,3.8392462535643457,0.40693830880138704,2.5466142532674967,5.5722900069228825,2.1881170262725176,0.34007054549744,5910
133,4.823745531565574,-17.812342140536252,0.08973902529330713,0.30811242365531866,-12.590745160022053,-17.812342140536252,nan,0.03726776992470016,0.05247125536860701,4.88900753364105,-17.78468820115146,0.08889927225879371,0.3173878105266596,-12.48939358472496,-17.78468820115146,nan,82.02362116780395,1.015122359363082,0.0,1.8285258986087645,80.80170869181525,46.0,46.0,,0.0001791814682738348,,,,,,,3.6637278748501383,,0,1.986440613312626,5.5722900069228825,inf,-inf,-0.17754065968999436,0.15671550138357096,-0.14846916254674322,0.19939031570780705,inf,-inf,2.7426463299707904,0.21251744557111102,0.21251744557111102,0.21251744557111102,784,3.2448322997897003,1.7652535608907736,2.2515169621943554,,,-1.2930962929163514,3.741241430138599,0.4955351316754595,2.8051631493933393,0.44795812506481447,0.0,0.0,3.7830070931386715,3.8392462535643457,0.40693830880138704,2.5466142532674967,5.5722900069228825,2.1881170262725176,0.34007054549744,5910
134,4.790764330376347,-17.82039634686694,0.09015032083869991,0.31273085504303233,-12.62675084060886,-17.82039634686694,nan,0.0376950223119227,0.05245529852677716,4.88900753364105,-17.78468820115146,0.08889927225879371,0.3173878105266596,-12.48939358472496,-17.78468820115146,nan,84.29614232283662,0.9821285016399114,0.0,1.8106120256892446,85.83005399200098,46.0,46.0,,0.00017768299743083345,,,,,,,3.6637278748501383,,0,1.986440613312626,5.5722900069228825,inf,-inf,-0.17745945727256734,0.21709477366288904,-0.16000324647486444,0.15520619685818918,inf,-inf,2.7487529327961653,0.21283716163827987,0.21283716163827987,0.21283716163827987,784,3.2448322997897003,1.7652535608907736,2.2515169621943554,,,-1.2930962929163514,3.741241430138599,0.4955351316754595,2.8051631493933393,0.44795812506481447,0.0,0.0,3.7830070931386715,3.8392462535643457,0.40693830880138704,2.5466142532674967,5.5722900069228825,2.1881170262725176,0.34007054549744,5910
135,4.757290202930864,-17.82154284497169,0.09043645591803463,0.3029300690629062,-12.670886117059887,-17.82154284497169,nan,0.03812621975455099,0.052310236163483646,4.729506880384355,-17.776263903251525,0.09071669654339526,0.2977402261444587,-12.658300100179314,-17.776263903251525,nan,73.33893103195253,0.9649599296520988,0.0,1.8054246067007058,76.00204814555744,46.0,46.0,,0.00017618203914154966,,,,,,,3.517275696645649,,0,1.8741445659548805,5.3997560186247435,inf,-inf,-0.17597826736725386,0.15090685274713983,-0.15279929438613157,0.17523087598053588,inf,-inf,2.754950626294388,0.21307748538307503,0.21307748538307503,0.21307748538307503,784,3.225862956970395,1.7584640623773513,2.2558814973257904,,,-1.3311803795997834,3.5950304147216583,0.4885787270765044,2.8811843636371544,0.4595710491684701,0.0,0.0,3.635692073189039,3.693461212554987,0.40181265449495546,2.4304120282940493,5.3997560186247435,2.2217451015558587,0.346694231320512,5910
136,4.728909281244224,-17.808212991846716,0.09076011082577112,0.29951528316965076,-12.68902831660707,-17.808212991846716,nan,0.038552968389728604,0.05220714243604251,4.729506880384355,-17.776263903251525,0.09071669654339526,0.2977402261444587,-12.658300100179314,-17.776263903251525,nan,78.36362108424656,0.9769061439541029,0.0,1.8351249456254852,80.21612062655657,46.0,46.0,,0.0001746787580029741,,,,,,,3.517275696645649,,0,1.8741445659548805,5.3997560186247435,inf,-inf,-0.18182390583555655,0.15225775854656,-0.15817026437680112,0.155594208754216,inf,-inf,2.758362029896106,0.21360837204447675,0.21360837204447675,0.21360837204447675,784,3.225862956970395,1.7584640623773513,2.2558814973257904,,,-1.3311803795997834,3.5950304147216583,0.4885787270765044,2.8811843636371544,0.4595710491684701,0.0,0.0,3.635692073189039,3.693461212554987,0.40181265449495546,2.4304120282940493,5.3997560186247435,2.2217451015558587,0.346694231320512,5910
137,4.696951941058413,-17.828077178792768,0.09115541911581905,0.29753797051255954,-12.742431848105976,-17.828077178792768,nan,0.038981271001309534,0.052174148114509496,4.729506880384355,-17.776263903251525,0.09071669654339526,0.2977402261444587,-12.658300100179314,-17.776263903251525,nan,76.66134258238674,0.9613019146119316,0.0,1.7922863864506338,79.74741485179939,46.0,46.0,,0.00017317331886682408,,,,,,,3.517275696645649,,0,1.8741445659548805,5.3997560186247435,inf,-inf,-0.16928610803106792,0.1740010985231913,-0.1529381679424029,0.18213831598424216,inf,-inf,2.763891824409014,0.21395774258781977,0.21395774258781977,0.21395774258781977,784,3.225862956970395,1.7584640623773513,2.2558814973257904,,,-1.3311803795997834,3.5950304147216583,0.4885787270765044,2.8811843636371544,0.4595710491684701,0.0,0.0,3.635692073189039,3.693461212554987,0.40181265449495546,2.4304120282940493,5.3997560186247435,2.2217451015558587,0.346694231320512,5910
138,4.6835335414146355,-17.822142970130834,0.0915705631432529,0.2915561024195215,-12.755482763153422,-17.822142970130834,nan,0.03940346571476406,0.05216709742848884,4.729506880384355,-17.776263903251525,0.09071669654339526,0.2977402261444587,-12.658300100179314,-17.776263903251525,nan,79.30335825132191,0.9417557685366953,0.0,1.8019012719877712,84.2079877828026,46.0,46.0,,0.00017166588682146562,,,,,,,3.517275696645649,,0,1.8741445659548805,5.3997560186247435,inf,-inf,-0.17434241865378997,0.18059015969105793,-0.15417752762524303,0.15850981734221709,inf,-inf,2.7683505349240045,0.214277820266584,0.214277820266584,0.214277820266584,784,3.225862956970395,1.7584640623773513,2.2558814973257904,,,-1.3311803795997834,3.5950304147216583,0.4885787270765044,2.8811843636371544,0.4595710491684701,0.0,0.0,3.635692073189039,3.693461212554987,0.40181265449495546,2.4304120282940493,5.3997560186247435,2.2217451015558587,0.346694231320512,5910
139,4.66386980980585,-17.833785591659453,0.09187855599371746,0.2887748011253569,-12.78926242473453,-17.833785591659453,nan,0.03982871623153307,0.052049839762184365,4.729506880384355,-17.776263903251525,0.09071669654339526,0.2977402261444587,-12.658300100179314,-17.776263903251525,nan,78.84020504870648,0.9298959503915103,0.0,1.77747487726405,84.7838997637453,46.0,46.0,,0.00017015662717380974,,,,,,,3.517275696645649,,0,1.8741445659548805,5.3997560186247435,inf,-inf,-0.1720654480164151,0.16204531856777388,-0.15036925188840322,0.17202291658320829,inf,-inf,2.7736447050370416,0.21464057294100755,0.21464057294100755,0.21464057294100755,784,3.225862956970395,1.7584640623773513,2.2558814973257904,,,-1.3311803795997834,3.5950304147216583,0.4885787270765044,2.8811843636371544,0.4595710491684701,0.0,0.0,3.635692073189039,3.693461212554987,0.40181265449495546,2.4304120282940493,5.3997560186247435,2.2217451015558587,0.346694231320512,5910
140,4.6193821269342,-17.817084581059188,0.09215457931027222,0.28656824082204113,-12.818979633992676,-17.817084581059188,nan,0.04024719894671301,0.0519073803635592,4.626765749005458,-17.772972386615486,0.09251983600895303,0.27838907019898956,-12.775297731402084,-17.772972386615486,nan,82.18821270854468,0.9391026681071248,0.0,1.80941108921905,87.5178140790559,46.0,46.0,,0.00016864570543118456,,,,,,,3.381367942992937,,0,1.7720133418603674,5.229619668765694,inf,-inf,-0.17703249175619779,0.20600280958761077,-0.15616507977584745,0.14956548756728494,inf,-inf,2.77821137053318,0.21494993533488743,0.21494993533488743,0.21494993533488743,784,3.2058057525441757,1.7514485325379505,2.2617899428657,,,-1.3678641555904891,3.4581998185108094,0.4814540050460447,2.951230414143113,0.4700031178986278,0.0,0.0,3.49898804148213,3.555728314263424,0.3966573466841686,2.2878138618896435,5.229619668765694,2.285858896075678,0.35904941829589127,5910
141,4.5709753357926575,-17.83358911760683,0.09255414005193441,0.28251184982546823,-12.887547791936772,-17.83358911760683,nan,0.040671964493357346,0.05188217555857705,4.626765749005458,-17.772972386615486,0.09251983600895303,0.27838907019898956,-12.775297731402084,-17.772972386615486,nan,76.76626328763501,0.9167240080924337,0.0,1.7778756336387675,83.73977621397108,46.0,46.0,,0.0001671332872831857,,,,,,,3.381367942992937,,0,1.7720133418603674,5.229619668765694,inf,-inf,-0.1721630799391922,0.16014395278060256,-0.15468739259942746,0.1814251298658387,inf,-inf,2.783780512662826,0.2152883228734059,0.2152883228734059,0.2152883228734059,784,3.2058057525441757,1.7514485325379505,2.2617899428657,,,-1.3678641555904891,3.4581998185108094,0.4814540050460447,2.951230414143113,0.4700031178986278,0.0,0.0,3.49898804148213,3.555728314263424,0.3966573466841686,2.2878138618896435,5.229619668765694,2.285858896075678,0.35904941829589127,5910
142,4.563883699960128,-17.8280189327122,0.09288389771653893,0.2813688703372218,-12.889882464698314,-17.8280189327122,nan,0.041089179570370095,0.05179471814616882,4.626765749005458,-17.772972386615486,0.09251983600895303,0.27838907019898956,-12.775297731402084,-17.772972386615486,nan,76.74004496221569,0.9209959795160612,0.0,1.7845323686474568,83.32288812220318,46.0,46.0,,0.00016561953858350656,,,,,,,3.381367942992937,,0,1.7720133418603674,5.229619668765694,inf,-inf,-0.17443962352754216,0.1556814806909625,-0.14582697909450335,0.14966710109925138,inf,-inf,2.787996121337973,0.21569066171543974,0.21569066171543974,0.21569066171543974,784,3.2058057525441757,1.7514485325379505,2.2617899428657,,,-1.3678641555904891,3.4581998185108094,0.4814540050460447,2.951230414143113,0.4700031178986278,0.0,0.0,3.49898804148213,3.555728314263424,0.3966573466841686,2.2878138618896435,5.229619668765694,2.285858896075678,0.35904941829589127,5910
143,4.549146861615443,-17.83416212824211,0.09320560730964222,0.27913256206772624,-12.912677097249297,-17.83416212824211,nan,0.041510911551587495,0.05169469575805469,4.626765749005458,-17.772972386615486,0.09251983600895303,0.27838907019898956,-12.775297731402084,-17.772972386615486,nan,74.52596959265762,0.9106579722759409,0.0,1.7724711453232893,81.83749756936768,46.0,46.0,,0.00016410462533175042,,,,,,,3.381367942992937,,0,1.7720133418603674,5.229619668765694,inf,-inf,-0.1669225892844768,0.18724612877077318,-0.1567866744747016,0.16053489366358584,inf,-inf,2.792674880952135,0.21601959417026823,0.21601959417026823,0.21601959417026823,784,3.2058057525441757,1.7514485325379505,2.2617899428657,,,-1.3678641555904891,3.4581998185108094,0.4814540050460447,2.951230414143113,0.4700031178986278,0.0,0.0,3.49898804148213,3.555728314263424,0.3966573466841686,2.2878138618896435,5.229619668765694,2.285858896075678,0.35904941829589127,5910
144,4.51034271395693,-17.83429124268141,0.0935432841574144,0.27665204863582127,-12.953753195931244,-17.83429124268141,nan,0.04192869974704898,0.051614584410365434,4.626765749005458,-17.772972386615486,0.09251983600895303,0.27838907019898956,-12.775297731402084,-17.772972386615486,nan,84.53637152839651,0.8945027155807371,0.0,1.7695477971154376,94.50655661063371,46.0,46.0,,0.00016258871365522684,,,,,,,3.381367942992937,,0,1.7720133418603674,5.229619668765694,inf,-inf,-0.17217597522565986,0.21676078420347739,-0.1528607381817694,0.16075393924639908,inf,-inf,2.7976600610098803,0.2163763686979938,0.2163763686979938,0.2163763686979938,784,3.2058057525441757,1.7514485325379505,2.2617899428657,,,-1.3678641555904891,3.4581998185108094,0.4814540050460447,2.951230414143113,0.4700031178986278,0.0,0.0,3.49898804148213,3.555728314263424,0.3966573466841686,2.2878138618896435,5.229619668765694,2.285858896075678,0.35904941829589127,5910
145,4.501976367377924,-17.827093441143187,0.09388851752767347,0.27310220890337844,-12.958126347334211,-17.827093441143187,nan,0.04234403026830898,0.0515444872593645,4.5120641297228765,-17.798448203029665,0.09422042142177758,0.28291212560536305,-12.909251526279647,-17.798448203029665,nan,78.14990235584006,0.897892085178073,0.0,1.7866092387636605,87.03707677781914,46.0,46.0,,0.00016107196979073393,,,,,,,3.2557789550192595,,0,1.679650219299815,5.073650678093889,inf,-inf,-0.17199822822776206,0.21908433435522787,-0.1569606918883738,0.1446138935729968,inf,-inf,2.802612202089028,0.2167508306161021,0.2167508306161021,0.2167508306161021,784,3.1855788681283013,1.7444369224080096,2.2653064939356287,,,-1.4030133852912856,3.3315800285646846,0.4744474854874205,3.02065907520252,0.48010171166407023,0.0,0.0,3.3725808601185627,3.4289333191006435,0.3916796987234706,2.159434382597188,5.073650678093889,2.349527598051729,0.37098055070444147,5910
146,4.45076628401015,-17.837880833538062,0.09423725018635397,0.2714504234394732,-13.021426875902085,-17.837880833538062,nan,0.04276525117810937,0.05147199900824457,4.5120641297228765,-17.798448203029665,0.09422042142177758,0.28291212560536305,-12.909251526279647,-17.798448203029665,nan,70.60373080109726,0.8912175715525374,0.0,1.7618239160787836,79.22165479536346,46.0,46.0,,0.00015955456006632853,,,,,,,3.2557789550192595,,0,1.679650219299815,5.073650678093889,inf,-inf,-0.1743268980009198,0.17358340233135003,-0.1506851856996086,0.1549193624482343,inf,-inf,2.807724839520701,0.21711298496923329,0.21711298496923329,0.21711298496923329,784,3.1855788681283013,1.7444369224080096,2.2653064939356287,,,-1.4030133852912856,3.3315800285646846,0.4744474854874205,3.02065907520252,0.48010171166407023,0.0,0.0,3.3725808601185627,3.4289333191006435,0.3916796987234706,2.159434382597188,5.073650678093889,2.349527598051729,0.37098055070444147,5910
147,4.43774586306704,-17.842373548757326,0.09454410894951644,0.26844628727317243,-13.041637289467596,-17.842373548757326,nan,0.043176627966395445,0.051367480983120974,4.5120641297228765,-17.798448203029665,0.09422042142177758,0.28291212560536305,-12.909251526279647,-17.798448203029665,nan,68.53885166511932,0.8620207191761291,0.0,1.7532139059302065,79.5095177417834,46.0,46.0,,0.00015803665088308673,,,,,,,3.2557789550192595,,0,1.679650219299815,5.073650678093889,inf,-inf,-0.16730460046756016,0.1858358542378378,-0.15677381623089925,0.14166592236227163,inf,-inf,2.8118326002495024,0.2174529569714625,0.2174529569714625,0.2174529569714625,784,3.1855788681283013,1.7444369224080096,2.2653064939356287,,,-1.4030133852912856,3.3315800285646846,0.4744474854874205,3.02065907520252,0.48010171166407023,0.0,0.0,3.3725808601185627,3.4289333191006435,0.3916796987234706,2.159434382597188,5.073650678093889,2.349527598051729,0.37098055070444147,5910
148,4.425933676119892,-17.83725647022636,0.09489072367789174,0.2647428174139723,-13.051689253014603,-17.83725647022636,nan,0.04358769427365851,0.05130302940423324,4.5120641297228765,-17.798448203029665,0.09422042142177758,0.28291212560536305,-12.909251526279647,-17.798448203029665,nan,78.79837044700983,0.8826763528380471,0.0,1.7645641816730961,89.27209865048657,46.0,46.0,,0.00015651840869685562,,,,,,,3.2557789550192595,,0,1.679650219299815,5.073650678093889,inf,-inf,-0.1713799144440395,0.20729506785927632,-0.14762786668219371,0.16137329175942675,inf,-inf,2.817169216681845,0.21781898934483243,0.21781898934483243,0.21781898934483243,784,3.1855788681283013,1.7444369224080096,2.2653064939356287,,,-1.4030133852912856,3.3315800285646846,0.4744474854874205,3.02065907520252,0.48010171166407023,0.0,0.0,3.3725808601185627,3.4289333191006435,0.3916796987234706,2.159434382597188,5.073650678093889,2.349527598051729,0.37098055070444147,5910
149,4.431066084741228,-17.834952065988514,0.09523594607560044,0.2664793755461863,-13.042170659625498,-17.834952065988514,nan,0.04400018907779849,0.051235756997801966,4.5120641297228765,-17.798448203029665,0.09422042142177758,0.28291212560536305,-12.909251526279647,-17.798448203029665,nan,94.58519012791284,0.8788795674408832,0.0,1.7644708931842674,107.62019465684642,46.0,46.0,,0.00015499999999999997,,,,,,,3.2557789550192595,,0,1.679650219299815,5.073650678093889,inf,-inf,-0.17450348375184913,0.26848135848959925,-0.15382404098486402,0.15527730698439754,inf,-inf,2.8219658837989017,0.21808859733120212,0.21808859733120212,0.21808859733120212,784,3.1855788681283013,1.7444369224080096,2.2653064939356287,,,-1.4030133852912856,3.3315800285646846,0.4744474854874205,3.02065907520252,0.48010171166407023,0.0,0.0,3.3725808601185627,3.4289333191006435,0.3916796987234706,2.159434382597188,5.073650678093889,2.349527598051729,0.37098055070444147,5910
150,4.382384890904663,-17.846769594062696,0.09552774089643382,0.26181579763911594,-13.107041164622482,-17.846769594062696,nan,0.04440931320988454,0.05111842768654926,4.378582779485841,-17.78615605885746,0.09588181449721614,0.2689162217404399,-13.042775243133963,-17.78615605885746,nan,70.20430104668493,0.8739425250431426,0.0,1.7411898029737274,80.33056984293019,46.0,46.0,,0.00015348159130314435,,,,,,,3.139890959936538,,0,1.5973960691781526,4.9230279376492545,inf,-inf,-0.1717327028360876,0.15971013830855887,-0.1503708811876196,0.16621938443651624,inf,-inf,2.827373115270032,0.21849082705153913,0.21849082705153913,0.21849082705153913,784,3.165600090721133,1.7375322218027547,2.267865626191222,,,-1.4365931978645246,3.2134317981801797,0.4675163788397594,3.0819081332672322,0.48881968895419103,0.0,0.0,3.2557980471832324,3.312211735994673,0.3867484431410894,2.0438349320375258,4.9230279376492545,2.4087209101282085,0.3817864827659131,5910
151,4.326744594240605,-17.84331616075861,0.09583097478031441,0.25896707084156,-13.161773520896132,-17.84331616075861,nan,0.044813982146026554,0.0510169926342879,4.378582779485841,-17.78615605885746,0.09588181449721614,0.2689162217404399,-13.042775243133963,-17.78615605885746,nan,74.42412226994996,0.8431485293619488,0.0,1.7468028672994023,88.26929025929783,46.0,46.0,,0.00015196334911691327,,,,,,,3.139890959936538,,0,1.5973960691781526,4.9230279376492545,inf,-inf,-0.1728945952861469,0.21462828143074353,-0.15378480131721084,0.16499727811987402,inf,-inf,2.8316985166175384,0.21877968139127396,0.21877968139127396,0.21877968139127396,784,3.165600090721133,1.7375322218027547,2.267865626191222,,,-1.4365931978645246,3.2134317981801797,0.4675163788397594,3.0819081332672322,0.48881968895419103,0.0,0.0,3.2557980471832324,3.312211735994673,0.3867484431410894,2.0438349320375258,4.9230279376492545,2.4087209101282085,0.3817864827659131,5910
152,4.310282355844059,-17.85081387483668,0.09616304541064968,0.2572686800570217,-13.187099793524947,-17.85081387483668,nan,0.04521854083123134,0.050944504579418355,4.378582779485841,-17.78615605885746,0.09588181449721614,0.2689162217404399,-13.042775243133963,-17.78615605885746,nan,78.66292260912654,0.8511332769266997,0.0,1.7297994936216134,92.42139244416013,46.0,46.0,,0.0001504454399336714,,,,,,,3.139890959936538,,0,1.5973960691781526,4.9230279376492545,inf,-inf,-0.1767413461240164,0.20820127885514217,-0.15480751326920514,0.1567210793910395,inf,-inf,2.8350626405615995,0.2190833030663298,0.2190833030663298,0.2190833030663298,784,3.165600090721133,1.7375322218027547,2.267865626191222,,,-1.4365931978645246,3.2134317981801797,0.4675163788397594,3.0819081332672322,0.48881968895419103,0.0,0.0,3.2557980471832324,3.312211735994673,0.3867484431410894,2.0438349320375258,4.9230279376492545,2.4087209101282085,0.3817864827659131,5910
153,4.304214164878944,-17.85056523790296,0.09654701244651075,0.25493133460421424,-13.19487272597329,-17.85056523790296,nan,0.045614791262862754,0.050932221183647965,4.378582779485841,-17.78615605885746,0.09588181449721614,0.2689162217404399,-13.042775243133963,-17.78615605885746,nan,72.30383994007133,0.8227642474555812,0.0,1.7297884741309364,87.879170933439,46.0,46.0,,0.00014892803020926605,,,,,,,3.139890959936538,,0,1.5973960691781526,4.9230279376492545,inf,-inf,-0.17033514563304678,0.15380515620049995,-0.15458697772278301,0.15473992339174997,inf,-inf,2.839688651635785,0.21938297205214094,0.21938297205214094,0.21938297205214094,784,3.165600090721133,1.7375322218027547,2.267865626191222,,,-1.4365931978645246,3.2134317981801797,0.4675163788397594,3.0819081332672322,0.48881968895419103,0.0,0.0,3.2557980471832324,3.312211735994673,0.3867484431410894,2.0438349320375258,4.9230279376492545,2.4087209101282085,0.3817864827659131,5910
154,4.299359413577866,-17.853976573985815,0.0968522511128445,0.2527554537126962,-13.205009455582408,-17.853976573985815,nan,0.046015999169429306,0.05083625194341522,4.378582779485841,-17.78615605885746,0.09588181449721614,0.2689162217404399,-13.042775243133963,-17.78615605885746,nan,79.34792726911978,0.8212353873057446,0.0,1.7238125280354566,96.62019987891568,46.0,46.0,,0.00014741128634477313,,,,,,,3.139890959936538,,0,1.5973960691781526,4.9230279376492545,inf,-inf,-0.172370727196856,0.21761868706291881,-0.1496516197033296,0.15961726052953293,inf,-inf,2.8427440817277096,0.21975069100082795,0.21975069100082795,0.21975069100082795,784,3.165600090721133,1.7375322218027547,2.267865626191222,,,-1.4365931978645246,3.2134317981801797,0.4675163788397594,3.0819081332672322,0.48881968895419103,0.0,0.0,3.2557980471832324,3.312211735994673,0.3867484431410894,2.0438349320375258,4.9230279376492545,2.4087209101282085,0.3817864827659131,5910
155,4.2643584319332195,-17.854050924403936,0.09717334247097649,0.25073516703138404,-13.241783982968355,-17.854050924403936,nan,0.046414619624523416,0.050758722846453073,4.2796625656708995,-17.78656470019095,0.09748942700142763,0.23629866595423266,-13.173114041564391,-17.78656470019095,nan,73.35354395051814,0.8463177120191695,0.0,1.7215719883501484,86.67376672941077,46.0,46.0,,0.00014589537466824958,,,,,,,3.0335267739779024,,0,1.5245224090472707,4.787767533771728,inf,-inf,-0.1663313800828736,0.1735509898705894,-0.15074394804051536,0.15889087888706685,inf,-inf,2.848249417004459,0.21993167686496087,0.21993167686496087,0.21993167686496087,784,3.1456474761832114,1.7306943624311828,2.268275033068855,,,-1.468448995157641,3.1040562788446646,0.4608412719354261,3.1405032194730267,0.4969992429553931,0.0,0.0,3.1486983465010443,3.204331703116141,0.3821892024534301,1.9392801821777659,4.787767533771728,2.468837446889793,0.3924924960709298,5910
156,4.258470309449242,-17.857912668965902,0.0974870724144525,0.248437625612694,-13.253517661489514,-17.857912668965902,nan,0.046808902932337595,0.050678169482114906,4.2796625656708995,-17.78656470019095,0.09748942700142763,0.23629866595423266,-13.173114041564391,-17.78656470019095,nan,70.80511404604556,0.8207419424947856,0.0,1.7147166469093806,86.26964260023229,46.0,46.0,,0.00014438046141649342,,,,,,,3.0335267739779024,,0,1.5245224090472707,4.787767533771728,inf,-inf,-0.17406213406755544,0.19145669553496744,-0.14833180950619373,0.16796204213482166,inf,-inf,2.8503937097625274,0.22037119880177908,0.22037119880177908,0.22037119880177908,784,3.1456474761832114,1.7306943624311828,2.268275033068855,,,-1.468448995157641,3.1040562788446646,0.4608412719354261,3.1405032194730267,0.4969992429553931,0.0,0.0,3.1486983465010443,3.204331703116141,0.3821892024534301,1.9392801821777659,4.787767533771728,2.468837446889793,0.3924924960709298,5910
157,4.223780534018266,-17.859221478433305,0.09786986594240066,0.24607092294334318,-13.291500155529295,-17.859221478433305,nan,0.04719704756675135,0.0506728183756493,4.2796625656708995,-17.78656470019095,0.09748942700142763,0.23629866595423266,-13.173114041564391,-17.78656470019095,nan,74.2876410318216,0.8126381722470232,0.0,1.7126637859998564,91.41539687510505,46.0,46.0,,0.00014286671271681423,,,,,,,3.0335267739779024,,0,1.5245224090472707,4.787767533771728,inf,-inf,-0.17949978909046913,0.15735639055718764,-0.15544027115580838,0.14253580779698313,inf,-inf,2.8557911934533586,0.22061395939039483,0.22061395939039483,0.22061395939039483,784,3.1456474761832114,1.7306943624311828,2.268275033068855,,,-1.468448995157641,3.1040562788446646,0.4608412719354261,3.1405032194730267,0.4969992429553931,0.0,0.0,3.1486983465010443,3.204331703116141,0.3821892024534301,1.9392801821777659,4.787767533771728,2.468837446889793,0.3924924960709298,5910
158,4.198675584631539,-17.861795138057005,0.0981319184518974,0.24175569124345675,-13.32323194373011,-17.861795138057005,nan,0.04759476394843674,0.05053715450346065,4.2796625656708995,-17.78656470019095,0.09748942700142763,0.23629866595423266,-13.173114041564391,-17.78656470019095,nan,68.28718186864893,0.8097931628262489,0.0,1.7017860660401478,84.32669600508937,46.0,46.0,,0.00014135429456881541,,,,,,,3.0335267739779024,,0,1.5245224090472707,4.787767533771728,inf,-inf,-0.17033435372177808,0.1845465780911149,-0.14840734607146333,0.15690728663042208,inf,-inf,2.859926544861661,0.2208264813145057,0.2208264813145057,0.2208264813145057,784,3.1456474761832114,1.7306943624311828,2.268275033068855,,,-1.468448995157641,3.1040562788446646,0.4608412719354261,3.1405032194730267,0.4969992429553931,0.0,0.0,3.1486983465010443,3.204331703116141,0.3821892024534301,1.9392801821777659,4.787767533771728,2.468837446889793,0.3924924960709298,5910
159,4.168772116041832,-17.857829574169724,0.09841773940157704,0.24165862580855785,-13.348981092917755,-17.857829574169724,nan,0.04797754992002671,0.05044018948155031,4.2796625656708995,-17.78656470019095,0.09748942700142763,0.23629866595423266,-13.173114041564391,-17.78656470019095,nan,69.28257769704688,0.8076298998438205,0.0,1.7102139130205842,85.78505787173647,46.0,46.0,,0.00013984337282619026,,,,,,,3.0335267739779024,,0,1.5245224090472707,4.787767533771728,inf,-inf,-0.1709434516784652,0.21737138307671852,-0.1464115144183709,0.16598126327075524,inf,-inf,2.8636244419933092,0.22116201031663577,0.22116201031663577,0.22116201031663577,784,3.1456474761832114,1.7306943624311828,2.268275033068855,,,-1.468448995157641,3.1040562788446646,0.4608412719354261,3.1405032194730267,0.4969992429553931,0.0,0.0,3.1486983465010443,3.204331703116141,0.3821892024534301,1.9392801821777659,4.787767533771728,2.468837446889793,0.3924924960709298,5910
160,4.148203496077625,-17.85491245808014,0.09878702622997594,0.23878491250358377,-13.369137023268955,-17.85491245808014,nan,0.04836974342178851,0.05041728280818745,4.186505925812166,-17.800739893888945,0.09915325242591785,0.2388329027618541,-13.276247812889007,-17.800739893888945,nan,74.59521978384706,0.8156496207454904,0.0,1.7206031993942965,91.45498003869388,46.0,46.0,,0.00013833411317853436,,,,,,,2.9354193935813906,,0,1.4585488592049627,4.65540820676533,inf,-inf,-0.16389302608580394,0.17641210752855432,-0.147012916813485,0.17332782377423947,inf,-inf,2.867177413028718,0.22150963464614662,0.22150963464614662,0.22150963464614662,784,3.1259613661313788,1.7239837907609514,2.269826209043169,,,-1.4987688519077922,3.0051641369452904,0.45438218569012945,3.1918081985288693,0.5040367859295516,0.0,0.0,3.0498948046128955,3.1059047796969823,0.3777222294618158,1.8446403607131066,4.65540820676533,2.523748425934705,0.40204606108172647,5910
161,4.134491010170702,-17.8658237830614,0.0990559098951778,0.2378030543898406,-13.394473808605682,-17.8658237830614,nan,0.048748419908471737,0.050307489986706096,4.186505925812166,-17.800739893888945,0.09915325242591785,0.2388329027618541,-13.276247812889007,-17.800739893888945,nan,71.62852737526472,0.7874368358868599,0.0,1.6935204153621704,90.96415624828151,46.0,46.0,,0.0001368266811331759,,,,,,,2.9354193935813906,,0,1.4585488592049627,4.65540820676533,inf,-inf,-0.17055660064597217,0.1783471116088955,-0.14795421325041094,0.14435874843123636,inf,-inf,2.869783530746609,0.22176337902087084,0.22176337902087084,0.22176337902087084,784,3.1259613661313788,1.7239837907609514,2.269826209043169,,,-1.4987688519077922,3.0051641369452904,0.45438218569012945,3.1918081985288693,0.5040367859295516,0.0,0.0,3.0498948046128955,3.1059047796969823,0.3777222294618158,1.8446403607131066,4.65540820676533,2.523748425934705,0.40204606108172647,5910
162,4.09270735835535,-17.87205554304569,0.099397540929791,0.23803430489499236,-13.441916338865557,-17.87205554304569,nan,0.04913072377429895,0.050266817155492104,4.186505925812166,-17.800739893888945,0.09915325242591785,0.2388329027618541,-13.276247812889007,-17.800739893888945,nan,64.97929731964572,0.7935011915534428,0.0,1.6758826798778388,81.88935065420041,46.0,46.0,,0.00013532124199702587,,,,,,,2.9354193935813906,,0,1.4585488592049627,4.65540820676533,inf,-inf,-0.17170088087563481,0.1594192223412353,-0.15160487389180055,0.143452557390445,inf,-inf,2.8736089586087723,0.22205665797845056,0.22205665797845056,0.22205665797845056,784,3.1259613661313788,1.7239837907609514,2.269826209043169,,,-1.4987688519077922,3.0051641369452904,0.45438218569012945,3.1918081985288693,0.5040367859295516,0.0,0.0,3.0498948046128955,3.1059047796969823,0.3777222294618158,1.8446403607131066,4.65540820676533,2.523748425934705,0.40204606108172647,5910
163,4.09017614883001,-17.87631236377691,0.09969513023306241,0.2336708660355414,-13.452770218678296,-17.87631236377691,nan,0.04950620079653125,0.05018892943653117,4.186505925812166,-17.800739893888945,0.09915325242591785,0.2388329027618541,-13.276247812889007,-17.800739893888945,nan,72.45504474303848,0.8030832196148004,0.0,1.6689281392522606,90.22109162957184,46.0,46.0,,0.00013381796085845036,,,,,,,2.9354193935813906,,0,1.4585488592049627,4.65540820676533,inf,-inf,-0.16689055814888165,0.1715062706142587,-0.14727215102734015,0.15978114278337308,inf,-inf,2.876249282870232,0.22227124378855154,0.22227124378855154,0.22227124378855154,784,3.1259613661313788,1.7239837907609514,2.269826209043169,,,-1.4987688519077922,3.0051641369452904,0.45438218569012945,3.1918081985288693,0.5040367859295516,0.0,0.0,3.0498948046128955,3.1059047796969823,0.3777222294618158,1.8446403607131066,4.65540820676533,2.523748425934705,0.40204606108172647,5910
164,4.072401995986284,-17.870706739067234,0.09996777010753885,0.23033667737791358,-13.4680002955955,-17.870706739067234,nan,0.04987891866702033,0.050088851440518514,4.186505925812166,-17.800739893888945,0.09915325242591785,0.2388329027618541,-13.276247812889007,-17.800739893888945,nan,75.38382754954671,0.7922055928862758,0.0,1.6815333169974498,95.15689894954876,46.0,46.0,,0.00013231700256916657,,,,,,,2.9354193935813906,,0,1.4585488592049627,4.65540820676533,inf,-inf,-0.16865464807817243,0.19187594430270496,-0.15226027001485076,0.15725062279011007,inf,-inf,2.8802883630598757,0.22252763406042544,0.22252763406042544,0.22252763406042544,784,3.1259613661313788,1.7239837907609514,2.269826209043169,,,-1.4987688519077922,3.0051641369452904,0.45438218569012945,3.1918081985288693,0.5040367859295516,0.0,0.0,3.0498948046128955,3.1059047796969823,0.3777222294618158,1.8446403607131066,4.65540820676533,2.523748425934705,0.40204606108172647,5910
165,4.04025252107809,-17.878421254881836,0.10032611669396617,0.22968716756506802,-13.508155449544713,-17.878421254881836,nan,0.05025014347508936,0.050075973218876815,4.104770858883486,-17.7773748205651,0.10065209600571144,0.21499612392133605,-13.356955741754565,-17.7773748205651,nan,64.94429970391072,0.7578820853418456,0.0,1.6679590544983416,85.69182589217337,46.0,46.0,,0.00013081853172616515,,,,,,,2.8457492916464986,,0,1.4000422374428885,4.5338336333829075,inf,-inf,-0.17329653162618644,0.13866743281416183,-0.15026353426902256,0.15155109458135277,inf,-inf,2.8828538131307004,0.2228063082324602,0.2228063082324602,0.2228063082324602,784,3.106881338448148,1.7174742174643725,2.269731046233748,,,-1.527314262899862,2.9125794999924604,0.44826054824431116,3.2383548953949717,0.5103244419052422,0.0,0.0,2.9596309323025034,3.0154589163333885,0.37343050655759413,1.760282125163327,4.5338336333829075,2.5756289679770723,0.41088330093703307,5910
166,4.041440686831057,-17.880316754650874,0.10057475102925109,0.2269205621299427,-13.511380754660625,-17.880316754650874,nan,0.05061779787007616,0.04995695315917493,4.104770858883486,-17.7773748205651,0.10065209600571144,0.21499612392133605,-13.356955741754565,-17.7773748205651,nan,79.70600985778132,0.7622658585659586,0.0,1.658203375890976,104.5645806670802,46.0,46.0,,0.00012932271265366044,,,,,,,2.8457492916464986,,0,1.4000422374428885,4.5338336333829075,inf,-inf,-0.17139474557049444,0.19878099541147698,-0.14763798010941923,0.14424782808893036,inf,-inf,2.886587282141918,0.22297444290451213,0.22297444290451213,0.22297444290451213,784,3.106881338448148,1.7174742174643725,2.269731046233748,,,-1.527314262899862,2.9125794999924604,0.44826054824431116,3.2383548953949717,0.5103244419052422,0.0,0.0,2.9596309323025034,3.0154589163333885,0.37343050655759413,1.760282125163327,4.5338336333829075,2.5756289679770723,0.41088330093703307,5910
167,4.02370528291243,-17.888062303140703,0.10087201307888993,0.22909961101281548,-13.534385396136567,-17.888062303140703,nan,0.05098339080416637,0.04988862227472358,4.104770858883486,-17.7773748205651,0.10065209600571144,0.21499612392133605,-13.356955741754565,-17.7773748205651,nan,67.32212080299543,0.753027341749591,0.0,1.6420481943603973,89.40196068655166,46.0,46.0,,0.00012782970938506996,,,,,,,2.8457492916464986,,0,1.4000422374428885,4.5338336333829075,inf,-inf,-0.1796901081500632,0.1818171370599187,-0.14883367508095366,0.15508269049235637,inf,-inf,2.889420427329822,0.22326165368163595,0.22326165368163595,0.22326165368163595,784,3.106881338448148,1.7174742174643725,2.269731046233748,,,-1.527314262899862,2.9125794999924604,0.44826054824431116,3.2383548953949717,0.5103244419052422,0.0,0.0,2.9596309323025034,3.0154589163333885,0.37343050655759413,1.760282125163327,4.5338336333829075,2.5756289679770723,0.41088330093703307,5910
168,4.005656688591205,-17.889452078548242,0.10116892760797687,0.2258381701068589,-13.5567882922422,-17.889452078548242,nan,0.05134853790763288,0.049820389700344,4.104770858883486,-17.7773748205651,0.10065209600571144,0.21499612392133605,-13.356955741754565,-17.7773748205651,nan,62.039457077245444,0.7434024513130947,0.0,1.636159642650172,83.45339320264983,46.0,46.0,,0.00012633968564502673,,,,,,,2.8457492916464986,,0,1.4000422374428885,4.5338336333829075,inf,-inf,-0.16802140919733866,0.1832507424891551,-0.14849183050358106,0.15956437393024442,inf,-inf,2.892067994567479,0.22346174789914278,0.22346174789914278,0.22346174789914278,784,3.106881338448148,1.7174742174643725,2.269731046233748,,,-1.527314262899862,2.9125794999924604,0.44826054824431116,3.2383548953949717,0.5103244419052422,0.0,0.0,2.9596309323025034,3.0154589163333885,0.37343050655759413,1.760282125163327,4.5338336333829075,2.5756289679770723,0.41088330093703307,5910
169,3.9422641599467196,-17.88331437504702,0.10147527893592452,0.22248699974684943,-13.617087936417528,-17.88331437504702,nan,0.05169955564776186,0.049775723288162654,4.104770858883486,-17.7773748205651,0.10065209600571144,0.21499612392133605,-13.356955741754565,-17.7773748205651,nan,64.6754152777496,0.759689487303693,0.0,1.653357889676313,85.13401377620353,46.0,46.0,,0.00012485280483142492,,,,,,,2.8457492916464986,,0,1.4000422374428885,4.5338336333829075,inf,-inf,-0.16398709625982028,0.15624187346363239,-0.1463234286664539,0.16325177805383462,inf,-inf,2.8944359964380224,0.2237201555509375,0.2237201555509375,0.2237201555509375,784,3.106881338448148,1.7174742174643725,2.269731046233748,,,-1.527314262899862,2.9125794999924604,0.44826054824431116,3.2383548953949717,0.5103244419052422,0.0,0.0,2.9596309323025034,3.0154589163333885,0.37343050655759413,1.760282125163327,4.5338336333829075,2.5756289679770723,0.41088330093703307,5910
170,3.9399767980685136,-17.894645222795774,0.10176061434127254,0.2213952059724652,-13.631512604413523,-17.894645222795774,nan,0.05205683207879602,0.04970378226247653,3.9833808966104125,-17.783311154381323,0.10209213505183343,0.19402555016087664,-13.5038125725582,-17.783311154381323,nan,72.38700172947146,0.7495512902457288,0.0,1.623507700103057,96.57378043567974,46.0,46.0,,0.00012336922999750137,,,,,,,2.7638215828701616,,0,1.3476235423598257,4.417158927408466,inf,-inf,-0.16861804579900752,0.157333487784064,-0.15048159667762773,0.15207601695736245,inf,-inf,2.8982361697622863,0.22388226839159006,0.22388226839159006,0.22388226839159006,784,3.0885074034629922,1.711214607609667,2.266896696151839,,,-1.554152912922054,2.8279918301048914,0.4425531611236865,3.2777395085229606,0.5155744359622634,0.0,0.0,2.8772069225665295,2.933544507710983,0.3695368535780475,1.6847759784858998,4.417158927408466,2.6218078746458304,0.41860086354084375,5910
171,3.9379664245255284,-17.89726686401673,0.10201293754750765,0.2192373809032923,-13.638050121040399,-17.89726686401673,nan,0.0524101004571849,0.04960283709032271,3.9833808966104125,-17.783311154381323,0.10209213505183343,0.19402555016087664,-13.5038125725582,-17.783311154381323,nan,65.75889038974822,0.735009348217434,0.0,1.6202492765619008,89.46674018395628,46.0,46.0,,0.00012188912383395497,,,,,,,2.7638215828701616,,0,1.3476235423598257,4.417158927408466,inf,-inf,-0.16758778827383602,0.1577418688745398,-0.1407901466555431,0.17004939494552643,inf,-inf,2.900937560709047,0.2240843796827817,0.2240843796827817,0.2240843796827817,784,3.0885074034629922,1.711214607609667,2.266896696151839,,,-1.554152912922054,2.8279918301048914,0.4425531611236865,3.2777395085229606,0.5155744359622634,0.0,0.0,2.8772069225665295,2.933544507710983,0.3695368535780475,1.6847759784858998,4.417158927408466,2.6218078746458304,0.41860086354084375,5910
172,3.946838282473052,-17.897054961442073,0.10225901977859729,0.2174832957950739,-13.63047436339535,-17.897054961442073,nan,0.05275834159742127,0.04950067818117603,3.9833808966104125,-17.783311154381323,0.10209213505183343,0.19402555016087664,-13.5038125725582,-17.783311154381323,nan,83.0634672627781,0.7318684071385475,0.0,1.618886168207641,113.49508525383531,46.0,46.0,,0.00012041264865110584,,,,,,,2.7638215828701616,,0,1.3476235423598257,4.417158927408466,inf,-inf,-0.16624546890498484,0.18784141495033238,-0.14561900691736923,0.12301362638842842,inf,-inf,2.903767320399237,0.2242610834375916,0.2242610834375916,0.2242610834375916,784,3.0885074034629922,1.711214607609667,2.266896696151839,,,-1.554152912922054,2.8279918301048914,0.4425531611236865,3.2777395085229606,0.5155744359622634,0.0,0.0,2.8772069225665295,2.933544507710983,0.3695368535780475,1.6847759784858998,4.417158927408466,2.6218078746458304,0.41860086354084375,5910
173,3.8959296763753373,-17.90238624444351,0.10250796841641949,0.21496579789006395,-13.688982801761687,-17.90238624444351,nan,0.05310366579619681,0.04940430262022269,3.9833808966104125,-17.783311154381323,0.10209213505183343,0.19402555016087664,-13.5038125725582,-17.783311154381323,nan,64.21128375004608,0.7228622105187196,0.0,1.6104374852757506,88.82921643388804,46.0,46.0,,0.00011893996636109612,,,,,,,2.7638215828701616,,0,1.3476235423598257,4.417158927408466,inf,-inf,-0.16627188490034486,0.17131919936947154,-0.14464643538894303,0.170724395204917,inf,-inf,2.9056774115559993,0.2244790855864648,0.2244790855864648,0.2244790855864648,784,3.0885074034629922,1.711214607609667,2.266896696151839,,,-1.554152912922054,2.8279918301048914,0.4425531611236865,3.2777395085229606,0.5155744359622634,0.0,0.0,2.8772069225665295,2.933544507710983,0.3695368535780475,1.6847759784858998,4.417158927408466,2.6218078746458304,0.41860086354084375,5910
174,3.897084172765031,-17.901038838562453,0.10278755746404465,0.2154220725852013,-13.685745035748177,-17.901038838562453,nan,0.053448475051811634,0.04933908241223304,3.9833808966104125,-17.783311154381323,0.10209213505183343,0.19402555016087664,-13.5038125725582,-17.783311154381323,nan,75.72675382668426,0.7325143970130794,0.0,1.608416660406484,103.37920201359827,46.0,46.0,,0.00011747123846013455,,,,,,,2.7638215828701616,,0,1.3476235423598257,4.417158927408466,inf,-inf,-0.17341618158295893,0.19386193268311633,-0.14737652138964516,0.13509406389411627,inf,-inf,2.9090386407674615,0.22471167924265606,0.22471167924265606,0.22471167924265606,784,3.0885074034629922,1.711214607609667,2.266896696151839,,,-1.554152912922054,2.8279918301048914,0.4425531611236865,3.2777395085229606,0.5155744359622634,0.0,0.0,2.8772069225665295,2.933544507710983,0.3695368535780475,1.6847759784858998,4.417158927408466,2.6218078746458304,0.41860086354084375,5910
175,3.9075911755263233,-17.906161090888766,0.10302736194317694,0.21370822673694798,-13.681834326682317,-17.906161090888766,nan,0.05378842311871255,0.04923893882446441,3.8884370050553763,-17.821998638376627,0.10337268154109057,0.19672888024153729,-13.633460071538623,-17.821998638376627,nan,73.15296302503135,0.7131019817625289,0.0,1.6003197606894017,102.58415331314018,46.0,46.0,,0.00011600662601078654,,,,,,,2.68893777224893,,0,1.300327893260544,4.308878209765027,inf,-inf,-0.16335983270400967,0.18077129683117962,-0.14408121919003344,0.1535842380818842,inf,-inf,2.9102279409449485,0.22489124324405818,0.22489124324405818,0.22489124324405818,784,3.0709494371935295,1.705217702301978,2.265017705784884,,,-1.5793462850364512,2.7494742406141537,0.43721875793559334,3.313685903453634,0.5203113402747245,0.0,0.0,2.8018663148947076,2.8580979870694287,0.36588374609624624,1.6155377125183077,4.308878209765027,2.667148019125055,0.4260471184665571,5910
176,3.8776815094302717,-17.90743166004056,0.10328408661244994,0.2115020254526714,-13.714964038545169,-17.90743166004056,nan,0.05412228159743324,0.04916180501501666,3.8884370050553763,-17.821998638376627,0.10337268154109057,0.19672888024153729,-13.633460071538623,-17.821998638376627,nan,65.34057105979697,0.7108847948474681,0.0,1.5977902238797697,91.91443048633056,46.0,46.0,,0.00011454628962431177,,,,,,,2.68893777224893,,0,1.300327893260544,4.308878209765027,inf,-inf,-0.16141449434735916,0.1883344471549772,-0.1373848737626688,0.15471287074544324,inf,-inf,2.913157073370356,0.22507213753353955,0.22507213753353955,0.22507213753353955,784,3.0709494371935295,1.705217702301978,2.265017705784884,,,-1.5793462850364512,2.7494742406141537,0.43721875793559334,3.313685903453634,0.5203113402747245,0.0,0.0,2.8018663148947076,2.8580979870694287,0.36588374609624624,1.6155377125183077,4.308878209765027,2.667148019125055,0.4260471184665571,5910
177,3.8297580693855937,-17.91107189079531,0.10357841969697004,0.21029822978076665,-13.767437171931979,-17.91107189079531,nan,0.05445884088466207,0.049119578812307975,3.8884370050553763,-17.821998638376627,0.10337268154109057,0.19672888024153729,-13.633460071538623,-17.821998638376627,nan,71.68016576426864,0.7133674227611833,0.0,1.5877963916170108,100.48141179032405,46.0,46.0,,0.00011309038944305162,,,,,,,2.68893777224893,,0,1.300327893260544,4.308878209765027,inf,-inf,-0.16347018858427703,0.18934719639126588,-0.1427137523457157,0.14606132436047453,inf,-inf,2.914509786901816,0.2252785174681551,0.2252785174681551,0.2252785174681551,784,3.0709494371935295,1.705217702301978,2.265017705784884,,,-1.5793462850364512,2.7494742406141537,0.43721875793559334,3.313685903453634,0.5203113402747245,0.0,0.0,2.8018663148947076,2.8580979870694287,0.36588374609624624,1.6155377125183077,4.308878209765027,2.667148019125055,0.4260471184665571,5910
178,3.8291350027490405,-17.913606494897632,0.10382227791787443,0.21341692297426382,-13.767232291256452,-17.913606494897632,nan,0.05478899251610491,0.04903328540176953,3.8884370050553763,-17.821998638376627,0.10337268154109057,0.19672888024153729,-13.633460071538623,-17.821998638376627,nan,72.69409629188127,0.6979042170814777,0.0,1.5850198206145674,104.16056317280356,46.0,46.0,,0.00011163908512286747,,,,,,,2.68893777224893,,0,1.300327893260544,4.308878209765027,inf,-inf,-0.16569986690317276,0.17159243174022396,-0.14182673181835284,0.12929634188835196,inf,-inf,2.9182545350925087,0.2254008360103036,0.2254008360103036,0.2254008360103036,784,3.0709494371935295,1.705217702301978,2.265017705784884,,,-1.5793462850364512,2.7494742406141537,0.43721875793559334,3.313685903453634,0.5203113402747245,0.0,0.0,2.8018663148947076,2.8580979870694287,0.36588374609624624,1.6155377125183077,4.308878209765027,2.667148019125055,0.4260471184665571,5910
179,3.8155009291545583,-17.916294004156548,0.10403638804464102,0.20607639360390745,-13.790680293353441,-17.916294004156548,nan,0.05510902542119064,0.04892736262345041,3.8884370050553763,-17.821998638376627,0.10337268154109057,0.19672888024153729,-13.633460071538623,-17.821998638376627,nan,74.9049136270195,0.6966907213448816,0.0,1.5731999839642197,107.51530246078796,46.0,46.0,,0.00011019253581563266,,,,,,,2.68893777224893,,0,1.300327893260544,4.308878209765027,inf,-inf,-0.17624080854028645,0.14690500613775082,-0.14383100627968598,0.16878444415700777,inf,-inf,2.9179106611053176,0.2257364255446794,0.2257364255446794,0.2257364255446794,784,3.0709494371935295,1.705217702301978,2.265017705784884,,,-1.5793462850364512,2.7494742406141537,0.43721875793559334,3.313685903453634,0.5203113402747245,0.0,0.0,2.8018663148947076,2.8580979870694287,0.36588374609624624,1.6155377125183077,4.308878209765027,2.667148019125055,0.4260471184665571,5910
180,3.821263671566344,-17.92102401013887,0.1042952268533988,0.20679219150105418,-13.788672920218072,-17.92102401013887,nan,0.05544140616951521,0.04885382068388356,3.832243808817789,-17.856190165302035,0.10459381173068967,0.20992947734731643,-13.70942306740624,-17.856190165302035,nan,70.56393602815211,0.6980397086545888,0.0,1.5688967484481495,101.08871336869647,46.0,46.0,,0.00010875090015177988,,,,,,,2.620603057434102,,0,1.2580004281525217,4.246041833083225,inf,-inf,-0.1637296414938473,0.15272597561679008,-0.13942127673688706,0.14412795752962176,inf,-inf,2.921148704342642,0.2258188838534535,0.2258188838534535,0.2258188838534535,784,3.0540570238397557,1.6994626471365326,2.263053243720656,,,-1.6029128971202753,2.6780082518895014,0.43222851971795445,3.3752308330442227,0.5283034797119982,0.0,0.0,2.7330808558038715,2.789667479997025,0.3624576576345469,1.5537664444298407,4.206047311208444,2.7070009950896226,0.4324884154165547,5910
181,3.8105353697385875,-17.91946172655391,0.10450265190171323,0.2058000626722823,-13.798623642241326,-17.91946172655391,nan,0.055756455398460816,0.04874619650325237,3.832243808817789,-17.856190165302035,0.10459381173068967,0.20992947734731643,-13.70942306740624,-17.856190165302035,nan,80.1737595754139,0.6991051082800022,0.0,1.5684505139860954,114.6805517880769,46.0,46.0,,0.00010731433622290546,,,,,,,2.620603057434102,,0,1.2580004281525217,4.246041833083225,inf,-inf,-0.15971568281782045,0.1222440120679632,-0.13986397376428,0.1385926139136374,inf,-inf,2.9220866796901537,0.22601290964198825,0.22601290964198825,0.22601290964198825,784,3.0540570238397557,1.6994626471365326,2.263053243720656,,,-1.6029128971202753,2.6780082518895014,0.43222851971795445,3.3752308330442227,0.5283034797119982,0.0,0.0,2.7330808558038715,2.789667479997025,0.3624576576345469,1.5537664444298407,4.206047311208444,2.7070009950896226,0.4324884154165547,5910
182,3.770489661020264,-17.920964019306528,0.10474810582468835,0.20363761865267566,-13.842088633808899,-17.920964019306528,nan,0.05606877123802979,0.04867933458665859,3.832243808817789,-17.856190165302035,0.10459381173068967,0.20992947734731643,-13.70942306740624,-17.856190165302035,nan,68.39073573665549,0.7092085709291531,0.0,1.5667013165424861,96.43247211050334,46.0,46.0,,0.00010588300156443278,,,,,,,2.620603057434102,,0,1.2580004281525217,4.246041833083225,inf,-inf,-0.17880052105518032,0.15025372539173432,-0.14174620149426498,0.15417069210175904,inf,-inf,2.9250309684235862,0.22612252870965482,0.22612252870965482,0.22612252870965482,784,3.0540570238397557,1.6994626471365326,2.263053243720656,,,-1.6029128971202753,2.6780082518895014,0.43222851971795445,3.3752308330442227,0.5283034797119982,0.0,0.0,2.7330808558038715,2.789667479997025,0.3624576576345469,1.5537664444298407,4.206047311208444,2.7070009950896226,0.4324884154165547,5910
183,3.7574554137744385,-17.927067937367006,0.10500962621516936,0.2028275664971126,-13.861775330880285,-17.927067937367006,nan,0.05638923820832669,0.04862038800684269,3.832243808817789,-17.856190165302035,0.10459381173068967,0.20992947734731643,-13.70942306740624,-17.856190165302035,nan,65.40937624417089,0.6791745347156902,0.0,1.5481938045551207,96.30716833567966,46.0,46.0,,0.00010445705313833685,,,,,,,2.620603057434102,,0,1.2580004281525217,4.246041833083225,inf,-inf,-0.15597538715751844,0.153400507164687,-0.14300614233058692,0.14605631050742487,inf,-inf,2.926229766898087,0.22630642286434213,0.22630642286434213,0.22630642286434213,784,3.0540570238397557,1.6994626471365326,2.263053243720656,,,-1.6029128971202753,2.6780082518895014,0.43222851971795445,3.3752308330442227,0.5283034797119982,0.0,0.0,2.7330808558038715,2.789667479997025,0.3624576576345469,1.5537664444298407,4.206047311208444,2.7070009950896226,0.4324884154165547,5910
184,3.7486861684822057,-17.930850689311672,0.10517427563650852,0.2022077819469434,-13.874782463246014,-17.930850689311672,nan,0.05669465047290867,0.04847962516359986,3.832243808817789,-17.856190165302035,0.10459381173068967,0.20992947734731643,-13.70942306740624,-17.856190165302035,nan,63.72586598995594,0.6776775613733489,0.0,1.5460982162460637,94.03567363336062,46.0,46.0,,0.00010303664731593152,,,,,,,2.620603057434102,,0,1.2580004281525217,4.246041833083225,inf,-inf,-0.15997979013458796,0.17227095737430775,-0.13769195291511896,0.15694345395264378,inf,-inf,2.9279701037046038,0.22641787080194564,0.22641787080194564,0.22641787080194564,784,3.0540570238397557,1.6994626471365326,2.263053243720656,,,-1.6029128971202753,2.6780082518895014,0.43222851971795445,3.3752308330442227,0.5283034797119982,0.0,0.0,2.7330808558038715,2.789667479997025,0.3624576576345469,1.5537664444298407,4.206047311208444,2.7070009950896226,0.4324884154165547,5910
185,3.7197456536347118,-17.931235471621697,0.10546980464387827,0.20122319307203412,-13.904796820271073,-17.931235471621697,nan,0.057005078330803476,0.04846472631307483,3.7750329519137855,-17.820190524910803,0.1058055190781075,0.1775222148329184,-13.76182983908599,-17.820190524910803,nan,67.85960314790907,0.6749590265190075,0.0,1.5448623374128327,100.53884825851436,46.0,46.0,,0.00010162193986072177,,,,,,,2.558071284209829,,0,1.2203431821553903,4.199580545369698,inf,-inf,-0.16371308571423082,0.14357528858043783,-0.13578764630588855,0.14068346174661858,inf,-inf,2.929368551362125,0.22656273896867343,0.22656273896867343,0.22656273896867343,784,3.0378951752755587,1.6939564001340635,2.261161976740438,,,-1.624992910412938,2.6142929459771267,0.4275788881851945,3.441311105579604,0.5367239360121168,0.0,0.0,2.6701901000431394,2.727057936769592,0.35926025094339226,1.4989496131965896,4.111694252151825,2.7430503440228513,0.4382337784141103,5910
186,3.7226013069504442,-17.931709559538728,0.10570350767025773,0.19872541394453339,-13.904679330973492,-17.931709559538728,nan,0.05730948969323701,0.04839401797702074,3.7750329519137855,-17.820190524910803,0.1058055190781075,0.1775222148329184,-13.76182983908599,-17.820190524910803,nan,61.040211019568204,0.6705162934372831,0.0,1.5406696332329495,91.0346424344983,46.0,46.0,,0.00010021308591132228,,,,,,,2.558071284209829,,0,1.2203431821553903,4.199580545369698,inf,-inf,-0.1622993141230078,0.14905318780254403,-0.13569184821702346,0.16248574834285595,inf,-inf,2.930236923380277,0.2267333188368918,0.2267333188368918,0.2267333188368918,784,3.0378951752755587,1.6939564001340635,2.261161976740438,,,-1.624992910412938,2.6142929459771267,0.4275788881851945,3.441311105579604,0.5367239360121168,0.0,0.0,2.6701901000431394,2.727057936769592,0.35926025094339226,1.4989496131965896,4.111694252151825,2.7430503440228513,0.4382337784141103,5910
187,3.6883818953844796,-17.93188061731302,0.10595284626879364,0.19589563152257325,-13.941650244137174,-17.93188061731302,nan,0.057611159457320614,0.048341686811473036,3.7750329519137855,-17.820190524910803,0.1058055190781075,0.1775222148329184,-13.76182983908599,-17.820190524910803,nan,59.74938158969338,0.6765480318741056,0.0,1.5368257063679351,88.3150623085572,46.0,46.0,,9.881023996444511e-05,,,,,,,2.558071284209829,,0,1.2203431821553903,4.199580545369698,inf,-inf,-0.15880390141653342,0.17234779614730011,-0.13778058939420834,0.14886032007768263,inf,-inf,2.9314636576701414,0.22687898097820447,0.22687898097820447,0.22687898097820447,784,3.0378951752755587,1.6939564001340635,2.261161976740438,,,-1.624992910412938,2.6142929459771267,0.4275788881851945,3.441311105579604,0.5367239360121168,0.0,0.0,2.6701901000431394,2.727057936769592,0.35926025094339226,1.4989496131965896,4.111694252151825,2.7430503440228513,0.4382337784141103,5910
188,3.705722780106575,-17.93317551878778,0.10619254458994205,0.1968334679084687,-13.924426726182796,-17.93317551878778,nan,0.0579117638080092,0.04828078078193287,3.7750329519137855,-17.820190524910803,0.1058055190781075,0.1775222148329184,-13.76182983908599,-17.820190524910803,nan,70.33198737662575,0.6833319799511542,0.0,1.5417238615205298,102.92506342474005,46.0,46.0,,9.741355585795683e-05,,,,,,,2.558071284209829,,0,1.2203431821553903,4.199580545369698,inf,-inf,-0.16923585192880647,0.15701705724845647,-0.13668773362882408,0.15930944136844422,inf,-inf,2.932632470686739,0.2270327240638505,0.2270327240638505,0.2270327240638505,784,3.0378951752755587,1.6939564001340635,2.261161976740438,,,-1.624992910412938,2.6142929459771267,0.4275788881851945,3.441311105579604,0.5367239360121168,0.0,0.0,2.6701901000431394,2.727057936769592,0.35926025094339226,1.4989496131965896,4.111694252151825,2.7430503440228513,0.4382337784141103,5910
189,3.670363414476907,-17.939206816979173,0.10641364724800391,0.19588053343953732,-13.966549221814725,-17.939206816979173,nan,0.05820179660953297,0.04821185063847099,3.7750329519137855,-17.820190524910803,0.1058055190781075,0.1775222148329184,-13.76182983908599,-17.820190524910803,nan,72.03063784878286,0.6712043362509974,0.0,1.5229736902740374,107.31551326248724,46.0,46.0,,9.6023186754009e-05,,,,,,,2.558071284209829,,0,1.2203431821553903,4.199580545369698,inf,-inf,-0.1546321111275037,0.13662339782757577,-0.13579973316160193,0.14510452109722793,inf,-inf,2.933815862691504,0.22720912132421303,0.22720912132421303,0.22720912132421303,784,3.0378951752755587,1.6939564001340635,2.261161976740438,,,-1.624992910412938,2.6142929459771267,0.4275788881851945,3.441311105579604,0.5367239360121168,0.0,0.0,2.6701901000431394,2.727057936769592,0.35926025094339226,1.4989496131965896,4.111694252151825,2.7430503440228513,0.4382337784141103,5910
190,3.650620234645086,-17.93942900852514,0.10662767978495803,0.19071653364894992,-13.991464560446145,-17.93942900852514,nan,0.05849514034633202,0.048132539438626,3.6932784504985037,-17.866378474987677,0.10696311375706025,0.18291881544237912,-13.883218095289733,-17.866378474987677,nan,63.67872693191319,0.6701917045956913,0.0,1.525114929198857,95.0156895336818,46.0,46.0,,9.463928512224188e-05,,,,,,,2.5008838842588097,,0,1.186034744111818,4.156477875631949,inf,-inf,-0.1524594004982136,0.1283994637214841,-0.13401623512698374,0.13020766290716065,inf,-inf,2.9350637227928535,0.22736690781712654,0.22736690781712654,0.22736690781712654,784,3.0219963721942973,1.6885901384400648,2.2576112972158433,,,-1.6456133590836217,2.5558184621200106,0.42315743229468994,3.5045161166375416,0.5446280615661481,0.0,0.0,2.612670918037738,2.6713016365834705,0.3561971335550798,1.4499356154626133,4.021690453515299,2.7737027841971775,0.4430599224551516,5910
191,3.6524399451225,-17.942828524138914,0.1068720996770665,0.19439230885699899,-13.989124170482349,-17.942828524138914,nan,0.05877931180185904,0.04809278787520749,3.6932784504985037,-17.866378474987677,0.10696311375706025,0.18291881544237912,-13.883218095289733,-17.866378474987677,nan,65.42134928795511,0.6644184520912105,0.0,1.5155450300258029,98.46407648981751,46.0,46.0,,9.326200272306449e-05,,,,,,,2.5008838842588097,,0,1.186034744111818,4.156477875631949,inf,-inf,-0.1588980999807931,0.14213594981131722,-0.13726969581908574,0.13331015450724643,inf,-inf,2.9363993486585023,0.22745075478573884,0.22745075478573884,0.22745075478573884,784,3.0219963721942973,1.6885901384400648,2.2576112972158433,,,-1.6456133590836217,2.5558184621200106,0.42315743229468994,3.5045161166375416,0.5446280615661481,0.0,0.0,2.612670918037738,2.6713016365834705,0.3561971335550798,1.4499356154626133,4.021690453515299,2.7737027841971775,0.4430599224551516,5910
192,3.6527638024528746,-17.951647124061722,0.10702706261103571,0.19380163225302252,-13.998054626744791,-17.951647124061722,nan,0.05907211614357527,0.04795494646746048,3.6932784504985037,-17.866378474987677,0.10696311375706025,0.18291881544237912,-13.883218095289733,-17.866378474987677,nan,70.00239981943879,0.6531732976382444,0.0,1.496376776009878,107.17278258703274,46.0,46.0,,9.189149059101255e-05,,,,,,,2.5008838842588097,,0,1.186034744111818,4.156477875631949,inf,-inf,-0.1597604357050441,0.142550321753246,-0.13271686378962003,0.14135317197502795,inf,-inf,2.9384403853520964,0.22749485999562047,0.22749485999562047,0.22749485999562047,784,3.0219963721942973,1.6885901384400648,2.2576112972158433,,,-1.6456133590836217,2.5558184621200106,0.42315743229468994,3.5045161166375416,0.5446280615661481,0.0,0.0,2.612670918037738,2.6713016365834705,0.3561971335550798,1.4499356154626133,4.021690453515299,2.7737027841971775,0.4430599224551516,5910
193,3.6456915700598485,-17.951403602290306,0.10724362790345651,0.19129903825270853,-14.007169366074292,-17.951403602290306,nan,0.05934962394869955,0.04789400395475694,3.6932784504985037,-17.866378474987677,0.10696311375706025,0.18291881544237912,-13.883218095289733,-17.866378474987677,nan,76.76635810133277,0.6524415319038968,0.0,1.4942442993621843,117.66013404652524,46.0,46.0,,9.052789901818558e-05,,,,,,,2.5008838842588097,,0,1.186034744111818,4.156477875631949,inf,-inf,-0.16321938627837687,0.1683584684955903,-0.13425873337955502,0.14826537472582837,inf,-inf,2.939466527546854,0.2276701216808283,0.2276701216808283,0.2276701216808283,784,3.0219963721942973,1.6885901384400648,2.2576112972158433,,,-1.6456133590836217,2.5558184621200106,0.42315743229468994,3.5045161166375416,0.5446280615661481,0.0,0.0,2.612670918037738,2.6713016365834705,0.3561971335550798,1.4499356154626133,4.021690453515299,2.7737027841971775,0.4430599224551516,5910
194,3.6045519474596595,-17.94609292798745,0.10746926534988656,0.19094633510155387,-14.04312538007635,-17.94609292798745,nan,0.05962344736757063,0.04784581798231594,3.6932784504985037,-17.866378474987677,0.10696311375706025,0.18291881544237912,-13.883218095289733,-17.866378474987677,nan,70.81401696352123,0.6546441378198538,0.0,1.5097200651365466,108.17177283424779,46.0,46.0,,8.917137753776574e-05,,,,,,,2.5008838842588097,,0,1.186034744111818,4.156477875631949,inf,-inf,-0.15606104475954216,0.1705404120128728,-0.13706456749602386,0.15387535367876823,inf,-inf,2.9407432925425074,0.22777279619421145,0.22777279619421145,0.22777279619421145,784,3.0219963721942973,1.6885901384400648,2.2576112972158433,,,-1.6456133590836217,2.5558184621200106,0.42315743229468994,3.5045161166375416,0.5446280615661481,0.0,0.0,2.612670918037738,2.6713016365834705,0.3561971335550798,1.4499356154626133,4.021690453515299,2.7737027841971775,0.4430599224551516,5910
195,3.6250673960297126,-17.949424280036446,0.107644591056406,0.1865700872052183,-14.030142205745108,-17.949424280036446,nan,0.05989900264436488,0.04774558841204112,3.641229643260098,-17.881611662248407,0.10796539714133875,0.18913805037538317,-13.943278571471586,-17.881611662248407,nan,64.14873401995717,0.6616320268864827,0.0,1.4965888859339445,96.95530357233338,46.0,46.0,,8.78220749076201e-05,,,,,,,2.4489335355848882,,0,1.1552878250142273,4.118093611428779,inf,-inf,-0.1577070129487125,0.17109012793488865,-0.13440213107898932,0.14246361506162944,inf,-inf,2.9413781829129175,0.22791198310887834,0.22791198310887834,0.22791198310887834,784,3.0071763962299376,1.6835747741495448,2.253995666582426,,,-1.6647381659007345,2.5025050972176484,0.4191045868051311,3.564560728732742,0.5520060181032533,0.0,0.0,2.560389867952292,2.619023858401224,0.35336652289220155,1.4063104310162051,3.935397924085293,2.7983849349972894,0.44690745413247224,5910
196,3.611385610289124,-17.95777788170407,0.10783448443252786,0.18859199374229776,-14.049965793240121,-17.95777788170407,nan,0.06016700419943126,0.047667480233096624,3.641229643260098,-17.881611662248407,0.10796539714133875,0.18913805037538317,-13.943278571471586,-17.881611662248407,nan,68.31121002517146,0.6433171483798751,0.0,1.48563003553276,106.18589943887845,46.0,46.0,,8.648013909398721e-05,,,,,,,2.4489335355848882,,0,1.1552878250142273,4.118093611428779,inf,-inf,-0.1524495981935058,0.16367514598126123,-0.13783838015567687,0.1579370896357682,inf,-inf,2.942069436895284,0.22800923903979145,0.22800923903979145,0.22800923903979145,784,3.0071763962299376,1.6835747741495448,2.253995666582426,,,-1.6647381659007345,2.5025050972176484,0.4191045868051311,3.564560728732742,0.5520060181032533,0.0,0.0,2.560389867952292,2.619023858401224,0.35336652289220155,1.4063104310162051,3.935397924085293,2.7983849349972894,0.44690745413247224,5910
197,3.580014201649496,-17.956627552311645,0.10803527307938829,0.18694091590959735,-14.081637161673164,-17.956627552311645,nan,0.06043680279870885,0.047598470280679435,3.641229643260098,-17.881611662248407,0.10796539714133875,0.18913805037538317,-13.943278571471586,-17.881611662248407,nan,72.16338144800596,0.6458024906345154,0.0,1.4817792559629808,111.74218510229625,46.0,46.0,,8.514571725525128e-05,,,,,,,2.4489335355848882,,0,1.1552878250142273,4.118093611428779,inf,-inf,-0.16658823268698136,0.13956852743802917,-0.1278606743614597,0.15702629618117608,inf,-inf,2.9427235225070527,0.2281118399950052,0.2281118399950052,0.2281118399950052,784,3.0071763962299376,1.6835747741495448,2.253995666582426,,,-1.6647381659007345,2.5025050972176484,0.4191045868051311,3.564560728732742,0.5520060181032533,0.0,0.0,2.560389867952292,2.619023858401224,0.35336652289220155,1.4063104310162051,3.935397924085293,2.7983849349972894,0.44690745413247224,5910
198,3.5897109781456082,-17.95969624164713,0.10822693497532096,0.18534053899970712,-14.076417789526495,-17.95969624164713,nan,0.06069562987926692,0.04753130509605406,3.641229643260098,-17.881611662248407,0.10796539714133875,0.18913805037538317,-13.943278571471586,-17.881611662248407,nan,65.52922729701879,0.6375435055930638,0.0,1.4809259871155571,102.78393038614888,46.0,46.0,,8.38189557258046e-05,,,,,,,2.4489335355848882,,0,1.1552878250142273,4.118093611428779,inf,-inf,-0.15382802981865662,0.1397401278971144,-0.13193372111092885,0.13964539279910668,inf,-inf,2.9439255337061683,0.2281962732149812,0.2281962732149812,0.2281962732149812,784,3.0071763962299376,1.6835747741495448,2.253995666582426,,,-1.6647381659007345,2.5025050972176484,0.4191045868051311,3.564560728732742,0.5520060181032533,0.0,0.0,2.560389867952292,2.619023858401224,0.35336652289220155,1.4063104310162051,3.935397924085293,2.7983849349972894,0.44690745413247224,5910
199,3.5658580613236723,-17.96467128552228,0.1084373030121306,0.18417187830883175,-14.106204042877645,-17.96467128552228,nan,0.060956813926072495,0.047480489086058154,3.641229643260098,-17.881611662248407,0.10796539714133875,0.18913805037538317,-13.943278571471586,-17.881611662248407,nan,62.136547082389214,0.6220325108698477,0.0,1.4655433286749855,99.89276444007359,46.0,46.0,,8.249999999999999e-05,,,,,,,2.4489335355848882,,0,1.1552878250142273,4.118093611428779,inf,-inf,-0.14964845469225346,0.12516639070226254,-0.12640250304904557,0.14031927390485144,inf,-inf,2.9445581542496018,0.2282869316078525,0.2282869316078525,0.2282869316078525,784,3.0071763962299376,1.6835747741495448,2.253995666582426,,,-1.6647381659007345,2.5025050972176484,0.4191045868051311,3.564560728732742,0.5520060181032533,0.0,0.0,2.560389867952292,2.619023858401224,0.35336652289220155,1.4063104310162051,3.935397924085293,2.7983849349972894,0.44690745413247224,5910
200,3.539922544782409,-17.96496091245197,0.10862587394981292,0.18623974407129557,-14.130172749648453,-17.96496091245197,nan,0.061212021728301036,0.04741385222151188,3.5871274326223803,-17.892607546775444,0.10895834286239203,0.1802238584225549,-14.016297912868117,-17.892607546775444,nan,66.7253651416837,0.625394812782667,0.0,1.467339426993654,106.69318609278528,46.0,46.0,,8.118899471619618e-05,,,,,,,2.4017021150452527,,0,1.127567694560888,4.080793836383941,inf,-inf,-0.15629540149117938,0.12731312403382192,-0.13543895999058575,0.13584930426534195,inf,-inf,2.9454196597216717,0.22841340554116496,0.22841340554116496,0.22841340554116496,784,2.9931100655625125,1.6788229326885296,2.2511031367208503,,,-1.6824513825393006,2.454385989087373,0.41535229023965403,3.6191120551508322,0.558602029966526,0.0,0.0,2.5129222166471474,2.573369112964644,0.3508102317834041,1.3665742758030621,3.852522535994606,2.819109509236654,0.45011194651135283,5910
201,3.5406213188620246,-17.96163562983703,0.10884592056594433,0.1814522745092381,-14.130716115899823,-17.96163562983703,nan,0.061469119537321544,0.047376801028622795,3.5871274326223803,-17.892607546775444,0.10895834286239203,0.1802238584225549,-14.016297912868117,-17.892607546775444,nan,75.75048780275172,0.6359067914009412,0.0,1.4709435559508512,119.1219984234935,46.0,46.0,,7.988608364089617e-05,,,,,,,2.4017021150452527,,0,1.127567694560888,4.080793836383941,inf,-inf,-0.1528035919812248,0.14833250022677572,-0.133278429605162,0.16568887403327567,inf,-inf,2.945795079314406,0.22854973835570605,0.22854973835570605,0.22854973835570605,784,2.9931100655625125,1.6788229326885296,2.2511031367208503,,,-1.6824513825393006,2.454385989087373,0.41535229023965403,3.6191120551508322,0.558602029966526,0.0,0.0,2.5129222166471474,2.573369112964644,0.3508102317834041,1.3665742758030621,3.852522535994606,2.819109509236654,0.45011194651135283,5910
202,3.5411192633337154,-17.96951024689054,0.1090371273584216,0.18352679482330447,-14.135827061375098,-17.96951024689054,nan,0.061717402601320345,0.04731972475710124,3.5871274326223803,-17.892607546775444,0.10895834286239203,0.1802238584225549,-14.016297912868117,-17.892607546775444,nan,61.27249686296379,0.6177042674535,0.0,1.4578484436493968,99.19390247304112,46.0,46.0,,7.859140965298178e-05,,,,,,,2.4017021150452527,,0,1.127567694560888,4.080793836383941,inf,-inf,-0.15142729567914764,0.14113020221691666,-0.13085074385302112,0.1325745415161143,inf,-inf,2.946565686624193,0.22862278290375307,0.22862278290375307,0.22862278290375307,784,2.9931100655625125,1.6788229326885296,2.2511031367208503,,,-1.6824513825393006,2.454385989087373,0.41535229023965403,3.6191120551508322,0.558602029966526,0.0,0.0,2.5129222166471474,2.573369112964644,0.3508102317834041,1.3665742758030621,3.852522535994606,2.819109509236654,0.45011194651135283,5910
203,3.532508964104442,-17.96790515458091,0.10921958608796423,0.180532672512233,-14.145643931876272,-17.96790515458091,nan,0.06196401322337024,0.047255572864593975,3.5871274326223803,-17.892607546775444,0.10895834286239203,0.1802238584225549,-14.016297912868117,-17.892607546775444,nan,62.16301446320711,0.6266931709101558,0.0,1.458964517486787,99.19210444391288,46.0,46.0,,7.730511472804555e-05,,,,,,,2.4017021150452527,,0,1.127567694560888,4.080793836383941,inf,-inf,-0.15547404035545287,0.13160113449053162,-0.12915135343230208,0.14517990001754516,inf,-inf,2.9473754450177756,0.2287386412936462,0.2287386412936462,0.2287386412936462,784,2.9931100655625125,1.6788229326885296,2.2511031367208503,,,-1.6824513825393006,2.454385989087373,0.41535229023965403,3.6191120551508322,0.558602029966526,0.0,0.0,2.5129222166471474,2.573369112964644,0.3508102317834041,1.3665742758030621,3.852522535994606,2.819109509236654,0.45011194651135283,5910
204,3.5178820865431804,-17.97152275219329,0.10938771126380692,0.1809079210912008,-14.163345033295103,-17.97152275219329,nan,0.06221068752098237,0.04717702374282453,3.5871274326223803,-17.892607546775444,0.10895834286239203,0.1802238584225549,-14.016297912868117,-17.892607546775444,nan,69.05639536560531,0.6204365145327554,0.0,1.451175692613038,111.30291939314854,46.0,46.0,,7.602733992282116e-05,,,,,,,2.4017021150452527,,0,1.127567694560888,4.080793836383941,inf,-inf,-0.15321477824515217,0.12449579808446132,-0.13256947208902026,0.14576500072564522,inf,-inf,2.9480392022392956,0.2287876768354589,0.2287876768354589,0.2287876768354589,784,2.9931100655625125,1.6788229326885296,2.2511031367208503,,,-1.6824513825393006,2.454385989087373,0.41535229023965403,3.6191120551508322,0.558602029966526,0.0,0.0,2.5129222166471474,2.573369112964644,0.3508102317834041,1.3665742758030621,3.852522535994606,2.819109509236654,0.45011194651135283,5910
205,3.490937075316375,-17.973242244719653,0.10954154171276913,0.17833183520235316,-14.194431792488157,-17.973242244719653,nan,0.06244754345073469,0.04709399826203447,3.5178392402121355,-17.883730022894415,0.10986592313417767,0.1666345413471647,-14.089390318200937,-17.883730022894415,nan,63.97333117637595,0.6146747967839741,0.0,1.446994773635332,104.07671098780908,46.0,46.0,,7.475822535971515e-05,,,,,,,2.3587589015393022,,0,1.1029917574353731,4.048297497296311,inf,-inf,-0.1557969117722652,0.11472751688863583,-0.12766069087653784,0.15614209443297575,inf,-inf,2.949345468020841,0.22882716025462693,0.22882716025462693,0.22882716025462693,784,2.9798482339106847,1.674344206892833,2.247045204705217,,,-1.6988392203417935,2.4101900109812413,0.4118891228708123,3.670288077863093,0.5647001530031129,0.0,0.0,2.4697164773077653,2.531130179677043,0.348416311967657,1.3311893930495298,3.770951895621648,2.8327688872152406,0.4522111438457408,5910
206,3.5046657737336995,-17.977979090913145,0.10972675398239576,0.17927993554267505,-14.184306627654376,-17.977979090913145,nan,0.06267853846533787,0.047048215517057915,3.5178392402121355,-17.883730022894415,0.10986592313417767,0.1666345413471647,-14.089390318200937,-17.883730022894415,nan,62.48022595625114,0.6161794883457703,0.0,1.4373147141560536,101.39939277107231,46.0,46.0,,7.349791021144112e-05,,,,,,,2.3587589015393022,,0,1.1029917574353731,4.048297497296311,inf,-inf,-0.16042509201228253,0.12400145722888392,-0.13170461227916846,0.14104691788446475,inf,-inf,2.9488756015130813,0.22889211026673753,0.22889211026673753,0.22889211026673753,784,2.9798482339106847,1.674344206892833,2.247045204705217,,,-1.6988392203417935,2.4101900109812413,0.4118891228708123,3.670288077863093,0.5647001530031129,0.0,0.0,2.4697164773077653,2.531130179677043,0.348416311967657,1.3311893930495298,3.770951895621648,2.8327688872152406,0.4522111438457408,5910
207,3.4760924258642913,-17.97447634030123,0.10992056995086028,0.17705081230475736,-14.21141253218132,-17.97447634030123,nan,0.06291427929878525,0.04700629065207501,3.5178392402121355,-17.883730022894415,0.10986592313417767,0.1666345413471647,-14.089390318200937,-17.883730022894415,nan,70.24825254947878,0.6051343494434099,0.0,1.4470079307652757,116.08703524116862,46.0,46.0,,7.224653268575744e-05,,,,,,,2.3587589015393022,,0,1.1029917574353731,4.048297497296311,inf,-inf,-0.148367810190448,0.10602239808038909,-0.1280597781424722,0.13962247493836205,inf,-inf,2.9485633353451606,0.22898773535090042,0.22898773535090042,0.22898773535090042,784,2.9798482339106847,1.674344206892833,2.247045204705217,,,-1.6988392203417935,2.4101900109812413,0.4118891228708123,3.670288077863093,0.5647001530031129,0.0,0.0,2.4697164773077653,2.531130179677043,0.348416311967657,1.3311893930495298,3.770951895621648,2.8327688872152406,0.4522111438457408,5910
208,3.4681692317212813,-17.97698962581823,0.11007744113000668,0.17855812071463503,-14.220184832252308,-17.97698962581823,nan,0.06314465429174215,0.046932786838264524,3.5178392402121355,-17.883730022894415,0.10986592313417767,0.1666345413471647,-14.089390318200937,-17.883730022894415,nan,63.53443847360866,0.6217019788366553,0.0,1.4355053156149302,102.19436423943178,46.0,46.0,,7.100423001031158e-05,,,,,,,2.3587589015393022,,0,1.1029917574353731,4.048297497296311,inf,-inf,-0.16130715652693403,0.13629228346660455,-0.12064933990936236,0.15630100154620097,inf,-inf,2.949670334493561,0.22908034529897356,0.22908034529897356,0.22908034529897356,784,2.9798482339106847,1.674344206892833,2.247045204705217,,,-1.6988392203417935,2.4101900109812413,0.4118891228708123,3.670288077863093,0.5647001530031129,0.0,0.0,2.4697164773077653,2.531130179677043,0.348416311967657,1.3311893930495298,3.770951895621648,2.8327688872152406,0.4522111438457408,5910
209,3.4611490637135747,-17.980513878712248,0.11027956603200892,0.17725168562190372,-14.231833563344761,-17.980513878712248,nan,0.06337478263513693,0.046904783396872,3.5178392402121355,-17.883730022894415,0.10986592313417767,0.1666345413471647,-14.089390318200937,-17.883730022894415,nan,58.493535942806304,0.6078945473491197,0.0,1.4331598169117565,96.22316271445827,46.0,46.0,,6.977113841759144e-05,,,,,,,2.3587589015393022,,0,1.1029917574353731,4.048297497296311,inf,-inf,-0.15357711504198795,0.12538375410654826,-0.12835340560220357,0.13802908038581907,inf,-inf,2.949223329932832,0.2291559094969947,0.2291559094969947,0.2291559094969947,784,2.9798482339106847,1.674344206892833,2.247045204705217,,,-1.6988392203417935,2.4101900109812413,0.4118891228708123,3.670288077863093,0.5647001530031129,0.0,0.0,2.4697164773077653,2.531130179677043,0.348416311967657,1.3311893930495298,3.770951895621648,2.8327688872152406,0.4522111438457408,5910
210,3.440043776524987,-17.981782489302667,0.1104042222733371,0.1755153460810898,-14.255819144423253,-17.981782489302667,nan,0.06359527467291837,0.04680894760041872,3.4952245495388707,-17.917138227062267,0.11071288783969764,0.17800522383214173,-14.133195565851556,-17.917138227062267,nan,69.6839338355394,0.6091258576524179,0.0,1.4280850523076145,114.39989447189544,46.0,46.0,,6.854739312998572e-05,,,,,,,2.3198009619698334,,0,1.0807380284305266,4.017433306176499,inf,-inf,-0.14763335973789288,0.1367901838136042,-0.12402029312282332,0.16418583773360135,inf,-inf,2.9498059142050406,0.229208066844174,0.229208066844174,0.229208066844174,784,2.967254409544654,1.6701014481046164,2.2418114517817767,,,-1.7139471171989398,2.3709138355194144,0.4087418144798356,3.717305397322523,0.5702282422696745,0.0,0.0,2.430540127568107,2.4928210626240253,0.3462544585075025,1.299414414377461,3.6951217593230017,2.8436822913753073,0.45388107348878204,5910
211,3.430437646921391,-17.98460947495729,0.11058940876744151,0.1731464375761467,-14.270435981692309,-17.98460947495729,nan,0.06381343967865619,0.046775969088785285,3.4952245495388707,-17.917138227062267,0.11071288783969764,0.17800522383214173,-14.133195565851556,-17.917138227062267,nan,63.40577947466668,0.6062703801748639,0.0,1.421002795628807,104.583336986344,46.0,46.0,,6.733312834495569e-05,,,,,,,2.3198009619698334,,0,1.0807380284305266,4.017433306176499,inf,-inf,-0.15144588464118225,0.1320085782979995,-0.1285483123006761,0.15016749323308154,inf,-inf,2.950236378796504,0.2292546038779506,0.2292546038779506,0.2292546038779506,784,2.967254409544654,1.6701014481046164,2.2418114517817767,,,-1.7139471171989398,2.3709138355194144,0.4087418144798356,3.717305397322523,0.5702282422696745,0.0,0.0,2.430540127568107,2.4928210626240253,0.3462544585075025,1.299414414377461,3.6951217593230017,2.8436822913753073,0.45388107348878204,5910
212,3.4416826340583175,-17.985830549183383,0.11075812452460285,0.17267511562887464,-14.260714674971588,-17.985830549183383,nan,0.06403076745138725,0.046727357073215604,3.4952245495388707,-17.917138227062267,0.11071288783969764,0.17800522383214173,-14.133195565851556,-17.917138227062267,nan,67.72115390322594,0.6015041414281098,0.0,1.420567040238015,112.58634685779597,46.0,46.0,,6.612847722031848e-05,,,,,,,2.3198009619698334,,0,1.0807380284305266,4.017433306176499,inf,-inf,-0.15735112801648757,0.12897091236219657,-0.1186285784208504,0.1431588331743159,inf,-inf,2.950069101785683,0.2293667754650491,0.2293667754650491,0.2293667754650491,784,2.967254409544654,1.6701014481046164,2.2418114517817767,,,-1.7139471171989398,2.3709138355194144,0.4087418144798356,3.717305397322523,0.5702282422696745,0.0,0.0,2.430540127568107,2.4928210626240253,0.3462544585075025,1.299414414377461,3.6951217593230017,2.8436822913753073,0.45388107348878204,5910
213,3.427312153298037,-17.985684540314402,0.11093950927269428,0.17086875348362335,-14.27656412426005,-17.985684540314402,nan,0.06424393109687984,0.04669557817581449,3.4952245495388707,-17.917138227062267,0.11071288783969764,0.17800522383214173,-14.133195565851556,-17.917138227062267,nan,67.34191265627645,0.6017979911245508,0.0,1.4202346933765677,111.90119217652733,46.0,46.0,,6.493357185964504e-05,,,,,,,2.3198009619698334,,0,1.0807380284305266,4.017433306176499,inf,-inf,-0.15514407525511453,0.13163432459632524,-0.13420840367631726,0.16172045032355034,inf,-inf,2.950424322024068,0.2294692917267932,0.2294692917267932,0.2294692917267932,784,2.967254409544654,1.6701014481046164,2.2418114517817767,,,-1.7139471171989398,2.3709138355194144,0.4087418144798356,3.717305397322523,0.5702282422696745,0.0,0.0,2.430540127568107,2.4928210626240253,0.3462544585075025,1.299414414377461,3.6951217593230017,2.8436822913753073,0.45388107348878204,5910
214,3.4051834436488013,-17.989657967816562,0.11108812622643964,0.17141753312597,-14.30196886481535,-17.989657967816562,nan,0.06445624544909809,0.04663188077734154,3.4952245495388707,-17.917138227062267,0.11071288783969764,0.17800522383214173,-14.133195565851556,-17.917138227062267,nan,66.91959056943203,0.5935306740832715,0.0,1.4130927522561123,112.74832707305588,46.0,46.0,,6.374854329777363e-05,,,,,,,2.3198009619698334,,0,1.0807380284305266,4.017433306176499,inf,-inf,-0.1539448064582328,0.13351927386092724,-0.11894989593243264,0.1455993795350216,inf,-inf,2.951704066115937,0.2294549863884608,0.2294549863884608,0.2294549863884608,784,2.967254409544654,1.6701014481046164,2.2418114517817767,,,-1.7139471171989398,2.3709138355194144,0.4087418144798356,3.717305397322523,0.5702282422696745,0.0,0.0,2.430540127568107,2.4928210626240253,0.3462544585075025,1.299414414377461,3.6951217593230017,2.8436822913753073,0.45388107348878204,5910
215,3.4072918130300565,-17.987424300692833,0.11121966281264462,0.17092537842627584,-14.297987446423857,-17.987424300692833,nan,0.06465920552675296,0.04656045728589165,3.437358799055497,-17.90043873016028,0.11152832583646957,0.15687032901960454,-14.194681276248708,-17.90043873016028,nan,66.20615791155636,0.606834669977341,0.0,1.4168676343194344,109.1008163953923,46.0,46.0,,6.257352148644002e-05,,,,,,,2.2845711585753916,,0,1.0606088950033472,3.988434240387901,inf,-inf,-0.1561751017601059,0.11808973855241625,-0.12506442337260812,0.14953120291105104,inf,-inf,2.951504786906677,0.22953823334839762,0.22953823334839762,0.22953823334839762,784,2.9557427282087954,1.6662045047355576,2.2381137863028404,,,-1.7278163866140817,2.334746105037339,0.4058700934159949,3.760513662649712,0.5752471708898715,0.0,0.0,2.395095120466921,2.4576021807440522,0.34432091146652294,1.271078628212116,3.6224900572226573,2.8499338882898284,0.4548347855229178,5910
216,3.3921263269099975,-17.991251806288528,0.11136403513002671,0.16895713759302297,-14.318804306655482,-17.991251806288528,nan,0.06486605769592034,0.0464979774341064,3.437358799055497,-17.90043873016028,0.11152832583646957,0.15687032901960454,-14.194681276248708,-17.90043873016028,nan,61.095327455230574,0.5911628318941814,0.0,1.4081519561862426,103.34771429974928,46.0,46.0,,6.140863528002722e-05,,,,,,,2.2845711585753916,,0,1.0606088950033472,3.988434240387901,inf,-inf,-0.15836981873839062,0.11158908684475129,-0.12118844775735915,0.1672453173413028,inf,-inf,2.952423385847451,0.2295595610793227,0.2295595610793227,0.2295595610793227,784,2.9557427282087954,1.6662045047355576,2.2381137863028404,,,-1.7278163866140817,2.334746105037339,0.4058700934159949,3.760513662649712,0.5752471708898715,0.0,0.0,2.395095120466921,2.4576021807440522,0.34432091146652294,1.271078628212116,3.6224900572226573,2.8499338882898284,0.4548347855229178,5910
217,3.399457976548754,-17.991666767994897,0.11148045321794094,0.16722284207989194,-14.31350549614831,-17.991666767994897,nan,0.06506207014629048,0.04641838307165045,3.437358799055497,-17.90043873016028,0.11152832583646957,0.15687032901960454,-14.194681276248708,-17.90043873016028,nan,69.05038002269282,0.5891717458539919,0.0,1.405219408595832,117.19906887694651,46.0,46.0,,6.025401242143478e-05,,,,,,,2.2845711585753916,,0,1.0606088950033472,3.988434240387901,inf,-inf,-0.15266357535574476,0.1306448962487897,-0.12166914522783302,0.13854822975919334,inf,-inf,2.952725271341077,0.2295866292340287,0.2295866292340287,0.2295866292340287,784,2.9557427282087954,1.6662045047355576,2.2381137863028404,,,-1.7278163866140817,2.334746105037339,0.4058700934159949,3.760513662649712,0.5752471708898715,0.0,0.0,2.395095120466921,2.4576021807440522,0.34432091146652294,1.271078628212116,3.6224900572226573,2.8499338882898284,0.4548347855229178,5910
218,3.3857099597877998,-17.993233014676917,0.11164948740450163,0.1704658929449307,-14.325407674539685,-17.993233014676917,nan,0.06526352259095013,0.046385964813551485,3.437358799055497,-17.90043873016028,0.11152832583646957,0.15687032901960454,-14.194681276248708,-17.90043873016028,nan,58.157925260749245,0.6026986446151515,0.0,1.403719599605864,96.49586203713056,46.0,46.0,,5.9109779528070484e-05,,,,,,,2.2845711585753916,,0,1.0606088950033472,3.988434240387901,inf,-inf,-0.15539145301641913,0.14386859813786743,-0.12448227218985046,0.1398702168802269,inf,-inf,2.9521855019325054,0.22967021982124405,0.22967021982124405,0.22967021982124405,784,2.9557427282087954,1.6662045047355576,2.2381137863028404,,,-1.7278163866140817,2.334746105037339,0.4058700934159949,3.760513662649712,0.5752471708898715,0.0,0.0,2.395095120466921,2.4576021807440522,0.34432091146652294,1.271078628212116,3.6224900572226573,2.8499338882898284,0.4548347855229178,5910
219,3.366635838230999,-18.00053756590403,0.11176706187672371,0.16834736757815771,-14.35378729821815,-18.00053756590403,nan,0.06545293105199289,0.04631413082473085,3.437358799055497,-17.90043873016028,0.11152832583646957,0.15687032901960454,-14.194681276248708,-17.90043873016028,nan,70.35264265975212,0.5830774949651173,0.0,1.3868055379966149,120.65744822471837,46.0,46.0,,5.7976062077965586e-05,,,,,,,2.2845711585753916,,0,1.0606088950033472,3.988434240387901,inf,-inf,-0.15508139367639134,0.13600725158155608,-0.11972162909377453,0.14778813967675225,inf,-inf,2.952811392871371,0.22970704334364572,0.22970704334364572,0.22970704334364572,784,2.9557427282087954,1.6662045047355576,2.2381137863028404,,,-1.7278163866140817,2.334746105037339,0.4058700934159949,3.760513662649712,0.5752471708898715,0.0,0.0,2.395095120466921,2.4576021807440522,0.34432091146652294,1.271078628212116,3.6224900572226573,2.8499338882898284,0.4548347855229178,5910
220,3.382497959083914,-17.99678088381513,0.11193391756284443,0.16751233589369005,-14.334836671274683,-17.99678088381513,nan,0.06564092944093129,0.046292988121913105,3.3908139643740274,-17.900905704922813,0.11226351270763299,0.1479295108264658,-14.249898717014688,-17.900905704922813,nan,65.92532450498716,0.587075743107156,0.0,1.3959439520343542,112.29441052371011,46.0,46.0,,5.685298439601424e-05,,,,,,,2.2528727780609734,,0,1.0425782962555703,3.963141558553947,inf,-inf,-0.15580799807534057,0.11319065056101377,-0.12588489463252764,0.12452896618365662,inf,-inf,2.952843519658478,0.22982232514262058,0.22982232514262058,0.22982232514262058,784,2.94501107165946,1.6625769333995595,2.235781813267028,,,-1.7404604221798718,2.3023480583032025,0.4032800149562181,3.801289143259175,0.5799309052637143,0.0,0.0,2.363187201632575,2.426260705534152,0.3425872857300879,1.246121938471675,3.554803981119794,2.852693521694704,0.4552551158609193,5910
221,3.3666635543537136,-18.000862533092754,0.11212000651381256,0.16720649007486377,-14.354872482150363,-18.000862533092754,nan,0.0658337452544663,0.0462862612593463,3.3908139643740274,-17.900905704922813,0.11226351270763299,0.1479295108264658,-14.249898717014688,-17.900905704922813,nan,56.90748500891606,0.596219388026104,0.0,1.3846932456044174,95.44722320640889,46.0,46.0,,5.5740669640340166e-05,,,,,,,2.2528727780609734,,0,1.0425782962555703,3.963141558553947,inf,-inf,-0.15160236679680048,0.13824112096853747,-0.13163173395837255,0.14088639925829569,inf,-inf,2.9526134356748903,0.22990426985443937,0.22990426985443937,0.22990426985443937,784,2.94501107165946,1.6625769333995595,2.235781813267028,,,-1.7404604221798718,2.3023480583032025,0.4032800149562181,3.801289143259175,0.5799309052637143,0.0,0.0,2.363187201632575,2.426260705534152,0.3425872857300879,1.246121938471675,3.554803981119794,2.852693521694704,0.4552551158609193,5910
222,3.3592151102553736,-18.00037019686296,0.1122720918544583,0.16722276136864087,-14.361660233384486,-18.00037019686296,nan,0.06601872756116711,0.04625336429329116,3.3908139643740274,-17.900905704922813,0.11226351270763299,0.1479295108264658,-14.249898717014688,-17.900905704922813,nan,63.664934987147184,0.5949391266170514,0.0,1.3895266676712879,107.01083882171164,46.0,46.0,,5.463923978879106e-05,,,,,,,2.2528727780609734,,0,1.0425782962555703,3.963141558553947,inf,-inf,-0.15634019108177943,0.11624917377377415,-0.12379012242238979,0.1392706695001409,inf,-inf,2.9526053585534155,0.22996921351339045,0.22996921351339045,0.22996921351339045,784,2.94501107165946,1.6625769333995595,2.235781813267028,,,-1.7404604221798718,2.3023480583032025,0.4032800149562181,3.801289143259175,0.5799309052637143,0.0,0.0,2.363187201632575,2.426260705534152,0.3425872857300879,1.246121938471675,3.554803981119794,2.852693521694704,0.4552551158609193,5910
223,3.3469704196777634,-18.002995476546847,0.11241372492591395,0.16525374464116505,-14.378357587302006,-18.002995476546847,nan,0.0662005597469393,0.04621316517897465,3.3908139643740274,-17.900905704922813,0.11226351270763299,0.1479295108264658,-14.249898717014688,-17.900905704922813,nan,60.025564228338936,0.5840242843421725,0.0,1.3826782173513876,102.77922654526249,46.0,46.0,,5.3548815625562027e-05,,,,,,,2.2528727780609734,,0,1.0425782962555703,3.963141558553947,inf,-inf,-0.15924609379558272,0.14999909051993945,-0.12596875760029025,0.14691138104519624,inf,-inf,2.952987008207076,0.229978019425206,0.229978019425206,0.229978019425206,784,2.94501107165946,1.6625769333995595,2.235781813267028,,,-1.7404604221798718,2.3023480583032025,0.4032800149562181,3.801289143259175,0.5799309052637143,0.0,0.0,2.363187201632575,2.426260705534152,0.3425872857300879,1.246121938471675,3.554803981119794,2.852693521694704,0.4552551158609193,5910
224,3.3380924284968616,-18.004845110311805,0.11254718997471454,0.16758653963440232,-14.386618952205827,-18.004845110311805,nan,0.06637155273807759,0.046175637236636966,3.3908139643740274,-17.900905704922813,0.11226351270763299,0.1479295108264658,-14.249898717014688,-17.900905704922813,nan,68.84697167896846,0.5781888292607924,0.0,1.378525719345092,119.07350712221213,46.0,46.0,,5.2469516727950645e-05,,,,,,,2.2528727780609734,,0,1.0425782962555703,3.963141558553947,inf,-inf,-0.15675674188917238,0.13010854107620762,-0.11752566526489204,0.1475569472879459,inf,-inf,2.9530405135279976,0.23003314008964773,0.23003314008964773,0.23003314008964773,784,2.94501107165946,1.6625769333995595,2.235781813267028,,,-1.7404604221798718,2.3023480583032025,0.4032800149562181,3.801289143259175,0.5799309052637143,0.0,0.0,2.363187201632575,2.426260705534152,0.3425872857300879,1.246121938471675,3.554803981119794,2.852693521694704,0.4552551158609193,5910
225,3.329858686237726,-18.00159034986807,0.11267021759333033,0.16327629268805258,-14.395785153348962,-18.00159034986807,nan,0.06654858916410585,0.04612162842922449,3.348515980367227,-17.914721087377885,0.11296242650642828,0.15891202764145135,-14.29433065286278,-17.914721087377885,nan,61.877129107573,0.5971366527312484,0.0,1.383351344710973,103.62306320429784,46.0,46.0,,5.1401461453243575e-05,,,,,,,2.224371495666809,,0,1.026246537494781,3.9398144820865735,inf,-inf,-0.153498452050567,0.12409650161695802,-0.11826273059840935,0.1606457761242551,inf,-inf,2.9534718460448093,0.23006343131953688,0.23006343131953688,0.23006343131953688,784,2.935097609335845,1.6592295365261092,2.2324993261522708,,,-1.751970555160728,2.2726212966307644,0.4009249344529303,3.8390526429489755,0.5842240674144874,0.0,0.0,2.334541385866055,2.3978085353567966,0.3410038014226255,1.2235193021140789,3.4898410329253355,2.8522974888057373,0.45519481957007857,5910
226,3.3133122022420354,-18.003990562646162,0.1128001988444505,0.16305405445046817,-14.41482410710921,-18.003990562646162,nan,0.06671950200187272,0.04608069684257781,3.348515980367227,-17.914721087377885,0.11296242650642828,0.15891202764145135,-14.29433065286278,-17.914721087377885,nan,61.66796549636883,0.5835831258587705,0.0,1.382552493247693,105.67126217986764,46.0,46.0,,5.0344766925737514e-05,,,,,,,2.224371495666809,,0,1.026246537494781,3.9398144820865735,inf,-inf,-0.15404688250138965,0.1264857909525812,-0.12440603017821227,0.146498042829537,inf,-inf,2.9537759856464545,0.23010190221188995,0.23010190221188995,0.23010190221188995,784,2.935097609335845,1.6592295365261092,2.2324993261522708,,,-1.751970555160728,2.2726212966307644,0.4009249344529303,3.8390526429489755,0.5842240674144874,0.0,0.0,2.334541385866055,2.3978085353567966,0.3410038014226255,1.2235193021140789,3.4898410329253355,2.8522974888057373,0.45519481957007857,5910
227,3.3223757382303534,-18.012697313703878,0.1129381183106592,0.16421243022173185,-14.413171026941136,-18.012697313703878,nan,0.06689272428702465,0.04604539402363452,3.348515980367227,-17.914721087377885,0.11296242650642828,0.15891202764145135,-14.29433065286278,-17.914721087377885,nan,66.70437539343125,0.5703701667571552,0.0,1.364227324624553,116.949271334929,46.0,46.0,,4.929954902389538e-05,,,,,,,2.224371495666809,,0,1.026246537494781,3.9398144820865735,inf,-inf,-0.15263963662168095,0.10974229637849878,-0.1188343489293467,0.1460617295469361,inf,-inf,2.9540246269788413,0.23015383657175076,0.23015383657175076,0.23015383657175076,784,2.935097609335845,1.6592295365261092,2.2324993261522708,,,-1.751970555160728,2.2726212966307644,0.4009249344529303,3.8390526429489755,0.5842240674144874,0.0,0.0,2.334541385866055,2.3978085353567966,0.3410038014226255,1.2235193021140789,3.4898410329253355,2.8522974888057373,0.45519481957007857,5910
228,3.3115315997426755,-18.00960317492694,0.11305692057452743,0.16204427419589382,-14.422970380413844,-18.00960317492694,nan,0.06705591843400333,0.046001002140524154,3.348515980367227,-17.914721087377885,0.11296242650642828,0.15891202764145135,-14.29433065286278,-17.914721087377885,nan,63.743947479478294,0.5761983462235771,0.0,1.364627700658271,110.62848044819673,46.0,46.0,,4.826592236763859e-05,,,,,,,2.224371495666809,,0,1.026246537494781,3.9398144820865735,inf,-inf,-0.15469478248119553,0.11565264711720322,-0.12108221557859847,0.149171288702202,inf,-inf,2.9535262364039463,0.23019982966174637,0.23019982966174637,0.23019982966174637,784,2.935097609335845,1.6592295365261092,2.2324993261522708,,,-1.751970555160728,2.2726212966307644,0.4009249344529303,3.8390526429489755,0.5842240674144874,0.0,0.0,2.334541385866055,2.3978085353567966,0.3410038014226255,1.2235193021140789,3.4898410329253355,2.8522974888057373,0.45519481957007857,5910
229,3.303322713565021,-18.00613969043785,0.1131627298185184,0.16379209979409617,-14.425862147260215,-18.00613969043785,nan,0.06721574616841113,0.04594698365010728,3.348515980367227,-17.914721087377885,0.11296242650642828,0.15891202764145135,-14.29433065286278,-17.914721087377885,nan,59.353836910325,0.5880935740288722,0.0,1.3755182815789215,100.92583821943113,46.0,46.0,,4.724400030577784e-05,,,,,,,2.224371495666809,,0,1.026246537494781,3.9398144820865735,inf,-inf,-0.153752646863417,0.13199239198566845,-0.11803673773173495,0.17160438242901957,inf,-inf,2.9537926766134075,0.2302351906270944,0.2302351906270944,0.2302351906270944,784,2.935097609335845,1.6592295365261092,2.2324993261522708,,,-1.751970555160728,2.2726212966307644,0.4009249344529303,3.8390526429489755,0.5842240674144874,0.0,0.0,2.334541385866055,2.3978085353567966,0.3410038014226255,1.2235193021140789,3.4898410329253355,2.8522974888057373,0.45519481957007857,5910
230,3.268667208856954,-18.011710520538532,0.11330232232309119,0.16151206906674612,-14.468228920291741,-18.011710520538532,nan,0.06736776596376855,0.045934556359322684,3.3262338404485403,-17.900104921161866,0.11359728292717006,0.14356403613137939,-14.316709761654774,-17.900104921161866,nan,56.889029600219835,0.5728576376391565,0.0,1.3630176666345857,99.30744719520398,46.0,46.0,,4.623389490358338e-05,,,,,,,2.198828007927399,,0,1.011383825519419,3.9194804943533366,inf,-inf,-0.15329009470820165,0.11878521814109246,-0.12344088062406444,0.14255201991628363,inf,-inf,2.95379818054835,0.23027346765678378,0.23027346765678378,0.23027346765678378,784,2.926071919573829,1.6561789441217487,2.2296878793832082,,,-1.7624042378870608,2.246636968946677,0.39880553112764544,3.875364026451974,0.5883125035530219,0.0,0.0,2.308854572506746,2.3721856648244746,0.3395661734153885,1.2036448390046728,3.4308613887866533,2.8503934695750677,0.4549048143490069,5910
231,3.2959822255376356,-18.013103431236104,0.1134220503090784,0.16222771457197405,-14.441471440817416,-18.013103431236104,nan,0.06752960477886376,0.04589244553021461,3.3262338404485403,-17.900104921161866,0.11359728292717006,0.14356403613137939,-14.316709761654774,-17.900104921161866,nan,68.96394196252548,0.5715754624489875,0.0,1.3662500841556244,120.65588271938886,46.0,46.0,,4.523571693049536e-05,,,,,,,2.198828007927399,,0,1.011383825519419,3.9194804943533366,inf,-inf,-0.1568498501875978,0.11658480790739272,-0.124720973833538,0.15764638470379308,inf,-inf,2.953612229954283,0.23033029052265333,0.23033029052265333,0.23033029052265333,784,2.926071919573829,1.6561789441217487,2.2296878793832082,,,-1.7624042378870608,2.246636968946677,0.39880553112764544,3.875364026451974,0.5883125035530219,0.0,0.0,2.308854572506746,2.3721856648244746,0.3395661734153885,1.2036448390046728,3.4308613887866533,2.8503934695750677,0.4549048143490069,5910
232,3.2963239660878285,-18.013095612277418,0.11353839768608064,0.1605119975439985,-14.44272125095951,-18.013095612277418,nan,0.06768136304980446,0.04585703463627618,3.3262338404485403,-17.900104921161866,0.11359728292717006,0.14356403613137939,-14.316709761654774,-17.900104921161866,nan,62.02532083087204,0.5757982425181332,0.0,1.3567577794192427,107.72058031927516,46.0,46.0,,4.42495758479769e-05,,,,,,,2.198828007927399,,0,1.011383825519419,3.9194804943533366,inf,-inf,-0.15556145881975617,0.11745559167109534,-0.11901673470977077,0.14090103446441526,inf,-inf,2.9535557965192805,0.23036388317128678,0.23036388317128678,0.23036388317128678,784,2.926071919573829,1.6561789441217487,2.2296878793832082,,,-1.7624042378870608,2.246636968946677,0.39880553112764544,3.875364026451974,0.5883125035530219,0.0,0.0,2.308854572506746,2.3721856648244746,0.3395661734153885,1.2036448390046728,3.4308613887866533,2.8503934695750677,0.4549048143490069,5910
233,3.270787421994006,-18.0182925869475,0.1136458435322207,0.16037083717942976,-14.473488484241843,-18.0182925869475,nan,0.06783214877109278,0.04581369476112791,3.3262338404485403,-17.900104921161866,0.11359728292717006,0.14356403613137939,-14.316709761654774,-17.900104921161866,nan,62.377131918325254,0.5688710697048938,0.0,1.348414033197851,109.65073676656448,46.0,46.0,,4.3275579797510595e-05,,,,,,,2.198828007927399,,0,1.011383825519419,3.9194804943533366,inf,-inf,-0.15871304851092968,0.10953032265195353,-0.11788636577289323,0.1412135697244349,inf,-inf,2.9537500126364784,0.23038788546950606,0.23038788546950606,0.23038788546950606,784,2.926071919573829,1.6561789441217487,2.2296878793832082,,,-1.7624042378870608,2.246636968946677,0.39880553112764544,3.875364026451974,0.5883125035530219,0.0,0.0,2.308854572506746,2.3721856648244746,0.3395661734153885,1.2036448390046728,3.4308613887866533,2.8503934695750677,0.4549048143490069,5910
234,3.2634131480762845,-18.01324844948709,0.1137384691710252,0.1608530398170692,-14.47524379242271,-18.01324844948709,nan,0.06797623512227148,0.045762234048753715,3.3262338404485403,-17.900104921161866,0.11359728292717006,0.14356403613137939,-14.316709761654774,-17.900104921161866,nan,66.83152158344194,0.5799038628326569,0.0,1.3597880459411915,115.24586378333461,46.0,46.0,,4.231383558873924e-05,,,,,,,2.198828007927399,,0,1.011383825519419,3.9194804943533366,inf,-inf,-0.15533383089428593,0.12437371774564633,-0.12060397463451411,0.16436131013918157,inf,-inf,2.9537353033605718,0.2304303336949624,0.2304303336949624,0.2304303336949624,784,2.926071919573829,1.6561789441217487,2.2296878793832082,,,-1.7624042378870608,2.246636968946677,0.39880553112764544,3.875364026451974,0.5883125035530219,0.0,0.0,2.308854572506746,2.3721856648244746,0.3395661734153885,1.2036448390046728,3.4308613887866533,2.8503934695750677,0.4549048143490069,5910
235,3.258797360907628,-18.015704462384495,0.11385530008917956,0.1600859156589207,-14.482965885728767,-18.015704462384495,nan,0.06812178295050543,0.04573351713867418,3.280392679948884,-17.923522598149503,0.11415776810620695,0.14507401166235717,-14.383898138432055,-17.923522598149503,nan,59.82720087829248,0.5721374546164223,0.0,1.3502833207471558,104.56788031540844,46.0,46.0,,4.136444868775326e-05,,,,,,,2.176073274130727,,0,0.99826190621157,3.9013304554702013,inf,-inf,-0.1529130575182064,0.12873354259324998,-0.11548258042591694,0.15127524296878245,inf,-inf,2.953674917973505,0.2304762060216642,0.2304762060216642,0.2304762060216642,784,2.917778243957373,1.6533779941591362,2.2271477854722574,,,-1.7717924676080374,2.223284531049457,0.3969315835307671,3.9081231400242973,0.5919682393329475,0.0,0.0,2.2859549677785753,2.3488593317478292,0.3382889355625272,1.1860717909081153,3.377847172586101,2.8479280921097145,0.45452901951741387,5910
236,3.2681737626110903,-18.019928368324717,0.11396776867441395,0.15962183463314855,-14.478165002406065,-18.019928368324717,nan,0.06825597001526827,0.04571179865914562,3.280392679948884,-17.923522598149503,0.11415776810620695,0.14507401166235717,-14.383898138432055,-17.923522598149503,nan,59.778040009731164,0.5659848098509176,0.0,1.3474789737232937,105.61774621738861,46.0,46.0,,4.0427523205524943e-05,,,,,,,2.176073274130727,,0,0.99826190621157,3.9013304554702013,inf,-inf,-0.15411892013043482,0.12849085903055948,-0.11916708728179055,0.14829104365730705,inf,-inf,2.953593359340597,0.23050574231394227,0.23050574231394227,0.23050574231394227,784,2.917778243957373,1.6533779941591362,2.2271477854722574,,,-1.7717924676080374,2.223284531049457,0.3969315835307671,3.9081231400242973,0.5919682393329475,0.0,0.0,2.2859549677785753,2.3488593317478292,0.3382889355625272,1.1860717909081153,3.377847172586101,2.8479280921097145,0.45452901951741387,5910
237,3.2572896278535977,-18.018724224644235,0.11407445466797661,0.15813150906278417,-14.489228633059875,-18.018724224644235,nan,0.06840060106613134,0.045673853601845324,3.280392679948884,-17.923522598149503,0.11415776810620695,0.14507401166235717,-14.383898138432055,-17.923522598149503,nan,69.27953501244023,0.5668170221058672,0.0,1.3459135541423262,122.22557246966475,46.0,46.0,,3.950316188649156e-05,,,,,,,2.176073274130727,,0,0.99826190621157,3.9013304554702013,inf,-inf,-0.1634633163678541,0.11017466589027528,-0.11719876978796567,0.14912262178248342,inf,-inf,2.95347447426812,0.23054933827597052,0.23054933827597052,0.23054933827597052,784,2.917778243957373,1.6533779941591362,2.2271477854722574,,,-1.7717924676080374,2.223284531049457,0.3969315835307671,3.9081231400242973,0.5919682393329475,0.0,0.0,2.2859549677785753,2.3488593317478292,0.3382889355625272,1.1860717909081153,3.377847172586101,2.8479280921097145,0.45452901951741387,5910
238,3.2234335498694184,-18.01998713709234,0.11418710285937865,0.15815667792675106,-14.52420980643679,-18.01998713709234,nan,0.06853979021262449,0.04564731264675415,3.280392679948884,-17.923522598149503,0.11415776810620695,0.14507401166235717,-14.383898138432055,-17.923522598149503,nan,67.09927200370585,0.5644395525039421,0.0,1.3446057658888575,118.87769329070402,46.0,46.0,,3.859146609728844e-05,,,,,,,2.176073274130727,,0,0.99826190621157,3.9013304554702013,inf,-inf,-0.15314233431800522,0.10150790019856915,-0.11905166757807505,0.1420449149290458,inf,-inf,2.9534674407428443,0.23059362573759587,0.23059362573759587,0.23059362573759587,784,2.917778243957373,1.6533779941591362,2.2271477854722574,,,-1.7717924676080374,2.223284531049457,0.3969315835307671,3.9081231400242973,0.5919682393329475,0.0,0.0,2.2859549677785753,2.3488593317478292,0.3382889355625272,1.1860717909081153,3.377847172586101,2.8479280921097145,0.45452901951741387,5910
239,3.2284989484456035,-18.021756112947916,0.11429860618303743,0.15680330253884717,-14.522155255780428,-18.021756112947916,nan,0.06866911771821001,0.045629488464827374,3.280392679948884,-17.923522598149503,0.11415776810620695,0.14507401166235717,-14.383898138432055,-17.923522598149503,nan,64.84567229494591,0.567004407983969,0.0,1.3413456594789588,114.3653759686103,46.0,46.0,,3.769253581563266e-05,,,,,,,2.176073274130727,,0,0.99826190621157,3.9013304554702013,inf,-inf,-0.1527968880835828,0.11512529212771502,-0.11217196680318442,0.16118395485586642,inf,-inf,2.953374340593599,0.23063234488116177,0.23063234488116177,0.23063234488116177,784,2.917778243957373,1.6533779941591362,2.2271477854722574,,,-1.7717924676080374,2.223284531049457,0.3969315835307671,3.9081231400242973,0.5919682393329475,0.0,0.0,2.2859549677785753,2.3488593317478292,0.3382889355625272,1.1860717909081153,3.377847172586101,2.8479280921097145,0.45452901951741387,5910
240,3.2327561076481386,-18.021486596705596,0.11439253925278899,0.1579699570640765,-14.51636799274059,-18.021486596705596,nan,0.06879747862268139,0.045595060630107626,3.2458255369355644,-17.891715234050483,0.11466870006716594,0.1292247638868712,-14.401996233160883,-17.891715234050483,nan,58.39548399247103,0.5569505197473189,0.0,1.3405438195259536,104.84860310205706,46.0,46.0,,3.680646961935965e-05,,,,,,,2.155887591857761,,0,0.9864445541413845,3.884867480136785,inf,-inf,-0.15375134699565116,0.11454301948808342,-0.11282320520736161,0.15092217266107658,inf,-inf,2.953213129263586,0.23066563724391465,0.23066563724391465,0.23066563724391465,784,2.9103134502214494,1.6508536214311091,2.224518445882034,,,-1.7801993622966918,2.2026055150584454,0.395268152814388,3.938252245224496,0.5953035292730772,0.0,0.0,2.2656526119016025,2.3280358714734763,0.33716980728285184,1.1703431404768727,3.330302272636457,2.8455776408271842,0.45417043971514176,5910
241,3.20535962249152,-18.0228071684254,0.11446612767939533,0.15587895598378604,-14.547102462270695,-18.0228071684254,nan,0.0689202901716713,0.04554583750772401,3.2458255369355644,-17.891715234050483,0.11466870006716594,0.1292247638868712,-14.401996233160883,-17.891715234050483,nan,60.65674771160631,0.5645059250015155,0.0,1.3377557540409895,107.45103820025177,46.0,46.0,,3.593336467561294e-05,,,,,,,2.155887591857761,,0,0.9864445541413845,3.884867480136785,inf,-inf,-0.1542537045872624,0.13782354361753674,-0.1252895014272246,0.19764728000903206,inf,-inf,2.953522917460469,0.23066523898345662,0.23066523898345662,0.23066523898345662,784,2.9103134502214494,1.6508536214311091,2.224518445882034,,,-1.7801993622966918,2.2026055150584454,0.395268152814388,3.938252245224496,0.5953035292730772,0.0,0.0,2.2656526119016025,2.3280358714734763,0.33716980728285184,1.1703431404768727,3.330302272636457,2.8455776408271842,0.45417043971514176,5910
242,3.237880296541678,-18.024186244388844,0.11456078286719684,0.15677092994124495,-14.514974235038721,-18.024186244388844,nan,0.0690500224481653,0.045510760419031585,3.2458255369355644,-17.891715234050483,0.11466870006716594,0.1292247638868712,-14.401996233160883,-17.891715234050483,nan,58.26534846284861,0.564752148848916,0.0,1.3361753893128345,103.16976851102855,46.0,46.0,,3.5073316730188546e-05,,,,,,,2.155887591857761,,0,0.9864445541413845,3.884867480136785,inf,-inf,-0.15396059570793377,0.12367661217364487,-0.1215266142460194,0.15647957551125558,inf,-inf,2.95364464269634,0.23067399797311783,0.23067399797311783,0.23067399797311783,784,2.9103134502214494,1.6508536214311091,2.224518445882034,,,-1.7801993622966918,2.2026055150584454,0.395268152814388,3.938252245224496,0.5953035292730772,0.0,0.0,2.2656526119016025,2.3280358714734763,0.33716980728285184,1.1703431404768727,3.330302272636457,2.8455776408271842,0.45417043971514176,5910
243,3.2097182990356306,-18.022901221383357,0.11463810354139442,0.1539423443120138,-14.544602474494317,-18.022901221383357,nan,0.06916513273960515,0.04547297080178927,3.2458255369355644,-17.891715234050483,0.11466870006716594,0.1292247638868712,-14.401996233160883,-17.891715234050483,nan,59.507431212187605,0.555009710147336,0.0,1.33676647264296,107.21872090560439,46.0,46.0,,3.422642009703561e-05,,,,,,,2.155887591857761,,0,0.9864445541413845,3.884867480136785,inf,-inf,-0.15058911436347053,0.10013642194760823,-0.12414179366824772,0.141873432403707,inf,-inf,2.953773735184961,0.2306973966111516,0.2306973966111516,0.2306973966111516,784,2.9103134502214494,1.6508536214311091,2.224518445882034,,,-1.7801993622966918,2.2026055150584454,0.395268152814388,3.938252245224496,0.5953035292730772,0.0,0.0,2.2656526119016025,2.3280358714734763,0.33716980728285184,1.1703431404768727,3.330302272636457,2.8455776408271842,0.45417043971514176,5910
244,3.208930051890165,-18.022921531446247,0.11473830521916391,0.15510255941507844,-14.544150614921838,-18.022921531446247,nan,0.06928946457814295,0.045448840641021,3.2458255369355644,-17.891715234050483,0.11466870006716594,0.1292247638868712,-14.401996233160883,-17.891715234050483,nan,58.30614350135321,0.5590686055411733,0.0,1.3392145359482346,104.29157159506997,46.0,46.0,,3.339276764791356e-05,,,,,,,2.155887591857761,,0,0.9864445541413845,3.884867480136785,inf,-inf,-0.15427763468631572,0.11716257111818693,-0.1250855354658884,0.14780368887854664,inf,-inf,2.9538865830589027,0.23071306552465431,0.23071306552465431,0.23071306552465431,784,2.9103134502214494,1.6508536214311091,2.224518445882034,,,-1.7801993622966918,2.2026055150584454,0.395268152814388,3.938252245224496,0.5953035292730772,0.0,0.0,2.2656526119016025,2.3280358714734763,0.33716980728285184,1.1703431404768727,3.330302272636457,2.8455776408271842,0.45417043971514176,5910
245,3.216131422367463,-18.025751507413016,0.11481365285656056,0.15653025013118424,-14.53827618205781,-18.025751507413016,nan,0.06940488906404994,0.045408763792510666,3.243539296221604,-17.92664654431171,0.11508409803327543,0.13604174651184278,-14.431981403544986,-17.92664654431171,nan,66.41955397936808,0.5531307852437374,0.0,1.3334150895602759,120.07929363414524,46.0,46.0,,3.2572450802207845e-05,,,,,,,2.138000399888439,,0,0.9759851475545759,3.870406294760042,inf,-inf,-0.15215999490979742,0.12981728237541082,-0.12168299301466662,0.14293563326665776,inf,-inf,2.9538068304551914,0.23071309046793542,0.23071309046793542,0.23071309046793542,784,2.903747464927397,1.648619682031238,2.222427516407109,,,-1.7877139688904282,2.1839948877161124,0.3937948606056375,3.9656405678485123,0.5983133486806921,0.0,0.0,2.247669130741119,2.30942687740321,0.3361730789495192,1.1563013680187995,3.2879669015233954,2.8435207225923986,0.45385639758721424,5910
246,3.1994062934749117,-18.02515712110699,0.11489778229065604,0.15170947980879482,-14.559143565532626,-18.02515712110699,nan,0.0695153314727571,0.04538245081789897,3.243539296221604,-17.92664654431171,0.11508409803327543,0.13604174651184278,-14.431981403544986,-17.92664654431171,nan,63.914343215358315,0.5547442414395151,0.0,1.329665185197524,115.21407243364243,46.0,46.0,,3.1765559516904784e-05,,,,,,,2.138000399888439,,0,0.9759851475545759,3.870406294760042,inf,-inf,-0.1530135898523262,0.1280793382877418,-0.11667758401370312,0.16544153207358758,inf,-inf,2.953657526679444,0.2307687340207032,0.2307687340207032,0.2307687340207032,784,2.903747464927397,1.648619682031238,2.222427516407109,,,-1.7877139688904282,2.1839948877161124,0.3937948606056375,3.9656405678485123,0.5983133486806921,0.0,0.0,2.247669130741119,2.30942687740321,0.3361730789495192,1.1563013680187995,3.2879669015233954,2.8435207225923986,0.45385639758721424,5910
247,3.2221002432224366,-18.028144615695492,0.11500376449607506,0.15353092601763754,-14.537509681959342,-18.028144615695492,nan,0.06962556169552285,0.045378202800552166,3.243539296221604,-17.92664654431171,0.11508409803327543,0.13604174651184278,-14.431981403544986,-17.92664654431171,nan,63.16962289347897,0.5546022257676279,0.0,1.3286975249353465,113.90077420992237,46.0,46.0,,3.097218227672658e-05,,,,,,,2.138000399888439,,0,0.9759851475545759,3.870406294760042,inf,-inf,-0.14837594856470268,0.11121000473492715,-0.12126004386958406,0.1525160632706232,inf,-inf,2.9535869976910245,0.23078958363903163,0.23078958363903163,0.23078958363903163,784,2.903747464927397,1.648619682031238,2.222427516407109,,,-1.7877139688904282,2.1839948877161124,0.3937948606056375,3.9656405678485123,0.5983133486806921,0.0,0.0,2.247669130741119,2.30942687740321,0.3361730789495192,1.1563013680187995,3.2879669015233954,2.8435207225923986,0.45385639758721424,5910
248,3.2000852723719957,-18.02881229288809,0.1150797885956802,0.1546439577178258,-14.559003274202588,-18.02881229288809,nan,0.06973361793413758,0.04534617066154261,3.243539296221604,-17.92664654431171,0.11508409803327543,0.13604174651184278,-14.431981403544986,-17.92664654431171,nan,73.54484052797686,0.5562661211426646,0.0,1.3215291214745823,132.21161191140553,46.0,46.0,,3.019240608442822e-05,,,,,,,2.138000399888439,,0,0.9759851475545759,3.870406294760042,inf,-inf,-0.1555040176373707,0.10763741518445621,-0.11902435636641369,0.14726213528204438,inf,-inf,2.953400019419568,0.23081562161311225,0.23081562161311225,0.23081562161311225,784,2.903747464927397,1.648619682031238,2.222427516407109,,,-1.7877139688904282,2.1839948877161124,0.3937948606056375,3.9656405678485123,0.5983133486806921,0.0,0.0,2.247669130741119,2.30942687740321,0.3361730789495192,1.1563013680187995,3.2879669015233954,2.8435207225923986,0.45385639758721424,5910
249,3.2023244638837203,-18.02854868251915,0.11516354927308228,0.15388265857257225,-14.557178010789777,-18.02854868251915,nan,0.06984294350353873,0.04532060576954361,3.243539296221604,-17.92664654431171,0.11508409803327543,0.13604174651184278,-14.431981403544986,-17.92664654431171,nan,64.98319416678086,0.5569099603851329,0.0,1.3266940984851952,116.68527911018421,46.0,46.0,,2.9426316451256454e-05,,,,,,,2.138000399888439,,0,0.9759851475545759,3.870406294760042,inf,-inf,-0.15560657855378757,0.12787879737469116,-0.11482747981021582,0.16972093159484697,inf,-inf,2.9533458533646018,0.23083038825998964,0.23083038825998964,0.23083038825998964,784,2.903747464927397,1.648619682031238,2.222427516407109,,,-1.7877139688904282,2.1839948877161124,0.3937948606056375,3.9656405678485123,0.5983133486806921,0.0,0.0,2.247669130741119,2.30942687740321,0.3361730789495192,1.1563013680187995,3.2879669015233954,2.8435207225923986,0.45385639758721424,5910
250,3.1671053474768325,-18.026342140359187,0.11523746061231424,0.1525048357687092,-14.59149449650133,-18.026342140359187,nan,0.06994644660444492,0.0452910140078693,3.2106440379032657,-17.94448683706568,0.11551432319987837,0.1454365499602305,-14.472891926002305,-17.94448683706568,nan,55.864737198440864,0.5525541154624669,0.0,1.328386424712998,101.1027438492322,46.0,46.0,,2.8673997387572544e-05,,,,,,,2.1222498114142536,,0,0.9668044232154785,3.8576392772651085,inf,-inf,-0.15093273003233412,0.1337856607996232,-0.11438207347534685,0.13169691072911321,inf,-inf,2.952914766740955,0.23086097196299152,0.23086097196299152,0.23086097196299152,784,2.8978023750190918,1.6465965104556541,2.220524460368822,,,-1.7943774492342865,2.1676810308946335,0.3924992163231578,3.990092706066705,0.6009829862294759,0.0,0.0,2.231819667628746,2.293743174249766,0.33527603900178254,1.1443157568827171,3.2504989574322054,2.8405612156272655,0.4534041529946042,5910
251,3.1827130804268458,-18.027566073927176,0.11531195830052578,0.15349994281940713,-14.576041092380398,-18.027566073927176,nan,0.07004664958223347,0.04526530871829228,3.2106440379032657,-17.94448683706568,0.11551432319987837,0.1454365499602305,-14.472891926002305,-17.94448683706568,nan,60.491653006217554,0.5561530371374458,0.0,1.3241822467903248,108.76799903417205,46.0,46.0,,2.7935531393639814e-05,,,,,,,2.1222498114142536,,0,0.9668044232154785,3.8576392772651085,inf,-inf,-0.15812859319874398,0.12349646385491489,-0.12030976171571421,0.14618933820365176,inf,-inf,2.9529668002760925,0.2308650792580633,0.2308650792580633,0.2308650792580633,784,2.8978023750190918,1.6465965104556541,2.220524460368822,,,-1.7943774492342865,2.1676810308946335,0.3924992163231578,3.990092706066705,0.6009829862294759,0.0,0.0,2.231819667628746,2.293743174249766,0.33527603900178254,1.1443157568827171,3.2504989574322054,2.8405612156272655,0.4534041529946042,5910
252,3.16148450158436,-18.032042379292374,0.11539193917873808,0.152842336900839,-14.602323601628438,-18.032042379292374,nan,0.07013937414760933,0.04525256503112872,3.2106440379032657,-17.94448683706568,0.11551432319987837,0.1454365499602305,-14.472891926002305,-17.94448683706568,nan,62.960353644598605,0.5497082964940576,0.0,1.3180751888105684,114.53411572310009,46.0,46.0,,2.7210999450576172e-05,,,,,,,2.1222498114142536,,0,0.9668044232154785,3.8576392772651085,inf,-inf,-0.15012250314313647,0.11961396383595937,-0.11914777171701789,0.14120013074385387,inf,-inf,2.9528636343053845,0.23088606829769048,0.23088606829769048,0.23088606829769048,784,2.8978023750190918,1.6465965104556541,2.220524460368822,,,-1.7943774492342865,2.1676810308946335,0.3924992163231578,3.990092706066705,0.6009829862294759,0.0,0.0,2.231819667628746,2.293743174249766,0.33527603900178254,1.1443157568827171,3.2504989574322054,2.8405612156272655,0.4534041529946042,5910
253,3.167109847212535,-18.030802786108985,0.11546028245540906,0.15048974222727524,-14.597742914213766,-18.030802786108985,nan,0.07024087748354096,0.04521940497186807,3.2106440379032657,-17.94448683706568,0.11551432319987837,0.1454365499602305,-14.472891926002305,-17.94448683706568,nan,56.96019980247908,0.5488534246603389,0.0,1.3184225677014905,103.78034871100463,46.0,46.0,,2.6500481011473898e-05,,,,,,,2.1222498114142536,,0,0.9668044232154785,3.8576392772651085,inf,-inf,-0.1540353766019336,0.10926701427827014,-0.1117308767678002,0.14494710529488106,inf,-inf,2.952764805549086,0.2309018277108313,0.2309018277108313,0.2309018277108313,784,2.8978023750190918,1.6465965104556541,2.220524460368822,,,-1.7943774492342865,2.1676810308946335,0.3924992163231578,3.990092706066705,0.6009829862294759,0.0,0.0,2.231819667628746,2.293743174249766,0.33527603900178254,1.1443157568827171,3.2504989574322054,2.8405612156272655,0.4534041529946042,5910
254,3.165183805823868,-18.03417981947896,0.1155287330641832,0.15161747370512985,-14.60184980688578,-18.03417981947896,nan,0.07033111738680715,0.04519761567737607,3.2106440379032657,-17.94448683706568,0.11551432319987837,0.1454365499602305,-14.472891926002305,-17.94448683706568,nan,66.88467727631122,0.5606309361761791,0.0,1.31254585550269,119.30250894198356,46.0,46.0,,2.5804053992686704e-05,,,,,,,2.1222498114142536,,0,0.9668044232154785,3.8576392772651085,inf,-inf,-0.14962741775278462,0.11752628573272887,-0.11764077889505553,0.15771226711340888,inf,-inf,2.952629638763621,0.23092843291837187,0.23092843291837187,0.23092843291837187,784,2.8978023750190918,1.6465965104556541,2.220524460368822,,,-1.7943774492342865,2.1676810308946335,0.3924992163231578,3.990092706066705,0.6009829862294759,0.0,0.0,2.231819667628746,2.293743174249766,0.33527603900178254,1.1443157568827171,3.2504989574322054,2.8405612156272655,0.4534041529946042,5910
255,3.1539194315488412,-18.033644261230883,0.11559591915341615,0.15043774044009392,-14.613691170088533,-18.033644261230883,nan,0.07042211914670739,0.04517380000670873,3.202808857406864,-17.948552776731944,0.11586508035595619,0.14852001774279472,-14.481358821226328,-17.948552776731944,nan,55.51127855235071,0.5466135267631753,0.0,1.313152420649598,101.55489360291922,46.0,46.0,,2.5121794765285192e-05,,,,,,,2.1084724940676085,,0,0.9587979020058709,3.8469064846299377,inf,-inf,-0.15143938844266294,0.10891272759163344,-0.11504869728922487,0.1563940035608395,inf,-inf,2.952947038535002,0.23092672960862887,0.23092672960862887,0.23092672960862887,784,2.8925794465240604,1.6448150461425077,2.218115913123874,,,-1.800243882257423,2.1535426260382526,0.391374010394507,4.012218296037096,0.6033845540057149,0.0,0.0,2.2179552363630473,2.2798861369122836,0.3345111179458672,1.1337938450291827,3.2182279856612026,2.8384595663229844,0.4530827121080648,5910
256,3.153944683352151,-18.03369281027021,0.11565933785672042,0.15228931687113229,-14.611799472190206,-18.03369281027021,nan,0.07051172327729606,0.045147614579424344,3.202808857406864,-17.948552776731944,0.11586508035595619,0.14852001774279472,-14.481358821226328,-17.948552776731944,nan,68.90229119726882,0.5503728418478574,0.0,1.3113272991452463,125.1920261289271,46.0,46.0,,2.445377814668197e-05,,,,,,,2.1084724940676085,,0,0.9587979020058709,3.8469064846299377,inf,-inf,-0.15526246452636291,0.11161181240706018,-0.11392975367301386,0.16535452388351604,inf,-inf,2.9526737639057976,0.23095202596299358,0.23095202596299358,0.23095202596299358,784,2.8925794465240604,1.6448150461425077,2.218115913123874,,,-1.800243882257423,2.1535426260382526,0.391374010394507,4.012218296037096,0.6033845540057149,0.0,0.0,2.2179552363630473,2.2798861369122836,0.3345111179458672,1.1337938450291827,3.2182279856612026,2.8384595663229844,0.4530827121080648,5910
257,3.1615079153954784,-18.035467872006226,0.1157309859962074,0.14919412175058303,-14.609034848863958,-18.035467872006226,nan,0.07059669215747617,0.045134293838731236,3.202808857406864,-17.948552776731944,0.11586508035595619,0.14852001774279472,-14.481358821226328,-17.948552776731944,nan,74.8398914288401,0.5467242263762015,0.0,1.3087300631023135,136.88782720475731,46.0,46.0,,2.380007739242722e-05,,,,,,,2.1084724940676085,,0,0.9587979020058709,3.8469064846299377,inf,-inf,-0.1565460694817277,0.11778941308941072,-0.11683813797224347,0.13849149061909014,inf,-inf,2.9525695813246644,0.2309679334216125,0.2309679334216125,0.2309679334216125,784,2.8925794465240604,1.6448150461425077,2.218115913123874,,,-1.800243882257423,2.1535426260382526,0.391374010394507,4.012218296037096,0.6033845540057149,0.0,0.0,2.2179552363630473,2.2798861369122836,0.3345111179458672,1.1337938450291827,3.2182279856612026,2.8384595663229844,0.4530827121080648,5910
258,3.149563521782678,-18.03494712338945,0.11578495519523868,0.14912361288905893,-14.620475033522476,-18.03494712338945,nan,0.07068015958749072,0.04510479560774798,3.202808857406864,-17.948552776731944,0.11586508035595619,0.14852001774279472,-14.481358821226328,-17.948552776731944,nan,70.41990460953811,0.5493407591658128,0.0,1.3100111031595483,128.1898410678145,46.0,46.0,,2.316076418817509e-05,,,,,,,2.1084724940676085,,0,0.9587979020058709,3.8469064846299377,inf,-inf,-0.15147089314970288,0.10841117394400808,-0.11802966493819768,0.16105759615946402,inf,-inf,2.9525439073941446,0.2309879826427547,0.2309879826427547,0.2309879826427547,784,2.8925794465240604,1.6448150461425077,2.218115913123874,,,-1.800243882257423,2.1535426260382526,0.391374010394507,4.012218296037096,0.6033845540057149,0.0,0.0,2.2179552363630473,2.2798861369122836,0.3345111179458672,1.1337938450291827,3.2182279856612026,2.8384595663229844,0.4530827121080648,5910
259,3.155192744474936,-18.035963614517605,0.11586658364868498,0.1508320098470092,-14.614072276546974,-18.035963614517605,nan,0.07076307159149171,0.0451035120571933,3.202808857406864,-17.948552776731944,0.11586508035595619,0.14852001774279472,-14.481358821226328,-17.948552776731944,nan,65.15377111416389,0.558090746625925,0.0,1.3112160302609706,116.744044777784,46.0,46.0,,2.2535908641822916e-05,,,,,,,2.1084724940676085,,0,0.9587979020058709,3.8469064846299377,inf,-inf,-0.15115946170616099,0.1182486716478379,-0.11389102047580896,0.17942954466590239,inf,-inf,2.9524857025743643,0.2310178729272014,0.2310178729272014,0.2310178729272014,784,2.8925794465240604,1.6448150461425077,2.218115913123874,,,-1.800243882257423,2.1535426260382526,0.391374010394507,4.012218296037096,0.6033845540057149,0.0,0.0,2.2179552363630473,2.2798861369122836,0.3345111179458672,1.1337938450291827,3.2182279856612026,2.8384595663229844,0.4530827121080648,5910
260,3.160299784231747,-18.038938969949296,0.11591557878720407,0.15229391798036118,-14.610429688949985,-18.038938969949296,nan,0.07084341190408519,0.04507216688311891,3.1618634205734835,-17.923278747251125,0.11618289629357602,0.12831684123157858,-14.516915589152486,-17.923278747251125,nan,71.38245352845216,0.5421978937320637,0.0,1.3020018099890271,131.65387463442823,46.0,46.0,,2.192557927582279e-05,,,,,,,2.09647405205463,,0,0.9518190116039571,3.8372140019190435,inf,-inf,-0.1522468567647012,0.11384325702487205,-0.11295921382043476,0.1394853106547164,inf,-inf,2.952484538166065,0.23102695586678607,0.23102695586678607,0.23102695586678607,784,2.887946405018271,1.643238715059869,2.2171030551219646,,,-1.8053849686746268,2.1410754265029386,0.39039352834571517,4.031453411980882,0.6054616453987893,0.0,0.0,2.20588933965401,2.2677863422741122,0.33384515979852786,1.12456328162004,3.1901501611002563,2.836790257373994,0.452827226725547,5910
261,3.146338063559444,-18.036891058887772,0.1159752894079114,0.148234022795356,-14.62634368312506,-18.036891058887772,nan,0.07092312396490617,0.04505216544300524,3.1618634205734835,-17.923278747251125,0.11618289629357602,0.12831684123157858,-14.516915589152486,-17.923278747251125,nan,70.1752549524485,0.5498359332657874,0.0,1.3057858843982915,127.62944490666128,46.0,46.0,,2.1329843019667432e-05,,,,,,,2.09647405205463,,0,0.9518190116039571,3.8372140019190435,inf,-inf,-0.1497046558846842,0.10387647953171268,-0.1215727065839712,0.1389515108042824,inf,-inf,2.9524999384285264,0.23102281753085618,0.23102281753085618,0.23102281753085618,784,2.887946405018271,1.643238715059869,2.2171030551219646,,,-1.8053849686746268,2.1410754265029386,0.39039352834571517,4.031453411980882,0.6054616453987893,0.0,0.0,2.20588933965401,2.2677863422741122,0.33384515979852786,1.12456328162004,3.1901501611002563,2.836790257373994,0.452827226725547,5910
262,3.1207026542852154,-18.039049490278877,0.11604124507727445,0.1492504943348419,-14.653055096581545,-18.039049490278877,nan,0.0709961260477532,0.045045119029521234,3.1618634205734835,-17.923278747251125,0.11618289629357602,0.12831684123157858,-14.516915589152486,-17.923278747251125,nan,65.63283896733601,0.5414299142055302,0.0,1.301779221536121,121.22130167787769,46.0,46.0,,2.0748765202550787e-05,,,,,,,2.09647405205463,,0,0.9518190116039571,3.8372140019190435,inf,-inf,-0.15150330736064807,0.11029388751186263,-0.11784563894156132,0.15696044092738257,inf,-inf,2.952325378235516,0.2310533799086566,0.2310533799086566,0.2310533799086566,784,2.887946405018271,1.643238715059869,2.2171030551219646,,,-1.8053849686746268,2.1410754265029386,0.39039352834571517,4.031453411980882,0.6054616453987893,0.0,0.0,2.20588933965401,2.2677863422741122,0.33384515979852786,1.12456328162004,3.1901501611002563,2.836790257373994,0.452827226725547,5910
263,3.150152905979987,-18.036030650479464,0.1160851424165613,0.14856936844961985,-14.621223233633296,-18.036030650479464,nan,0.07106533351474374,0.04501980890181757,3.1618634205734835,-17.923278747251125,0.11618289629357602,0.12831684123157858,-14.516915589152486,-17.923278747251125,nan,60.11828541629898,0.5486572024516791,0.0,1.3063500230489875,109.57349169510569,46.0,46.0,,2.0182409546203575e-05,,,,,,,2.09647405205463,,0,0.9518190116039571,3.8372140019190435,inf,-inf,-0.1470994029570725,0.11760739250913999,-0.11571839311761899,0.17354997099763284,inf,-inf,2.952093853842612,0.23107420901506368,0.23107420901506368,0.23107420901506368,784,2.887946405018271,1.643238715059869,2.2171030551219646,,,-1.8053849686746268,2.1410754265029386,0.39039352834571517,4.031453411980882,0.6054616453987893,0.0,0.0,2.20588933965401,2.2677863422741122,0.33384515979852786,1.12456328162004,3.1901501611002563,2.836790257373994,0.452827226725547,5910
264,3.140678555163608,-18.034503042308174,0.11614519779670464,0.14868075781793075,-14.628998531529932,-18.034503042308174,nan,0.07113901927440172,0.045006178522302875,3.1618634205734835,-17.923278747251125,0.11618289629357602,0.12831684123157858,-14.516915589152486,-17.923278747251125,nan,69.75365973473096,0.5402598164200182,0.0,1.3088525339682031,129.11132313512996,46.0,46.0,,1.9630838157905765e-05,,,,,,,2.09647405205463,,0,0.9518190116039571,3.8372140019190435,inf,-inf,-0.15165948496572465,0.12011468816381285,-0.10830276157020713,0.156836473383558,inf,-inf,2.9519546830738452,0.23109255747293742,0.23109255747293742,0.23109255747293742,784,2.887946405018271,1.643238715059869,2.2171030551219646,,,-1.8053849686746268,2.1410754265029386,0.39039352834571517,4.031453411980882,0.6054616453987893,0.0,0.0,2.20588933965401,2.2677863422741122,0.33384515979852786,1.12456328162004,3.1901501611002563,2.836790257373994,0.452827226725547,5910
265,3.1411132308262437,-18.040497301512175,0.1162029792164765,0.1486796313341807,-14.634501460135274,-18.040497301512175,nan,0.0712161373766925,0.044986841839783985,3.1314250562374273,-17.95512235496622,0.11645907066599215,0.14921920344872858,-14.558019024614072,-17.95512235496622,nan,65.16003053464587,0.5347507597806707,0.0,1.2982609513019425,121.85121637110234,46.0,46.0,,1.9094111523675756e-05,,,,,,,2.086006773168887,,0,0.9457722832174186,3.829071872903933,inf,-inf,-0.15504405583935232,0.10897254391004396,-0.10914875802964635,0.15581030676057278,inf,-inf,2.952033468892457,0.23108370825255478,0.23108370825255478,0.23108370825255478,784,2.883957865125367,1.6418717143879669,2.215329734645578,,,-1.8098953121578236,2.130540664668735,0.3895448126841979,4.048619251008108,0.6073069358295732,0.0,0.0,2.195351428194079,2.256914309222867,0.3332481178655358,1.11667999745754,3.175813504580756,2.843978142181696,0.45392625423552246,5910
266,3.114935626116381,-18.03516020076217,0.11625627954848076,0.1507469183917922,-14.653221376705517,-18.03516020076217,nan,0.07128550105843488,0.04497077849004588,3.1314250562374273,-17.95512235496622,0.11645907066599215,0.14921920344872858,-14.558019024614072,-17.95512235496622,nan,53.94231973180213,0.5471084676622905,0.0,1.3107053838194627,98.59529310940714,46.0,46.0,,1.8572288501637325e-05,,,,,,,2.086006773168887,,0,0.9457722832174186,3.829071872903933,inf,-inf,-0.15096517686696254,0.11317892257369774,-0.1123914055206579,0.15097482456390482,inf,-inf,2.95205060479653,0.23109778637174697,0.23109778637174697,0.23109778637174697,784,2.883957865125367,1.6418717143879669,2.215329734645578,,,-1.8098953121578236,2.130540664668735,0.3895448126841979,4.048619251008108,0.6073069358295732,0.0,0.0,2.195351428194079,2.256914309222867,0.3332481178655358,1.11667999745754,3.175813504580756,2.843978142181696,0.45392625423552246,5910
267,3.127914727541636,-18.03760092380452,0.11630399386395802,0.14578767199748074,-14.647594530401443,-18.03760092380452,nan,0.07135302019572817,0.04495097366822991,3.1314250562374273,-17.95512235496622,0.11645907066599215,0.14921920344872858,-14.558019024614072,-17.95512235496622,nan,66.36661625178374,0.549517003684625,0.0,1.3027723521914836,120.77263452592345,46.0,46.0,,1.806542631556527e-05,,,,,,,2.086006773168887,,0,0.9457722832174186,3.829071872903933,inf,-inf,-0.1532598885877558,0.12025555057342813,-0.11988582660849313,0.14713447217527453,inf,-inf,2.952131659613776,0.2310873561729702,0.2310873561729702,0.2310873561729702,784,2.883957865125367,1.6418717143879669,2.215329734645578,,,-1.8098953121578236,2.130540664668735,0.3895448126841979,4.048619251008108,0.6073069358295732,0.0,0.0,2.195351428194079,2.256914309222867,0.3332481178655358,1.11667999745754,3.175813504580756,2.843978142181696,0.45392625423552246,5910
268,3.11527795787385,-18.038218651768833,0.11634511563006254,0.14866834020360112,-14.657927238061319,-18.038218651768833,nan,0.07141646028180769,0.04492865534825488,3.1314250562374273,-17.95512235496622,0.11645907066599215,0.14921920344872858,-14.558019024614072,-17.95512235496622,nan,62.23736185456686,0.5485318372039711,0.0,1.300990089601809,113.46171294597792,46.0,46.0,,1.757358054861011e-05,,,,,,,2.086006773168887,,0,0.9457722832174186,3.829071872903933,inf,-inf,-0.15214633439946007,0.10328437372464691,-0.127179083789589,0.14770955354526855,inf,-inf,2.951843686261401,0.23111110247797922,0.23111110247797922,0.23111110247797922,784,2.883957865125367,1.6418717143879669,2.215329734645578,,,-1.8098953121578236,2.130540664668735,0.3895448126841979,4.048619251008108,0.6073069358295732,0.0,0.0,2.195351428194079,2.256914309222867,0.3332481178655358,1.11667999745754,3.175813504580756,2.843978142181696,0.45392625423552246,5910
269,3.1096697802539985,-18.039387576767,0.11640000537826274,0.14810042978272758,-14.665217361352013,-18.039387576767,nan,0.0714768817878565,0.044923123590406226,3.1314250562374273,-17.95512235496622,0.11645907066599215,0.14921920344872858,-14.558019024614072,-17.95512235496622,nan,65.47056671831855,0.5431610216210887,0.0,1.3025404492274093,120.53620217982261,46.0,46.0,,1.709680513720275e-05,,,,,,,2.086006773168887,,0,0.9457722832174186,3.829071872903933,inf,-inf,-0.15443028994786692,0.11606402846285563,-0.10931642508889741,0.14801823178149734,inf,-inf,2.951525543454502,0.23112678475660617,0.23112678475660617,0.23112678475660617,784,2.883957865125367,1.6418717143879669,2.215329734645578,,,-1.8098953121578236,2.130540664668735,0.3895448126841979,4.048619251008108,0.6073069358295732,0.0,0.0,2.195351428194079,2.256914309222867,0.3332481178655358,1.11667999745754,3.175813504580756,2.843978142181696,0.45392625423552246,5910
270,3.1148573109951427,-18.040317974654858,0.11644759937673455,0.14839836229344677,-14.660614701989534,-18.040317974654858,nan,0.07154111257482676,0.044906486801907765,3.128858558876789,-17.960988985324143,0.11670615246211964,0.1432438768813763,-14.572180397103857,-17.960988985324143,nan,61.75583903955967,0.5488100557081259,0.0,1.2964045000360809,112.52679938576658,46.0,46.0,,1.6635152365139873e-05,,,,,,,2.076878194619,,0,0.9405226922287602,3.8221087510185217,inf,-inf,-0.15309693415251208,0.11900737147989021,-0.11949485579630938,0.14253396817981073,inf,-inf,2.9514499842396913,0.23112532065144317,0.23112532065144317,0.23112532065144317,784,2.8803978956418117,1.640654623914875,2.214349009876082,,,-1.8138453319474386,2.12122291768756,0.388799441702499,4.063813433316804,0.608933761593558,0.0,0.0,2.1861861884250215,2.248102133180036,0.33273590278337434,1.1097734356433728,3.1667987382060017,2.853554280987184,0.45538613821632107,5910
271,3.1055147258435447,-18.03784150402521,0.1164925261363442,0.1505674017326163,-14.665266850312705,-18.03784150402521,nan,0.07159712407080149,0.04489540206554272,3.128858558876789,-17.960988985324143,0.11670615246211964,0.1432438768813763,-14.572180397103857,-17.960988985324143,nan,63.69679106464847,0.5483975444244333,0.0,1.3030210820651584,116.15075908390688,46.0,46.0,,1.6188672857850262e-05,,,,,,,2.076878194619,,0,0.9405226922287602,3.8221087510185217,inf,-inf,-0.15711706904648673,0.10443205157137751,-0.11908744294756461,0.16230064930122606,inf,-inf,2.9511961458135914,0.23115358434665823,0.23115358434665823,0.23115358434665823,784,2.8803978956418117,1.640654623914875,2.214349009876082,,,-1.8138453319474386,2.12122291768756,0.388799441702499,4.063813433316804,0.608933761593558,0.0,0.0,2.1861861884250215,2.248102133180036,0.33273590278337434,1.1097734356433728,3.1667987382060017,2.853554280987184,0.45538613821632107,5910
272,3.1006947732690264,-18.042039545992267,0.1165427016987255,0.1479186540308298,-14.676883416993686,-18.042039545992267,nan,0.0716527391205997,0.04488996257812576,3.128858558876789,-17.960988985324143,0.11670615246211964,0.1432438768813763,-14.572180397103857,-17.960988985324143,nan,65.09834978087422,0.5420774143196074,0.0,1.2928939612605654,120.09050379378543,46.0,46.0,,1.5757415576843268e-05,,,,,,,2.076878194619,,0,0.9405226922287602,3.8221087510185217,inf,-inf,-0.15504146959150655,0.09930533358491694,-0.12247454158214564,0.15449746242996978,inf,-inf,2.9511488166590403,0.2311629814511499,0.2311629814511499,0.2311629814511499,784,2.8803978956418117,1.640654623914875,2.214349009876082,,,-1.8138453319474386,2.12122291768756,0.388799441702499,4.063813433316804,0.608933761593558,0.0,0.0,2.1861861884250215,2.248102133180036,0.33273590278337434,1.1097734356433728,3.1667987382060017,2.853554280987184,0.45538613821632107,5910
273,3.0840878630991084,-18.040336932031742,0.11658693936940365,0.1466186504542453,-14.693043479108985,-18.040336932031742,nan,0.07171448762516394,0.0448724517442397,3.128858558876789,-17.960988985324143,0.11670615246211964,0.1432438768813763,-14.572180397103857,-17.960988985324143,nan,62.025523809526725,0.5479793338448095,0.0,1.298095245570512,113.18953102543949,46.0,46.0,,1.5341427814339585e-05,,,,,,,2.076878194619,,0,0.9405226922287602,3.8221087510185217,inf,-inf,-0.15598935052457283,0.11167210193823915,-0.10807631187000526,0.1411524144455936,inf,-inf,2.951040203528138,0.2311693579902264,0.2311693579902264,0.2311693579902264,784,2.8803978956418117,1.640654623914875,2.214349009876082,,,-1.8138453319474386,2.12122291768756,0.388799441702499,4.063813433316804,0.608933761593558,0.0,0.0,2.1861861884250215,2.248102133180036,0.33273590278337434,1.1097734356433728,3.1667987382060017,2.853554280987184,0.45538613821632107,5910
274,3.0832834248535,-18.043315817012402,0.11662925280102442,0.14659522525951096,-14.696807914098368,-18.043315817012402,nan,0.07176708583174765,0.04486216696927683,3.128858558876789,-17.960988985324143,0.11670615246211964,0.1432438768813763,-14.572180397103857,-17.960988985324143,nan,54.94527369591487,0.5474240328532186,0.0,1.2926114118413288,100.37059098325595,46.0,46.0,,1.4940755188085104e-05,,,,,,,2.076878194619,,0,0.9405226922287602,3.8221087510185217,inf,-inf,-0.1570725683629292,0.11123985015239225,-0.12654002396515962,0.14055355746498982,inf,-inf,2.9509325333328844,0.2311837157025557,0.2311837157025557,0.2311837157025557,784,2.8803978956418117,1.640654623914875,2.214349009876082,,,-1.8138453319474386,2.12122291768756,0.388799441702499,4.063813433316804,0.608933761593558,0.0,0.0,2.1861861884250215,2.248102133180036,0.33273590278337434,1.1097734356433728,3.1667987382060017,2.853554280987184,0.45538613821632107,5910
275,3.0964038161477068,-18.038956274485155,0.11666206360074889,0.14666532707186763,-14.679225067664833,-18.038956274485155,nan,0.07182297365952066,0.04483908994122826,3.123961547230153,-17.933314228967916,0.11691437212865752,0.12794276304686772,-14.564495546562238,-17.933314228967916,nan,63.047064038771566,0.5454055896652227,0.0,1.2974689374108643,115.59665913484808,46.0,46.0,,1.4555441636348503e-05,,,,,,,2.068927084207023,,0,0.9359690524881172,3.8157302199713907,inf,-inf,-0.1511346491602107,0.1554412862374897,-0.12384566830719441,0.14658384439846667,inf,-inf,2.950914415223103,0.23117228373299953,0.23117228373299953,0.23117228373299953,784,2.877315035776485,1.639596436421298,2.2128870009571835,,,-1.8173019026561819,2.113659295802464,0.38815783651955116,4.076769643000385,0.6103161724283169,0.0,0.0,2.178184067223717,2.2399468678969674,0.3322813613185491,1.1037573327081684,3.158698609080087,2.861769082276386,0.4566345873765498,5910
276,3.0845541997630836,-18.03817973471589,0.11670625595401543,0.1447096628814588,-14.692209616117331,-18.03817973471589,nan,0.07187571439774545,0.044830541556270004,3.123961547230153,-17.933314228967916,0.11691437212865752,0.12794276304686772,-14.564495546562238,-17.933314228967916,nan,62.0266920777182,0.5518479073489106,0.0,1.3049265779988117,112.39816487788416,46.0,46.0,,1.4185529413102792e-05,,,,,,,2.068927084207023,,0,0.9359690524881172,3.8157302199713907,inf,-inf,-0.16281313366225894,0.09681147084179824,-0.11851195942545154,0.15640714181048004,inf,-inf,2.950685068448,0.23120278460965338,0.23120278460965338,0.23120278460965338,784,2.877315035776485,1.639596436421298,2.2128870009571835,,,-1.8173019026561819,2.113659295802464,0.38815783651955116,4.076769643000385,0.6103161724283169,0.0,0.0,2.178184067223717,2.2399468678969674,0.3322813613185491,1.1037573327081684,3.158698609080087,2.861769082276386,0.4566345873765498,5910
277,3.073670453001434,-18.042204116446417,0.11675089264274337,0.14691712968604673,-14.704865641116193,-18.042204116446417,nan,0.07192971519281599,0.04482117744992738,3.123961547230153,-17.933314228967916,0.11691437212865752,0.12794276304686772,-14.564495546562238,-17.933314228967916,nan,54.63653860728114,0.5417096331503426,0.0,1.2949235931851952,100.85945544209598,46.0,46.0,,1.3831059083391764e-05,,,,,,,2.068927084207023,,0,0.9359690524881172,3.8157302199713907,inf,-inf,-0.15041579805411054,0.1040066504396821,-0.11635656392739382,0.14783453027874593,inf,-inf,2.9507303812285044,0.2312036025083149,0.2312036025083149,0.2312036025083149,784,2.877315035776485,1.639596436421298,2.2128870009571835,,,-1.8173019026561819,2.113659295802464,0.38815783651955116,4.076769643000385,0.6103161724283169,0.0,0.0,2.178184067223717,2.2399468678969674,0.3322813613185491,1.1037573327081684,3.158698609080087,2.861769082276386,0.4566345873765498,5910
278,3.0721935120505464,-18.043101398288965,0.11678236546124815,0.14671933532799433,-14.707406185449177,-18.043101398288965,nan,0.07197876804160634,0.04480359741964179,3.123961547230153,-17.933314228967916,0.11691437212865752,0.12794276304686772,-14.564495546562238,-17.933314228967916,nan,59.06831468370514,0.5446588154310084,0.0,1.2907592721100374,108.45012145256885,46.0,46.0,,1.3492069518881644e-05,,,,,,,2.068927084207023,,0,0.9359690524881172,3.8157302199713907,inf,-inf,-0.1523883907702513,0.10567065895487106,-0.10910263829833247,0.1850995450207814,inf,-inf,2.9507281761324777,0.23120218342293627,0.23120218342293627,0.23120218342293627,784,2.877315035776485,1.639596436421298,2.2128870009571835,,,-1.8173019026561819,2.113659295802464,0.38815783651955116,4.076769643000385,0.6103161724283169,0.0,0.0,2.178184067223717,2.2399468678969674,0.3322813613185491,1.1037573327081684,3.158698609080087,2.861769082276386,0.4566345873765498,5910
279,3.0880410147363575,-18.042866909591197,0.11681252392017365,0.14783122954200698,-14.690182141392658,-18.042866909591197,nan,0.07202552529420296,0.04478699862597067,3.123961547230153,-17.933314228967916,0.11691437212865752,0.12794276304686772,-14.564495546562238,-17.933314228967916,nan,61.06931897174266,0.5412440059144966,0.0,1.2907538185459888,112.83140007908028,46.0,46.0,,1.3168597893598197e-05,,,,,,,2.068927084207023,,0,0.9359690524881172,3.8157302199713907,inf,-inf,-0.15017395484822155,0.13807196642281483,-0.13180135745749572,0.15588421155475418,inf,-inf,2.950672429379002,0.23120634622852376,0.23120634622852376,0.23120634622852376,784,2.877315035776485,1.639596436421298,2.2128870009571835,,,-1.8173019026561819,2.113659295802464,0.38815783651955116,4.076769643000385,0.6103161724283169,0.0,0.0,2.178184067223717,2.2399468678969674,0.3322813613185491,1.1037573327081684,3.158698609080087,2.861769082276386,0.4566345873765498,5910
280,3.062102805271231,-18.043566616041414,0.11684526378212014,0.1464244368445403,-14.718194110143523,-18.043566616041414,nan,0.07207524836078867,0.04477001542133147,3.0835774105615847,-17.943174487841894,0.11709615740910015,0.13341997497405753,-14.609080944897151,-17.943174487841894,nan,61.838840431951915,0.548801419850796,0.0,1.2911903696901716,112.67981130363,46.0,46.0,,1.286067967985035e-05,,,,,,,2.06195186399275,,0,0.9320577633040535,3.810789563926111,inf,-inf,-0.15319863370083117,0.13708667006137132,-0.1145214536319429,0.16620042769164434,inf,-inf,2.950683560972483,0.23120960429843854,0.23120960429843854,0.23120960429843854,784,2.874554139377474,1.6386515042088603,2.2120657811778552,,,-1.8203427784899908,2.1065439880476236,0.38759517682277084,4.0885766032538955,0.611572139072056,0.0,0.0,2.171173641905294,2.2327736152075612,0.33188934529094777,1.098530121735438,3.1520287828264246,2.8693148421336927,0.45777820481599585,5910
281,3.07320337124486,-18.042071883213346,0.11687672905430041,0.14558517654663264,-14.706406606367553,-18.042071883213346,nan,0.07212423139015581,0.044752497664144616,3.0835774105615847,-17.943174487841894,0.11709615740910015,0.13341997497405753,-14.609080944897151,-17.943174487841894,nan,62.32768122184543,0.5463051848787611,0.0,1.2966266364462,114.08949236986926,46.0,46.0,,1.2568348644340156e-05,,,,,,,2.06195186399275,,0,0.9320577633040535,3.810789563926111,inf,-inf,-0.15705806521734653,0.11222368255372815,-0.13366532471684253,0.1420148425157368,inf,-inf,2.950644546405969,0.2312110209944867,0.2312110209944867,0.2312110209944867,784,2.874554139377474,1.6386515042088603,2.2120657811778552,,,-1.8203427784899908,2.1065439880476236,0.38759517682277084,4.0885766032538955,0.611572139072056,0.0,0.0,2.171173641905294,2.2327736152075612,0.33188934529094777,1.098530121735438,3.1520287828264246,2.8693148421336927,0.45777820481599585,5910
282,3.053324177542227,-18.04074953682567,0.1169229876142269,0.14428659293290974,-14.726215778736305,-18.04074953682567,nan,0.07217156353625952,0.04475142407796739,3.0835774105615847,-17.943174487841894,0.11709615740910015,0.13341997497405753,-14.609080944897151,-17.943174487841894,nan,61.03127827813822,0.5550729800794503,0.0,1.2946679887713002,109.95180898447356,46.0,46.0,,1.2291636844459932e-05,,,,,,,2.06195186399275,,0,0.9320577633040535,3.810789563926111,inf,-inf,-0.14809183299230963,0.10372176565814115,-0.12419314453542034,0.17679125697060388,inf,-inf,2.950477885115777,0.23122196522029612,0.23122196522029612,0.23122196522029612,784,2.874554139377474,1.6386515042088603,2.2120657811778552,,,-1.8203427784899908,2.1065439880476236,0.38759517682277084,4.0885766032538955,0.611572139072056,0.0,0.0,2.171173641905294,2.2327736152075612,0.33188934529094777,1.098530121735438,3.1520287828264246,2.8693148421336927,0.45777820481599585,5910
283,3.0591503334650194,-18.048321061084984,0.1169567397191341,0.1449594248036755,-14.727254563097155,-18.048321061084984,nan,0.07221720058824173,0.04473953913089234,3.0835774105615847,-17.943174487841894,0.11709615740910015,0.13341997497405753,-14.609080944897151,-17.943174487841894,nan,54.323601681543096,0.5342944183772168,0.0,1.2838410266974472,101.67353394133744,46.0,46.0,,1.2030574624776782e-05,,,,,,,2.06195186399275,,0,0.9320577633040535,3.810789563926111,inf,-inf,-0.15683232277259287,0.10859924448439379,-0.12225716742495091,0.15083022723999048,inf,-inf,2.9503347270431535,0.23123108694251182,0.23123108694251182,0.23123108694251182,784,2.874554139377474,1.6386515042088603,2.2120657811778552,,,-1.8203427784899908,2.1065439880476236,0.38759517682277084,4.0885766032538955,0.611572139072056,0.0,0.0,2.171173641905294,2.2327736152075612,0.33188934529094777,1.098530121735438,3.1520287828264246,2.8693148421336927,0.45777820481599585,5910
284,3.062040414462987,-18.04301912287141,0.11698347035844521,0.14633317210489172,-14.717662065945085,-18.04301912287141,nan,0.07225583811767768,0.04472763224076752,3.0835774105615847,-17.943174487841894,0.11709615740910015,0.13341997497405753,-14.609080944897151,-17.943174487841894,nan,62.29779526170182,0.5408249043695487,0.0,1.2912894456938744,115.19032270587412,46.0,46.0,,1.1785190613705043e-05,,,,,,,2.06195186399275,,0,0.9320577633040535,3.810789563926111,inf,-inf,-0.15075070955909076,0.12049283569303518,-0.11404194840765249,0.1590689785705527,inf,-inf,2.9502386724975316,0.2312409620603146,0.2312409620603146,0.2312409620603146,784,2.874554139377474,1.6386515042088603,2.2120657811778552,,,-1.8203427784899908,2.1065439880476236,0.38759517682277084,4.0885766032538955,0.611572139072056,0.0,0.0,2.171173641905294,2.2327736152075612,0.33188934529094777,1.098530121735438,3.1520287828264246,2.8693148421336927,0.45777820481599585,5910
285,3.0531689362751537,-18.043619531048336,0.11702080366029566,0.14509825863602757,-14.72833153247686,-18.043619531048336,nan,0.07229953808307062,0.04472126557722502,3.07559842091636,-17.925140011460414,0.11726889549558962,0.11903990606588519,-14.613232788982579,-17.925140011460414,nan,60.782079329015815,0.5389654080525641,0.0,1.2893598385023162,112.775473937444,46.0,46.0,,1.1555511720366695e-05,,,,,,,2.0557519890216343,,0,0.928504973270911,3.8061900350806783,inf,-inf,-0.1527465797327181,0.11281086339024181,-0.11144467647688466,0.14195841794398079,inf,-inf,2.9501517702225897,0.23123790576134923,0.23123790576134923,0.23123790576134923,784,2.872108687041471,1.637812720285558,2.2108545921384457,,,-1.8230549259698323,2.1002772314763662,0.3870939913367422,4.09926725720417,0.6127062336483686,0.0,0.0,2.1649462662950523,2.2266186038727134,0.33153362937929604,1.093898015411094,3.1458849434469545,2.8758484786762417,0.45876600041449017,5910
286,3.0427840764620946,-18.041678437705915,0.11705302647266184,0.14406617181103518,-14.737775162960123,-18.041678437705915,nan,0.07234151452236631,0.04471151195029558,3.07559842091636,-17.925140011460414,0.11726889549558962,0.11903990606588519,-14.613232788982579,-17.925140011460414,nan,61.110923133956526,0.5376182922388735,0.0,1.2922166136156485,113.66972444234439,46.0,46.0,,1.134156313164068e-05,,,,,,,2.0557519890216343,,0,0.928504973270911,3.8061900350806783,inf,-inf,-0.15412871832424363,0.13049958900538441,-0.12051398175196525,0.1360486222759499,inf,-inf,2.950000807348837,0.2312499705777458,0.2312499705777458,0.2312499705777458,784,2.872108687041471,1.637812720285558,2.2108545921384457,,,-1.8230549259698323,2.1002772314763662,0.3870939913367422,4.09926725720417,0.6127062336483686,0.0,0.0,2.1649462662950523,2.2266186038727134,0.33153362937929604,1.093898015411094,3.1458849434469545,2.8758484786762417,0.45876600041449017,5910
287,3.0588151575929485,-18.04536084977731,0.11708127772222475,0.14512279671040754,-14.72434161775173,-18.04536084977731,nan,0.07238420455393839,0.044697073168286396,3.07559842091636,-17.925140011460414,0.11726889549558962,0.11903990606588519,-14.613232788982579,-17.925140011460414,nan,53.97310139761228,0.542344046775714,0.0,1.2860656184975607,99.51819646308908,46.0,46.0,,1.1143368309400725e-05,,,,,,,2.0557519890216343,,0,0.928504973270911,3.8061900350806783,inf,-inf,-0.14825947960007105,0.1260802162500017,-0.11307488258954933,0.15057381074929935,inf,-inf,2.9501121005144384,0.23124969832797695,0.23124969832797695,0.23124969832797695,784,2.872108687041471,1.637812720285558,2.2108545921384457,,,-1.8230549259698323,2.1002772314763662,0.3870939913367422,4.09926725720417,0.6127062336483686,0.0,0.0,2.1649462662950523,2.2266186038727134,0.33153362937929604,1.093898015411094,3.1458849434469545,2.8758484786762417,0.45876600041449017,5910
288,3.0623359898920994,-18.044093335127297,0.11711324407650918,0.14486399689888163,-14.719780104259804,-18.044093335127297,nan,0.0724248366225199,0.044688407453989304,3.07559842091636,-17.925140011460414,0.11726889549558962,0.11903990606588519,-14.613232788982579,-17.925140011460414,nan,71.25424051820991,0.5341696225586755,0.0,1.2859353306949985,133.392535833284,46.0,46.0,,1.0960948987942516e-05,,,,,,,2.0557519890216343,,0,0.928504973270911,3.8061900350806783,inf,-inf,-0.15036126128258104,0.10345150954496136,-0.10870961447438532,0.15542336779175947,inf,-inf,2.9498360236528196,0.23126156216251104,0.23126156216251104,0.23126156216251104,784,2.872108687041471,1.637812720285558,2.2108545921384457,,,-1.8230549259698323,2.1002772314763662,0.3870939913367422,4.09926725720417,0.6127062336483686,0.0,0.0,2.1649462662950523,2.2266186038727134,0.33153362937929604,1.093898015411094,3.1458849434469545,2.8758484786762417,0.45876600041449017,5910
289,3.052420171311854,-18.046344194039502,0.11714462512738752,0.1447687542205333,-14.732010643379725,-18.046344194039502,nan,0.07246427878381134,0.04468034634357619,3.07559842091636,-17.925140011460414,0.11726889549558962,0.11903990606588519,-14.613232788982579,-17.925140011460414,nan,57.63906218726732,0.542217714162436,0.0,1.2860175945525232,106.30243291903956,46.0,46.0,,1.0794325171600374e-05,,,,,,,2.0557519890216343,,0,0.928504973270911,3.8061900350806783,inf,-inf,-0.15124686194165515,0.10995776250371542,-0.11307565806767386,0.15027453478953212,inf,-inf,2.949712720888631,0.23127324511605918,0.23127324511605918,0.23127324511605918,784,2.872108687041471,1.637812720285558,2.2108545921384457,,,-1.8230549259698323,2.1002772314763662,0.3870939913367422,4.09926725720417,0.6127062336483686,0.0,0.0,2.1649462662950523,2.2266186038727134,0.33153362937929604,1.093898015411094,3.1458849434469545,2.8758484786762417,0.45876600041449017,5910
290,3.039178465693363,-18.044329056356815,0.11717957896411486,0.14367660349370556,-14.744294408205633,-18.044329056356815,nan,0.07250519996865532,0.044674378995459584,3.0805133360094246,-17.946490376600487,0.11742604106567864,0.12677460072924077,-14.621776398796142,-17.946490376600487,nan,53.65171080786423,0.5412931098850212,0.0,1.2866301371821292,99.11766809531467,46.0,46.0,,1.06435151325534e-05,,,,,,,2.050138104722348,,0,0.925336972960932,3.8019548698050576,inf,-inf,-0.15283542095703656,0.13309774986117437,-0.12324761476375938,0.17865105262354994,inf,-inf,2.9496301708347787,0.23127505555851052,0.23127505555851052,0.23127505555851052,784,2.8698783811882063,1.6370475115363057,2.209605506139366,,,-1.825519350273591,2.094736582896929,0.3866428605024417,4.108724692626734,0.6137070420945097,0.0,0.0,2.159308212671003,2.2202792991282294,0.33120765828574117,1.0896191255152916,3.1402307699403513,2.881952690079027,0.4596868471905793,5910
291,3.039560627536425,-18.043822218235924,0.1172010594077337,0.14248144795806605,-14.7445790833337,-18.043822218235924,nan,0.0725407715933258,0.04466028781440791,3.0805133360094246,-17.946490376600487,0.11742604106567864,0.12677460072924077,-14.621776398796142,-17.946490376600487,nan,58.826448079454295,0.5443813122107057,0.0,1.2886779867688112,108.06110856480908,46.0,46.0,,1.0508535408821867e-05,,,,,,,2.050138104722348,,0,0.925336972960932,3.8019548698050576,inf,-inf,-0.15342022206726408,0.1140335935486349,-0.11597951450472292,0.14254068531902636,inf,-inf,2.9496295968352624,0.23126871898840842,0.23126871898840842,0.23126871898840842,784,2.8698783811882063,1.6370475115363057,2.209605506139366,,,-1.825519350273591,2.094736582896929,0.3866428605024417,4.108724692626734,0.6137070420945097,0.0,0.0,2.159308212671003,2.2202792991282294,0.33120765828574117,1.0896191255152916,3.1402307699403513,2.881952690079027,0.4596868471905793,5910
292,3.0315987282401697,-18.047105058751644,0.11722540286499894,0.1439700547701277,-14.754310872876347,-18.047105058751644,nan,0.0725751514939148,0.04465025137108415,3.0805133360094246,-17.946490376600487,0.11742604106567864,0.12677460072924077,-14.621776398796142,-17.946490376600487,nan,60.465386782741014,0.5330057332815784,0.0,1.285023082761949,113.44228215045881,46.0,46.0,,1.0389400802453577e-05,,,,,,,2.050138104722348,,0,0.925336972960932,3.8019548698050576,inf,-inf,-0.1514551457524739,0.12257654873299656,-0.12039190008228026,0.14427138976679985,inf,-inf,2.949566328686114,0.23127204002485527,0.23127204002485527,0.23127204002485527,784,2.8698783811882063,1.6370475115363057,2.209605506139366,,,-1.825519350273591,2.094736582896929,0.3866428605024417,4.108724692626734,0.6137070420945097,0.0,0.0,2.159308212671003,2.2202792991282294,0.33120765828574117,1.0896191255152916,3.1402307699403513,2.881952690079027,0.4596868471905793,5910
293,3.0199094113638805,-18.046623784002655,0.11725821473069671,0.14222858207966046,-14.767227575828418,-18.046623784002655,nan,0.07262002427529676,0.04463819045539995,3.0805133360094246,-17.946490376600487,0.11742604106567864,0.12677460072924077,-14.621776398796142,-17.946490376600487,nan,60.36276427214448,0.547284925521668,0.0,1.2835218697477855,110.29495141786911,46.0,46.0,,1.0286124377900624e-05,,,,,,,2.050138104722348,,0,0.925336972960932,3.8019548698050576,inf,-inf,-0.15122671809571903,0.13954977453473175,-0.11448414679914018,0.1346954805307286,inf,-inf,2.9494030555606994,0.23127362498564313,0.23127362498564313,0.23127362498564313,784,2.8698783811882063,1.6370475115363057,2.209605506139366,,,-1.825519350273591,2.094736582896929,0.3866428605024417,4.108724692626734,0.6137070420945097,0.0,0.0,2.159308212671003,2.2202792991282294,0.33120765828574117,1.0896191255152916,3.1402307699403513,2.881952690079027,0.4596868471905793,5910
294,3.030334776602618,-18.048048254704007,0.11728697068539551,0.14725307129093568,-14.753173436125058,-18.048048254704007,nan,0.07265772925363578,0.04462924143175972,3.0805133360094246,-17.946490376600487,0.11742604106567864,0.12677460072924077,-14.621776398796142,-17.946490376600487,nan,74.95732885661248,0.5307807121737484,0.0,1.2795285938845111,141.22089807979978,46.0,46.0,,1.0198717460586795e-05,,,,,,,2.050138104722348,,0,0.925336972960932,3.8019548698050576,inf,-inf,-0.15002237220224338,0.11418996304970355,-0.12226756290695694,0.17266054893645247,inf,-inf,2.9494158506748667,0.23127355804111271,0.23127355804111271,0.23127355804111271,784,2.8698783811882063,1.6370475115363057,2.209605506139366,,,-1.825519350273591,2.094736582896929,0.3866428605024417,4.108724692626734,0.6137070420945097,0.0,0.0,2.159308212671003,2.2202792991282294,0.33120765828574117,1.0896191255152916,3.1402307699403513,2.881952690079027,0.4596868471905793,5910
295,3.0250732170405077,-18.045313749587386,0.1173105243749599,0.14272028638567133,-14.760209721786248,-18.045313749587386,nan,0.07269170006782617,0.044618824307133716,3.0561976195124236,-17.95146952053208,0.11755974645741168,0.1376743631797399,-14.640037791382504,-17.95146952053208,nan,53.8514546855301,0.5504383155752649,0.0,1.2875965419294726,97.83376840191397,46.0,46.0,,1.0127189635665535e-05,,,,,,,2.0449092818315346,,0,0.92245417353129,3.797803424513411,inf,-inf,-0.15183269532664592,0.142143712918333,-0.11434036153658306,0.15088824156734773,inf,-inf,2.9493610234706433,0.23127853236103718,0.23127853236103718,0.23127853236103718,784,2.867823248250165,1.6363395290576275,2.2084151543150328,,,-1.8278208622936531,2.0892881742838947,0.3862184251942551,4.1170646016754,0.6145876816516103,0.0,0.0,2.154058148062431,2.215028030329969,0.33089698162041375,1.0856856036290392,3.134965830172151,2.88754481011182,0.4605287325134634,5910
296,3.0444594537597376,-18.04383323201838,0.11733974117697633,0.14286519591450347,-14.739168841167162,-18.04383323201838,nan,0.07272962131306747,0.04461011986390884,3.0561976195124236,-17.95146952053208,0.11755974645741168,0.1376743631797399,-14.640037791382504,-17.95146952053208,nan,60.320521140933835,0.5448074206489119,0.0,1.2889185737550697,110.71897858712529,46.0,46.0,,1.0071548746968918e-05,,,,,,,2.0449092818315346,,0,0.92245417353129,3.797803424513411,inf,-inf,-0.15195289593002861,0.11708743604748299,-0.12637573601073154,0.17287228144205966,inf,-inf,2.9493474749287576,0.231280735462991,0.231280735462991,0.231280735462991,784,2.867823248250165,1.6363395290576275,2.2084151543150328,,,-1.8278208622936531,2.0892881742838947,0.3862184251942551,4.1170646016754,0.6145876816516103,0.0,0.0,2.154058148062431,2.215028030329969,0.33089698162041375,1.0856856036290392,3.134965830172151,2.88754481011182,0.4605287325134634,5910
297,3.034599082636866,-18.046197075436236,0.1173683557853763,0.14418386921007165,-14.750045767803922,-18.046197075436236,nan,0.07276769119389657,0.04460066459147975,3.0561976195124236,-17.95146952053208,0.11755974645741168,0.1376743631797399,-14.640037791382504,-17.95146952053208,nan,58.25067293865269,0.5442373857711281,0.0,1.2853586245876354,107.03173736607144,46.0,46.0,,1.0031800896147403e-05,,,,,,,2.0449092818315346,,0,0.92245417353129,3.797803424513411,inf,-inf,-0.15050093230135095,0.11226309311458522,-0.11875279883393126,0.15509220827947734,inf,-inf,2.949160469036354,0.23128549408415458,0.23128549408415458,0.23128549408415458,784,2.867823248250165,1.6363395290576275,2.2084151543150328,,,-1.8278208622936531,2.0892881742838947,0.3862184251942551,4.1170646016754,0.6145876816516103,0.0,0.0,2.154058148062431,2.215028030329969,0.33089698162041375,1.0856856036290392,3.134965830172151,2.88754481011182,0.4605287325134634,5910
298,3.0293709342207524,-18.05124437163953,0.11739478291432083,0.1429560349013239,-14.761522619603133,-18.05124437163953,nan,0.07280212484655174,0.04459265806776904,3.0561976195124236,-17.95146952053208,0.11755974645741168,0.1376743631797399,-14.640037791382504,-17.95146952053208,nan,61.73062220350186,0.5362699584780389,0.0,1.2747689012463108,115.11109512585129,46.0,46.0,,1.000795044200074e-05,,,,,,,2.0449092818315346,,0,0.92245417353129,3.797803424513411,inf,-inf,-0.15671145641811704,0.1139878755185442,-0.11426140412290414,0.1270649544294834,inf,-inf,2.9490039248294004,0.23129454804655092,0.23129454804655092,0.23129454804655092,784,2.867823248250165,1.6363395290576275,2.2084151543150328,,,-1.8278208622936531,2.0892881742838947,0.3862184251942551,4.1170646016754,0.6145876816516103,0.0,0.0,2.154058148062431,2.215028030329969,0.33089698162041375,1.0856856036290392,3.134965830172151,2.88754481011182,0.4605287325134634,5910
299,3.024590251072518,-18.049808160212564,0.11741316508917048,0.14287193459093706,-14.764932809459939,-18.049808160212564,nan,0.0728331761474702,0.04457998894170025,3.0561976195124236,-17.95146952053208,0.11755974645741168,0.1376743631797399,-14.640037791382504,-17.95146952053208,nan,65.17062501916408,0.5329893636239723,0.0,1.2750932213873625,122.27378155550286,46.0,46.0,,1e-05,,,,,,,2.0449092818315346,,0,0.92245417353129,3.797803424513411,inf,-inf,-0.1494517524381514,0.11226936145183412,-0.11074337250906098,0.14978304128952627,inf,-inf,2.948920991469873,0.2312981242636578,0.2312981242636578,0.2312981242636578,784,2.867823248250165,1.6363395290576275,2.2084151543150328,,,-1.8278208622936531,2.0892881742838947,0.3862184251942551,4.1170646016754,0.6145876816516103,0.0,0.0,2.154058148062431,2.215028030329969,0.33089698162041375,1.0856856036290392,3.134965830172151,2.88754481011182,0.4605287325134634,5910
