epoch,train_data,train_phys,train_kl,train_state_reg,train_total,train_pde,train_bc,train_eta_prior,train_kl_only,test_data,test_phys,test_kl,test_state_reg,test_total,test_pde,test_bc,grad_mean_net,grad_vgp_eta,grad_vgp_lambda,grad_eta_log_shift,grad_ratio,vgp_updates,mean_updates,lr_mean_net,lr_vgp_eta,lr_vgp_lambda,mean_net_opt_kind,log10_eta_rmse,log10_eta_bias,log10_eta_r,rel_eta_rmse,eta_pred_mean,eta_ref_mean,mean_net_frozen,eta_min,eta_max,lambda_min,lambda_max,rux_min,rux_max,rvy_min,rvy_max,rh_min,rh_max,kernel_amplitude,kernel_length_scale,kernel_length_scale_x,kernel_length_scale_y,num_inducing,eta_post_var_mean,eta_post_std_mean,eta_post_std_p90,calibration_within_1sigma,calibration_within_2sigma,eta_log_shift,eta_median,eta_std,eta_max_over_min,eta_log10_range,eta_frac_at_floor,eta_frac_at_floor_grounded,eta_mean_grounded,eta_median_grounded,eta_std_grounded,eta_min_grounded,eta_max_grounded,eta_max_over_min_grounded,eta_log10_range_grounded,n_points_grounded
0,51.078323727638924,1676.2014310251877,0.0014497973711148097,0.0,1727.2812045501978,1676.2014310251877,nan,1.780804419598107e-06,0.0014480165666952113,76.67742767129246,131.92147155508397,0.0032470148735800485,0.0,208.60214624125,131.92147155508397,nan,67523.88580078258,957.0198938989022,0.0,3324.208570112332,70.55640768938464,46.0,46.0,,0.0002999920495579992,,,,,,,14.743000011109837,,0,14.527234976578654,15.013108054555284,inf,-inf,-24.79377357909899,25.301634905991165,-26.872327610420484,32.14187846099892,inf,-inf,1.9722106550594123,0.1789659877201386,0.1789659877201386,0.1789659877201386,784,3.956309081633674,1.9890065245099438,2.005057319978519,,,-0.013799068508612936,14.737466683496242,0.06394653596520879,1.0334456679994488,0.014287649121714985,0.0,0.0,14.742854932926301,14.735041942019448,0.0677206743317847,14.546449986664358,15.013108054555284,1.0320805466844998,0.013713592267517782,5910
1,65.85062616578968,63.46933460277352,0.005326753703679639,0.0,129.32528752226688,63.46933460277352,nan,1.3245861711866965e-05,0.005313507841967774,76.67742767129246,131.92147155508397,0.0032470148735800485,0.0,208.60214624125,131.92147155508397,nan,4421.834030072666,23.848534771564726,0.0,112.91432423152288,185.41323701550596,46.0,46.0,,0.00029996819910385256,,,,,,,14.743000011109837,,0,14.527234976578654,15.013108054555284,inf,-inf,-2.7652068385671034,2.4064175012606053,-2.4057788782807505,3.2202358332858747,inf,-inf,1.944542615968503,0.18136301806800534,0.18136301806800534,0.18136301806800534,784,3.956309081633674,1.9890065245099438,2.005057319978519,,,-0.013799068508612936,14.737466683496242,0.06394653596520879,1.0334456679994488,0.014287649121714985,0.0,0.0,14.742854932926301,14.735041942019448,0.0677206743317847,14.546449986664358,15.013108054555284,1.0320805466844998,0.013713592267517782,5910
2,62.30647884324985,20.423542753777582,0.00899875402137963,0.0,82.73902035104881,20.423542753777582,nan,3.671017300690566e-05,0.008962043848372727,76.67742767129246,131.92147155508397,0.0032470148735800485,0.0,208.60214624125,131.92147155508397,nan,2674.44035128058,8.777346941885817,0.0,44.05150948685416,304.69803335653216,46.0,46.0,,0.000299928451253031,,,,,,,14.743000011109837,,0,14.527234976578654,15.013108054555284,inf,-inf,-1.5311994361488819,1.4325004474108858,-2.0348034901063894,2.2179239437422575,inf,-inf,1.9195325603092668,0.18345513068547578,0.18345513068547578,0.18345513068547578,784,3.956309081633674,1.9890065245099438,2.005057319978519,,,-0.013799068508612936,14.737466683496242,0.06394653596520879,1.0334456679994488,0.014287649121714985,0.0,0.0,14.742854932926301,14.735041942019448,0.0677206743317847,14.546449986664358,15.013108054555284,1.0320805466844998,0.013713592267517782,5910
3,59.26266268615441,5.134902223172128,0.011950428437490416,0.0,64.40951533776402,5.134902223172128,nan,7.205130285088984e-05,0.011878377134639531,76.67742767129246,131.92147155508397,0.0032470148735800485,0.0,208.60214624125,131.92147155508397,nan,1593.0425407596508,4.569228748824263,0.0,23.55058113485187,348.64582806662213,46.0,46.0,,0.0002998728103643344,,,,,,,14.743000011109837,,0,14.527234976578654,15.013108054555284,inf,-inf,-0.9017000264761917,1.0245302854362506,-0.9254170749356052,0.7963983285947861,inf,-inf,1.9002594969417703,0.18526187066631505,0.18526187066631505,0.18526187066631505,784,3.956309081633674,1.9890065245099438,2.005057319978519,,,-0.013799068508612936,14.737466683496242,0.06394653596520879,1.0334456679994488,0.014287649121714985,0.0,0.0,14.742854932926301,14.735041942019448,0.0677206743317847,14.546449986664358,15.013108054555284,1.0320805466844998,0.013713592267517782,5910
4,56.732843206125054,-2.5519000021650355,0.014987236615287168,0.0,54.19593044057531,-2.5519000021650355,nan,0.00011674461168665554,0.014870492003600515,76.67742767129246,131.92147155508397,0.0032470148735800485,0.0,208.60214624125,131.92147155508397,nan,1379.8335187272303,2.9761731925397394,0.0,14.238673903149914,463.626754715084,46.0,46.0,,0.00029980128253941313,,,,,,,14.743000011109837,,0,14.527234976578654,15.013108054555284,inf,-inf,-0.5929130444527169,0.8227816751901735,-0.816188953277531,0.4754924962145651,inf,-inf,1.8906105551746015,0.18620416995466746,0.18620416995466746,0.18620416995466746,784,3.956309081633674,1.9890065245099438,2.005057319978519,,,-0.013799068508612936,14.737466683496242,0.06394653596520879,1.0334456679994488,0.014287649121714985,0.0,0.0,14.742854932926301,14.735041942019448,0.0677206743317847,14.546449986664358,15.013108054555284,1.0320805466844998,0.013713592267517782,5910
5,55.21250529573738,-5.13526995060829,0.0180443211121732,0.0,50.09527966624126,-5.13526995060829,nan,0.0001683023432721242,0.017876018768901082,54.857075761291746,-7.539527176346998,0.018154165179298735,0.0,47.33570275012404,-7.539527176346998,nan,1552.80637045373,2.1172422206931576,0.0,10.422626462720459,733.409883516002,46.0,46.0,,0.0002997138756220993,,,,,,,13.522907369537043,,0,12.679377666166427,14.627235281837029,inf,-inf,-0.5748723149122577,0.5905158901318204,-0.754124145134307,0.5193037190017258,inf,-inf,1.8871272442097087,0.18652641639697365,0.18652641639697365,0.18652641639697365,784,3.7630660343048943,1.9391933078980161,1.9949868883007453,,,-0.08274575738109963,13.542409384322644,0.24267374876899847,1.1536240710668515,0.06206430928801199,0.0,0.0,13.535174152673882,13.547668351567587,0.20603672407218354,12.860370059692965,14.090493610415422,1.095652267004191,0.03967274166340795,5910
6,54.417847433310556,-7.2213350546593125,0.018882451028541816,0.0,47.21539482967978,-7.2213350546593125,nan,0.0002277575172319337,0.018654693511309887,54.857075761291746,-7.539527176346998,0.018154165179298735,0.0,47.33570275012404,-7.539527176346998,nan,1293.7716536995713,1.7310736408631298,0.0,8.340604463722979,747.3810606084236,46.0,46.0,,0.0002996105991975463,,,,,,,13.522907369537043,,0,12.679377666166427,14.627235281837029,inf,-inf,-0.4995401566772222,0.5606238067477018,-0.7126290284247949,0.38139110470804205,inf,-inf,1.8865663565028825,0.18654645231076586,0.18654645231076586,0.18654645231076586,784,3.7630660343048943,1.9391933078980161,1.9949868883007453,,,-0.08274575738109963,13.542409384322644,0.24267374876899847,1.1536240710668515,0.06206430928801199,0.0,0.0,13.535174152673882,13.547668351567587,0.20603672407218354,12.860370059692965,14.090493610415422,1.095652267004191,0.03967274166340795,5910
7,53.91930957845514,-9.32263096103478,0.01942936658338751,0.0,44.61610798400375,-9.32263096103478,nan,0.00029492099152022145,0.019134445591867288,54.857075761291746,-7.539527176346998,0.018154165179298735,0.0,47.33570275012404,-7.539527176346998,nan,1330.1995304761328,1.4962308149482992,0.0,7.212839508989776,889.0336418596596,46.0,46.0,,0.000299491464591178,,,,,,,13.522907369537043,,0,12.679377666166427,14.627235281837029,inf,-inf,-0.45177748570765147,0.5450142626395873,-0.6392564281040684,0.368814534731171,inf,-inf,1.8874011849115855,0.1864314700710804,0.1864314700710804,0.1864314700710804,784,3.7630660343048943,1.9391933078980161,1.9949868883007453,,,-0.08274575738109963,13.542409384322644,0.24267374876899847,1.1536240710668515,0.06206430928801199,0.0,0.0,13.535174152673882,13.547668351567587,0.20603672407218354,12.860370059692965,14.090493610415422,1.095652267004191,0.03967274166340795,5910
8,52.97503936211124,-10.526749372664236,0.019013939694252396,0.0,42.46730392914126,-10.526749372664236,nan,0.0003694315914186688,0.018644508102833735,54.857075761291746,-7.539527176346998,0.018154165179298735,0.0,47.33570275012404,-7.539527176346998,nan,1406.8171901915427,1.1697229116559407,0.0,5.448819207314109,1202.6926857403819,46.0,46.0,,0.00029935648486744646,,,,,,,13.522907369537043,,0,12.679377666166427,14.627235281837029,inf,-inf,-0.5339138784254494,0.505078793401452,-0.483832736796617,0.27678643501041933,inf,-inf,1.8904556267838084,0.18606493218453382,0.18606493218453382,0.18606493218453382,784,3.7630660343048943,1.9391933078980161,1.9949868883007453,,,-0.08274575738109963,13.542409384322644,0.24267374876899847,1.1536240710668515,0.06206430928801199,0.0,0.0,13.535174152673882,13.547668351567587,0.20603672407218354,12.860370059692965,14.090493610415422,1.095652267004191,0.03967274166340795,5910
9,52.23199171765118,-11.152551085604886,0.018758366660915293,0.0,41.09819899870721,-11.152551085604886,nan,0.0004478165044752473,0.018310550156440036,54.857075761291746,-7.539527176346998,0.018154165179298735,0.0,47.33570275012404,-7.539527176346998,nan,1498.9850692997043,0.9915406687413679,0.0,4.5117707614275835,1511.773663507389,46.0,46.0,,0.00029920567482839947,,,,,,,13.522907369537043,,0,12.679377666166427,14.627235281837029,inf,-inf,-0.4486609815102058,0.6237871958974771,-0.39874167187320175,0.29039461150566603,inf,-inf,1.8949137501835978,0.18558960787888165,0.18558960787888165,0.18558960787888165,784,3.7630660343048943,1.9391933078980161,1.9949868883007453,,,-0.08274575738109963,13.542409384322644,0.24267374876899847,1.1536240710668515,0.06206430928801199,0.0,0.0,13.535174152673882,13.547668351567587,0.20603672407218354,12.860370059692965,14.090493610415422,1.095652267004191,0.03967274166340795,5910
10,52.13972227924915,-11.755053016199499,0.01790407088714227,0.0,40.40257333393679,-11.755053016199499,nan,0.0005246266773636547,0.017379444209778615,51.447938245191835,-11.238897744141873,0.017741384511988728,0.0,40.22678188556195,-11.238897744141873,nan,1360.4596862799233,0.9098424777509371,0.0,3.972699703108505,1495.2694774626025,46.0,46.0,,0.00029903905101205734,,,,,,,12.576499210449535,,0,11.463768100478704,13.705676131852831,inf,-inf,-0.4280254660983227,0.5922567813398109,-0.35029658632789296,0.3142966719441905,inf,-inf,1.8999010829621181,0.18505779695893024,0.18505779695893024,0.18505779695893024,784,3.6928650343153153,1.9205585734974222,1.991125788439986,,,-0.14779580556354277,12.604137053551744,0.29768592702403446,1.1955646705100837,0.07757307295371074,0.0,0.0,12.595477535923523,12.615011048374905,0.25212772533863076,11.732100434586743,13.269093098788833,1.1310074587898147,0.053465469028529444,5910
11,51.71233977026668,-11.87585810483496,0.01759618736973211,0.0,39.85407785280145,-11.87585810483496,nan,0.0006021003959198866,0.016994086973812224,51.447938245191835,-11.238897744141873,0.017741384511988728,0.0,40.22678188556195,-11.238897744141873,nan,1547.6826855647314,0.8716176891535478,0.0,3.5838644247900446,1775.643960447532,46.0,46.0,,0.0002988566316905992,,,,,,,12.576499210449535,,0,11.463768100478704,13.705676131852831,inf,-inf,-0.4379761484285623,0.5695301348784418,-0.34520993955617585,0.26327513638673544,inf,-inf,1.9049740403706916,0.18452163635336216,0.18452163635336216,0.18452163635336216,784,3.6928650343153153,1.9205585734974222,1.991125788439986,,,-0.14779580556354277,12.604137053551744,0.29768592702403446,1.1955646705100837,0.07757307295371074,0.0,0.0,12.595477535923523,12.615011048374905,0.25212772533863076,11.732100434586743,13.269093098788833,1.1310074587898147,0.053465469028529444,5910
12,51.55633232281843,-12.189019809089675,0.017028601060177097,0.0,39.384341114788924,-12.189019809089675,nan,0.0006770927616739484,0.016351508298503147,51.447938245191835,-11.238897744141873,0.017741384511988728,0.0,40.22678188556195,-11.238897744141873,nan,1463.7536532263684,0.7446827895608287,0.0,3.1399073923745546,1965.606931898623,46.0,46.0,,0.00029865843686835924,,,,,,,12.576499210449535,,0,11.463768100478704,13.705676131852831,inf,-inf,-0.404531021444686,0.7284677185270741,-0.3491116868234644,0.26080365839692055,inf,-inf,1.910428065131694,0.1839546103886918,0.1839546103886918,0.1839546103886918,784,3.6928650343153153,1.9205585734974222,1.991125788439986,,,-0.14779580556354277,12.604137053551744,0.29768592702403446,1.1955646705100837,0.07757307295371074,0.0,0.0,12.595477535923523,12.615011048374905,0.25212772533863076,11.732100434586743,13.269093098788833,1.1310074587898147,0.053465469028529444,5910
13,51.34021812542674,-12.786597095263739,0.016560130167021986,0.0,38.57018116033002,-12.786597095263739,nan,0.0007487846256349732,0.015811345541387013,51.447938245191835,-11.238897744141873,0.017741384511988728,0.0,40.22678188556195,-11.238897744141873,nan,852.3273469469935,0.6328689085437328,0.0,2.718912792637502,1346.767609279854,46.0,46.0,,0.00029844448827963323,,,,,,,12.576499210449535,,0,11.463768100478704,13.705676131852831,inf,-inf,-0.37943892581452937,0.6292902050876655,-0.3150651981154202,0.21097354219600553,inf,-inf,1.915571075345825,0.18340532306680218,0.18340532306680218,0.18340532306680218,784,3.6928650343153153,1.9205585734974222,1.991125788439986,,,-0.14779580556354277,12.604137053551744,0.29768592702403446,1.1955646705100837,0.07757307295371074,0.0,0.0,12.595477535923523,12.615011048374905,0.25212772533863076,11.732100434586743,13.269093098788833,1.1310074587898147,0.053465469028529444,5910
14,50.91250658609333,-13.011947057420338,0.016132131326468374,0.0,37.91669165999946,-13.011947057420338,nan,0.0008158892222609482,0.015316242104207423,51.447938245191835,-11.238897744141873,0.017741384511988728,0.0,40.22678188556195,-11.238897744141873,nan,1007.772296484985,0.5651758753438059,0.0,2.423817367835362,1783.112727293854,46.0,46.0,,0.0002982148093862949,,,,,,,12.576499210449535,,0,11.463768100478704,13.705676131852831,inf,-inf,-0.30621941479759385,0.5885450723845077,-0.31819035531051565,0.21773170208764672,inf,-inf,1.9208842763462357,0.18286303550635769,0.18286303550635769,0.18286303550635769,784,3.6928650343153153,1.9205585734974222,1.991125788439986,,,-0.14779580556354277,12.604137053551744,0.29768592702403446,1.1955646705100837,0.07757307295371074,0.0,0.0,12.595477535923523,12.615011048374905,0.25212772533863076,11.732100434586743,13.269093098788833,1.1310074587898147,0.053465469028529444,5910
15,50.5372975642112,-13.09742105057086,0.015622652534474379,0.0,37.45549916617482,-13.09742105057086,nan,0.000881033475529102,0.014741619058945275,51.33715169619139,-13.796886698454777,0.015385086006481672,0.0,37.555650083743096,-13.796886698454777,nan,1280.4260901534926,0.5051821266689525,0.0,2.1534045839311737,2534.583118758198,46.0,46.0,,0.00029796942537522314,,,,,,,11.982808488819051,,0,10.78161179779325,13.082245632998603,inf,-inf,-0.33272167066021824,0.6868559602418092,-0.27232893637375477,0.23622291277241997,inf,-inf,1.9259949927620883,0.18235236373068175,0.18235236373068175,0.18235236373068175,784,3.6492192644080648,1.9088251511793954,1.9877476985286362,,,-0.19131324736455632,12.018029625447127,0.32975913962262055,1.2133849630605547,0.08399860862328401,0.0,0.0,12.005513438237733,12.022120041395926,0.28493968307691464,11.024842779322963,12.833154640758552,1.1640215554662665,0.06596102269649506,5910
16,50.42377579048636,-13.321744956942949,0.015087839740718607,0.0,37.117118673284125,-13.321744956942949,nan,0.0009421696143707621,0.014145670126347838,51.33715169619139,-13.796886698454777,0.015385086006481672,0.0,37.555650083743096,-13.796886698454777,nan,1088.9107784544071,0.4435488885283944,0.0,1.8843977911694518,2454.996070595945,46.0,46.0,,0.00029770836315553997,,,,,,,11.982808488819051,,0,10.78161179779325,13.082245632998603,inf,-inf,-0.305970625863246,0.5742596032849401,-0.2816933364233606,0.2120129325305041,inf,-inf,1.9312548169674904,0.18182669919719416,0.18182669919719416,0.18182669919719416,784,3.6492192644080648,1.9088251511793954,1.9877476985286362,,,-0.19131324736455632,12.018029625447127,0.32975913962262055,1.2133849630605547,0.08399860862328401,0.0,0.0,12.005513438237733,12.022120041395926,0.28493968307691464,11.024842779322963,12.833154640758552,1.1640215554662665,0.06596102269649506,5910
17,50.27802643870649,-13.003202335003671,0.014389326429761462,0.0,37.289213430132584,-13.003202335003671,nan,0.0010030507751612639,0.0133862756546002,51.33715169619139,-13.796886698454777,0.015385086006481672,0.0,37.555650083743096,-13.796886698454777,nan,1836.6083907868694,0.49793701969265886,0.0,1.935238448845429,3688.4351196070484,46.0,46.0,,0.0002974316513556598,,,,,,,11.982808488819051,,0,10.78161179779325,13.082245632998603,inf,-inf,-0.36299513071956657,0.6521430220918065,-0.3403499814538078,0.21475435974642235,inf,-inf,1.9354324348051852,0.18137927532957981,0.18137927532957981,0.18137927532957981,784,3.6492192644080648,1.9088251511793954,1.9877476985286362,,,-0.19131324736455632,12.018029625447127,0.32975913962262055,1.2133849630605547,0.08399860862328401,0.0,0.0,12.005513438237733,12.022120041395926,0.28493968307691464,11.024842779322963,12.833154640758552,1.1640215554662665,0.06596102269649506,5910
18,50.202233914295505,-13.504983526308543,0.013817103815442267,0.0,36.7110674918024,-13.504983526308543,nan,0.0010645501646412885,0.012752553650800974,51.33715169619139,-13.796886698454777,0.015385086006481672,0.0,37.555650083743096,-13.796886698454777,nan,1183.6657279417436,0.3738460872142824,0.0,1.5918518278079958,3166.1846102545564,46.0,46.0,,0.0002971393203201496,,,,,,,11.982808488819051,,0,10.78161179779325,13.082245632998603,inf,-inf,-0.2724240840591561,0.579978688307282,-0.2697966780229172,0.19883099492335385,inf,-inf,1.9393592114181768,0.18095170559004828,0.18095170559004828,0.18095170559004828,784,3.6492192644080648,1.9088251511793954,1.9877476985286362,,,-0.19131324736455632,12.018029625447127,0.32975913962262055,1.2133849630605547,0.08399860862328401,0.0,0.0,12.005513438237733,12.022120041395926,0.28493968307691464,11.024842779322963,12.833154640758552,1.1640215554662665,0.06596102269649506,5910
19,49.96022830230681,-13.55261069010376,0.013480204082711944,0.0,36.42109781628576,-13.55261069010376,nan,0.0011204914094950311,0.012359712673216913,51.33715169619139,-13.796886698454777,0.015385086006481672,0.0,37.555650083743096,-13.796886698454777,nan,1245.6229960170815,0.352217165470088,0.0,1.4868029394583273,3536.519846653714,46.0,46.0,,0.00029683140210640173,,,,,,,11.982808488819051,,0,10.78161179779325,13.082245632998603,inf,-inf,-0.26439796253626263,0.4393130281690311,-0.25094603892424144,0.1960044885666433,inf,-inf,1.9429938088258016,0.1805584479851023,0.1805584479851023,0.1805584479851023,784,3.6492192644080648,1.9088251511793954,1.9877476985286362,,,-0.19131324736455632,12.018029625447127,0.32975913962262055,1.2133849630605547,0.08399860862328401,0.0,0.0,12.005513438237733,12.022120041395926,0.28493968307691464,11.024842779322963,12.833154640758552,1.1640215554662665,0.06596102269649506,5910
20,49.851009618365204,-13.181235967598612,0.013095974886713078,0.0,36.682869625653304,-13.181235967598612,nan,0.0011776782227566052,0.011918296663956473,50.37331767058515,-14.06719427717458,0.012857492652546716,0.0,36.31898088606312,-14.06719427717458,nan,1881.0587883280768,0.4135673857035592,0.0,1.5722086022580308,4548.373139066629,46.0,46.0,,0.00029650793048111826,,,,,,,11.5834600583445,,0,10.287316051188771,12.693465384797166,inf,-inf,-0.37021304240006847,0.536650259550877,-0.4169518021461481,0.1757397150544151,inf,-inf,1.9459631007263674,0.18022667453341765,0.18022667453341765,0.18022667453341765,784,3.612046588497507,1.8989069892494765,1.98436584859778,,,-0.22165827806768146,11.6230886312906,0.35088972326765555,1.2338947614358895,0.09127812041303729,0.0,0.0,11.605658566804433,11.620905189246594,0.31329469304694796,10.43931445268975,12.685800967321693,1.2151948315009442,0.08464591370578889,5910
21,49.58805940541604,-13.13070687208784,0.012650124989393427,0.0,36.47000265831759,-13.13070687208784,nan,0.0012379425172487995,0.011412182472144624,50.37331767058515,-14.06719427717458,0.012857492652546716,0.0,36.31898088606312,-14.06719427717458,nan,2097.0961243269094,0.34782547890583687,0.0,1.4052345113765567,6029.161897293425,46.0,46.0,,0.0002961689409166081,,,,,,,11.5834600583445,,0,10.287316051188771,12.693465384797166,inf,-inf,-0.2566794646989792,0.5846419606430628,-0.28122032498358823,0.17975780510737466,inf,-inf,1.9484386678151395,0.17993632492329395,0.17993632492329395,0.17993632492329395,784,3.612046588497507,1.8989069892494765,1.98436584859778,,,-0.22165827806768146,11.6230886312906,0.35088972326765555,1.2338947614358895,0.09127812041303729,0.0,0.0,11.605658566804433,11.620905189246594,0.31329469304694796,10.43931445268975,12.685800967321693,1.2151948315009442,0.08464591370578889,5910
22,49.83957754403167,-13.502564037455848,0.012393715377958506,0.0,36.34940722195378,-13.502564037455848,nan,0.0012964428265048024,0.0110972725514537,50.37331767058515,-14.06719427717458,0.012857492652546716,0.0,36.31898088606312,-14.06719427717458,nan,1637.9038767523243,0.3400552873544935,0.0,1.3465606219631296,4816.581119777967,46.0,46.0,,0.0002958144705868971,,,,,,,11.5834600583445,,0,10.287316051188771,12.693465384797166,inf,-inf,-0.31161777742819075,0.4763231110267267,-0.29859622998776825,0.17291805646989458,inf,-inf,1.950301895233314,0.1797172433456157,0.1797172433456157,0.1797172433456157,784,3.612046588497507,1.8989069892494765,1.98436584859778,,,-0.22165827806768146,11.6230886312906,0.35088972326765555,1.2338947614358895,0.09127812041303729,0.0,0.0,11.605658566804433,11.620905189246594,0.31329469304694796,10.43931445268975,12.685800967321693,1.2151948315009442,0.08464591370578889,5910
23,49.48963408054646,-13.703001443809722,0.012288086063544774,0.0,35.79892072280028,-13.703001443809722,nan,0.0013532681375732693,0.010934817925971506,50.37331767058515,-14.06719427717458,0.012857492652546716,0.0,36.31898088606312,-14.06719427717458,nan,1200.6055793448038,0.2868573666534236,0.0,1.1739663682803658,4185.374750355831,46.0,46.0,,0.0002954445583636514,,,,,,,11.5834600583445,,0,10.287316051188771,12.693465384797166,inf,-inf,-0.27870616270136406,0.4330416457472447,-0.3266726781374653,0.17522241089989296,inf,-inf,1.952527519435194,0.17948229880426844,0.17948229880426844,0.17948229880426844,784,3.612046588497507,1.8989069892494765,1.98436584859778,,,-0.22165827806768146,11.6230886312906,0.35088972326765555,1.2338947614358895,0.09127812041303729,0.0,0.0,11.605658566804433,11.620905189246594,0.31329469304694796,10.43931445268975,12.685800967321693,1.2151948315009442,0.08464591370578889,5910
24,49.72294623828578,-13.880276838945537,0.012095496453675365,0.0,35.85476489579391,-13.880276838945537,nan,0.0014085790008624014,0.010686917452812958,50.37331767058515,-14.06719427717458,0.012857492652546716,0.0,36.31898088606312,-14.06719427717458,nan,1032.611669726095,0.3097602917776848,0.0,1.1593778662583585,3333.5830871027238,46.0,46.0,,0.00029505924481191474,,,,,,,11.5834600583445,,0,10.287316051188771,12.693465384797166,inf,-inf,-0.2571271062880005,0.4741308346788703,-0.2759795090301145,0.17699322308318724,inf,-inf,1.9542260061815744,0.1792824482955781,0.1792824482955781,0.1792824482955781,784,3.612046588497507,1.8989069892494765,1.98436584859778,,,-0.22165827806768146,11.6230886312906,0.35088972326765555,1.2338947614358895,0.09127812041303729,0.0,0.0,11.605658566804433,11.620905189246594,0.31329469304694796,10.43931445268975,12.685800967321693,1.2151948315009442,0.08464591370578889,5910
25,49.4867036942236,-13.291263331180497,0.012010325971558508,0.0,36.207450689014664,-13.291263331180497,nan,0.0014665124685324033,0.010543813503026108,49.63285140717494,-13.756540678085548,0.012005031663902486,0.0,35.888315760753294,-13.756540678085548,nan,2032.9149130797562,0.3502470169434639,0.0,1.2727738997671143,5804.231912724341,46.0,46.0,,0.0002946585721856603,,,,,,,11.24704208164455,,0,9.829393529349792,12.557324738612408,inf,-inf,-0.2669009445914695,0.4870707016471507,-0.3084738606091978,0.18322329575878088,inf,-inf,1.955189547432208,0.17913581994751168,0.17913581994751168,0.17913581994751168,784,3.5784899255207967,1.889865735174343,1.9810020758240852,,,-0.2480290183818483,11.290169875070344,0.3686206951030827,1.2775279269384452,0.1063704026483916,0.0,0.0,11.267702293548044,11.28323324051132,0.3385544471451471,9.890397749637453,12.557324738612408,1.269648102784614,0.10368336804592193,5910
26,49.33405191318927,-13.844644964465463,0.01196971166605655,0.0,35.501376660389866,-13.844644964465463,nan,0.0015289390274227414,0.01044077263863381,49.63285140717494,-13.756540678085548,0.012005031663902486,0.0,35.888315760753294,-13.756540678085548,nan,1172.767349266509,0.2901388978920852,0.0,1.0753194683977891,4042.089350262543,46.0,46.0,,0.0002942425844231566,,,,,,,11.24704208164455,,0,9.829393529349792,12.557324738612408,inf,-inf,-0.2690320193094302,0.4621453090699937,-0.26991730707218614,0.1884879185385993,inf,-inf,1.9564629985172486,0.1789694387206653,0.1789694387206653,0.1789694387206653,784,3.5784899255207967,1.889865735174343,1.9810020758240852,,,-0.2480290183818483,11.290169875070344,0.3686206951030827,1.2775279269384452,0.1063704026483916,0.0,0.0,11.267702293548044,11.28323324051132,0.3385544471451471,9.890397749637453,12.557324738612408,1.269648102784614,0.10368336804592193,5910
27,49.339456335224675,-13.580636895720797,0.01181882930086139,0.0,35.770638268804746,-13.580636895720797,nan,0.0015867681928857164,0.010232061107975676,49.63285140717494,-13.756540678085548,0.012005031663902486,0.0,35.888315760753294,-13.756540678085548,nan,1683.9008908572416,0.30717519441165647,0.0,1.0967501763259053,5481.890860629149,46.0,46.0,,0.0002938113271421496,,,,,,,11.24704208164455,,0,9.829393529349792,12.557324738612408,inf,-inf,-0.26847587053926253,0.39014489376545664,-0.29922770837275775,0.1913101153517811,inf,-inf,1.9572181359873555,0.17884586716606843,0.17884586716606843,0.17884586716606843,784,3.5784899255207967,1.889865735174343,1.9810020758240852,,,-0.2480290183818483,11.290169875070344,0.3686206951030827,1.2775279269384452,0.1063704026483916,0.0,0.0,11.267702293548044,11.28323324051132,0.3385544471451471,9.890397749637453,12.557324738612408,1.269648102784614,0.10368336804592193,5910
28,49.18502242960078,-13.728429089943166,0.011729677530544089,0.0,35.46832301718816,-13.728429089943166,nan,0.0016471146193865341,0.010082562911157552,49.63285140717494,-13.756540678085548,0.012005031663902486,0.0,35.888315760753294,-13.756540678085548,nan,1356.351089283746,0.2990293722810661,0.0,1.03044324583269,4535.845689462484,46.0,46.0,,0.00029336484763486,,,,,,,11.24704208164455,,0,9.829393529349792,12.557324738612408,inf,-inf,-0.22508628137250586,0.5456191769545388,-0.26822837526552656,0.1760401092279148,inf,-inf,1.9579229288848028,0.1786939016673139,0.1786939016673139,0.1786939016673139,784,3.5784899255207967,1.889865735174343,1.9810020758240852,,,-0.2480290183818483,11.290169875070344,0.3686206951030827,1.2775279269384452,0.1063704026483916,0.0,0.0,11.267702293548044,11.28323324051132,0.3385544471451471,9.890397749637453,12.557324738612408,1.269648102784614,0.10368336804592193,5910
29,49.19662811653309,-13.872900829735482,0.011615789926822306,0.0,35.33534307672443,-13.872900829735482,nan,0.0017043621896745476,0.00991142773714776,49.63285140717494,-13.756540678085548,0.012005031663902486,0.0,35.888315760753294,-13.756540678085548,nan,1323.8488334787746,0.250191981345478,0.0,0.9560960815755256,5291.331985779097,46.0,46.0,,0.00029290319486279713,,,,,,,11.24704208164455,,0,9.829393529349792,12.557324738612408,inf,-inf,-0.23515628429713545,0.2966302073310592,-0.24311588857379185,0.1845695786285004,inf,-inf,1.9586463417586766,0.178567626223992,0.178567626223992,0.178567626223992,784,3.5784899255207967,1.889865735174343,1.9810020758240852,,,-0.2480290183818483,11.290169875070344,0.3686206951030827,1.2775279269384452,0.1063704026483916,0.0,0.0,11.267702293548044,11.28323324051132,0.3385544471451471,9.890397749637453,12.557324738612408,1.269648102784614,0.10368336804592193,5910
30,49.256041590477835,-13.227127732319804,0.011561822326031989,0.0,36.040475680484064,-13.227127732319804,nan,0.0017683678819043046,0.00979345444412768,49.74375052539632,-14.280765097848708,0.011506995922885396,0.0,35.4744924234705,-14.280765097848708,nan,2190.0025651914,0.33239228950688465,0.0,1.1320497266847784,6588.608202796593,46.0,46.0,,0.0002924264194513898,,,,,,,10.936689157706773,,0,9.392030764956983,12.466457453575053,inf,-inf,-0.2823356203515589,0.3475346327751991,-0.3113941108231697,0.21360100601283144,inf,-inf,1.9583822254922756,0.17851784892736075,0.17851784892736075,0.17851784892736075,784,3.546648771105244,1.881251791154294,1.9771911691092343,,,-0.27305018281329585,10.980002599258984,0.3817842894186254,1.327344188446358,0.12298355267670813,0.0,0.0,10.954087381456587,10.965864692933682,0.3573320054656731,9.461887507366251,12.466457453575053,1.317544458636788,0.11976527877252607,5910
31,49.168857423192115,-13.948706638508977,0.011457266089977014,0.0,35.23160805077312,-13.948706638508977,nan,0.0018347303404099252,0.00962253574956709,49.74375052539632,-14.280765097848708,0.011506995922885396,0.0,35.4744924234705,-14.280765097848708,nan,1300.5365913539922,0.2456515408172498,0.0,0.8900324647055086,5294.233396734582,46.0,46.0,,0.00029193457368443463,,,,,,,10.936689157706773,,0,9.392030764956983,12.466457453575053,inf,-inf,-0.20023604855121718,0.3648456611460151,-0.2418330343539306,0.16692960684516578,inf,-inf,1.9586624789190594,0.178430601227739,0.178430601227739,0.178430601227739,784,3.546648771105244,1.881251791154294,1.9771911691092343,,,-0.27305018281329585,10.980002599258984,0.3817842894186254,1.327344188446358,0.12298355267670813,0.0,0.0,10.954087381456587,10.965864692933682,0.3573320054656731,9.461887507366251,12.466457453575053,1.317544458636788,0.11976527877252607,5910
32,48.81322939447318,-13.51240072522678,0.011418348143428294,0.0,35.31224701738983,-13.51240072522678,nan,0.0018951542618826037,0.009523193881545692,49.74375052539632,-14.280765097848708,0.011506995922885396,0.0,35.4744924234705,-14.280765097848708,nan,2056.8255588617035,0.2548685152397695,0.0,0.9301673606535953,8070.143763841246,46.0,46.0,,0.0002914277114983626,,,,,,,10.936689157706773,,0,9.392030764956983,12.466457453575053,inf,-inf,-0.23305920277389341,0.4086277191682366,-0.2892818327090474,0.21637903356292287,inf,-inf,1.9584626504443898,0.17837217303673938,0.17837217303673938,0.17837217303673938,784,3.546648771105244,1.881251791154294,1.9771911691092343,,,-0.27305018281329585,10.980002599258984,0.3817842894186254,1.327344188446358,0.12298355267670813,0.0,0.0,10.954087381456587,10.965864692933682,0.3573320054656731,9.461887507366251,12.466457453575053,1.317544458636788,0.11976527877252607,5910
33,48.93732007636608,-13.834719097386046,0.01137028110458074,0.0,35.11397126008462,-13.834719097386046,nan,0.001959558684233104,0.009410722420347635,49.74375052539632,-14.280765097848708,0.011506995922885396,0.0,35.4744924234705,-14.280765097848708,nan,1520.2009635064417,0.3175213350491578,0.0,0.9756594560764426,4787.7128107662065,46.0,46.0,,0.00029090588847632414,,,,,,,10.936689157706773,,0,9.392030764956983,12.466457453575053,inf,-inf,-0.27069963428448524,0.41658192917393383,-0.31325660246504433,0.24613534831430292,inf,-inf,1.9581068153154457,0.17827302211097057,0.17827302211097057,0.17827302211097057,784,3.546648771105244,1.881251791154294,1.9771911691092343,,,-0.27305018281329585,10.980002599258984,0.3817842894186254,1.327344188446358,0.12298355267670813,0.0,0.0,10.954087381456587,10.965864692933682,0.3573320054656731,9.461887507366251,12.466457453575053,1.317544458636788,0.11976527877252607,5910
34,49.03295840104497,-13.907213420473237,0.011262862871678303,0.0,35.13700784344341,-13.907213420473237,nan,0.002028001846989689,0.009234861024688611,49.74375052539632,-14.280765097848708,0.011506995922885396,0.0,35.4744924234705,-14.280765097848708,nan,1404.3645531917268,0.22971747596662317,0.0,0.8258525585398668,6113.44238083033,46.0,46.0,,0.0002903691618420941,,,,,,,10.936689157706773,,0,9.392030764956983,12.466457453575053,inf,-inf,-0.22211926175720406,0.3506012052916162,-0.2419759163523335,0.18913357076395287,inf,-inf,1.957864347513539,0.1782172021847053,0.1782172021847053,0.1782172021847053,784,3.546648771105244,1.881251791154294,1.9771911691092343,,,-0.27305018281329585,10.980002599258984,0.3817842894186254,1.327344188446358,0.12298355267670813,0.0,0.0,10.954087381456587,10.965864692933682,0.3573320054656731,9.461887507366251,12.466457453575053,1.317544458636788,0.11976527877252607,5910
35,48.868140744716634,-14.141085810484375,0.011213141159366965,0.0,34.73826807539162,-14.141085810484375,nan,0.0020873335233976167,0.009125807635969352,49.52324786608344,-14.569413683796606,0.011174589578969355,0.0,34.965008771865804,-14.569413683796606,nan,1012.0621244240724,0.19747790235649612,0.0,0.7291620308615809,5124.938599950548,46.0,46.0,,0.0002898175904537963,,,,,,,10.653130531811799,,0,9.018875642622552,12.332972794718705,inf,-inf,-0.1724232724782575,0.2636397198611865,-0.21431976914832446,0.31643087113960755,inf,-inf,1.957979434411915,0.17811578746652762,0.17811578746652762,0.17811578746652762,784,3.515779708360308,1.872905446665164,1.972043436544888,,,-0.29653477646000675,10.695869936679664,0.39222684700925675,1.3674623404755655,0.1359153748234856,0.0,0.0,10.665801149857177,10.67927939568635,0.3691508888643309,9.129758428224017,12.332972794718705,1.3508542303367166,0.13060848715972617,5910
36,48.63128582753383,-14.049678699621449,0.011131960576391702,0.0,34.59273908848877,-14.049678699621449,nan,0.0021426580460804467,0.008989302530311258,49.52324786608344,-14.569413683796606,0.011174589578969355,0.0,34.965008771865804,-14.569413683796606,nan,1343.686816580384,0.18646123528247574,0.0,0.6981353147560528,7206.2528951113745,46.0,46.0,,0.00028925123479744914,,,,,,,10.653130531811799,,0,9.018875642622552,12.332972794718705,inf,-inf,-0.23476693362561946,0.25609308263650954,-0.24277157579096179,0.17919666976300808,inf,-inf,1.9582901458275357,0.1780181121727939,0.1780181121727939,0.1780181121727939,784,3.515779708360308,1.872905446665164,1.972043436544888,,,-0.29653477646000675,10.695869936679664,0.39222684700925675,1.3674623404755655,0.1359153748234856,0.0,0.0,10.665801149857177,10.67927939568635,0.3691508888643309,9.129758428224017,12.332972794718705,1.3508542303367166,0.13060848715972617,5910
37,48.83700431871994,-14.174000771267636,0.011117801934431095,0.0,34.67412134938674,-14.174000771267636,nan,0.0022015659681396045,0.008916235966291488,49.52324786608344,-14.569413683796606,0.011174589578969355,0.0,34.965008771865804,-14.569413683796606,nan,1051.8079898376307,0.21079225789097422,0.0,0.7115241710987547,4989.784731001107,46.0,46.0,,0.0002886701569803325,,,,,,,10.653130531811799,,0,9.018875642622552,12.332972794718705,inf,-inf,-0.18675679472333181,0.3165161926535531,-0.2601906287959694,0.305684560266818,inf,-inf,1.9582481045454663,0.177928845653066,0.177928845653066,0.177928845653066,784,3.515779708360308,1.872905446665164,1.972043436544888,,,-0.29653477646000675,10.695869936679664,0.39222684700925675,1.3674623404755655,0.1359153748234856,0.0,0.0,10.665801149857177,10.67927939568635,0.3691508888643309,9.129758428224017,12.332972794718705,1.3508542303367166,0.13060848715972617,5910
38,48.599669316835346,-13.966583032958606,0.01106495896948603,0.0,34.64415124284622,-13.966583032958606,nan,0.002260825319083059,0.008804133650402972,49.52324786608344,-14.569413683796606,0.011174589578969355,0.0,34.965008771865804,-14.569413683796606,nan,1480.9977024364046,0.2056275727267101,0.0,0.7323327949351313,7202.330323690241,46.0,46.0,,0.00028807442072417716,,,,,,,10.653130531811799,,0,9.018875642622552,12.332972794718705,inf,-inf,-0.24671710132494473,0.2705076168884015,-0.2845643831894434,0.18253225593142833,inf,-inf,1.957845523297995,0.17787465036664304,0.17787465036664304,0.17787465036664304,784,3.515779708360308,1.872905446665164,1.972043436544888,,,-0.29653477646000675,10.695869936679664,0.39222684700925675,1.3674623404755655,0.1359153748234856,0.0,0.0,10.665801149857177,10.67927939568635,0.3691508888643309,9.129758428224017,12.332972794718705,1.3508542303367166,0.13060848715972617,5910
39,48.82316787204589,-13.52582204956072,0.011111088395995814,0.0,35.30845691088116,-13.52582204956072,nan,0.0023283383841657436,0.008782750011830072,49.52324786608344,-14.569413683796606,0.011174589578969355,0.0,34.965008771865804,-14.569413683796606,nan,1995.3790402533511,0.24802320656290797,0.0,0.831216353000736,8045.130404953652,46.0,46.0,,0.000287464091358177,,,,,,,10.653130531811799,,0,9.018875642622552,12.332972794718705,inf,-inf,-0.26534584476721557,0.36838775773068444,-0.2939289070438051,0.405658406784787,inf,-inf,1.9565714034227613,0.17789219868311335,0.17789219868311335,0.17789219868311335,784,3.515779708360308,1.872905446665164,1.972043436544888,,,-0.29653477646000675,10.695869936679664,0.39222684700925675,1.3674623404755655,0.1359153748234856,0.0,0.0,10.665801149857177,10.67927939568635,0.3691508888643309,9.129758428224017,12.332972794718705,1.3508542303367166,0.13060848715972617,5910
40,48.612678754747854,-13.986698430552815,0.011046624173680145,0.0,34.63702694836872,-13.986698430552815,nan,0.002399076405161448,0.008647547768518697,48.386273479092836,-13.367977412710763,0.011035481046754865,0.0,35.029331547428825,-13.367977412710763,nan,1286.766812321516,0.2759576781333394,0.0,0.7741337770125394,4662.913606990728,46.0,46.0,,0.00028683923581182487,,,,,,,10.389490568187792,,0,8.725251354367584,12.194347932990532,inf,-inf,-0.2526005054942883,0.264662606971904,-0.26386102769797937,0.4705713159548363,inf,-inf,1.9557604761317524,0.1777781230695429,0.1777781230695429,0.1777781230695429,784,3.4863074187086625,1.8649102412896605,1.9672007838489654,,,-0.31887056697413335,10.434288860748566,0.39965693562907,1.397592738332567,0.14538063545635083,0.0,0.0,10.39602620580808,10.411720870185544,0.37595913006676923,8.856958665242567,12.194347932990532,1.3768098501853585,0.1388739644271767,5910
41,48.72690072600763,-13.9473595386296,0.011046262254566322,0.0,34.790587449632596,-13.9473595386296,nan,0.0024717564302453214,0.008574505824320998,48.386273479092836,-13.367977412710763,0.011035481046754865,0.0,35.029331547428825,-13.367977412710763,nan,1464.7668413973981,0.28855410474926424,0.0,0.7854735991318847,5076.229439432825,46.0,46.0,,0.00028619992260757275,,,,,,,10.389490568187792,,0,8.725251354367584,12.194347932990532,inf,-inf,-0.24339877512349084,0.28906420858601767,-0.28985409118554384,0.4571413143701826,inf,-inf,1.9547116222592433,0.17775478078832618,0.17775478078832618,0.17775478078832618,784,3.4863074187086625,1.8649102412896605,1.9672007838489654,,,-0.31887056697413335,10.434288860748566,0.39965693562907,1.397592738332567,0.14538063545635083,0.0,0.0,10.39602620580808,10.411720870185544,0.37595913006676923,8.856958665242567,12.194347932990532,1.3768098501853585,0.1388739644271767,5910
42,48.46693130162679,-13.768780224410161,0.011061962594153325,0.0,34.70921303981079,-13.768780224410161,nan,0.002552502167001344,0.008509460427151987,48.386273479092836,-13.367977412710763,0.011035481046754865,0.0,35.029331547428825,-13.367977412710763,nan,1662.9636770637112,0.33938532208345634,0.0,0.8510372250700513,4899.928101943021,46.0,46.0,,0.00028554622185331796,,,,,,,10.389490568187792,,0,8.725251354367584,12.194347932990532,inf,-inf,-0.2795192215415229,0.3321068313611848,-0.319792460643859,0.2721400179728788,inf,-inf,1.9528635673149992,0.17769138041173452,0.17769138041173452,0.17769138041173452,784,3.4863074187086625,1.8649102412896605,1.9672007838489654,,,-0.31887056697413335,10.434288860748566,0.39965693562907,1.397592738332567,0.14538063545635083,0.0,0.0,10.39602620580808,10.411720870185544,0.37595913006676923,8.856958665242567,12.194347932990532,1.3768098501853585,0.1388739644271767,5910
43,48.48284184844478,-14.191582842337318,0.01102861252107105,0.0,34.30228761862853,-14.191582842337318,nan,0.0026284081498470966,0.008400204371223954,48.386273479092836,-13.367977412710763,0.011035481046754865,0.0,35.029331547428825,-13.367977412710763,nan,1101.9989360001389,0.23159195538151284,0.0,0.6506427620532361,4758.364487163476,46.0,46.0,,0.00028487820523471477,,,,,,,10.389490568187792,,0,8.725251354367584,12.194347932990532,inf,-inf,-0.2333249588417834,0.2279910676410527,-0.2829864359839386,0.2220828307906643,inf,-inf,1.9522409794378022,0.17766382503889916,0.17766382503889916,0.17766382503889916,784,3.4863074187086625,1.8649102412896605,1.9672007838489654,,,-0.31887056697413335,10.434288860748566,0.39965693562907,1.397592738332567,0.14538063545635083,0.0,0.0,10.39602620580808,10.411720870185544,0.37595913006676923,8.856958665242567,12.194347932990532,1.3768098501853585,0.1388739644271767,5910
44,48.47758538700174,-13.97402084095677,0.010987544261897176,0.0,34.514552090306864,-13.97402084095677,nan,0.002691953651983423,0.008295590609913757,48.386273479092836,-13.367977412710763,0.011035481046754865,0.0,35.029331547428825,-13.367977412710763,nan,1565.3510818372667,0.19242541766690735,0.0,0.6240233235713446,8134.84570186525,46.0,46.0,,0.00028419594600731323,,,,,,,10.389490568187792,,0,8.725251354367584,12.194347932990532,inf,-inf,-0.22744403699511753,0.26784106102324967,-0.26216855300570685,0.3295351663278482,inf,-inf,1.9519479637816852,0.1776072459588537,0.1776072459588537,0.1776072459588537,784,3.4863074187086625,1.8649102412896605,1.9672007838489654,,,-0.31887056697413335,10.434288860748566,0.39965693562907,1.397592738332567,0.14538063545635083,0.0,0.0,10.39602620580808,10.411720870185544,0.37595913006676923,8.856958665242567,12.194347932990532,1.3768098501853585,0.1388739644271767,5910
45,48.45661547981955,-13.99263842452388,0.01098270453440593,0.0,34.47495975983007,-13.99263842452388,nan,0.0027596832345216107,0.00822302129988432,48.92085957336674,-14.52378295679097,0.010969499483822163,0.0,34.408046116059595,-14.52378295679097,nan,1507.3941200474367,0.15819392791733888,0.0,0.5520752632337929,9528.773574894074,46.0,46.0,,0.00028349951898852603,,,,,,,10.124096947630303,,0,8.431863252642355,12.019718995784851,inf,-inf,-0.22813385519932947,0.2255581601288083,-0.31370889221293097,0.3335949760286271,inf,-inf,1.951315954045926,0.17755326615587252,0.17755326615587252,0.17755326615587252,784,3.457517607438436,1.8570670780126737,1.9614542641797033,,,-0.342040420978231,10.1692719626956,0.4059347424035025,1.425511614175923,0.15397076001935994,0.0,0.0,10.125929554772062,10.143576063465758,0.38473051000523,8.550514738015305,12.019718995784851,1.4057304576466698,0.1479020546959644,5910
46,48.33044477555867,-14.245105277727468,0.010969809777258121,0.0,34.09630930760846,-14.245105277727468,nan,0.0028179859309265627,0.008151823846331561,48.92085957336674,-14.52378295679097,0.010969499483822163,0.0,34.408046116059595,-14.52378295679097,nan,1236.9050262423884,0.15165637526786685,0.0,0.5046112268621622,8155.971181941241,46.0,46.0,,0.00028278900054942377,,,,,,,10.124096947630303,,0,8.431863252642355,12.019718995784851,inf,-inf,-0.19245868928792853,0.2086868360207089,-0.23218945510800376,0.44731852068284733,inf,-inf,1.950916189017927,0.17745235594940292,0.17745235594940292,0.17745235594940292,784,3.457517607438436,1.8570670780126737,1.9614542641797033,,,-0.342040420978231,10.1692719626956,0.4059347424035025,1.425511614175923,0.15397076001935994,0.0,0.0,10.125929554772062,10.143576063465758,0.38473051000523,8.550514738015305,12.019718995784851,1.4057304576466698,0.1479020546959644,5910
47,48.33023444892734,-14.231381912902876,0.010955032896122175,0.0,34.10980756892059,-14.231381912902876,nan,0.002875712990434044,0.008079319905688128,48.92085957336674,-14.52378295679097,0.010969499483822163,0.0,34.408046116059595,-14.52378295679097,nan,1249.4135550037263,0.1467345737048735,0.0,0.5090825290769686,8514.786416435607,46.0,46.0,,0.00028206446860636015,,,,,,,10.124096947630303,,0,8.431863252642355,12.019718995784851,inf,-inf,-0.1889301047984066,0.2133350374971425,-0.23854349934104901,0.24890338523079877,inf,-inf,1.9504489349289533,0.1774039658720255,0.1774039658720255,0.1774039658720255,784,3.457517607438436,1.8570670780126737,1.9614542641797033,,,-0.342040420978231,10.1692719626956,0.4059347424035025,1.425511614175923,0.15397076001935994,0.0,0.0,10.125929554772062,10.143576063465758,0.38473051000523,8.550514738015305,12.019718995784851,1.4057304576466698,0.1479020546959644,5910
48,48.364214877108445,-14.116549720740958,0.010965338918193285,0.0,34.25863049528568,-14.116549720740958,nan,0.0029429255370984047,0.008022413381094884,48.92085957336674,-14.52378295679097,0.010969499483822163,0.0,34.408046116059595,-14.52378295679097,nan,1276.8560328143549,0.2818373592779831,0.0,0.6763060586292783,4530.4711770129825,46.0,46.0,,0.00028132600261242746,,,,,,,10.124096947630303,,0,8.431863252642355,12.019718995784851,inf,-inf,-0.2687918188527034,0.2720389336122502,-0.25521868477463844,0.3825640910693726,inf,-inf,1.948364359451104,0.17732799096562396,0.17732799096562396,0.17732799096562396,784,3.457517607438436,1.8570670780126737,1.9614542641797033,,,-0.342040420978231,10.1692719626956,0.4059347424035025,1.425511614175923,0.15397076001935994,0.0,0.0,10.125929554772062,10.143576063465758,0.38473051000523,8.550514738015305,12.019718995784851,1.4057304576466698,0.1479020546959644,5910
49,48.353140847854654,-13.858934775465741,0.010990792384706146,0.0,34.505196864773616,-13.858934775465741,nan,0.003023147844819246,0.007967644539886893,48.92085957336674,-14.52378295679097,0.010969499483822163,0.0,34.408046116059595,-14.52378295679097,nan,1739.1308564965568,0.244739030805819,0.0,0.6663821912440603,7106.0625302403,46.0,46.0,,0.0002805736835487436,,,,,,,10.124096947630303,,0,8.431863252642355,12.019718995784851,inf,-inf,-0.22703669780673688,0.27994253137314107,-0.3113686482275483,0.2931832122573042,inf,-inf,1.9468602694344794,0.17738142826623346,0.17738142826623346,0.17738142826623346,784,3.457517607438436,1.8570670780126737,1.9614542641797033,,,-0.342040420978231,10.1692719626956,0.4059347424035025,1.425511614175923,0.15397076001935994,0.0,0.0,10.125929554772062,10.143576063465758,0.38473051000523,8.550514738015305,12.019718995784851,1.4057304576466698,0.1479020546959644,5910
50,48.288630152456456,-14.14565230436502,0.011038730239985355,0.0,34.15401657833142,-14.14565230436502,nan,0.003099255836316374,0.007939474403668979,48.06298090734906,-13.904173008772702,0.011025350808577588,0.0,34.169833249384936,-13.904173008772702,nan,1432.1238814669582,0.1371786375985615,0.0,0.4776892831031873,10439.84622195997,46.0,46.0,,0.0002798075939155718,,,,,,,9.889850398597805,,0,8.161070786554552,11.896686646646062,inf,-inf,-0.2153092172316051,0.1945774216941813,-0.26187819438964344,0.42709930700259824,inf,-inf,1.946479060752711,0.17728279990237386,0.17728279990237386,0.17728279990237386,784,3.4315446093839332,1.8499418942545227,1.9570826509083203,,,-0.3629682604252951,9.934136231311568,0.41202201791423604,1.45773599540957,0.16367887781007007,0.0,0.0,9.886663391796215,9.90661497104762,0.3928055533257716,8.291571757699792,11.896686646646062,1.4347927020710467,0.1567891590142897,5910
51,48.30261045217531,-14.195950372812856,0.011025975796629972,0.0,34.11768605515908,-14.195950372812856,nan,0.0031615833629473618,0.007864392433682612,48.06298090734906,-13.904173008772702,0.011025350808577588,0.0,34.169833249384936,-13.904173008772702,nan,1395.5152030293043,0.15825555263432084,0.0,0.508878782340475,8818.112096539855,46.0,46.0,,0.0002790278177232734,,,,,,,9.889850398597805,,0,8.161070786554552,11.896686646646062,inf,-inf,-0.18038070418241348,0.29435341425625655,-0.24222383441556072,0.3263770425704543,inf,-inf,1.945759512214358,0.17723194118523547,0.17723194118523547,0.17723194118523547,784,3.4315446093839332,1.8499418942545227,1.9570826509083203,,,-0.3629682604252951,9.934136231311568,0.41202201791423604,1.45773599540957,0.16367887781007007,0.0,0.0,9.886663391796215,9.90661497104762,0.3928055533257716,8.291571757699792,11.896686646646062,1.4347927020710467,0.1567891590142897,5910
52,48.356194115853945,-13.998892931001114,0.011048090152714362,0.0,34.36834927500554,-13.998892931001114,nan,0.0032317398483340796,0.007816350304380285,48.06298090734906,-13.904173008772702,0.011025350808577588,0.0,34.169833249384936,-13.904173008772702,nan,1577.3726128800743,0.16746723337833386,0.0,0.5287975911230153,9418.992486228935,46.0,46.0,,0.00027823444048309524,,,,,,,9.889850398597805,,0,8.161070786554552,11.896686646646062,inf,-inf,-0.3007224261674669,0.20409866277035488,-0.2598168982510557,0.355823806446258,inf,-inf,1.944939637581244,0.17722846328710995,0.17722846328710995,0.17722846328710995,784,3.4315446093839332,1.8499418942545227,1.9570826509083203,,,-0.3629682604252951,9.934136231311568,0.41202201791423604,1.45773599540957,0.16367887781007007,0.0,0.0,9.886663391796215,9.90661497104762,0.3928055533257716,8.291571757699792,11.896686646646062,1.4347927020710467,0.1567891590142897,5910
53,48.253534613970714,-14.081551676728214,0.01108965024141981,0.0,34.18307258748392,-14.081551676728214,nan,0.00330067244295698,0.007788977798462831,48.06298090734906,-13.904173008772702,0.011025350808577588,0.0,34.169833249384936,-13.904173008772702,nan,1578.545501803927,0.14700036206411854,0.0,0.47645875852929576,10738.378325322748,46.0,46.0,,0.0002774275491977922,,,,,,,9.889850398597805,,0,8.161070786554552,11.896686646646062,inf,-inf,-0.23382811663705855,0.20175198922961463,-0.3148407942719335,0.3802823095810932,inf,-inf,1.9440690215721372,0.1771957871167147,0.1771957871167147,0.1771957871167147,784,3.4315446093839332,1.8499418942545227,1.9570826509083203,,,-0.3629682604252951,9.934136231311568,0.41202201791423604,1.45773599540957,0.16367887781007007,0.0,0.0,9.886663391796215,9.90661497104762,0.3928055533257716,8.291571757699792,11.896686646646062,1.4347927020710467,0.1567891590142897,5910
54,48.369330805518885,-14.316061289202246,0.011110487359244432,0.0,34.064380003675886,-14.316061289202246,nan,0.003365605748399883,0.007744881610844547,48.06298090734906,-13.904173008772702,0.011025350808577588,0.0,34.169833249384936,-13.904173008772702,nan,1213.8409713380604,0.12291932184537187,0.0,0.4102481173079118,9875.10306040436,46.0,46.0,,0.00027660723235208647,,,,,,,9.889850398597805,,0,8.161070786554552,11.896686646646062,inf,-inf,-0.18660932522809695,0.19284081152437665,-0.24155588665578254,0.2611344695938372,inf,-inf,1.9439589956842227,0.17710758995452677,0.17710758995452677,0.17710758995452677,784,3.4315446093839332,1.8499418942545227,1.9570826509083203,,,-0.3629682604252951,9.934136231311568,0.41202201791423604,1.45773599540957,0.16367887781007007,0.0,0.0,9.886663391796215,9.90661497104762,0.3928055533257716,8.291571757699792,11.896686646646062,1.4347927020710467,0.1567891590142897,5910
55,48.19905875855188,-13.748752482641402,0.011107502916560492,0.0,34.46141377882704,-13.748752482641402,nan,0.0034361048097502874,0.007671398106810204,47.60601619964463,-12.864647425552558,0.0111125495819642,0.0,34.75248132367403,-12.864647425552558,nan,2122.268457358982,0.24112936441449878,0.0,0.6155957540910973,8801.368769466108,46.0,46.0,,0.0002757735799029644,,,,,,,9.666749794839674,,0,7.915862169453108,11.771041598929989,inf,-inf,-0.2561940497501179,0.2504529504137701,-0.2785110262768672,0.32320197994428784,inf,-inf,1.941979815354353,0.1771549783040362,0.1771549783040362,0.1771549783040362,784,3.406064722637989,1.8429252672012844,1.9519137928522066,,,-0.38332501222361504,9.711318370399272,0.4175227655225912,1.4870195244623907,0.17231667081557334,0.0,0.0,9.657474007095402,9.677705513540058,0.40010289151939404,8.055945991488134,11.771041598929989,1.461161930748692,0.1646983485377228,5910
56,48.185178858698166,-13.994259631100162,0.011128882472845459,0.0,34.20204811007085,-13.994259631100162,nan,0.003518612350021097,0.007610270122824361,47.60601619964463,-12.864647425552558,0.0111125495819642,0.0,34.75248132367403,-12.864647425552558,nan,1797.1893743993592,0.14689496535291532,0.0,0.4598496031056292,12234.51988352092,46.0,46.0,,0.00027492668326981143,,,,,,,9.666749794839674,,0,7.915862169453108,11.771041598929989,inf,-inf,-0.263546749087983,0.14674720371391053,-0.27261722605920546,0.30126198933650206,inf,-inf,1.9410150676512894,0.1770845480622113,0.1770845480622113,0.1770845480622113,784,3.406064722637989,1.8429252672012844,1.9519137928522066,,,-0.38332501222361504,9.711318370399272,0.4175227655225912,1.4870195244623907,0.17231667081557334,0.0,0.0,9.657474007095402,9.677705513540058,0.40010289151939404,8.055945991488134,11.771041598929989,1.461161930748692,0.1646983485377228,5910
57,48.27426784476665,-13.970669273922407,0.011194594852867817,0.0,34.31479316569711,-13.970669273922407,nan,0.003597031664110222,0.007597563188757592,47.60601619964463,-12.864647425552558,0.0111125495819642,0.0,34.75248132367403,-12.864647425552558,nan,1526.5069379678407,0.2867716110603433,0.0,0.6522591023661095,5323.075503616112,46.0,46.0,,0.00027406663532438707,,,,,,,9.666749794839674,,0,7.915862169453108,11.771041598929989,inf,-inf,-0.24394933171699235,0.1987165539887214,-0.321888346152965,0.3219687490198061,inf,-inf,1.9385051890763172,0.17715508051954063,0.17715508051954063,0.17715508051954063,784,3.406064722637989,1.8429252672012844,1.9519137928522066,,,-0.38332501222361504,9.711318370399272,0.4175227655225912,1.4870195244623907,0.17231667081557334,0.0,0.0,9.657474007095402,9.677705513540058,0.40010289151939404,8.055945991488134,11.771041598929989,1.461161930748692,0.1646983485377228,5910
58,48.411658699128296,-14.129117795543008,0.011306053248372692,0.0,34.29384695683366,-14.129117795543008,nan,0.0036964838350049406,0.007609569413367748,47.60601619964463,-12.864647425552558,0.0111125495819642,0.0,34.75248132367403,-12.864647425552558,nan,1427.2847767370256,0.2082920725821504,0.0,0.5401531361580288,6852.32404211689,46.0,46.0,,0.0002731935303806403,,,,,,,9.666749794839674,,0,7.915862169453108,11.771041598929989,inf,-inf,-0.20533736318700582,0.26370890851124185,-0.2622131356652617,0.31252740420494485,inf,-inf,1.937334500756971,0.17714260295922984,0.17714260295922984,0.17714260295922984,784,3.406064722637989,1.8429252672012844,1.9519137928522066,,,-0.38332501222361504,9.711318370399272,0.4175227655225912,1.4870195244623907,0.17231667081557334,0.0,0.0,9.657474007095402,9.677705513540058,0.40010289151939404,8.055945991488134,11.771041598929989,1.461161930748692,0.1646983485377228,5910
59,48.31036104487,-13.889222245639202,0.011354170930850982,0.0,34.43249297016165,-13.889222245639202,nan,0.0037875748850384116,0.007566596045812573,47.60601619964463,-12.864647425552558,0.0111125495819642,0.0,34.75248132367403,-12.864647425552558,nan,1694.378137301162,0.18279963554765524,0.0,0.5105692352745897,9269.045489204182,46.0,46.0,,0.00027230746418436733,,,,,,,9.666749794839674,,0,7.915862169453108,11.771041598929989,inf,-inf,-0.24627477648972215,0.19234852193929977,-0.2911074803167234,0.36865908491727284,inf,-inf,1.9364749662808627,0.17708632042543232,0.17708632042543232,0.17708632042543232,784,3.406064722637989,1.8429252672012844,1.9519137928522066,,,-0.38332501222361504,9.711318370399272,0.4175227655225912,1.4870195244623907,0.17231667081557334,0.0,0.0,9.657474007095402,9.677705513540058,0.40010289151939404,8.055945991488134,11.771041598929989,1.461161930748692,0.1646983485377228,5910
60,48.21859851334392,-14.13201446492689,0.011377193827404238,0.0,34.09796124224444,-14.13201446492689,nan,0.003867693469525823,0.007509500357878415,49.28680730218423,-14.881561556811656,0.011403068023837046,0.0,34.416648813396414,-14.881561556811656,nan,1529.7859746949027,0.17489154271652027,0.0,0.47399116113532896,8747.055180218265,46.0,46.0,,0.00027140853390271154,,,,,,,9.416071534869719,,0,7.664768708501717,11.571395505772454,inf,-inf,-0.23910388735787025,0.18424339950687252,-0.24767157919023186,0.29516119337575214,inf,-inf,1.9353264762188622,0.1770726909518948,0.1770726909518948,0.1770726909518948,784,3.3790032546642457,1.835446379248816,1.9468138556255643,,,-0.4069244702117483,9.463484936755894,0.42115568555149574,1.5096861948277094,0.17888668370522276,0.0,0.0,9.399340556051461,9.421184395053068,0.4073784247711173,7.8127022432178865,11.571395505772454,1.4811002833004987,0.17058446500977054,5910
61,48.21503858169338,-14.158869323556544,0.011440661987305128,0.0,34.06760992012414,-14.158869323556544,nan,0.0039480673427132965,0.007492594644591834,49.28680730218423,-14.881561556811656,0.011403068023837046,0.0,34.416648813396414,-14.881561556811656,nan,1622.74647296952,0.13075789496744822,0.0,0.40129176962137597,12410.313529240417,46.0,46.0,,0.0002704968381135084,,,,,,,9.416071534869719,,0,7.664768708501717,11.571395505772454,inf,-inf,-0.20507504185619857,0.23903421266709782,-0.23880475433223913,0.26610828337242504,inf,-inf,1.93521572422736,0.1769750704732426,0.1769750704732426,0.1769750704732426,784,3.3790032546642457,1.835446379248816,1.9468138556255643,,,-0.4069244702117483,9.463484936755894,0.42115568555149574,1.5096861948277094,0.17888668370522276,0.0,0.0,9.399340556051461,9.421184395053068,0.4073784247711173,7.8127022432178865,11.571395505772454,1.4811002833004987,0.17058446500977054,5910
62,48.04809546262626,-14.06074048318371,0.011446949694180635,0.0,33.998801929136725,-14.06074048318371,nan,0.004015692041295037,0.007431257652885598,49.28680730218423,-14.881561556811656,0.011403068023837046,0.0,34.416648813396414,-14.881561556811656,nan,1648.2828706191,0.1542452055978344,0.0,0.4214500254612806,10686.120610560112,46.0,46.0,,0.00026957247679447504,,,,,,,9.416071534869719,,0,7.664768708501717,11.571395505772454,inf,-inf,-0.23643054323166324,0.18725715952112978,-0.27758634525946735,0.3804996925841206,inf,-inf,1.9348820808821876,0.17687568819941235,0.17687568819941235,0.17687568819941235,784,3.3790032546642457,1.835446379248816,1.9468138556255643,,,-0.4069244702117483,9.463484936755894,0.42115568555149574,1.5096861948277094,0.17888668370522276,0.0,0.0,9.399340556051461,9.421184395053068,0.4073784247711173,7.8127022432178865,11.571395505772454,1.4811002833004987,0.17058446500977054,5910
63,48.27675658299846,-14.056600960643518,0.011518405004879268,0.0,34.231674027359816,-14.056600960643518,nan,0.004098331666855863,0.007420073338023407,49.28680730218423,-14.881561556811656,0.011403068023837046,0.0,34.416648813396414,-14.881561556811656,nan,1679.6085589075794,0.1974300681104997,0.0,0.4931656728365225,8507.359466479638,46.0,46.0,,0.00026863555131224676,,,,,,,9.416071534869719,,0,7.664768708501717,11.571395505772454,inf,-inf,-0.23250063130895826,0.16956127257404469,-0.2610835317417799,0.3770787977150466,inf,-inf,1.9327310076077708,0.1769277450901936,0.1769277450901936,0.1769277450901936,784,3.3790032546642457,1.835446379248816,1.9468138556255643,,,-0.4069244702117483,9.463484936755894,0.42115568555149574,1.5096861948277094,0.17888668370522276,0.0,0.0,9.399340556051461,9.421184395053068,0.4073784247711173,7.8127022432178865,11.571395505772454,1.4811002833004987,0.17058446500977054,5910
64,48.08607420124966,-13.914297364150158,0.011618595974090073,0.0,34.18339543307359,-13.914297364150158,nan,0.004187500775470907,0.007431095198619166,49.28680730218423,-14.881561556811656,0.011403068023837046,0.0,34.416648813396414,-14.881561556811656,nan,1924.703953682332,0.12236593161099094,0.0,0.37921371084471855,15729.083482166327,46.0,46.0,,0.00026768616441126075,,,,,,,9.416071534869719,,0,7.664768708501717,11.571395505772454,inf,-inf,-0.22666877665247145,0.13755967697130836,-0.24426303171418806,0.3102209786005857,inf,-inf,1.9320266152320267,0.1768285487365055,0.1768285487365055,0.1768285487365055,784,3.3790032546642457,1.835446379248816,1.9468138556255643,,,-0.4069244702117483,9.463484936755894,0.42115568555149574,1.5096861948277094,0.17888668370522276,0.0,0.0,9.399340556051461,9.421184395053068,0.4073784247711173,7.8127022432178865,11.571395505772454,1.4811002833004987,0.17058446500977054,5910
65,48.3168452387673,-14.311224882129705,0.011651660238334662,0.0,34.01727201687593,-14.311224882129705,nan,0.004260578738116611,0.007391081500218048,50.44411047288958,-14.7533522316777,0.011655427336530076,0.0,35.7024136685484,-14.7533522316777,nan,1269.9502075501396,0.13654444786952327,0.0,0.3886441804039836,9300.636000693754,46.0,46.0,,0.0002667244202024894,,,,,,,9.204800141442762,,0,7.453003554397545,11.419530599533532,inf,-inf,-0.21185094983548308,0.1437999711052058,-0.25015539748486926,0.3294088552849396,inf,-inf,1.9311931711100516,0.17679242971423345,0.17679242971423345,0.17679242971423345,784,3.3551115384983023,1.8287892724654797,1.9422590819398322,,,-0.4272619266375423,9.252809990788109,0.42678586786190836,1.5322051728790054,0.18531692422804968,0.0,0.0,9.182583380633002,9.209459370318037,0.4172301587795766,7.614136773751853,11.419530599533532,1.4997800721021954,0.17602757873891894,5910
66,48.22520772453875,-14.377701658160769,0.011678893542583002,0.0,33.85918495992056,-14.377701658160769,nan,0.004334570006566279,0.007344323536016728,50.44411047288958,-14.7533522316777,0.011655427336530076,0.0,35.7024136685484,-14.7533522316777,nan,1138.1298035464,0.1265526944776474,0.0,0.3534316190186883,8993.327311157522,46.0,46.0,,0.0002657504241520231,,,,,,,9.204800141442762,,0,7.453003554397545,11.419530599533532,inf,-inf,-0.1722362626157775,0.13538000034915837,-0.20792700584165102,0.2946553312053524,inf,-inf,1.930620201075215,0.17672761801494077,0.17672761801494077,0.17672761801494077,784,3.3551115384983023,1.8287892724654797,1.9422590819398322,,,-0.4272619266375423,9.252809990788109,0.42678586786190836,1.5322051728790054,0.18531692422804968,0.0,0.0,9.182583380633002,9.209459370318037,0.4172301587795766,7.614136773751853,11.419530599533532,1.4997800721021954,0.17602757873891894,5910
67,48.06163560327653,-14.24946575148753,0.011714999261230302,0.0,33.823884851050224,-14.24946575148753,nan,0.004405265185244247,0.00730973407598606,50.44411047288958,-14.7533522316777,0.011655427336530076,0.0,35.7024136685484,-14.7533522316777,nan,1354.1543192625911,0.12571888876806217,0.0,0.3619937562402839,10771.287692184906,46.0,46.0,,0.00026476428306950465,,,,,,,9.204800141442762,,0,7.453003554397545,11.419530599533532,inf,-inf,-0.20010529607062733,0.1397972217669167,-0.25696390030958,0.2889943304624676,inf,-inf,1.930030285200343,0.176667529367532,0.176667529367532,0.176667529367532,784,3.3551115384983023,1.8287892724654797,1.9422590819398322,,,-0.4272619266375423,9.252809990788109,0.42678586786190836,1.5322051728790054,0.18531692422804968,0.0,0.0,9.182583380633002,9.209459370318037,0.4172301587795766,7.614136773751853,11.419530599533532,1.4997800721021954,0.17602757873891894,5910
68,48.11215994908478,-14.209685919552062,0.011774047843718627,0.0,33.91424807737643,-14.209685919552062,nan,0.004483507448291062,0.007290540395427566,50.44411047288958,-14.7533522316777,0.011655427336530076,0.0,35.7024136685484,-14.7533522316777,nan,1370.0481445718547,0.126654089771181,0.0,0.37386450332825233,10817.24362037614,46.0,46.0,,0.0002637661050964166,,,,,,,9.204800141442762,,0,7.453003554397545,11.419530599533532,inf,-inf,-0.22668973250836288,0.15773723515597937,-0.24847949284096876,0.2913173509455087,inf,-inf,1.9290432939111943,0.1765878804668794,0.1765878804668794,0.1765878804668794,784,3.3551115384983023,1.8287892724654797,1.9422590819398322,,,-0.4272619266375423,9.252809990788109,0.42678586786190836,1.5322051728790054,0.18531692422804968,0.0,0.0,9.182583380633002,9.209459370318037,0.4172301587795766,7.614136773751853,11.419530599533532,1.4997800721021954,0.17602757873891894,5910
69,48.03317532994877,-14.139152824616815,0.01184325097496204,0.0,33.905865756306916,-14.139152824616815,nan,0.004563967321004278,0.007279283653957759,50.44411047288958,-14.7533522316777,0.011655427336530076,0.0,35.7024136685484,-14.7533522316777,nan,1536.8022366549826,0.2202436564674018,0.0,0.4545270932299383,6977.736663586696,46.0,46.0,,0.00026275599969422214,,,,,,,9.204800141442762,,0,7.453003554397545,11.419530599533532,inf,-inf,-0.2027048116221019,0.1976405931243695,-0.2745793603387059,0.24404554091220187,inf,-inf,1.927263128664721,0.17665880555073496,0.17665880555073496,0.17665880555073496,784,3.3551115384983023,1.8287892724654797,1.9422590819398322,,,-0.4272619266375423,9.252809990788109,0.42678586786190836,1.5322051728790054,0.18531692422804968,0.0,0.0,9.182583380633002,9.209459370318037,0.4172301587795766,7.614136773751853,11.419530599533532,1.4997800721021954,0.17602757873891894,5910
70,48.073420685216426,-14.208723323245067,0.011984386095337241,0.0,33.876681748066694,-14.208723323245067,nan,0.004663133352823688,0.007321252742513554,47.851976776408534,-13.722188591739922,0.011998086217446762,0.0,34.14178627088606,-13.722188591739922,nan,1416.6357271923462,0.16312644832120854,0.0,0.4026384965128385,8684.279844080718,46.0,46.0,,0.00026173407763236143,,,,,,,8.9968423317981,,0,7.250540732304505,11.306540369680993,inf,-inf,-0.21003533519276868,0.18414609028685883,-0.22909308515930338,0.26707886830112765,inf,-inf,1.9256472479589049,0.17670293777980983,0.17670293777980983,0.17670293777980983,784,3.332500482223899,1.8224471923548284,1.9388115939087927,,,-0.4478936090187416,9.0454955482518,0.43273547990102323,1.5594065032012216,0.19295934102901702,0.0,0.0,8.970369063654184,9.001409551642844,0.4269861200441023,7.424774028183661,11.306540369680993,1.5228127249075265,0.18264649720329085,5910
71,47.99794147176404,-14.099832631683,0.012053614094649452,0.0,33.91016245417568,-14.099832631683,nan,0.0047537525908489505,0.007299861503800504,47.851976776408534,-13.722188591739922,0.011998086217446762,0.0,34.14178627088606,-13.722188591739922,nan,1751.3810452690643,0.1425519936044428,0.0,0.4009225245606117,12285.910571891718,46.0,46.0,,0.00026070045097610465,,,,,,,8.9968423317981,,0,7.250540732304505,11.306540369680993,inf,-inf,-0.20044587431366365,0.18488188098819994,-0.242617999238809,0.24528368258350466,inf,-inf,1.9249462918139026,0.1766119052790679,0.1766119052790679,0.1766119052790679,784,3.332500482223899,1.8224471923548284,1.9388115939087927,,,-0.4478936090187416,9.0454955482518,0.43273547990102323,1.5594065032012216,0.19295934102901702,0.0,0.0,8.970369063654184,9.001409551642844,0.4269861200441023,7.424774028183661,11.306540369680993,1.5228127249075265,0.18264649720329085,5910
72,48.15234218495804,-14.338584418203585,0.012110238685366079,0.0,33.825868005439816,-14.338584418203585,nan,0.0048442482278955,0.00726599045747058,47.851976776408534,-13.722188591739922,0.011998086217446762,0.0,34.14178627088606,-13.722188591739922,nan,1318.6997046147787,0.12160570807808868,0.0,0.3390405336543799,10844.060903522557,46.0,46.0,,0.0002596552330742625,,,,,,,8.9968423317981,,0,7.250540732304505,11.306540369680993,inf,-inf,-0.19775296118179403,0.10958320552956774,-0.259538986945874,0.2462856058583337,inf,-inf,1.924213772451935,0.1765055290886617,0.1765055290886617,0.1765055290886617,784,3.332500482223899,1.8224471923548284,1.9388115939087927,,,-0.4478936090187416,9.0454955482518,0.43273547990102323,1.5594065032012216,0.19295934102901702,0.0,0.0,8.970369063654184,9.001409551642844,0.4269861200441023,7.424774028183661,11.306540369680993,1.5228127249075265,0.18264649720329085,5910
73,47.97267143628008,-14.208466959149764,0.012147820444380241,0.0,33.776352297574704,-14.208466959149764,nan,0.004928949771839003,0.00721887067254124,47.851976776408534,-13.722188591739922,0.011998086217446762,0.0,34.14178627088606,-13.722188591739922,nan,1514.7838932459254,0.13273089540359803,0.0,0.35244133082132045,11412.443867269074,46.0,46.0,,0.00025859853854675647,,,,,,,8.9968423317981,,0,7.250540732304505,11.306540369680993,inf,-inf,-0.2117323225721768,0.1541663640892049,-0.223783216081,0.30613807932769177,inf,-inf,1.9232806425309028,0.17647416352647338,0.17647416352647338,0.17647416352647338,784,3.332500482223899,1.8224471923548284,1.9388115939087927,,,-0.4478936090187416,9.0454955482518,0.43273547990102323,1.5594065032012216,0.19295934102901702,0.0,0.0,8.970369063654184,9.001409551642844,0.4269861200441023,7.424774028183661,11.306540369680993,1.5228127249075265,0.18264649720329085,5910
74,48.17137358031905,-14.185471059082374,0.012186739390870649,0.0,33.998089260627545,-14.185471059082374,nan,0.0050101249009765255,0.007176614489894122,47.851976776408534,-13.722188591739922,0.011998086217446762,0.0,34.14178627088606,-13.722188591739922,nan,1430.2211695135243,0.150344458215642,0.0,0.3667005591840443,9512.962343195451,46.0,46.0,,0.0002575304832720494,,,,,,,8.9968423317981,,0,7.250540732304505,11.306540369680993,inf,-inf,-0.21455124412336962,0.16875025899624474,-0.26879361937297963,0.236923477866391,inf,-inf,1.9219765678633427,0.17635585948463262,0.17635585948463262,0.17635585948463262,784,3.332500482223899,1.8224471923548284,1.9388115939087927,,,-0.4478936090187416,9.0454955482518,0.43273547990102323,1.5594065032012216,0.19295934102901702,0.0,0.0,8.970369063654184,9.001409551642844,0.4269861200441023,7.424774028183661,11.306540369680993,1.5228127249075265,0.18264649720329085,5910
75,47.76556433261494,-13.601386702000829,0.012282490307787637,0.0,34.1764601209219,-13.601386702000829,nan,0.005105461384670259,0.0071770289231173805,49.09688721330272,-14.908868777891946,0.012356994351778741,0.0,34.20037542976255,-14.908868777891946,nan,2538.543762279468,0.14741311813897107,0.0,0.397835943313164,17220.609633169155,46.0,46.0,,0.000256451184374438,,,,,,,8.786449750405733,,0,7.060443890782896,11.168547552088858,inf,-inf,-0.2942435716063754,0.15236635436506754,-0.2977401022604167,0.2662637457953775,inf,-inf,1.9198686065465453,0.17638055419448387,0.17638055419448387,0.17638055419448387,784,3.309259035512083,1.8158983409438414,1.9343474087323536,,,-0.4692246985445683,8.835625651982758,0.4376811159031712,1.5818477881637039,0.19916469158838568,0.0,0.0,8.753656249512515,8.787216469438828,0.437496082575972,7.161148661701713,11.168547552088858,1.5596028067143717,0.19301400808780445,5910
76,47.94394317945921,-14.293073534818722,0.01237551022936514,0.0,33.663245154869855,-14.293073534818722,nan,0.005195348384860036,0.007180161844505102,49.09688721330272,-14.908868777891946,0.012356994351778741,0.0,34.20037542976255,-14.908868777891946,nan,1454.4068069959933,0.09384154027411089,0.0,0.28425972590619003,15498.539375501243,46.0,46.0,,0.000255360760211209,,,,,,,8.786449750405733,,0,7.060443890782896,11.168547552088858,inf,-inf,-0.22206457450520334,0.15812943907388655,-0.25041934764771984,0.20261670918147312,inf,-inf,1.9195747277130466,0.1762468335410542,0.1762468335410542,0.1762468335410542,784,3.309259035512083,1.8158983409438414,1.9343474087323536,,,-0.4692246985445683,8.835625651982758,0.4376811159031712,1.5818477881637039,0.19916469158838568,0.0,0.0,8.753656249512515,8.787216469438828,0.437496082575972,7.161148661701713,11.168547552088858,1.5596028067143717,0.19301400808780445,5910
77,48.15440818716244,-13.966401358532321,0.012444600693243707,0.0,34.20045142932336,-13.966401358532321,nan,0.005287529393905371,0.007157071299338335,49.09688721330272,-14.908868777891946,0.012356994351778741,0.0,34.20037542976255,-14.908868777891946,nan,1789.9951508278082,0.1986833089626631,0.0,0.4819004256111618,9009.287997937397,46.0,46.0,,0.0002542593303596599,,,,,,,8.786449750405733,,0,7.060443890782896,11.168547552088858,inf,-inf,-0.23525299265891034,0.1839158560012592,-0.2825601396216918,0.22498627524358936,inf,-inf,1.91711647392238,0.17631777037608173,0.17631777037608173,0.17631777037608173,784,3.309259035512083,1.8158983409438414,1.9343474087323536,,,-0.4692246985445683,8.835625651982758,0.4376811159031712,1.5818477881637039,0.19916469158838568,0.0,0.0,8.753656249512515,8.787216469438828,0.437496082575972,7.161148661701713,11.168547552088858,1.5596028067143717,0.19301400808780445,5910
78,47.935101859651034,-13.727045031347926,0.012589324906102485,0.0,34.22064615320921,-13.727045031347926,nan,0.00540526840987894,0.0071840564962235495,49.09688721330272,-14.908868777891946,0.012356994351778741,0.0,34.20037542976255,-14.908868777891946,nan,2372.583146295237,0.14521580931163328,0.0,0.3822565856818602,16338.325403700854,46.0,46.0,,0.0002531470156039858,,,,,,,8.786449750405733,,0,7.060443890782896,11.168547552088858,inf,-inf,-0.20305534944810757,0.16360249385737943,-0.2786517701976445,0.21772992495135457,inf,-inf,1.9155200638947785,0.17628944527597132,0.17628944527597132,0.17628944527597132,784,3.309259035512083,1.8158983409438414,1.9343474087323536,,,-0.4692246985445683,8.835625651982758,0.4376811159031712,1.5818477881637039,0.19916469158838568,0.0,0.0,8.753656249512515,8.787216469438828,0.437496082575972,7.161148661701713,11.168547552088858,1.5596028067143717,0.19301400808780445,5910
79,48.09920607156614,-14.353668228194339,0.01267610416512399,0.0,33.75821394753692,-14.353668228194339,nan,0.005501471742373802,0.007174632422750188,49.09688721330272,-14.908868777891946,0.012356994351778741,0.0,34.20037542976255,-14.908868777891946,nan,1373.6264843919955,0.09384064286187929,0.0,0.27250044086132696,14637.863110270755,46.0,46.0,,0.0002520239379220344,,,,,,,8.786449750405733,,0,7.060443890782896,11.168547552088858,inf,-inf,-0.21620924086690985,0.1331225704184011,-0.23022015194280915,0.23715466616904274,inf,-inf,1.9155453983037334,0.17614148672569874,0.17614148672569874,0.17614148672569874,784,3.309259035512083,1.8158983409438414,1.9343474087323536,,,-0.4692246985445683,8.835625651982758,0.4376811159031712,1.5818477881637039,0.19916469158838568,0.0,0.0,8.753656249512515,8.787216469438828,0.437496082575972,7.161148661701713,11.168547552088858,1.5596028067143717,0.19301400808780445,5910
80,48.154389903718986,-14.367144629184116,0.012688597219341458,0.0,33.79993387175421,-14.367144629184116,nan,0.0055842197577147205,0.007104377461626737,47.36788138209586,-12.61468317291239,0.012688234678842504,0.0,34.76588644386231,-12.61468317291239,nan,1253.8853422019852,0.11977673279934173,0.0,0.3132164228806111,10468.521831385906,46.0,46.0,,0.0002508902204719295,,,,,,,8.578664303402292,,0,6.861610017586593,10.994782931343943,inf,-inf,-0.1868477003813501,0.12179772942205501,-0.23982309019157474,0.15896523397037526,inf,-inf,1.9146904276396208,0.17606864089429267,0.17606864089429267,0.17606864089429267,784,3.2864586436803824,1.8094442799538364,1.9305514673181514,,,-0.490877322793065,8.625980623495416,0.44273312985569224,1.6023619679876668,0.20476062844159393,0.0,0.0,8.540425654018627,8.578613518358244,0.44734427699925067,6.861610017586593,10.994782931343943,1.6023619679876668,0.20476062844159393,5910
81,47.94579238063449,-13.809339657925738,0.012784158852954771,0.0,34.1492368815617,-13.809339657925738,nan,0.005683407314583938,0.00710075153837083,47.36788138209586,-12.61468317291239,0.012688234678842504,0.0,34.76588644386231,-12.61468317291239,nan,2242.3240436943634,0.1485569616339197,0.0,0.3690037447604186,15094.035439550738,46.0,46.0,,0.0002497459875785653,,,,,,,8.578664303402292,,0,6.861610017586593,10.994782931343943,inf,-inf,-0.22206429471122252,0.1274008536037457,-0.2666150233962291,0.2066221518059842,inf,-inf,1.9128619319029592,0.1761231599649348,0.1761231599649348,0.1761231599649348,784,3.2864586436803824,1.8094442799538364,1.9305514673181514,,,-0.490877322793065,8.625980623495416,0.44273312985569224,1.6023619679876668,0.20476062844159393,0.0,0.0,8.540425654018627,8.578613518358244,0.44734427699925067,6.861610017586593,10.994782931343943,1.6023619679876668,0.20476062844159393,5910
82,47.91754784230486,-14.427866066765901,0.01281734969496829,0.0,33.50249912523393,-14.427866066765901,nan,0.005768244736193817,0.007049104958774474,47.36788138209586,-12.61468317291239,0.012688234678842504,0.0,34.76588644386231,-12.61468317291239,nan,1265.837985448119,0.06975809259237196,0.0,0.21503443488375662,18146.109482164054,46.0,46.0,,0.00024859136471997286,,,,,,,8.578664303402292,,0,6.861610017586593,10.994782931343943,inf,-inf,-0.18807918545346725,0.12158518321149231,-0.21823041054349795,0.2141237052030985,inf,-inf,1.9130536251955856,0.17591773322053106,0.17591773322053106,0.17591773322053106,784,3.2864586436803824,1.8094442799538364,1.9305514673181514,,,-0.490877322793065,8.625980623495416,0.44273312985569224,1.6023619679876668,0.20476062844159393,0.0,0.0,8.540425654018627,8.578613518358244,0.44734427699925067,6.861610017586593,10.994782931343943,1.6023619679876668,0.20476062844159393,5910
83,47.93342653231707,-14.327200652554446,0.01283387653745448,0.0,33.61905975630008,-14.327200652554446,nan,0.005841855183422436,0.006992021354032038,47.36788138209586,-12.61468317291239,0.012688234678842504,0.0,34.76588644386231,-12.61468317291239,nan,1374.559865753058,0.12064223471399697,0.0,0.3049963537286294,11393.687036813326,46.0,46.0,,0.00024742647851356,,,,,,,8.578664303402292,,0,6.861610017586593,10.994782931343943,inf,-inf,-0.19472576373064412,0.13026359234869336,-0.23227604015182082,0.21115578212671388,inf,-inf,1.911540581846164,0.17592379164851676,0.17592379164851676,0.17592379164851676,784,3.2864586436803824,1.8094442799538364,1.9305514673181514,,,-0.490877322793065,8.625980623495416,0.44273312985569224,1.6023619679876668,0.20476062844159393,0.0,0.0,8.540425654018627,8.578613518358244,0.44734427699925067,6.861610017586593,10.994782931343943,1.6023619679876668,0.20476062844159393,5910
84,47.97908060738382,-14.236990626269694,0.012913136861875606,0.0,33.755003117976,-14.236990626269694,nan,0.005935271241630244,0.006977865620245364,47.36788138209586,-12.61468317291239,0.012688234678842504,0.0,34.76588644386231,-12.61468317291239,nan,1585.758219949636,0.12041506340796766,0.0,0.29501092479733176,13169.101730877876,46.0,46.0,,0.00024625145670222645,,,,,,,8.578664303402292,,0,6.861610017586593,10.994782931343943,inf,-inf,-0.21240911694220208,0.1428285929598845,-0.2518650087667009,0.22660072001282638,inf,-inf,1.910037882175754,0.17589659472980032,0.17589659472980032,0.17589659472980032,784,3.2864586436803824,1.8094442799538364,1.9305514673181514,,,-0.490877322793065,8.625980623495416,0.44273312985569224,1.6023619679876668,0.20476062844159393,0.0,0.0,8.540425654018627,8.578613518358244,0.44734427699925067,6.861610017586593,10.994782931343943,1.6023619679876668,0.20476062844159393,5910
85,47.91199763707471,-14.452951270332923,0.012971716869804448,0.0,33.472018083611594,-14.452951270332923,nan,0.00602401669892476,0.006947700170879684,48.81048617631819,-14.846060060407737,0.012973000111265827,0.0,33.97739911602172,-14.846060060407737,nan,1177.99126721953,0.09952701424197802,0.0,0.25760453742875844,11835.894768786127,46.0,46.0,,0.00024506642814035504,,,,,,,8.39822495238683,,0,6.58757906079198,10.834642051867478,inf,-inf,-0.18508408110416902,0.1554983335219942,-0.20178895126390461,0.23795473740989415,inf,-inf,1.9090177948365932,0.17579204094394502,0.17579204094394502,0.17579204094394502,784,3.2665405486474626,1.8037865680933847,1.926643087571327,,,-0.5102248502642028,8.44545589684895,0.44777335100428284,1.644707707016863,0.21608872750858743,0.0,0.0,8.355831255365352,8.392946613204476,0.45649472850520034,6.58757906079198,10.834642051867478,1.644707707016863,0.21608872750858743,5910
86,47.83222380909673,-14.257932099300199,0.013035912862022252,0.0,33.587327622658556,-14.257932099300199,nan,0.0061120401690215485,0.006923872693000704,48.81048617631819,-14.846060060407737,0.012973000111265827,0.0,33.97739911602172,-14.846060060407737,nan,1511.7387166839762,0.13960079839836262,0.0,0.3058026154479052,10829.011968614268,46.0,46.0,,0.00024387152277968163,,,,,,,8.39822495238683,,0,6.58757906079198,10.834642051867478,inf,-inf,-0.21259552407417934,0.15725746432570764,-0.22372112075003528,0.2260189050420215,inf,-inf,1.9068081576460516,0.17586215547374662,0.17586215547374662,0.17586215547374662,784,3.2665405486474626,1.8037865680933847,1.926643087571327,,,-0.5102248502642028,8.44545589684895,0.44777335100428284,1.644707707016863,0.21608872750858743,0.0,0.0,8.355831255365352,8.392946613204476,0.45649472850520034,6.58757906079198,10.834642051867478,1.644707707016863,0.21608872750858743,5910
87,47.86122191727502,-14.349071430273046,0.01310225682376075,0.0,33.52525274382574,-14.349071430273046,nan,0.006198887228926508,0.0069033695948342395,48.81048617631819,-14.846060060407737,0.012973000111265827,0.0,33.97739911602172,-14.846060060407737,nan,1420.4316109955298,0.09028364308705662,0.0,0.23659235501668738,15732.989525310459,46.0,46.0,,0.0002426668716550444,,,,,,,8.39822495238683,,0,6.58757906079198,10.834642051867478,inf,-inf,-0.19476969774914293,0.13270355882372353,-0.23259298936845038,0.25425091007058614,inf,-inf,1.90630188671116,0.17571921906923355,0.17571921906923355,0.17571921906923355,784,3.2665405486474626,1.8037865680933847,1.926643087571327,,,-0.5102248502642028,8.44545589684895,0.44777335100428284,1.644707707016863,0.21608872750858743,0.0,0.0,8.355831255365352,8.392946613204476,0.45649472850520034,6.58757906079198,10.834642051867478,1.644707707016863,0.21608872750858743,5910
88,47.923608036535086,-14.404450613967374,0.013159029403132474,0.0,33.53231645197085,-14.404450613967374,nan,0.0062796839087132785,0.006879345494419194,48.81048617631819,-14.846060060407737,0.012973000111265827,0.0,33.97739911602172,-14.846060060407737,nan,1236.533316412277,0.07852995969110042,0.0,0.21984906032757837,15746.007272590128,46.0,46.0,,0.0002414526068700143,,,,,,,8.39822495238683,,0,6.58757906079198,10.834642051867478,inf,-inf,-0.179574745335944,0.12446262913750053,-0.23031784215726175,0.18739663973164272,inf,-inf,1.9053583470681288,0.17563339590034513,0.17563339590034513,0.17563339590034513,784,3.2665405486474626,1.8037865680933847,1.926643087571327,,,-0.5102248502642028,8.44545589684895,0.44777335100428284,1.644707707016863,0.21608872750858743,0.0,0.0,8.355831255365352,8.392946613204476,0.45649472850520034,6.58757906079198,10.834642051867478,1.644707707016863,0.21608872750858743,5910
89,48.16293778671852,-14.242160075328298,0.013195661820888206,0.0,33.93397337321111,-14.242160075328298,nan,0.006359546461081738,0.00683611535980646,48.81048617631819,-14.846060060407737,0.012973000111265827,0.0,33.97739911602172,-14.846060060407737,nan,1477.986972794966,0.12532445795910652,0.0,0.3022970582392564,11793.284382504447,46.0,46.0,,0.0002402288615824086,,,,,,,8.39822495238683,,0,6.58757906079198,10.834642051867478,inf,-inf,-0.1887601943226494,0.15142181470759392,-0.23937559768803343,0.21697064034219934,inf,-inf,1.9035196156448109,0.1756134361635523,0.1756134361635523,0.1756134361635523,784,3.2665405486474626,1.8037865680933847,1.926643087571327,,,-0.5102248502642028,8.44545589684895,0.44777335100428284,1.644707707016863,0.21608872750858743,0.0,0.0,8.355831255365352,8.392946613204476,0.45649472850520034,6.58757906079198,10.834642051867478,1.644707707016863,0.21608872750858743,5910
90,48.0032903928769,-14.312444692512283,0.013295042283186852,0.0,33.70414074264781,-14.312444692512283,nan,0.006467060290043644,0.006827981993143211,48.129985393226775,-14.417216770714965,0.0133569498998304,0.0,33.72612557241164,-14.417216770714965,nan,1212.306671675251,0.1078367151402719,0.0,0.2684959123606913,11242.058607759946,46.0,46.0,,0.00023899576998968842,,,,,,,8.22202861241462,,0,6.344133363110267,10.716369490258574,inf,-inf,-0.19472927673391277,0.178183841226768,-0.25675225772057464,0.2723414462359002,inf,-inf,1.901500286091828,0.17562153909956862,0.17562153909956862,0.17562153909956862,784,3.246476834296644,1.7980547815113466,1.9234684599160903,,,-0.5295183467849437,8.269583868063505,0.4529351895866477,1.6891778398877761,0.22767537533540316,0.0,0.0,8.17590098767175,8.21401485494108,0.4651387906707876,6.344133363110267,10.716369490258574,1.6891778398877761,0.22767537533540316,5910
91,47.92631494175258,-14.418168766953,0.013382305593054682,0.0,33.52152848039263,-14.418168766953,nan,0.006558568226542509,0.006823737366512177,48.129985393226775,-14.417216770714965,0.0133569498998304,0.0,33.72612557241164,-14.417216770714965,nan,1251.4994284451684,0.0809643287159182,0.0,0.22384676964752329,15457.417461414883,46.0,46.0,,0.00023775346731424264,,,,,,,8.22202861241462,,0,6.344133363110267,10.716369490258574,inf,-inf,-0.19095216200117207,0.15099362196389426,-0.24496200544931,0.24686620640081855,inf,-inf,1.9008788326057477,0.17547921355800913,0.17547921355800913,0.17547921355800913,784,3.246476834296644,1.7980547815113466,1.9234684599160903,,,-0.5295183467849437,8.269583868063505,0.4529351895866477,1.6891778398877761,0.22767537533540316,0.0,0.0,8.17590098767175,8.21401485494108,0.4651387906707876,6.344133363110267,10.716369490258574,1.6891778398877761,0.22767537533540316,5910
92,47.914902685306664,-14.231563377106138,0.013411492070088238,0.0,33.69675080027062,-14.231563377106138,nan,0.006640587082969,0.006770904987119239,48.129985393226775,-14.417216770714965,0.0133569498998304,0.0,33.72612557241164,-14.417216770714965,nan,1498.620012116267,0.12945923197247203,0.0,0.2797424953377466,11575.999558184702,46.0,46.0,,0.00023650208978855897,,,,,,,8.22202861241462,,0,6.344133363110267,10.716369490258574,inf,-inf,-0.16972746503344235,0.13592541737543912,-0.2257104585200319,0.27349268172748514,inf,-inf,1.8993801475379644,0.17545020859232408,0.17545020859232408,0.17545020859232408,784,3.246476834296644,1.7980547815113466,1.9234684599160903,,,-0.5295183467849437,8.269583868063505,0.4529351895866477,1.6891778398877761,0.22767537533540316,0.0,0.0,8.17590098767175,8.21401485494108,0.4651387906707876,6.344133363110267,10.716369490258574,1.6891778398877761,0.22767537533540316,5910
93,47.92793558258742,-14.316807092543167,0.013504128632136025,0.0,33.624632618676394,-14.316807092543167,nan,0.006747910222250213,0.006756218409885815,48.129985393226775,-14.417216770714965,0.0133569498998304,0.0,33.72612557241164,-14.417216770714965,nan,1409.8943524968424,0.10710291703230265,0.0,0.25694388636508575,13163.921128979267,46.0,46.0,,0.00023524177464028488,,,,,,,8.22202861241462,,0,6.344133363110267,10.716369490258574,inf,-inf,-0.19225555457033838,0.14053296012753227,-0.23727164878089535,0.23823934158505092,inf,-inf,1.897741963950991,0.17543153850443535,0.17543153850443535,0.17543153850443535,784,3.246476834296644,1.7980547815113466,1.9234684599160903,,,-0.5295183467849437,8.269583868063505,0.4529351895866477,1.6891778398877761,0.22767537533540316,0.0,0.0,8.17590098767175,8.21401485494108,0.4651387906707876,6.344133363110267,10.716369490258574,1.6891778398877761,0.22767537533540316,5910
94,48.02118452153584,-13.93406724978837,0.013635571493038536,0.0,34.10075284324051,-13.93406724978837,nan,0.006860479240935008,0.00677509225210353,48.129985393226775,-14.417216770714965,0.0133569498998304,0.0,33.72612557241164,-14.417216770714965,nan,1863.3558464328576,0.13382023441864155,0.0,0.3135441183813299,13924.32059716439,46.0,46.0,,0.0002339726600771789,,,,,,,8.22202861241462,,0,6.344133363110267,10.716369490258574,inf,-inf,-0.22725738855936953,0.14389045482838717,-0.2680539339960327,0.19349910075586682,inf,-inf,1.8959587789798484,0.17543440591370776,0.17543440591370776,0.17543440591370776,784,3.246476834296644,1.7980547815113466,1.9234684599160903,,,-0.5295183467849437,8.269583868063505,0.4529351895866477,1.6891778398877761,0.22767537533540316,0.0,0.0,8.17590098767175,8.21401485494108,0.4651387906707876,6.344133363110267,10.716369490258574,1.6891778398877761,0.22767537533540316,5910
95,47.73827863357062,-14.244774131002462,0.013715512271911817,0.0,33.50722001484007,-14.244774131002462,nan,0.006959456392037287,0.00675605587987453,48.70242388269128,-14.913535901517946,0.013761409160579084,0.0,33.80264939033391,-14.913535901517946,nan,1601.294534008976,0.12135608518578792,0.0,0.2682046041621579,13195.008157666778,46.0,46.0,,0.0002326948852719545,,,,,,,8.03843864150109,,0,6.1105670893763975,10.555689835666092,inf,-inf,-0.2211587575374298,0.11208143514195158,-0.22778667939427102,0.22049306748316622,inf,-inf,1.8950172735112458,0.17538096749364213,0.17538096749364213,0.17538096749364213,784,3.2262657470836342,1.7922724230474356,1.9206305194534599,,,-0.550167776671529,8.086795393655947,0.45713571356523997,1.727448480848499,0.23740510390912895,0.0,0.0,7.987873684809656,8.023423609260734,0.47335692174191046,6.1105670893763975,10.555689835666092,1.727448480848499,0.23740510390912895,5910
96,47.84207271107353,-14.245413756043103,0.01380396452699566,0.0,33.61046291955741,-14.245413756043103,nan,0.007065458137607755,0.00673850638938791,48.70242388269128,-14.913535901517946,0.013761409160579084,0.0,33.80264939033391,-14.913535901517946,nan,1505.8514705398775,0.12288636838276289,0.0,0.29823476743566507,12254.01556216142,46.0,46.0,,0.00023140859034701826,,,,,,,8.03843864150109,,0,6.1105670893763975,10.555689835666092,inf,-inf,-0.1991723723730211,0.10432156854755344,-0.2099715570829413,0.20737445249087255,inf,-inf,1.8933901987645705,0.175438683669973,0.175438683669973,0.175438683669973,784,3.2262657470836342,1.7922724230474356,1.9206305194534599,,,-0.550167776671529,8.086795393655947,0.45713571356523997,1.727448480848499,0.23740510390912895,0.0,0.0,7.987873684809656,8.023423609260734,0.47335692174191046,6.1105670893763975,10.555689835666092,1.727448480848499,0.23740510390912895,5910
97,47.90363841199392,-13.9898788467451,0.014010005352579761,0.0,33.9277695706014,-13.9898788467451,nan,0.007195937228624507,0.006814068123955248,48.70242388269128,-14.913535901517946,0.013761409160579084,0.0,33.80264939033391,-14.913535901517946,nan,1988.150342008024,0.1056053437572302,0.0,0.27107472375798153,18826.228591030995,46.0,46.0,,0.00023011391635910388,,,,,,,8.03843864150109,,0,6.1105670893763975,10.555689835666092,inf,-inf,-0.24796896271816818,0.13679175427059057,-0.24772751950952132,0.17529583697719134,inf,-inf,1.8921337196041819,0.17539256982141163,0.17539256982141163,0.17539256982141163,784,3.2262657470836342,1.7922724230474356,1.9206305194534599,,,-0.550167776671529,8.086795393655947,0.45713571356523997,1.727448480848499,0.23740510390912895,0.0,0.0,7.987873684809656,8.023423609260734,0.47335692174191046,6.1105670893763975,10.555689835666092,1.727448480848499,0.23740510390912895,5910
98,47.81726196059293,-14.47817432578554,0.014074908203667483,0.0,33.35316254301106,-14.47817432578554,nan,0.0072951166576790275,0.006779791545988449,48.70242388269128,-14.913535901517946,0.013761409160579084,0.0,33.80264939033391,-14.913535901517946,nan,1227.1949483483797,0.07262266882885086,0.0,0.1839505029536622,16898.235332558463,46.0,46.0,,0.00022881100528380385,,,,,,,8.03843864150109,,0,6.1105670893763975,10.555689835666092,inf,-inf,-0.19430529486317483,0.09203650943021835,-0.1940252656345508,0.18565650790895885,inf,-inf,1.8927406995274856,0.17517620529933456,0.17517620529933456,0.17517620529933456,784,3.2262657470836342,1.7922724230474356,1.9206305194534599,,,-0.550167776671529,8.086795393655947,0.45713571356523997,1.727448480848499,0.23740510390912895,0.0,0.0,7.987873684809656,8.023423609260734,0.47335692174191046,6.1105670893763975,10.555689835666092,1.727448480848499,0.23740510390912895,5910
99,47.821581344551575,-14.475286228411196,0.014100926809335576,0.0,33.360396042949716,-14.475286228411196,nan,0.007368717611763886,0.0067322091975716945,48.70242388269128,-14.913535901517946,0.013761409160579084,0.0,33.80264939033391,-14.913535901517946,nan,1139.1876623689786,0.06540100253747767,0.0,0.1860307910091453,17418.504582038688,46.0,46.0,,0.0002275,,,,,,,8.03843864150109,,0,6.1105670893763975,10.555689835666092,inf,-inf,-0.17074833222130106,0.09804865584896978,-0.21966443672489047,0.19830843355463382,inf,-inf,1.8919163825469882,0.1750440972229933,0.1750440972229933,0.1750440972229933,784,3.2262657470836342,1.7922724230474356,1.9206305194534599,,,-0.550167776671529,8.086795393655947,0.45713571356523997,1.727448480848499,0.23740510390912895,0.0,0.0,7.987873684809656,8.023423609260734,0.47335692174191046,6.1105670893763975,10.555689835666092,1.727448480848499,0.23740510390912895,5910
100,47.82916479392706,-13.901339693114103,0.014194654871961676,0.0,33.942019755684925,-13.901339693114103,nan,0.007462993850016484,0.0067316610219451956,48.58174745071865,-14.822516920515028,0.014285832895983964,0.0,33.77351636309961,-14.822516920515028,nan,2102.298596326886,0.11214543477998296,0.0,0.2731050604520922,18746.18080041658,46.0,46.0,,0.00022618104427419542,,,,,,,7.862331463180246,,0,5.862039860039342,10.429249942577265,inf,-inf,-0.24105865313430702,0.10891285887155593,-0.2759409942711742,0.18681247740775503,inf,-inf,1.8890876943776207,0.1751297426683125,0.1751297426683125,0.1751297426683125,784,3.206022144392568,1.7864267608865616,1.917298345276878,,,-0.5703828037223935,7.910882249668747,0.4622710036747809,1.7791161765500636,0.2502043085039526,0.0,0.0,7.806848796589208,7.842209396904663,0.48210079385338783,5.862039860039342,10.429249942577265,1.7791161765500636,0.2502043085039526,5910
101,47.789715606018014,-14.261165071514394,0.0143202456993257,0.0,33.542870780202946,-14.261165071514394,nan,0.007570989772572712,0.006749255926752989,48.58174745071865,-14.822516920515028,0.014285832895983964,0.0,33.77351636309961,-14.822516920515028,nan,1658.4432013674855,0.08626034901198652,0.0,0.22192518875328926,19226.020070206676,46.0,46.0,,0.0002248542827447487,,,,,,,7.862331463180246,,0,5.862039860039342,10.429249942577265,inf,-inf,-0.1965359386267536,0.10127636762397355,-0.2493064623249439,0.2040399613770741,inf,-inf,1.8878329762913215,0.17503109416516627,0.17503109416516627,0.17503109416516627,784,3.206022144392568,1.7864267608865616,1.917298345276878,,,-0.5703828037223935,7.910882249668747,0.4622710036747809,1.7791161765500636,0.2502043085039526,0.0,0.0,7.806848796589208,7.842209396904663,0.48210079385338783,5.862039860039342,10.429249942577265,1.7791161765500636,0.2502043085039526,5910
102,47.80222607218644,-13.980517360342352,0.01442557052542589,0.0,33.836134282369514,-13.980517360342352,nan,0.007680497903059351,0.006745072622366537,48.58174745071865,-14.822516920515028,0.014285832895983964,0.0,33.77351636309961,-14.822516920515028,nan,1975.3793951329424,0.11391397538494413,0.0,0.27343870675788695,17340.97496341108,46.0,46.0,,0.00022351986090601283,,,,,,,7.862331463180246,,0,5.862039860039342,10.429249942577265,inf,-inf,-0.23626799977977364,0.1203537764700859,-0.3107174007008977,0.2061817738726105,inf,-inf,1.8861916609612368,0.17498401619417298,0.17498401619417298,0.17498401619417298,784,3.206022144392568,1.7864267608865616,1.917298345276878,,,-0.5703828037223935,7.910882249668747,0.4622710036747809,1.7791161765500636,0.2502043085039526,0.0,0.0,7.806848796589208,7.842209396904663,0.48210079385338783,5.862039860039342,10.429249942577265,1.7791161765500636,0.2502043085039526,5910
103,47.74496785153757,-13.817220935376163,0.014593861869697517,0.0,33.9423407780311,-13.817220935376163,nan,0.00781199449644765,0.006781867373249866,48.58174745071865,-14.822516920515028,0.014285832895983964,0.0,33.77351636309961,-14.822516920515028,nan,2352.287671595504,0.1293088825462899,0.0,0.2865679047067718,18191.230372387094,46.0,46.0,,0.00022217792509237998,,,,,,,7.862331463180246,,0,5.862039860039342,10.429249942577265,inf,-inf,-0.2297931806467901,0.10113282243173594,-0.2532624047985851,0.1789467345546009,inf,-inf,1.8837472854556612,0.1750457443441748,0.1750457443441748,0.1750457443441748,784,3.206022144392568,1.7864267608865616,1.917298345276878,,,-0.5703828037223935,7.910882249668747,0.4622710036747809,1.7791161765500636,0.2502043085039526,0.0,0.0,7.806848796589208,7.842209396904663,0.48210079385338783,5.862039860039342,10.429249942577265,1.7791161765500636,0.2502043085039526,5910
104,47.83459858161099,-14.466110255084143,0.014704864256139916,0.0,33.38319319078298,-14.466110255084143,nan,0.007924314645930124,0.006780549610209794,48.58174745071865,-14.822516920515028,0.014285832895983964,0.0,33.77351636309961,-14.822516920515028,nan,1218.417147997899,0.06350004489961966,0.0,0.16704637240188694,19187.658054792915,46.0,46.0,,0.0002208286224622343,,,,,,,7.862331463180246,,0,5.862039860039342,10.429249942577265,inf,-inf,-0.16680788209652975,0.09833953792538579,-0.21042425409721724,0.16074258353094178,inf,-inf,1.884456459634015,0.17477695905926513,0.17477695905926513,0.17477695905926513,784,3.206022144392568,1.7864267608865616,1.917298345276878,,,-0.5703828037223935,7.910882249668747,0.4622710036747809,1.7791161765500636,0.2502043085039526,0.0,0.0,7.806848796589208,7.842209396904663,0.48210079385338783,5.862039860039342,10.429249942577265,1.7791161765500636,0.2502043085039526,5910
105,47.79521011515821,-14.412548288664443,0.014728859391200931,0.0,33.39739068588497,-14.412548288664443,nan,0.008006377450940858,0.006722481940260066,48.80372639714196,-14.967518391287076,0.01477791813099383,0.0,33.85098592398588,-14.967518391287076,nan,1238.4451525562265,0.10087145741396789,0.0,0.21932833327470183,12277.458701461534,46.0,46.0,,0.00021947210098181448,,,,,,,7.686385328320165,,0,5.613525535413401,10.279199440101959,inf,-inf,-0.16826450831191747,0.18098364087099195,-0.18781557575515936,0.22067087197671126,inf,-inf,1.8826110231093096,0.1747849639823398,0.1747849639823398,0.1747849639823398,784,3.186063183389414,1.7806457155806872,1.9138118720394022,,,-0.5911197331034458,7.733327968222326,0.4669796590750057,1.8311486026481503,0.26272358990045586,0.0,0.0,7.625605404397169,7.656638478998602,0.4915071163030249,5.613525535413401,10.279199440101959,1.8311486026481503,0.26272358990045586,5910
106,47.89776826216099,-14.484300784574232,0.014834181523532356,0.0,33.42830165911029,-14.484300784574232,nan,0.008116173855901075,0.0067180076676312825,48.80372639714196,-14.967518391287076,0.01477791813099383,0.0,33.85098592398588,-14.967518391287076,nan,1011.4703543736185,0.10344907358162633,0.0,0.21190771167709385,9777.471362037084,46.0,46.0,,0.0002181085094089875,,,,,,,7.686385328320165,,0,5.613525535413401,10.279199440101959,inf,-inf,-0.16367375187201866,0.1359882234126615,-0.21549216727879517,0.20709549411234499,inf,-inf,1.8810854691126042,0.17478533009845942,0.17478533009845942,0.17478533009845942,784,3.186063183389414,1.7806457155806872,1.9138118720394022,,,-0.5911197331034458,7.733327968222326,0.4669796590750057,1.8311486026481503,0.26272358990045586,0.0,0.0,7.625605404397169,7.656638478998602,0.4915071163030249,5.613525535413401,10.279199440101959,1.8311486026481503,0.26272358990045586,5910
107,47.79450621460482,-13.934947032339442,0.014917351753279937,0.0,33.87447653401866,-13.934947032339442,nan,0.008220751800004035,0.0066965999532759,48.80372639714196,-14.967518391287076,0.01477791813099383,0.0,33.85098592398588,-14.967518391287076,nan,1915.0699869327032,0.17922253801571536,0.0,0.35337727662783947,10685.430572157045,46.0,46.0,,0.0002167379972769355,,,,,,,7.686385328320165,,0,5.613525535413401,10.279199440101959,inf,-inf,-0.3110325386259708,0.21091772551610594,-0.24725649040639838,0.19786217253482072,inf,-inf,1.8780702400282063,0.1749400262463589,0.1749400262463589,0.1749400262463589,784,3.186063183389414,1.7806457155806872,1.9138118720394022,,,-0.5911197331034458,7.733327968222326,0.4669796590750057,1.8311486026481503,0.26272358990045586,0.0,0.0,7.625605404397169,7.656638478998602,0.4915071163030249,5.613525535413401,10.279199440101959,1.8311486026481503,0.26272358990045586,5910
108,47.90746919676581,-14.271518207138174,0.015221252270965964,0.0,33.65117224189861,-14.271518207138174,nan,0.008389174920802002,0.006832077350163957,48.80372639714196,-14.967518391287076,0.01477791813099383,0.0,33.85098592398588,-14.967518391287076,nan,1548.4136961235433,0.15103765625327,0.0,0.291339460645821,10251.838743624703,46.0,46.0,,0.00021536071487775814,,,,,,,7.686385328320165,,0,5.613525535413401,10.279199440101959,inf,-inf,-0.20108970919541777,0.16957251316018165,-0.21164760668241805,0.15369886577473293,inf,-inf,1.8763121992668002,0.17504989968309473,0.17504989968309473,0.17504989968309473,784,3.186063183389414,1.7806457155806872,1.9138118720394022,,,-0.5911197331034458,7.733327968222326,0.4669796590750057,1.8311486026481503,0.26272358990045586,0.0,0.0,7.625605404397169,7.656638478998602,0.4915071163030249,5.613525535413401,10.279199440101959,1.8311486026481503,0.26272358990045586,5910
109,48.00749632795187,-13.985371950959589,0.015447772917852789,0.0,34.03757214991013,-13.985371950959589,nan,0.008548445898551017,0.006899327019301774,48.80372639714196,-14.967518391287076,0.01477791813099383,0.0,33.85098592398588,-14.967518391287076,nan,1892.5599826541884,0.13713165898958052,0.0,0.29929760723791843,13801.043439560432,46.0,46.0,,0.00021397681324599097,,,,,,,7.686385328320165,,0,5.613525535413401,10.279199440101959,inf,-inf,-0.1759663042504388,0.17516098736650118,-0.2933283321658699,0.20316152380766625,inf,-inf,1.8763682916593265,0.17491116233547224,0.17491116233547224,0.17491116233547224,784,3.186063183389414,1.7806457155806872,1.9138118720394022,,,-0.5911197331034458,7.733327968222326,0.4669796590750057,1.8311486026481503,0.26272358990045586,0.0,0.0,7.625605404397169,7.656638478998602,0.4915071163030249,5.613525535413401,10.279199440101959,1.8311486026481503,0.26272358990045586,5910
110,48.01491329892194,-14.148680750147623,0.01563189051249187,0.0,33.881864439286815,-14.148680750147623,nan,0.008701876752544625,0.006930013759947242,48.85297717565063,-14.990969965766975,0.01572820347465269,0.0,33.87773541335831,-14.990969965766975,nan,1560.354071365509,0.14122562424856153,0.0,0.2971047380464587,11048.661173692084,46.0,46.0,,0.00021258644414204314,,,,,,,7.464365169616105,,0,5.372988362883204,10.094320841784835,inf,-inf,-0.25693032236513014,0.13221015754191437,-0.321411573951461,0.17731645186577702,inf,-inf,1.87530303162304,0.17484294447215828,0.17484294447215828,0.17484294447215828,784,3.1641866508691456,1.774272182252724,1.9107270463613,,,-0.6183092136312708,7.509610262460117,0.46919160275838706,1.8787163046018795,0.2738612044496824,0.0,0.0,7.400009502995769,7.426958656456762,0.4956289545731482,5.372988362883204,10.094320841784835,1.8787163046018795,0.2738612044496824,5910
111,47.907864219361905,-14.156981799693323,0.015787166322746318,0.0,33.76666958599133,-14.156981799693323,nan,0.008848782083890954,0.00693838423885536,48.85297717565063,-14.990969965766975,0.01572820347465269,0.0,33.87773541335831,-14.990969965766975,nan,1619.5728547331892,0.12653385950406126,0.0,0.26313912699075775,12799.521496309111,46.0,46.0,,0.0002111897600355549,,,,,,,7.464365169616105,,0,5.372988362883204,10.094320841784835,inf,-inf,-0.22694469280478688,0.146741551921659,-0.2843515401738448,0.18977238172774555,inf,-inf,1.874570630619116,0.17472283349203632,0.17472283349203632,0.17472283349203632,784,3.1641866508691456,1.774272182252724,1.9107270463613,,,-0.6183092136312708,7.509610262460117,0.46919160275838706,1.8787163046018795,0.2738612044496824,0.0,0.0,7.400009502995769,7.426958656456762,0.4956289545731482,5.372988362883204,10.094320841784835,1.8787163046018795,0.2738612044496824,5910
112,48.04199688508461,-14.0412284686827,0.015970446277801566,0.0,34.01673886267971,-14.0412284686827,nan,0.00899670514754,0.0069737411302615605,48.85297717565063,-14.990969965766975,0.01572820347465269,0.0,33.87773541335831,-14.990969965766975,nan,1707.2278810228186,0.20363398874057745,0.0,0.36883597801554224,8383.806119899597,46.0,46.0,,0.00020978691408867772,,,,,,,7.464365169616105,,0,5.372988362883204,10.094320841784835,inf,-inf,-0.22427523002784785,0.22484075539589335,-0.2867078155972418,0.22592948250368455,inf,-inf,1.8708991377479502,0.17501136656948837,0.17501136656948837,0.17501136656948837,784,3.1641866508691456,1.774272182252724,1.9107270463613,,,-0.6183092136312708,7.509610262460117,0.46919160275838706,1.8787163046018795,0.2738612044496824,0.0,0.0,7.400009502995769,7.426958656456762,0.4956289545731482,5.372988362883204,10.094320841784835,1.8787163046018795,0.2738612044496824,5910
113,47.78244429699335,-14.173578963376338,0.016241790588135397,0.0,33.625107124205144,-14.173578963376338,nan,0.009175127801867605,0.007066662786267791,48.85297717565063,-14.990969965766975,0.01572820347465269,0.0,33.87773541335831,-14.990969965766975,nan,1669.168072015066,0.1292822046582185,0.0,0.2658049961235119,12911.04275664096,46.0,46.0,,0.0002083780601392783,,,,,,,7.464365169616105,,0,5.372988362883204,10.094320841784835,inf,-inf,-0.18341986737666,0.13254588532868986,-0.2105555334985664,0.17176853318557425,inf,-inf,1.8715846443689885,0.17484717010658893,0.17484717010658893,0.17484717010658893,784,3.1641866508691456,1.774272182252724,1.9107270463613,,,-0.6183092136312708,7.509610262460117,0.46919160275838706,1.8787163046018795,0.2738612044496824,0.0,0.0,7.400009502995769,7.426958656456762,0.4956289545731482,5.372988362883204,10.094320841784835,1.8787163046018795,0.2738612044496824,5910
114,47.87992780988633,-13.678209508812786,0.016427404166098458,0.0,34.21814570523965,-13.678209508812786,nan,0.00933068534736727,0.007096718818731189,48.85297717565063,-14.990969965766975,0.01572820347465269,0.0,33.87773541335831,-14.990969965766975,nan,2395.789801045379,0.11828280393219966,0.0,0.264457663220574,20254.759960024778,46.0,46.0,,0.00020696335268406848,,,,,,,7.464365169616105,,0,5.372988362883204,10.094320841784835,inf,-inf,-0.2904043038458503,0.10456572724695115,-0.2813284402375536,0.2123938499855111,inf,-inf,1.8721915634985915,0.1745621842229512,0.1745621842229512,0.1745621842229512,784,3.1641866508691456,1.774272182252724,1.9107270463613,,,-0.6183092136312708,7.509610262460117,0.46919160275838706,1.8787163046018795,0.2738612044496824,0.0,0.0,7.400009502995769,7.426958656456762,0.4956289545731482,5.372988362883204,10.094320841784835,1.8787163046018795,0.2738612044496824,5910
115,47.70290087487375,-14.018149151966465,0.01652728552128772,0.0,33.701279008428564,-14.018149151966465,nan,0.009454773285138458,0.00707251223614926,48.260257646430496,-14.6187332255043,0.016557347444161402,0.0,33.65808176837036,-14.6187332255043,nan,2071.924989805442,0.08116734061132409,0.0,0.19179127374480845,25526.58463614091,46.0,46.0,,0.00020554294686166318,,,,,,,7.256302994751491,,0,5.1459000343160515,9.960184361016832,inf,-inf,-0.20606799269571066,0.08384536419024483,-0.23496194158940548,0.1837919448074997,inf,-inf,1.8718120541974714,0.17437371305911753,0.17437371305911753,0.17437371305911753,784,3.142775200371876,1.767985125108165,1.9074283908649805,,,-0.6444897745604787,7.301373921886489,0.47179259885278435,1.9355572969929746,0.28680603197094723,0.0,0.0,7.187567511555616,7.210301576471928,0.5005688884995343,5.1459000343160515,9.960184361016832,1.9355572969929746,0.28680603197094723,5910
116,47.7529628191769,-14.353051221965158,0.016582038056551607,0.0,33.416493635268296,-14.353051221965158,nan,0.009556537956989544,0.007025500099562068,48.260257646430496,-14.6187332255043,0.016557347444161402,0.0,33.65808176837036,-14.6187332255043,nan,1367.7987509483348,0.08565738085279999,0.0,0.18566373024146363,15968.253258862325,46.0,46.0,,0.00020411699843556725,,,,,,,7.256302994751491,,0,5.1459000343160515,9.960184361016832,inf,-inf,-0.21499475708573287,0.11564211553763545,-0.20397877710716053,0.185806625747124,inf,-inf,1.8704976425120983,0.17426652804118428,0.17426652804118428,0.17426652804118428,784,3.142775200371876,1.767985125108165,1.9074283908649805,,,-0.6444897745604787,7.301373921886489,0.47179259885278435,1.9355572969929746,0.28680603197094723,0.0,0.0,7.187567511555616,7.210301576471928,0.5005688884995343,5.1459000343160515,9.960184361016832,1.9355572969929746,0.28680603197094723,5910
117,47.97014113162026,-14.105806801416714,0.01667849813856645,0.0,33.881012828342115,-14.105806801416714,nan,0.009672023550918018,0.007006474587648427,48.260257646430496,-14.6187332255043,0.016557347444161402,0.0,33.65808176837036,-14.6187332255043,nan,1640.655136978372,0.09165498465493845,0.0,0.2183443853161241,17900.33726103485,46.0,46.0,,0.00020268566377709454,,,,,,,7.256302994751491,,0,5.1459000343160515,9.960184361016832,inf,-inf,-0.2438218692654169,0.12793526237198447,-0.2524141568861028,0.20340786102750283,inf,-inf,1.8686912169235215,0.1742451192947964,0.1742451192947964,0.1742451192947964,784,3.142775200371876,1.767985125108165,1.9074283908649805,,,-0.6444897745604787,7.301373921886489,0.47179259885278435,1.9355572969929746,0.28680603197094723,0.0,0.0,7.187567511555616,7.210301576471928,0.5005688884995343,5.1459000343160515,9.960184361016832,1.9355572969929746,0.28680603197094723,5910
118,47.74587173532183,-14.28208084517486,0.016792797633779586,0.0,33.480583687780744,-14.28208084517486,nan,0.009797103754618595,0.006995693879160989,48.260257646430496,-14.6187332255043,0.016557347444161402,0.0,33.65808176837036,-14.6187332255043,nan,1415.2236283442166,0.0800279215896197,0.0,0.17766374444847424,17684.1232439027,46.0,46.0,,0.00020124909984822013,,,,,,,7.256302994751491,,0,5.1459000343160515,9.960184361016832,inf,-inf,-0.1979406449321424,0.1391945796664017,-0.24276728676563694,0.16492170835264627,inf,-inf,1.867837559699184,0.17417499885336488,0.17417499885336488,0.17417499885336488,784,3.142775200371876,1.767985125108165,1.9074283908649805,,,-0.6444897745604787,7.301373921886489,0.47179259885278435,1.9355572969929746,0.28680603197094723,0.0,0.0,7.187567511555616,7.210301576471928,0.5005688884995343,5.1459000343160515,9.960184361016832,1.9355572969929746,0.28680603197094723,5910
119,47.945603675211515,-13.888243530770282,0.016891793223306976,0.0,34.07425193766454,-13.888243530770282,nan,0.009916497678457996,0.006975295544848973,48.260257646430496,-14.6187332255043,0.016557347444161402,0.0,33.65808176837036,-14.6187332255043,nan,1905.9043958989753,0.1848838531253716,0.0,0.34722281384045983,10308.657915121243,46.0,46.0,,0.00019980746418436736,,,,,,,7.256302994751491,,0,5.1459000343160515,9.960184361016832,inf,-inf,-0.26778129204547474,0.1393845675422611,-0.3379942293660363,0.18351024270550406,inf,-inf,1.8636273183925645,0.17445936561772415,0.17445936561772415,0.17445936561772415,784,3.142775200371876,1.767985125108165,1.9074283908649805,,,-0.6444897745604787,7.301373921886489,0.47179259885278435,1.9355572969929746,0.28680603197094723,0.0,0.0,7.187567511555616,7.210301576471928,0.5005688884995343,5.1459000343160515,9.960184361016832,1.9355572969929746,0.28680603197094723,5910
120,47.89994405325037,-14.437777452474378,0.01714150531449962,0.0,33.47930810609049,-14.437777452474378,nan,0.010088430687435814,0.007053074627063804,48.4030188354192,-14.661763651981456,0.017166697100925905,0.0,33.75842188053867,-14.661763651981456,nan,1236.665458031623,0.08164311690065121,0.0,0.17804452605042007,15147.210260682234,46.0,46.0,,0.00019836091487713254,,,,,,,7.084885441153207,,0,4.955374739834874,9.7839664312807,inf,-inf,-0.2064120257288451,0.11726285164692657,-0.2013756933799326,0.1824916340846749,inf,-inf,1.864724198574226,0.17418244145886433,0.17418244145886433,0.17418244145886433,784,3.124320298096382,1.7625608441086857,1.90527055350508,,,-0.666700394639919,7.130742295514018,0.4748040842075561,1.9744150432519512,0.2954384512958258,0.0,0.0,7.012520488579061,7.032876094150463,0.5049976249808318,4.955374739834874,9.7839664312807,1.9744150432519512,0.2954384512958258,5910
121,47.68576680218101,-14.366295716976374,0.017207244479408818,0.0,33.33667832968404,-14.366295716976374,nan,0.010199987810478576,0.007007256668930241,48.4030188354192,-14.661763651981456,0.017166697100925905,0.0,33.75842188053867,-14.661763651981456,nan,1411.21355163286,0.07386861307610187,0.0,0.16208925556107015,19104.373195405486,46.0,46.0,,0.00019690961055694836,,,,,,,7.084885441153207,,0,4.955374739834874,9.7839664312807,inf,-inf,-0.19716652148053562,0.099109658321034,-0.24536274458545634,0.2043763996236603,inf,-inf,1.8647106021469473,0.1739862341240481,0.1739862341240481,0.1739862341240481,784,3.124320298096382,1.7625608441086857,1.90527055350508,,,-0.666700394639919,7.130742295514018,0.4748040842075561,1.9744150432519512,0.2954384512958258,0.0,0.0,7.012520488579061,7.032876094150463,0.5049976249808318,4.955374739834874,9.7839664312807,1.9744150432519512,0.2954384512958258,5910
122,47.71555702809559,-14.404923836696355,0.01723731175998371,0.0,33.32787050315922,-14.404923836696355,nan,0.01029095525310906,0.006946356506874661,48.4030188354192,-14.661763651981456,0.017166697100925905,0.0,33.75842188053867,-14.661763651981456,nan,1352.2687028252017,0.06084754764561929,0.0,0.13490520205123452,22223.88173638347,46.0,46.0,,0.00019545371037568823,,,,,,,7.084885441153207,,0,4.955374739834874,9.7839664312807,inf,-inf,-0.2160743728147855,0.09654274057691124,-0.211974157959206,0.1822437395316014,inf,-inf,1.8639748102577975,0.17385580493503575,0.17385580493503575,0.17385580493503575,784,3.124320298096382,1.7625608441086857,1.90527055350508,,,-0.666700394639919,7.130742295514018,0.4748040842075561,1.9744150432519512,0.2954384512958258,0.0,0.0,7.012520488579061,7.032876094150463,0.5049976249808318,4.955374739834874,9.7839664312807,1.9744150432519512,0.2954384512958258,5910
123,47.86863550592862,-14.373189727965421,0.017288844355955752,0.0,33.51273462231915,-14.373189727965421,nan,0.01038107171444665,0.006907772641509099,48.4030188354192,-14.661763651981456,0.017166697100925905,0.0,33.75842188053867,-14.661763651981456,nan,1314.6926963289097,0.06508047741554213,0.0,0.15413322126193987,20201.030301829698,46.0,46.0,,0.00019399337398921348,,,,,,,7.084885441153207,,0,4.955374739834874,9.7839664312807,inf,-inf,-0.21411891017043538,0.10726924723277204,-0.28025085874111155,0.1911372383515651,inf,-inf,1.8622264410490896,0.17378466085014802,0.17378466085014802,0.17378466085014802,784,3.124320298096382,1.7625608441086857,1.90527055350508,,,-0.666700394639919,7.130742295514018,0.4748040842075561,1.9744150432519512,0.2954384512958258,0.0,0.0,7.012520488579061,7.032876094150463,0.5049976249808318,4.955374739834874,9.7839664312807,1.9744150432519512,0.2954384512958258,5910
124,47.95105264779439,-14.301111641399569,0.017361695208855606,0.0,33.66730270160368,-14.301111641399569,nan,0.01047569794390171,0.006885997264953898,48.4030188354192,-14.661763651981456,0.017166697100925905,0.0,33.75842188053867,-14.661763651981456,nan,1474.0031159598213,0.07057171788357462,0.0,0.15694034321489103,20886.598203426922,46.0,46.0,,0.0001925287615398655,,,,,,,7.084885441153207,,0,4.955374739834874,9.7839664312807,inf,-inf,-0.20942943634116842,0.16461028211881953,-0.235021199395632,0.1687300296607786,inf,-inf,1.8604681197587274,0.17371916754280006,0.17371916754280006,0.17371916754280006,784,3.124320298096382,1.7625608441086857,1.90527055350508,,,-0.666700394639919,7.130742295514018,0.4748040842075561,1.9744150432519512,0.2954384512958258,0.0,0.0,7.012520488579061,7.032876094150463,0.5049976249808318,4.955374739834874,9.7839664312807,1.9744150432519512,0.2954384512958258,5910
125,47.79213752144523,-14.324599356005853,0.017437747633856148,0.0,33.48497591307323,-14.324599356005853,nan,0.01057208998593457,0.006865657647921583,48.26827150487645,-14.590484584246326,0.017489627378041724,0.0,33.69527654800817,-14.590484584246326,nan,1411.190783107276,0.08062368217031808,0.0,0.1768939428134542,17503.42759247991,46.0,46.0,,0.0001910600336389039,,,,,,,6.961337422820377,,0,4.799180059371811,9.666622739031547,inf,-inf,-0.19111316457813718,0.1874261473773897,-0.23872536999870533,0.19492848455185222,inf,-inf,1.858786701990216,0.17369198126230342,0.17369198126230342,0.17369198126230342,784,3.1086325504864787,1.7579291274376214,1.9029276150387484,,,-0.6829780280898176,7.007453207606449,0.4792058984312316,2.0142238089514106,0.30410772520086726,0.0,0.0,6.884573367898143,6.9029843374311906,0.5097648533961271,4.799180059371811,9.666622739031547,2.0142238089514106,0.30410772520086726,5910
126,47.883838310829816,-13.911267080500362,0.01756864622076456,0.0,33.99013987655022,-13.911267080500362,nan,0.010696973992040771,0.006871672228723782,48.26827150487645,-14.590484584246326,0.017489627378041724,0.0,33.69527654800817,-14.590484584246326,nan,1874.1666117646641,0.10835199533191059,0.0,0.24579757680455394,17297.019828971308,46.0,46.0,,0.0001895873513488942,,,,,,,6.961337422820377,,0,4.799180059371811,9.666622739031547,inf,-inf,-0.2516700163047481,0.14287799342565322,-0.32564300474393904,0.19496980640843797,inf,-inf,1.8559168633573795,0.1736887126818319,0.1736887126818319,0.1736887126818319,784,3.1086325504864787,1.7579291274376214,1.9029276150387484,,,-0.6829780280898176,7.007453207606449,0.4792058984312316,2.0142238089514106,0.30410772520086726,0.0,0.0,6.884573367898143,6.9029843374311906,0.5097648533961271,4.799180059371811,9.666622739031547,2.0142238089514106,0.30410772520086726,5910
127,47.899321711144665,-14.241452610865217,0.017819835902173585,0.0,33.67568893618162,-14.241452610865217,nan,0.010867783825811012,0.006952052076362576,48.26827150487645,-14.590484584246326,0.017489627378041724,0.0,33.69527654800817,-14.590484584246326,nan,1430.6973988990997,0.1267362286108438,0.0,0.2625216667231553,11288.779969082072,46.0,46.0,,0.00018811087616604506,,,,,,,6.961337422820377,,0,4.799180059371811,9.666622739031547,inf,-inf,-0.18709088477474511,0.15917506278016133,-0.23416806079760205,0.22388644962365073,inf,-inf,1.85301562860925,0.17388759060212597,0.17388759060212597,0.17388759060212597,784,3.1086325504864787,1.7579291274376214,1.9029276150387484,,,-0.6829780280898176,7.007453207606449,0.4792058984312316,2.0142238089514106,0.30410772520086726,0.0,0.0,6.884573367898143,6.9029843374311906,0.5097648533961271,4.799180059371811,9.666622739031547,2.0142238089514106,0.30410772520086726,5910
128,47.5938191094381,-14.201458674672509,0.01798527604432251,0.0,33.410345710809914,-14.201458674672509,nan,0.01102188795159855,0.006963388092723961,48.26827150487645,-14.590484584246326,0.017489627378041724,0.0,33.69527654800817,-14.590484584246326,nan,1568.2178598353503,0.0648539005537305,0.0,0.1393383663260317,24180.779358615524,46.0,46.0,,0.00018663077000249866,,,,,,,6.961337422820377,,0,4.799180059371811,9.666622739031547,inf,-inf,-0.19719118042813064,0.15058010098465646,-0.21826719615162168,0.14819282021177424,inf,-inf,1.8540318701939422,0.17362779100351303,0.17362779100351303,0.17362779100351303,784,3.1086325504864787,1.7579291274376214,1.9029276150387484,,,-0.6829780280898176,7.007453207606449,0.4792058984312316,2.0142238089514106,0.30410772520086726,0.0,0.0,6.884573367898143,6.9029843374311906,0.5097648533961271,4.799180059371811,9.666622739031547,2.0142238089514106,0.30410772520086726,5910
129,47.87278408590189,-14.115548476312716,0.018039746469582573,0.0,33.775275356058756,-14.115548476312716,nan,0.011123530980022894,0.00691621548955968,48.26827150487645,-14.590484584246326,0.017489627378041724,0.0,33.69527654800817,-14.590484584246326,nan,1712.8234002879094,0.08559072180763805,0.0,0.18637148573272339,20011.788241924354,46.0,46.0,,0.00018514719516857508,,,,,,,6.961337422820377,,0,4.799180059371811,9.666622739031547,inf,-inf,-0.2268183303194515,0.10581943189251564,-0.2948213446203556,0.17090036138403067,inf,-inf,1.8530552926551906,0.17354069412094741,0.17354069412094741,0.17354069412094741,784,3.1086325504864787,1.7579291274376214,1.9029276150387484,,,-0.6829780280898176,7.007453207606449,0.4792058984312316,2.0142238089514106,0.30410772520086726,0.0,0.0,6.884573367898143,6.9029843374311906,0.5097648533961271,4.799180059371811,9.666622739031547,2.0142238089514106,0.30410772520086726,5910
130,47.84044045344738,-14.445524908325481,0.018172884727290412,0.0,33.41308842984919,-14.445524908325481,nan,0.011243566689755728,0.006929318037534685,47.568514958562815,-13.602486172053826,0.01819357037504935,0.0,33.98422235688403,-13.602486172053826,nan,1215.2139999569147,0.0680841616360156,0.0,0.15022830338026935,17848.70329245683,46.0,46.0,,0.00018366031435497322,,,,,,,6.799088504411633,,0,4.64051227235746,9.52469299723259,inf,-inf,-0.22127352221547278,0.10719795965794933,-0.22814770138535315,0.23019519898666355,inf,-inf,1.8516419647217346,0.17340290938614444,0.17340290938614444,0.17340290938614444,784,3.0891454472077466,1.7521451613874204,1.900348651560521,,,-0.7047677396507813,6.847278503537893,0.4825243857394844,2.0525089555239733,0.3122850607128713,0.0,0.0,6.718098857022161,6.737517408792046,0.5145434603399357,4.64051227235746,9.52469299723259,2.0525089555239733,0.3122850607128713,5910
131,47.620530551141876,-14.464941564895867,0.018211904422788215,0.0,33.1738008906688,-14.464941564895867,nan,0.011338615031250665,0.006873289391537552,47.568514958562815,-13.602486172053826,0.01819357037504935,0.0,33.98422235688403,-13.602486172053826,nan,1304.5525150073447,0.05088472249362167,0.0,0.10955279774980055,25637.410426496255,46.0,46.0,,0.00018217029061493007,,,,,,,6.799088504411633,,0,4.64051227235746,9.52469299723259,inf,-inf,-0.1640119827860584,0.11808171587926511,-0.19815784349471427,0.17870765511656111,inf,-inf,1.8507909877151612,0.17319332661205922,0.17319332661205922,0.17319332661205922,784,3.0891454472077466,1.7521451613874204,1.900348651560521,,,-0.7047677396507813,6.847278503537893,0.4825243857394844,2.0525089555239733,0.3122850607128713,0.0,0.0,6.718098857022161,6.737517408792046,0.5145434603399357,4.64051227235746,9.52469299723259,2.0525089555239733,0.3122850607128713,5910
132,47.79980120108871,-14.13149384082358,0.018269056104752136,0.0,33.68657641636988,-14.13149384082358,nan,0.01143495734561359,0.0068340987591385466,47.568514958562815,-13.602486172053826,0.01819357037504935,0.0,33.98422235688403,-13.602486172053826,nan,1778.001303389967,0.09273164726968844,0.0,0.178622473711479,19173.619317028453,46.0,46.0,,0.00018067728734633956,,,,,,,6.799088504411633,,0,4.64051227235746,9.52469299723259,inf,-inf,-0.197218793191203,0.13408252054426126,-0.21963169468949978,0.2107561101458712,inf,-inf,1.847949701078995,0.17329912773400472,0.17329912773400472,0.17329912773400472,784,3.0891454472077466,1.7521451613874204,1.900348651560521,,,-0.7047677396507813,6.847278503537893,0.4825243857394844,2.0525089555239733,0.3122850607128713,0.0,0.0,6.718098857022161,6.737517408792046,0.5145434603399357,4.64051227235746,9.52469299723259,2.0525089555239733,0.3122850607128713,5910
133,47.99259473304662,-14.323926690282235,0.01840910085168521,0.0,33.68707714361607,-14.323926690282235,nan,0.011562097587828613,0.006847003263856601,47.568514958562815,-13.602486172053826,0.01819357037504935,0.0,33.98422235688403,-13.602486172053826,nan,1429.7605278472363,0.12251884485925126,0.0,0.22320028503123385,11669.719294935687,46.0,46.0,,0.0001791814682738348,,,,,,,6.799088504411633,,0,4.64051227235746,9.52469299723259,inf,-inf,-0.20502366169013506,0.15877608809939206,-0.26483980100393434,0.23737959095623834,inf,-inf,1.8451538913868555,0.17340380237573297,0.17340380237573297,0.17340380237573297,784,3.0891454472077466,1.7521451613874204,1.900348651560521,,,-0.7047677396507813,6.847278503537893,0.4825243857394844,2.0525089555239733,0.3122850607128713,0.0,0.0,6.718098857022161,6.737517408792046,0.5145434603399357,4.64051227235746,9.52469299723259,2.0525089555239733,0.3122850607128713,5910
134,47.702216706899755,-13.989998163183046,0.01865835386190513,0.0,33.73087689757861,-13.989998163183046,nan,0.011743082890020812,0.006915270971884317,47.568514958562815,-13.602486172053826,0.01819357037504935,0.0,33.98422235688403,-13.602486172053826,nan,1830.178882296604,0.12087740477902843,0.0,0.22794627532999723,15140.785704675634,46.0,46.0,,0.00017768299743083345,,,,,,,6.799088504411633,,0,4.64051227235746,9.52469299723259,inf,-inf,-0.3164566790177119,0.14586840536720524,-0.30555968222986135,0.23093413110405797,inf,-inf,1.8445164529054823,0.1733392366991089,0.1733392366991089,0.1733392366991089,784,3.0891454472077466,1.7521451613874204,1.900348651560521,,,-0.7047677396507813,6.847278503537893,0.4825243857394844,2.0525089555239733,0.3122850607128713,0.0,0.0,6.718098857022161,6.737517408792046,0.5145434603399357,4.64051227235746,9.52469299723259,2.0525089555239733,0.3122850607128713,5910
135,47.749567764987525,-14.45369710920806,0.018765662311832777,0.0,33.3146363180913,-14.45369710920806,nan,0.011872016052188461,0.0068936462596443145,48.089010948242475,-14.789017949380543,0.018784831770493206,0.0,33.31877783063243,-14.789017949380543,nan,1129.665877855978,0.07781883392636586,0.0,0.14663262609651573,14516.612764011552,46.0,46.0,,0.00017618203914154966,,,,,,,6.6535853508199825,,0,4.495623022588117,9.412555209842987,inf,-inf,-0.1545008136306635,0.13738310425605152,-0.19682205735085423,0.17141951241610912,inf,-inf,1.84487658661918,0.1730693627583957,0.1730693627583957,0.1730693627583957,784,3.0738012953322853,1.7475791561164886,1.8980427907138495,,,-0.725143592238024,6.70089841526201,0.48464032339115337,2.0937154122020236,0.32091764997429306,0.0,0.0,6.570647836748451,6.588529639555798,0.517511680775129,4.495623022588117,9.412555209842987,2.0937154122020236,0.32091764997429306,5910
136,47.70077264538246,-14.496267333733797,0.01881439820801278,0.0,33.223319709856675,-14.496267333733797,nan,0.01196981846943009,0.006844579738582691,48.089010948242475,-14.789017949380543,0.018784831770493206,0.0,33.31877783063243,-14.789017949380543,nan,1112.9979221652677,0.055295201240050405,0.0,0.11350936467929182,20128.291374390035,46.0,46.0,,0.0001746787580029741,,,,,,,6.6535853508199825,,0,4.495623022588117,9.412555209842987,inf,-inf,-0.14454634351763815,0.08520902383152544,-0.1877857680521828,0.18882407743639976,inf,-inf,1.8441332630307286,0.17295406299818697,0.17295406299818697,0.17295406299818697,784,3.0738012953322853,1.7475791561164886,1.8980427907138495,,,-0.725143592238024,6.70089841526201,0.48464032339115337,2.0937154122020236,0.32091764997429306,0.0,0.0,6.570647836748451,6.588529639555798,0.517511680775129,4.495623022588117,9.412555209842987,2.0937154122020236,0.32091764997429306,5910
137,47.77278605320615,-14.383809413241233,0.01884058286171093,0.0,33.40781722282663,-14.383809413241233,nan,0.01205182991303494,0.006788752948675989,48.089010948242475,-14.789017949380543,0.018784831770493206,0.0,33.31877783063243,-14.789017949380543,nan,1375.5423265703782,0.060042780388942514,0.0,0.12295134234451426,22909.370912871622,46.0,46.0,,0.00017317331886682408,,,,,,,6.6535853508199825,,0,4.495623022588117,9.412555209842987,inf,-inf,-0.1958439010446655,0.09623840367186247,-0.24682304648675557,0.16634078536453373,inf,-inf,1.8432361769363885,0.17287534252215533,0.17287534252215533,0.17287534252215533,784,3.0738012953322853,1.7475791561164886,1.8980427907138495,,,-0.725143592238024,6.70089841526201,0.48464032339115337,2.0937154122020236,0.32091764997429306,0.0,0.0,6.570647836748451,6.588529639555798,0.517511680775129,4.495623022588117,9.412555209842987,2.0937154122020236,0.32091764997429306,5910
138,47.77037884488529,-14.244069107711484,0.018963521136094046,0.0,33.545273258309905,-14.244069107711484,nan,0.012169126668579949,0.006794394467514091,48.089010948242475,-14.789017949380543,0.018784831770493206,0.0,33.31877783063243,-14.789017949380543,nan,1530.133587915549,0.1062172868382193,0.0,0.20290703691807147,14405.692646302594,46.0,46.0,,0.00017166588682146562,,,,,,,6.6535853508199825,,0,4.495623022588117,9.412555209842987,inf,-inf,-0.21701660287153357,0.12425622950871085,-0.2737172262392406,0.19186010751875254,inf,-inf,1.8403180380618773,0.17303473616530154,0.17303473616530154,0.17303473616530154,784,3.0738012953322853,1.7475791561164886,1.8980427907138495,,,-0.725143592238024,6.70089841526201,0.48464032339115337,2.0937154122020236,0.32091764997429306,0.0,0.0,6.570647836748451,6.588529639555798,0.517511680775129,4.495623022588117,9.412555209842987,2.0937154122020236,0.32091764997429306,5910
139,47.64374445089026,-14.1998371049075,0.01912601662918467,0.0,33.463033362611945,-14.1998371049075,nan,0.01231066878722352,0.006815347841961155,48.089010948242475,-14.789017949380543,0.018784831770493206,0.0,33.31877783063243,-14.789017949380543,nan,1698.3191408374653,0.07930468723159369,0.0,0.15864369465070635,21415.11681242572,46.0,46.0,,0.00017015662717380974,,,,,,,6.6535853508199825,,0,4.495623022588117,9.412555209842987,inf,-inf,-0.23184840966370246,0.10824720717599175,-0.2259047996941857,0.20045114021300278,inf,-inf,1.8397448484550873,0.17300294193325663,0.17300294193325663,0.17300294193325663,784,3.0738012953322853,1.7475791561164886,1.8980427907138495,,,-0.725143592238024,6.70089841526201,0.48464032339115337,2.0937154122020236,0.32091764997429306,0.0,0.0,6.570647836748451,6.588529639555798,0.517511680775129,4.495623022588117,9.412555209842987,2.0937154122020236,0.32091764997429306,5910
140,47.7282503327645,-14.492314035921714,0.019180668978183643,0.0,33.255116965820974,-14.492314035921714,nan,0.012411420559804417,0.0067692484183792204,48.8132111231558,-15.017905203100002,0.01918578801239424,0.0,33.814491708068196,-15.017905203100002,nan,1246.0012346076223,0.055600433278952296,0.0,0.1073015011008841,22409.91951189164,46.0,46.0,,0.00016864570543118456,,,,,,,6.5365942821201894,,0,4.370772243421061,9.286110912914006,inf,-inf,-0.17044012591083896,0.10634037518137865,-0.21105478597536695,0.17982619954599155,inf,-inf,1.840260768530192,0.17275318557949682,0.17275318557949682,0.17275318557949682,784,3.0597025096191848,1.7433978031023711,1.8958391902449812,,,-0.7418456972923073,6.5864618895416385,0.4869815855912793,2.1245927254369232,0.32727569012866464,0.0,0.0,6.451779724121683,6.4666950089449875,0.520091011093022,4.370772243421061,9.286110912914006,2.1245927254369232,0.32727569012866464,5910
141,47.677675513508554,-14.452486368774013,0.019207672526335595,0.0,33.24439681726088,-14.452486368774013,nan,0.012493926407787015,0.006713746118548583,48.8132111231558,-15.017905203100002,0.01918578801239424,0.0,33.814491708068196,-15.017905203100002,nan,1340.6260530558673,0.047393811204732426,0.0,0.09972962574305369,28286.943357743752,46.0,46.0,,0.0001671332872831857,,,,,,,6.5365942821201894,,0,4.370772243421061,9.286110912914006,inf,-inf,-0.17609443787102597,0.1057186074969461,-0.1878012050299503,0.11589252447532064,inf,-inf,1.83882818501212,0.17266607425220454,0.17266607425220454,0.17266607425220454,784,3.0597025096191848,1.7433978031023711,1.8958391902449812,,,-0.7418456972923073,6.5864618895416385,0.4869815855912793,2.1245927254369232,0.32727569012866464,0.0,0.0,6.451779724121683,6.4666950089449875,0.520091011093022,4.370772243421061,9.286110912914006,2.1245927254369232,0.32727569012866464,5910
142,47.54865241684486,-14.331625808755463,0.019253437030864184,0.0,33.23628004512026,-14.331625808755463,nan,0.012573932785959998,0.006679504244904199,48.8132111231558,-15.017905203100002,0.01918578801239424,0.0,33.814491708068196,-15.017905203100002,nan,1543.3082689440214,0.059754157674126514,0.0,0.11643869295149348,25827.629892476456,46.0,46.0,,0.00016561953858350656,,,,,,,6.5365942821201894,,0,4.370772243421061,9.286110912914006,inf,-inf,-0.18146997602680337,0.15797858215247584,-0.23090703709344237,0.1699508799091227,inf,-inf,1.8365405917539022,0.172658595330942,0.172658595330942,0.172658595330942,784,3.0597025096191848,1.7433978031023711,1.8958391902449812,,,-0.7418456972923073,6.5864618895416385,0.4869815855912793,2.1245927254369232,0.32727569012866464,0.0,0.0,6.451779724121683,6.4666950089449875,0.520091011093022,4.370772243421061,9.286110912914006,2.1245927254369232,0.32727569012866464,5910
143,47.71481723460391,-14.190673592868524,0.01936624634085576,0.0,33.54350988807625,-14.190673592868524,nan,0.01267914721350522,0.0066870991273505435,48.8132111231558,-15.017905203100002,0.01918578801239424,0.0,33.814491708068196,-15.017905203100002,nan,1513.4905606739944,0.07613898265261883,0.0,0.16395607024195924,19877.998207294637,46.0,46.0,,0.00016410462533175042,,,,,,,6.5365942821201894,,0,4.370772243421061,9.286110912914006,inf,-inf,-0.2271128867013203,0.10297625575691859,-0.2695020304519767,0.1143962053931858,inf,-inf,1.834675153541215,0.17270102512442276,0.17270102512442276,0.17270102512442276,784,3.0597025096191848,1.7433978031023711,1.8958391902449812,,,-0.7418456972923073,6.5864618895416385,0.4869815855912793,2.1245927254369232,0.32727569012866464,0.0,0.0,6.451779724121683,6.4666950089449875,0.520091011093022,4.370772243421061,9.286110912914006,2.1245927254369232,0.32727569012866464,5910
144,47.71702733795046,-14.124230502328148,0.01954033860383428,0.0,33.61233717422615,-14.124230502328148,nan,0.012815171865472508,0.006725166738361766,48.8132111231558,-15.017905203100002,0.01918578801239424,0.0,33.814491708068196,-15.017905203100002,nan,1826.8980439502413,0.08149551700814832,0.0,0.16017919984701767,22417.159998722127,46.0,46.0,,0.00016258871365522684,,,,,,,6.5365942821201894,,0,4.370772243421061,9.286110912914006,inf,-inf,-0.2089599221311507,0.13304730351455374,-0.26131888189537295,0.22161618521922175,inf,-inf,1.8329595038205109,0.17271230324341574,0.17271230324341574,0.17271230324341574,784,3.0597025096191848,1.7433978031023711,1.8958391902449812,,,-0.7418456972923073,6.5864618895416385,0.4869815855912793,2.1245927254369232,0.32727569012866464,0.0,0.0,6.451779724121683,6.4666950089449875,0.520091011093022,4.370772243421061,9.286110912914006,2.1245927254369232,0.32727569012866464,5910
145,47.96976480684803,-14.407405126493193,0.019712393019278657,0.0,33.582072073374114,-14.407405126493193,nan,0.012951990579380502,0.006760402439898159,48.32305462894464,-14.407474244618978,0.019761511356397747,0.0,33.935341895682065,-14.407474244618978,nan,1196.992074805418,0.08413539767447184,0.0,0.1593770847662701,14226.973519952904,46.0,46.0,,0.00016107196979073393,,,,,,,6.417398238331225,,0,4.227620531844252,9.187350264962312,inf,-inf,-0.21859883035030367,0.1716086574863684,-0.264821248225248,0.20072506582005872,inf,-inf,1.8326062835868464,0.17263750771468597,0.17263750771468597,0.17263750771468597,784,3.044295227938473,1.7387807300988345,1.893404888077236,,,-0.7591059857222534,6.470005000864024,0.490171630943629,2.1731728748498704,0.3370942756104677,0.0,0.0,6.329267783492728,6.344524669841373,0.5241447676782429,4.227620531844252,9.187350264962312,2.1731728748498704,0.3370942756104677,5910
146,47.98497194871402,-14.154277203862794,0.019841084996375498,0.0,33.8505358298476,-14.154277203862794,nan,0.013079374527794287,0.006761710468581206,48.32305462894464,-14.407474244618978,0.019761511356397747,0.0,33.935341895682065,-14.407474244618978,nan,1550.7730952259692,0.09676487551529422,0.0,0.18816839404911184,16026.198421356528,46.0,46.0,,0.00015955456006632853,,,,,,,6.417398238331225,,0,4.227620531844252,9.187350264962312,inf,-inf,-0.17057491170373,0.1391863214232951,-0.24658102820752337,0.17563057235621884,inf,-inf,1.8310504356247215,0.17258781062892833,0.17258781062892833,0.17258781062892833,784,3.044295227938473,1.7387807300988345,1.893404888077236,,,-0.7591059857222534,6.470005000864024,0.490171630943629,2.1731728748498704,0.3370942756104677,0.0,0.0,6.329267783492728,6.344524669841373,0.5241447676782429,4.227620531844252,9.187350264962312,2.1731728748498704,0.3370942756104677,5910
147,47.860023838802455,-14.109988294048788,0.020029374322833644,0.0,33.770064919076496,-14.109988294048788,nan,0.013237868083313965,0.0067915062395196854,48.32305462894464,-14.407474244618978,0.019761511356397747,0.0,33.935341895682065,-14.407474244618978,nan,1687.1042765899797,0.10386728256425466,0.0,0.1957259043234333,16242.884524742414,46.0,46.0,,0.00015803665088308673,,,,,,,6.417398238331225,,0,4.227620531844252,9.187350264962312,inf,-inf,-0.17615567597930396,0.14531597296733484,-0.22770601262613246,0.22523811106741976,inf,-inf,1.8289130353966194,0.17248568488782062,0.17248568488782062,0.17248568488782062,784,3.044295227938473,1.7387807300988345,1.893404888077236,,,-0.7591059857222534,6.470005000864024,0.490171630943629,2.1731728748498704,0.3370942756104677,0.0,0.0,6.329267783492728,6.344524669841373,0.5241447676782429,4.227620531844252,9.187350264962312,2.1731728748498704,0.3370942756104677,5910
148,47.832469550044486,-14.189666892962617,0.020240997794752608,0.0,33.663043654876624,-14.189666892962617,nan,0.01339939675636575,0.006841601038386855,48.32305462894464,-14.407474244618978,0.019761511356397747,0.0,33.935341895682065,-14.407474244618978,nan,1587.512607983211,0.07218134522954245,0.0,0.14544667321766355,21993.391823535483,46.0,46.0,,0.00015651840869685562,,,,,,,6.417398238331225,,0,4.227620531844252,9.187350264962312,inf,-inf,-0.20909771030918553,0.12367700852146687,-0.2684941326562638,0.1497032241415941,inf,-inf,1.828524448669729,0.1723944313219367,0.1723944313219367,0.1723944313219367,784,3.044295227938473,1.7387807300988345,1.893404888077236,,,-0.7591059857222534,6.470005000864024,0.490171630943629,2.1731728748498704,0.3370942756104677,0.0,0.0,6.329267783492728,6.344524669841373,0.5241447676782429,4.227620531844252,9.187350264962312,2.1731728748498704,0.3370942756104677,5910
149,47.631612459607446,-14.252198881592612,0.02030383333014254,0.0,33.39971741134497,-14.252198881592612,nan,0.013506694433854697,0.006797138896287841,48.32305462894464,-14.407474244618978,0.019761511356397747,0.0,33.935341895682065,-14.407474244618978,nan,1691.437952743165,0.06709086565451063,0.0,0.1332240353101073,25211.1511193394,46.0,46.0,,0.00015499999999999997,,,,,,,6.417398238331225,,0,4.227620531844252,9.187350264962312,inf,-inf,-0.20032333800956964,0.136891835818519,-0.24598990982260394,0.20319169676929202,inf,-inf,1.8277098401367484,0.17226027307395725,0.17226027307395725,0.17226027307395725,784,3.044295227938473,1.7387807300988345,1.893404888077236,,,-0.7591059857222534,6.470005000864024,0.490171630943629,2.1731728748498704,0.3370942756104677,0.0,0.0,6.329267783492728,6.344524669841373,0.5241447676782429,4.227620531844252,9.187350264962312,2.1731728748498704,0.3370942756104677,5910
150,47.627542149754575,-14.126897266379654,0.020424205917475097,0.0,33.52106908929239,-14.126897266379654,nan,0.01362707690829443,0.0067971290091806726,48.02183576041065,-14.014013170390655,0.020481147313997035,0.0,34.02830373733399,-14.014013170390655,nan,1944.2382776346212,0.07731296467132152,0.0,0.1486916452817985,25147.635793040765,46.0,46.0,,0.00015348159130314435,,,,,,,6.279800118013024,,0,4.080239855086913,9.0383559681113,inf,-inf,-0.18818152121632795,0.10143273524056197,-0.2373421542049858,0.21429810417985895,inf,-inf,1.8247874118483307,0.1721462493786075,0.1721462493786075,0.1721462493786075,784,3.027702774896413,1.7337827273187416,1.8920464745278494,,,-0.779467179482266,6.331972582221626,0.4926388167653565,2.2151531010714995,0.34540374800951734,0.0,0.0,6.188071874331963,6.201930577081397,0.5275211414716091,4.080239855086913,9.0383559681113,2.2151531010714995,0.34540374800951734,5910
151,47.685565874849516,-14.360695024936808,0.020549920019312665,0.0,33.34542076993202,-14.360695024936808,nan,0.013749366292539091,0.006800553726773575,48.02183576041065,-14.014013170390655,0.020481147313997035,0.0,34.02830373733399,-14.014013170390655,nan,1479.0755148408814,0.06357290803154389,0.0,0.12294347945208056,23265.81496172846,46.0,46.0,,0.00015196334911691327,,,,,,,6.279800118013024,,0,4.080239855086913,9.0383559681113,inf,-inf,-0.1743261258574642,0.10734710151534785,-0.21557492709526396,0.18978693805287006,inf,-inf,1.8240725582467823,0.17206847969945352,0.17206847969945352,0.17206847969945352,784,3.027702774896413,1.7337827273187416,1.8920464745278494,,,-0.779467179482266,6.331972582221626,0.4926388167653565,2.2151531010714995,0.34540374800951734,0.0,0.0,6.188071874331963,6.201930577081397,0.5275211414716091,4.080239855086913,9.0383559681113,2.2151531010714995,0.34540374800951734,5910
152,47.59600701026523,-14.433863693789373,0.020611138924689566,0.0,33.182754455400556,-14.433863693789373,nan,0.013846081516448238,0.006765057408241339,48.02183576041065,-14.014013170390655,0.020481147313997035,0.0,34.02830373733399,-14.014013170390655,nan,1398.6821053429749,0.05310211578701334,0.0,0.09376010519159783,26339.47978556886,46.0,46.0,,0.0001504454399336714,,,,,,,6.279800118013024,,0,4.080239855086913,9.0383559681113,inf,-inf,-0.17129925110154576,0.10943244736197907,-0.199649028225735,0.20135570035221542,inf,-inf,1.8233496384873749,0.17192549623872544,0.17192549623872544,0.17192549623872544,784,3.027702774896413,1.7337827273187416,1.8920464745278494,,,-0.779467179482266,6.331972582221626,0.4926388167653565,2.2151531010714995,0.34540374800951734,0.0,0.0,6.188071874331963,6.201930577081397,0.5275211414716091,4.080239855086913,9.0383559681113,2.2151531010714995,0.34540374800951734,5910
153,47.66231527256305,-14.492371514878839,0.020651432950065565,0.0,33.190595190634276,-14.492371514878839,nan,0.013927283720781313,0.006724149229284249,48.02183576041065,-14.014013170390655,0.020481147313997035,0.0,34.02830373733399,-14.014013170390655,nan,1216.7790472678366,0.055582597838412,0.0,0.10223926642026228,21891.366985134788,46.0,46.0,,0.00014892803020926605,,,,,,,6.279800118013024,,0,4.080239855086913,9.0383559681113,inf,-inf,-0.1691370787304666,0.09096085314054014,-0.2054706489067168,0.1956821329099411,inf,-inf,1.8215517415300981,0.1718034065682433,0.1718034065682433,0.1718034065682433,784,3.027702774896413,1.7337827273187416,1.8920464745278494,,,-0.779467179482266,6.331972582221626,0.4926388167653565,2.2151531010714995,0.34540374800951734,0.0,0.0,6.188071874331963,6.201930577081397,0.5275211414716091,4.080239855086913,9.0383559681113,2.2151531010714995,0.34540374800951734,5910
154,47.569933503711255,-14.483324572298653,0.020701115010333587,0.0,33.10731004642293,-14.483324572298653,nan,0.014016404984072585,0.006684710026261003,48.02183576041065,-14.014013170390655,0.020481147313997035,0.0,34.02830373733399,-14.014013170390655,nan,1183.9130288501226,0.0653569927570601,0.0,0.1088402278453312,18114.557890551536,46.0,46.0,,0.00014741128634477313,,,,,,,6.279800118013024,,0,4.080239855086913,9.0383559681113,inf,-inf,-0.16057459914201672,0.09210425930497387,-0.2039149481907306,0.1692535693008917,inf,-inf,1.8191639520348404,0.17170969941792472,0.17170969941792472,0.17170969941792472,784,3.027702774896413,1.7337827273187416,1.8920464745278494,,,-0.779467179482266,6.331972582221626,0.4926388167653565,2.2151531010714995,0.34540374800951734,0.0,0.0,6.188071874331963,6.201930577081397,0.5275211414716091,4.080239855086913,9.0383559681113,2.2151531010714995,0.34540374800951734,5910
155,47.73649693775179,-14.458814076060907,0.020780406583673444,0.0,33.29846326827455,-14.458814076060907,nan,0.014111811807362835,0.006668594776310615,47.771147735575255,-14.504815223789413,0.020802738408195295,0.0,33.287135250194034,-14.504815223789413,nan,1250.7251705823585,0.04980369515258337,0.0,0.09595000701166281,25113.09987643521,46.0,46.0,,0.00014589537466824958,,,,,,,6.188981717806085,,0,3.9814946684387333,8.934898638708052,inf,-inf,-0.17708338570650659,0.10644720456233195,-0.1960346970182814,0.15207912976922638,inf,-inf,1.81746116031019,0.17166876246356716,0.17166876246356716,0.17166876246356716,784,3.0159866710925995,1.7302688462297178,1.8907962904589986,,,-0.793389691697187,6.240820491642889,0.49555266481276566,2.2441066440537774,0.3510434915429388,0.0,0.0,6.09575592480542,6.111210239051932,0.5307368682303255,3.9814946684387333,8.934898638708052,2.2441066440537774,0.3510434915429388,5910
156,47.63032375429689,-14.497066064701844,0.02083298645369462,0.0,33.15409067604874,-14.497066064701844,nan,0.01419509158136641,0.006637894872328215,47.771147735575255,-14.504815223789413,0.020802738408195295,0.0,33.287135250194034,-14.504815223789413,nan,1251.5739955920515,0.046892602399218934,0.0,0.08943288019863896,26690.222584296116,46.0,46.0,,0.00014438046141649342,,,,,,,6.188981717806085,,0,3.9814946684387333,8.934898638708052,inf,-inf,-0.188699991307871,0.07558404759464309,-0.18901736701987182,0.1979685969391143,inf,-inf,1.8167434588011961,0.17152414505415967,0.17152414505415967,0.17152414505415967,784,3.0159866710925995,1.7302688462297178,1.8907962904589986,,,-0.793389691697187,6.240820491642889,0.49555266481276566,2.2441066440537774,0.3510434915429388,0.0,0.0,6.09575592480542,6.111210239051932,0.5307368682303255,3.9814946684387333,8.934898638708052,2.2441066440537774,0.3510434915429388,5910
157,47.64431159967825,-14.430102671224416,0.020874869033596644,0.0,33.23508379748743,-14.430102671224416,nan,0.014276475584707522,0.006598393448889123,47.771147735575255,-14.504815223789413,0.020802738408195295,0.0,33.287135250194034,-14.504815223789413,nan,1366.464584546308,0.05811406045942137,0.0,0.11085546381704209,23513.493528824292,46.0,46.0,,0.00014286671271681423,,,,,,,6.188981717806085,,0,3.9814946684387333,8.934898638708052,inf,-inf,-0.18248668895956863,0.10649161877930893,-0.21261022332237622,0.18091839502044976,inf,-inf,1.8141596132526763,0.17144445138929346,0.17144445138929346,0.17144445138929346,784,3.0159866710925995,1.7302688462297178,1.8907962904589986,,,-0.793389691697187,6.240820491642889,0.49555266481276566,2.2441066440537774,0.3510434915429388,0.0,0.0,6.09575592480542,6.111210239051932,0.5307368682303255,3.9814946684387333,8.934898638708052,2.2441066440537774,0.3510434915429388,5910
158,47.719515322763094,-14.025821122276428,0.02103663657679079,0.0,33.714730837063456,-14.025821122276428,nan,0.014410207398331135,0.006626429178459653,47.771147735575255,-14.504815223789413,0.020802738408195295,0.0,33.287135250194034,-14.504815223789413,nan,2026.699883814865,0.09952698780156771,0.0,0.1682376617339732,20363.319824926333,46.0,46.0,,0.00014135429456881541,,,,,,,6.188981717806085,,0,3.9814946684387333,8.934898638708052,inf,-inf,-0.2392359813674909,0.17924768461682639,-0.24931792362756153,0.1765123478954133,inf,-inf,1.8108343215585176,0.1715016122381436,0.1715016122381436,0.1715016122381436,784,3.0159866710925995,1.7302688462297178,1.8907962904589986,,,-0.793389691697187,6.240820491642889,0.49555266481276566,2.2441066440537774,0.3510434915429388,0.0,0.0,6.09575592480542,6.111210239051932,0.5307368682303255,3.9814946684387333,8.934898638708052,2.2441066440537774,0.3510434915429388,5910
159,47.53517815869549,-14.458573547237716,0.021163752904879502,0.0,33.09776836436265,-14.458573547237716,nan,0.014533840014454269,0.006629912890425236,47.771147735575255,-14.504815223789413,0.020802738408195295,0.0,33.287135250194034,-14.504815223789413,nan,1180.664448296607,0.06547472297550776,0.0,0.12032301551357562,18032.370274224148,46.0,46.0,,0.00013984337282619026,,,,,,,6.188981717806085,,0,3.9814946684387333,8.934898638708052,inf,-inf,-0.2022707256979619,0.0964125371353964,-0.20313083261918446,0.16139075649398843,inf,-inf,1.810434332223035,0.17132082534576787,0.17132082534576787,0.17132082534576787,784,3.0159866710925995,1.7302688462297178,1.8907962904589986,,,-0.793389691697187,6.240820491642889,0.49555266481276566,2.2441066440537774,0.3510434915429388,0.0,0.0,6.09575592480542,6.111210239051932,0.5307368682303255,3.9814946684387333,8.934898638708052,2.2441066440537774,0.3510434915429388,5910
160,47.80839866855036,-13.976180742068447,0.02142164096137533,0.0,33.853639567443295,-13.976180742068447,nan,0.014712236059305656,0.006709404902069677,48.39868873589295,-14.643965945922798,0.02152107645302523,0.0,33.77624386642317,-14.643965945922798,nan,1845.8367062475722,0.14179133687464043,0.0,0.23068170967059548,13017.979426200773,46.0,46.0,,0.00013833411317853436,,,,,,,6.066390601459183,,0,3.8591595319568084,8.798050793713502,inf,-inf,-0.24154279913079246,0.1767252146356375,-0.3026038371883824,0.17036393401130354,inf,-inf,1.8075614440968883,0.17139212297548373,0.17139212297548373,0.17139212297548373,784,3.001230794701973,1.7258030839555318,1.8895969468234424,,,-0.8124192250014585,6.117039408272565,0.4973573208245964,2.2797841656606512,0.35789373292169524,0.0,0.0,5.971038807461266,5.988830300301933,0.5333409530148308,3.8591595319568084,8.798050793713502,2.2797841656606512,0.35789373292169524,5910
161,47.655928837659225,-14.111844404091908,0.021583731452629974,0.0,33.56566816501995,-14.111844404091908,nan,0.014864938265292553,0.006718793187337412,48.39868873589295,-14.643965945922798,0.02152107645302523,0.0,33.77624386642317,-14.643965945922798,nan,1750.9764793954132,0.08497503536395797,0.0,0.1574410146739554,20605.775236171154,46.0,46.0,,0.0001368266811331759,,,,,,,6.066390601459183,,0,3.8591595319568084,8.798050793713502,inf,-inf,-0.21049860560648173,0.2064351076609738,-0.2285132477139502,0.14331890246857265,inf,-inf,1.8065606903685782,0.17134211142473854,0.17134211142473854,0.17134211142473854,784,3.001230794701973,1.7258030839555318,1.8895969468234424,,,-0.8124192250014585,6.117039408272565,0.4973573208245964,2.2797841656606512,0.35789373292169524,0.0,0.0,5.971038807461266,5.988830300301933,0.5333409530148308,3.8591595319568084,8.798050793713502,2.2797841656606512,0.35789373292169524,5910
162,47.637044267691024,-14.483750291475468,0.02173863276550388,0.0,33.17503260898106,-14.483750291475468,nan,0.015005330205457442,0.0067333025600464355,48.39868873589295,-14.643965945922798,0.02152107645302523,0.0,33.77624386642317,-14.643965945922798,nan,1230.652244143497,0.05760227508891686,0.0,0.10267812741676878,21364.64648737953,46.0,46.0,,0.00013532124199702587,,,,,,,6.066390601459183,,0,3.8591595319568084,8.798050793713502,inf,-inf,-0.1666881667438764,0.11245493654647006,-0.18522380367413888,0.1464196019262829,inf,-inf,1.8067193473708012,0.17116523923443172,0.17116523923443172,0.17116523923443172,784,3.001230794701973,1.7258030839555318,1.8895969468234424,,,-0.8124192250014585,6.117039408272565,0.4973573208245964,2.2797841656606512,0.35789373292169524,0.0,0.0,5.971038807461266,5.988830300301933,0.5333409530148308,3.8591595319568084,8.798050793713502,2.2797841656606512,0.35789373292169524,5910
163,47.39040705402001,-14.586355623968288,0.021763812283168645,0.0,32.82581524233489,-14.586355623968288,nan,0.015087110128277563,0.00667670215489109,48.39868873589295,-14.643965945922798,0.02152107645302523,0.0,33.77624386642317,-14.643965945922798,nan,1039.3925341335569,0.0406550434764458,0.0,0.07034925173789917,25566.14002235041,46.0,46.0,,0.00013381796085845036,,,,,,,6.066390601459183,,0,3.8591595319568084,8.798050793713502,inf,-inf,-0.1677505505178642,0.08938531359915985,-0.1811455000014544,0.18111730781409366,inf,-inf,1.8062781733291025,0.17098282914937865,0.17098282914937865,0.17098282914937865,784,3.001230794701973,1.7258030839555318,1.8895969468234424,,,-0.8124192250014585,6.117039408272565,0.4973573208245964,2.2797841656606512,0.35789373292169524,0.0,0.0,5.971038807461266,5.988830300301933,0.5333409530148308,3.8591595319568084,8.798050793713502,2.2797841656606512,0.35789373292169524,5910
164,47.65525741760325,-14.378231244786969,0.02182278571586656,0.0,33.298848958532155,-14.378231244786969,nan,0.015171350802887432,0.006651434912979133,48.39868873589295,-14.643965945922798,0.02152107645302523,0.0,33.77624386642317,-14.643965945922798,nan,1327.1071996693652,0.07400348022842601,0.0,0.12962893037118015,17933.037683808827,46.0,46.0,,0.00013231700256916657,,,,,,,6.066390601459183,,0,3.8591595319568084,8.798050793713502,inf,-inf,-0.20019498253891593,0.1251647049969819,-0.2374075488109338,0.1826630641635955,inf,-inf,1.80394376520037,0.17105624888287235,0.17105624888287235,0.17105624888287235,784,3.001230794701973,1.7258030839555318,1.8895969468234424,,,-0.8124192250014585,6.117039408272565,0.4973573208245964,2.2797841656606512,0.35789373292169524,0.0,0.0,5.971038807461266,5.988830300301933,0.5333409530148308,3.8591595319568084,8.798050793713502,2.2797841656606512,0.35789373292169524,5910
165,47.55141720839085,-14.577264417296648,0.02191615080559115,0.0,32.99606894189979,-14.577264417296648,nan,0.015276738181666442,0.006639412623924704,47.89490602024591,-14.5799235062604,0.02193031239063456,0.0,33.33691282637615,-14.5799235062604,nan,1035.3324218436487,0.05338566060789843,0.0,0.08690990703711822,19393.455284703752,46.0,46.0,,0.00013081853172616515,,,,,,,5.973700271143019,,0,3.7663848302307783,8.697315711059794,inf,-inf,-0.16792420444732695,0.12332676101280449,-0.17781309285862543,0.14065629832283344,inf,-inf,1.8034822904754213,0.1709331650573688,0.1709331650573688,0.1709331650573688,784,2.9890822753852033,1.7221355940908183,1.887617767228585,,,-0.8271642068962181,6.0251890170956095,0.4997169187518448,2.3091946529868754,0.3634605432051733,0.0,0.0,5.876829561800641,5.895134939916579,0.5355936691939331,3.7663848302307783,8.697315711059794,2.3091946529868754,0.3634605432051733,5910
166,47.667671444993864,-14.380538475820899,0.021967296997073435,0.0,33.30910026617004,-14.380538475820899,nan,0.015361796930612286,0.006605500066461148,47.89490602024591,-14.5799235062604,0.02193031239063456,0.0,33.33691282637615,-14.5799235062604,nan,1406.0519928617293,0.056135832219175494,0.0,0.09898503610203177,25047.31714623863,46.0,46.0,,0.00012932271265366044,,,,,,,5.973700271143019,,0,3.7663848302307783,8.697315711059794,inf,-inf,-0.1563105166794275,0.08529391503896318,-0.19647089022443756,0.08964393645922557,inf,-inf,1.8028332399377678,0.17084067211616422,0.17084067211616422,0.17084067211616422,784,2.9890822753852033,1.7221355940908183,1.887617767228585,,,-0.8271642068962181,6.0251890170956095,0.4997169187518448,2.3091946529868754,0.3634605432051733,0.0,0.0,5.876829561800641,5.895134939916579,0.5355936691939331,3.7663848302307783,8.697315711059794,2.3091946529868754,0.3634605432051733,5910
167,47.49649689354852,-14.550246971267486,0.02210601254121712,0.0,32.96835593482225,-14.550246971267486,nan,0.01548215486303263,0.006623857678184495,47.89490602024591,-14.5799235062604,0.02193031239063456,0.0,33.33691282637615,-14.5799235062604,nan,977.0626383424185,0.07926914840245368,0.0,0.12831556054471727,12325.88791520529,46.0,46.0,,0.00012782970938506996,,,,,,,5.973700271143019,,0,3.7663848302307783,8.697315711059794,inf,-inf,-0.1673807837347765,0.1780505344028754,-0.1931743119000608,0.20786445878482654,inf,-inf,1.8018977285584372,0.17089898508949514,0.17089898508949514,0.17089898508949514,784,2.9890822753852033,1.7221355940908183,1.887617767228585,,,-0.8271642068962181,6.0251890170956095,0.4997169187518448,2.3091946529868754,0.3634605432051733,0.0,0.0,5.876829561800641,5.895134939916579,0.5355936691939331,3.7663848302307783,8.697315711059794,2.3091946529868754,0.3634605432051733,5910
168,47.59002158499144,-14.23358245263057,0.02222826714071695,0.0,33.37866739950159,-14.23358245263057,nan,0.015605033315690402,0.006623233825026544,47.89490602024591,-14.5799235062604,0.02193031239063456,0.0,33.33691282637615,-14.5799235062604,nan,1670.7679362227525,0.10554872110893525,0.0,0.1704055583579502,15829.35272610625,46.0,46.0,,0.00012633968564502673,,,,,,,5.973700271143019,,0,3.7663848302307783,8.697315711059794,inf,-inf,-0.17674614368522848,0.20771167385630968,-0.22481225174491298,0.2503057033859397,inf,-inf,1.801423947078752,0.1710821773795575,0.1710821773795575,0.1710821773795575,784,2.9890822753852033,1.7221355940908183,1.887617767228585,,,-0.8271642068962181,6.0251890170956095,0.4997169187518448,2.3091946529868754,0.3634605432051733,0.0,0.0,5.876829561800641,5.895134939916579,0.5355936691939331,3.7663848302307783,8.697315711059794,2.3091946529868754,0.3634605432051733,5910
169,47.46134908426051,-14.264132910038654,0.022350018191322724,0.0,33.21956619241318,-14.264132910038654,nan,0.01572926342965384,0.006620754761668885,47.89490602024591,-14.5799235062604,0.02193031239063456,0.0,33.33691282637615,-14.5799235062604,nan,1615.0540993485129,0.05382022462843741,0.0,0.09815926042379754,30008.312126128774,46.0,46.0,,0.00012485280483142492,,,,,,,5.973700271143019,,0,3.7663848302307783,8.697315711059794,inf,-inf,-0.18960556625559827,0.09879414378160456,-0.2321763041172264,0.09446282920541768,inf,-inf,1.8021908643250835,0.17088835412145134,0.17088835412145134,0.17088835412145134,784,2.9890822753852033,1.7221355940908183,1.887617767228585,,,-0.8271642068962181,6.0251890170956095,0.4997169187518448,2.3091946529868754,0.3634605432051733,0.0,0.0,5.876829561800641,5.895134939916579,0.5355936691939331,3.7663848302307783,8.697315711059794,2.3091946529868754,0.3634605432051733,5910
170,47.5781256792941,-14.504793896030197,0.02242323140432,0.0,33.095755014668214,-14.504793896030197,nan,0.0158218617936105,0.006601369610709501,48.034023540425984,-14.525352907382283,0.0224239525544443,0.0,33.53109458559815,-14.525352907382283,nan,1305.7937805890863,0.04394198100056464,0.0,0.07234468928679416,29716.315715768647,46.0,46.0,,0.00012336922999750137,,,,,,,5.87933587127185,,0,3.6709250724664706,8.583545652537252,inf,-inf,-0.15886705055870737,0.08954680674674809,-0.19720438205337212,0.10948922430633515,inf,-inf,1.8015795420041438,0.17081335495458727,0.17081335495458727,0.17081335495458727,784,2.9770570191444024,1.7185057284353868,1.8857474909801812,,,-0.8425071257486959,5.930391487070274,0.5015760517325689,2.3382513897975103,0.36889120115119867,0.0,0.0,5.781131843779416,5.800903440915967,0.5364028638295565,3.6709250724664706,8.583545652537252,2.3382513897975103,0.36889120115119867,5910
171,47.48145615910639,-14.452044053268787,0.02245340161162833,0.0,33.051865507449236,-14.452044053268787,nan,0.015893227599765858,0.00656017401186247,48.034023540425984,-14.525352907382283,0.0224239525544443,0.0,33.53109458559815,-14.525352907382283,nan,1342.6238546564132,0.04287594411104537,0.0,0.07620739461893732,31314.15255088311,46.0,46.0,,0.00012188912383395497,,,,,,,5.87933587127185,,0,3.6709250724664706,8.583545652537252,inf,-inf,-0.19913870809510073,0.0771491042834822,-0.1953908417537566,0.13013508807683272,inf,-inf,1.8007833592254288,0.17073939937594845,0.17073939937594845,0.17073939937594845,784,2.9770570191444024,1.7185057284353868,1.8857474909801812,,,-0.8425071257486959,5.930391487070274,0.5015760517325689,2.3382513897975103,0.36889120115119867,0.0,0.0,5.781131843779416,5.800903440915967,0.5364028638295565,3.6709250724664706,8.583545652537252,2.3382513897975103,0.36889120115119867,5910
172,47.55411582599167,-14.414727018169216,0.02253132681766022,0.0,33.16192013464012,-14.414727018169216,nan,0.015984421766798013,0.006546905050862207,48.034023540425984,-14.525352907382283,0.0224239525544443,0.0,33.53109458559815,-14.525352907382283,nan,1373.9030447315292,0.05748558881484263,0.0,0.09444118916077043,23899.956024748783,46.0,46.0,,0.00012041264865110584,,,,,,,5.87933587127185,,0,3.6709250724664706,8.583545652537252,inf,-inf,-0.2248664202482957,0.1292401841309626,-0.28568475366498514,0.1961759267668733,inf,-inf,1.8001708039966187,0.17071939973552044,0.17071939973552044,0.17071939973552044,784,2.9770570191444024,1.7185057284353868,1.8857474909801812,,,-0.8425071257486959,5.930391487070274,0.5015760517325689,2.3382513897975103,0.36889120115119867,0.0,0.0,5.781131843779416,5.800903440915967,0.5364028638295565,3.6709250724664706,8.583545652537252,2.3382513897975103,0.36889120115119867,5910
173,47.515983667757084,-14.581105999899977,0.022561514834883837,0.0,32.95743918269199,-14.581105999899977,nan,0.01605380396973894,0.006507710865144893,48.034023540425984,-14.525352907382283,0.0224239525544443,0.0,33.53109458559815,-14.525352907382283,nan,1016.8462845305762,0.046134629264766504,0.0,0.07861476133273296,22040.846555737953,46.0,46.0,,0.00011893996636109612,,,,,,,5.87933587127185,,0,3.6709250724664706,8.583545652537252,inf,-inf,-0.15097390781309958,0.09154453565024485,-0.18944548569711103,0.14790409777861857,inf,-inf,1.7989109566707986,0.17070659739451277,0.17070659739451277,0.17070659739451277,784,2.9770570191444024,1.7185057284353868,1.8857474909801812,,,-0.8425071257486959,5.930391487070274,0.5015760517325689,2.3382513897975103,0.36889120115119867,0.0,0.0,5.781131843779416,5.800903440915967,0.5364028638295565,3.6709250724664706,8.583545652537252,2.3382513897975103,0.36889120115119867,5910
174,47.59826486658232,-14.367186513704132,0.022687476056817778,0.0,33.253765828935,-14.367186513704132,nan,0.016167049930071453,0.006520426126746332,48.034023540425984,-14.525352907382283,0.0224239525544443,0.0,33.53109458559815,-14.525352907382283,nan,1366.7497241287006,0.0939746397264126,0.0,0.15350547812203869,14543.814460025651,46.0,46.0,,0.00011747123846013455,,,,,,,5.87933587127185,,0,3.6709250724664706,8.583545652537252,inf,-inf,-0.1968245138136921,0.10321545872289759,-0.23248088978801804,0.15004242807060672,inf,-inf,1.7981108162749055,0.17096282074119282,0.17096282074119282,0.17096282074119282,784,2.9770570191444024,1.7185057284353868,1.8857474909801812,,,-0.8425071257486959,5.930391487070274,0.5015760517325689,2.3382513897975103,0.36889120115119867,0.0,0.0,5.781131843779416,5.800903440915967,0.5364028638295565,3.6709250724664706,8.583545652537252,2.3382513897975103,0.36889120115119867,5910
175,47.605852198366314,-14.627582182656512,0.02281601319400095,0.0,33.001086028903806,-14.627582182656512,nan,0.016291870925587093,0.00652414226841386,47.688135478207414,-14.545556078194352,0.022825341726260925,0.0,33.16540474173932,-14.545556078194352,nan,987.034613197894,0.05273380741827719,0.0,0.08187415414965829,18717.302268142208,46.0,46.0,,0.00011600662601078654,,,,,,,5.799140924616961,,0,3.5950490208647015,8.492736658150697,inf,-inf,-0.14817719069102922,0.10742986304100778,-0.18376799061612395,0.17263450670619335,inf,-inf,1.7993251902028435,0.1708282207670615,0.1708282207670615,0.1708282207670615,784,2.9657090204436036,1.7150739285218024,1.8837745903830052,,,-0.8557928618023707,5.852010450223361,0.5037465946142851,2.3623423794393705,0.3733428410867585,0.0,0.0,5.699882848904826,5.7189716055815945,0.5379170776551124,3.5950490208647015,8.492736658150697,2.3623423794393705,0.3733428410867585,5910
176,47.69840711412887,-14.005926777348622,0.022909759069671277,0.0,33.71539009584992,-14.005926777348622,nan,0.016390383901449597,0.006519375168221674,47.688135478207414,-14.545556078194352,0.022825341726260925,0.0,33.16540474173932,-14.545556078194352,nan,1847.3442473036466,0.08684185340083231,0.0,0.1502238474772147,21272.510603578867,46.0,46.0,,0.00011454628962431177,,,,,,,5.799140924616961,,0,3.5950490208647015,8.492736658150697,inf,-inf,-0.20942255352882713,0.13294840624072252,-0.27405400789269474,0.1693776860593005,inf,-inf,1.7980017689815333,0.17092794289980603,0.17092794289980603,0.17092794289980603,784,2.9657090204436036,1.7150739285218024,1.8837745903830052,,,-0.8557928618023707,5.852010450223361,0.5037465946142851,2.3623423794393705,0.3733428410867585,0.0,0.0,5.699882848904826,5.7189716055815945,0.5379170776551124,3.5950490208647015,8.492736658150697,2.3623423794393705,0.3733428410867585,5910
177,47.51263491017681,-14.590779781026516,0.02305114953200301,0.0,32.94490627868229,-14.590779781026516,nan,0.016518514819670184,0.006532634712332825,47.688135478207414,-14.545556078194352,0.022825341726260925,0.0,33.16540474173932,-14.545556078194352,nan,974.1714618219942,0.04778027064248292,0.0,0.08594417810666606,20388.571448480412,46.0,46.0,,0.00011309038944305162,,,,,,,5.799140924616961,,0,3.5950490208647015,8.492736658150697,inf,-inf,-0.14740960746132897,0.11064824108322648,-0.17333092740539802,0.1795562858718415,inf,-inf,1.7985159120579617,0.17074712644724277,0.17074712644724277,0.17074712644724277,784,2.9657090204436036,1.7150739285218024,1.8837745903830052,,,-0.8557928618023707,5.852010450223361,0.5037465946142851,2.3623423794393705,0.3733428410867585,0.0,0.0,5.699882848904826,5.7189716055815945,0.5379170776551124,3.5950490208647015,8.492736658150697,2.3623423794393705,0.3733428410867585,5910
178,47.41686749609491,-14.127365846266374,0.023148004349587477,0.0,33.312649654178124,-14.127365846266374,nan,0.016620614572399484,0.006527389777187993,47.688135478207414,-14.545556078194352,0.022825341726260925,0.0,33.16540474173932,-14.545556078194352,nan,1853.4460547253177,0.07005938912791257,0.0,0.12388360338109701,26455.35563179612,46.0,46.0,,0.00011163908512286747,,,,,,,5.799140924616961,,0,3.5950490208647015,8.492736658150697,inf,-inf,-0.18181876425219826,0.14040290237624262,-0.22932732727386534,0.19999703561855392,inf,-inf,1.7961576544912083,0.17089651886811877,0.17089651886811877,0.17089651886811877,784,2.9657090204436036,1.7150739285218024,1.8837745903830052,,,-0.8557928618023707,5.852010450223361,0.5037465946142851,2.3623423794393705,0.3733428410867585,0.0,0.0,5.699882848904826,5.7189716055815945,0.5379170776551124,3.5950490208647015,8.492736658150697,2.3623423794393705,0.3733428410867585,5910
179,47.45197119142962,-14.414001873640101,0.023259048578451225,0.0,33.06122836636797,-14.414001873640101,nan,0.016730454152046676,0.0065285944264045544,47.688135478207414,-14.545556078194352,0.022825341726260925,0.0,33.16540474173932,-14.545556078194352,nan,1356.1063929079644,0.06485070823007338,0.0,0.09406735425101558,20911.204054963484,46.0,46.0,,0.00011019253581563266,,,,,,,5.799140924616961,,0,3.5950490208647015,8.492736658150697,inf,-inf,-0.20563781592598926,0.13309047539684007,-0.2086946390792635,0.14916408901451172,inf,-inf,1.7969784730182758,0.17074745666383123,0.17074745666383123,0.17074745666383123,784,2.9657090204436036,1.7150739285218024,1.8837745903830052,,,-0.8557928618023707,5.852010450223361,0.5037465946142851,2.3623423794393705,0.3733428410867585,0.0,0.0,5.699882848904826,5.7189716055815945,0.5379170776551124,3.5950490208647015,8.492736658150697,2.3623423794393705,0.3733428410867585,5910
180,47.57769062966892,-14.24900898460793,0.023375885424127954,0.0,33.352057530485126,-14.24900898460793,nan,0.01684246992925786,0.006533415494870098,48.28361892873017,-14.757514058706956,0.023427522922424584,0.0,33.54953239294564,-14.757514058706956,nan,1481.984230255201,0.0866120505281653,0.0,0.1419025555199284,17110.600906201566,46.0,46.0,,0.00010875090015177988,,,,,,,5.704206295304251,,0,3.505816411027559,8.390007897923137,inf,-inf,-0.16973473872967793,0.10857544968175921,-0.23357991273274425,0.1844778477751442,inf,-inf,1.7960780306389563,0.17089867582286358,0.17089867582286358,0.17089867582286358,784,2.9525800117901615,1.711088267228459,1.8818747801779803,,,-0.8716337894309617,5.756887364690895,0.5051433411905867,2.393168071075352,0.37897319998302537,0.0,0.0,5.602792118969956,5.623297497964188,0.5392705378743327,3.505816411027559,8.390007897923137,2.393168071075352,0.37897319998302537,5910
181,47.65363422592706,-14.51845507717306,0.023489626292569964,0.0,33.15866877504657,-14.51845507717306,nan,0.016956745561971992,0.006532880730597974,48.28361892873017,-14.757514058706956,0.023427522922424584,0.0,33.54953239294564,-14.757514058706956,nan,1164.2018369465331,0.0584022207237149,0.0,0.0881310047652354,19934.204941521948,46.0,46.0,,0.00010731433622290546,,,,,,,5.704206295304251,,0,3.505816411027559,8.390007897923137,inf,-inf,-0.1525942512494039,0.11373716178691376,-0.20002707557485655,0.15082660081124816,inf,-inf,1.7963231226061607,0.17081441296235994,0.17081441296235994,0.17081441296235994,784,2.9525800117901615,1.711088267228459,1.8818747801779803,,,-0.8716337894309617,5.756887364690895,0.5051433411905867,2.393168071075352,0.37897319998302537,0.0,0.0,5.602792118969956,5.623297497964188,0.5392705378743327,3.505816411027559,8.390007897923137,2.393168071075352,0.37897319998302537,5910
182,47.539981345889174,-14.410641437188406,0.023569557677425773,0.0,33.1529094663782,-14.410641437188406,nan,0.01704819163184172,0.00652136604558406,48.28361892873017,-14.757514058706956,0.023427522922424584,0.0,33.54953239294564,-14.757514058706956,nan,1280.3597867422543,0.05737935219414702,0.0,0.09650840148248098,22313.946354954795,46.0,46.0,,0.00010588300156443278,,,,,,,5.704206295304251,,0,3.505816411027559,8.390007897923137,inf,-inf,-0.16079190886264733,0.10752235614750685,-0.23740463958195696,0.16622827418043018,inf,-inf,1.7953643653110796,0.1707848248609301,0.1707848248609301,0.1707848248609301,784,2.9525800117901615,1.711088267228459,1.8818747801779803,,,-0.8716337894309617,5.756887364690895,0.5051433411905867,2.393168071075352,0.37897319998302537,0.0,0.0,5.602792118969956,5.623297497964188,0.5392705378743327,3.505816411027559,8.390007897923137,2.393168071075352,0.37897319998302537,5910
183,47.558127919854186,-14.357772023295588,0.023654450257955453,0.0,33.224010346816556,-14.357772023295588,nan,0.01714259593302357,0.006511854324931879,48.28361892873017,-14.757514058706956,0.023427522922424584,0.0,33.54953239294564,-14.757514058706956,nan,1388.3322022354605,0.06190357553202225,0.0,0.09959408707656654,22427.33461360866,46.0,46.0,,0.00010445705313833685,,,,,,,5.704206295304251,,0,3.505816411027559,8.390007897923137,inf,-inf,-0.1850747481190059,0.13430927598983822,-0.2016020377027407,0.17795260147793215,inf,-inf,1.7943113172164264,0.17090740029752186,0.17090740029752186,0.17090740029752186,784,2.9525800117901615,1.711088267228459,1.8818747801779803,,,-0.8716337894309617,5.756887364690895,0.5051433411905867,2.393168071075352,0.37897319998302537,0.0,0.0,5.602792118969956,5.623297497964188,0.5392705378743327,3.505816411027559,8.390007897923137,2.393168071075352,0.37897319998302537,5910
184,47.601762605588696,-14.492183020895382,0.023753520354548682,0.0,33.13333310504786,-14.492183020895382,nan,0.017244468298057803,0.006509052056490882,48.28361892873017,-14.757514058706956,0.023427522922424584,0.0,33.54953239294564,-14.757514058706956,nan,1126.5962257920937,0.06765572602070274,0.0,0.10495124513441666,16651.89765973916,46.0,46.0,,0.00010303664731593152,,,,,,,5.704206295304251,,0,3.505816411027559,8.390007897923137,inf,-inf,-0.18508403258176548,0.10926216176033904,-0.20734390202896347,0.19946531227074987,inf,-inf,1.7946162341160998,0.17082021890576007,0.17082021890576007,0.17082021890576007,784,2.9525800117901615,1.711088267228459,1.8818747801779803,,,-0.8716337894309617,5.756887364690895,0.5051433411905867,2.393168071075352,0.37897319998302537,0.0,0.0,5.602792118969956,5.623297497964188,0.5392705378743327,3.505816411027559,8.390007897923137,2.393168071075352,0.37897319998302537,5910
185,47.50450599125197,-14.468244100942877,0.023856947645547962,0.0,33.06011883795464,-14.468244100942877,nan,0.017346378760348412,0.0065105688851995495,47.140806564075376,-13.238592306037884,0.02388389621869032,0.0,33.92609815425618,-13.238592306037884,nan,1273.1424340922151,0.0569108677285534,0.0,0.08856739900828946,22370.813957093334,46.0,46.0,,0.00010162193986072177,,,,,,,5.626885621892799,,0,3.4352010857866695,8.303508498742064,inf,-inf,-0.15901401566477916,0.10781339166640608,-0.19956712127178255,0.20034894220269925,inf,-inf,1.7940212715933457,0.17077573399957705,0.17077573399957705,0.17077573399957705,784,2.9415441012923553,1.707732214227292,1.8803757064136635,,,-0.8848717760869637,5.680244513390159,0.5069318116610494,2.4171826601645767,0.3833094701445753,0.0,0.0,5.5245509179561605,5.5468851152568766,0.540727614664482,3.4352010857866695,8.303508498742064,2.4171826601645767,0.3833094701445753,5910
186,47.44131515129161,-14.201385739206183,0.023987022672240746,0.0,33.26391643475767,-14.201385739206183,nan,0.017455196792881166,0.006531825879359589,47.140806564075376,-13.238592306037884,0.02388389621869032,0.0,33.92609815425618,-13.238592306037884,nan,1728.7242660288973,0.0926503986350828,0.0,0.1349691385296588,18658.573427597777,46.0,46.0,,0.00010021308591132228,,,,,,,5.626885621892799,,0,3.4352010857866695,8.303508498742064,inf,-inf,-0.19924821787281832,0.13779567548277347,-0.24144745788848798,0.2301693761717029,inf,-inf,1.7931722404802946,0.17084847835336475,0.17084847835336475,0.17084847835336475,784,2.9415441012923553,1.707732214227292,1.8803757064136635,,,-0.8848717760869637,5.680244513390159,0.5069318116610494,2.4171826601645767,0.3833094701445753,0.0,0.0,5.5245509179561605,5.5468851152568766,0.540727614664482,3.4352010857866695,8.303508498742064,2.4171826601645767,0.3833094701445753,5910
187,47.38829551228049,-14.54290904591035,0.02410071772175065,0.0,32.869487184091895,-14.54290904591035,nan,0.01757007836182044,0.006530639359930213,47.140806564075376,-13.238592306037884,0.02388389621869032,0.0,33.92609815425618,-13.238592306037884,nan,1160.2018209606292,0.05681685497430794,0.0,0.09127986607211754,20420.028906655636,46.0,46.0,,9.881023996444511e-05,,,,,,,5.626885621892799,,0,3.4352010857866695,8.303508498742064,inf,-inf,-0.17193057462558148,0.16503566177178794,-0.1672427961920413,0.22788789374668567,inf,-inf,1.7938837203670819,0.170863757646864,0.170863757646864,0.170863757646864,784,2.9415441012923553,1.707732214227292,1.8803757064136635,,,-0.8848717760869637,5.680244513390159,0.5069318116610494,2.4171826601645767,0.3833094701445753,0.0,0.0,5.5245509179561605,5.5468851152568766,0.540727614664482,3.4352010857866695,8.303508498742064,2.4171826601645767,0.3833094701445753,5910
188,47.42527818763758,-14.477271158267992,0.024172259765661806,0.0,32.972179289135255,-14.477271158267992,nan,0.01765943870084278,0.006512821064819017,47.140806564075376,-13.238592306037884,0.02388389621869032,0.0,33.92609815425618,-13.238592306037884,nan,1179.240347713667,0.057814159147230364,0.0,0.08829287896611693,20397.085508250613,46.0,46.0,,9.741355585795683e-05,,,,,,,5.626885621892799,,0,3.4352010857866695,8.303508498742064,inf,-inf,-0.16095814827844415,0.11201982391808121,-0.19506110477821725,0.1436700072741584,inf,-inf,1.7934958758552542,0.17078499625017032,0.17078499625017032,0.17078499625017032,784,2.9415441012923553,1.707732214227292,1.8803757064136635,,,-0.8848717760869637,5.680244513390159,0.5069318116610494,2.4171826601645767,0.3833094701445753,0.0,0.0,5.5245509179561605,5.5468851152568766,0.540727614664482,3.4352010857866695,8.303508498742064,2.4171826601645767,0.3833094701445753,5910
189,47.560347975434645,-14.277395934131698,0.024267152623710583,0.0,33.307219193926656,-14.277395934131698,nan,0.01775233521588069,0.006514817407829894,47.140806564075376,-13.238592306037884,0.02388389621869032,0.0,33.92609815425618,-13.238592306037884,nan,1635.648854063901,0.06680157839817022,0.0,0.10049399329119542,24485.18273497417,46.0,46.0,,9.6023186754009e-05,,,,,,,5.626885621892799,,0,3.4352010857866695,8.303508498742064,inf,-inf,-0.16914929061920858,0.12350842119618868,-0.2233213770208568,0.1536336386427007,inf,-inf,1.7916709615471886,0.17078709360906388,0.17078709360906388,0.17078709360906388,784,2.9415441012923553,1.707732214227292,1.8803757064136635,,,-0.8848717760869637,5.680244513390159,0.5069318116610494,2.4171826601645767,0.3833094701445753,0.0,0.0,5.5245509179561605,5.5468851152568766,0.540727614664482,3.4352010857866695,8.303508498742064,2.4171826601645767,0.3833094701445753,5910
190,47.42253613370998,-14.504400670116478,0.024364130966039465,0.0,32.94249959455954,-14.504400670116478,nan,0.017848417710823093,0.006515713255216377,47.78322896380665,-14.710221366257477,0.024373656748439623,0.0,33.09738125429761,-14.710221366257477,nan,1162.9888323233008,0.05812398505965175,0.0,0.08468588144410777,20008.75939820271,46.0,46.0,,9.463928512224188e-05,,,,,,,5.549434271402005,,0,3.3674002578135886,8.219845596224227,inf,-inf,-0.16201577138896894,0.16248825614605528,-0.19426569750893607,0.23245073032919736,inf,-inf,1.7926755928360105,0.17070879820380896,0.17070879820380896,0.17070879820380896,784,2.931223978504844,1.7045670601204368,1.8788386056268407,,,-0.8984238456654783,5.602455812110881,0.5083579321820353,2.4410064046147193,0.3875689189031297,0.0,0.0,5.446450673301065,5.468786775198403,0.5418036095291179,3.3674002578135886,8.219845596224227,2.4410064046147193,0.3875689189031297,5910
191,47.45709499742101,-14.180805157984027,0.024426516455189944,0.0,33.30071635589218,-14.180805157984027,nan,0.017928929595095768,0.006497586860094169,47.78322896380665,-14.710221366257477,0.024373656748439623,0.0,33.09738125429761,-14.710221366257477,nan,1697.1106805004472,0.0655258522793132,0.0,0.1087767896896328,25899.86427442826,46.0,46.0,,9.326200272306449e-05,,,,,,,5.549434271402005,,0,3.3674002578135886,8.219845596224227,inf,-inf,-0.16515819358395498,0.12656684395642,-0.21946147890720674,0.13735113170063576,inf,-inf,1.7915647724233965,0.17080180955723917,0.17080180955723917,0.17080180955723917,784,2.931223978504844,1.7045670601204368,1.8788386056268407,,,-0.8984238456654783,5.602455812110881,0.5083579321820353,2.4410064046147193,0.3875689189031297,0.0,0.0,5.446450673301065,5.468786775198403,0.5418036095291179,3.3674002578135886,8.219845596224227,2.4410064046147193,0.3875689189031297,5910
192,47.53666013319909,-14.056438282214819,0.024568560338549084,0.0,33.50479041132282,-14.056438282214819,nan,0.018044618740517854,0.0065239415980312245,47.78322896380665,-14.710221366257477,0.024373656748439623,0.0,33.09738125429761,-14.710221366257477,nan,1949.8933422819357,0.06714434999846848,0.0,0.10819680933634591,29040.31898925839,46.0,46.0,,9.189149059101255e-05,,,,,,,5.549434271402005,,0,3.3674002578135886,8.219845596224227,inf,-inf,-0.1868310443393627,0.11692507967863519,-0.2108513366211774,0.17517854787377102,inf,-inf,1.7909050856881865,0.17085171376907898,0.17085171376907898,0.17085171376907898,784,2.931223978504844,1.7045670601204368,1.8788386056268407,,,-0.8984238456654783,5.602455812110881,0.5083579321820353,2.4410064046147193,0.3875689189031297,0.0,0.0,5.446450673301065,5.468786775198403,0.5418036095291179,3.3674002578135886,8.219845596224227,2.4410064046147193,0.3875689189031297,5910
193,47.42507409620601,-14.428492271707574,0.02466993982368303,0.0,33.021251764322116,-14.428492271707574,nan,0.01814167661927576,0.006528263204407274,47.78322896380665,-14.710221366257477,0.024373656748439623,0.0,33.09738125429761,-14.710221366257477,nan,1359.305666236077,0.04219364123746671,0.0,0.06362664889941033,32215.889085890358,46.0,46.0,,9.052789901818558e-05,,,,,,,5.549434271402005,,0,3.3674002578135886,8.219845596224227,inf,-inf,-0.16400291742390893,0.09170190069475685,-0.2174085157086763,0.17663219590887522,inf,-inf,1.7917644068527927,0.17066758137881688,0.17066758137881688,0.17066758137881688,784,2.931223978504844,1.7045670601204368,1.8788386056268407,,,-0.8984238456654783,5.602455812110881,0.5083579321820353,2.4410064046147193,0.3875689189031297,0.0,0.0,5.446450673301065,5.468786775198403,0.5418036095291179,3.3674002578135886,8.219845596224227,2.4410064046147193,0.3875689189031297,5910
194,47.565344444456784,-14.513888171355472,0.02475986939907632,0.0,33.076216142500385,-14.513888171355472,nan,0.018235951721161322,0.006523917677915003,47.78322896380665,-14.710221366257477,0.024373656748439623,0.0,33.09738125429761,-14.710221366257477,nan,1198.6893428465144,0.09025467036801106,0.0,0.11626129115688136,13281.18908372154,46.0,46.0,,8.917137753776574e-05,,,,,,,5.549434271402005,,0,3.3674002578135886,8.219845596224227,inf,-inf,-0.1757851329496361,0.15863564150444442,-0.19391735847328262,0.24895798860989982,inf,-inf,1.7913024665166881,0.17090137633648145,0.17090137633648145,0.17090137633648145,784,2.931223978504844,1.7045670601204368,1.8788386056268407,,,-0.8984238456654783,5.602455812110881,0.5083579321820353,2.4410064046147193,0.3875689189031297,0.0,0.0,5.446450673301065,5.468786775198403,0.5418036095291179,3.3674002578135886,8.219845596224227,2.4410064046147193,0.3875689189031297,5910
195,47.54872977155765,-14.545977742146064,0.02484318632187764,0.0,33.02759521573346,-14.545977742146064,nan,0.018325617850727442,0.006517568471150203,47.58568455927545,-14.242556593332626,0.024841209231491468,0.0,33.367969175174316,-14.242556593332626,nan,1114.962431948616,0.04745846278133313,0.0,0.07170021993493467,23493.437557930447,46.0,46.0,,8.78220749076201e-05,,,,,,,5.478957132927244,,0,3.295854749601353,8.138665683038846,inf,-inf,-0.15516340624744,0.12660986365738675,-0.18775352884907212,0.21959390726371053,inf,-inf,1.7920106458022038,0.17080801675700064,0.17080801675700064,0.17080801675700064,784,2.920884359787032,1.7013986948212771,1.8777166659939102,,,-0.9109093208754987,5.532282503235997,0.5098549581711043,2.4693641866417964,0.392585145251963,0.0,0.0,5.37531830125624,5.395942884641702,0.5429666722158699,3.295854749601353,8.138665683038846,2.4693641866417964,0.392585145251963,5910
196,47.450234757988184,-14.53301658508043,0.02486900679793162,0.0,32.94208717970568,-14.53301658508043,nan,0.01838410625065801,0.006484900547273606,47.58568455927545,-14.242556593332626,0.024841209231491468,0.0,33.367969175174316,-14.242556593332626,nan,1058.8697459825075,0.045067122496475195,0.0,0.06604155083644156,23495.392812472644,46.0,46.0,,8.648013909398721e-05,,,,,,,5.478957132927244,,0,3.295854749601353,8.138665683038846,inf,-inf,-0.1643046098058467,0.09437754144291102,-0.17605672866065444,0.15219573933806751,inf,-inf,1.7915226000087943,0.17073784177403264,0.17073784177403264,0.17073784177403264,784,2.920884359787032,1.7013986948212771,1.8777166659939102,,,-0.9109093208754987,5.532282503235997,0.5098549581711043,2.4693641866417964,0.392585145251963,0.0,0.0,5.37531830125624,5.395942884641702,0.5429666722158699,3.295854749601353,8.138665683038846,2.4693641866417964,0.392585145251963,5910
197,47.46131556167143,-14.05952117266362,0.02498289570997555,0.0,33.42677728471778,-14.05952117266362,nan,0.018487362958477197,0.006495532751498359,47.58568455927545,-14.242556593332626,0.024841209231491468,0.0,33.367969175174316,-14.242556593332626,nan,1850.3033387388139,0.09809398833194845,0.0,0.16047767315879263,18862.555903807457,46.0,46.0,,8.514571725525128e-05,,,,,,,5.478957132927244,,0,3.295854749601353,8.138665683038846,inf,-inf,-0.23510812357187003,0.17108713605316944,-0.26479484213090126,0.19238276660014658,inf,-inf,1.7882258143942495,0.17082188347249072,0.17082188347249072,0.17082188347249072,784,2.920884359787032,1.7013986948212771,1.8777166659939102,,,-0.9109093208754987,5.532282503235997,0.5098549581711043,2.4693641866417964,0.392585145251963,0.0,0.0,5.37531830125624,5.395942884641702,0.5429666722158699,3.295854749601353,8.138665683038846,2.4693641866417964,0.392585145251963,5910
198,47.56899766735024,-14.250441228906325,0.025155008301104446,0.0,33.34371144674502,-14.250441228906325,nan,0.01861721781082689,0.006537790490277565,47.58568455927545,-14.242556593332626,0.024841209231491468,0.0,33.367969175174316,-14.242556593332626,nan,1483.7182009591093,0.07934378565804392,0.0,0.11780827724627106,18699.86651952356,46.0,46.0,,8.38189557258046e-05,,,,,,,5.478957132927244,,0,3.295854749601353,8.138665683038846,inf,-inf,-0.21601064483556004,0.1475851844710612,-0.25275830884826417,0.1830253903659681,inf,-inf,1.787626019958397,0.17088715442130556,0.17088715442130556,0.17088715442130556,784,2.920884359787032,1.7013986948212771,1.8777166659939102,,,-0.9109093208754987,5.532282503235997,0.5098549581711043,2.4693641866417964,0.392585145251963,0.0,0.0,5.37531830125624,5.395942884641702,0.5429666722158699,3.295854749601353,8.138665683038846,2.4693641866417964,0.392585145251963,5910
199,47.33078318664767,-14.456697915776997,0.02526750392485095,0.0,32.899352774795524,-14.456697915776997,nan,0.018722725670880066,0.006544778253970891,47.58568455927545,-14.242556593332626,0.024841209231491468,0.0,33.367969175174316,-14.242556593332626,nan,1221.9997717955923,0.04479686065527357,0.0,0.06806860632589384,27278.692165490756,46.0,46.0,,8.249999999999999e-05,,,,,,,5.478957132927244,,0,3.295854749601353,8.138665683038846,inf,-inf,-0.16013162403724424,0.0952334389653462,-0.19065162632784077,0.18517425739147236,inf,-inf,1.7892019858150363,0.17073559673405728,0.17073559673405728,0.17073559673405728,784,2.920884359787032,1.7013986948212771,1.8777166659939102,,,-0.9109093208754987,5.532282503235997,0.5098549581711043,2.4693641866417964,0.392585145251963,0.0,0.0,5.37531830125624,5.395942884641702,0.5429666722158699,3.295854749601353,8.138665683038846,2.4693641866417964,0.392585145251963,5910
200,47.34854071568715,-14.507943043133297,0.02529311857553203,0.0,32.86589079112939,-14.507943043133297,nan,0.018784911142180578,0.006508207433351455,48.25979656126175,-14.991411011625349,0.025275587827827083,0.0,33.293661137464234,-14.991411011625349,nan,1236.1121578673724,0.03453118299298763,0.0,0.0503718512725726,35796.98263214423,46.0,46.0,,8.118899471619618e-05,,,,,,,5.412640370948869,,0,3.227052362426673,8.065886988889083,inf,-inf,-0.17362727391726132,0.09367602455730584,-0.16808694969242655,0.16692544949609806,inf,-inf,1.7893658268329247,0.17062940903811447,0.17062940903811447,0.17062940903811447,784,2.9109796692872467,1.6983678856661362,1.8764427129080945,,,-0.9228259765077766,5.466002682090915,0.5111538401460399,2.4994595943970714,0.39784612045559176,0.0,0.0,5.307808091332755,5.328882334152405,0.5438406164361839,3.227052362426673,8.065886988889083,2.4994595943970714,0.39784612045559176,5910
201,47.462532123932434,-14.371213449593768,0.025333286563413545,0.0,33.11665196090208,-14.371213449593768,nan,0.018846349482897335,0.00648693708051621,48.25979656126175,-14.991411011625349,0.025275587827827083,0.0,33.293661137464234,-14.991411011625349,nan,1436.2539970042274,0.06332640991031145,0.0,0.09747941016452388,22680.17402278732,46.0,46.0,,7.988608364089617e-05,,,,,,,5.412640370948869,,0,3.227052362426673,8.065886988889083,inf,-inf,-0.19459208811499676,0.1190714445231233,-0.21891229126306944,0.17488922161013082,inf,-inf,1.787384478166435,0.1707407031635694,0.1707407031635694,0.1707407031635694,784,2.9109796692872467,1.6983678856661362,1.8764427129080945,,,-0.9228259765077766,5.466002682090915,0.5111538401460399,2.4994595943970714,0.39784612045559176,0.0,0.0,5.307808091332755,5.328882334152405,0.5438406164361839,3.227052362426673,8.065886988889083,2.4994595943970714,0.39784612045559176,5910
202,47.34024685471975,-14.495468971906257,0.02541039689394011,0.0,32.870188279707435,-14.495468971906257,nan,0.01892654667944416,0.0064838502144959455,48.25979656126175,-14.991411011625349,0.025275587827827083,0.0,33.293661137464234,-14.991411011625349,nan,1278.9417822316009,0.039565591290763376,0.0,0.05202648586923761,32324.596714169948,46.0,46.0,,7.859140965298178e-05,,,,,,,5.412640370948869,,0,3.227052362426673,8.065886988889083,inf,-inf,-0.14661000616838266,0.10329532582187273,-0.18462507820086155,0.16246292006341198,inf,-inf,1.788318533699448,0.17056674090911614,0.17056674090911614,0.17056674090911614,784,2.9109796692872467,1.6983678856661362,1.8764427129080945,,,-0.9228259765077766,5.466002682090915,0.5111538401460399,2.4994595943970714,0.39784612045559176,0.0,0.0,5.307808091332755,5.328882334152405,0.5438406164361839,3.227052362426673,8.065886988889083,2.4994595943970714,0.39784612045559176,5910
203,47.539690399895605,-14.596952938709395,0.025427891341175252,0.0,32.968165352527386,-14.596952938709395,nan,0.01897611227152961,0.006451779069645647,48.25979656126175,-14.991411011625349,0.025275587827827083,0.0,33.293661137464234,-14.991411011625349,nan,1075.9601983885443,0.03695752176293033,0.0,0.053941911503782886,29113.42933897071,46.0,46.0,,7.730511472804555e-05,,,,,,,5.412640370948869,,0,3.227052362426673,8.065886988889083,inf,-inf,-0.14292112062761753,0.07269388218499426,-0.17728616419682616,0.15318445898500127,inf,-inf,1.787586664260067,0.1705531626193495,0.1705531626193495,0.1705531626193495,784,2.9109796692872467,1.6983678856661362,1.8764427129080945,,,-0.9228259765077766,5.466002682090915,0.5111538401460399,2.4994595943970714,0.39784612045559176,0.0,0.0,5.307808091332755,5.328882334152405,0.5438406164361839,3.227052362426673,8.065886988889083,2.4994595943970714,0.39784612045559176,5910
204,47.58699338903275,-14.491941818454707,0.02544603587888055,0.0,33.12049760645692,-14.491941818454707,nan,0.019023045414418217,0.006422990464462335,48.25979656126175,-14.991411011625349,0.025275587827827083,0.0,33.293661137464234,-14.991411011625349,nan,1222.2221778946255,0.04642960502862269,0.0,0.07028760595149365,26324.199336633512,46.0,46.0,,7.602733992282116e-05,,,,,,,5.412640370948869,,0,3.227052362426673,8.065886988889083,inf,-inf,-0.15649839066823432,0.0883351396672089,-0.20037677004447244,0.16593050708165094,inf,-inf,1.7865704534292355,0.17053437589921472,0.17053437589921472,0.17053437589921472,784,2.9109796692872467,1.6983678856661362,1.8764427129080945,,,-0.9228259765077766,5.466002682090915,0.5111538401460399,2.4994595943970714,0.39784612045559176,0.0,0.0,5.307808091332755,5.328882334152405,0.5438406164361839,3.227052362426673,8.065886988889083,2.4994595943970714,0.39784612045559176,5910
205,47.44434991788289,-14.463150043128861,0.025532593183824517,0.0,33.00673246793785,-14.463150043128861,nan,0.019105417594254083,0.0064271755895704465,47.58880273438265,-14.371065292458756,0.025556902568170767,0.0,33.24329434449206,-14.371065292458756,nan,1259.2849105127843,0.05659686375682445,0.0,0.08802420720309505,22250.082900767444,46.0,46.0,,7.475822535971515e-05,,,,,,,5.364040944763639,,0,3.1799237131296763,8.00582918811921,inf,-inf,-0.1599010417980268,0.14815371823380669,-0.1963906510647381,0.1877702112591351,inf,-inf,1.7849610974334142,0.17053351499402153,0.17053351499402153,0.17053351499402153,784,2.9027623488613155,1.69585596085196,1.875074642879385,,,-0.9318047511897622,5.4175967993649685,0.5129523269697279,2.5176167450381643,0.40098961847105585,0.0,0.0,5.258344024996961,5.279653733145322,0.5453662881207261,3.1799237131296763,8.00582918811921,2.5176167450381643,0.40098961847105585,5910
206,47.58579837868666,-14.480366873901527,0.025608601736076042,0.0,33.131040106521205,-14.480366873901527,nan,0.01918403124120164,0.006424570494874407,47.58880273438265,-14.371065292458756,0.025556902568170767,0.0,33.24329434449206,-14.371065292458756,nan,1191.7487665895478,0.056341259931918165,0.0,0.08095557063378778,21152.32722927455,46.0,46.0,,7.349791021144112e-05,,,,,,,5.364040944763639,,0,3.1799237131296763,8.00582918811921,inf,-inf,-0.16757556105018825,0.11127155094137453,-0.20952839052121566,0.17633565756208433,inf,-inf,1.7842020046765517,0.17049212938408,0.17049212938408,0.17049212938408,784,2.9027623488613155,1.69585596085196,1.875074642879385,,,-0.9318047511897622,5.4175967993649685,0.5129523269697279,2.5176167450381643,0.40098961847105585,0.0,0.0,5.258344024996961,5.279653733145322,0.5453662881207261,3.1799237131296763,8.00582918811921,2.5176167450381643,0.40098961847105585,5910
207,47.677217869471136,-14.381600062490248,0.02570746472996801,0.0,33.321325271710855,-14.381600062490248,nan,0.019271303721458882,0.006436161008509125,47.58880273438265,-14.371065292458756,0.025556902568170767,0.0,33.24329434449206,-14.371065292458756,nan,1370.2581583928297,0.056924563413680844,0.0,0.08796264566915221,24071.47417951934,46.0,46.0,,7.224653268575744e-05,,,,,,,5.364040944763639,,0,3.1799237131296763,8.00582918811921,inf,-inf,-0.17580580046884398,0.12404184814802106,-0.20663675547149443,0.16706319537888203,inf,-inf,1.7831029934370723,0.170502450559174,0.170502450559174,0.170502450559174,784,2.9027623488613155,1.69585596085196,1.875074642879385,,,-0.9318047511897622,5.4175967993649685,0.5129523269697279,2.5176167450381643,0.40098961847105585,0.0,0.0,5.258344024996961,5.279653733145322,0.5453662881207261,3.1799237131296763,8.00582918811921,2.5176167450381643,0.40098961847105585,5910
208,47.709985411880915,-14.538885446249846,0.025772996117498302,0.0,33.19687296174857,-14.538885446249846,nan,0.01934284771937525,0.006430148398123052,47.58880273438265,-14.371065292458756,0.025556902568170767,0.0,33.24329434449206,-14.371065292458756,nan,1076.6412781053214,0.047894176168880476,0.0,0.07649377112213228,22479.586543235615,46.0,46.0,,7.100423001031158e-05,,,,,,,5.364040944763639,,0,3.1799237131296763,8.00582918811921,inf,-inf,-0.18836158656760887,0.11001093690600713,-0.20180033729338612,0.1825745197948761,inf,-inf,1.782712299197275,0.17041726604237054,0.17041726604237054,0.17041726604237054,784,2.9027623488613155,1.69585596085196,1.875074642879385,,,-0.9318047511897622,5.4175967993649685,0.5129523269697279,2.5176167450381643,0.40098961847105585,0.0,0.0,5.258344024996961,5.279653733145322,0.5453662881207261,3.1799237131296763,8.00582918811921,2.5176167450381643,0.40098961847105585,5910
209,47.48643384849503,-14.492822356489418,0.025835364767525806,0.0,33.019446856773136,-14.492822356489418,nan,0.019414277596460777,0.006421087171065036,47.58880273438265,-14.371065292458756,0.025556902568170767,0.0,33.24329434449206,-14.371065292458756,nan,1263.547623449954,0.040789716082391514,0.0,0.06298731605459566,30977.112488297364,46.0,46.0,,6.977113841759144e-05,,,,,,,5.364040944763639,,0,3.1799237131296763,8.00582918811921,inf,-inf,-0.15053262301567757,0.07740485507716878,-0.19527445973023472,0.16718292993418413,inf,-inf,1.782682444022807,0.17032704536305712,0.17032704536305712,0.17032704536305712,784,2.9027623488613155,1.69585596085196,1.875074642879385,,,-0.9318047511897622,5.4175967993649685,0.5129523269697279,2.5176167450381643,0.40098961847105585,0.0,0.0,5.258344024996961,5.279653733145322,0.5453662881207261,3.1799237131296763,8.00582918811921,2.5176167450381643,0.40098961847105585,5910
210,47.49374425365313,-14.503633119457568,0.02587069305032373,0.0,33.01598182724588,-14.503633119457568,nan,0.019472277435783843,0.006398415614539881,47.62360022930504,-14.587569478137649,0.025876255370057298,0.0,33.061907006537446,-14.587569478137649,nan,1197.2106415211385,0.040930499356355024,0.0,0.058832470237820754,29249.842057821243,46.0,46.0,,6.854739312998572e-05,,,,,,,5.314108434681409,,0,3.1386048278661813,7.948107888524787,inf,-inf,-0.16798942929193267,0.08098097673586148,-0.18805489121101737,0.16969587834208716,inf,-inf,1.7817807968781316,0.1703172831670367,0.1703172831670367,0.1703172831670367,784,2.8947154728698825,1.693386376521323,1.8736703429531205,,,-0.9411066547269793,5.367076273303471,0.5145899494096076,2.53236973892263,0.4035271151884634,0.0,0.0,5.207715153989205,5.229993759139964,0.5466139870614166,3.1386048278661813,7.948107888524787,2.53236973892263,0.4035271151884634,5910
211,47.38588185276672,-14.634396028709885,0.02591364484330954,0.0,32.77739946890014,-14.634396028709885,nan,0.019528382890704212,0.006385261952605325,47.62360022930504,-14.587569478137649,0.025876255370057298,0.0,33.061907006537446,-14.587569478137649,nan,934.4697293543305,0.04727470341157863,0.0,0.06426556177948016,19766.80257978008,46.0,46.0,,6.733312834495569e-05,,,,,,,5.314108434681409,,0,3.1386048278661813,7.948107888524787,inf,-inf,-0.13681294004755218,0.09184024866005787,-0.1605356399156231,0.17009096462757606,inf,-inf,1.7809603584937899,0.17032510946830764,0.17032510946830764,0.17032510946830764,784,2.8947154728698825,1.693386376521323,1.8736703429531205,,,-0.9411066547269793,5.367076273303471,0.5145899494096076,2.53236973892263,0.4035271151884634,0.0,0.0,5.207715153989205,5.229993759139964,0.5466139870614166,3.1386048278661813,7.948107888524787,2.53236973892263,0.4035271151884634,5910
212,47.529416169816464,-14.565950816335022,0.02596097734425487,0.0,32.989426330825694,-14.565950816335022,nan,0.019589729440728364,0.006371247903526504,47.62360022930504,-14.587569478137649,0.025876255370057298,0.0,33.061907006537446,-14.587569478137649,nan,1106.5975913250215,0.03929840514318728,0.0,0.055655905430333365,28158.84225563438,46.0,46.0,,6.612847722031848e-05,,,,,,,5.314108434681409,,0,3.1386048278661813,7.948107888524787,inf,-inf,-0.17029466440752922,0.10106266611995557,-0.20848130165279868,0.18820452415039327,inf,-inf,1.780718900959563,0.17023638246629863,0.17023638246629863,0.17023638246629863,784,2.8947154728698825,1.693386376521323,1.8736703429531205,,,-0.9411066547269793,5.367076273303471,0.5145899494096076,2.53236973892263,0.4035271151884634,0.0,0.0,5.207715153989205,5.229993759139964,0.5466139870614166,3.1386048278661813,7.948107888524787,2.53236973892263,0.4035271151884634,5910
213,47.313518606941045,-14.439036335190869,0.025986666443891023,0.0,32.90046893819407,-14.439036335190869,nan,0.01963860542801268,0.006348061015878343,47.62360022930504,-14.587569478137649,0.025876255370057298,0.0,33.061907006537446,-14.587569478137649,nan,1383.3883929392384,0.043949866254707495,0.0,0.06732991972852574,31476.50973320227,46.0,46.0,,6.493357185964504e-05,,,,,,,5.314108434681409,,0,3.1386048278661813,7.948107888524787,inf,-inf,-0.1575101682969282,0.12473274298193776,-0.2024815807163732,0.1438405291894751,inf,-inf,1.7796987200381558,0.17028713422503075,0.17028713422503075,0.17028713422503075,784,2.8947154728698825,1.693386376521323,1.8736703429531205,,,-0.9411066547269793,5.367076273303471,0.5145899494096076,2.53236973892263,0.4035271151884634,0.0,0.0,5.207715153989205,5.229993759139964,0.5466139870614166,3.1386048278661813,7.948107888524787,2.53236973892263,0.4035271151884634,5910
214,47.479461247683155,-14.371936187177463,0.026062473914211733,0.0,33.1335875344199,-14.371936187177463,nan,0.01971090956381095,0.006351564350400773,47.62360022930504,-14.587569478137649,0.025876255370057298,0.0,33.061907006537446,-14.587569478137649,nan,1394.9721158665243,0.04474716459394583,0.0,0.07423870997127727,31174.53649912961,46.0,46.0,,6.374854329777363e-05,,,,,,,5.314108434681409,,0,3.1386048278661813,7.948107888524787,inf,-inf,-0.15042487990346531,0.10656843880113193,-0.2220793375281093,0.13168900487159546,inf,-inf,1.779332275823592,0.1702802716454473,0.1702802716454473,0.1702802716454473,784,2.8947154728698825,1.693386376521323,1.8736703429531205,,,-0.9411066547269793,5.367076273303471,0.5145899494096076,2.53236973892263,0.4035271151884634,0.0,0.0,5.207715153989205,5.229993759139964,0.5466139870614166,3.1386048278661813,7.948107888524787,2.53236973892263,0.4035271151884634,5910
215,47.65868565700908,-14.334218422398365,0.026154543539318,0.0,33.350621778150035,-14.334218422398365,nan,0.019790777006281828,0.0063637665330361646,48.56867039868298,-14.93841094010335,0.026174201108070554,0.0,33.6564336596877,-14.93841094010335,nan,1434.6896751368079,0.0537104018479969,0.0,0.08667368283615114,26711.57961537973,46.0,46.0,,6.257352148644002e-05,,,,,,,5.268646235735082,,0,3.0975467338726834,7.884481385475881,inf,-inf,-0.17311651068670803,0.1365531424246651,-0.22297243150545568,0.20305629797694094,inf,-inf,1.7785892440262243,0.17026060446342828,0.17026060446342828,0.17026060446342828,784,2.8862861074479245,1.6908052172990253,1.8726439243269186,,,-0.949613491228933,5.320546245243847,0.5161367352518365,2.5453954573974644,0.405755264717393,0.0,0.0,5.16104338873929,5.185197487084941,0.5480339911129564,3.0975467338726834,7.884481385475881,2.5453954573974644,0.405755264717393,5910
216,47.59127943230975,-14.442519277912114,0.02620657147178418,0.0,33.17496672586942,-14.442519277912114,nan,0.019852916780740918,0.006353654691043264,48.56867039868298,-14.93841094010335,0.026174201108070554,0.0,33.6564336596877,-14.93841094010335,nan,1293.7970278340106,0.044099109140219854,0.0,0.06310221088877327,29338.39374668965,46.0,46.0,,6.140863528002722e-05,,,,,,,5.268646235735082,,0,3.0975467338726834,7.884481385475881,inf,-inf,-0.15713044441059895,0.16315449176152003,-0.19001989682230605,0.1769766097971838,inf,-inf,1.7783172668296001,0.17018298201164694,0.17018298201164694,0.17018298201164694,784,2.8862861074479245,1.6908052172990253,1.8726439243269186,,,-0.949613491228933,5.320546245243847,0.5161367352518365,2.5453954573974644,0.405755264717393,0.0,0.0,5.16104338873929,5.185197487084941,0.5480339911129564,3.0975467338726834,7.884481385475881,2.5453954573974644,0.405755264717393,5910
217,47.45141005403058,-14.548387963302005,0.026261502359848553,0.0,32.92928359308843,-14.548387963302005,nan,0.019918575634385812,0.006342926725462743,48.56867039868298,-14.93841094010335,0.026174201108070554,0.0,33.6564336596877,-14.93841094010335,nan,936.5628716453332,0.055121834758637835,0.0,0.0810125278532403,16990.778259581966,46.0,46.0,,6.025401242143478e-05,,,,,,,5.268646235735082,,0,3.0975467338726834,7.884481385475881,inf,-inf,-0.14317334800008,0.16037757247325238,-0.19780222716402254,0.18582329602572384,inf,-inf,1.7763419914793268,0.17019703560015087,0.17019703560015087,0.17019703560015087,784,2.8862861074479245,1.6908052172990253,1.8726439243269186,,,-0.949613491228933,5.320546245243847,0.5161367352518365,2.5453954573974644,0.405755264717393,0.0,0.0,5.16104338873929,5.185197487084941,0.5480339911129564,3.0975467338726834,7.884481385475881,2.5453954573974644,0.405755264717393,5910
218,47.592309474419835,-14.365999974097814,0.026337830353966852,0.0,33.252647330675984,-14.365999974097814,nan,0.01999420486553054,0.006343625488436313,48.56867039868298,-14.93841094010335,0.026174201108070554,0.0,33.6564336596877,-14.93841094010335,nan,1447.5153326422246,0.04896803810220532,0.0,0.07607089096260944,29560.411009748714,46.0,46.0,,5.9109779528070484e-05,,,,,,,5.268646235735082,,0,3.0975467338726834,7.884481385475881,inf,-inf,-0.1726752817380498,0.11973491798978396,-0.21987018465580155,0.15293923511908492,inf,-inf,1.7760185991272055,0.17016238181670068,0.17016238181670068,0.17016238181670068,784,2.8862861074479245,1.6908052172990253,1.8726439243269186,,,-0.949613491228933,5.320546245243847,0.5161367352518365,2.5453954573974644,0.405755264717393,0.0,0.0,5.16104338873929,5.185197487084941,0.5480339911129564,3.0975467338726834,7.884481385475881,2.5453954573974644,0.405755264717393,5910
219,47.40857289115082,-14.46042416529844,0.02639309805999822,0.0,32.974541823912375,-14.46042416529844,nan,0.020057384326362202,0.006335713733636024,48.56867039868298,-14.93841094010335,0.026174201108070554,0.0,33.6564336596877,-14.93841094010335,nan,1270.1850921807259,0.04224203814886209,0.0,0.055682672440022986,30069.218907112365,46.0,46.0,,5.7976062077965586e-05,,,,,,,5.268646235735082,,0,3.0975467338726834,7.884481385475881,inf,-inf,-0.17631473820305968,0.12400806828594148,-0.2118911626353441,0.1782119579512155,inf,-inf,1.7763024192135628,0.1700861899382529,0.1700861899382529,0.1700861899382529,784,2.8862861074479245,1.6908052172990253,1.8726439243269186,,,-0.949613491228933,5.320546245243847,0.5161367352518365,2.5453954573974644,0.405755264717393,0.0,0.0,5.16104338873929,5.185197487084941,0.5480339911129564,3.0975467338726834,7.884481385475881,2.5453954573974644,0.405755264717393,5910
220,47.46533876085164,-14.355518338566007,0.02643990165786334,0.0,33.136260323943496,-14.355518338566007,nan,0.02011447881193539,0.0063254228459279456,48.419600003272556,-15.029714188347903,0.026456553800747414,0.0,33.4163423687254,-15.029714188347903,nan,1399.5355867003652,0.054664420410967314,0.0,0.0813888254591763,25602.31273246202,46.0,46.0,,5.685298439601424e-05,,,,,,,5.2254540713814555,,0,3.0563691970774984,7.826081775075572,inf,-inf,-0.161576260366391,0.10771031507335056,-0.2305829000744179,0.16250720064100968,inf,-inf,1.7754369960611573,0.1701491494023664,0.1701491494023664,0.1701491494023664,784,2.8787897896534163,1.688502397212101,1.871473229167972,,,-0.9578106706471768,5.276665068709892,0.5174906325183954,2.5605812879408925,0.4083385674556356,0.0,0.0,5.117015508930333,5.14280660826182,0.5493147108752614,3.0563691970774984,7.826081775075572,2.5605812879408925,0.4083385674556356,5910
221,47.39235282767513,-14.514760165616194,0.02649606378538062,0.0,32.90408872584432,-14.514760165616194,nan,0.020172918177647114,0.006323145607733504,48.419600003272556,-15.029714188347903,0.026456553800747414,0.0,33.4163423687254,-15.029714188347903,nan,1171.4329893196953,0.035812428934101435,0.0,0.04968278633665307,32710.235641242118,46.0,46.0,,5.5740669640340166e-05,,,,,,,5.2254540713814555,,0,3.0563691970774984,7.826081775075572,inf,-inf,-0.13824897298090738,0.10746892307328888,-0.1929441129645368,0.1905527268742145,inf,-inf,1.7755423037125813,0.17006991483168488,0.17006991483168488,0.17006991483168488,784,2.8787897896534163,1.688502397212101,1.871473229167972,,,-0.9578106706471768,5.276665068709892,0.5174906325183954,2.5605812879408925,0.4083385674556356,0.0,0.0,5.117015508930333,5.14280660826182,0.5493147108752614,3.0563691970774984,7.826081775075572,2.5605812879408925,0.4083385674556356,5910
222,47.43001782781029,-14.025970756958941,0.026583319028065516,0.0,33.43063038987941,-14.025970756958941,nan,0.02025083479175298,0.006332484236312537,48.419600003272556,-15.029714188347903,0.026456553800747414,0.0,33.4163423687254,-15.029714188347903,nan,1957.1683647254474,0.08251640188242684,0.0,0.12450765270371074,23718.537406831078,46.0,46.0,,5.463923978879106e-05,,,,,,,5.2254540713814555,,0,3.0563691970774984,7.826081775075572,inf,-inf,-0.18596352248295256,0.11772217871487348,-0.22384597397163922,0.15096780152452718,inf,-inf,1.773787378017452,0.17024757724402154,0.17024757724402154,0.17024757724402154,784,2.8787897896534163,1.688502397212101,1.871473229167972,,,-0.9578106706471768,5.276665068709892,0.5174906325183954,2.5605812879408925,0.4083385674556356,0.0,0.0,5.117015508930333,5.14280660826182,0.5493147108752614,3.0563691970774984,7.826081775075572,2.5605812879408925,0.4083385674556356,5910
223,47.66419345671252,-14.629566946648572,0.02668354079612293,0.0,33.061310050860065,-14.629566946648572,nan,0.020337627204156643,0.006345913591966289,48.419600003272556,-15.029714188347903,0.026456553800747414,0.0,33.4163423687254,-15.029714188347903,nan,890.1700864697608,0.03603583452387992,0.0,0.0538830027308483,24702.358034191504,46.0,46.0,,5.3548815625562027e-05,,,,,,,5.2254540713814555,,0,3.0563691970774984,7.826081775075572,inf,-inf,-0.1448540593149599,0.09692349701760548,-0.15802891752871115,0.12498808647378937,inf,-inf,1.7751185161000003,0.1701111729964408,0.1701111729964408,0.1701111729964408,784,2.8787897896534163,1.688502397212101,1.871473229167972,,,-0.9578106706471768,5.276665068709892,0.5174906325183954,2.5605812879408925,0.4083385674556356,0.0,0.0,5.117015508930333,5.14280660826182,0.5493147108752614,3.0563691970774984,7.826081775075572,2.5605812879408925,0.4083385674556356,5910
224,47.35659320816242,-14.558526353795788,0.0267050447316271,0.0,32.824771899098266,-14.558526353795788,nan,0.020384118712876067,0.006320926018751038,48.419600003272556,-15.029714188347903,0.026456553800747414,0.0,33.4163423687254,-15.029714188347903,nan,1140.0469385846466,0.03993378074903644,0.0,0.055704317972934174,28548.434863937964,46.0,46.0,,5.2469516727950645e-05,,,,,,,5.2254540713814555,,0,3.0563691970774984,7.826081775075572,inf,-inf,-0.1511148087766127,0.13239110994277475,-0.17064999787708432,0.16911093169017838,inf,-inf,1.7747505160664805,0.17002781961882682,0.17002781961882682,0.17002781961882682,784,2.8787897896534163,1.688502397212101,1.871473229167972,,,-0.9578106706471768,5.276665068709892,0.5174906325183954,2.5605812879408925,0.4083385674556356,0.0,0.0,5.117015508930333,5.14280660826182,0.5493147108752614,3.0563691970774984,7.826081775075572,2.5605812879408925,0.4083385674556356,5910
225,47.55225275165116,-14.474216791993436,0.026733492008732283,0.0,33.104769451666456,-14.474216791993436,nan,0.020428526449850947,0.006304965558881339,47.68694377874826,-14.239769432371215,0.026721064597286067,0.0,33.47389541097433,-14.239769432371215,nan,1306.299282683865,0.03689322611774104,0.0,0.05064131417540269,35407.56448121239,46.0,46.0,,5.1401461453243575e-05,,,,,,,5.185028626899919,,0,3.019102708297231,7.778129612716714,inf,-inf,-0.1783679407141759,0.1443316668946857,-0.22198476094989553,0.18336247006178377,inf,-inf,1.774473949250686,0.16996946817244102,0.16996946817244102,0.16996946817244102,784,2.871655959127984,1.6863080088767528,1.870428656843756,,,-0.96553276334029,5.23445698174592,0.5186509650091657,2.576305069496482,0.4109972880955004,0.0,0.0,5.076066635045223,5.102012954740229,0.5503699171085172,3.019102708297231,7.778129612716714,2.576305069496482,0.4109972880955004,5910
226,47.65292910862278,-14.41325484427776,0.02675835804344774,0.0,33.266432622388464,-14.41325484427776,nan,0.02047118506561222,0.006287172977835518,47.68694377874826,-14.239769432371215,0.026721064597286067,0.0,33.47389541097433,-14.239769432371215,nan,1396.9541562130805,0.0440961970678333,0.0,0.06621332962889957,31679.696869644842,46.0,46.0,,5.0344766925737514e-05,,,,,,,5.185028626899919,,0,3.019102708297231,7.778129612716714,inf,-inf,-0.17242566701496242,0.15662920359896282,-0.2147915981245565,0.13886265175469586,inf,-inf,1.7732760586367984,0.1699329086517079,0.1699329086517079,0.1699329086517079,784,2.871655959127984,1.6863080088767528,1.870428656843756,,,-0.96553276334029,5.23445698174592,0.5186509650091657,2.576305069496482,0.4109972880955004,0.0,0.0,5.076066635045223,5.102012954740229,0.5503699171085172,3.019102708297231,7.778129612716714,2.576305069496482,0.4109972880955004,5910
227,47.310060543101216,-14.033835253037429,0.02683773159626494,0.0,33.30306302166005,-14.033835253037429,nan,0.020540631406039924,0.006297100190225008,47.68694377874826,-14.239769432371215,0.026721064597286067,0.0,33.47389541097433,-14.239769432371215,nan,1965.6645176230174,0.07066017426440876,0.0,0.10916003752084885,27818.563116863334,46.0,46.0,,4.929954902389538e-05,,,,,,,5.185028626899919,,0,3.019102708297231,7.778129612716714,inf,-inf,-0.1858648703083877,0.17762306074657716,-0.235792330940691,0.18903337223552594,inf,-inf,1.7713294368561026,0.1700200774762093,0.1700200774762093,0.1700200774762093,784,2.871655959127984,1.6863080088767528,1.870428656843756,,,-0.96553276334029,5.23445698174592,0.5186509650091657,2.576305069496482,0.4109972880955004,0.0,0.0,5.076066635045223,5.102012954740229,0.5503699171085172,3.019102708297231,7.778129612716714,2.576305069496482,0.4109972880955004,5910
228,47.59066322845054,-14.213375041750435,0.02696876251917452,0.0,33.404256949219274,-14.213375041750435,nan,0.020637553371617587,0.00633120914755694,47.68694377874826,-14.239769432371215,0.026721064597286067,0.0,33.47389541097433,-14.239769432371215,nan,1534.9824331870143,0.059347565116218644,0.0,0.10195356523507183,25864.286600151194,46.0,46.0,,4.826592236763859e-05,,,,,,,5.185028626899919,,0,3.019102708297231,7.778129612716714,inf,-inf,-0.2492934022280781,0.12775053441218917,-0.28535697406454225,0.16347517179991097,inf,-inf,1.770678422467433,0.1700561991555102,0.1700561991555102,0.1700561991555102,784,2.871655959127984,1.6863080088767528,1.870428656843756,,,-0.96553276334029,5.23445698174592,0.5186509650091657,2.576305069496482,0.4109972880955004,0.0,0.0,5.076066635045223,5.102012954740229,0.5503699171085172,3.019102708297231,7.778129612716714,2.576305069496482,0.4109972880955004,5910
229,47.65777671368755,-14.347665463245063,0.027069086394134252,0.0,33.33718033683662,-14.347665463245063,nan,0.020722185326350267,0.006346901067783992,47.68694377874826,-14.239769432371215,0.026721064597286067,0.0,33.47389541097433,-14.239769432371215,nan,1365.7497569487218,0.08154693721171852,0.0,0.13169819923935644,16748.020264732393,46.0,46.0,,4.724400030577784e-05,,,,,,,5.185028626899919,,0,3.019102708297231,7.778129612716714,inf,-inf,-0.18601383963264254,0.151860508559678,-0.2401188282115283,0.18327288214425985,inf,-inf,1.7699182524205153,0.17010140145454963,0.17010140145454963,0.17010140145454963,784,2.871655959127984,1.6863080088767528,1.870428656843756,,,-0.96553276334029,5.23445698174592,0.5186509650091657,2.576305069496482,0.4109972880955004,0.0,0.0,5.076066635045223,5.102012954740229,0.5503699171085172,3.019102708297231,7.778129612716714,2.576305069496482,0.4109972880955004,5910
230,47.421541150053926,-14.246735184256169,0.02719647032487477,0.0,33.20200243612263,-14.246735184256169,nan,0.020825051127528433,0.006371419197346345,47.139941811927535,-13.83689766105715,0.027200230287204898,0.0,33.33024438115759,-13.83689766105715,nan,1533.2732965523885,0.06282595491375344,0.0,0.08541743502573874,24405.093383096904,46.0,46.0,,4.623389490358338e-05,,,,,,,5.13104413505675,,0,2.9715554943126907,7.711601733573165,inf,-inf,-0.1882954674027058,0.14938417039408797,-0.23226791309890366,0.18472617869636995,inf,-inf,1.7705683823692675,0.17003675895001136,0.17003675895001136,0.17003675895001136,784,2.8626413060693796,1.683515158693034,1.869390023583079,,,-0.9756811212745228,5.179690873462283,0.5188670077316373,2.595139733493965,0.41416074709837,0.0,0.0,5.0212710596769385,5.048049912134196,0.5506233121294474,2.9715554943126907,7.711601733573165,2.595139733493965,0.41416074709837,5910
231,47.336286780159476,-14.523902084784778,0.027233416503260114,0.0,32.839618111877954,-14.523902084784778,nan,0.020876183252240735,0.006357233251019384,47.139941811927535,-13.83689766105715,0.027200230287204898,0.0,33.33024438115759,-13.83689766105715,nan,1178.8832860851842,0.03678615516615195,0.0,0.05087597606751435,32046.92854582178,46.0,46.0,,4.523571693049536e-05,,,,,,,5.13104413505675,,0,2.9715554943126907,7.711601733573165,inf,-inf,-0.17668481709946107,0.10667297915292093,-0.18454622582828276,0.1709557880821091,inf,-inf,1.7713549896886822,0.1699606813697473,0.1699606813697473,0.1699606813697473,784,2.8626413060693796,1.683515158693034,1.869390023583079,,,-0.9756811212745228,5.179690873462283,0.5188670077316373,2.595139733493965,0.41416074709837,0.0,0.0,5.0212710596769385,5.048049912134196,0.5506233121294474,2.9715554943126907,7.711601733573165,2.595139733493965,0.41416074709837,5910
232,47.474318375203936,-14.407882000480898,0.027248147158420163,0.0,33.09368452188146,-14.407882000480898,nan,0.020911259754630127,0.006336887403790022,47.139941811927535,-13.83689766105715,0.027200230287204898,0.0,33.33024438115759,-13.83689766105715,nan,1400.1109910360728,0.04626198958913675,0.0,0.06358902889651019,30264.82439408199,46.0,46.0,,4.42495758479769e-05,,,,,,,5.13104413505675,,0,2.9715554943126907,7.711601733573165,inf,-inf,-0.15998131386549255,0.09070312563745854,-0.20953265056841955,0.1694378698573953,inf,-inf,1.7713053880904783,0.1699445454909368,0.1699445454909368,0.1699445454909368,784,2.8626413060693796,1.683515158693034,1.869390023583079,,,-0.9756811212745228,5.179690873462283,0.5188670077316373,2.595139733493965,0.41416074709837,0.0,0.0,5.0212710596769385,5.048049912134196,0.5506233121294474,2.9715554943126907,7.711601733573165,2.595139733493965,0.41416074709837,5910
233,47.453735628566676,-14.443820664371447,0.02729396569477891,0.0,33.037208929890014,-14.443820664371447,nan,0.02096017924297313,0.006333786451805792,47.139941811927535,-13.83689766105715,0.027200230287204898,0.0,33.33024438115759,-13.83689766105715,nan,1315.9964683434853,0.04356888738330069,0.0,0.05968696121371422,30204.959258332754,46.0,46.0,,4.3275579797510595e-05,,,,,,,5.13104413505675,,0,2.9715554943126907,7.711601733573165,inf,-inf,-0.15341622395743884,0.09944593435071583,-0.19194298637265533,0.17449267653821926,inf,-inf,1.7708195894574268,0.16994880347124375,0.16994880347124375,0.16994880347124375,784,2.8626413060693796,1.683515158693034,1.869390023583079,,,-0.9756811212745228,5.179690873462283,0.5188670077316373,2.595139733493965,0.41416074709837,0.0,0.0,5.0212710596769385,5.048049912134196,0.5506233121294474,2.9715554943126907,7.711601733573165,2.595139733493965,0.41416074709837,5910
234,47.54136539153539,-14.502194689889143,0.027342554433726792,0.0,33.06651325607998,-14.502194689889143,nan,0.021009018544245677,0.006333535889481123,47.139941811927535,-13.83689766105715,0.027200230287204898,0.0,33.33024438115759,-13.83689766105715,nan,1081.0709779655351,0.06413603376333155,0.0,0.08555312352358593,16855.906337376528,46.0,46.0,,4.231383558873924e-05,,,,,,,5.13104413505675,,0,2.9715554943126907,7.711601733573165,inf,-inf,-0.15924722041799122,0.08948806989553389,-0.1946850465843201,0.2183956629369297,inf,-inf,1.7700590169680988,0.16994076518191287,0.16994076518191287,0.16994076518191287,784,2.8626413060693796,1.683515158693034,1.869390023583079,,,-0.9756811212745228,5.179690873462283,0.5188670077316373,2.595139733493965,0.41416074709837,0.0,0.0,5.0212710596769385,5.048049912134196,0.5506233121294474,2.9715554943126907,7.711601733573165,2.595139733493965,0.41416074709837,5910
235,47.39582863240562,-14.545136957517848,0.027402230995072278,0.0,32.87809390588284,-14.545136957517848,nan,0.021065778741753183,0.006336452253319102,47.99802814668084,-14.80909521981981,0.027401568347958243,0.0,33.21633449520898,-14.80909521981981,nan,1003.5167455955614,0.04170410720073117,0.0,0.06067005926515572,24062.779734509393,46.0,46.0,,4.136444868775326e-05,,,,,,,5.10113257648135,,0,2.9445771283277646,7.675335970911409,inf,-inf,-0.17594551488147198,0.11304330826452191,-0.17797089705995187,0.17001545645844487,inf,-inf,1.7696463006355665,0.16990580104450873,0.16990580104450873,0.16990580104450873,784,2.857294050904112,1.6818665754846835,1.868916352742236,,,-0.9815700214258889,5.149156184399027,0.5199562262886611,2.6066004171098953,0.4160744604184856,0.0,0.0,4.990926862777661,5.019552542598488,0.5514918222535271,2.9445771283277646,7.675335970911409,2.6066004171098953,0.4160744604184856,5910
236,47.323922213550524,-13.486191273585765,0.02750015528871683,0.0,33.86523109525347,-13.486191273585765,nan,0.02113694520650365,0.006363210082213194,47.99802814668084,-14.80909521981981,0.027401568347958243,0.0,33.21633449520898,-14.80909521981981,nan,2396.3801791235587,0.12397228855426028,0.0,0.21776608871827244,19329.96645516235,46.0,46.0,,4.0427523205524943e-05,,,,,,,5.10113257648135,,0,2.9445771283277646,7.675335970911409,inf,-inf,-0.27811706905319594,0.17677752111993994,-0.31638964334930064,0.23077238835483144,inf,-inf,1.766990169395718,0.1701298732613078,0.1701298732613078,0.1701298732613078,784,2.857294050904112,1.6818665754846835,1.868916352742236,,,-0.9815700214258889,5.149156184399027,0.5199562262886611,2.6066004171098953,0.4160744604184856,0.0,0.0,4.990926862777661,5.019552542598488,0.5514918222535271,2.9445771283277646,7.675335970911409,2.6066004171098953,0.4160744604184856,5910
237,47.403550846395184,-14.564339333981751,0.027662679012830708,0.0,32.86687419142626,-14.564339333981751,nan,0.02125088315826719,0.00641179585456352,47.99802814668084,-14.80909521981981,0.027401568347958243,0.0,33.21633449520898,-14.80909521981981,nan,1083.159830751974,0.040792196302970526,0.0,0.05394598864140563,26553.113804100252,46.0,46.0,,3.950316188649156e-05,,,,,,,5.10113257648135,,0,2.9445771283277646,7.675335970911409,inf,-inf,-0.18115180503787565,0.09804240269305853,-0.17421042710529622,0.19788474670739536,inf,-inf,1.7686561146683102,0.17000519599053576,0.17000519599053576,0.17000519599053576,784,2.857294050904112,1.6818665754846835,1.868916352742236,,,-0.9815700214258889,5.149156184399027,0.5199562262886611,2.6066004171098953,0.4160744604184856,0.0,0.0,4.990926862777661,5.019552542598488,0.5514918222535271,2.9445771283277646,7.675335970911409,2.6066004171098953,0.4160744604184856,5910
238,47.440253985168745,-14.543231702218133,0.02766623550050989,0.0,32.92468851845113,-14.543231702218133,nan,0.021281450711169804,0.006384784789340088,47.99802814668084,-14.80909521981981,0.027401568347958243,0.0,33.21633449520898,-14.80909521981981,nan,1101.767757194066,0.04220301072131868,0.0,0.05828259283988263,26106.378155563973,46.0,46.0,,3.859146609728844e-05,,,,,,,5.10113257648135,,0,2.9445771283277646,7.675335970911409,inf,-inf,-0.15501579494293427,0.08615677539517723,-0.18491907973454574,0.14674874951222383,inf,-inf,1.7692337100055813,0.16990941709921714,0.16990941709921714,0.16990941709921714,784,2.857294050904112,1.6818665754846835,1.868916352742236,,,-0.9815700214258889,5.149156184399027,0.5199562262886611,2.6066004171098953,0.4160744604184856,0.0,0.0,4.990926862777661,5.019552542598488,0.5514918222535271,2.9445771283277646,7.675335970911409,2.6066004171098953,0.4160744604184856,5910
239,47.25828009711653,-14.302182108710008,0.027697294826412196,0.0,32.983795283232936,-14.302182108710008,nan,0.02132079408373285,0.006376500742679354,47.99802814668084,-14.80909521981981,0.027401568347958243,0.0,33.21633449520898,-14.80909521981981,nan,1569.310382729668,0.04755208656036887,0.0,0.07021312844078005,33001.92475754726,46.0,46.0,,3.769253581563266e-05,,,,,,,5.10113257648135,,0,2.9445771283277646,7.675335970911409,inf,-inf,-0.17713996652521788,0.11576632062092782,-0.2199074331322988,0.1685754110846591,inf,-inf,1.7688402596465025,0.16989560065226006,0.16989560065226006,0.16989560065226006,784,2.857294050904112,1.6818665754846835,1.868916352742236,,,-0.9815700214258889,5.149156184399027,0.5199562262886611,2.6066004171098953,0.4160744604184856,0.0,0.0,4.990926862777661,5.019552542598488,0.5514918222535271,2.9445771283277646,7.675335970911409,2.6066004171098953,0.4160744604184856,5910
240,47.42355283587731,-14.318421632201217,0.027732782675744996,0.0,33.13286398635184,-14.318421632201217,nan,0.02135886394992587,0.0063739187258191245,47.91236328156914,-14.78322037989431,0.02771974247305309,0.0,33.156862644147886,-14.78322037989431,nan,1526.5921709520376,0.04005501642887561,0.0,0.055202688032717655,38112.38409208389,46.0,46.0,,3.680646961935965e-05,,,,,,,5.063967783984005,,0,2.9114895563378598,7.629290114907331,inf,-inf,-0.17440384903365733,0.11034911321822574,-0.24151317614312487,0.196520484922738,inf,-inf,1.7685558240360197,0.16986212108989215,0.16986212108989215,0.16986212108989215,784,2.851215974558917,1.6799808745464335,1.867939469577471,,,-0.9887580404933994,5.110513205281249,0.5203245297775485,2.6204078590285693,0.4183688932815105,0.0,0.0,4.95294442553653,4.982776698096838,0.5518535274783289,2.9114895563378598,7.629290114907331,2.6204078590285693,0.4183688932815105,5910
241,47.45140072506876,-14.416393807102066,0.027752369441281136,0.0,33.06275928740797,-14.416393807102066,nan,0.02139203517986467,0.006360334261416472,47.91236328156914,-14.78322037989431,0.02771974247305309,0.0,33.156862644147886,-14.78322037989431,nan,1422.0554759934755,0.044772908068038554,0.0,0.06193687169554674,31761.516893932105,46.0,46.0,,3.593336467561294e-05,,,,,,,5.063967783984005,,0,2.9114895563378598,7.629290114907331,inf,-inf,-0.16295541264165472,0.104360201194107,-0.20878106160485793,0.1779913342211616,inf,-inf,1.768532450108329,0.1698299476934883,0.1698299476934883,0.1698299476934883,784,2.851215974558917,1.6799808745464335,1.867939469577471,,,-0.9887580404933994,5.110513205281249,0.5203245297775485,2.6204078590285693,0.4183688932815105,0.0,0.0,4.95294442553653,4.982776698096838,0.5518535274783289,2.9114895563378598,7.629290114907331,2.6204078590285693,0.4183688932815105,5910
242,47.522498309021586,-14.445356910069632,0.027779123802538983,0.0,33.10492052275449,-14.445356910069632,nan,0.021425740951031818,0.006353382851507166,47.91236328156914,-14.78322037989431,0.02771974247305309,0.0,33.156862644147886,-14.78322037989431,nan,1132.4647564103586,0.04300920399293454,0.0,0.06053667420482074,26330.75368231408,46.0,46.0,,3.5073316730188546e-05,,,,,,,5.063967783984005,,0,2.9114895563378598,7.629290114907331,inf,-inf,-0.21269864455084161,0.09955758399041777,-0.2638932485134481,0.1698937024031893,inf,-inf,1.768282199610452,0.16979506066881675,0.16979506066881675,0.16979506066881675,784,2.851215974558917,1.6799808745464335,1.867939469577471,,,-0.9887580404933994,5.110513205281249,0.5203245297775485,2.6204078590285693,0.4183688932815105,0.0,0.0,4.95294442553653,4.982776698096838,0.5518535274783289,2.9114895563378598,7.629290114907331,2.6204078590285693,0.4183688932815105,5910
243,47.34033964431825,-14.070206073084876,0.027825362552372803,0.0,33.29795893378574,-14.070206073084876,nan,0.021466430296289644,0.006358932256083166,47.91236328156914,-14.78322037989431,0.02771974247305309,0.0,33.156862644147886,-14.78322037989431,nan,1967.7957741450737,0.04658211658191245,0.0,0.07179065328643244,42243.58871037553,46.0,46.0,,3.422642009703561e-05,,,,,,,5.063967783984005,,0,2.9114895563378598,7.629290114907331,inf,-inf,-0.17402221331347978,0.11253841388029247,-0.21621567245878215,0.16205357562045675,inf,-inf,1.7672936742444971,0.16982246908851176,0.16982246908851176,0.16982246908851176,784,2.851215974558917,1.6799808745464335,1.867939469577471,,,-0.9887580404933994,5.110513205281249,0.5203245297775485,2.6204078590285693,0.4183688932815105,0.0,0.0,4.95294442553653,4.982776698096838,0.5518535274783289,2.9114895563378598,7.629290114907331,2.6204078590285693,0.4183688932815105,5910
244,47.365407324598586,-14.243758278765805,0.027862316202891268,0.0,33.149511362035675,-14.243758278765805,nan,0.02150527618111365,0.006357040021777621,47.91236328156914,-14.78322037989431,0.02771974247305309,0.0,33.156862644147886,-14.78322037989431,nan,1677.3267766937427,0.05433003303895181,0.0,0.08573543932782522,30872.92024083966,46.0,46.0,,3.339276764791356e-05,,,,,,,5.063967783984005,,0,2.9114895563378598,7.629290114907331,inf,-inf,-0.18496273211539363,0.1035490821032953,-0.22898986473482555,0.12342696760074907,inf,-inf,1.7666494649545132,0.1698501958869672,0.1698501958869672,0.1698501958869672,784,2.851215974558917,1.6799808745464335,1.867939469577471,,,-0.9887580404933994,5.110513205281249,0.5203245297775485,2.6204078590285693,0.4183688932815105,0.0,0.0,4.95294442553653,4.982776698096838,0.5518535274783289,2.9114895563378598,7.629290114907331,2.6204078590285693,0.4183688932815105,5910
245,47.39533473018895,-14.541801219380805,0.027907379688149367,0.0,32.8814408904963,-14.541801219380805,nan,0.021550529917910382,0.006356849770238987,47.45634572345597,-14.493692568970179,0.027897962613412864,0.0,32.99055111709921,-14.493692568970179,nan,1105.4418842092368,0.049836248211443286,0.0,0.06555271028544166,22181.482833922633,46.0,46.0,,3.2572450802207845e-05,,,,,,,5.039673688535881,,0,2.888382870276077,7.601463408109597,inf,-inf,-0.1887732331811552,0.09242244057622155,-0.20340483871574178,0.1829299263589749,inf,-inf,1.766588992922745,0.16982704932960183,0.16982704932960183,0.16982704932960183,784,2.8464951523707254,1.678523960297594,1.8674493851485188,,,-0.9935626541433884,5.086211790904192,0.5210878295794704,2.6317367708883532,0.42024244851804804,0.0,0.0,4.928240319270317,4.958945173331005,0.5525765098148483,2.888382870276077,7.601463408109597,2.6317367708883532,0.42024244851804804,5910
246,47.54387583940725,-14.483884139728351,0.027946412085541435,0.0,33.08793811176444,-14.483884139728351,nan,0.021591619676524166,0.006354792409017277,47.45634572345597,-14.493692568970179,0.027897962613412864,0.0,32.99055111709921,-14.493692568970179,nan,1237.6919688779385,0.04469464266880389,0.0,0.0602094812814201,27692.177294032306,46.0,46.0,,3.1765559516904784e-05,,,,,,,5.039673688535881,,0,2.888382870276077,7.601463408109597,inf,-inf,-0.14452270253074523,0.11891744079687441,-0.1876393480997678,0.17075228009714927,inf,-inf,1.7665899223582542,0.16979620701237577,0.16979620701237577,0.16979620701237577,784,2.8464951523707254,1.678523960297594,1.8674493851485188,,,-0.9935626541433884,5.086211790904192,0.5210878295794704,2.6317367708883532,0.42024244851804804,0.0,0.0,4.928240319270317,4.958945173331005,0.5525765098148483,2.888382870276077,7.601463408109597,2.6317367708883532,0.42024244851804804,5910
247,47.565126044648316,-14.207465245984494,0.027970332544958374,0.0,33.38563113120878,-14.207465245984494,nan,0.02162285972199927,0.006347472822959105,47.45634572345597,-14.493692568970179,0.027897962613412864,0.0,32.99055111709921,-14.493692568970179,nan,1636.3302535811745,0.051559302657714315,0.0,0.08462667938754001,31736.85773921821,46.0,46.0,,3.097218227672658e-05,,,,,,,5.039673688535881,,0,2.888382870276077,7.601463408109597,inf,-inf,-0.1972601675900157,0.13141236800956355,-0.24253241312841747,0.1295070687636162,inf,-inf,1.7663494887669826,0.1698024153095612,0.1698024153095612,0.1698024153095612,784,2.8464951523707254,1.678523960297594,1.8674493851485188,,,-0.9935626541433884,5.086211790904192,0.5210878295794704,2.6317367708883532,0.42024244851804804,0.0,0.0,4.928240319270317,4.958945173331005,0.5525765098148483,2.888382870276077,7.601463408109597,2.6317367708883532,0.42024244851804804,5910
248,47.43143783562053,-14.51110653233763,0.028016348012911346,0.0,32.94834765129581,-14.51110653233763,nan,0.021663835989495034,0.0063525120234163195,47.45634572345597,-14.493692568970179,0.027897962613412864,0.0,32.99055111709921,-14.493692568970179,nan,1143.0911898519353,0.03772476033601702,0.0,0.053792020090429556,30300.820460364594,46.0,46.0,,3.019240608442822e-05,,,,,,,5.039673688535881,,0,2.888382870276077,7.601463408109597,inf,-inf,-0.15265212904414363,0.09511351454397443,-0.21866474005611528,0.14976163171809787,inf,-inf,1.7662805763139389,0.16977976596274505,0.16977976596274505,0.16977976596274505,784,2.8464951523707254,1.678523960297594,1.8674493851485188,,,-0.9935626541433884,5.086211790904192,0.5210878295794704,2.6317367708883532,0.42024244851804804,0.0,0.0,4.928240319270317,4.958945173331005,0.5525765098148483,2.888382870276077,7.601463408109597,2.6317367708883532,0.42024244851804804,5910
249,47.3601211234069,-14.373143662658734,0.028037842982001158,0.0,33.015015303730166,-14.373143662658734,nan,0.021692672440234696,0.00634517054176648,47.45634572345597,-14.493692568970179,0.027897962613412864,0.0,32.99055111709921,-14.493692568970179,nan,1433.3484132616625,0.04660925502736893,0.0,0.06370104205317202,30752.442029378093,46.0,46.0,,2.9426316451256454e-05,,,,,,,5.039673688535881,,0,2.888382870276077,7.601463408109597,inf,-inf,-0.17871437795071876,0.10811457876557191,-0.22295500620127606,0.19412013345137732,inf,-inf,1.7659568983661154,0.16976061158801342,0.16976061158801342,0.16976061158801342,784,2.8464951523707254,1.678523960297594,1.8674493851485188,,,-0.9935626541433884,5.086211790904192,0.5210878295794704,2.6317367708883532,0.42024244851804804,0.0,0.0,4.928240319270317,4.958945173331005,0.5525765098148483,2.888382870276077,7.601463408109597,2.6317367708883532,0.42024244851804804,5910
250,47.274404218500706,-14.339968803183828,0.028074337254510202,0.0,32.962509752571385,-14.339968803183828,nan,0.021728888420399033,0.006345448834111163,47.500665090680094,-14.594147314303207,0.028071018254133533,0.0,32.93458879463102,-14.594147314303207,nan,1420.8637202931222,0.05242430902813395,0.0,0.0745251227789967,27103.146357744146,46.0,46.0,,2.8673997387572544e-05,,,,,,,5.017248253755257,,0,2.8676625785525487,7.57241380194489,inf,-inf,-0.15818381025131437,0.09855270332620115,-0.22002663546455345,0.15456169533682979,inf,-inf,1.7653190237299006,0.169771173998254,0.169771173998254,0.169771173998254,784,2.8422597715797706,1.6772124201419032,1.8669340933872567,,,-0.9980214519671103,5.0632693120403065,0.5217832934378923,2.6406223167884217,0.42170628933101273,0.0,0.0,4.905352366449754,4.936065417444656,0.5530083034331023,2.8676625785525487,7.57241380194489,2.6406223167884217,0.42170628933101273,5910
251,47.48193323030737,-14.612934399952067,0.028104454465520456,0.0,32.89710328482082,-14.612934399952067,nan,0.021761741922015927,0.006342712543504531,47.500665090680094,-14.594147314303207,0.028071018254133533,0.0,32.93458879463102,-14.594147314303207,nan,1116.0901251951846,0.03321704992672248,0.0,0.03814485575198149,33599.9171406643,46.0,46.0,,2.7935531393639814e-05,,,,,,,5.017248253755257,,0,2.8676625785525487,7.57241380194489,inf,-inf,-0.14589240292126424,0.08994966535661664,-0.1734860476034129,0.1327020633340047,inf,-inf,1.7656368452486646,0.16973579185795307,0.16973579185795307,0.16973579185795307,784,2.8422597715797706,1.6772124201419032,1.8669340933872567,,,-0.9980214519671103,5.0632693120403065,0.5217832934378923,2.6406223167884217,0.42170628933101273,0.0,0.0,4.905352366449754,4.936065417444656,0.5530083034331023,2.8676625785525487,7.57241380194489,2.6406223167884217,0.42170628933101273,5910
252,47.23047571974019,-14.360600236426151,0.028128377827062862,0.0,32.898003861141106,-14.360600236426151,nan,0.02178939155876292,0.006338986268299944,47.500665090680094,-14.594147314303207,0.028071018254133533,0.0,32.93458879463102,-14.594147314303207,nan,1460.3678274988454,0.05395912177082541,0.0,0.07294659168251898,27064.336474957905,46.0,46.0,,2.7210999450576172e-05,,,,,,,5.017248253755257,,0,2.8676625785525487,7.57241380194489,inf,-inf,-0.18939317995736013,0.12517786070721731,-0.23781436963664032,0.17286872243691484,inf,-inf,1.765409198547879,0.16974469564889588,0.16974469564889588,0.16974469564889588,784,2.8422597715797706,1.6772124201419032,1.8669340933872567,,,-0.9980214519671103,5.0632693120403065,0.5217832934378923,2.6406223167884217,0.42170628933101273,0.0,0.0,4.905352366449754,4.936065417444656,0.5530083034331023,2.8676625785525487,7.57241380194489,2.6406223167884217,0.42170628933101273,5910
253,47.493403008433255,-14.258120372424061,0.028156313892985424,0.0,33.26343894990218,-14.258120372424061,nan,0.02182066914197376,0.00633564475101165,47.500665090680094,-14.594147314303207,0.028071018254133533,0.0,32.93458879463102,-14.594147314303207,nan,1596.6773574440576,0.05584098602830547,0.0,0.0939480272373077,28593.287314710222,46.0,46.0,,2.6500481011473898e-05,,,,,,,5.017248253755257,,0,2.8676625785525487,7.57241380194489,inf,-inf,-0.1991097362673281,0.18960992589079873,-0.19555781386754081,0.1471193873349174,inf,-inf,1.7650049861376016,0.16975643991535633,0.16975643991535633,0.16975643991535633,784,2.8422597715797706,1.6772124201419032,1.8669340933872567,,,-0.9980214519671103,5.0632693120403065,0.5217832934378923,2.6406223167884217,0.42170628933101273,0.0,0.0,4.905352366449754,4.936065417444656,0.5530083034331023,2.8676625785525487,7.57241380194489,2.6406223167884217,0.42170628933101273,5910
254,47.495341647370104,-14.311830641930882,0.028211665078374595,0.0,33.211722670517595,-14.311830641930882,nan,0.021866931238928553,0.006344733839446038,47.500665090680094,-14.594147314303207,0.028071018254133533,0.0,32.93458879463102,-14.594147314303207,nan,1595.1838147434082,0.04661054925111529,0.0,0.06960249660277303,34223.66482208401,46.0,46.0,,2.5804053992686704e-05,,,,,,,5.017248253755257,,0,2.8676625785525487,7.57241380194489,inf,-inf,-0.17428464797448456,0.15987473371021207,-0.2116425880694192,0.1566797971124995,inf,-inf,1.764675309803573,0.16975716325237816,0.16975716325237816,0.16975716325237816,784,2.8422597715797706,1.6772124201419032,1.8669340933872567,,,-0.9980214519671103,5.0632693120403065,0.5217832934378923,2.6406223167884217,0.42170628933101273,0.0,0.0,4.905352366449754,4.936065417444656,0.5530083034331023,2.8676625785525487,7.57241380194489,2.6406223167884217,0.42170628933101273,5910
255,47.580663167888595,-14.354172575905423,0.028258674852231092,0.0,33.254749266835404,-14.354172575905423,nan,0.021907268087308474,0.006351406764922624,48.38048312107488,-14.868640561498541,0.02825482365827882,0.0,33.54009738323462,-14.868640561498541,nan,1344.6901785660507,0.06315689245554815,0.0,0.08993587629188306,21291.265708053746,46.0,46.0,,2.5121794765285192e-05,,,,,,,4.995255640114422,,0,2.8476770382083014,7.544745633490132,inf,-inf,-0.2200420639485224,0.13243410516610338,-0.267669280840255,0.14656347640103953,inf,-inf,1.7640024206823868,0.1698186474038789,0.1698186474038789,0.1698186474038789,784,2.8382485072228087,1.6759645122026918,1.866297233981912,,,-1.0023939620997597,5.040523943809312,0.5222512907599031,2.6494386590401864,0.4231538689914127,0.0,0.0,4.883056471972751,4.91464733099875,0.5532721974303416,2.8476770382083014,7.544745633490132,2.6494386590401864,0.4231538689914127,5910
256,47.42670186371222,-14.542821211910695,0.028302972477796607,0.0,32.912183624279315,-14.542821211910695,nan,0.021944999522131782,0.006357972955664817,48.38048312107488,-14.868640561498541,0.02825482365827882,0.0,33.54009738323462,-14.868640561498541,nan,1072.6887529399964,0.05221886107699348,0.0,0.0671213120573973,20542.170603039067,46.0,46.0,,2.445377814668197e-05,,,,,,,4.995255640114422,,0,2.8476770382083014,7.544745633490132,inf,-inf,-0.16962803247606068,0.11823511483938179,-0.1850746832641588,0.17678440694107742,inf,-inf,1.7640121395208805,0.16979983599309653,0.16979983599309653,0.16979983599309653,784,2.8382485072228087,1.6759645122026918,1.866297233981912,,,-1.0023939620997597,5.040523943809312,0.5222512907599031,2.6494386590401864,0.4231538689914127,0.0,0.0,4.883056471972751,4.91464733099875,0.5532721974303416,2.8476770382083014,7.544745633490132,2.6494386590401864,0.4231538689914127,5910
257,47.15423338755548,-14.504926386970396,0.028315481156585026,0.0,32.677622481741665,-14.504926386970396,nan,0.021967314011359963,0.006348167145225061,48.38048312107488,-14.868640561498541,0.02825482365827882,0.0,33.54009738323462,-14.868640561498541,nan,1309.9484398593763,0.032905997967908183,0.0,0.037895003662086105,39808.804496277946,46.0,46.0,,2.380007739242722e-05,,,,,,,4.995255640114422,,0,2.8476770382083014,7.544745633490132,inf,-inf,-0.14679040729286796,0.08378590653765777,-0.18644531131479208,0.15470179110391044,inf,-inf,1.764659280107907,0.1697292847376484,0.1697292847376484,0.1697292847376484,784,2.8382485072228087,1.6759645122026918,1.866297233981912,,,-1.0023939620997597,5.040523943809312,0.5222512907599031,2.6494386590401864,0.4231538689914127,0.0,0.0,4.883056471972751,4.91464733099875,0.5532721974303416,2.8476770382083014,7.544745633490132,2.6494386590401864,0.4231538689914127,5910
258,47.22443776620848,-14.254027949079322,0.02831632461698483,0.0,32.99872614174615,-14.254027949079322,nan,0.021981431789873527,0.006334892827111298,48.38048312107488,-14.868640561498541,0.02825482365827882,0.0,33.54009738323462,-14.868640561498541,nan,1804.2180224497959,0.04016681045292897,0.0,0.061308597711340514,44918.130220076564,46.0,46.0,,2.316076418817509e-05,,,,,,,4.995255640114422,,0,2.8476770382083014,7.544745633490132,inf,-inf,-0.1695745470593114,0.09922993275521512,-0.20135177893892764,0.11335633993175423,inf,-inf,1.7644968940358192,0.16971230340003474,0.16971230340003474,0.16971230340003474,784,2.8382485072228087,1.6759645122026918,1.866297233981912,,,-1.0023939620997597,5.040523943809312,0.5222512907599031,2.6494386590401864,0.4231538689914127,0.0,0.0,4.883056471972751,4.91464733099875,0.5532721974303416,2.8476770382083014,7.544745633490132,2.6494386590401864,0.4231538689914127,5910
259,47.33886325105135,-14.361423726879163,0.028344816926406707,0.0,33.00578434109859,-14.361423726879163,nan,0.022009388270870175,0.006335428655536531,48.38048312107488,-14.868640561498541,0.02825482365827882,0.0,33.54009738323462,-14.868640561498541,nan,1501.252386547278,0.046658269391903914,0.0,0.06165178462193624,32175.48370552667,46.0,46.0,,2.2535908641822916e-05,,,,,,,4.995255640114422,,0,2.8476770382083014,7.544745633490132,inf,-inf,-0.15027561103912135,0.11058581807872517,-0.21489432369939412,0.1541919248392526,inf,-inf,1.7641980809098503,0.16971902623026403,0.16971902623026403,0.16971902623026403,784,2.8382485072228087,1.6759645122026918,1.866297233981912,,,-1.0023939620997597,5.040523943809312,0.5222512907599031,2.6494386590401864,0.4231538689914127,0.0,0.0,4.883056471972751,4.91464733099875,0.5532721974303416,2.8476770382083014,7.544745633490132,2.6494386590401864,0.4231538689914127,5910
260,47.29818341999332,-14.532534593536802,0.02836842522518119,0.0,32.7940172516817,-14.532534593536802,nan,0.02203534266463651,0.006333082560544683,48.22977424693033,-15.027702684547698,0.02834344396866327,0.0,33.2304150063513,-15.027702684547698,nan,1179.1810112891305,0.03375219488873935,0.0,0.03933598648390415,34936.42458442124,46.0,46.0,,2.192557927582279e-05,,,,,,,4.980913134895969,,0,2.833047194529444,7.529355347201305,inf,-inf,-0.1465610710736654,0.07993296680948167,-0.17644435384344634,0.149470538606189,inf,-inf,1.7643197839875873,0.1696741687557883,0.1696741687557883,0.1696741687557883,784,2.835486660634785,1.6751102250508163,1.8657752587943464,,,-1.0053466094253467,5.024978841377278,0.5229260946113148,2.657687934652248,0.4245039848027008,0.0,0.0,4.868470385885532,4.900222989050045,0.5537938335182573,2.833047194529444,7.529355347201305,2.657687934652248,0.4245039848027008,5910
261,47.49799440493065,-14.407885718187464,0.02838108887951833,0.0,33.118489775622706,-14.407885718187464,nan,0.022054504817631396,0.0063265840618869276,48.22977424693033,-15.027702684547698,0.02834344396866327,0.0,33.2304150063513,-15.027702684547698,nan,1440.1952591452296,0.05065256215072531,0.0,0.07674000234783786,28432.821519663383,46.0,46.0,,2.1329843019667432e-05,,,,,,,4.980913134895969,,0,2.833047194529444,7.529355347201305,inf,-inf,-0.18136599819412527,0.12701313104483453,-0.19928632765237372,0.17110282759307974,inf,-inf,1.7639965950296341,0.16967431220961582,0.16967431220961582,0.16967431220961582,784,2.835486660634785,1.6751102250508163,1.8657752587943464,,,-1.0053466094253467,5.024978841377278,0.5229260946113148,2.657687934652248,0.4245039848027008,0.0,0.0,4.868470385885532,4.900222989050045,0.5537938335182573,2.833047194529444,7.529355347201305,2.657687934652248,0.4245039848027008,5910
262,47.457969510066256,-14.056950943036131,0.02843765336374441,0.0,33.42945622039387,-14.056950943036131,nan,0.02209921415431846,0.0063384392094259405,48.22977424693033,-15.027702684547698,0.02834344396866327,0.0,33.2304150063513,-15.027702684547698,nan,1961.2767689554523,0.08628491333048824,0.0,0.12961450923845644,22730.23977486511,46.0,46.0,,2.0748765202550787e-05,,,,,,,4.980913134895969,,0,2.833047194529444,7.529355347201305,inf,-inf,-0.1703822155846582,0.17492555821139882,-0.21405314483917917,0.21070347081390806,inf,-inf,1.762744451935619,0.16976744428741353,0.16976744428741353,0.16976744428741353,784,2.835486660634785,1.6751102250508163,1.8657752587943464,,,-1.0053466094253467,5.024978841377278,0.5229260946113148,2.657687934652248,0.4245039848027008,0.0,0.0,4.868470385885532,4.900222989050045,0.5537938335182573,2.833047194529444,7.529355347201305,2.657687934652248,0.4245039848027008,5910
263,47.46411070953241,-14.429340240823251,0.028494621316621643,0.0,33.06326509002579,-14.429340240823251,nan,0.02214329564819983,0.006351325668421814,48.22977424693033,-15.027702684547698,0.02834344396866327,0.0,33.2304150063513,-15.027702684547698,nan,1131.8368094210578,0.07990893816850667,0.0,0.10488008664461389,14164.082709174729,46.0,46.0,,2.0182409546203575e-05,,,,,,,4.980913134895969,,0,2.833047194529444,7.529355347201305,inf,-inf,-0.14672590966789745,0.12679573662672952,-0.18792166848733502,0.20265174957867105,inf,-inf,1.7627658971848617,0.16979194205225095,0.16979194205225095,0.16979194205225095,784,2.835486660634785,1.6751102250508163,1.8657752587943464,,,-1.0053466094253467,5.024978841377278,0.5229260946113148,2.657687934652248,0.4245039848027008,0.0,0.0,4.868470385885532,4.900222989050045,0.5537938335182573,2.833047194529444,7.529355347201305,2.657687934652248,0.4245039848027008,5910
264,47.39719161496514,-14.51852350853196,0.028526319731040518,0.0,32.907194426164224,-14.51852350853196,nan,0.022173012600200437,0.006353307130840082,48.22977424693033,-15.027702684547698,0.02834344396866327,0.0,33.2304150063513,-15.027702684547698,nan,1187.7340300634175,0.032844701195574734,0.0,0.03666108859815116,36162.120123761226,46.0,46.0,,1.9630838157905765e-05,,,,,,,4.980913134895969,,0,2.833047194529444,7.529355347201305,inf,-inf,-0.14788466463173053,0.08506746005794008,-0.16816608160876792,0.1417418318522717,inf,-inf,1.7633513764035602,0.169718926398133,0.169718926398133,0.169718926398133,784,2.835486660634785,1.6751102250508163,1.8657752587943464,,,-1.0053466094253467,5.024978841377278,0.5229260946113148,2.657687934652248,0.4245039848027008,0.0,0.0,4.868470385885532,4.900222989050045,0.5537938335182573,2.833047194529444,7.529355347201305,2.657687934652248,0.4245039848027008,5910
265,47.2921200270549,-14.639901305816792,0.028527830089035984,0.0,32.68074655132714,-14.639901305816792,nan,0.022185836751255784,0.006341993337780198,47.662370969844474,-14.503924113377476,0.028502042362216033,0.0,33.18694889882921,-14.503924113377476,nan,922.2595760637436,0.0358824473087653,0.0,0.042560090149738265,25702.248459470477,46.0,46.0,,1.9094111523675756e-05,,,,,,,4.962541568344925,,0,2.816850149018814,7.505670609281612,inf,-inf,-0.15783627154879656,0.09227336968176,-0.1716973471862281,0.13835665101038497,inf,-inf,1.763642889018623,0.16967432719675304,0.16967432719675304,0.16967432719675304,784,2.8324465409725064,1.6741646965541288,1.8653648586177891,,,-1.00904870570913,5.00592690987887,0.523192512148409,2.6645615535835456,0.42562575725582075,0.0,0.0,4.849830742074612,4.881063879510582,0.5539164234964367,2.816850149018814,7.505670609281612,2.6645615535835456,0.42562575725582075,5910
266,47.47601125470454,-14.558379738087725,0.028531606040419554,0.0,32.94616312265723,-14.558379738087725,nan,0.022198505249821504,0.006333100790598048,47.662370969844474,-14.503924113377476,0.028502042362216033,0.0,33.18694889882921,-14.503924113377476,nan,1125.2014557228497,0.032393975636067475,0.0,0.039345672022101874,34734.89849977073,46.0,46.0,,1.8572288501637325e-05,,,,,,,4.962541568344925,,0,2.816850149018814,7.505670609281612,inf,-inf,-0.14323671484653624,0.09644043481504946,-0.1631519786585866,0.1358732579436187,inf,-inf,1.7635918097888947,0.16965637297713582,0.16965637297713582,0.16965637297713582,784,2.8324465409725064,1.6741646965541288,1.8653648586177891,,,-1.00904870570913,5.00592690987887,0.523192512148409,2.6645615535835456,0.42562575725582075,0.0,0.0,4.849830742074612,4.881063879510582,0.5539164234964367,2.816850149018814,7.505670609281612,2.6645615535835456,0.42562575725582075,5910
267,47.35157757738309,-14.607227943632688,0.02853429410742278,0.0,32.772883927857826,-14.607227943632688,nan,0.022211306699284016,0.006322987408138776,47.662370969844474,-14.503924113377476,0.028502042362216033,0.0,33.18694889882921,-14.503924113377476,nan,1070.9052689960313,0.027960807377974843,0.0,0.02935683661833697,38300.226975548634,46.0,46.0,,1.806542631556527e-05,,,,,,,4.962541568344925,,0,2.816850149018814,7.505670609281612,inf,-inf,-0.1405761760077217,0.08340581431796043,-0.1747305361527976,0.14225952498621428,inf,-inf,1.7636408192950983,0.16962056446659074,0.16962056446659074,0.16962056446659074,784,2.8324465409725064,1.6741646965541288,1.8653648586177891,,,-1.00904870570913,5.00592690987887,0.523192512148409,2.6645615535835456,0.42562575725582075,0.0,0.0,4.849830742074612,4.881063879510582,0.5539164234964367,2.816850149018814,7.505670609281612,2.6645615535835456,0.42562575725582075,5910
268,47.626780673910254,-13.960810942779677,0.028548285576078407,0.0,33.69451801670665,-13.960810942779677,nan,0.022229004410879806,0.006319281165198593,47.662370969844474,-14.503924113377476,0.028502042362216033,0.0,33.18694889882921,-14.503924113377476,nan,1964.0180101610515,0.05447481171918835,0.0,0.10366681385366382,36053.69065404664,46.0,46.0,,1.757358054861011e-05,,,,,,,4.962541568344925,,0,2.816850149018814,7.505670609281612,inf,-inf,-0.18688174275981426,0.11283492575169844,-0.30031686574457306,0.11973058293844065,inf,-inf,1.7627035004172291,0.16966447156324282,0.16966447156324282,0.16966447156324282,784,2.8324465409725064,1.6741646965541288,1.8653648586177891,,,-1.00904870570913,5.00592690987887,0.523192512148409,2.6645615535835456,0.42562575725582075,0.0,0.0,4.849830742074612,4.881063879510582,0.5539164234964367,2.816850149018814,7.505670609281612,2.6645615535835456,0.42562575725582075,5910
269,47.28048548705007,-14.467184282161458,0.028583781004794098,0.0,32.84188498589341,-14.467184282161458,nan,0.022259789985078625,0.006323991019715467,47.662370969844474,-14.503924113377476,0.028502042362216033,0.0,33.18694889882921,-14.503924113377476,nan,1262.5738201428028,0.03833624443446332,0.0,0.04972368471337515,32934.20726960361,46.0,46.0,,1.709680513720275e-05,,,,,,,4.962541568344925,,0,2.816850149018814,7.505670609281612,inf,-inf,-0.18831574916355048,0.09149404207180989,-0.2074324650419799,0.13753896170498384,inf,-inf,1.76270923254931,0.16964685293798884,0.16964685293798884,0.16964685293798884,784,2.8324465409725064,1.6741646965541288,1.8653648586177891,,,-1.00904870570913,5.00592690987887,0.523192512148409,2.6645615535835456,0.42562575725582075,0.0,0.0,4.849830742074612,4.881063879510582,0.5539164234964367,2.816850149018814,7.505670609281612,2.6645615535835456,0.42562575725582075,5910
270,47.362542526069085,-14.591395372680607,0.028591314723779515,0.0,32.79973846811225,-14.591395372680607,nan,0.02227481222986898,0.006316502493910537,47.995117328960795,-14.897935301959176,0.028563189189324836,0.0,33.12574521619095,-14.897935301959176,nan,958.1417196799995,0.03112603209340391,0.0,0.033657078717466385,30782.64896742314,46.0,46.0,,1.6635152365139873e-05,,,,,,,4.95196765362248,,0,2.806245529469626,7.491028959896565,inf,-inf,-0.14765662984083125,0.08480293483150188,-0.1805175248080425,0.1505461074304175,inf,-inf,1.7627919503234275,0.169622614610225,0.169622614610225,0.169622614610225,784,2.8300838180172594,1.6734395835530105,1.8647805421894517,,,-1.0112375451632292,4.995057089271439,0.5237016271761795,2.6694132360229905,0.4264158095435019,0.0,0.0,4.838930855938483,4.870765051491643,0.5543796035928263,2.806245529469626,7.491028959896565,2.6694132360229905,0.4264158095435019,5910
271,47.33334201764723,-14.4971371627446,0.028592954534187733,0.0,32.86479780943682,-14.4971371627446,nan,0.022285451688478956,0.006307502845708782,47.995117328960795,-14.897935301959176,0.028563189189324836,0.0,33.12574521619095,-14.897935301959176,nan,1182.3195326910572,0.04130747445821028,0.0,0.050294843775999125,28622.41151748892,46.0,46.0,,1.6188672857850262e-05,,,,,,,4.95196765362248,,0,2.806245529469626,7.491028959896565,inf,-inf,-0.13834571679118024,0.10432557728356777,-0.22673168574064023,0.13444779234307486,inf,-inf,1.7627426067837724,0.16962969193930416,0.16962969193930416,0.16962969193930416,784,2.8300838180172594,1.6734395835530105,1.8647805421894517,,,-1.0112375451632292,4.995057089271439,0.5237016271761795,2.6694132360229905,0.4264158095435019,0.0,0.0,4.838930855938483,4.870765051491643,0.5543796035928263,2.806245529469626,7.491028959896565,2.6694132360229905,0.4264158095435019,5910
272,47.357039845204234,-14.529711427688785,0.028607965559932898,0.0,32.85593638307538,-14.529711427688785,nan,0.022302393620257443,0.006305571939675453,47.995117328960795,-14.897935301959176,0.028563189189324836,0.0,33.12574521619095,-14.897935301959176,nan,1138.7758054661167,0.037453816951117616,0.0,0.048812988077726924,30404.799781885402,46.0,46.0,,1.5757415576843268e-05,,,,,,,4.95196765362248,,0,2.806245529469626,7.491028959896565,inf,-inf,-0.14466425785818257,0.11464262210878248,-0.17845494746862295,0.14094785599851786,inf,-inf,1.7625237514327696,0.16962285193171686,0.16962285193171686,0.16962285193171686,784,2.8300838180172594,1.6734395835530105,1.8647805421894517,,,-1.0112375451632292,4.995057089271439,0.5237016271761795,2.6694132360229905,0.4264158095435019,0.0,0.0,4.838930855938483,4.870765051491643,0.5543796035928263,2.806245529469626,7.491028959896565,2.6694132360229905,0.4264158095435019,5910
273,47.33977856621192,-14.470600479088636,0.028619448669030424,0.0,32.897797535792314,-14.470600479088636,nan,0.022317979251658415,0.006301469417372008,47.995117328960795,-14.897935301959176,0.028563189189324836,0.0,33.12574521619095,-14.897935301959176,nan,1210.0247488627049,0.044695354583812685,0.0,0.06293799026339016,27072.71840955345,46.0,46.0,,1.5341427814339585e-05,,,,,,,4.95196765362248,,0,2.806245529469626,7.491028959896565,inf,-inf,-0.1602402936627763,0.11861155036462918,-0.1786669824725616,0.16186979388725278,inf,-inf,1.7622466396554695,0.16962063157097299,0.16962063157097299,0.16962063157097299,784,2.8300838180172594,1.6734395835530105,1.8647805421894517,,,-1.0112375451632292,4.995057089271439,0.5237016271761795,2.6694132360229905,0.4264158095435019,0.0,0.0,4.838930855938483,4.870765051491643,0.5543796035928263,2.806245529469626,7.491028959896565,2.6694132360229905,0.4264158095435019,5910
274,47.39668182270212,-14.342868666486025,0.02863495606174148,0.0,33.08244811227784,-14.342868666486025,nan,0.02233595235823296,0.006299003703508527,47.995117328960795,-14.897935301959176,0.028563189189324836,0.0,33.12574521619095,-14.897935301959176,nan,1628.3341474744625,0.03789785646163976,0.0,0.04971628151461656,42966.39175681779,46.0,46.0,,1.4940755188085104e-05,,,,,,,4.95196765362248,,0,2.806245529469626,7.491028959896565,inf,-inf,-0.17479144827919085,0.11849913404055007,-0.21146879956374298,0.1209972747145194,inf,-inf,1.7621032299772248,0.1696100639526975,0.1696100639526975,0.1696100639526975,784,2.8300838180172594,1.6734395835530105,1.8647805421894517,,,-1.0112375451632292,4.995057089271439,0.5237016271761795,2.6694132360229905,0.4264158095435019,0.0,0.0,4.838930855938483,4.870765051491643,0.5543796035928263,2.806245529469626,7.491028959896565,2.6694132360229905,0.4264158095435019,5910
275,47.285884206181215,-14.295874828966591,0.028648320831430332,0.0,33.018657698046056,-14.295874828966591,nan,0.022352429265248313,0.006295891566182006,47.42202424813826,-14.476140348140216,0.028630963384204556,0.0,32.97451486338224,-14.476140348140216,nan,1716.0157809668133,0.04155667236408218,0.0,0.05621075400522501,41293.38764019955,46.0,46.0,,1.4555441636348503e-05,,,,,,,4.941970016140305,,0,2.7966147696394277,7.479206191333564,inf,-inf,-0.16656415992839174,0.09756667579126829,-0.2104268634022553,0.14437355172519908,inf,-inf,1.7618900875228183,0.16960434375739936,0.16960434375739936,0.16960434375739936,784,2.8279344939155133,1.672770403672065,1.8645399904722755,,,-1.013301256527518,4.984877211989879,0.5241940480887066,2.674378420842664,0.4272228593417794,0.0,0.0,4.828578832512251,4.860500443668446,0.5548212196913753,2.7966147696394277,7.479206191333564,2.674378420842664,0.4272228593417794,5910
276,47.36154733158315,-14.619116929559294,0.0286592529205959,0.0,32.771089654944454,-14.619116929559294,nan,0.02236707717546593,0.006292175745129977,47.42202424813826,-14.476140348140216,0.028630963384204556,0.0,32.97451486338224,-14.476140348140216,nan,951.8702563565716,0.03728752804846249,0.0,0.04389696014336837,25527.845533751355,46.0,46.0,,1.4185529413102792e-05,,,,,,,4.941970016140305,,0,2.7966147696394277,7.479206191333564,inf,-inf,-0.1410721674683605,0.08357874962261785,-0.17642976876817285,0.1601731799656871,inf,-inf,1.7618198958939613,0.16958475799699946,0.16958475799699946,0.16958475799699946,784,2.8279344939155133,1.672770403672065,1.8645399904722755,,,-1.013301256527518,4.984877211989879,0.5241940480887066,2.674378420842664,0.4272228593417794,0.0,0.0,4.828578832512251,4.860500443668446,0.5548212196913753,2.7966147696394277,7.479206191333564,2.674378420842664,0.4272228593417794,5910
277,47.341366814884445,-14.318844580653154,0.02867296875091768,0.0,33.05119520298221,-14.318844580653154,nan,0.02238359542077865,0.006289373330139033,47.42202424813826,-14.476140348140216,0.028630963384204556,0.0,32.97451486338224,-14.476140348140216,nan,1637.0198620052129,0.07083149723692254,0.0,0.09600451429682497,23111.467720773784,46.0,46.0,,1.3831059083391764e-05,,,,,,,4.941970016140305,,0,2.7966147696394277,7.479206191333564,inf,-inf,-0.1845043085140583,0.19454371879574422,-0.22566701631072567,0.27142179701993463,inf,-inf,1.7613504875317245,0.1696088189175075,0.1696088189175075,0.1696088189175075,784,2.8279344939155133,1.672770403672065,1.8645399904722755,,,-1.013301256527518,4.984877211989879,0.5241940480887066,2.674378420842664,0.4272228593417794,0.0,0.0,4.828578832512251,4.860500443668446,0.5548212196913753,2.7966147696394277,7.479206191333564,2.674378420842664,0.4272228593417794,5910
278,47.446253412776315,-14.28707913631869,0.02871864204842367,0.0,33.18789291850605,-14.28707913631869,nan,0.02241683450473339,0.006301807543690275,47.42202424813826,-14.476140348140216,0.028630963384204556,0.0,32.97451486338224,-14.476140348140216,nan,1428.3447377599668,0.08857900969225424,0.0,0.12692457636082252,16125.092645790417,46.0,46.0,,1.3492069518881644e-05,,,,,,,4.941970016140305,,0,2.7966147696394277,7.479206191333564,inf,-inf,-0.22554886032779164,0.17232870556864865,-0.2510258423454885,0.19616645213475783,inf,-inf,1.760083843261149,0.1697149835496408,0.1697149835496408,0.1697149835496408,784,2.8279344939155133,1.672770403672065,1.8645399904722755,,,-1.013301256527518,4.984877211989879,0.5241940480887066,2.674378420842664,0.4272228593417794,0.0,0.0,4.828578832512251,4.860500443668446,0.5548212196913753,2.7966147696394277,7.479206191333564,2.674378420842664,0.4272228593417794,5910
279,47.30427316826214,-14.37297501559035,0.028753680950875223,0.0,32.96005183362267,-14.37297501559035,nan,0.02244587338559256,0.006307807565282655,47.42202424813826,-14.476140348140216,0.028630963384204556,0.0,32.97451486338224,-14.476140348140216,nan,1425.4095868873676,0.05222679437601467,0.0,0.0783799636025604,27292.68766956893,46.0,46.0,,1.3168597893598197e-05,,,,,,,4.941970016140305,,0,2.7966147696394277,7.479206191333564,inf,-inf,-0.16442211557940778,0.13421347548846654,-0.19690853059749125,0.12168767171768942,inf,-inf,1.7602787235296744,0.1697039657165824,0.1697039657165824,0.1697039657165824,784,2.8279344939155133,1.672770403672065,1.8645399904722755,,,-1.013301256527518,4.984877211989879,0.5241940480887066,2.674378420842664,0.4272228593417794,0.0,0.0,4.828578832512251,4.860500443668446,0.5548212196913753,2.7966147696394277,7.479206191333564,2.674378420842664,0.4272228593417794,5910
280,47.261953136438386,-14.46581844222718,0.028774600693553386,0.0,32.82490929490476,-14.46581844222718,nan,0.022466404352627714,0.0063081963409256795,47.983932276243266,-14.922901522803757,0.02875696078112059,0.0,33.089787714220634,-14.922901522803757,nan,1220.6028442824627,0.05155475192942678,0.0,0.06679873797032773,23675.855252942423,46.0,46.0,,1.286067967985035e-05,,,,,,,4.928273521239606,,0,2.7857619107641503,7.46179596036515,inf,-inf,-0.14543901518809935,0.11684959863188737,-0.19545227990204464,0.1578996758310184,inf,-inf,1.7602453861018437,0.16969192672622654,0.16969192672622654,0.16969192672622654,784,2.825684293706478,1.6720685886180537,1.8644540700322305,,,-1.0160826074808043,4.971011417736591,0.5242739451191939,2.678547628759249,0.42789937321155347,0.0,0.0,4.814828091927137,4.847344837632759,0.5546722018727092,2.7857619107641503,7.46179596036515,2.678547628759249,0.42789937321155347,5910
281,47.08540873850738,-14.440418125382413,0.028789974319187804,0.0,32.673780587444156,-14.440418125382413,nan,0.022481841932844897,0.006308132386342895,47.983932276243266,-14.922901522803757,0.02875696078112059,0.0,33.089787714220634,-14.922901522803757,nan,1359.3003473744932,0.051427493706165624,0.0,0.06815955566517316,26431.393976555522,46.0,46.0,,1.2568348644340156e-05,,,,,,,4.928273521239606,,0,2.7857619107641503,7.46179596036515,inf,-inf,-0.159989613124814,0.13374806900893718,-0.18156255020035916,0.13704275827533735,inf,-inf,1.7604845605058785,0.16967317354065928,0.16967317354065928,0.16967317354065928,784,2.825684293706478,1.6720685886180537,1.8644540700322305,,,-1.0160826074808043,4.971011417736591,0.5242739451191939,2.678547628759249,0.42789937321155347,0.0,0.0,4.814828091927137,4.847344837632759,0.5546722018727092,2.7857619107641503,7.46179596036515,2.678547628759249,0.42789937321155347,5910
282,47.394297346969886,-14.439326278207728,0.028810699906810778,0.0,32.98378176866897,-14.439326278207728,nan,0.02250071114089125,0.006309988765919523,47.983932276243266,-14.922901522803757,0.02875696078112059,0.0,33.089787714220634,-14.922901522803757,nan,1395.4822806704717,0.05206569749287917,0.0,0.06385556440999038,26802.335277681177,46.0,46.0,,1.2291636844459932e-05,,,,,,,4.928273521239606,,0,2.7857619107641503,7.46179596036515,inf,-inf,-0.1823843802956652,0.10386407222804288,-0.23178445570726072,0.13082853903023564,inf,-inf,1.7605059727264267,0.16968123836896365,0.16968123836896365,0.16968123836896365,784,2.825684293706478,1.6720685886180537,1.8644540700322305,,,-1.0160826074808043,4.971011417736591,0.5242739451191939,2.678547628759249,0.42789937321155347,0.0,0.0,4.814828091927137,4.847344837632759,0.5546722018727092,2.7857619107641503,7.46179596036515,2.678547628759249,0.42789937321155347,5910
283,47.459395877554776,-14.488014037064666,0.02882231960141332,0.0,33.00020416009152,-14.488014037064666,nan,0.022514794386487128,0.006307525214926187,47.983932276243266,-14.922901522803757,0.02875696078112059,0.0,33.089787714220634,-14.922901522803757,nan,1338.3758676824984,0.04129579402048758,0.0,0.057660575389600906,32409.49591666663,46.0,46.0,,1.2030574624776782e-05,,,,,,,4.928273521239606,,0,2.7857619107641503,7.46179596036515,inf,-inf,-0.16673775494286022,0.1005898802690579,-0.22255568819374172,0.13894291540555223,inf,-inf,1.760710337759203,0.16965453083660534,0.16965453083660534,0.16965453083660534,784,2.825684293706478,1.6720685886180537,1.8644540700322305,,,-1.0160826074808043,4.971011417736591,0.5242739451191939,2.678547628759249,0.42789937321155347,0.0,0.0,4.814828091927137,4.847344837632759,0.5546722018727092,2.7857619107641503,7.46179596036515,2.678547628759249,0.42789937321155347,5910
284,47.481823596194495,-14.37945905043926,0.028835872969372206,0.0,33.13120041872461,-14.37945905043926,nan,0.02253035466457332,0.006305518304798878,47.983932276243266,-14.922901522803757,0.02875696078112059,0.0,33.089787714220634,-14.922901522803757,nan,1256.449355362521,0.07151045881248834,0.0,0.09887488180158993,17570.148146540752,46.0,46.0,,1.1785190613705043e-05,,,,,,,4.928273521239606,,0,2.7857619107641503,7.46179596036515,inf,-inf,-0.14393573256851488,0.14553722099485517,-0.24958885480654205,0.1961514374420741,inf,-inf,1.7605266077249213,0.16967465587754788,0.16967465587754788,0.16967465587754788,784,2.825684293706478,1.6720685886180537,1.8644540700322305,,,-1.0160826074808043,4.971011417736591,0.5242739451191939,2.678547628759249,0.42789937321155347,0.0,0.0,4.814828091927137,4.847344837632759,0.5546722018727092,2.7857619107641503,7.46179596036515,2.678547628759249,0.42789937321155347,5910
285,47.41040050704567,-14.30315580753572,0.028865460138055042,0.0,33.136110159648005,-14.30315580753572,nan,0.022554029795413988,0.006311430342641052,47.2841272952511,-14.252637287391082,0.028845729773734723,0.0,33.06033573763376,-14.252637287391082,nan,1559.8587855893713,0.04825340995762648,0.0,0.07487595948242372,32326.39490057085,46.0,46.0,,1.1555511720366695e-05,,,,,,,4.917759561987054,,0,2.777694262366504,7.446054999507103,inf,-inf,-0.16503693365975583,0.13873301678254685,-0.246206137867801,0.1172045582641298,inf,-inf,1.7604493375358836,0.1696753635805254,0.1696753635805254,0.1696753635805254,784,2.8236527668555333,1.6714381016903979,1.864247034392638,,,-1.0182162746626637,4.959704896395211,0.5244412883473114,2.6806603953465022,0.4282417980302212,0.0,0.0,4.804279163719978,4.837727625949775,0.5546930313066436,2.777694262366504,7.446054999507103,2.6806603953465022,0.4282417980302212,5910
286,47.2292033957874,-14.480392586827351,0.028874287723488462,0.0,32.77768509668354,-14.480392586827351,nan,0.0225670824234084,0.0063072053000800595,47.2841272952511,-14.252637287391082,0.028845729773734723,0.0,33.06033573763376,-14.252637287391082,nan,1335.4484972956247,0.036433054624747656,0.0,0.045180842678919156,36654.859468975264,46.0,46.0,,1.134156313164068e-05,,,,,,,4.917759561987054,,0,2.777694262366504,7.446054999507103,inf,-inf,-0.15972774709271167,0.10605827629253052,-0.20325057188886517,0.11946004207496347,inf,-inf,1.7606502076886894,0.16965106376894812,0.16965106376894812,0.16965106376894812,784,2.8236527668555333,1.6714381016903979,1.864247034392638,,,-1.0182162746626637,4.959704896395211,0.5244412883473114,2.6806603953465022,0.4282417980302212,0.0,0.0,4.804279163719978,4.837727625949775,0.5546930313066436,2.777694262366504,7.446054999507103,2.6806603953465022,0.4282417980302212,5910
287,47.39067667722782,-14.417847448896827,0.028884237884813632,0.0,33.001713466215804,-14.417847448896827,nan,0.022580292065048448,0.006303945819765184,47.2841272952511,-14.252637287391082,0.028845729773734723,0.0,33.06033573763376,-14.252637287391082,nan,1341.6121628192288,0.05504483343755492,0.0,0.07812385709373677,24373.080615117273,46.0,46.0,,1.1143368309400725e-05,,,,,,,4.917759561987054,,0,2.777694262366504,7.446054999507103,inf,-inf,-0.16762619167043996,0.16559099668332367,-0.20381509823589672,0.19509482166548317,inf,-inf,1.7605141371527975,0.1696616228776273,0.1696616228776273,0.1696616228776273,784,2.8236527668555333,1.6714381016903979,1.864247034392638,,,-1.0182162746626637,4.959704896395211,0.5244412883473114,2.6806603953465022,0.4282417980302212,0.0,0.0,4.804279163719978,4.837727625949775,0.5546930313066436,2.777694262366504,7.446054999507103,2.6806603953465022,0.4282417980302212,5910
288,47.49361682857506,-14.392761307569504,0.028899137651250552,0.0,33.12975465865681,-14.392761307569504,nan,0.022596169831411776,0.006302967819838785,47.2841272952511,-14.252637287391082,0.028845729773734723,0.0,33.06033573763376,-14.252637287391082,nan,1329.3640378361176,0.044396111195097405,0.0,0.06837494992830785,29943.254083544987,46.0,46.0,,1.0960948987942516e-05,,,,,,,4.917759561987054,,0,2.777694262366504,7.446054999507103,inf,-inf,-0.15518432551022857,0.1327896420165344,-0.24833703495603884,0.13353076235934605,inf,-inf,1.7604421727605422,0.16966319624685744,0.16966319624685744,0.16966319624685744,784,2.8236527668555333,1.6714381016903979,1.864247034392638,,,-1.0182162746626637,4.959704896395211,0.5244412883473114,2.6806603953465022,0.4282417980302212,0.0,0.0,4.804279163719978,4.837727625949775,0.5546930313066436,2.777694262366504,7.446054999507103,2.6806603953465022,0.4282417980302212,5910
289,47.42382004017615,-14.481209124061165,0.02891076345552136,0.0,32.97152167957051,-14.481209124061165,nan,0.022609625505920806,0.006301137949600548,47.2841272952511,-14.252637287391082,0.028845729773734723,0.0,33.06033573763376,-14.252637287391082,nan,1228.5338820346467,0.03913683622392388,0.0,0.05329184911159363,31390.730589603936,46.0,46.0,,1.0794325171600374e-05,,,,,,,4.917759561987054,,0,2.777694262366504,7.446054999507103,inf,-inf,-0.1529470606652285,0.11686735196516873,-0.1841714849760232,0.09513834648816447,inf,-inf,1.7605508658716695,0.16964974121320306,0.16964974121320306,0.16964974121320306,784,2.8236527668555333,1.6714381016903979,1.864247034392638,,,-1.0182162746626637,4.959704896395211,0.5244412883473114,2.6806603953465022,0.4282417980302212,0.0,0.0,4.804279163719978,4.837727625949775,0.5546930313066436,2.777694262366504,7.446054999507103,2.6806603953465022,0.4282417980302212,5910
290,47.4895962600832,-14.303572786946827,0.028922037868335543,0.0,33.21494551100471,-14.303572786946827,nan,0.02262284566273514,0.00629919220560041,48.25129613627304,-14.992442256580567,0.028903375162132445,0.0,33.287757254854604,-14.992442256580567,nan,1602.403149666027,0.051572941848990334,0.0,0.07996899817540432,31070.61750244907,46.0,46.0,,1.06435151325534e-05,,,,,,,4.9095584335395275,,0,2.770475488085639,7.4363580349460285,inf,-inf,-0.19123377996170263,0.11319110213850017,-0.24083464723242687,0.11964042220321791,inf,-inf,1.7604078022804663,0.16965770675957878,0.16965770675957878,0.16965770675957878,784,2.821926033936096,1.670903416482776,1.8638466990188527,,,-1.0198975711165326,4.951460626219593,0.5246996529271167,2.6841450382527845,0.42880597931029246,0.0,0.0,4.795904450297566,4.8299052613076885,0.5549341583188332,2.770475488085639,7.4363580349460285,2.6841450382527845,0.42880597931029246,5910
291,47.46538952214042,-14.527697191520422,0.02894002306603227,0.0,32.96663235368603,-14.527697191520422,nan,0.02263940842759498,0.006300614638437295,48.25129613627304,-14.992442256580567,0.028903375162132445,0.0,33.287757254854604,-14.992442256580567,nan,1042.8443621732658,0.044886447849164256,0.0,0.05833758730387761,23232.944733733984,46.0,46.0,,1.0508535408821867e-05,,,,,,,4.9095584335395275,,0,2.770475488085639,7.4363580349460285,inf,-inf,-0.1450057558974104,0.10344572091035534,-0.18030641835326772,0.15569876443291322,inf,-inf,1.7603278632237394,0.16965948603514686,0.16965948603514686,0.16965948603514686,784,2.821926033936096,1.670903416482776,1.8638466990188527,,,-1.0198975711165326,4.951460626219593,0.5246996529271167,2.6841450382527845,0.42880597931029246,0.0,0.0,4.795904450297566,4.8299052613076885,0.5549341583188332,2.770475488085639,7.4363580349460285,2.6841450382527845,0.42880597931029246,5910
292,47.22821458959341,-14.460358933565242,0.028948998135115967,0.0,32.796804654163275,-14.460358933565242,nan,0.022650645865692754,0.0062983522694232096,48.25129613627304,-14.992442256580567,0.028903375162132445,0.0,33.287757254854604,-14.992442256580567,nan,1294.745657747525,0.033410112518073284,0.0,0.042429332445981294,38753.10677409809,46.0,46.0,,1.0389400802453577e-05,,,,,,,4.9095584335395275,,0,2.770475488085639,7.4363580349460285,inf,-inf,-0.18065721835396747,0.08776471440549913,-0.20426366119296335,0.12458356672663903,inf,-inf,1.7604658358767278,0.16963772451798015,0.16963772451798015,0.16963772451798015,784,2.821926033936096,1.670903416482776,1.8638466990188527,,,-1.0198975711165326,4.951460626219593,0.5246996529271167,2.6841450382527845,0.42880597931029246,0.0,0.0,4.795904450297566,4.8299052613076885,0.5549341583188332,2.770475488085639,7.4363580349460285,2.6841450382527845,0.42880597931029246,5910
293,47.4830072682579,-14.044974885035236,0.02896204563109778,0.0,33.46699442885376,-14.044974885035236,nan,0.022664445193196624,0.006297600437901156,48.25129613627304,-14.992442256580567,0.028903375162132445,0.0,33.287757254854604,-14.992442256580567,nan,1817.4967940129127,0.10159235364923752,0.0,0.1701338362386086,17890.094369583036,46.0,46.0,,1.0286124377900624e-05,,,,,,,4.9095584335395275,,0,2.770475488085639,7.4363580349460285,inf,-inf,-0.2080871238691278,0.16691592541603803,-0.2912075662595849,0.15650331550855764,inf,-inf,1.7598514108019332,0.16967533844992524,0.16967533844992524,0.16967533844992524,784,2.821926033936096,1.670903416482776,1.8638466990188527,,,-1.0198975711165326,4.951460626219593,0.5246996529271167,2.6841450382527845,0.42880597931029246,0.0,0.0,4.795904450297566,4.8299052613076885,0.5549341583188332,2.770475488085639,7.4363580349460285,2.6841450382527845,0.42880597931029246,5910
294,47.4045182237117,-14.307832927830464,0.029011526169430802,0.0,33.125696822050664,-14.307832927830464,nan,0.02269730368917822,0.006314222480252591,48.25129613627304,-14.992442256580567,0.028903375162132445,0.0,33.287757254854604,-14.992442256580567,nan,1504.4033577487178,0.06229829689691336,0.0,0.09701710098433555,24148.38659615517,46.0,46.0,,1.0198717460586795e-05,,,,,,,4.9095584335395275,,0,2.770475488085639,7.4363580349460285,inf,-inf,-0.18540127844910181,0.12736781909446854,-0.22425843648899904,0.19794822604182763,inf,-inf,1.7595597998578227,0.16970646217251217,0.16970646217251217,0.16970646217251217,784,2.821926033936096,1.670903416482776,1.8638466990188527,,,-1.0198975711165326,4.951460626219593,0.5246996529271167,2.6841450382527845,0.42880597931029246,0.0,0.0,4.795904450297566,4.8299052613076885,0.5549341583188332,2.770475488085639,7.4363580349460285,2.6841450382527845,0.42880597931029246,5910
295,47.248186264234285,-14.51245608828475,0.029029446643626108,0.0,32.76475962259316,-14.51245608828475,nan,0.02271338921330607,0.006316057430320028,47.8615925571344,-14.851397405576446,0.029003519742256137,0.0,33.039198671300205,-14.851397405576446,nan,1118.4382323655875,0.05118087385917738,0.0,0.06390302089299263,21852.659949553352,46.0,46.0,,1.0127189635665535e-05,,,,,,,4.89923794197731,,0,2.7619000091700734,7.422465188031818,inf,-inf,-0.20718255063513746,0.0967577654540713,-0.23299062854686783,0.15065719917943188,inf,-inf,1.7596878739568491,0.16969345116321485,0.16969345116321485,0.16969345116321485,784,2.8200925775686754,1.670331929610603,1.8639373470235183,,,-1.0219847754949745,4.94120534406605,0.5247688549155246,2.687448916828167,0.42934021790952515,0.0,0.0,4.785582796516532,4.819308121181729,0.5548682127359483,2.7619000091700734,7.422465188031818,2.687448916828167,0.42934021790952515,5910
296,47.177402876124006,-14.11184396546133,0.02903765397584541,0.0,33.09459656463852,-14.11184396546133,nan,0.02272312071142075,0.006314533264424649,47.8615925571344,-14.851397405576446,0.029003519742256137,0.0,33.039198671300205,-14.851397405576446,nan,1923.6614688672091,0.050439669818810956,0.0,0.07831182925330142,38137.86798718891,46.0,46.0,,1.0071548746968918e-05,,,,,,,4.89923794197731,,0,2.7619000091700734,7.422465188031818,inf,-inf,-0.17043729053699538,0.13514530788528817,-0.2013413668359016,0.11176992080977839,inf,-inf,1.759728012922153,0.16968593091410553,0.16968593091410553,0.16968593091410553,784,2.8200925775686754,1.670331929610603,1.8639373470235183,,,-1.0219847754949745,4.94120534406605,0.5247688549155246,2.687448916828167,0.42934021790952515,0.0,0.0,4.785582796516532,4.819308121181729,0.5548682127359483,2.7619000091700734,7.422465188031818,2.687448916828167,0.42934021790952515,5910
297,47.124514732511095,-14.259655215593863,0.029052598194771993,0.0,32.89391211511201,-14.259655215593863,nan,0.022737041825088483,0.006315556369683513,47.8615925571344,-14.851397405576446,0.029003519742256137,0.0,33.039198671300205,-14.851397405576446,nan,1610.5529099954285,0.04120092759531387,0.0,0.052858607463548354,39090.209953880025,46.0,46.0,,1.0031800896147403e-05,,,,,,,4.89923794197731,,0,2.7619000091700734,7.422465188031818,inf,-inf,-0.19420081967063493,0.12101227132789368,-0.22941250116336007,0.11165595574441957,inf,-inf,1.7598848951921657,0.16966814097630634,0.16966814097630634,0.16966814097630634,784,2.8200925775686754,1.670331929610603,1.8639373470235183,,,-1.0219847754949745,4.94120534406605,0.5247688549155246,2.687448916828167,0.42934021790952515,0.0,0.0,4.785582796516532,4.819308121181729,0.5548682127359483,2.7619000091700734,7.422465188031818,2.687448916828167,0.42934021790952515,5910
298,47.19288957949674,-14.44700064227162,0.02906034438073827,0.0,32.77494928160586,-14.44700064227162,nan,0.022746516223830292,0.00631382815690799,47.8615925571344,-14.851397405576446,0.029003519742256137,0.0,33.039198671300205,-14.851397405576446,nan,1383.5551998001358,0.042177809260949814,0.0,0.05015280325903961,32802.91755411526,46.0,46.0,,1.000795044200074e-05,,,,,,,4.89923794197731,,0,2.7619000091700734,7.422465188031818,inf,-inf,-0.14831951217423708,0.08947786803431751,-0.18685170172493692,0.15102900414389897,inf,-inf,1.759925808301671,0.1696626408102826,0.1696626408102826,0.1696626408102826,784,2.8200925775686754,1.670331929610603,1.8639373470235183,,,-1.0219847754949745,4.94120534406605,0.5247688549155246,2.687448916828167,0.42934021790952515,0.0,0.0,4.785582796516532,4.819308121181729,0.5548682127359483,2.7619000091700734,7.422465188031818,2.687448916828167,0.42934021790952515,5910
299,47.28566032392216,-14.383488218820046,0.029070294372670887,0.0,32.93124239947478,-14.383488218820046,nan,0.022757655260683688,0.006312639111987212,47.8615925571344,-14.851397405576446,0.029003519742256137,0.0,33.039198671300205,-14.851397405576446,nan,1356.7040485266027,0.05009178659771148,0.0,0.0651947755312443,27084.361342954893,46.0,46.0,,1e-05,,,,,,,4.89923794197731,,0,2.7619000091700734,7.422465188031818,inf,-inf,-0.18339075932293725,0.10009268026146634,-0.2049228797700706,0.14606527224970703,inf,-inf,1.759858954485836,0.1696639046494507,0.1696639046494507,0.1696639046494507,784,2.8200925775686754,1.670331929610603,1.8639373470235183,,,-1.0219847754949745,4.94120534406605,0.5247688549155246,2.687448916828167,0.42934021790952515,0.0,0.0,4.785582796516532,4.819308121181729,0.5548682127359483,2.7619000091700734,7.422465188031818,2.687448916828167,0.42934021790952515,5910
