epoch,train_data,train_phys,train_kl,train_state_reg,train_total,train_pde,train_bc,train_eta_prior,train_kl_only,test_data,test_phys,test_kl,test_state_reg,test_total,test_pde,test_bc,grad_mean_net,grad_vgp_eta,grad_vgp_lambda,grad_eta_log_shift,grad_ratio,vgp_updates,mean_updates,lr_mean_net,lr_vgp_eta,lr_vgp_lambda,mean_net_opt_kind,log10_eta_rmse,log10_eta_bias,log10_eta_r,rel_eta_rmse,eta_pred_mean,eta_ref_mean,mean_net_frozen,eta_min,eta_max,lambda_min,lambda_max,rux_min,rux_max,rvy_min,rvy_max,rh_min,rh_max,kernel_amplitude,kernel_length_scale,kernel_length_scale_x,kernel_length_scale_y,num_inducing,eta_post_var_mean,eta_post_std_mean,eta_post_std_p90,calibration_within_1sigma,calibration_within_2sigma,eta_log_shift,eta_median,eta_std,eta_max_over_min,eta_log10_range,eta_frac_at_floor,eta_frac_at_floor_grounded,eta_mean_grounded,eta_median_grounded,eta_min_grounded,eta_max_grounded
0,1.860166640256493,13274.960861173935,0.002364732123941677,0.0,13276.823392546316,13274.960861173935,nan,1.8608154408216712e-06,0.0023628713085008554,1.920822918985497,10988.60765845516,0.006867886377423133,0.0,10990.535349260523,10988.60765845516,nan,0.0,8016.091860301871,0.0,26541.97153263106,0.0,46.0,0.0,,0.0002999920495579992,,,,,,,14.745395013193361,,1,14.520131674643512,15.024643049253369,inf,-inf,-26.12637708690835,26.12229112445931,-28.301234403212213,32.14187846099892,inf,-inf,1.9735664793101741,0.17898647041350912,0.17898647041350912,0.17898647041350912,784,3.9608799527286283,1.9901216616249549,2.013402916361952,,,-0.013799068513379949,14.73651330540266,0.08408427936026325,1.034745647347736,0.014833608219126937,0.0,0.0,14.750081604457623,14.737375917771665,14.561054763053573,15.024643049253369
1,1.8720176267197468,11711.245946545225,0.01699181171275246,0.0,11713.134955983658,11711.245946545225,nan,1.3332364475065262e-05,0.01697847934827739,1.920822918985497,10988.60765845516,0.006867886377423133,0.0,10990.535349260523,10988.60765845516,nan,0.0,6890.443213416962,0.0,23415.53616848423,0.0,46.0,0.0,,0.00029996819910385256,,,,,,,14.745395013193361,,1,14.520131674643512,15.024643049253369,inf,-inf,-25.243415038894906,24.188694278194102,-27.312032617015234,29.6232395242047,inf,-inf,1.9474092079684642,0.1814967251973266,0.1814967251973266,0.1814967251973266,784,3.9608799527286283,1.9901216616249549,2.013402916361952,,,-0.013799068513379949,14.73651330540266,0.08408427936026325,1.034745647347736,0.014833608219126937,0.0,0.0,14.750081604457623,14.737375917771665,14.561054763053573,15.024643049253369
2,1.8678511306683985,10354.194479435375,0.04638196191061707,0.0,10356.108712527954,10354.194479435375,nan,3.650257461462356e-05,0.04634545933600243,1.920822918985497,10988.60765845516,0.006867886377423133,0.0,10990.535349260523,10988.60765845516,nan,0.0,6048.342985642661,0.0,20702.4436117934,0.0,46.0,0.0,,0.000299928451253031,,,,,,,14.745395013193361,,1,14.520131674643512,15.024643049253369,inf,-inf,-24.120380826257556,22.213429094834733,-25.09009179457575,27.890525362116623,inf,-inf,1.9224140223417001,0.18401839417814236,0.18401839417814236,0.18401839417814236,784,3.9608799527286283,1.9901216616249549,2.013402916361952,,,-0.013799068513379949,14.73651330540266,0.08408427936026325,1.034745647347736,0.014833608219126937,0.0,0.0,14.750081604457623,14.737375917771665,14.561054763053573,15.024643049253369
3,1.8593858370156924,9176.870419799132,0.08572402547480877,0.0,9178.815529661622,9176.870419799132,nan,7.149835913070555e-05,0.08565252711567804,1.920822918985497,10988.60765845516,0.006867886377423133,0.0,10990.535349260523,10988.60765845516,nan,0.0,5243.249513594843,0.0,18348.82054840806,0.0,46.0,0.0,,0.0002998728103643344,,,,,,,14.745395013193361,,1,14.520131674643512,15.024643049253369,inf,-inf,-23.60218998959124,21.350074314644736,-22.958744410681202,25.703498808211503,inf,-inf,1.898026858758576,0.18658257108548978,0.18658257108548978,0.18658257108548978,784,3.9608799527286283,1.9901216616249549,2.013402916361952,,,-0.013799068513379949,14.73651330540266,0.08408427936026325,1.034745647347736,0.014833608219126937,0.0,0.0,14.750081604457623,14.737375917771665,14.561054763053573,15.024643049253369
4,1.862471106251207,8153.702463960041,0.1290443259641875,0.0,8155.693979392257,8153.702463960041,nan,0.00011865419658306706,0.12892567176760444,1.920822918985497,10988.60765845516,0.006867886377423133,0.0,10990.535349260523,10988.60765845516,nan,0.0,4617.144069347158,0.0,16303.668790663096,0.0,46.0,0.0,,0.00029980128253941313,,,,,,,14.745395013193361,,1,14.520131674643512,15.024643049253369,inf,-inf,-22.660563668774525,20.824865504742696,-20.894511017741063,23.54640343834492,inf,-inf,1.8744513617576914,0.18913928937337554,0.18913928937337554,0.18913928937337554,784,3.9608799527286283,1.9901216616249549,2.013402916361952,,,-0.013799068513379949,14.73651330540266,0.08408427936026325,1.034745647347736,0.014833608219126937,0.0,0.0,14.750081604457623,14.737375917771665,14.561054763053573,15.024643049253369
5,1.8845404536419457,7280.219596909207,0.17372455313985172,0.0,7282.277861915989,7280.219596909207,nan,0.00017722203571259265,0.17354733110413917,1.920822918985497,6452.1403367138555,0.1960241671805255,0.0,6454.257183800021,6452.1403367138555,nan,0.0,4066.469149537857,0.0,14558.28317908744,0.0,46.0,0.0,,0.0002997138756220993,,,,,,,13.505855279248674,,1,12.58514476709004,15.030961988668036,inf,-inf,-21.867298488245613,20.026347654278702,-19.303877732110504,21.253141116492404,inf,-inf,1.8523488707963056,0.19163356821560568,0.19163356821560568,0.19163356821560568,784,3.8289609130274678,1.9537903459144066,2.091661557114685,,,-0.08274575924327877,13.447686518244117,0.39122330448907283,1.1943416040770363,0.07712856092000187,0.0,0.0,13.534184384762252,13.438028924890727,12.735200065017763,15.030961988668036
6,1.8713849417786523,6520.616872012939,0.21754919824621172,0.0,6522.705806152964,6520.616872012939,nan,0.00024867133237942775,0.21730052691383228,1.920822918985497,6452.1403367138555,0.1960241671805255,0.0,6454.257183800021,6452.1403367138555,nan,0.0,3569.4463473076203,0.0,13040.696043784075,0.0,46.0,0.0,,0.0002996105991975463,,,,,,,13.505855279248674,,1,12.58514476709004,15.030961988668036,inf,-inf,-20.890732697182575,19.278967391069493,-17.510624298566576,20.43770970655767,inf,-inf,1.830378309389175,0.19422847296743043,0.19422847296743043,0.19422847296743043,784,3.8289609130274678,1.9537903459144066,2.091661557114685,,,-0.08274575924327877,13.447686518244117,0.39122330448907283,1.1943416040770363,0.07712856092000187,0.0,0.0,13.534184384762252,13.438028924890727,12.735200065017763,15.030961988668036
7,1.869003642192762,5874.97458962751,0.26163126862165087,0.0,5877.105224538324,5874.97458962751,nan,0.00033259747887301076,0.26129867114277794,1.920822918985497,6452.1403367138555,0.1960241671805255,0.0,6454.257183800021,6452.1403367138555,nan,0.0,3113.2041353271284,0.0,11750.958241699283,0.0,46.0,0.0,,0.000299491464591178,,,,,,,13.505855279248674,,1,12.58514476709004,15.030961988668036,inf,-inf,-20.06086103801833,18.40494325498923,-16.835638771510588,18.85881662561519,inf,-inf,1.809428540364935,0.1968426739672196,0.1968426739672196,0.1968426739672196,784,3.8289609130274678,1.9537903459144066,2.091661557114685,,,-0.08274575924327877,13.447686518244117,0.39122330448907283,1.1943416040770363,0.07712856092000187,0.0,0.0,13.534184384762252,13.438028924890727,12.735200065017763,15.030961988668036
8,1.8704740170743945,5311.593172219124,0.301313756527794,0.0,5313.764959992726,5311.593172219124,nan,0.0004296354482869025,0.30088412107950707,1.920822918985497,6452.1403367138555,0.1960241671805255,0.0,6454.257183800021,6452.1403367138555,nan,0.0,2808.810822497652,0.0,10625.50878015401,0.0,46.0,0.0,,0.00029935648486744646,,,,,,,13.505855279248674,,1,12.58514476709004,15.030961988668036,inf,-inf,-19.371476352461848,18.729418341660107,-16.009407401192973,17.88491988489695,inf,-inf,1.789211953408138,0.19943635866932435,0.19943635866932435,0.19943635866932435,784,3.8289609130274678,1.9537903459144066,2.091661557114685,,,-0.08274575924327877,13.447686518244117,0.39122330448907283,1.1943416040770363,0.07712856092000187,0.0,0.0,13.534184384762252,13.438028924890727,12.735200065017763,15.030961988668036
9,1.8703329332929868,4829.358888789467,0.3408220758958204,0.0,4831.570043798655,4829.358888789467,nan,0.000538754806148097,0.34028332108967235,1.920822918985497,6452.1403367138555,0.1960241671805255,0.0,6454.257183800021,6452.1403367138555,nan,0.0,2460.5914533929295,0.0,9662.298867388577,0.0,46.0,0.0,,0.00029920567482839947,,,,,,,13.505855279248674,,1,12.58514476709004,15.030961988668036,inf,-inf,-18.07947630204604,19.014238441083933,-15.38091585208651,17.050463454373887,inf,-inf,1.7695558595896732,0.201975732616652,0.201975732616652,0.201975732616652,784,3.8289609130274678,1.9537903459144066,2.091661557114685,,,-0.08274575924327877,13.447686518244117,0.39122330448907283,1.1943416040770363,0.07712856092000187,0.0,0.0,13.534184384762252,13.438028924890727,12.735200065017763,15.030961988668036
10,1.866029708127476,4404.746758486212,0.3776650284983118,0.0,4406.9904532228375,4404.746758486212,nan,0.0006616788341447698,0.3770033496641671,1.920822918985497,4175.1729869630235,0.3976396509841979,0.0,4177.491449532993,4175.1729869630235,nan,0.0,2230.264570307002,0.0,8814.187487996842,0.0,46.0,0.0,,0.00029903905101205734,,,,,,,12.329819323601653,,1,10.991291409533627,14.864699456840208,inf,-inf,-17.766960887908848,19.039227299576684,-14.714868421647044,15.771689260401965,inf,-inf,1.7505272552214715,0.20453637683688172,0.20453637683688172,0.20453637683688172,784,3.655024732642546,1.904527359342167,2.1115686647939746,,,-0.15154456308482717,12.235297684526525,0.5840061514831113,1.3524070014144893,0.13110741044318974,0.0,0.0,12.38410347922719,12.222578645637014,11.222253225539532,14.864699456840208
11,1.8715595224464423,4024.3594493289593,0.4143840008039908,0.0,4026.64539285221,4024.3594493289593,nan,0.0007972979346207577,0.41358670286936994,1.920822918985497,4175.1729869630235,0.3976396509841979,0.0,4177.491449532993,4175.1729869630235,nan,0.0,1999.3887494984122,0.0,8054.4008787670655,0.0,46.0,0.0,,0.0002988566316905992,,,,,,,12.329819323601653,,1,10.991291409533627,14.864699456840208,inf,-inf,-16.80136798993205,19.23045150330047,-14.13091886016118,14.93163390667594,inf,-inf,1.7324339100800608,0.2069160522104654,0.2069160522104654,0.2069160522104654,784,3.655024732642546,1.904527359342167,2.1115686647939746,,,-0.15154456308482717,12.235297684526525,0.5840061514831113,1.3524070014144893,0.13110741044318974,0.0,0.0,12.38410347922719,12.222578645637014,11.222253225539532,14.864699456840208
12,1.8674101947729946,3693.424265105525,0.45061973108097714,0.0,3695.7422950313794,3693.424265105525,nan,0.0009456702088439578,0.4496740608721331,1.920822918985497,4175.1729869630235,0.3976396509841979,0.0,4177.491449532993,4175.1729869630235,nan,0.0,1806.5538255249633,0.0,7393.503683862641,0.0,46.0,0.0,,0.00029865843686835924,,,,,,,12.329819323601653,,1,10.991291409533627,14.864699456840208,inf,-inf,-16.307651113197643,18.53207364664871,-13.450265492508377,13.634586373611375,inf,-inf,1.714464239257366,0.20939292128088582,0.20939292128088582,0.20939292128088582,784,3.655024732642546,1.904527359342167,2.1115686647939746,,,-0.15154456308482717,12.235297684526525,0.5840061514831113,1.3524070014144893,0.13110741044318974,0.0,0.0,12.38410347922719,12.222578645637014,11.222253225539532,14.864699456840208
13,1.8689263273023928,3396.559194250773,0.48452291094965433,0.0,3398.912643489025,3396.559194250773,nan,0.0011069391310527196,0.4834159718186016,1.920822918985497,4175.1729869630235,0.3976396509841979,0.0,4177.491449532993,4175.1729869630235,nan,0.0,1630.0646252903664,0.0,6800.672184963374,0.0,46.0,0.0,,0.00029844448827963323,,,,,,,12.329819323601653,,1,10.991291409533627,14.864699456840208,inf,-inf,-15.557619836047623,17.64223402964635,-12.831346829779434,12.854469379247641,inf,-inf,1.6972722090409684,0.21185524850035056,0.21185524850035056,0.21185524850035056,784,3.655024732642546,1.904527359342167,2.1115686647939746,,,-0.15154456308482717,12.235297684526525,0.5840061514831113,1.3524070014144893,0.13110741044318974,0.0,0.0,12.38410347922719,12.222578645637014,11.222253225539532,14.864699456840208
14,1.876506456215984,3129.7325070004076,0.5183823512015274,0.0,3132.127395807825,3129.7325070004076,nan,0.0012812496964669292,0.5171011015050605,1.920822918985497,4175.1729869630235,0.3976396509841979,0.0,4177.491449532993,4175.1729869630235,nan,0.0,1493.4648335005322,0.0,6267.740536179524,0.0,46.0,0.0,,0.0002982148093862949,,,,,,,12.329819323601653,,1,10.991291409533627,14.864699456840208,inf,-inf,-14.820563178388637,16.898290451420205,-12.531955756797293,11.933235845943184,inf,-inf,1.6810413505509487,0.21419256540385045,0.21419256540385045,0.21419256540385045,784,3.655024732642546,1.904527359342167,2.1115686647939746,,,-0.15154456308482717,12.235297684526525,0.5840061514831113,1.3524070014144893,0.13110741044318974,0.0,0.0,12.38410347922719,12.222578645637014,11.222253225539532,14.864699456840208
15,1.8589684148041115,2884.8121065600735,0.5549444379802392,0.0,2887.226019412858,2884.8121065600735,nan,0.0014687687955728583,0.5534756691846663,1.920822918985497,2808.9880598408427,0.5720557259732963,0.0,2811.4809384858013,2808.9880598408427,nan,0.0,1389.2777396455901,0.0,5778.659149672201,0.0,46.0,0.0,,0.00029796942537522314,,,,,,,11.237763484922601,,1,9.691088751278095,14.467695559271617,inf,-inf,-14.306470713083607,16.10795295968465,-11.876553712779128,10.935033843980039,inf,-inf,1.6656063314380014,0.21654461844629885,0.21654461844629885,0.21654461844629885,784,3.4536300727859985,1.8472565557461464,2.0954944042172143,,,-0.22010484088454016,11.120251457361732,0.7057220935554754,1.4928864991937636,0.17402679054645742,0.0,0.0,11.309659563462946,11.113250359079267,9.950057636842311,14.467695559271617
16,1.8606569387425491,2668.986065108503,0.5894480887359065,0.0,2671.4361701359817,2668.986065108503,nan,0.0016683800719912224,0.5877797086639153,1.920822918985497,2808.9880598408427,0.5720557259732963,0.0,2811.4809384858013,2808.9880598408427,nan,0.0,1271.9408117656299,0.0,5347.756186316999,0.0,46.0,0.0,,0.00029770836315553997,,,,,,,11.237763484922601,,1,9.691088751278095,14.467695559271617,inf,-inf,-13.76881974175372,15.707905292160744,-11.441573829502515,10.520952479909406,inf,-inf,1.6507982577568676,0.2189658923668859,0.2189658923668859,0.2189658923668859,784,3.4536300727859985,1.8472565557461464,2.0954944042172143,,,-0.22010484088454016,11.120251457361732,0.7057220935554754,1.4928864991937636,0.17402679054645742,0.0,0.0,11.309659563462946,11.113250359079267,9.950057636842311,14.467695559271617
17,1.8688719625968402,2470.659040037708,0.6218170266110874,0.0,2473.1497290269162,2470.659040037708,nan,0.0018806632994355255,0.6199363633116519,1.920822918985497,2808.9880598408427,0.5720557259732963,0.0,2811.4809384858013,2808.9880598408427,nan,0.0,1149.6920138878363,0.0,4951.664233673263,0.0,46.0,0.0,,0.0002974316513556598,,,,,,,11.237763484922601,,1,9.691088751278095,14.467695559271617,inf,-inf,-13.12564584857908,14.941839439892147,-11.031886618648445,9.582234170044144,inf,-inf,1.6363977810125612,0.2211961044233808,0.2211961044233808,0.2211961044233808,784,3.4536300727859985,1.8472565557461464,2.0954944042172143,,,-0.22010484088454016,11.120251457361732,0.7057220935554754,1.4928864991937636,0.17402679054645742,0.0,0.0,11.309659563462946,11.113250359079267,9.950057636842311,14.467695559271617
18,1.8727535952668846,2290.1406239974535,0.6579176736752185,0.0,2292.671295266395,2290.1406239974535,nan,0.0021052966166553236,0.6558123770585634,1.920822918985497,2808.9880598408427,0.5720557259732963,0.0,2811.4809384858013,2808.9880598408427,nan,0.0,1094.1488433430286,0.0,4591.280150721837,0.0,46.0,0.0,,0.0002971393203201496,,,,,,,11.237763484922601,,1,9.691088751278095,14.467695559271617,inf,-inf,-12.650700610083184,14.194709028050502,-10.540288450403544,8.9768290664011,inf,-inf,1.6227302275350701,0.22353004444694477,0.22353004444694477,0.22353004444694477,784,3.4536300727859985,1.8472565557461464,2.0954944042172143,,,-0.22010484088454016,11.120251457361732,0.7057220935554754,1.4928864991937636,0.17402679054645742,0.0,0.0,11.309659563462946,11.113250359079267,9.950057636842311,14.467695559271617
19,1.878639736168974,2124.6443854995123,0.6948319464222906,0.0,2127.2178571821037,2124.6443854995123,nan,0.002342349290599014,0.6924895971316919,1.920822918985497,2808.9880598408427,0.5720557259732963,0.0,2811.4809384858013,2808.9880598408427,nan,0.0,964.8786104721988,0.0,4260.810589074543,0.0,46.0,0.0,,0.00029683140210640173,,,,,,,11.237763484922601,,1,9.691088751278095,14.467695559271617,inf,-inf,-12.298977860944058,13.458931398392316,-10.144248157878682,8.672359552160176,inf,-inf,1.6093459676863913,0.2258755219738903,0.2258755219738903,0.2258755219738903,784,3.4536300727859985,1.8472565557461464,2.0954944042172143,,,-0.22010484088454016,11.120251457361732,0.7057220935554754,1.4928864991937636,0.17402679054645742,0.0,0.0,11.309659563462946,11.113250359079267,9.950057636842311,14.467695559271617
20,1.8724399117319823,1974.167214866557,0.7277224138207055,0.0,1976.7673771921097,1974.167214866557,nan,0.00259214796263421,0.7251302658580707,1.920822918985497,1942.3437865662122,0.7446029146137537,0.0,1945.0092123998115,1942.3437865662122,nan,0.0,939.4525862385218,0.0,3960.383686552996,0.0,46.0,0.0,,0.00029650793048111826,,,,,,,10.241336445793442,,1,8.585602529742385,13.857989302205436,inf,-inf,-11.959725773357999,12.668686479295038,-9.824628758476328,7.78710290302882,inf,-inf,1.5970505480823298,0.22810826377213603,0.22810826377213603,0.22810826377213603,784,3.2527442400731563,1.7890623724788246,2.0634598361761975,,,-0.28833672553912376,10.109554111005112,0.7790486313251265,1.6140963029907758,0.20792944278368264,0.0,0.0,10.324678440872244,10.103340629207828,8.875872392666544,13.857989302205436
21,1.8680894287116658,1837.644140026846,0.7633726537800171,0.0,1840.2756021093376,1837.644140026846,nan,0.002853390503426167,0.7605192632765909,1.920822918985497,1942.3437865662122,0.7446029146137537,0.0,1945.0092123998115,1942.3437865662122,nan,0.0,851.578620016701,0.0,3687.9295276669723,0.0,46.0,0.0,,0.0002961689409166081,,,,,,,10.241336445793442,,1,8.585602529742385,13.857989302205436,inf,-inf,-11.514823777638837,11.800653911815632,-9.319510719247782,7.041852736753171,inf,-inf,1.5852695878593503,0.2303252735853706,0.2303252735853706,0.2303252735853706,784,3.2527442400731563,1.7890623724788246,2.0634598361761975,,,-0.28833672553912376,10.109554111005112,0.7790486313251265,1.6140963029907758,0.20792944278368264,0.0,0.0,10.324678440872244,10.103340629207828,8.875872392666544,13.857989302205436
22,1.8711357357574572,1709.5554132632226,0.7944371587757588,0.0,1712.2209861577558,1709.5554132632226,nan,0.003128119093672232,0.7913090396820865,1.920822918985497,1942.3437865662122,0.7446029146137537,0.0,1945.0092123998115,1942.3437865662122,nan,0.0,794.7894007943032,0.0,3432.1637364239573,0.0,46.0,0.0,,0.0002958144705868971,,,,,,,10.241336445793442,,1,8.585602529742385,13.857989302205436,inf,-inf,-11.187638151346219,11.54722461604774,-9.076243239247855,6.808177130529151,inf,-inf,1.573642402606775,0.23240130751775248,0.23240130751775248,0.23240130751775248,784,3.2527442400731563,1.7890623724788246,2.0634598361761975,,,-0.28833672553912376,10.109554111005112,0.7790486313251265,1.6140963029907758,0.20792944278368264,0.0,0.0,10.324678440872244,10.103340629207828,8.875872392666544,13.857989302205436
23,1.867025470479847,1591.542857930052,0.8310136873262847,0.0,1594.240897087858,1591.542857930052,nan,0.003414944972429029,0.8275987423538558,1.920822918985497,1942.3437865662122,0.7446029146137537,0.0,1945.0092123998115,1942.3437865662122,nan,0.0,733.105784763968,0.0,3196.643636086138,0.0,46.0,0.0,,0.0002954445583636514,,,,,,,10.241336445793442,,1,8.585602529742385,13.857989302205436,inf,-inf,-10.897352241960963,10.600879649325053,-8.766394035178022,6.092700738812691,inf,-inf,1.5626497836512234,0.2344659444939831,0.2344659444939831,0.2344659444939831,784,3.2527442400731563,1.7890623724788246,2.0634598361761975,,,-0.28833672553912376,10.109554111005112,0.7790486313251265,1.6140963029907758,0.20792944278368264,0.0,0.0,10.324678440872244,10.103340629207828,8.875872392666544,13.857989302205436
24,1.874229515084471,1484.90156884127,0.8604769885231951,0.0,1487.6362753448777,1484.90156884127,nan,0.0037122264398328085,0.8567647620833619,1.920822918985497,1942.3437865662122,0.7446029146137537,0.0,1945.0092123998115,1942.3437865662122,nan,0.0,685.2597200745516,0.0,2983.71702694148,0.0,46.0,0.0,,0.00029505924481191474,,,,,,,10.241336445793442,,1,8.585602529742385,13.857989302205436,inf,-inf,-10.463357175586886,9.81196931818129,-8.460171936644164,5.842740308477931,inf,-inf,1.5523021174656395,0.23642199281591136,0.23642199281591136,0.23642199281591136,784,3.2527442400731563,1.7890623724788246,2.0634598361761975,,,-0.28833672553912376,10.109554111005112,0.7790486313251265,1.6140963029907758,0.20792944278368264,0.0,0.0,10.324678440872244,10.103340629207828,8.875872392666544,13.857989302205436
25,1.8706503140900756,1387.7646659934653,0.8954968197191108,0.0,1390.5308131272743,1387.7646659934653,nan,0.004021072449582197,0.8914757472695286,1.920822918985497,1365.8959278097918,0.9085645016745896,0.0,1368.725315230452,1365.8959278097918,nan,0.0,645.6505447590023,0.0,2789.9226503789673,0.0,46.0,0.0,,0.0002946585721856603,,,,,,,9.338198974341076,,1,7.640979438105982,13.755904179398822,inf,-inf,-10.312140968698914,9.142320882524134,-8.088968729354105,5.643827282350247,inf,-inf,1.5427085477689828,0.23832613257338192,0.23832613257338192,0.23832613257338192,784,3.0612837150462218,1.7322734277328184,2.027366423011433,,,-0.35615136495870203,9.194378646670895,0.8196696387438925,1.800280224652533,0.2553401109633726,0.0,0.0,9.430038797438437,9.190253566242014,7.883876458633387,13.755904179398822
26,1.8529967487289283,1294.8278000885693,0.9247189253295758,0.0,1297.6055157626279,1294.8278000885693,nan,0.004343470196072656,0.9203754551335027,1.920822918985497,1365.8959278097918,0.9085645016745896,0.0,1368.725315230452,1365.8959278097918,nan,0.0,597.154399097767,0.0,2604.4206289461117,0.0,46.0,0.0,,0.0002942425844231566,,,,,,,9.338198974341076,,1,7.640979438105982,13.755904179398822,inf,-inf,-9.868421728825687,8.736294080036,-7.843503500638847,5.439585302230841,inf,-inf,1.5330836372036838,0.2402860705113563,0.2402860705113563,0.2402860705113563,784,3.0612837150462218,1.7322734277328184,2.027366423011433,,,-0.35615136495870203,9.194378646670895,0.8196696387438925,1.800280224652533,0.2553401109633726,0.0,0.0,9.430038797438437,9.190253566242014,7.883876458633387,13.755904179398822
27,1.8585970761345578,1209.7037508215374,0.9553529204430375,0.0,1212.5177008181151,1209.7037508215374,nan,0.004675866807871789,0.950677053635166,1.920822918985497,1365.8959278097918,0.9085645016745896,0.0,1368.725315230452,1365.8959278097918,nan,0.0,563.1924394889426,0.0,2434.561419809779,0.0,46.0,0.0,,0.0002938113271421496,,,,,,,9.338198974341076,,1,7.640979438105982,13.755904179398822,inf,-inf,-9.644404898375278,8.150577634989162,-7.571759392669768,5.248564550350792,inf,-inf,1.5246955113117298,0.24202825083253307,0.24202825083253307,0.24202825083253307,784,3.0612837150462218,1.7322734277328184,2.027366423011433,,,-0.35615136495870203,9.194378646670895,0.8196696387438925,1.800280224652533,0.2553401109633726,0.0,0.0,9.430038797438437,9.190253566242014,7.883876458633387,13.755904179398822
28,1.8698892328305359,1132.3125185773756,0.9768584361991719,0.0,1135.1592662464052,1132.3125185773756,nan,0.005020893570894582,0.971837542628277,1.920822918985497,1365.8959278097918,0.9085645016745896,0.0,1368.725315230452,1365.8959278097918,nan,0.0,514.0828641507378,0.0,2280.0673162350363,0.0,46.0,0.0,,0.00029336484763486,,,,,,,9.338198974341076,,1,7.640979438105982,13.755904179398822,inf,-inf,-9.423350923617019,7.750065926525849,-7.362238967482625,5.058163218694676,inf,-inf,1.5161674323377605,0.2437297424946726,0.2437297424946726,0.2437297424946726,784,3.0612837150462218,1.7322734277328184,2.027366423011433,,,-0.35615136495870203,9.194378646670895,0.8196696387438925,1.800280224652533,0.2553401109633726,0.0,0.0,9.430038797438437,9.190253566242014,7.883876458633387,13.755904179398822
29,1.8721955519365003,1060.043770398858,1.0041675703855866,0.0,1062.92013352118,1060.043770398858,nan,0.005379105231715864,0.9987884651538704,1.920822918985497,1365.8959278097918,0.9085645016745896,0.0,1368.725315230452,1365.8959278097918,nan,0.0,487.6444869375631,0.0,2135.943230283502,0.0,46.0,0.0,,0.00029290319486279713,,,,,,,9.338198974341076,,1,7.640979438105982,13.755904179398822,inf,-inf,-9.116680477960204,7.268735148720607,-7.04027618783771,4.895709278763127,inf,-inf,1.508380939831718,0.24541651578781787,0.24541651578781787,0.24541651578781787,784,3.0612837150462218,1.7322734277328184,2.027366423011433,,,-0.35615136495870203,9.194378646670895,0.8196696387438925,1.800280224652533,0.2553401109633726,0.0,0.0,9.430038797438437,9.190253566242014,7.883876458633387,13.755904179398822
30,1.8775314655914987,990.9583198198884,1.0294999438045567,0.0,993.8653512292844,990.9583198198884,nan,0.005747970418516784,1.0237519733860396,1.920822918985497,974.3498399548057,1.038989983233071,0.0,977.3096528570243,974.3498399548057,nan,0.0,452.3263917203838,0.0,1998.0319305302269,0.0,46.0,0.0,,0.0002924264194513898,,,,,,,8.51974480097155,,1,6.795991637338536,13.38315472908548,inf,-inf,-8.842507308107235,6.722397372967691,-6.728163602579899,4.704651129290631,inf,-inf,1.501083482627076,0.24683457323080632,0.24683457323080632,0.24683457323080632,784,2.8794445043678634,1.676919134636554,1.9875982921302444,,,-0.4234611611405041,8.371726841304959,0.8383789924359878,1.969271806568412,0.2943056632919926,0.0,0.0,8.616509929669435,8.36929649683944,6.981968236975555,13.38315472908548
31,1.8779482301339179,930.4550775015471,1.0501692097480069,0.0,933.383194941429,930.4550775015471,nan,0.006129645656400125,1.0440395640916063,1.920822918985497,974.3498399548057,1.038989983233071,0.0,977.3096528570243,974.3498399548057,nan,0.0,420.6966038439789,0.0,1877.32458442128,0.0,46.0,0.0,,0.00029193457368443463,,,,,,,8.51974480097155,,1,6.795991637338536,13.38315472908548,inf,-inf,-8.662396274100717,6.061080610610291,-6.562658408454386,4.550688397465685,inf,-inf,1.4944426339790038,0.24841364621569761,0.24841364621569761,0.24841364621569761,784,2.8794445043678634,1.676919134636554,1.9875982921302444,,,-0.4234611611405041,8.371726841304959,0.8383789924359878,1.969271806568412,0.2943056632919926,0.0,0.0,8.616509929669435,8.36929649683944,6.981968236975555,13.38315472908548
32,1.8719446165322453,872.3040045565904,1.0744744965368729,0.0,875.2504236696594,872.3040045565904,nan,0.0065220378620449194,1.0679524586748281,1.920822918985497,974.3498399548057,1.038989983233071,0.0,977.3096528570243,974.3498399548057,nan,0.0,395.29553488518974,0.0,1761.3713954915552,0.0,46.0,0.0,,0.0002914277114983626,,,,,,,8.51974480097155,,1,6.795991637338536,13.38315472908548,inf,-inf,-8.364813552634836,5.946136908479359,-6.257009038332764,4.370483208384639,inf,-inf,1.488383964881918,0.24989726739705584,0.24989726739705584,0.24989726739705584,784,2.8794445043678634,1.676919134636554,1.9875982921302444,,,-0.4234611611405041,8.371726841304959,0.8383789924359878,1.969271806568412,0.2943056632919926,0.0,0.0,8.616509929669435,8.36929649683944,6.981968236975555,13.38315472908548
33,1.8617219174039814,817.9063095426194,1.0909544003800202,0.0,820.8589858604034,817.9063095426194,nan,0.0069263127733310064,1.0840280876066888,1.920822918985497,974.3498399548057,1.038989983233071,0.0,977.3096528570243,974.3498399548057,nan,0.0,371.88456964123185,0.0,1652.7735053311708,0.0,46.0,0.0,,0.00029090588847632414,,,,,,,8.51974480097155,,1,6.795991637338536,13.38315472908548,inf,-inf,-8.023985045953575,5.481816954492454,-6.152919549493604,4.2874998498036065,inf,-inf,1.4830872318820325,0.2512642065295668,0.2512642065295668,0.2512642065295668,784,2.8794445043678634,1.676919134636554,1.9875982921302444,,,-0.4234611611405041,8.371726841304959,0.8383789924359878,1.969271806568412,0.2943056632919926,0.0,0.0,8.616509929669435,8.36929649683944,6.981968236975555,13.38315472908548
34,1.873895012191144,767.6290042146018,1.105141516494672,0.0,770.6080407432876,767.6290042146018,nan,0.007339870326949069,1.0978016461677236,1.920822918985497,974.3498399548057,1.038989983233071,0.0,977.3096528570243,974.3498399548057,nan,0.0,351.3682842838947,0.0,1552.4767742759134,0.0,46.0,0.0,,0.0002903691618420941,,,,,,,8.51974480097155,,1,6.795991637338536,13.38315472908548,inf,-inf,-7.841400468362704,5.299922663579291,-5.91116671182271,4.13940760333658,inf,-inf,1.4783456285402155,0.2524934708906406,0.2524934708906406,0.2524934708906406,784,2.8794445043678634,1.676919134636554,1.9875982921302444,,,-0.4234611611405041,8.371726841304959,0.8383789924359878,1.969271806568412,0.2943056632919926,0.0,0.0,8.616509929669435,8.36929649683944,6.981968236975555,13.38315472908548
35,1.867249135563833,720.6773189762765,1.117439539020141,0.0,723.6620076508605,720.6773189762765,nan,0.007767555429099238,1.109671983591042,1.920822918985497,707.3250570935018,1.1238963173141552,0.0,710.3697763298014,707.3250570935018,nan,0.0,332.3453181030485,0.0,1458.8349191314855,0.0,46.0,0.0,,0.0002898175904537963,,,,,,,7.77876257724475,,1,6.0650406664307,12.77318149290288,inf,-inf,-7.631721509518788,5.144129262335627,-5.74050296709804,3.9626916235284706,inf,-inf,1.4741293109034497,0.2536325795392465,0.2536325795392465,0.2536325795392465,784,2.708279274409244,1.6233512424681713,1.9470456221694092,,,-0.49018000474242435,7.628237476614881,0.8408938504407171,2.106033940316504,0.32346536588716823,0.0,0.0,7.8785755142200795,7.6334522578576225,6.203107890551223,12.77318149290288
36,1.871930798284271,677.0224243169989,1.1290481384808473,0.0,680.0234032537641,677.0224243169989,nan,0.00820307171260148,1.1208450667682455,1.920822918985497,707.3250570935018,1.1238963173141552,0.0,710.3697763298014,707.3250570935018,nan,0.0,304.39478472124335,0.0,1371.734222836553,0.0,46.0,0.0,,0.00028925123479744914,,,,,,,7.77876257724475,,1,6.0650406664307,12.77318149290288,inf,-inf,-7.424152828129898,5.052183837972833,-5.598546350967702,3.810920028656896,inf,-inf,1.4709617548228733,0.25476782127207476,0.25476782127207476,0.25476782127207476,784,2.708279274409244,1.6233512424681713,1.9470456221694092,,,-0.49018000474242435,7.628237476614881,0.8408938504407171,2.106033940316504,0.32346536588716823,0.0,0.0,7.8785755142200795,7.6334522578576225,6.203107890551223,12.77318149290288
37,1.8630021088360453,636.2077283961042,1.1425701180099723,0.0,639.2133006229503,636.2077283961042,nan,0.008650932521973473,1.1339191854879982,1.920822918985497,707.3250570935018,1.1238963173141552,0.0,710.3697763298014,707.3250570935018,nan,0.0,287.39531046196817,0.0,1290.3391694277875,0.0,46.0,0.0,,0.0002886701569803325,,,,,,,7.77876257724475,,1,6.0650406664307,12.77318149290288,inf,-inf,-7.22082100274413,4.925040487755428,-5.391158195729733,3.6783830296367617,inf,-inf,1.4683299995914798,0.25582428315364264,0.25582428315364264,0.25582428315364264,784,2.708279274409244,1.6233512424681713,1.9470456221694092,,,-0.49018000474242435,7.628237476614881,0.8408938504407171,2.106033940316504,0.32346536588716823,0.0,0.0,7.8785755142200795,7.6334522578576225,6.203107890551223,12.77318149290288
38,1.8623964684329615,598.0874196111841,1.1517228871373075,0.0,601.1015389667544,598.0874196111841,nan,0.00911029641620153,1.1426125907211062,1.920822918985497,707.3250570935018,1.1238963173141552,0.0,710.3697763298014,707.3250570935018,nan,0.0,272.79066639479856,0.0,1214.3173211247379,0.0,46.0,0.0,,0.00028807442072417716,,,,,,,7.77876257724475,,1,6.0650406664307,12.77318149290288,inf,-inf,-6.9043540082084185,4.737663075327558,-5.2843993631411115,3.6282199532184247,inf,-inf,1.4661569768616194,0.25693014339729936,0.25693014339729936,0.25693014339729936,784,2.708279274409244,1.6233512424681713,1.9470456221694092,,,-0.49018000474242435,7.628237476614881,0.8408938504407171,2.106033940316504,0.32346536588716823,0.0,0.0,7.8785755142200795,7.6334522578576225,6.203107890551223,12.77318149290288
39,1.8712485477219751,562.8552876354814,1.1572981049648388,0.0,565.8838342881683,562.8552876354814,nan,0.009580753672493064,1.1477173512923462,1.920822918985497,707.3250570935018,1.1238963173141552,0.0,710.3697763298014,707.3250570935018,nan,0.0,250.09339618619956,0.0,1144.0455675483097,0.0,46.0,0.0,,0.000287464091358177,,,,,,,7.77876257724475,,1,6.0650406664307,12.77318149290288,inf,-inf,-6.831446181969378,4.671061426872745,-5.093578102446075,3.475952743993634,inf,-inf,1.4648613671377086,0.2578170901613622,0.2578170901613622,0.2578170901613622,784,2.708279274409244,1.6233512424681713,1.9470456221694092,,,-0.49018000474242435,7.628237476614881,0.8408938504407171,2.106033940316504,0.32346536588716823,0.0,0.0,7.8785755142200795,7.6334522578576225,6.203107890551223,12.77318149290288
40,1.871065994955145,529.0178100747232,1.1600348921207182,0.0,532.0489109617992,529.0178100747232,nan,0.010060333990286198,1.1499745581304321,1.920822918985497,519.8892224474807,1.1606449579298306,0.0,522.9706903243961,519.8892224474807,nan,0.0,240.93879747616376,0.0,1076.544922944843,0.0,46.0,0.0,,0.00028683923581182487,,,,,,,7.1086961512035955,,1,5.426890703656326,12.098769734745284,inf,-inf,-6.629667241424884,4.481058153448385,-4.9913902094022315,3.3504833688346767,inf,-inf,1.4648154161954823,0.25866006757802906,0.25866006757802906,0.25866006757802906,784,2.548178872177216,1.571782315965966,1.9066551118665598,,,-0.5562235045685483,6.9589488725360304,0.8328129900211177,2.2294109823501382,0.3481901361850934,0.0,0.0,7.20968143459673,6.968863072627114,5.517796895414928,12.098769734745284
41,1.8617545869763743,498.08859864830646,1.1641976408358294,0.0,501.11455087611864,498.08859864830646,nan,0.010551589949235034,1.1536460508865944,1.920822918985497,519.8892224474807,1.1606449579298306,0.0,522.9706903243961,519.8892224474807,nan,0.0,227.21051339462974,0.0,1014.8807939226249,0.0,46.0,0.0,,0.00028619992260757275,,,,,,,7.1086961512035955,,1,5.426890703656326,12.098769734745284,inf,-inf,-6.405537168111576,4.342781471541006,-4.882104731910502,3.261490431590638,inf,-inf,1.4655015881870257,0.2594879851024625,0.2594879851024625,0.2594879851024625,784,2.548178872177216,1.571782315965966,1.9066551118665598,,,-0.5562235045685483,6.9589488725360304,0.8328129900211177,2.2294109823501382,0.3481901361850934,0.0,0.0,7.20968143459673,6.968863072627114,5.517796895414928,12.098769734745284
42,1.868298179098466,469.2067124296571,1.1568534820900422,0.0,472.2318640908456,469.2067124296571,nan,0.01105010620712938,1.1458033758829125,1.920822918985497,519.8892224474807,1.1606449579298306,0.0,522.9706903243961,519.8892224474807,nan,0.0,212.87347325763275,0.0,957.27837614586,0.0,46.0,0.0,,0.00028554622185331796,,,,,,,7.1086961512035955,,1,5.426890703656326,12.098769734745284,inf,-inf,-6.147237149669532,4.261075517438878,-4.782957367098885,3.1724753745816274,inf,-inf,1.466991413331866,0.2600224451004391,0.2600224451004391,0.2600224451004391,784,2.548178872177216,1.571782315965966,1.9066551118665598,,,-0.5562235045685483,6.9589488725360304,0.8328129900211177,2.2294109823501382,0.3481901361850934,0.0,0.0,7.20968143459673,6.968863072627114,5.517796895414928,12.098769734745284
43,1.8674270733234821,441.85887830848225,1.159791739421755,0.0,444.88609712122746,441.85887830848225,nan,0.011563240277575621,1.1482284991441802,1.920822918985497,519.8892224474807,1.1606449579298306,0.0,522.9706903243961,519.8892224474807,nan,0.0,200.64593761331636,0.0,902.7801616457508,0.0,46.0,0.0,,0.00028487820523471477,,,,,,,7.1086961512035955,,1,5.426890703656326,12.098769734745284,inf,-inf,-6.0716115062947855,4.126112380330848,-4.662995407156614,3.0710722910312565,inf,-inf,1.4693028831879318,0.26081090735272167,0.26081090735272167,0.26081090735272167,784,2.548178872177216,1.571782315965966,1.9066551118665598,,,-0.5562235045685483,6.9589488725360304,0.8328129900211177,2.2294109823501382,0.3481901361850934,0.0,0.0,7.20968143459673,6.968863072627114,5.517796895414928,12.098769734745284
44,1.8615608952560756,416.0704813639598,1.1499240590615594,0.0,419.0819663182774,416.0704813639598,nan,0.01208351242956145,1.1378405466319979,1.920822918985497,519.8892224474807,1.1606449579298306,0.0,522.9706903243961,519.8892224474807,nan,0.0,192.44812371360672,0.0,851.3551011562515,0.0,46.0,0.0,,0.00028419594600731323,,,,,,,7.1086961512035955,,1,5.426890703656326,12.098769734745284,inf,-inf,-5.939233240037966,4.02064089514467,-4.511122125636756,2.9477819554751648,inf,-inf,1.472684268176276,0.2610676617897289,0.2610676617897289,0.2610676617897289,784,2.548178872177216,1.571782315965966,1.9066551118665598,,,-0.5562235045685483,6.9589488725360304,0.8328129900211177,2.2294109823501382,0.3481901361850934,0.0,0.0,7.20968143459673,6.968863072627114,5.517796895414928,12.098769734745284
45,1.8551766247768255,392.3182408635421,1.1408538018453311,0.0,395.31427129016424,392.3182408635421,nan,0.012614582460161627,1.1282392193851698,1.920822918985497,387.13949845629736,1.134752070289491,0.0,390.19507344557235,387.13949845629736,nan,0.0,178.07387039919553,0.0,804.0134095897064,0.0,46.0,0.0,,0.00028349951898852603,,,,,,,6.5051140949888,,1,4.85817981455582,11.36590882237683,inf,-inf,-5.661778254708689,3.9129042237502545,-4.3396570925339475,2.8839604773568057,inf,-inf,1.476967378613741,0.26155280921862356,0.26155280921862356,0.26155280921862356,784,2.401457227207103,1.5230182550053668,1.867672459430984,,,-0.6215092114026408,6.356038711988827,0.8174033341382257,2.339540580264835,0.3691305826046023,0.0,0.0,6.606483018229601,6.368949108216884,4.917472182240596,11.36590882237683
46,1.8766281903782074,370.00178606364193,1.1259978662754337,0.0,373.00441212029557,370.00178606364193,nan,0.013154682529293206,1.1128431837461403,1.920822918985497,387.13949845629736,1.134752070289491,0.0,390.19507344557235,387.13949845629736,nan,0.0,166.7817794915487,0.0,759.5285176556898,0.0,46.0,0.0,,0.00028278900054942377,,,,,,,6.5051140949888,,1,4.85817981455582,11.36590882237683,inf,-inf,-5.491709336354039,3.8214550901307773,-4.220559650737754,2.782964677369849,inf,-inf,1.4822124833789379,0.26182284924582305,0.26182284924582305,0.26182284924582305,784,2.401457227207103,1.5230182550053668,1.867672459430984,,,-0.6215092114026408,6.356038711988827,0.8174033341382257,2.339540580264835,0.3691305826046023,0.0,0.0,6.606483018229601,6.368949108216884,4.917472182240596,11.36590882237683
47,1.8654157220020142,348.5120339128035,1.107778274575416,0.0,351.4852279093809,348.5120339128035,nan,0.013707702037705377,1.0940705725377105,1.920822918985497,387.13949845629736,1.134752070289491,0.0,390.19507344557235,387.13949845629736,nan,0.0,159.411926146374,0.0,716.6819579823458,0.0,46.0,0.0,,0.00028206446860636015,,,,,,,6.5051140949888,,1,4.85817981455582,11.36590882237683,inf,-inf,-5.427901896517587,3.722252148521631,-4.105040460182807,2.6619879568095715,inf,-inf,1.488196972393292,0.2620284774562936,0.2620284774562936,0.2620284774562936,784,2.401457227207103,1.5230182550053668,1.867672459430984,,,-0.6215092114026408,6.356038711988827,0.8174033341382257,2.339540580264835,0.3691305826046023,0.0,0.0,6.606483018229601,6.368949108216884,4.917472182240596,11.36590882237683
48,1.8642134025116623,328.6544441725689,1.0937862570893346,0.0,331.6124438321699,328.6544441725689,nan,0.014271822021263283,1.0795144350680717,1.920822918985497,387.13949845629736,1.134752070289491,0.0,390.19507344557235,387.13949845629736,nan,0.0,150.63776481630586,0.0,677.1164494314507,0.0,46.0,0.0,,0.00028132600261242746,,,,,,,6.5051140949888,,1,4.85817981455582,11.36590882237683,inf,-inf,-5.322768933516003,3.621488364639191,-4.037372982226677,2.6164208201924213,inf,-inf,1.494816783243194,0.2621856827982281,0.2621856827982281,0.2621856827982281,784,2.401457227207103,1.5230182550053668,1.867672459430984,,,-0.6215092114026408,6.356038711988827,0.8174033341382257,2.339540580264835,0.3691305826046023,0.0,0.0,6.606483018229601,6.368949108216884,4.917472182240596,11.36590882237683
49,1.862461556146234,310.1291637404512,1.075782283196358,0.0,313.0674075797938,310.1291637404512,nan,0.014838507603016218,1.0609437755933417,1.920822918985497,387.13949845629736,1.134752070289491,0.0,390.19507344557235,387.13949845629736,nan,0.0,142.4998645057401,0.0,640.1941971643215,0.0,46.0,0.0,,0.0002805736835487436,,,,,,,6.5051140949888,,1,4.85817981455582,11.36590882237683,inf,-inf,-5.1132822661128845,3.553402143014228,-3.9447298028140994,2.5133845979102305,inf,-inf,1.5025124591439478,0.26233528450954313,0.26233528450954313,0.26233528450954313,784,2.401457227207103,1.5230182550053668,1.867672459430984,,,-0.6215092114026408,6.356038711988827,0.8174033341382257,2.339540580264835,0.3691305826046023,0.0,0.0,6.606483018229601,6.368949108216884,4.917472182240596,11.36590882237683
50,1.8753318164683275,292.5868895055737,1.0544093636307446,0.0,295.51663068567274,292.5868895055737,nan,0.015419062040274514,1.0389903015904702,1.920822918985497,289.4829856199615,1.04251259263809,0.0,292.4463211315851,289.4829856199615,nan,0.0,134.02341599241555,0.0,605.2314498862485,0.0,46.0,0.0,,0.0002798075939155718,,,,,,,5.959028257644351,,1,4.36662735611335,10.665836487252012,inf,-inf,-4.927167415528106,3.4705413551259494,-3.85207856408626,2.4180872146321812,inf,-inf,1.5112796626769034,0.2623706016258034,0.2623706016258034,0.2623706016258034,784,2.263110829195517,1.475785048171152,1.8276896938978386,,,-0.6859568356477612,5.811153065795739,0.7969042722374218,2.4425799633027228,0.38784879022199925,0.0,0.0,6.059731233399243,5.825774441456987,4.3952556749213425,10.665836487252012
51,1.8537172066718346,276.5056883053372,1.0320428985125154,0.0,279.39144841052155,276.5056883053372,nan,0.01600929757805179,1.0160336009344644,1.920822918985497,289.4829856199615,1.04251259263809,0.0,292.4463211315851,289.4829856199615,nan,0.0,125.24358050640913,0.0,573.1947397361283,0.0,46.0,0.0,,0.0002790278177232734,,,,,,,5.959028257644351,,1,4.36662735611335,10.665836487252012,inf,-inf,-4.800067710419357,3.353410207165016,-3.68747757017166,2.407007318966349,inf,-inf,1.5207366115774217,0.2622509560303206,0.2622509560303206,0.2622509560303206,784,2.263110829195517,1.475785048171152,1.8276896938978386,,,-0.6859568356477612,5.811153065795739,0.7969042722374218,2.4425799633027228,0.38784879022199925,0.0,0.0,6.059731233399243,5.825774441456987,4.3952556749213425,10.665836487252012
52,1.8791530972420483,260.647679383419,1.009412016522914,0.0,263.536244497184,260.647679383419,nan,0.01660917960749386,0.9928028369154202,1.920822918985497,289.4829856199615,1.04251259263809,0.0,292.4463211315851,289.4829856199615,nan,0.0,118.86096207976475,0.0,541.6181538246226,0.0,46.0,0.0,,0.00027823444048309524,,,,,,,5.959028257644351,,1,4.36662735611335,10.665836487252012,inf,-inf,-4.752380218263435,3.2809888906102156,-3.610136524950394,2.3045006282961764,inf,-inf,1.5310534432163159,0.2621140029124615,0.2621140029124615,0.2621140029124615,784,2.263110829195517,1.475785048171152,1.8276896938978386,,,-0.6859568356477612,5.811153065795739,0.7969042722374218,2.4425799633027228,0.38784879022199925,0.0,0.0,6.059731233399243,5.825774441456987,4.3952556749213425,10.665836487252012
53,1.8658813119314188,246.1687634770765,0.9835186760736842,0.0,249.0181634650816,246.1687634770765,nan,0.01721521895211858,0.9663034571215655,1.920822918985497,289.4829856199615,1.04251259263809,0.0,292.4463211315851,289.4829856199615,nan,0.0,113.23734943968729,0.0,512.7813600216301,0.0,46.0,0.0,,0.0002774275491977922,,,,,,,5.959028257644351,,1,4.36662735611335,10.665836487252012,inf,-inf,-4.544054869006255,3.2113486011432353,-3.568264692923343,2.249691406427044,inf,-inf,1.5417557982020669,0.26198684383364756,0.26198684383364756,0.26198684383364756,784,2.263110829195517,1.475785048171152,1.8276896938978386,,,-0.6859568356477612,5.811153065795739,0.7969042722374218,2.4425799633027228,0.38784879022199925,0.0,0.0,6.059731233399243,5.825774441456987,4.3952556749213425,10.665836487252012
54,1.8803384343425527,232.53511634278016,0.9591091151525954,0.0,235.3745638922753,232.53511634278016,nan,0.017832916398662645,0.9412761987539325,1.920822918985497,289.4829856199615,1.04251259263809,0.0,292.4463211315851,289.4829856199615,nan,0.0,106.89501655851146,0.0,485.61517725234444,0.0,46.0,0.0,,0.00027660723235208647,,,,,,,5.959028257644351,,1,4.36662735611335,10.665836487252012,inf,-inf,-4.414824620642524,3.144495886216515,-3.4855751059609235,2.1490870037921743,inf,-inf,1.553670874017892,0.2618786834630133,0.2618786834630133,0.2618786834630133,784,2.263110829195517,1.475785048171152,1.8276896938978386,,,-0.6859568356477612,5.811153065795739,0.7969042722374218,2.4425799633027228,0.38784879022199925,0.0,0.0,6.059731233399243,5.825774441456987,4.3952556749213425,10.665836487252012
55,1.879800145485174,219.47347528536375,0.9338852535800022,0.0,222.28716068442893,219.47347528536375,nan,0.01846053278784817,0.9154247207921538,1.920822918985497,217.6924175497869,0.9201234781641096,0.0,220.5333639469365,217.6924175497869,nan,0.0,100.52259579871956,0.0,459.5946491984877,0.0,46.0,0.0,,0.0002757735799029644,,,,,,,5.4656409168057465,,1,3.926706885360843,9.994670237437804,inf,-inf,-4.3203767854648225,3.028934192630886,-3.3426171142941414,2.0989857927785134,inf,-inf,1.5660554566092921,0.261612065204554,0.261612065204554,0.261612065204554,784,2.1351173097119203,1.4306549293292514,1.7882529733210217,,,-0.7494884582594438,5.32123568573098,0.7737020503335629,2.5453059088008163,0.40573998569841585,0.0,0.0,5.565732651666099,5.329263531970369,3.9336009438316895,9.994670237437804
56,1.8751768100432398,207.5735673757473,0.9102795452293251,0.0,210.35902373101985,207.5735673757473,nan,0.01909837514643173,0.891181170082893,1.920822918985497,217.6924175497869,0.9201234781641096,0.0,220.5333639469365,217.6924175497869,nan,0.0,95.64380250575121,0.0,435.8980932906945,0.0,46.0,0.0,,0.00027492668326981143,,,,,,,5.4656409168057465,,1,3.926706885360843,9.994670237437804,inf,-inf,-4.214946927915452,2.99383545534235,-3.2906620051849123,2.0547166289672987,inf,-inf,1.5786005095203393,0.2614307317445945,0.2614307317445945,0.2614307317445945,784,2.1351173097119203,1.4306549293292514,1.7882529733210217,,,-0.7494884582594438,5.32123568573098,0.7737020503335629,2.5453059088008163,0.40573998569841585,0.0,0.0,5.565732651666099,5.329263531970369,3.9336009438316895,9.994670237437804
57,1.8720777489413398,196.08338780341978,0.883090764131561,0.0,198.83855631649269,196.08338780341978,nan,0.019741081471551104,0.8633496826600099,1.920822918985497,217.6924175497869,0.9201234781641096,0.0,220.5333639469365,217.6924175497869,nan,0.0,90.37692978041473,0.0,413.03733228659263,0.0,46.0,0.0,,0.00027406663532438707,,,,,,,5.4656409168057465,,1,3.926706885360843,9.994670237437804,inf,-inf,-4.110622158858785,2.900674086538262,-3.219511527859321,1.9843534164966252,inf,-inf,1.5921462539948388,0.2609665919613075,0.2609665919613075,0.2609665919613075,784,2.1351173097119203,1.4306549293292514,1.7882529733210217,,,-0.7494884582594438,5.32123568573098,0.7737020503335629,2.5453059088008163,0.40573998569841585,0.0,0.0,5.565732651666099,5.329263531970369,3.9336009438316895,9.994670237437804
58,1.8704062569300535,185.37158817289765,0.8575429441664764,0.0,188.0995373739942,185.37158817289765,nan,0.020390335478885035,0.8371526086875917,1.920822918985497,217.6924175497869,0.9201234781641096,0.0,220.5333639469365,217.6924175497869,nan,0.0,84.84726893785398,0.0,391.7006544255769,0.0,46.0,0.0,,0.0002731935303806403,,,,,,,5.4656409168057465,,1,3.926706885360843,9.994670237437804,inf,-inf,-4.012102927276259,2.8047037838364934,-3.0873394391296713,1.936628314308263,inf,-inf,1.6064545103038659,0.26068191226562526,0.26068191226562526,0.26068191226562526,784,2.1351173097119203,1.4306549293292514,1.7882529733210217,,,-0.7494884582594438,5.32123568573098,0.7737020503335629,2.5453059088008163,0.40573998569841585,0.0,0.0,5.565732651666099,5.329263531970369,3.9336009438316895,9.994670237437804
59,1.8686524891037073,175.03981471808075,0.8280411717888498,0.0,177.7365083789733,175.03981471808075,nan,0.021058204700017895,0.8069829670888318,1.920822918985497,217.6924175497869,0.9201234781641096,0.0,220.5333639469365,217.6924175497869,nan,0.0,81.37410806997603,0.0,371.13023656546846,0.0,46.0,0.0,,0.00027230746418436733,,,,,,,5.4656409168057465,,1,3.926706885360843,9.994670237437804,inf,-inf,-3.9056333504006924,2.763731347441841,-3.000653589223041,1.8722873083602598,inf,-inf,1.6211409399423176,0.2602711553096946,0.2602711553096946,0.2602711553096946,784,2.1351173097119203,1.4306549293292514,1.7882529733210217,,,-0.7494884582594438,5.32123568573098,0.7737020503335629,2.5453059088008163,0.40573998569841585,0.0,0.0,5.565732651666099,5.329263531970369,3.9336009438316895,9.994670237437804
60,1.8696343330978882,165.7810055352897,0.8065596471242824,0.0,168.45719951551186,165.7810055352897,nan,0.02172515435109598,0.7848344927731865,1.920822918985497,164.3535135149354,0.7935379951874231,0.0,167.06787442910831,164.3535135149354,nan,0.0,77.09620467777904,0.0,352.7000669665352,0.0,46.0,0.0,,0.00027140853390271154,,,,,,,5.019961434721423,,1,3.528581346650388,9.342808818897602,inf,-inf,-3.835389749496079,2.691071944740791,-2.943302566568322,1.8223706804003363,inf,-inf,1.6353945679430093,0.2599434659907632,0.2599434659907632,0.2599434659907632,784,2.0160749660236035,1.3873967581676065,1.7523066884823602,,,-0.8120287344786727,4.8809749380735425,0.748455460864043,2.6477521420234633,0.42287732805254374,0.0,0.0,5.118820345597681,4.886600898022076,3.528581346650388,9.342808818897602
61,1.8697151379826835,156.5882879074753,0.7796468332290162,0.0,159.237649878687,156.5882879074753,nan,0.022400199244854344,0.757246633984162,1.920822918985497,164.3535135149354,0.7935379951874231,0.0,167.06787442910831,164.3535135149354,nan,0.0,72.68788579520056,0.0,334.40725604890486,0.0,46.0,0.0,,0.0002704968381135084,,,,,,,5.019961434721423,,1,3.528581346650388,9.342808818897602,inf,-inf,-3.7210356703932024,2.6485642539465397,-2.8818978339931647,1.7768633312430446,inf,-inf,1.6507329038883154,0.2594445302008147,0.2594445302008147,0.2594445302008147,784,2.0160749660236035,1.3873967581676065,1.7523066884823602,,,-0.8120287344786727,4.8809749380735425,0.748455460864043,2.6477521420234633,0.42287732805254374,0.0,0.0,5.118820345597681,4.886600898022076,3.528581346650388,9.342808818897602
62,1.8600287268714892,148.10395029860427,0.7588219999047132,0.0,150.72280102538048,148.10395029860427,nan,0.02308860905897678,0.7357333908457363,1.920822918985497,164.3535135149354,0.7935379951874231,0.0,167.06787442910831,164.3535135149354,nan,0.0,68.70980165157695,0.0,317.5244746149841,0.0,46.0,0.0,,0.00026957247679447504,,,,,,,5.019961434721423,,1,3.528581346650388,9.342808818897602,inf,-inf,-3.6433851642651534,2.55526554637413,-2.791904917256716,1.7221526468613346,inf,-inf,1.665664467007204,0.2590965993529303,0.2590965993529303,0.2590965993529303,784,2.0160749660236035,1.3873967581676065,1.7523066884823602,,,-0.8120287344786727,4.8809749380735425,0.748455460864043,2.6477521420234633,0.42287732805254374,0.0,0.0,5.118820345597681,4.886600898022076,3.528581346650388,9.342808818897602
63,1.865119014923539,139.95409406771935,0.7360234106053138,0.0,142.55523649324823,139.95409406771935,nan,0.02378570816948036,0.7122377024358336,1.920822918985497,164.3535135149354,0.7935379951874231,0.0,167.06787442910831,164.3535135149354,nan,0.0,65.85839637622453,0.0,301.2932536802902,0.0,46.0,0.0,,0.00026863555131224676,,,,,,,5.019961434721423,,1,3.528581346650388,9.342808818897602,inf,-inf,-3.534792047532375,2.516773049492581,-2.7570929534696065,1.668856099205926,inf,-inf,1.681773651699605,0.2586651805219021,0.2586651805219021,0.2586651805219021,784,2.0160749660236035,1.3873967581676065,1.7523066884823602,,,-0.8120287344786727,4.8809749380735425,0.748455460864043,2.6477521420234633,0.42287732805254374,0.0,0.0,5.118820345597681,4.886600898022076,3.528581346650388,9.342808818897602
64,1.877877053599579,132.52887776080638,0.7114609880553803,0.0,135.11821580246135,132.52887776080638,nan,0.024479764046974172,0.6869812240084059,1.920822918985497,164.3535135149354,0.7935379951874231,0.0,167.06787442910831,164.3535135149354,nan,0.0,63.65429822908906,0.0,286.53458674846877,0.0,46.0,0.0,,0.00026768616441126075,,,,,,,5.019961434721423,,1,3.528581346650388,9.342808818897602,inf,-inf,-3.465611228843473,2.4717139242645567,-2.691807680546992,1.632966087743233,inf,-inf,1.6969486297924365,0.25812232969294907,0.25812232969294907,0.25812232969294907,784,2.0160749660236035,1.3873967581676065,1.7523066884823602,,,-0.8120287344786727,4.8809749380735425,0.748455460864043,2.6477521420234633,0.42287732805254374,0.0,0.0,5.118820345597681,4.886600898022076,3.528581346650388,9.342808818897602
65,1.8647154250451456,125.29804937404215,0.6922806543319858,0.0,127.85504545341928,125.29804937404215,nan,0.025190233160886664,0.667090421171099,1.920822918985497,124.67121926647624,0.6808494253160282,0.0,127.27289161077776,124.67121926647624,nan,0.0,59.13656079956728,0.0,272.15670869011495,0.0,46.0,0.0,,0.0002667244202024894,,,,,,,4.617727712731103,,1,3.169170915346809,8.727338361349325,inf,-inf,-3.327734277876138,2.4159416918080954,-2.618260962654873,1.574860962869771,inf,-inf,1.712808170985345,0.25789178799580986,0.25789178799580986,0.25789178799580986,784,1.9062657024569072,1.346273797513434,1.7184020068311314,,,-0.8735050899043689,4.482274537757902,0.7222927924861664,2.7538238215827735,0.4399361524198575,0.0,0.0,4.715280405433942,4.4891757449194145,3.169170915346809,8.727338361349325
66,1.877485809361988,118.6122924597376,0.6698126933132351,0.0,121.15959096241282,118.6122924597376,nan,0.0259034942374856,0.6439091990757495,1.920822918985497,124.67121926647624,0.6808494253160282,0.0,127.27289161077776,124.67121926647624,nan,0.0,55.97197920837947,0.0,258.85889811846295,0.0,46.0,0.0,,0.0002657504241520231,,,,,,,4.617727712731103,,1,3.169170915346809,8.727338361349325,inf,-inf,-3.23968200578505,2.3384975182565664,-2.554148316588034,1.5601170054496112,inf,-inf,1.7289016571040179,0.2574328808831112,0.2574328808831112,0.2574328808831112,784,1.9062657024569072,1.346273797513434,1.7184020068311314,,,-0.8735050899043689,4.482274537757902,0.7222927924861664,2.7538238215827735,0.4399361524198575,0.0,0.0,4.715280405433942,4.4891757449194145,3.169170915346809,8.727338361349325
67,1.8708037532558341,112.29345293545587,0.649560662984382,0.0,114.81381735169609,112.29345293545587,nan,0.02663058153751948,0.6229300814468626,1.920822918985497,124.67121926647624,0.6808494253160282,0.0,127.27289161077776,124.67121926647624,nan,0.0,53.89937030796639,0.0,246.2769763212767,0.0,46.0,0.0,,0.00026476428306950465,,,,,,,4.617727712731103,,1,3.169170915346809,8.727338361349325,inf,-inf,-3.1554632222595007,2.288623393638417,-2.4956244746487455,1.5113891071820587,inf,-inf,1.7446363362856216,0.25702036671913686,0.25702036671913686,0.25702036671913686,784,1.9062657024569072,1.346273797513434,1.7184020068311314,,,-0.8735050899043689,4.482274537757902,0.7222927924861664,2.7538238215827735,0.4399361524198575,0.0,0.0,4.715280405433942,4.4891757449194145,3.169170915346809,8.727338361349325
68,1.854422308874876,106.25691050546388,0.6314633079166346,0.0,108.74279612225538,106.25691050546388,nan,0.02735803675022006,0.6041052711664148,1.920822918985497,124.67121926647624,0.6808494253160282,0.0,127.27289161077776,124.67121926647624,nan,0.0,49.94733335716331,0.0,234.27714390483197,0.0,46.0,0.0,,0.0002637661050964166,,,,,,,4.617727712731103,,1,3.169170915346809,8.727338361349325,inf,-inf,-3.1103941554843084,2.243612751398696,-2.4232403910131985,1.479328722577853,inf,-inf,1.7615562541926193,0.25661040083841297,0.25661040083841297,0.25661040083841297,784,1.9062657024569072,1.346273797513434,1.7184020068311314,,,-0.8735050899043689,4.482274537757902,0.7222927924861664,2.7538238215827735,0.4399361524198575,0.0,0.0,4.715280405433942,4.4891757449194145,3.169170915346809,8.727338361349325
69,1.867967251894409,100.5484010770003,0.6139827960699874,0.0,103.03035112496471,100.5484010770003,nan,0.02809506713255648,0.5858877289374308,1.920822918985497,124.67121926647624,0.6808494253160282,0.0,127.27289161077776,124.67121926647624,nan,0.0,49.05697271632423,0.0,222.92249527795897,0.0,46.0,0.0,,0.00026275599969422214,,,,,,,4.617727712731103,,1,3.169170915346809,8.727338361349325,inf,-inf,-2.988905446901623,2.1781845998926244,-2.362130653999543,1.4174641474869916,inf,-inf,1.7774180028582462,0.2563132394216373,0.2563132394216373,0.2563132394216373,784,1.9062657024569072,1.346273797513434,1.7184020068311314,,,-0.8735050899043689,4.482274537757902,0.7222927924861664,2.7538238215827735,0.4399361524198575,0.0,0.0,4.715280405433942,4.4891757449194145,3.169170915346809,8.727338361349325
70,1.8730943616155689,95.23361528308295,0.5979089583394639,0.0,97.70461860303799,95.23361528308295,nan,0.028836240781760787,0.5690727175577027,1.920822918985497,94.83017773785213,0.5881078237726316,0.0,97.33910848061025,94.83017773785213,nan,0.0,45.771451110521305,0.0,212.36582464248033,0.0,46.0,0.0,,0.00026173407763236143,,,,,,,4.25461849456665,,1,2.8539158274536507,8.158839460514356,inf,-inf,-2.8970844328188528,2.154933134674842,-2.2952094035366994,1.3885202899286944,inf,-inf,1.7934800435460285,0.2559406779054941,0.2559406779054941,0.2559406779054941,784,1.8045550009381026,1.307041457142377,1.684089118250738,,,-0.9338479084676989,4.1227953053818895,0.6959385561672133,2.8588227382283793,0.4561872276924013,0.0,0.0,4.350915624844622,4.128963197333298,2.8539158274536507,8.158839460514356
71,1.8587961552436894,90.03384292236368,0.5801118684869655,0.0,92.47275094609434,90.03384292236368,nan,0.029583632436558028,0.5505282360504078,1.920822918985497,94.83017773785213,0.5881078237726316,0.0,97.33910848061025,94.83017773785213,nan,0.0,44.26914969008536,0.0,202.02596024990333,0.0,46.0,0.0,,0.00026070045097610465,,,,,,,4.25461849456665,,1,2.8539158274536507,8.158839460514356,inf,-inf,-2.824413279606243,2.070279142368184,-2.2657972539928046,1.35370994289162,inf,-inf,1.8099359466195069,0.25542125490640816,0.25542125490640816,0.25542125490640816,784,1.8045550009381026,1.307041457142377,1.684089118250738,,,-0.9338479084676989,4.1227953053818895,0.6959385561672133,2.8588227382283793,0.4561872276924013,0.0,0.0,4.350915624844622,4.128963197333298,2.8539158274536507,8.158839460514356
72,1.8735723969269902,85.16760843710055,0.5636289285837267,0.0,87.60480976261127,85.16760843710055,nan,0.03034388497094254,0.5332850436127842,1.920822918985497,94.83017773785213,0.5881078237726316,0.0,97.33910848061025,94.83017773785213,nan,0.0,41.24346622935782,0.0,192.3537271174091,0.0,46.0,0.0,,0.0002596552330742625,,,,,,,4.25461849456665,,1,2.8539158274536507,8.158839460514356,inf,-inf,-2.807826884400818,2.0387359527997204,-2.1888172549635074,1.3306330992149045,inf,-inf,1.8263310101242027,0.2550846953326948,0.2550846953326948,0.2550846953326948,784,1.8045550009381026,1.307041457142377,1.684089118250738,,,-0.9338479084676989,4.1227953053818895,0.6959385561672133,2.8588227382283793,0.4561872276924013,0.0,0.0,4.350915624844622,4.128963197333298,2.8539158274536507,8.158839460514356
73,1.875013493959529,80.73366790775984,0.5482818410948819,0.0,83.15696324281424,80.73366790775984,nan,0.031108445058225447,0.5171733960366566,1.920822918985497,94.83017773785213,0.5881078237726316,0.0,97.33910848061025,94.83017773785213,nan,0.0,39.604358347813346,0.0,183.53722306318872,0.0,46.0,0.0,,0.00025859853854675647,,,,,,,4.25461849456665,,1,2.8539158274536507,8.158839460514356,inf,-inf,-2.713999555614219,1.9887497634005835,-2.143857236813442,1.2892954312173264,inf,-inf,1.842792258955486,0.25478168808501606,0.25478168808501606,0.25478168808501606,784,1.8045550009381026,1.307041457142377,1.684089118250738,,,-0.9338479084676989,4.1227953053818895,0.6959385561672133,2.8588227382283793,0.4561872276924013,0.0,0.0,4.350915624844622,4.128963197333298,2.8539158274536507,8.158839460514356
74,1.867286506591611,76.41795976635427,0.5333709227553686,0.0,78.81861719570125,76.41795976635427,nan,0.03187897658582399,0.5014919461695445,1.920822918985497,94.83017773785213,0.5881078237726316,0.0,97.33910848061025,94.83017773785213,nan,0.0,37.78239974457893,0.0,174.9723392898783,0.0,46.0,0.0,,0.0002575304832720494,,,,,,,4.25461849456665,,1,2.8539158274536507,8.158839460514356,inf,-inf,-2.639020878420573,1.9341739527391226,-2.0850818048406774,1.2546596152606253,inf,-inf,1.8593139394246196,0.25435837765562247,0.25435837765562247,0.25435837765562247,784,1.8045550009381026,1.307041457142377,1.684089118250738,,,-0.9338479084676989,4.1227953053818895,0.6959385561672133,2.8588227382283793,0.4561872276924013,0.0,0.0,4.350915624844622,4.128963197333298,2.8539158274536507,8.158839460514356
75,1.861582386485707,72.31576357686559,0.519482742112299,0.0,74.6968287054636,72.31576357686559,nan,0.03266149809048404,0.4868212440218151,1.920822918985497,72.09439076209301,0.5126170202712041,0.0,74.52783070134971,72.09439076209301,nan,0.0,35.72402402222084,0.0,166.81525366657124,0.0,46.0,0.0,,0.000256451184374438,,,,,,,3.925928539333702,,1,2.573429252700841,7.622526984997521,inf,-inf,-2.5728031554531237,1.9095906665722377,-2.0638763769437105,1.2296794052468474,inf,-inf,1.8755309582467712,0.254047814441428,0.254047814441428,0.254047814441428,784,1.709415570832199,1.2692755150651056,1.6500103442498264,,,-0.9929907118884874,3.796114681864628,0.6697188683279203,2.9620114782629434,0.47158673714825494,0.0,0.0,4.020587352025467,3.801713209386106,2.573429252700841,7.622526984997521
76,1.856958594659401,68.41372593323989,0.5084736005644623,0.0,70.77915812846375,68.41372593323989,nan,0.033444457236114326,0.4750291433283479,1.920822918985497,72.09439076209301,0.5126170202712041,0.0,74.52783070134971,72.09439076209301,nan,0.0,33.63123669338512,0.0,159.06945229329148,0.0,46.0,0.0,,0.000255360760211209,,,,,,,3.925928539333702,,1,2.573429252700841,7.622526984997521,inf,-inf,-2.5480443111912168,1.8612595234497962,-2.009587313630291,1.195494751626257,inf,-inf,1.890312907952855,0.2539288803690595,0.2539288803690595,0.2539288803690595,784,1.709415570832199,1.2692755150651056,1.6500103442498264,,,-0.9929907118884874,3.796114681864628,0.6697188683279203,2.9620114782629434,0.47158673714825494,0.0,0.0,4.020587352025467,3.801713209386106,2.573429252700841,7.622526984997521
77,1.8739638425364862,64.69463289399957,0.4946033004849196,0.0,67.06320003702098,64.69463289399957,nan,0.03423542634991219,0.46036787413500696,1.920822918985497,72.09439076209301,0.5126170202712041,0.0,74.52783070134971,72.09439076209301,nan,0.0,33.03356893855421,0.0,151.67676200723835,0.0,46.0,0.0,,0.0002542593303596599,,,,,,,3.925928539333702,,1,2.573429252700841,7.622526984997521,inf,-inf,-2.464182678446081,1.8289645589673087,-1.9732623984464601,1.169977797996351,inf,-inf,1.9064506164247625,0.25356252597185674,0.25356252597185674,0.25356252597185674,784,1.709415570832199,1.2692755150651056,1.6500103442498264,,,-0.9929907118884874,3.796114681864628,0.6697188683279203,2.9620114782629434,0.47158673714825494,0.0,0.0,4.020587352025467,3.801713209386106,2.573429252700841,7.622526984997521
78,1.864662019932547,61.240452887490974,0.48414918096782483,0.0,63.589264088391346,61.240452887490974,nan,0.03502731848249768,0.44912186248532726,1.920822918985497,72.09439076209301,0.5126170202712041,0.0,74.52783070134971,72.09439076209301,nan,0.0,31.325157384836533,0.0,144.81761048460615,0.0,46.0,0.0,,0.0002531470156039858,,,,,,,3.925928539333702,,1,2.573429252700841,7.622526984997521,inf,-inf,-2.390358634625872,1.783696418731239,-1.922615288091347,1.1485159686189257,inf,-inf,1.9222268437229508,0.2532579338743379,0.2532579338743379,0.2532579338743379,784,1.709415570832199,1.2692755150651056,1.6500103442498264,,,-0.9929907118884874,3.796114681864628,0.6697188683279203,2.9620114782629434,0.47158673714825494,0.0,0.0,4.020587352025467,3.801713209386106,2.573429252700841,7.622526984997521
79,1.86981883864018,57.97289688169442,0.47295417510841237,0.0,60.31566989544301,57.97289688169442,nan,0.03582118595631442,0.4371329891520978,1.920822918985497,72.09439076209301,0.5126170202712041,0.0,74.52783070134971,72.09439076209301,nan,0.0,29.518753766944492,0.0,138.33037953050228,0.0,46.0,0.0,,0.0002520239379220344,,,,,,,3.925928539333702,,1,2.573429252700841,7.622526984997521,inf,-inf,-2.3678940079011173,1.7350199267985018,-1.8670807416972526,1.1121912133686802,inf,-inf,1.9371387263939641,0.25289056548178357,0.25289056548178357,0.25289056548178357,784,1.709415570832199,1.2692755150651056,1.6500103442498264,,,-0.9929907118884874,3.796114681864628,0.6697188683279203,2.9620114782629434,0.47158673714825494,0.0,0.0,4.020587352025467,3.801713209386106,2.573429252700841,7.622526984997521
80,1.872711732263327,54.759670523551065,0.46245247779083504,0.0,57.094834733605225,54.759670523551065,nan,0.03663076365661123,0.42582171413422387,1.920822918985497,54.74991537115997,0.4567564217031169,0.0,57.12749471184859,54.74991537115997,nan,0.0,28.355987235786646,0.0,131.96114132558384,0.0,46.0,0.0,,0.0002508902204719295,,,,,,,3.6293883272297847,,1,2.3257603650263206,7.127347963650087,inf,-inf,-2.3127841810286496,1.707099367189555,-1.82246609998674,1.0920367628413057,inf,-inf,1.95351940052009,0.252720687172077,0.252720687172077,0.252720687172077,784,1.6219491605139955,1.2335160950393769,1.6183563857281935,,,-1.050870330244348,3.503059712706343,0.6439996848177199,3.064523787930932,0.4863629968504859,0.0,0.0,3.7224565719138027,3.507061091122324,2.3257603650263206,7.127347963650087
81,1.867028922000269,51.841089457470915,0.4516238602186295,0.0,54.15974223968981,51.841089457470915,nan,0.03744161696581746,0.414182243252812,1.920822918985497,54.74991537115997,0.4567564217031169,0.0,57.12749471184859,54.74991537115997,nan,0.0,27.169171692632016,0.0,126.16438258948908,0.0,46.0,0.0,,0.0002497459875785653,,,,,,,3.6293883272297847,,1,2.3257603650263206,7.127347963650087,inf,-inf,-2.239138321130824,1.6708354705933082,-1.8038973000365848,1.052981158932793,inf,-inf,1.9683330261753793,0.25235555401299586,0.25235555401299586,0.25235555401299586,784,1.6219491605139955,1.2335160950393769,1.6183563857281935,,,-1.050870330244348,3.503059712706343,0.6439996848177199,3.064523787930932,0.4863629968504859,0.0,0.0,3.7224565719138027,3.507061091122324,2.3257603650263206,7.127347963650087
82,1.8758702916642245,49.01339808633255,0.4433629272436507,0.0,51.332631305240426,49.01339808633255,nan,0.0382511496914753,0.40511177755217553,1.920822918985497,54.74991537115997,0.4567564217031169,0.0,57.12749471184859,54.74991537115997,nan,0.0,25.680196325872295,0.0,120.54437588784802,0.0,46.0,0.0,,0.00024859136471997286,,,,,,,3.6293883272297847,,1,2.3257603650263206,7.127347963650087,inf,-inf,-2.1731883794500613,1.6403613866580116,-1.755210920379292,1.0355633537817275,inf,-inf,1.9829137256095115,0.2523912545825616,0.2523912545825616,0.2523912545825616,784,1.6219491605139955,1.2335160950393769,1.6183563857281935,,,-1.050870330244348,3.503059712706343,0.6439996848177199,3.064523787930932,0.4863629968504859,0.0,0.0,3.7224565719138027,3.507061091122324,2.3257603650263206,7.127347963650087
83,1.8716909080127397,46.37822479716453,0.43505955527286805,0.0,48.68497526045013,46.37822479716453,nan,0.03907164471234042,0.39598791056052757,1.920822918985497,54.74991537115997,0.4567564217031169,0.0,57.12749471184859,54.74991537115997,nan,0.0,24.55809462990096,0.0,115.31950375236964,0.0,46.0,0.0,,0.00024742647851356,,,,,,,3.6293883272297847,,1,2.3257603650263206,7.127347963650087,inf,-inf,-2.143106560546196,1.584517496450349,-1.712996380301886,1.0261906613840426,inf,-inf,1.9977019349369378,0.25222218304124994,0.25222218304124994,0.25222218304124994,784,1.6219491605139955,1.2335160950393769,1.6183563857281935,,,-1.050870330244348,3.503059712706343,0.6439996848177199,3.064523787930932,0.4863629968504859,0.0,0.0,3.7224565719138027,3.507061091122324,2.3257603650263206,7.127347963650087
84,1.8671702961449632,43.74088080623867,0.4258819918578022,0.0,46.03393309424143,43.74088080623867,nan,0.03990195918604513,0.38598003267175707,1.920822918985497,54.74991537115997,0.4567564217031169,0.0,57.12749471184859,54.74991537115997,nan,0.0,23.492954948560342,0.0,110.08946199264862,0.0,46.0,0.0,,0.00024625145670222645,,,,,,,3.6293883272297847,,1,2.3257603650263206,7.127347963650087,inf,-inf,-2.110147910412368,1.55392895313573,-1.6613917743911413,0.9938663804837025,inf,-inf,2.014293689014365,0.25191099462971,0.25191099462971,0.25191099462971,784,1.6219491605139955,1.2335160950393769,1.6183563857281935,,,-1.050870330244348,3.503059712706343,0.6439996848177199,3.064523787930932,0.4863629968504859,0.0,0.0,3.7224565719138027,3.507061091122324,2.3257603650263206,7.127347963650087
85,1.8513320850485575,41.37244629690044,0.41764524552577403,0.0,43.64142362747477,41.37244629690044,nan,0.040730550185689995,0.3769146953400841,1.920822918985497,41.38612284747539,0.41330697535694927,0.0,43.72025274181784,41.38612284747539,nan,0.0,22.96320532014493,0.0,105.39223796161382,0.0,46.0,0.0,,0.00024506642814035504,,,,,,,3.361462231422487,,1,2.108234606703715,6.668310284721248,inf,-inf,-2.046726372968433,1.5330513555727243,-1.6401778475766835,0.965583039936522,inf,-inf,2.029635129370798,0.2518509939138595,0.2518509939138595,0.2518509939138595,784,1.5407600364630518,1.1994253977258527,1.5882696874628643,,,-1.1074270632728918,3.23990786371186,0.6190722029221736,3.1629830302175623,0.5000968618801105,0.0,0.0,3.4529552340352994,3.244124398162048,2.108234606703715,6.668310284721248
86,1.8814140299442323,39.13492265415355,0.41000157297304385,0.0,41.426338257070825,39.13492265415355,nan,0.04155691577803314,0.36844465719501057,1.920822918985497,41.38612284747539,0.41330697535694927,0.0,43.72025274181784,41.38612284747539,nan,0.0,22.055216079680722,0.0,100.9526374792964,0.0,46.0,0.0,,0.00024387152277968163,,,,,,,3.361462231422487,,1,2.108234606703715,6.668310284721248,inf,-inf,-2.007463968795935,1.4906733044687948,-1.6126760307547008,0.9413765626767163,inf,-inf,2.04315571345965,0.25147014259807354,0.25147014259807354,0.25147014259807354,784,1.5407600364630518,1.1994253977258527,1.5882696874628643,,,-1.1074270632728918,3.23990786371186,0.6190722029221736,3.1629830302175623,0.5000968618801105,0.0,0.0,3.4529552340352994,3.244124398162048,2.108234606703715,6.668310284721248
87,1.8656994929541095,36.94577261179817,0.4015089034723813,0.0,39.21298100822466,36.94577261179817,nan,0.042397373747229725,0.3591115297251516,1.920822918985497,41.38612284747539,0.41330697535694927,0.0,43.72025274181784,41.38612284747539,nan,0.0,20.615163036781702,0.0,96.60806710921564,0.0,46.0,0.0,,0.0002426668716550444,,,,,,,3.361462231422487,,1,2.108234606703715,6.668310284721248,inf,-inf,-1.9580941320631484,1.4675064706692922,-1.5566799898444343,0.9319508955602067,inf,-inf,2.059531689719279,0.2512479155571779,0.2512479155571779,0.2512479155571779,784,1.5407600364630518,1.1994253977258527,1.5882696874628643,,,-1.1074270632728918,3.23990786371186,0.6190722029221736,3.1629830302175623,0.5000968618801105,0.0,0.0,3.4529552340352994,3.244124398162048,2.108234606703715,6.668310284721248
88,1.8696603543647634,34.851336946704144,0.3954593277493906,0.0,37.1164566288183,34.851336946704144,nan,0.04323946523701136,0.3522198625123794,1.920822918985497,41.38612284747539,0.41330697535694927,0.0,43.72025274181784,41.38612284747539,nan,0.0,19.546390287228597,0.0,92.46107365763501,0.0,46.0,0.0,,0.0002414526068700143,,,,,,,3.361462231422487,,1,2.108234606703715,6.668310284721248,inf,-inf,-1.9256179073538482,1.44215557951879,-1.5487538503109277,0.9085398373481739,inf,-inf,2.074264997656383,0.25108609905683665,0.25108609905683665,0.25108609905683665,784,1.5407600364630518,1.1994253977258527,1.5882696874628643,,,-1.1074270632728918,3.23990786371186,0.6190722029221736,3.1629830302175623,0.5000968618801105,0.0,0.0,3.4529552340352994,3.244124398162048,2.108234606703715,6.668310284721248
89,1.8794726650179003,32.85558298477731,0.3868986185950792,0.0,35.12195426839028,32.85558298477731,nan,0.04408184733670029,0.3428167712583788,1.920822918985497,41.38612284747539,0.41330697535694927,0.0,43.72025274181784,41.38612284747539,nan,0.0,18.953985952823356,0.0,88.50285032873899,0.0,46.0,0.0,,0.0002402288615824086,,,,,,,3.361462231422487,,1,2.108234606703715,6.668310284721248,inf,-inf,-1.881664592780214,1.4009408594644026,-1.510919530793855,0.8843913704988917,inf,-inf,2.0884745308698878,0.2508517133771038,0.2508517133771038,0.2508517133771038,784,1.5407600364630518,1.1994253977258527,1.5882696874628643,,,-1.1074270632728918,3.23990786371186,0.6190722029221736,3.1629830302175623,0.5000968618801105,0.0,0.0,3.4529552340352994,3.244124398162048,2.108234606703715,6.668310284721248
90,1.8759012600591345,31.017135129559346,0.3823532601562752,0.0,33.27538964977475,31.017135129559346,nan,0.04493324605201033,0.3374200141042648,1.920822918985497,31.07014814022152,0.3787394163362426,0.0,33.369710475543265,31.07014814022152,nan,0.0,18.237801768359063,0.0,84.85413091822896,0.0,46.0,0.0,,0.00023899576998968842,,,,,,,3.1196401763525543,,1,1.91238575242534,6.234879995271657,inf,-inf,-1.8135000527367449,1.373023914284643,-1.478036816890635,0.8703125727915957,inf,-inf,2.1016516131634306,0.25080644540660113,0.25080644540660113,0.25080644540660113,784,1.4662522315607451,1.1672391248657772,1.5604991875205914,,,-1.1626048320970592,3.00243062941079,0.5951645579861468,3.2602627306569354,0.5132525994166797,0.0,0.0,3.2095972147795204,3.007092763570755,1.91238575242534,6.234879995271657
91,1.8631173519646411,29.261964916513726,0.37751652408214753,0.0,31.502598792560512,29.261964916513726,nan,0.04578094101727145,0.33173558306487605,1.920822918985497,31.07014814022152,0.3787394163362426,0.0,33.369710475543265,31.07014814022152,nan,0.0,17.40808526864281,0.0,81.3801909876262,0.0,46.0,0.0,,0.00023775346731424264,,,,,,,3.1196401763525543,,1,1.91238575242534,6.234879995271657,inf,-inf,-1.7725508999487094,1.357580440280647,-1.442143693637729,0.8413392103501783,inf,-inf,2.116875259653943,0.25086030337267834,0.25086030337267834,0.25086030337267834,784,1.4662522315607451,1.1672391248657772,1.5604991875205914,,,-1.1626048320970592,3.00243062941079,0.5951645579861468,3.2602627306569354,0.5132525994166797,0.0,0.0,3.2095972147795204,3.007092763570755,1.91238575242534,6.234879995271657
92,1.8621460498588362,27.538748933793283,0.3690393182379036,0.0,29.76993430189002,27.538748933793283,nan,0.04663571882365806,0.3224035994142456,1.920822918985497,31.07014814022152,0.3787394163362426,0.0,33.369710475543265,31.07014814022152,nan,0.0,16.71147221971803,0.0,77.96181727608219,0.0,46.0,0.0,,0.00023650208978855897,,,,,,,3.1196401763525543,,1,1.91238575242534,6.234879995271657,inf,-inf,-1.742636656823714,1.3292137913871351,-1.4003233909250656,0.8314984577191495,inf,-inf,2.1312727712585895,0.2502307741806823,0.2502307741806823,0.2502307741806823,784,1.4662522315607451,1.1672391248657772,1.5604991875205914,,,-1.1626048320970592,3.00243062941079,0.5951645579861468,3.2602627306569354,0.5132525994166797,0.0,0.0,3.2095972147795204,3.007092763570755,1.91238575242534,6.234879995271657
93,1.8637475046890533,25.940922116536175,0.3649500816252965,0.0,28.169619702850525,25.940922116536175,nan,0.04750060743625699,0.31744947418903946,1.920822918985497,31.07014814022152,0.3787394163362426,0.0,33.369710475543265,31.07014814022152,nan,0.0,15.968478117837826,0.0,74.79897533716604,0.0,46.0,0.0,,0.00023524177464028488,,,,,,,3.1196401763525543,,1,1.91238575242534,6.234879995271657,inf,-inf,-1.72339719741702,1.2921485609381125,-1.3911799980623833,0.81022873974906,inf,-inf,2.143199575926803,0.2504168800857789,0.2504168800857789,0.2504168800857789,784,1.4662522315607451,1.1672391248657772,1.5604991875205914,,,-1.1626048320970592,3.00243062941079,0.5951645579861468,3.2602627306569354,0.5132525994166797,0.0,0.0,3.2095972147795204,3.007092763570755,1.91238575242534,6.234879995271657
94,1.8696608627647868,24.378224800620114,0.3586544947508943,0.0,26.606540158135793,24.378224800620114,nan,0.048356687787189136,0.3102978069637051,1.920822918985497,31.07014814022152,0.3787394163362426,0.0,33.369710475543265,31.07014814022152,nan,0.0,15.40076302231757,0.0,71.70402231727323,0.0,46.0,0.0,,0.0002339726600771789,,,,,,,3.1196401763525543,,1,1.91238575242534,6.234879995271657,inf,-inf,-1.6644372778187781,1.277910660284429,-1.342240947687764,0.7985568417589225,inf,-inf,2.1566801272567644,0.25016104323014154,0.25016104323014154,0.25016104323014154,784,1.4662522315607451,1.1672391248657772,1.5604991875205914,,,-1.1626048320970592,3.00243062941079,0.5951645579861468,3.2602627306569354,0.5132525994166797,0.0,0.0,3.2095972147795204,3.007092763570755,1.91238575242534,6.234879995271657
95,1.866814288333688,22.95252605037779,0.35454896701807337,0.0,25.173889305729553,22.95252605037779,nan,0.04922421775331334,0.30532474926476005,1.920822918985497,22.990993881099374,0.35154070528663695,0.0,25.26335750537151,22.990993881099374,nan,0.0,14.812832978234624,0.0,68.87488299628849,0.0,46.0,0.0,,0.0002326948852719545,,,,,,,2.9011411070172928,,1,1.74133612252043,5.840402306236525,inf,-inf,-1.6498909630583518,1.2440819980674065,-1.326696316773188,0.7761562565028146,inf,-inf,2.170716463482348,0.25004618215228325,0.25004618215228325,0.25004618215228325,784,1.3974583222862849,1.1367301598956019,1.5329512474011466,,,-1.216351321045442,2.788089671833152,0.572322330596399,3.3539775754396337,0.5255601546041805,0.0,0.0,2.989749612261758,2.7931701175593133,1.74133612252043,5.840402306236525
96,1.8640833398647243,21.548122477204114,0.349469313477609,0.0,23.761675130546447,21.548122477204114,nan,0.050091502434469276,0.29937781104313965,1.920822918985497,22.990993881099374,0.35154070528663695,0.0,25.26335750537151,22.990993881099374,nan,0.0,14.137271174054863,0.0,66.09694134918425,0.0,46.0,0.0,,0.00023140859034701826,,,,,,,2.9011411070172928,,1,1.74133612252043,5.840402306236525,inf,-inf,-1.602124624125446,1.2261069607845203,-1.2862620416398896,0.7662188420056335,inf,-inf,2.1831285397300833,0.24972655784908981,0.24972655784908981,0.24972655784908981,784,1.3974583222862849,1.1367301598956019,1.5329512474011466,,,-1.216351321045442,2.788089671833152,0.572322330596399,3.3539775754396337,0.5255601546041805,0.0,0.0,2.989749612261758,2.7931701175593133,1.74133612252043,5.840402306236525
97,1.8621555184478928,20.22643683908541,0.34547969070002765,0.0,22.43407204823333,20.22643683908541,nan,0.05096503934674942,0.2945146513532783,1.920822918985497,22.990993881099374,0.35154070528663695,0.0,25.26335750537151,22.990993881099374,nan,0.0,13.156792085051107,0.0,63.48357847689211,0.0,46.0,0.0,,0.00023011391635910388,,,,,,,2.9011411070172928,,1,1.74133612252043,5.840402306236525,inf,-inf,-1.58416139208681,1.2012770540950166,-1.2772881886894243,0.7439012238656955,inf,-inf,2.1968511970592512,0.24979409291805685,0.24979409291805685,0.24979409291805685,784,1.3974583222862849,1.1367301598956019,1.5329512474011466,,,-1.216351321045442,2.788089671833152,0.572322330596399,3.3539775754396337,0.5255601546041805,0.0,0.0,2.989749612261758,2.7931701175593133,1.74133612252043,5.840402306236525
98,1.873937065203867,18.94619201368367,0.3405387214825211,0.0,21.16066780037006,18.94619201368367,nan,0.05183487722909352,0.28870384425342765,1.920822918985497,22.990993881099374,0.35154070528663695,0.0,25.26335750537151,22.990993881099374,nan,0.0,12.862761242296251,0.0,60.95314459315078,0.0,46.0,0.0,,0.00022881100528380385,,,,,,,2.9011411070172928,,1,1.74133612252043,5.840402306236525,inf,-inf,-1.5281829950739272,1.176613145834817,-1.2518082448955345,0.7319913698224467,inf,-inf,2.2103793922557426,0.24959706955724378,0.24959706955724378,0.24959706955724378,784,1.3974583222862849,1.1367301598956019,1.5329512474011466,,,-1.216351321045442,2.788089671833152,0.572322330596399,3.3539775754396337,0.5255601546041805,0.0,0.0,2.989749612261758,2.7931701175593133,1.74133612252043,5.840402306236525
99,1.8600853504083892,17.742161897489726,0.33649564702775064,0.0,19.938742894925866,17.742161897489726,nan,0.052713588969944165,0.28378205805780643,1.920822918985497,22.990993881099374,0.35154070528663695,0.0,25.26335750537151,22.990993881099374,nan,0.0,12.49692914241039,0.0,58.56866317433536,0.0,46.0,0.0,,0.0002275,,,,,,,2.9011411070172928,,1,1.74133612252043,5.840402306236525,inf,-inf,-1.5066065639076671,1.1511880259015994,-1.2313418888839103,0.721772326521747,inf,-inf,2.223087140614421,0.24947494539063605,0.24947494539063605,0.24947494539063605,784,1.3974583222862849,1.1367301598956019,1.5329512474011466,,,-1.216351321045442,2.788089671833152,0.572322330596399,3.3539775754396337,0.5255601546041805,0.0,0.0,2.989749612261758,2.7931701175593133,1.74133612252043,5.840402306236525
100,1.8785039613769585,16.59460151506157,0.3324818800106981,0.0,18.805587356449223,16.59460151506157,nan,0.05359079876620509,0.2788910812444931,1.920822918985497,16.63912868758786,0.33071789564278525,0.0,18.89066950221614,16.63912868758786,nan,0.0,12.0481295636077,0.0,56.302492695372926,0.0,46.0,0.0,,0.00022618104427419542,,,,,,,2.703121123342897,,1,1.589580655934383,5.480274815834219,inf,-inf,-1.469938385968449,1.127273578517624,-1.2018098390968042,0.694598028338339,inf,-inf,2.234758805536619,0.24944494451379398,0.24944494451379398,0.24944494451379398,784,1.3332811125605473,1.1075367876592335,1.5063598499109168,,,-1.2686181093026905,2.5935758306597583,0.5506015328982901,3.447622991242819,0.5375197682388398,0.0,0.0,2.790505340403977,2.599883855671237,1.589580655934383,5.480274815834219
101,1.8609889313913177,15.515205835373436,0.32997628747387553,0.0,17.70617105423863,15.515205835373436,nan,0.054471991861474264,0.27550429561240125,1.920822918985497,16.63912868758786,0.33071789564278525,0.0,18.89066950221614,16.63912868758786,nan,0.0,11.514965309773194,0.0,54.158783087763844,0.0,46.0,0.0,,0.0002248542827447487,,,,,,,2.703121123342897,,1,1.589580655934383,5.480274815834219,inf,-inf,-1.4459316733536474,1.1149339525876638,-1.1658831379105736,0.6905138049398105,inf,-inf,2.249227409508462,0.24946819696319783,0.24946819696319783,0.24946819696319783,784,1.3332811125605473,1.1075367876592335,1.5063598499109168,,,-1.2686181093026905,2.5935758306597583,0.5506015328982901,3.447622991242819,0.5375197682388398,0.0,0.0,2.790505340403977,2.599883855671237,1.589580655934383,5.480274815834219
102,1.8648143137909472,14.453715976372129,0.32526759770791513,0.0,16.64379788787099,14.453715976372129,nan,0.055346528145190886,0.2699210695627242,1.920822918985497,16.63912868758786,0.33071789564278525,0.0,18.89066950221614,16.63912868758786,nan,0.0,10.936530741885893,0.0,52.06188165788721,0.0,46.0,0.0,,0.00022351986090601283,,,,,,,2.703121123342897,,1,1.589580655934383,5.480274815834219,inf,-inf,-1.4073897198092689,1.0926988229454444,-1.1558067304585278,0.6681409392400273,inf,-inf,2.2617951642656307,0.24911741892878636,0.24911741892878636,0.24911741892878636,784,1.3332811125605473,1.1075367876592335,1.5063598499109168,,,-1.2686181093026905,2.5935758306597583,0.5506015328982901,3.447622991242819,0.5375197682388398,0.0,0.0,2.790505340403977,2.599883855671237,1.589580655934383,5.480274815834219
103,1.8756114173773923,13.447676171805648,0.32145852291417204,0.0,15.644746112097213,13.447676171805648,nan,0.056232770034924946,0.26522575287924705,1.920822918985497,16.63912868758786,0.33071789564278525,0.0,18.89066950221614,16.63912868758786,nan,0.0,10.594307545134392,0.0,50.073708125098904,0.0,46.0,0.0,,0.00022217792509237998,,,,,,,2.703121123342897,,1,1.589580655934383,5.480274815834219,inf,-inf,-1.3934526007326375,1.0677933461399964,-1.1284470504212396,0.6640806188759353,inf,-inf,2.2723356558701746,0.24894075477471816,0.24894075477471816,0.24894075477471816,784,1.3332811125605473,1.1075367876592335,1.5063598499109168,,,-1.2686181093026905,2.5935758306597583,0.5506015328982901,3.447622991242819,0.5375197682388398,0.0,0.0,2.790505340403977,2.599883855671237,1.589580655934383,5.480274815834219
104,1.8738674362219554,12.499436302016724,0.31940320895449065,0.0,14.69270694719317,12.499436302016724,nan,0.05711146821585751,0.26229174073863315,1.920822918985497,16.63912868758786,0.33071789564278525,0.0,18.89066950221614,16.63912868758786,nan,0.0,10.110340711342374,0.0,48.19704541773517,0.0,46.0,0.0,,0.0002208286224622343,,,,,,,2.703121123342897,,1,1.589580655934383,5.480274815834219,inf,-inf,-1.363322683147896,1.0402843628592633,-1.1027192338893004,0.6446939727779298,inf,-inf,2.283786236600976,0.24908279200423689,0.24908279200423689,0.24908279200423689,784,1.3332811125605473,1.1075367876592335,1.5063598499109168,,,-1.2686181093026905,2.5935758306597583,0.5506015328982901,3.447622991242819,0.5375197682388398,0.0,0.0,2.790505340403977,2.599883855671237,1.589580655934383,5.480274815834219
105,1.8712293866535075,11.580811317874103,0.31590734177211727,0.0,13.767948046299727,11.580811317874103,nan,0.0580037267240018,0.25790361504811554,1.920822918985497,11.626433297826797,0.31349798163563397,0.0,13.860754198447927,11.626433297826797,nan,0.0,9.787307719707178,0.0,46.38596521923061,0.0,46.0,0.0,,0.00021947210098181448,,,,,,,2.5241891337959577,,1,1.4519051744261895,5.148248367695358,inf,-inf,-1.3227860742440953,1.0317748938370455,-1.09178627068019,0.6375446373073153,inf,-inf,2.29530300561214,0.24879227945192972,0.24879227945192972,0.24879227945192972,784,1.2743949065739064,1.0800571391550369,1.4812933046013135,,,-1.3193607921205637,2.418958073813438,0.5302368510417255,3.54585716641585,0.5497212374445979,0.0,0.0,2.6105513283907706,2.4264852567488138,1.4519051744261895,5.148248367695358
106,1.8746655095282032,10.716304623682948,0.31298195100184106,0.0,12.903952084212992,10.716304623682948,nan,0.05888990191644368,0.25409204908539723,1.920822918985497,11.626433297826797,0.31349798163563397,0.0,13.860754198447927,11.626433297826797,nan,0.0,9.378144091602584,0.0,44.678718750747755,0.0,46.0,0.0,,0.0002181085094089875,,,,,,,2.5241891337959577,,1,1.4519051744261895,5.148248367695358,inf,-inf,-1.3110726884354822,1.0011474800659679,-1.065492390768494,0.6171366211360061,inf,-inf,2.306996415043973,0.24869816346786533,0.24869816346786533,0.24869816346786533,784,1.2743949065739064,1.0800571391550369,1.4812933046013135,,,-1.3193607921205637,2.418958073813438,0.5302368510417255,3.54585716641585,0.5497212374445979,0.0,0.0,2.6105513283907706,2.4264852567488138,1.4519051744261895,5.148248367695358
107,1.8681064222417778,9.875609024141163,0.3097109706231893,0.0,12.053426417006131,9.875609024141163,nan,0.05978204935517535,0.2499289212680139,1.920822918985497,11.626433297826797,0.31349798163563397,0.0,13.860754198447927,11.626433297826797,nan,0.0,8.943224833527767,0.0,43.01857440818911,0.0,46.0,0.0,,0.0002167379972769355,,,,,,,2.5241891337959577,,1,1.4519051744261895,5.148248367695358,inf,-inf,-1.280475449807099,0.9929885409326663,-1.043465205543527,0.6101635212326975,inf,-inf,2.3199037488538865,0.24867481848550452,0.24867481848550452,0.24867481848550452,784,1.2743949065739064,1.0800571391550369,1.4812933046013135,,,-1.3193607921205637,2.418958073813438,0.5302368510417255,3.54585716641585,0.5497212374445979,0.0,0.0,2.6105513283907706,2.4264852567488138,1.4519051744261895,5.148248367695358
108,1.8636199390424897,9.082710073847808,0.3075625391266227,0.0,11.253892552016922,9.082710073847808,nan,0.060671965574444736,0.24689057355217797,1.920822918985497,11.626433297826797,0.31349798163563397,0.0,13.860754198447927,11.626433297826797,nan,0.0,8.925981410654403,0.0,41.44389730530286,0.0,46.0,0.0,,0.00021536071487775814,,,,,,,2.5241891337959577,,1,1.4519051744261895,5.148248367695358,inf,-inf,-1.2670868877575299,0.9737374788880032,-1.0195752740196375,0.5938429522724549,inf,-inf,2.3298523416244015,0.24873154683847665,0.24873154683847665,0.24873154683847665,784,1.2743949065739064,1.0800571391550369,1.4812933046013135,,,-1.3193607921205637,2.418958073813438,0.5302368510417255,3.54585716641585,0.5497212374445979,0.0,0.0,2.6105513283907706,2.4264852567488138,1.4519051744261895,5.148248367695358
109,1.8792087059907927,8.329384655983947,0.3050965769684833,0.0,10.513689938943223,8.329384655983947,nan,0.06156154196342784,0.24353503500505544,1.920822918985497,11.626433297826797,0.31349798163563397,0.0,13.860754198447927,11.626433297826797,nan,0.0,8.395032303587792,0.0,39.956140901822806,0.0,46.0,0.0,,0.00021397681324599097,,,,,,,2.5241891337959577,,1,1.4519051744261895,5.148248367695358,inf,-inf,-1.2408052506836504,0.9532452781529985,-1.0118019152075206,0.5899192569026535,inf,-inf,2.3409042861586755,0.24844024854322175,0.24844024854322175,0.24844024854322175,784,1.2743949065739064,1.0800571391550369,1.4812933046013135,,,-1.3193607921205637,2.418958073813438,0.5302368510417255,3.54585716641585,0.5497212374445979,0.0,0.0,2.6105513283907706,2.4264852567488138,1.4519051744261895,5.148248367695358
110,1.8725349201014652,7.590541102449028,0.30282571837000516,0.0,9.765901740920498,7.590541102449028,nan,0.06244712486826415,0.24037859350174093,1.920822918985497,7.625656940594797,0.30072842712057857,0.0,9.847208286700873,7.625656940594797,nan,0.0,8.25578393719351,0.0,38.49803297201248,0.0,46.0,0.0,,0.00021258644414204314,,,,,,,2.3624749650552577,,1,1.330908615069517,4.847607178299256,inf,-inf,-1.217128582688635,0.9319063438954577,-0.9909795666328067,0.57331497433798,inf,-inf,2.352538607346131,0.2484596139287531,0.2484596139287531,0.2484596139287531,784,1.2200773962707958,1.054135981655666,1.4579861420188114,,,-1.3685390913743147,2.2602648222491197,0.511038555700287,3.6423291001434026,0.5613791836113098,0.0,0.0,2.447798035091358,2.2688825616215427,1.330908615069517,4.847607178299256
111,1.8702964994914675,6.914052302031725,0.30000862804168893,0.0,9.084357429564882,6.914052302031725,nan,0.06333725566830828,0.2366713723733807,1.920822918985497,7.625656940594797,0.30072842712057857,0.0,9.847208286700873,7.625656940594797,nan,0.0,7.955656694826174,0.0,37.16185243948302,0.0,46.0,0.0,,0.0002111897600355549,,,,,,,2.3624749650552577,,1,1.330908615069517,4.847607178299256,inf,-inf,-1.180407481553261,0.925594198661898,-0.9673214624757448,0.5677673879216213,inf,-inf,2.3609549747518264,0.24826761093084218,0.24826761093084218,0.24826761093084218,784,1.2200773962707958,1.054135981655666,1.4579861420188114,,,-1.3685390913743147,2.2602648222491197,0.511038555700287,3.6423291001434026,0.5613791836113098,0.0,0.0,2.447798035091358,2.2688825616215427,1.330908615069517,4.847607178299256
112,1.8720721297233127,6.252830087557707,0.29823389876926387,0.0,8.423136116050284,6.252830087557707,nan,0.06422108835719594,0.23401281041206773,1.920822918985497,7.625656940594797,0.30072842712057857,0.0,9.847208286700873,7.625656940594797,nan,0.0,7.549743095407536,0.0,35.85767924957425,0.0,46.0,0.0,,0.00020978691408867772,,,,,,,2.3624749650552577,,1,1.330908615069517,4.847607178299256,inf,-inf,-1.1614511806762047,0.9075799459145243,-0.9491287056085613,0.5514685705941558,inf,-inf,2.3717351574093484,0.24817273513562366,0.24817273513562366,0.24817273513562366,784,1.2200773962707958,1.054135981655666,1.4579861420188114,,,-1.3685390913743147,2.2602648222491197,0.511038555700287,3.6423291001434026,0.5613791836113098,0.0,0.0,2.447798035091358,2.2688825616215427,1.330908615069517,4.847607178299256
113,1.8667737446026844,5.614598278285166,0.2958140254815952,0.0,7.777186048369447,5.614598278285166,nan,0.06511464009416353,0.23069938538743173,1.920822918985497,7.625656940594797,0.30072842712057857,0.0,9.847208286700873,7.625656940594797,nan,0.0,7.269582157646934,0.0,34.59989696697354,0.0,46.0,0.0,,0.0002083780601392783,,,,,,,2.3624749650552577,,1,1.330908615069517,4.847607178299256,inf,-inf,-1.1500261799017164,0.8841653088538196,-0.9322244400280679,0.5409030688695708,inf,-inf,2.3843445692495666,0.24800655954315995,0.24800655954315995,0.24800655954315995,784,1.2200773962707958,1.054135981655666,1.4579861420188114,,,-1.3685390913743147,2.2602648222491197,0.511038555700287,3.6423291001434026,0.5613791836113098,0.0,0.0,2.447798035091358,2.2688825616215427,1.330908615069517,4.847607178299256
114,1.872585498733975,4.996171547951361,0.29444363451848493,0.0,7.163200681203821,4.996171547951361,nan,0.0660050157709898,0.22843861874749508,1.920822918985497,7.625656940594797,0.30072842712057857,0.0,9.847208286700873,7.625656940594797,nan,0.0,7.03278634516723,0.0,33.378495393155575,0.0,46.0,0.0,,0.00020696335268406848,,,,,,,2.3624749650552577,,1,1.330908615069517,4.847607178299256,inf,-inf,-1.1271569700556892,0.8800748034976763,-0.9171635469002762,0.5326097014873268,inf,-inf,2.390892454058451,0.24822083729575223,0.24822083729575223,0.24822083729575223,784,1.2200773962707958,1.054135981655666,1.4579861420188114,,,-1.3685390913743147,2.2602648222491197,0.511038555700287,3.6423291001434026,0.5613791836113098,0.0,0.0,2.447798035091358,2.2688825616215427,1.330908615069517,4.847607178299256
115,1.8629322026356334,4.4213505731278815,0.2925775814537522,0.0,6.576860357217267,4.4213505731278815,nan,0.06688747579362801,0.22569010566012426,1.920822918985497,4.423378944503412,0.2907251533163425,0.0,6.634927016805252,4.423378944503412,nan,0.0,6.9620216256965275,0.0,32.24419877397354,0.0,46.0,0.0,,0.00020554294686166318,,,,,,,2.216325867936926,,1,1.2229172539160584,4.566007304374527,inf,-inf,-1.1098203164797904,0.865318563510622,-0.8965275872097273,0.5248121049953247,inf,-inf,2.4025764032589927,0.24801593363432603,0.24801593363432603,0.24801593363432603,784,1.1703656086817023,1.0298214392597018,1.4349213182746816,,,-1.4161169552449722,2.1168059209879075,0.4930916703229836,3.733700943177583,0.5721395294863761,0.0,0.0,2.301000105608761,2.126980041564213,1.2229172539160584,4.566007304374527
116,1.8732926618129635,3.874196746896342,0.2909331342794276,0.0,6.038422542988733,3.874196746896342,nan,0.06777387680346121,0.22315925747596627,1.920822918985497,4.423378944503412,0.2907251533163425,0.0,6.634927016805252,4.423378944503412,nan,0.0,6.603437042002659,0.0,31.16707602219953,0.0,46.0,0.0,,0.00020411699843556725,,,,,,,2.216325867936926,,1,1.2229172539160584,4.566007304374527,inf,-inf,-1.0969162620732082,0.851864239272155,-0.8872813977630396,0.517772561874313,inf,-inf,2.4105426821160174,0.24795524306479141,0.24795524306479141,0.24795524306479141,784,1.1703656086817023,1.0298214392597018,1.4349213182746816,,,-1.4161169552449722,2.1168059209879075,0.4930916703229836,3.733700943177583,0.5721395294863761,0.0,0.0,2.301000105608761,2.126980041564213,1.2229172539160584,4.566007304374527
117,1.856622873269987,3.3260671422988426,0.28873751265675357,0.0,5.4714275282255835,3.3260671422988426,nan,0.06865698614085317,0.22008052651590046,1.920822918985497,4.423378944503412,0.2907251533163425,0.0,6.634927016805252,4.423378944503412,nan,0.0,6.320514605338007,0.0,30.089123677955477,0.0,46.0,0.0,,0.00020268566377709454,,,,,,,2.216325867936926,,1,1.2229172539160584,4.566007304374527,inf,-inf,-1.0653065930116097,0.8316560444522197,-0.8700778227440481,0.5050684574123793,inf,-inf,2.422730745948404,0.2477344340442241,0.2477344340442241,0.2477344340442241,784,1.1703656086817023,1.0298214392597018,1.4349213182746816,,,-1.4161169552449722,2.1168059209879075,0.4930916703229836,3.733700943177583,0.5721395294863761,0.0,0.0,2.301000105608761,2.126980041564213,1.2229172539160584,4.566007304374527
118,1.8694404323762601,2.8238826871344447,0.2868385725661111,0.0,4.980161692076816,2.8238826871344447,nan,0.06954324361714007,0.2172953289489711,1.920822918985497,4.423378944503412,0.2907251533163425,0.0,6.634927016805252,4.423378944503412,nan,0.0,6.1211574982496115,0.0,29.09391648969505,0.0,46.0,0.0,,0.00020124909984822013,,,,,,,2.216325867936926,,1,1.2229172539160584,4.566007304374527,inf,-inf,-1.0556572679188243,0.8162148670050957,-0.848328976157347,0.49929424880268997,inf,-inf,2.431679761527133,0.2475990269898609,0.2475990269898609,0.2475990269898609,784,1.1703656086817023,1.0298214392597018,1.4349213182746816,,,-1.4161169552449722,2.1168059209879075,0.4930916703229836,3.733700943177583,0.5721395294863761,0.0,0.0,2.301000105608761,2.126980041564213,1.2229172539160584,4.566007304374527
119,1.8678347375917843,2.320261700368142,0.28621670287592127,0.0,4.474313140835847,2.320261700368142,nan,0.07043136597865769,0.21578533689726354,1.920822918985497,4.423378944503412,0.2907251533163425,0.0,6.634927016805252,4.423378944503412,nan,0.0,6.019425415293375,0.0,28.10640156552754,0.0,46.0,0.0,,0.00019980746418436736,,,,,,,2.216325867936926,,1,1.2229172539160584,4.566007304374527,inf,-inf,-1.0370321653671764,0.8067022188306118,-0.8287140437934848,0.4914257090612385,inf,-inf,2.4398288016831944,0.2478119363507651,0.2478119363507651,0.2478119363507651,784,1.1703656086817023,1.0298214392597018,1.4349213182746816,,,-1.4161169552449722,2.1168059209879075,0.4930916703229836,3.733700943177583,0.5721395294863761,0.0,0.0,2.301000105608761,2.126980041564213,1.2229172539160584,4.566007304374527
120,1.86207075561226,1.8646677865060182,0.2842570416294921,0.0,4.01099558374777,1.8646677865060182,nan,0.07131193512091573,0.2129451065085763,1.920822918985497,1.8640236824451906,0.2828899313693042,0.0,4.067736532799992,1.8640236824451906,nan,0.0,5.777449329198232,0.0,27.205291383399466,0.0,46.0,0.0,,0.00019836091487713254,,,,,,,2.0842868628498894,,1,1.1276859713149348,4.314749892992948,inf,-inf,-1.0081000267172104,0.7908063557312645,-0.8259221650611122,0.4788912945148614,inf,-inf,2.4495516186698074,0.2476008117435553,0.2476008117435553,0.2476008117435553,784,1.1249540159066649,1.0071260284117594,1.4131448202522492,,,-1.4620626468408944,1.9874903247613784,0.4762668443077035,3.826198075304375,0.5827674489074364,0.0,0.0,2.168467675333261,1.9975665549940682,1.1276859713149348,4.314749892992948
121,1.8691517431443387,1.4108779607474344,0.2834623658493577,0.0,3.5634920697411308,1.4108779607474344,nan,0.07219337702306654,0.21126898882629122,1.920822918985497,1.8640236824451906,0.2828899313693042,0.0,4.067736532799992,1.8640236824451906,nan,0.0,5.54787769137651,0.0,26.310929199400515,0.0,46.0,0.0,,0.00019690961055694836,,,,,,,2.0842868628498894,,1,1.1276859713149348,4.314749892992948,inf,-inf,-0.9935852709657241,0.7805444539986518,-0.8024877867882461,0.4707236925257022,inf,-inf,2.4574507114632604,0.24753679472323462,0.24753679472323462,0.24753679472323462,784,1.1249540159066649,1.0071260284117594,1.4131448202522492,,,-1.4620626468408944,1.9874903247613784,0.4762668443077035,3.826198075304375,0.5827674489074364,0.0,0.0,2.168467675333261,1.9975665549940682,1.1276859713149348,4.314749892992948
122,1.8647507177728901,0.9936350457319939,0.28173354756188546,0.0,3.1401193110667696,0.9936350457319939,nan,0.07306583647609281,0.2086677110857927,1.920822918985497,1.8640236824451906,0.2828899313693042,0.0,4.067736532799992,1.8640236824451906,nan,0.0,5.3725252842564455,0.0,25.48626460660214,0.0,46.0,0.0,,0.00019545371037568823,,,,,,,2.0842868628498894,,1,1.1276859713149348,4.314749892992948,inf,-inf,-0.9743745256771245,0.7668320052075135,-0.7938551358964885,0.46405700645303094,inf,-inf,2.4659872325620737,0.24743399894934429,0.24743399894934429,0.24743399894934429,784,1.1249540159066649,1.0071260284117594,1.4131448202522492,,,-1.4620626468408944,1.9874903247613784,0.4762668443077035,3.826198075304375,0.5827674489074364,0.0,0.0,2.168467675333261,1.9975665549940682,1.1276859713149348,4.314749892992948
123,1.8602550023059359,0.5706349098618183,0.2809333097136178,0.0,2.7118232218813723,0.5706349098618183,nan,0.0739459148217753,0.20698739489184248,1.920822918985497,1.8640236824451906,0.2828899313693042,0.0,4.067736532799992,1.8640236824451906,nan,0.0,5.20469084994414,0.0,24.658532715904634,0.0,46.0,0.0,,0.00019399337398921348,,,,,,,2.0842868628498894,,1,1.1276859713149348,4.314749892992948,inf,-inf,-0.9695346498697556,0.7537788002142611,-0.7766863116739317,0.4556102222119585,inf,-inf,2.4745246770166305,0.2474420372269942,0.2474420372269942,0.2474420372269942,784,1.1249540159066649,1.0071260284117594,1.4131448202522492,,,-1.4620626468408944,1.9874903247613784,0.4762668443077035,3.826198075304375,0.5827674489074364,0.0,0.0,2.168467675333261,1.9975665549940682,1.1276859713149348,4.314749892992948
124,1.8699742135802595,0.18757042723480744,0.27909049391758656,0.0,2.3366351347326533,0.18757042723480744,nan,0.07481731972405548,0.2042731741935312,1.920822918985497,1.8640236824451906,0.2828899313693042,0.0,4.067736532799992,1.8640236824451906,nan,0.0,5.018684008270347,0.0,23.899435292946574,0.0,46.0,0.0,,0.0001925287615398655,,,,,,,2.0842868628498894,,1,1.1276859713149348,4.314749892992948,inf,-inf,-0.9465646982959351,0.7420326553173202,-0.7652750704973293,0.4480821502828796,inf,-inf,2.483446509554556,0.24729527991318295,0.24729527991318295,0.24729527991318295,784,1.1249540159066649,1.0071260284117594,1.4131448202522492,,,-1.4620626468408944,1.9874903247613784,0.4762668443077035,3.826198075304375,0.5827674489074364,0.0,0.0,2.168467675333261,1.9975665549940682,1.1276859713149348,4.314749892992948
125,1.8609242568393183,-0.1875366614090387,0.27824721347947007,0.0,1.9516348089097495,-0.1875366614090387,nan,0.07567408296812055,0.2025731305113494,1.920822918985497,-0.19323864678383895,0.2767202501719897,0.0,2.0043045223736478,-0.19323864678383895,nan,0.0,4.893471180839156,0.0,23.162091006167067,0.0,46.0,0.0,,0.0001910600336389039,,,,,,,1.9655076636747333,,1,1.0435396068965885,4.213504180657712,inf,-inf,-0.9338218396090915,0.733497331509925,-0.7527112425276973,0.441665747181468,inf,-inf,2.4906382631536954,0.24715375385413135,0.24715375385413135,0.24715375385413135,784,1.0842657889950293,0.9863516250734956,1.3938762501936213,,,-1.5063488216321825,1.8706615211554503,0.46050769853310064,4.037704130069744,0.6061344920752297,0.0,0.0,2.049221910511622,1.8827122833038121,1.0435396068965885,4.213504180657712
126,1.8761855353463601,-0.5487141783224694,0.2769497819384887,0.0,1.6044211389623795,-0.5487141783224694,nan,0.07653478746934539,0.2004149944691433,1.920822918985497,-0.19323864678383895,0.2767202501719897,0.0,2.0043045223736478,-0.19323864678383895,nan,0.0,4.770996568452297,0.0,22.451245664794115,0.0,46.0,0.0,,0.0001895873513488942,,,,,,,1.9655076636747333,,1,1.0435396068965885,4.213504180657712,inf,-inf,-0.9247213699763762,0.7162416846637405,-0.7410690020627742,0.43716147614477174,inf,-inf,2.4981042097493926,0.24705400375972275,0.24705400375972275,0.24705400375972275,784,1.0842657889950293,0.9863516250734956,1.3938762501936213,,,-1.5063488216321825,1.8706615211554503,0.46050769853310064,4.037704130069744,0.6061344920752297,0.0,0.0,2.049221910511622,1.8827122833038121,1.0435396068965885,4.213504180657712
127,1.8689758637401628,-0.882374839695723,0.27646506693160533,0.0,1.2630660909760452,-0.882374839695723,nan,0.07739491464299586,0.19907015228860953,1.920822918985497,-0.19323864678383895,0.2767202501719897,0.0,2.0043045223736478,-0.19323864678383895,nan,0.0,4.635920702802381,0.0,21.795678910648316,0.0,46.0,0.0,,0.00018811087616604506,,,,,,,1.9655076636747333,,1,1.0435396068965885,4.213504180657712,inf,-inf,-0.9030828023187106,0.713135867408365,-0.7279741104515798,0.42601494468188844,inf,-inf,2.503142997063747,0.24708733189234383,0.24708733189234383,0.24708733189234383,784,1.0842657889950293,0.9863516250734956,1.3938762501936213,,,-1.5063488216321825,1.8706615211554503,0.46050769853310064,4.037704130069744,0.6061344920752297,0.0,0.0,2.049221910511622,1.8827122833038121,1.0435396068965885,4.213504180657712
128,1.8637287727325555,-1.213101029407535,0.2754110499611976,0.0,0.9260387932862181,-1.213101029407535,nan,0.07823525631887121,0.1971757936423264,1.920822918985497,-0.19323864678383895,0.2767202501719897,0.0,2.0043045223736478,-0.19323864678383895,nan,0.0,4.442324402119016,0.0,21.145670720613875,0.0,46.0,0.0,,0.00018663077000249866,,,,,,,1.9655076636747333,,1,1.0435396068965885,4.213504180657712,inf,-inf,-0.8938243013349573,0.696582147881529,-0.7177852747826083,0.41949983545267006,inf,-inf,2.511183486937384,0.24688818774666454,0.24688818774666454,0.24688818774666454,784,1.0842657889950293,0.9863516250734956,1.3938762501936213,,,-1.5063488216321825,1.8706615211554503,0.46050769853310064,4.037704130069744,0.6061344920752297,0.0,0.0,2.049221910511622,1.8827122833038121,1.0435396068965885,4.213504180657712
129,1.8747070752833621,-1.5241877801210029,0.2744444572917327,0.0,0.624963752454092,-1.5241877801210029,nan,0.07907631067044392,0.19536814662128876,1.920822918985497,-0.19323864678383895,0.2767202501719897,0.0,2.0043045223736478,-0.19323864678383895,nan,0.0,4.36182453795378,0.0,20.53442564301851,0.0,46.0,0.0,,0.00018514719516857508,,,,,,,1.9655076636747333,,1,1.0435396068965885,4.213504180657712,inf,-inf,-0.8745567522953407,0.68771595552437,-0.7093216479779493,0.41635891590607516,inf,-inf,2.517720397757355,0.24676598171096933,0.24676598171096933,0.24676598171096933,784,1.0842657889950293,0.9863516250734956,1.3938762501936213,,,-1.5063488216321825,1.8706615211554503,0.46050769853310064,4.037704130069744,0.6061344920752297,0.0,0.0,2.049221910511622,1.8827122833038121,1.0435396068965885,4.213504180657712
130,1.8704302489469888,-1.8191602032949188,0.27431351743581445,0.0,0.3255835630878845,-1.8191602032949188,nan,0.07990928476273683,0.19440423267307755,1.920822918985497,-1.8200706446736716,0.27315651251223727,0.0,0.3739087868240627,-1.8200706446736716,nan,0.0,4.295109610297452,0.0,19.95268042449593,0.0,46.0,0.0,,0.00018366031435497322,,,,,,,1.8599468614746801,,1,0.970610176398834,4.187538034629246,inf,-inf,-0.8677942627020755,0.6807319791886408,-0.7014400993112082,0.408690901654761,inf,-inf,2.5222196039608265,0.24683860251206824,0.24683860251206824,0.24683860251206824,784,1.0497197824961135,0.9683728825128585,1.3769106988858688,,,-1.5489525935227384,1.7676663701061273,0.44553761202565406,4.3143355967746855,0.6349139242988957,0.0,0.0,1.943083100590773,1.780920187012387,0.970610176398834,4.187538034629246
131,1.8634677078682393,-2.113241365837749,0.27344125374741607,0.0,0.023667595777906503,-2.113241365837749,nan,0.08073570985945,0.1927055438879661,1.920822918985497,-1.8200706446736716,0.27315651251223727,0.0,0.3739087868240627,-1.8200706446736716,nan,0.0,4.123398699492535,0.0,19.37865705272947,0.0,46.0,0.0,,0.00018217029061493007,,,,,,,1.8599468614746801,,1,0.970610176398834,4.187538034629246,inf,-inf,-0.8511000979277777,0.6697282057218429,-0.6838378080129286,0.4010643156553504,inf,-inf,2.530458179914946,0.24675732893553637,0.24675732893553637,0.24675732893553637,784,1.0497197824961135,0.9683728825128585,1.3769106988858688,,,-1.5489525935227384,1.7676663701061273,0.44553761202565406,4.3143355967746855,0.6349139242988957,0.0,0.0,1.943083100590773,1.780920187012387,0.970610176398834,4.187538034629246
132,1.875737794051772,-2.370767977634989,0.2728481710775389,0.0,-0.22218201250567782,-2.370767977634989,nan,0.08154813318139464,0.1913000378961442,1.920822918985497,-1.8200706446736716,0.27315651251223727,0.0,0.3739087868240627,-1.8200706446736716,nan,0.0,3.9682897434407414,0.0,18.865669649291164,0.0,46.0,0.0,,0.00018067728734633956,,,,,,,1.8599468614746801,,1,0.970610176398834,4.187538034629246,inf,-inf,-0.840020489248826,0.6594630518031567,-0.6750486181180317,0.39634750821821324,inf,-inf,2.535827064384292,0.24669634304387306,0.24669634304387306,0.24669634304387306,784,1.0497197824961135,0.9683728825128585,1.3769106988858688,,,-1.5489525935227384,1.7676663701061273,0.44553761202565406,4.3143355967746855,0.6349139242988957,0.0,0.0,1.943083100590773,1.780920187012387,0.970610176398834,4.187538034629246
133,1.864431658917873,-2.6388587780297525,0.27209372194922554,0.0,-0.5023333971626539,-2.6388587780297525,nan,0.08236227789286651,0.18973144405635908,1.920822918985497,-1.8200706446736716,0.27315651251223727,0.0,0.3739087868240627,-1.8200706446736716,nan,0.0,3.8464662349387893,0.0,18.336110888696627,0.0,46.0,0.0,,0.0001791814682738348,,,,,,,1.8599468614746801,,1,0.970610176398834,4.187538034629246,inf,-inf,-0.8271815627635267,0.6529340739216043,-0.663419587602641,0.3932462493236823,inf,-inf,2.5413881558694853,0.24662913305412468,0.24662913305412468,0.24662913305412468,784,1.0497197824961135,0.9683728825128585,1.3769106988858688,,,-1.5489525935227384,1.7676663701061273,0.44553761202565406,4.3143355967746855,0.6349139242988957,0.0,0.0,1.943083100590773,1.780920187012387,0.970610176398834,4.187538034629246
134,1.8639624415961464,-2.873288174786146,0.2718039051800667,0.0,-0.7375218280099329,-2.873288174786146,nan,0.0831685374527353,0.18863536772733158,1.920822918985497,-1.8200706446736716,0.27315651251223727,0.0,0.3739087868240627,-1.8200706446736716,nan,0.0,3.772812624594241,0.0,17.877294466260743,0.0,46.0,0.0,,0.00017768299743083345,,,,,,,1.8599468614746801,,1,0.970610176398834,4.187538034629246,inf,-inf,-0.8123037205440026,0.6443391740636656,-0.6563917751623476,0.38850008155743065,inf,-inf,2.5478975952878935,0.24656891933295408,0.24656891933295408,0.24656891933295408,784,1.0497197824961135,0.9683728825128585,1.3769106988858688,,,-1.5489525935227384,1.7676663701061273,0.44553761202565406,4.3143355967746855,0.6349139242988957,0.0,0.0,1.943083100590773,1.780920187012387,0.970610176398834,4.187538034629246
135,1.8768024874259215,-3.1105315552456916,0.27115327994032584,0.0,-0.9625757878794443,-3.1105315552456916,nan,0.08396768080281972,0.18718559913750613,1.920822918985497,-3.1149694427658994,0.2700069323354094,0.0,-0.9241395914449929,-3.1149694427658994,nan,0.0,3.6761859189725072,0.0,17.410018771457157,0.0,46.0,0.0,,0.00017618203914154966,,,,,,,1.7661280775958366,,1,0.9082208120652732,4.151874205767224,inf,-inf,-0.8061432156308185,0.6330211280189078,-0.649812527835833,0.3801913264037269,inf,-inf,2.553779958914615,0.2464331212418903,0.2464331212418903,0.2464331212418903,784,1.0208086537219936,0.9530944339905516,1.3620586921668916,,,-1.5898555894667492,1.6773089491976436,0.43127003741217956,4.5714369794345036,0.660052737081604,0.0,0.0,1.8485178036094132,1.6912898017494187,0.9082208120652732,4.151874205767224
136,1.8750664343559658,-3.3372228188823483,0.27057136687864075,0.0,-1.1915850176477418,-3.3372228188823483,nan,0.08476418706491168,0.18580717981372916,1.920822918985497,-3.1149694427658994,0.2700069323354094,0.0,-0.9241395914449929,-3.1149694427658994,nan,0.0,3.5991292301292144,0.0,16.9646483075933,0.0,46.0,0.0,,0.0001746787580029741,,,,,,,1.7661280775958366,,1,0.9082208120652732,4.151874205767224,inf,-inf,-0.7928205628444909,0.6273680145852112,-0.6350809629663707,0.37360091284207925,inf,-inf,2.5598296657806383,0.24631324399021945,0.24631324399021945,0.24631324399021945,784,1.0208086537219936,0.9530944339905516,1.3620586921668916,,,-1.5898555894667492,1.6773089491976436,0.43127003741217956,4.5714369794345036,0.660052737081604,0.0,0.0,1.8485178036094132,1.6912898017494187,0.9082208120652732,4.151874205767224
137,1.8720543923002158,-3.5608617070926227,0.2702361515245749,0.0,-1.4185711632678322,-3.5608617070926227,nan,0.08555989073377564,0.18467626079079935,1.920822918985497,-3.1149694427658994,0.2700069323354094,0.0,-0.9241395914449929,-3.1149694427658994,nan,0.0,3.475037812394183,0.0,16.530172007219885,0.0,46.0,0.0,,0.00017317331886682408,,,,,,,1.7661280775958366,,1,0.9082208120652732,4.151874205767224,inf,-inf,-0.788153884745406,0.6214406815427681,-0.6269908713569272,0.3711492069950893,inf,-inf,2.5642917797327445,0.24631750060562926,0.24631750060562926,0.24631750060562926,784,1.0208086537219936,0.9530944339905516,1.3620586921668916,,,-1.5898555894667492,1.6773089491976436,0.43127003741217956,4.5714369794345036,0.660052737081604,0.0,0.0,1.8485178036094132,1.6912898017494187,0.9082208120652732,4.151874205767224
138,1.8657102508023868,-3.7699766357811755,0.26956489653608406,0.0,-1.6347014884427047,-3.7699766357811755,nan,0.08633795839257885,0.18322693814350502,1.920822918985497,-3.1149694427658994,0.2700069323354094,0.0,-0.9241395914449929,-3.1149694427658994,nan,0.0,3.355827267741789,0.0,16.114967819862514,0.0,46.0,0.0,,0.00017166588682146562,,,,,,,1.7661280775958366,,1,0.9082208120652732,4.151874205767224,inf,-inf,-0.7795720462557595,0.6090890450822944,-0.620244109983171,0.3669594762543374,inf,-inf,2.5706346055860956,0.2461522536510532,0.2461522536510532,0.2461522536510532,784,1.0208086537219936,0.9530944339905516,1.3620586921668916,,,-1.5898555894667492,1.6773089491976436,0.43127003741217956,4.5714369794345036,0.660052737081604,0.0,0.0,1.8485178036094132,1.6912898017494187,0.9082208120652732,4.151874205767224
139,1.8586990226761164,-3.971087629390084,0.26945355580356883,0.0,-1.8429350509103983,-3.971087629390084,nan,0.08711260103435559,0.18234095476921328,1.920822918985497,-3.1149694427658994,0.2700069323354094,0.0,-0.9241395914449929,-3.1149694427658994,nan,0.0,3.368097582678595,0.0,15.719818637658477,0.0,46.0,0.0,,0.00017015662717380974,,,,,,,1.7661280775958366,,1,0.9082208120652732,4.151874205767224,inf,-inf,-0.7631387214229938,0.6013758235849624,-0.612803879522428,0.3605169617727128,inf,-inf,2.5745230640068484,0.24612943861243256,0.24612943861243256,0.24612943861243256,784,1.0208086537219936,0.9530944339905516,1.3620586921668916,,,-1.5898555894667492,1.6773089491976436,0.43127003741217956,4.5714369794345036,0.660052737081604,0.0,0.0,1.8485178036094132,1.6912898017494187,0.9082208120652732,4.151874205767224
140,1.8626188294343924,-4.163422596969204,0.26905126006975566,0.0,-2.0317525074650553,-4.163422596969204,nan,0.08787537673071395,0.18117588333904164,1.920822918985497,-4.165189421525333,0.26782057980847607,0.0,-1.9765459227313598,-4.165189421525333,nan,0.0,3.281125029392994,0.0,15.340182250202469,0.0,46.0,0.0,,0.00016864570543118456,,,,,,,1.6822893560940593,,1,0.8536927858309815,4.113457779752454,inf,-inf,-0.7560514050282282,0.597227813833166,-0.6044212490609485,0.3553881943131358,inf,-inf,2.5800132179198183,0.24595564090943609,0.24595564090943609,0.24595564090943609,784,0.9963355278960091,0.9399594680627417,1.3495563558259485,,,-1.629043992534196,1.5959842802217263,0.4178830594858827,4.81842865258423,0.6829054326841548,0.0,0.0,1.763826296345824,1.6105907606000203,0.8536927858309815,4.113457779752454
141,1.867375192396965,-4.346579970465151,0.2685533112789099,0.0,-2.210651466789276,-4.346579970465151,nan,0.08864254609074054,0.17991076518816937,1.920822918985497,-4.165189421525333,0.26782057980847607,0.0,-1.9765459227313598,-4.165189421525333,nan,0.0,3.171183739223789,0.0,14.981446098207478,0.0,46.0,0.0,,0.0001671332872831857,,,,,,,1.6822893560940593,,1,0.8536927858309815,4.113457779752454,inf,-inf,-0.7441608747828282,0.5879011663736011,-0.5954451298526395,0.3524204622017147,inf,-inf,2.584906204855797,0.24595153217660523,0.24595153217660523,0.24595153217660523,784,0.9963355278960091,0.9399594680627417,1.3495563558259485,,,-1.629043992534196,1.5959842802217263,0.4178830594858827,4.81842865258423,0.6829054326841548,0.0,0.0,1.763826296345824,1.6105907606000203,0.8536927858309815,4.113457779752454
142,1.8722012112374204,-4.528564075592177,0.26831586387254514,0.0,-2.388047000482212,-4.528564075592177,nan,0.08940314727896757,0.1789127165935776,1.920822918985497,-4.165189421525333,0.26782057980847607,0.0,-1.9765459227313598,-4.165189421525333,nan,0.0,3.1480838132879825,0.0,14.623330515857118,0.0,46.0,0.0,,0.00016561953858350656,,,,,,,1.6822893560940593,,1,0.8536927858309815,4.113457779752454,inf,-inf,-0.7389386029317111,0.5783803016235677,-0.5892060605002282,0.35010655887198044,inf,-inf,2.5894231876152234,0.2458997080509213,0.2458997080509213,0.2458997080509213,784,0.9963355278960091,0.9399594680627417,1.3495563558259485,,,-1.629043992534196,1.5959842802217263,0.4178830594858827,4.81842865258423,0.6829054326841548,0.0,0.0,1.763826296345824,1.6105907606000203,0.8536927858309815,4.113457779752454
143,1.8736606626759253,-4.697389071054661,0.2679965519878423,0.0,-2.5557318563908935,-4.697389071054661,nan,0.09015296711900511,0.1778435848688371,1.920822918985497,-4.165189421525333,0.26782057980847607,0.0,-1.9765459227313598,-4.165189421525333,nan,0.0,3.020678596461151,0.0,14.290420428990053,0.0,46.0,0.0,,0.00016410462533175042,,,,,,,1.6822893560940593,,1,0.8536927858309815,4.113457779752454,inf,-inf,-0.7288889938621191,0.5726957297863432,-0.5872322388048171,0.3441375681885348,inf,-inf,2.59413637442505,0.24582920267523736,0.24582920267523736,0.24582920267523736,784,0.9963355278960091,0.9399594680627417,1.3495563558259485,,,-1.629043992534196,1.5959842802217263,0.4178830594858827,4.81842865258423,0.6829054326841548,0.0,0.0,1.763826296345824,1.6105907606000203,0.8536927858309815,4.113457779752454
144,1.873859868852213,-4.870223137249498,0.26770491960663734,0.0,-2.728658348790648,-4.870223137249498,nan,0.09089481133166337,0.17681010827497398,1.920822918985497,-4.165189421525333,0.26782057980847607,0.0,-1.9765459227313598,-4.165189421525333,nan,0.0,2.9928948034190923,0.0,13.951538115016366,0.0,46.0,0.0,,0.00016258871365522684,,,,,,,1.6822893560940593,,1,0.8536927858309815,4.113457779752454,inf,-inf,-0.724197071055326,0.5664440546633159,-0.5782602824315666,0.34008391630540863,inf,-inf,2.5980682083279434,0.2458031854232615,0.2458031854232615,0.2458031854232615,784,0.9963355278960091,0.9399594680627417,1.3495563558259485,,,-1.629043992534196,1.5959842802217263,0.4178830594858827,4.81842865258423,0.6829054326841548,0.0,0.0,1.763826296345824,1.6105907606000203,0.8536927858309815,4.113457779752454
145,1.8747831546296199,-5.026360034494976,0.2675450140758659,0.0,-2.88403186578949,-5.026360034494976,nan,0.09163375224755123,0.17591126182831454,1.920822918985497,-5.0314313879093175,0.26654374789078,0.0,-2.8440647210330408,-5.0314313879093175,nan,0.0,2.9671577214651994,0.0,13.650740319308216,0.0,46.0,0.0,,0.00016107196979073393,,,,,,,1.6069310699767116,,1,0.8053514154270591,4.076270639456481,inf,-inf,-0.7124384408960014,0.5610255098866747,-0.5733034267400272,0.3344142274759646,inf,-inf,2.6022696736707913,0.24564358751981066,0.24564358751981066,0.24564358751981066,784,0.975064888856228,0.928403226152614,1.337928793493402,,,-1.6665085733930451,1.5226435997958752,0.4053477111839487,5.061480691996958,0.7042775844868823,0.0,0.0,1.6875378432455306,1.5410389996847864,0.8053514154270591,4.076270639456481
146,1.8666808659804535,-5.179147049919742,0.2672367462599338,0.0,-3.0452294376793545,-5.179147049919742,nan,0.09236781776209399,0.17486892849783983,1.920822918985497,-5.0314313879093175,0.26654374789078,0.0,-2.8440647210330408,-5.0314313879093175,nan,0.0,2.8533698344968235,0.0,13.342765030230467,0.0,46.0,0.0,,0.00015955456006632853,,,,,,,1.6069310699767116,,1,0.8053514154270591,4.076270639456481,inf,-inf,-0.7011674711241658,0.5562262294325262,-0.5705105961468581,0.3318748922253462,inf,-inf,2.6070283997815267,0.2455884339568416,0.2455884339568416,0.2455884339568416,784,0.975064888856228,0.928403226152614,1.337928793493402,,,-1.6665085733930451,1.5226435997958752,0.4053477111839487,5.061480691996958,0.7042775844868823,0.0,0.0,1.6875378432455306,1.5410389996847864,0.8053514154270591,4.076270639456481
147,1.8637600700653858,-5.327485186357569,0.267121938361873,0.0,-3.19660317793031,-5.327485186357569,nan,0.09309856414173215,0.17402337422014075,1.920822918985497,-5.0314313879093175,0.26654374789078,0.0,-2.8440647210330408,-5.0314313879093175,nan,0.0,2.750854879384024,0.0,13.051499755950369,0.0,46.0,0.0,,0.00015803665088308673,,,,,,,1.6069310699767116,,1,0.8053514154270591,4.076270639456481,inf,-inf,-0.6941458253395593,0.5497581529278649,-0.5690575129398368,0.32814008388783056,inf,-inf,2.611014501085167,0.24559403371203986,0.24559403371203986,0.24559403371203986,784,0.975064888856228,0.928403226152614,1.337928793493402,,,-1.6665085733930451,1.5226435997958752,0.4053477111839487,5.061480691996958,0.7042775844868823,0.0,0.0,1.6875378432455306,1.5410389996847864,0.8053514154270591,4.076270639456481
148,1.8829035203736197,-5.475281141667936,0.26691277134156366,0.0,-3.325464849952753,-5.475281141667936,nan,0.09381510746368195,0.17309766387788186,1.920822918985497,-5.0314313879093175,0.26654374789078,0.0,-2.8440647210330408,-5.0314313879093175,nan,0.0,2.72626596151602,0.0,12.763559517180447,0.0,46.0,0.0,,0.00015651840869685562,,,,,,,1.6069310699767116,,1,0.8053514154270591,4.076270639456481,inf,-inf,-0.6903347422867828,0.5429081974656148,-0.566892198400184,0.3248436606348197,inf,-inf,2.615227073841368,0.24548399558888956,0.24548399558888956,0.24548399558888956,784,0.975064888856228,0.928403226152614,1.337928793493402,,,-1.6665085733930451,1.5226435997958752,0.4053477111839487,5.061480691996958,0.7042775844868823,0.0,0.0,1.6875378432455306,1.5410389996847864,0.8053514154270591,4.076270639456481
149,1.864104807039047,-5.610065767576822,0.2665979452919471,0.0,-3.4793630152458284,-5.610065767576822,nan,0.09453992240852863,0.1720580228834184,1.920822918985497,-5.0314313879093175,0.26654374789078,0.0,-2.8440647210330408,-5.0314313879093175,nan,0.0,2.5749621501723947,0.0,12.500333753924084,0.0,46.0,0.0,,0.00015499999999999997,,,,,,,1.6069310699767116,,1,0.8053514154270591,4.076270639456481,inf,-inf,-0.6852403361102852,0.5381825541486149,-0.5652354086239101,0.32004236136107145,inf,-inf,2.618723103420323,0.24535325168254168,0.24535325168254168,0.24535325168254168,784,0.975064888856228,0.928403226152614,1.337928793493402,,,-1.6665085733930451,1.5226435997958752,0.4053477111839487,5.061480691996958,0.7042775844868823,0.0,0.0,1.6875378432455306,1.5410389996847864,0.8053514154270591,4.076270639456481
150,1.8745179706256472,-5.744066605257602,0.26659520837481493,0.0,-3.60295342625714,-5.744066605257602,nan,0.09525563954120923,0.1713395688336057,1.920822918985497,-5.754606225668225,0.2655949151518715,0.0,-3.5681883915308568,-5.754606225668225,nan,0.0,2.6079980995145142,0.0,12.23415892051547,0.0,46.0,0.0,,0.00015348159130314435,,,,,,,1.5389529982390973,,1,0.7629862772109463,4.037065514050709,inf,-inf,-0.6721236466775352,0.5330863444156165,-0.5643177647866994,0.3164602466757813,inf,-inf,2.623020697115437,0.24534372508453337,0.24534372508453337,0.24534372508453337,784,0.956423102607935,0.9181562289554779,1.32875244964695,,,-1.702244710074868,1.4566925828118569,0.3936813025545501,5.291137776170728,0.7235490702925272,0.0,0.0,1.6186854116506546,1.4767696912957864,0.7629862772109463,4.037065514050709
151,1.875471500950909,-5.871544491700661,0.26657118182250045,0.0,-3.729501808927251,-5.871544491700661,nan,0.0959580079348341,0.1706131738876663,1.920822918985497,-5.754606225668225,0.2655949151518715,0.0,-3.5681883915308568,-5.754606225668225,nan,0.0,2.584108825284792,0.0,11.98228910809787,0.0,46.0,0.0,,0.00015196334911691327,,,,,,,1.5389529982390973,,1,0.7629862772109463,4.037065514050709,inf,-inf,-0.6699469358713891,0.5279183296306167,-0.5634886021462753,0.31547524427386875,inf,-inf,2.6262739003693905,0.24532431612037353,0.24532431612037353,0.24532431612037353,784,0.956423102607935,0.9181562289554779,1.32875244964695,,,-1.702244710074868,1.4566925828118569,0.3936813025545501,5.291137776170728,0.7235490702925272,0.0,0.0,1.6186854116506546,1.4767696912957864,0.7629862772109463,4.037065514050709
152,1.8589936055634748,-6.000915064616673,0.26631473190925364,0.0,-3.8756067271439445,-6.000915064616673,nan,0.09666190757577846,0.16965282433347517,1.920822918985497,-5.754606225668225,0.2655949151518715,0.0,-3.5681883915308568,-5.754606225668225,nan,0.0,2.502140854927841,0.0,11.732603462710568,0.0,46.0,0.0,,0.0001504454399336714,,,,,,,1.5389529982390973,,1,0.7629862772109463,4.037065514050709,inf,-inf,-0.6585883760172239,0.5225681368912822,-0.5617104534209063,0.31132539545197,inf,-inf,2.630769816499601,0.24513347337129954,0.24513347337129954,0.24513347337129954,784,0.956423102607935,0.9181562289554779,1.32875244964695,,,-1.702244710074868,1.4566925828118569,0.3936813025545501,5.291137776170728,0.7235490702925272,0.0,0.0,1.6186854116506546,1.4767696912957864,0.7629862772109463,4.037065514050709
153,1.8740394475260531,-6.1193628448955115,0.26631529878000526,0.0,-3.979008098589453,-6.1193628448955115,nan,0.09735893464425774,0.16895636413574758,1.920822918985497,-5.754606225668225,0.2655949151518715,0.0,-3.5681883915308568,-5.754606225668225,nan,0.0,2.467559085314214,0.0,11.496370052872876,0.0,46.0,0.0,,0.00014892803020926605,,,,,,,1.5389529982390973,,1,0.7629862772109463,4.037065514050709,inf,-inf,-0.6570096348392459,0.5179663619997328,-0.5593725385793712,0.30856733630483474,inf,-inf,2.634830319614908,0.2451695151126109,0.2451695151126109,0.2451695151126109,784,0.956423102607935,0.9181562289554779,1.32875244964695,,,-1.702244710074868,1.4566925828118569,0.3936813025545501,5.291137776170728,0.7235490702925272,0.0,0.0,1.6186854116506546,1.4767696912957864,0.7629862772109463,4.037065514050709
154,1.8645594236262453,-6.236058854062294,0.2661529994082112,0.0,-4.105346431027837,-6.236058854062294,nan,0.09804060197355838,0.16811239743465284,1.920822918985497,-5.754606225668225,0.2655949151518715,0.0,-3.5681883915308568,-5.754606225668225,nan,0.0,2.4354713226587115,0.0,11.265709114446798,0.0,46.0,0.0,,0.00014741128634477313,,,,,,,1.5389529982390973,,1,0.7629862772109463,4.037065514050709,inf,-inf,-0.6507614969960691,0.5097559248059904,-0.5595498178911962,0.3045560069923211,inf,-inf,2.638445996835877,0.24501877616759343,0.24501877616759343,0.24501877616759343,784,0.956423102607935,0.9181562289554779,1.32875244964695,,,-1.702244710074868,1.4566925828118569,0.3936813025545501,5.291137776170728,0.7235490702925272,0.0,0.0,1.6186854116506546,1.4767696912957864,0.7629862772109463,4.037065514050709
155,1.8664793419308159,-6.353597128020921,0.2659153623872957,0.0,-4.221202423702809,-6.353597128020921,nan,0.09872478581109041,0.16719057657620529,1.920822918985497,-6.362505952354053,0.2649071004067239,0.0,-4.176775932961832,-6.362505952354053,nan,0.0,2.343966628029842,0.0,11.040058578269417,0.0,46.0,0.0,,0.00014589537466824958,,,,,,,1.4774664390130128,,1,0.7245287508736974,3.9995896949672383,inf,-inf,-0.6418517853069272,0.5060981116260209,-0.557031129264455,0.30028524578875104,inf,-inf,2.641555689467893,0.2449848825986469,0.2449848825986469,0.2449848825986469,784,0.9399606883554161,0.9089991318030225,1.319728855540736,,,-1.7362523961521696,1.397444847085199,0.3828730873355851,5.520263606025569,0.7419598168431201,0.0,0.0,1.5562605888438878,1.4194415146459727,0.7245287508736974,3.9995896949672383
156,1.888925368984008,-6.459774140937166,0.2658046191964726,0.0,-4.305044152756685,-6.459774140937166,nan,0.09940253394362157,0.16640208525285102,1.920822918985497,-6.362505952354053,0.2649071004067239,0.0,-4.176775932961832,-6.362505952354053,nan,0.0,2.3658755439987518,0.0,10.828692732105791,0.0,46.0,0.0,,0.00014438046141649342,,,,,,,1.4774664390130128,,1,0.7245287508736974,3.9995896949672383,inf,-inf,-0.6371226279220311,0.4982191161582728,-0.555371798518467,0.29706727390912413,inf,-inf,2.644963952478086,0.24487660793500418,0.24487660793500418,0.24487660793500418,784,0.9399606883554161,0.9089991318030225,1.319728855540736,,,-1.7362523961521696,1.397444847085199,0.3828730873355851,5.520263606025569,0.7419598168431201,0.0,0.0,1.5562605888438878,1.4194415146459727,0.7245287508736974,3.9995896949672383
157,1.861505630806595,-6.568612311373576,0.2658625340687106,0.0,-4.441244146498271,-6.568612311373576,nan,0.10006898830340821,0.16579354576530245,1.920822918985497,-6.362505952354053,0.2649071004067239,0.0,-4.176775932961832,-6.362505952354053,nan,0.0,2.341156867912218,0.0,10.620745103673901,0.0,46.0,0.0,,0.00014286671271681423,,,,,,,1.4774664390130128,,1,0.7245287508736974,3.9995896949672383,inf,-inf,-0.62927589836487,0.49621657185111373,-0.5558990529185366,0.2966374447564636,inf,-inf,2.648246833468713,0.244908248195456,0.244908248195456,0.244908248195456,784,0.9399606883554161,0.9089991318030225,1.319728855540736,,,-1.7362523961521696,1.397444847085199,0.3828730873355851,5.520263606025569,0.7419598168431201,0.0,0.0,1.5562605888438878,1.4194415146459727,0.7245287508736974,3.9995896949672383
158,1.8766155296675393,-6.677373848447154,0.2658073432710172,0.0,-4.534950975508597,-6.677373848447154,nan,0.10074171303122656,0.16506563023979065,1.920822918985497,-6.362505952354053,0.2649071004067239,0.0,-4.176775932961832,-6.362505952354053,nan,0.0,2.2604881138563155,0.0,10.404673296372081,0.0,46.0,0.0,,0.00014135429456881541,,,,,,,1.4774664390130128,,1,0.7245287508736974,3.9995896949672383,inf,-inf,-0.6256695943070969,0.49093354464156397,-0.5538493992627095,0.29174593335772453,inf,-inf,2.6516062630884596,0.2448292333178406,0.2448292333178406,0.2448292333178406,784,0.9399606883554161,0.9089991318030225,1.319728855540736,,,-1.7362523961521696,1.397444847085199,0.3828730873355851,5.520263606025569,0.7419598168431201,0.0,0.0,1.5562605888438878,1.4194415146459727,0.7245287508736974,3.9995896949672383
159,1.8678778750945337,-6.768877240154646,0.2657346789225176,0.0,-4.635264686137595,-6.768877240154646,nan,0.10140746570156044,0.16432721322095717,1.920822918985497,-6.362505952354053,0.2649071004067239,0.0,-4.176775932961832,-6.362505952354053,nan,0.0,2.1651989731160297,0.0,10.223581560136411,0.0,46.0,0.0,,0.00013984337282619026,,,,,,,1.4774664390130128,,1,0.7245287508736974,3.9995896949672383,inf,-inf,-0.6195455246398521,0.48769401210939034,-0.5529121121488951,0.29044202759075183,inf,-inf,2.654993839651336,0.2447240790549983,0.2447240790549983,0.2447240790549983,784,0.9399606883554161,0.9089991318030225,1.319728855540736,,,-1.7362523961521696,1.397444847085199,0.3828730873355851,5.520263606025569,0.7419598168431201,0.0,0.0,1.5562605888438878,1.4194415146459727,0.7245287508736974,3.9995896949672383
160,1.8706665124508788,-6.865424919298542,0.26558212766415784,0.0,-4.7291762791835055,-6.865424919298542,nan,0.10206715486602523,0.16351497279813257,1.920822918985497,-6.8839355515792935,0.2645692311531971,0.0,-4.6985434014406,-6.8839355515792935,nan,0.0,2.110421406476058,0.0,10.033340722753312,0.0,46.0,0.0,,0.00013833411317853436,,,,,,,1.4217377596756868,,1,0.6903371294176472,3.9624562697725643,inf,-inf,-0.6119708796410294,0.4825712407045782,-0.5514871006157395,0.286304156868657,inf,-inf,2.6579710939341177,0.24465586849476106,0.24465586849476106,0.24465586849476106,784,0.9251994247707249,0.90071122296093,1.3121106236751543,,,-1.7685362371137348,1.3434471731493702,0.3728693283671216,5.739885775976156,0.7589032500013111,0.0,0.0,1.4996709547135585,1.3666650675313634,0.6903371294176472,3.9624562697725643
161,1.8681678359042402,-6.962567318883935,0.26551282843562896,0.0,-4.828886654544066,-6.962567318883935,nan,0.10271276934438396,0.16280005909124493,1.920822918985497,-6.8839355515792935,0.2645692311531971,0.0,-4.6985434014406,-6.8839355515792935,nan,0.0,2.103980517096169,0.0,9.846219765260296,0.0,46.0,0.0,,0.0001368266811331759,,,,,,,1.4217377596756868,,1,0.6903371294176472,3.9624562697725643,inf,-inf,-0.6047084557415989,0.4764483328677311,-0.5498677858812484,0.284352718039187,inf,-inf,2.661057789985698,0.2445867565311078,0.2445867565311078,0.2445867565311078,784,0.9251994247707249,0.90071122296093,1.3121106236751543,,,-1.7685362371137348,1.3434471731493702,0.3728693283671216,5.739885775976156,0.7589032500013111,0.0,0.0,1.4996709547135585,1.3666650675313634,0.6903371294176472,3.9624562697725643
162,1.877118260822698,-7.0499895932505225,0.2654909815710809,0.0,-4.9073803508567435,-7.0499895932505225,nan,0.1033554595480217,0.16213552202305923,1.920822918985497,-6.8839355515792935,0.2645692311531971,0.0,-4.6985434014406,-6.8839355515792935,nan,0.0,2.09424044566468,0.0,9.672236421467712,0.0,46.0,0.0,,0.00013532124199702587,,,,,,,1.4217377596756868,,1,0.6903371294176472,3.9624562697725643,inf,-inf,-0.6009292975319717,0.4725074881273077,-0.5492987267651434,0.2823914735177389,inf,-inf,2.6639333584319878,0.2445611724877744,0.2445611724877744,0.2445611724877744,784,0.9251994247707249,0.90071122296093,1.3121106236751543,,,-1.7685362371137348,1.3434471731493702,0.3728693283671216,5.739885775976156,0.7589032500013111,0.0,0.0,1.4996709547135585,1.3666650675313634,0.6903371294176472,3.9624562697725643
163,1.8592234086956838,-7.139683005542787,0.2656195506715466,0.0,-5.014840046175557,-7.139683005542787,nan,0.10399121865944133,0.1616283320121053,1.920822918985497,-6.8839355515792935,0.2645692311531971,0.0,-4.6985434014406,-6.8839355515792935,nan,0.0,2.028249710846681,0.0,9.49498976012103,0.0,46.0,0.0,,0.00013381796085845036,,,,,,,1.4217377596756868,,1,0.6903371294176472,3.9624562697725643,inf,-inf,-0.597347481040665,0.4681748915214918,-0.5476691851859554,0.27920227392833913,inf,-inf,2.6660962176463188,0.2444920688152387,0.2444920688152387,0.2444920688152387,784,0.9251994247707249,0.90071122296093,1.3121106236751543,,,-1.7685362371137348,1.3434471731493702,0.3728693283671216,5.739885775976156,0.7589032500013111,0.0,0.0,1.4996709547135585,1.3666650675313634,0.6903371294176472,3.9624562697725643
164,1.8640708812536169,-7.227800365046746,0.26556653665287094,0.0,-5.098162947140258,-7.227800365046746,nan,0.10462216350044448,0.1609443731524265,1.920822918985497,-6.8839355515792935,0.2645692311531971,0.0,-4.6985434014406,-6.8839355515792935,nan,0.0,1.9863536797720294,0.0,9.322757105430668,0.0,46.0,0.0,,0.00013231700256916657,,,,,,,1.4217377596756868,,1,0.6903371294176472,3.9624562697725643,inf,-inf,-0.5888819929171262,0.46269410139322237,-0.5469399758112754,0.2763506976338547,inf,-inf,2.669547755031666,0.24448483171320337,0.24448483171320337,0.24448483171320337,784,0.9251994247707249,0.90071122296093,1.3121106236751543,,,-1.7685362371137348,1.3434471731493702,0.3728693283671216,5.739885775976156,0.7589032500013111,0.0,0.0,1.4996709547135585,1.3666650675313634,0.6903371294176472,3.9624562697725643
165,1.8840888108275209,-7.308478655527507,0.26545053199413926,0.0,-5.158939312705847,-7.308478655527507,nan,0.10525873117332604,0.16019180082081333,1.920822918985497,-7.327545134605796,0.26446465438217304,0.0,-5.142257561238126,-7.327545134605796,nan,0.0,1.97790840694861,0.0,9.163056688628538,0.0,46.0,0.0,,0.00013081853172616515,,,,,,,1.3711721576593376,,1,0.659477760022662,3.9289090456205056,inf,-inf,-0.5840397580865717,0.4617012276867981,-0.5450287265096682,0.2733272864383241,inf,-inf,2.6722449147656198,0.24433408519584784,0.24433408519584784,0.24433408519584784,784,0.9119537648530746,0.8931949786448691,1.304660999667626,,,-1.7991054352183216,1.294227806507723,0.3636572683175706,5.957606584770189,0.7750718208487037,0.0,0.0,1.4483077633934482,1.3186164793105828,0.659477760022662,3.9289090456205056
166,1.8673603250249433,-7.395105776768415,0.26546654989980206,0.0,-5.262278901843669,-7.395105776768415,nan,0.10587399974766944,0.15959255015213267,1.920822918985497,-7.327545134605796,0.26446465438217304,0.0,-5.142257561238126,-7.327545134605796,nan,0.0,1.92977091747057,0.0,9.007823013906632,0.0,46.0,0.0,,0.00012932271265366044,,,,,,,1.3711721576593376,,1,0.659477760022662,3.9289090456205056,inf,-inf,-0.582728368104921,0.45709525503403037,-0.5445235933453862,0.2712154030150804,inf,-inf,2.6754379093792577,0.2443671837741938,0.2443671837741938,0.2443671837741938,784,0.9119537648530746,0.8931949786448691,1.304660999667626,,,-1.7991054352183216,1.294227806507723,0.3636572683175706,5.957606584770189,0.7750718208487037,0.0,0.0,1.4483077633934482,1.3186164793105828,0.659477760022662,3.9289090456205056
167,1.8650466709931608,-7.4675738554346145,0.26553395089588416,0.0,-5.336993233545569,-7.4675738554346145,nan,0.10648900484198402,0.15904494605390013,1.920822918985497,-7.327545134605796,0.26446465438217304,0.0,-5.142257561238126,-7.327545134605796,nan,0.0,1.9204165307201826,0.0,8.854673456069488,0.0,46.0,0.0,,0.00012782970938506996,,,,,,,1.3711721576593376,,1,0.659477760022662,3.9289090456205056,inf,-inf,-0.5769481700926514,0.4502149137954734,-0.543396091815628,0.26982991335102696,inf,-inf,2.6770426141377794,0.24435421708258945,0.24435421708258945,0.24435421708258945,784,0.9119537648530746,0.8931949786448691,1.304660999667626,,,-1.7991054352183216,1.294227806507723,0.3636572683175706,5.957606584770189,0.7750718208487037,0.0,0.0,1.4483077633934482,1.3186164793105828,0.659477760022662,3.9289090456205056
168,1.8788887059575319,-7.543098285425142,0.2654972382098309,0.0,-5.398712341257778,-7.543098285425142,nan,0.10709701729890994,0.15840022091092099,1.920822918985497,-7.327545134605796,0.26446465438217304,0.0,-5.142257561238126,-7.327545134605796,nan,0.0,1.866111761273,0.0,8.707359113648394,0.0,46.0,0.0,,0.00012633968564502673,,,,,,,1.3711721576593376,,1,0.659477760022662,3.9289090456205056,inf,-inf,-0.5692620122855515,0.4483572738506196,-0.5422295824610939,0.2664607277991853,inf,-inf,2.6800637912022576,0.2442333733042184,0.2442333733042184,0.2442333733042184,784,0.9119537648530746,0.8931949786448691,1.304660999667626,,,-1.7991054352183216,1.294227806507723,0.3636572683175706,5.957606584770189,0.7750718208487037,0.0,0.0,1.4483077633934482,1.3186164793105828,0.659477760022662,3.9289090456205056
169,1.885949045530645,-7.620358757855188,0.26563911558870834,0.0,-5.468770596735834,-7.620358757855188,nan,0.10770308197111639,0.15793603361759187,1.920822918985497,-7.327545134605796,0.26446465438217304,0.0,-5.142257561238126,-7.327545134605796,nan,0.0,1.8668223417741217,0.0,8.555602905421381,0.0,46.0,0.0,,0.00012485280483142492,,,,,,,1.3711721576593376,,1,0.659477760022662,3.9289090456205056,inf,-inf,-0.5654773688232817,0.44398068790852124,-0.5419315887451964,0.2639056421687341,inf,-inf,2.682099832984311,0.24423653840586448,0.24423653840586448,0.24423653840586448,784,0.9119537648530746,0.8931949786448691,1.304660999667626,,,-1.7991054352183216,1.294227806507723,0.3636572683175706,5.957606584770189,0.7750718208487037,0.0,0.0,1.4483077633934482,1.3186164793105828,0.659477760022662,3.9289090456205056
170,1.855139601055492,-7.688154550906663,0.2656253122402646,0.0,-5.567389637610907,-7.688154550906663,nan,0.10830299753926075,0.15732231470100388,1.920822918985497,-7.71065904036799,0.26456411951749953,0.0,-5.525272001864994,-7.71065904036799,nan,0.0,1.8134770493127315,0.0,8.419396185379144,0.0,46.0,0.0,,0.00012336922999750137,,,,,,,1.3252442950988392,,1,0.6309060061928358,3.892484561595969,inf,-inf,-0.5602545467556516,0.4393135489058914,-0.5394731327862363,0.2624278650502622,inf,-inf,2.685030045143062,0.244139375309864,0.244139375309864,0.244139375309864,784,0.8998998607582475,0.8862932065969314,1.2985415631117836,,,-1.8279737626286294,1.2504896524808835,0.35517539671823983,6.169674283313504,0.7902622368543885,0.0,0.0,1.401634823843846,1.2748780131652044,0.6309060061928358,3.892484561595969
171,1.8634281015260405,-7.762146605066692,0.2656345453310401,0.0,-5.633083958209611,-7.762146605066692,nan,0.10889580715981717,0.15673873817122294,1.920822918985497,-7.71065904036799,0.26456411951749953,0.0,-5.525272001864994,-7.71065904036799,nan,0.0,1.822915946793988,0.0,8.285741108078874,0.0,46.0,0.0,,0.00012188912383395497,,,,,,,1.3252442950988392,,1,0.6309060061928358,3.892484561595969,inf,-inf,-0.5561186372906372,0.436291902915214,-0.539077812830882,0.26009862600989964,inf,-inf,2.6872606645223924,0.24410240183087414,0.24410240183087414,0.24410240183087414,784,0.8998998607582475,0.8862932065969314,1.2985415631117836,,,-1.8279737626286294,1.2504896524808835,0.35517539671823983,6.169674283313504,0.7902622368543885,0.0,0.0,1.401634823843846,1.2748780131652044,0.6309060061928358,3.892484561595969
172,1.873965699310072,-7.827594911969916,0.2656684428686588,0.0,-5.687960769791185,-7.827594911969916,nan,0.10947749547572347,0.15619094739293535,1.920822918985497,-7.71065904036799,0.26456411951749953,0.0,-5.525272001864994,-7.71065904036799,nan,0.0,1.7598927550138377,0.0,8.152461827963261,0.0,46.0,0.0,,0.00012041264865110584,,,,,,,1.3252442950988392,,1,0.6309060061928358,3.892484561595969,inf,-inf,-0.5521283177476018,0.43511549734018323,-0.5376927462257463,0.258453438765131,inf,-inf,2.6896942949758373,0.2440787272188125,0.2440787272188125,0.2440787272188125,784,0.8998998607582475,0.8862932065969314,1.2985415631117836,,,-1.8279737626286294,1.2504896524808835,0.35517539671823983,6.169674283313504,0.7902622368543885,0.0,0.0,1.401634823843846,1.2748780131652044,0.6309060061928358,3.892484561595969
173,1.8785172698066734,-7.893003163634957,0.26565113010018987,0.0,-5.748834763728094,-7.893003163634957,nan,0.11005829753187632,0.15559283256831358,1.920822918985497,-7.71065904036799,0.26456411951749953,0.0,-5.525272001864994,-7.71065904036799,nan,0.0,1.7372712205334793,0.0,8.02326290354486,0.0,46.0,0.0,,0.00011893996636109612,,,,,,,1.3252442950988392,,1,0.6309060061928358,3.892484561595969,inf,-inf,-0.5467512421797128,0.4289321924404556,-0.5379324207342026,0.2558081496314883,inf,-inf,2.6921083841042726,0.24399371931879277,0.24399371931879277,0.24399371931879277,784,0.8998998607582475,0.8862932065969314,1.2985415631117836,,,-1.8279737626286294,1.2504896524808835,0.35517539671823983,6.169674283313504,0.7902622368543885,0.0,0.0,1.401634823843846,1.2748780131652044,0.6309060061928358,3.892484561595969
174,1.865465749265085,-7.960226686622275,0.2656939052682113,0.0,-5.829067032088979,-7.960226686622275,nan,0.11063962793435947,0.15505427733385174,1.920822918985497,-7.71065904036799,0.26456411951749953,0.0,-5.525272001864994,-7.71065904036799,nan,0.0,1.7097305187794534,0.0,7.894995440480884,0.0,46.0,0.0,,0.00011747123846013455,,,,,,,1.3252442950988392,,1,0.6309060061928358,3.892484561595969,inf,-inf,-0.5460816336449812,0.42636773088659585,-0.5365878210748383,0.25427824134377697,inf,-inf,2.6938069913072615,0.24400486447639128,0.24400486447639128,0.24400486447639128,784,0.8998998607582475,0.8862932065969314,1.2985415631117836,,,-1.8279737626286294,1.2504896524808835,0.35517539671823983,6.169674283313504,0.7902622368543885,0.0,0.0,1.401634823843846,1.2748780131652044,0.6309060061928358,3.892484561595969
175,1.8619553207887822,-8.018626183651724,0.2656635215168194,0.0,-5.891007341346123,-8.018626183651724,nan,0.11120702229522704,0.15445649922159235,1.920822918985497,-8.042111622296105,0.26469288292632354,0.0,-5.8565958203842845,-8.042111622296105,nan,0.0,1.6862538465763663,0.0,7.7771207274164205,0.0,46.0,0.0,,0.00011600662601078654,,,,,,,1.2835339965738923,,1,0.6034335601770644,3.8613970580726176,inf,-inf,-0.5405173520373393,0.4237428080995736,-0.5359631252576952,0.25251284111735584,inf,-inf,2.6963107743186208,0.2439020503767378,0.2439020503767378,0.2439020503767378,784,0.8889715106725838,0.8799828310769441,1.2917805021322282,,,-1.8551595230176483,1.2103517186111854,0.34740591474863936,6.3990426003810175,0.8061150014097255,0.0,0.0,1.3592340975681896,1.235263410861557,0.6034335601770644,3.8613970580726176
176,1.8734954467152476,-8.077098112987835,0.2657285908807612,0.0,-5.937874075391826,-8.077098112987835,nan,0.11176908111717306,0.15395950976358816,1.920822918985497,-8.042111622296105,0.26469288292632354,0.0,-5.8565958203842845,-8.042111622296105,nan,0.0,1.6958080566005638,0.0,7.659773021808303,0.0,46.0,0.0,,0.00011454628962431177,,,,,,,1.2835339965738923,,1,0.6034335601770644,3.8613970580726176,inf,-inf,-0.5365583846026698,0.42101979392105704,-0.5348917953130257,0.24972311008418482,inf,-inf,2.6986362545591924,0.24386173072998998,0.24386173072998998,0.24386173072998998,784,0.8889715106725838,0.8799828310769441,1.2917805021322282,,,-1.8551595230176483,1.2103517186111854,0.34740591474863936,6.3990426003810175,0.8061150014097255,0.0,0.0,1.3592340975681896,1.235263410861557,0.6034335601770644,3.8613970580726176
177,1.8754542965181245,-8.137956428830082,0.2658823102578607,0.0,-5.996619822054097,-8.137956428830082,nan,0.11232670849538792,0.15355560176247268,1.920822918985497,-8.042111622296105,0.26469288292632354,0.0,-5.8565958203842845,-8.042111622296105,nan,0.0,1.6656540428920896,0.0,7.5408924956860455,0.0,46.0,0.0,,0.00011309038944305162,,,,,,,1.2835339965738923,,1,0.6034335601770644,3.8613970580726176,inf,-inf,-0.5345319981788508,0.4185580734059096,-0.5333197054775112,0.24743302618998647,inf,-inf,2.699650440179067,0.24390231959723005,0.24390231959723005,0.24390231959723005,784,0.8889715106725838,0.8799828310769441,1.2917805021322282,,,-1.8551595230176483,1.2103517186111854,0.34740591474863936,6.3990426003810175,0.8061150014097255,0.0,0.0,1.3592340975681896,1.235263410861557,0.6034335601770644,3.8613970580726176
178,1.853528161900207,-8.192741184506627,0.2659111551415812,0.0,-6.0733018674648385,-8.192741184506627,nan,0.11287365790916626,0.15303749723241497,1.920822918985497,-8.042111622296105,0.26469288292632354,0.0,-5.8565958203842845,-8.042111622296105,nan,0.0,1.6548389196053817,0.0,7.433070043210114,0.0,46.0,0.0,,0.00011163908512286747,,,,,,,1.2835339965738923,,1,0.6034335601770644,3.8613970580726176,inf,-inf,-0.5277888439304134,0.4146967498116633,-0.5331378775105629,0.24663283319238088,inf,-inf,2.7020532734478167,0.24384010596408523,0.24384010596408523,0.24384010596408523,784,0.8889715106725838,0.8799828310769441,1.2917805021322282,,,-1.8551595230176483,1.2103517186111854,0.34740591474863936,6.3990426003810175,0.8061150014097255,0.0,0.0,1.3592340975681896,1.235263410861557,0.6034335601770644,3.8613970580726176
179,1.8735622597482893,-8.249760651886303,0.2659624836830829,0.0,-6.110235908454931,-8.249760651886303,nan,0.1134187590233901,0.15254372465969276,1.920822918985497,-8.042111622296105,0.26469288292632354,0.0,-5.8565958203842845,-8.042111622296105,nan,0.0,1.6076291526720095,0.0,7.323736217839104,0.0,46.0,0.0,,0.00011019253581563266,,,,,,,1.2835339965738923,,1,0.6034335601770644,3.8613970580726176,inf,-inf,-0.5235394450726725,0.4120146949864349,-0.5320448220724519,0.2451025228823561,inf,-inf,2.7042100139980754,0.24374693453829283,0.24374693453829283,0.24374693453829283,784,0.8889715106725838,0.8799828310769441,1.2917805021322282,,,-1.8551595230176483,1.2103517186111854,0.34740591474863936,6.3990426003810175,0.8061150014097255,0.0,0.0,1.3592340975681896,1.235263410861557,0.6034335601770644,3.8613970580726176
180,1.8771659318765639,-8.306757511937278,0.26602313702719604,0.0,-6.163568443033517,-8.306757511937278,nan,0.11396738312144312,0.15205575390575277,1.920822918985497,-8.330228295249373,0.26504218042809824,0.0,-6.144363195835778,-8.330228295249373,nan,0.0,1.5751287715669022,0.0,7.214678062420302,0.0,46.0,0.0,,0.00010875090015177988,,,,,,,1.2456451210124166,,1,0.5787072527278737,3.831302231303861,inf,-inf,-0.5198348790008422,0.40901542915654704,-0.5313151809128928,0.24282195817180025,inf,-inf,2.7055812332786013,0.2437632111277071,0.2437632111277071,0.2437632111277071,784,0.8789674748904075,0.8741544713908598,1.2862070255941538,,,-1.8806855017256674,1.1742377792723442,0.34028298098332566,6.620449654370341,0.8208874872916574,0.0,0.0,1.320729424996435,1.199552747788426,0.5787072527278737,3.831302231303861
181,1.8773769646941145,-8.354273496947926,0.26604836119522396,0.0,-6.210848171058587,-8.354273496947926,nan,0.11449450049636385,0.15155386069886015,1.920822918985497,-8.330228295249373,0.26504218042809824,0.0,-6.144363195835778,-8.330228295249373,nan,0.0,1.569001979548254,0.0,7.1167195325384895,0.0,46.0,0.0,,0.00010731433622290546,,,,,,,1.2456451210124166,,1,0.5787072527278737,3.831302231303861,inf,-inf,-0.5179249690679585,0.4051606877851022,-0.5308733219906521,0.24175425538918516,inf,-inf,2.7077060696966906,0.2437016374568452,0.2437016374568452,0.2437016374568452,784,0.8789674748904075,0.8741544713908598,1.2862070255941538,,,-1.8806855017256674,1.1742377792723442,0.34028298098332566,6.620449654370341,0.8208874872916574,0.0,0.0,1.320729424996435,1.199552747788426,0.5787072527278737,3.831302231303861
182,1.8812639460573901,-8.409884566109085,0.2661815689616672,0.0,-6.262439051090027,-8.409884566109085,nan,0.11502835488100657,0.15115321408066074,1.920822918985497,-8.330228295249373,0.26504218042809824,0.0,-6.144363195835778,-8.330228295249373,nan,0.0,1.5366466150172757,0.0,7.009665314677051,0.0,46.0,0.0,,0.00010588300156443278,,,,,,,1.2456451210124166,,1,0.5787072527278737,3.831302231303861,inf,-inf,-0.5136727702184133,0.39720987500426963,-0.5299681543159269,0.23927832143275246,inf,-inf,2.709169440266625,0.24367282018730432,0.24367282018730432,0.24367282018730432,784,0.8789674748904075,0.8741544713908598,1.2862070255941538,,,-1.8806855017256674,1.1742377792723442,0.34028298098332566,6.620449654370341,0.8208874872916574,0.0,0.0,1.320729424996435,1.199552747788426,0.5787072527278737,3.831302231303861
183,1.873434183795066,-8.457009346044549,0.2661743321829418,0.0,-6.317400830066541,-8.457009346044549,nan,0.11554560178254411,0.15062873040039776,1.920822918985497,-8.330228295249373,0.26504218042809824,0.0,-6.144363195835778,-8.330228295249373,nan,0.0,1.4868713571013983,0.0,6.915663489681767,0.0,46.0,0.0,,0.00010445705313833685,,,,,,,1.2456451210124166,,1,0.5787072527278737,3.831302231303861,inf,-inf,-0.5098873660876617,0.3990438621297683,-0.5285881581759371,0.23722538754939723,inf,-inf,2.7113291078376114,0.24361627869158156,0.24361627869158156,0.24361627869158156,784,0.8789674748904075,0.8741544713908598,1.2862070255941538,,,-1.8806855017256674,1.1742377792723442,0.34028298098332566,6.620449654370341,0.8208874872916574,0.0,0.0,1.320729424996435,1.199552747788426,0.5787072527278737,3.831302231303861
184,1.8527315543954064,-8.504920747067374,0.26627819383449336,0.0,-6.385910998837474,-8.504920747067374,nan,0.11605955323808263,0.15021864059641074,1.920822918985497,-8.330228295249373,0.26504218042809824,0.0,-6.144363195835778,-8.330228295249373,nan,0.0,1.5239121985846489,0.0,6.823552916981832,0.0,46.0,0.0,,0.00010303664731593152,,,,,,,1.2456451210124166,,1,0.5787072527278737,3.831302231303861,inf,-inf,-0.507350633287182,0.3969329027703647,-0.5282146677447572,0.23627643365508397,inf,-inf,2.713370642007872,0.24360847839810515,0.24360847839810515,0.24360847839810515,784,0.8789674748904075,0.8741544713908598,1.2862070255941538,,,-1.8806855017256674,1.1742377792723442,0.34028298098332566,6.620449654370341,0.8208874872916574,0.0,0.0,1.320729424996435,1.199552747788426,0.5787072527278737,3.831302231303861
185,1.869977241038591,-8.550967960400133,0.2663006748737722,0.0,-6.414690044487769,-8.550967960400133,nan,0.1165793681784656,0.14972130669530662,1.920822918985497,-8.580751059027548,0.26527434199192845,0.0,-6.394653798050123,-8.580751059027548,nan,0.0,1.4894813998334653,0.0,6.733905337164338,0.0,46.0,0.0,,0.00010162193986072177,,,,,,,1.2112405561234683,,1,0.5562164647900655,3.8035416715612675,inf,-inf,-0.5027443106325072,0.39423845492246296,-0.5273072666669948,0.23424308265726634,inf,-inf,2.7148774999202705,0.243530461699047,0.243530461699047,0.243530461699047,784,0.8698629833201436,0.8688105532808411,1.2819933777336672,,,-1.904578904545897,1.1413315152691843,0.3337815243735719,6.83823998808962,0.834944338296511,0.0,0.0,1.2857584697332576,1.1675747501825293,0.5562164647900655,3.8035416715612675
186,1.858329583027655,-8.597280518233015,0.26648545846302546,0.0,-6.472465476742335,-8.597280518233015,nan,0.117081007279901,0.14940445118312434,1.920822918985497,-8.580751059027548,0.26527434199192845,0.0,-6.394653798050123,-8.580751059027548,nan,0.0,1.4936645695303021,0.0,6.643955902278511,0.0,46.0,0.0,,0.00010021308591132228,,,,,,,1.2112405561234683,,1,0.5562164647900655,3.8035416715612675,inf,-inf,-0.5007762164530314,0.392691753804369,-0.5261407237161033,0.23331769769512042,inf,-inf,2.7158077322691025,0.243511634914391,0.243511634914391,0.243511634914391,784,0.8698629833201436,0.8688105532808411,1.2819933777336672,,,-1.904578904545897,1.1413315152691843,0.3337815243735719,6.83823998808962,0.834944338296511,0.0,0.0,1.2857584697332576,1.1675747501825293,0.5562164647900655,3.8035416715612675
187,1.8600754531048513,-8.641068234218032,0.266495699953978,0.0,-6.5144970811592025,-8.641068234218032,nan,0.11757569581493114,0.14892000413904688,1.920822918985497,-8.580751059027548,0.26527434199192845,0.0,-6.394653798050123,-8.580751059027548,nan,0.0,1.4441850318640868,0.0,6.554910863326996,0.0,46.0,0.0,,9.881023996444511e-05,,,,,,,1.2112405561234683,,1,0.5562164647900655,3.8035416715612675,inf,-inf,-0.4973433763305187,0.38972980322708445,-0.5262687548291279,0.23084160950948188,inf,-inf,2.717775683475802,0.2434927046684506,0.2434927046684506,0.2434927046684506,784,0.8698629833201436,0.8688105532808411,1.2819933777336672,,,-1.904578904545897,1.1413315152691843,0.3337815243735719,6.83823998808962,0.834944338296511,0.0,0.0,1.2857584697332576,1.1675747501825293,0.5562164647900655,3.8035416715612675
188,1.8673259449450463,-8.686271484212298,0.2665243111973545,0.0,-6.552421228069898,-8.686271484212298,nan,0.11806523967576663,0.14845907152158783,1.920822918985497,-8.580751059027548,0.26527434199192845,0.0,-6.394653798050123,-8.580751059027548,nan,0.0,1.4494251915437286,0.0,6.471898158894374,0.0,46.0,0.0,,9.741355585795683e-05,,,,,,,1.2112405561234683,,1,0.5562164647900655,3.8035416715612675,inf,-inf,-0.4955089868354788,0.3867688618702937,-0.5251033749076265,0.23040765582081169,inf,-inf,2.7194235234194877,0.24346075048173094,0.24346075048173094,0.24346075048173094,784,0.8698629833201436,0.8688105532808411,1.2819933777336672,,,-1.904578904545897,1.1413315152691843,0.3337815243735719,6.83823998808962,0.834944338296511,0.0,0.0,1.2857584697332576,1.1675747501825293,0.5562164647900655,3.8035416715612675
189,1.8776969003102695,-8.72974496488781,0.26658587025043606,0.0,-6.585462194327105,-8.72974496488781,nan,0.11854995897586913,0.14803591127456697,1.920822918985497,-8.580751059027548,0.26527434199192845,0.0,-6.394653798050123,-8.580751059027548,nan,0.0,1.4292079503287822,0.0,6.3852076691615585,0.0,46.0,0.0,,9.6023186754009e-05,,,,,,,1.2112405561234683,,1,0.5562164647900655,3.8035416715612675,inf,-inf,-0.4925087353180563,0.384260789983362,-0.5244492290651919,0.22869069359708336,inf,-inf,2.7210676087894585,0.24343371012224757,0.24343371012224757,0.24343371012224757,784,0.8698629833201436,0.8688105532808411,1.2819933777336672,,,-1.904578904545897,1.1413315152691843,0.3337815243735719,6.83823998808962,0.834944338296511,0.0,0.0,1.2857584697332576,1.1675747501825293,0.5562164647900655,3.8035416715612675
190,1.8771219244695623,-8.770576562275817,0.26673605019969066,0.0,-6.626718587606565,-8.770576562275817,nan,0.11903139094510529,0.1477046592545855,1.920822918985497,-8.79944595294729,0.26567829007908145,0.0,-6.612944743882712,-8.79944595294729,nan,0.0,1.428203990140633,0.0,6.30522361589638,0.0,46.0,0.0,,9.463928512224188e-05,,,,,,,1.1800148489525688,,1,0.5360374401424435,3.775471503831967,inf,-inf,-0.4889350798208751,0.3817623469534104,-0.5242637201188545,0.22727342209726958,inf,-inf,2.7219672760712808,0.2434022002421936,0.2434022002421936,0.2434022002421936,784,0.8614642940741133,0.863843511799967,1.2776287285494068,,,-1.9268712852672802,1.1117073736400638,0.3278403283224703,7.0432981375866115,0.8477760721447505,0.0,0.0,1.2540389785454542,1.1376615256951923,0.5360374401424435,3.775471503831967
191,1.875391858268798,-8.81103242307128,0.266787360949189,0.0,-6.668853203853294,-8.81103242307128,nan,0.1195082458454871,0.14727911510370198,1.920822918985497,-8.79944595294729,0.26567829007908145,0.0,-6.612944743882712,-8.79944595294729,nan,0.0,1.3662833684394982,0.0,6.228197304054175,0.0,46.0,0.0,,9.326200272306449e-05,,,,,,,1.1800148489525688,,1,0.5360374401424435,3.775471503831967,inf,-inf,-0.4855853781190245,0.3781875400471413,-0.5231187666594361,0.2267583709110508,inf,-inf,2.723790082438964,0.24335733628942957,0.24335733628942957,0.24335733628942957,784,0.8614642940741133,0.863843511799967,1.2776287285494068,,,-1.9268712852672802,1.1117073736400638,0.3278403283224703,7.0432981375866115,0.8477760721447505,0.0,0.0,1.2540389785454542,1.1376615256951923,0.5360374401424435,3.775471503831967
192,1.8630809280776293,-8.851361735091633,0.26683008835814936,0.0,-6.721450718655854,-8.851361735091633,nan,0.11997850932106066,0.14685157903708876,1.920822918985497,-8.79944595294729,0.26567829007908145,0.0,-6.612944743882712,-8.79944595294729,nan,0.0,1.38756046816703,0.0,6.144912306867371,0.0,46.0,0.0,,9.189149059101255e-05,,,,,,,1.1800148489525688,,1,0.5360374401424435,3.775471503831967,inf,-inf,-0.48261603661156555,0.37781077026767873,-0.5224614510520931,0.22464487434143332,inf,-inf,2.724982283787199,0.24333203394465758,0.24333203394465758,0.24333203394465758,784,0.8614642940741133,0.863843511799967,1.2776287285494068,,,-1.9268712852672802,1.1117073736400638,0.3278403283224703,7.0432981375866115,0.8477760721447505,0.0,0.0,1.2540389785454542,1.1376615256951923,0.5360374401424435,3.775471503831967
193,1.8807452200544632,-8.88813134527121,0.2668613831955439,0.0,-6.740524742021203,-8.88813134527121,nan,0.12043992491967082,0.1464214582758732,1.920822918985497,-8.79944595294729,0.26567829007908145,0.0,-6.612944743882712,-8.79944595294729,nan,0.0,1.3564104905796512,0.0,6.076253306461831,0.0,46.0,0.0,,9.052789901818558e-05,,,,,,,1.1800148489525688,,1,0.5360374401424435,3.775471503831967,inf,-inf,-0.48009342738640987,0.3734468405382983,-0.5224186939119079,0.22407516816987694,inf,-inf,2.7268003942503802,0.24323614438693578,0.24323614438693578,0.24323614438693578,784,0.8614642940741133,0.863843511799967,1.2776287285494068,,,-1.9268712852672802,1.1117073736400638,0.3278403283224703,7.0432981375866115,0.8477760721447505,0.0,0.0,1.2540389785454542,1.1376615256951923,0.5360374401424435,3.775471503831967
194,1.8654142896312416,-8.925584546133509,0.2669076341932508,0.0,-6.793262622309017,-8.925584546133509,nan,0.12089444006718772,0.1460131941260631,1.920822918985497,-8.79944595294729,0.26567829007908145,0.0,-6.612944743882712,-8.79944595294729,nan,0.0,1.3278548679210511,0.0,6.0038113735485865,0.0,46.0,0.0,,8.917137753776574e-05,,,,,,,1.1800148489525688,,1,0.5360374401424435,3.775471503831967,inf,-inf,-0.477022802868048,0.37165676066440323,-0.5208068597983104,0.2227920747437276,inf,-inf,2.7278824912569233,0.24324071921169227,0.24324071921169227,0.24324071921169227,784,0.8614642940741133,0.863843511799967,1.2776287285494068,,,-1.9268712852672802,1.1117073736400638,0.3278403283224703,7.0432981375866115,0.8477760721447505,0.0,0.0,1.2540389785454542,1.1376615256951923,0.5360374401424435,3.775471503831967
195,1.8614188230871105,-8.962048100044631,0.26710413479028816,0.0,-6.833525142167233,-8.962048100044631,nan,0.12134495201130377,0.1457591827789844,1.920822918985497,-8.991930005496178,0.2660349356058971,0.0,-6.805072150904784,-8.991930005496178,nan,0.0,1.3287003534472994,0.0,5.933179917252649,0.0,46.0,0.0,,8.78220749076201e-05,,,,,,,1.1517262793508898,,1,0.5177695892317618,3.752636744858662,inf,-inf,-0.473960790164317,0.3709784811953059,-0.5204307658226095,0.2211910413397181,inf,-inf,2.7289435802480906,0.243269622532731,0.243269622532731,0.243269622532731,784,0.8537760177105138,0.859260290740426,1.2732028044408576,,,-1.9475850450592536,1.0848699199589462,0.32245486560559206,7.247696316862911,0.860199987831872,0.0,0.0,1.2253026799421587,1.110718348055621,0.5177695892317618,3.752636744858662
196,1.8718971776191498,-8.9981302633865,0.2671362981881511,0.0,-6.859096787579198,-8.9981302633865,nan,0.12178837397485104,0.14534792421330006,1.920822918985497,-8.991930005496178,0.2660349356058971,0.0,-6.805072150904784,-8.991930005496178,nan,0.0,1.2974588807142744,0.0,5.860042328262574,0.0,46.0,0.0,,8.648013909398721e-05,,,,,,,1.1517262793508898,,1,0.5177695892317618,3.752636744858662,inf,-inf,-0.4710708797368739,0.36774181919452736,-0.5204502107323705,0.2197396957489032,inf,-inf,2.7299587727814543,0.24322943529400246,0.24322943529400246,0.24322943529400246,784,0.8537760177105138,0.859260290740426,1.2732028044408576,,,-1.9475850450592536,1.0848699199589462,0.32245486560559206,7.247696316862911,0.860199987831872,0.0,0.0,1.2253026799421587,1.110718348055621,0.5177695892317618,3.752636744858662
197,1.864017369581901,-9.032066960038648,0.26721761012983325,0.0,-6.900831980326914,-9.032066960038648,nan,0.12222907996141683,0.14498853016841642,1.920822918985497,-8.991930005496178,0.2660349356058971,0.0,-6.805072150904784,-8.991930005496178,nan,0.0,1.2915030956490992,0.0,5.796226755651487,0.0,46.0,0.0,,8.514571725525128e-05,,,,,,,1.1517262793508898,,1,0.5177695892317618,3.752636744858662,inf,-inf,-0.469836287013019,0.36644335904276576,-0.5195909120602542,0.21905485232238356,inf,-inf,2.7313645918955687,0.2431590957486654,0.2431590957486654,0.2431590957486654,784,0.8537760177105138,0.859260290740426,1.2732028044408576,,,-1.9475850450592536,1.0848699199589462,0.32245486560559206,7.247696316862911,0.860199987831872,0.0,0.0,1.2253026799421587,1.110718348055621,0.5177695892317618,3.752636744858662
198,1.8720873121521497,-9.062050558986517,0.2672842118207324,0.0,-6.922679035013634,-9.062050558986517,nan,0.12266234847678319,0.14462186334394922,1.920822918985497,-8.991930005496178,0.2660349356058971,0.0,-6.805072150904784,-8.991930005496178,nan,0.0,1.2826548758017704,0.0,5.735725072345961,0.0,46.0,0.0,,8.38189557258046e-05,,,,,,,1.1517262793508898,,1,0.5177695892317618,3.752636744858662,inf,-inf,-0.46659975319749525,0.3634586279807755,-0.5192959910028154,0.2174805726570513,inf,-inf,2.7321235559774713,0.24315736979838432,0.24315736979838432,0.24315736979838432,784,0.8537760177105138,0.859260290740426,1.2732028044408576,,,-1.9475850450592536,1.0848699199589462,0.32245486560559206,7.247696316862911,0.860199987831872,0.0,0.0,1.2253026799421587,1.110718348055621,0.5177695892317618,3.752636744858662
199,1.88249496827558,-9.09548921410347,0.2673687020372276,0.0,-6.945625543790662,-9.09548921410347,nan,0.12309255094897631,0.14427615108825134,1.920822918985497,-8.991930005496178,0.2660349356058971,0.0,-6.805072150904784,-8.991930005496178,nan,0.0,1.2707488162374663,0.0,5.669691686208068,0.0,46.0,0.0,,8.249999999999999e-05,,,,,,,1.1517262793508898,,1,0.5177695892317618,3.752636744858662,inf,-inf,-0.4645725685823229,0.3621951910254882,-0.5187416322998066,0.2170772701600888,inf,-inf,2.7332268272845335,0.24314128666039656,0.24314128666039656,0.24314128666039656,784,0.8537760177105138,0.859260290740426,1.2732028044408576,,,-1.9475850450592536,1.0848699199589462,0.32245486560559206,7.247696316862911,0.860199987831872,0.0,0.0,1.2253026799421587,1.110718348055621,0.5177695892317618,3.752636744858662
200,1.8753489442864255,-9.128533170913856,0.26745412584396194,0.0,-6.985730100783469,-9.128533170913856,nan,0.12351229275574135,0.14394183308822062,1.920822918985497,-9.160104582548168,0.2663742404516783,0.0,-6.9729074231109935,-9.160104582548168,nan,0.0,1.2484380945845108,0.0,5.603768245296391,0.0,46.0,0.0,,8.118899471619618e-05,,,,,,,1.1261619501571203,,1,0.5014533710085863,3.7283208966088877,inf,-inf,-0.4620360800611386,0.3590529883444161,-0.5174862363292485,0.21605834477601862,inf,-inf,2.7341551976689136,0.24312023508389874,0.24312023508389874,0.24312023508389874,784,0.8466939486218423,0.8550198471520707,1.2692323779398984,,,-1.966737686806907,1.0602217358284043,0.3175761332961201,7.435030078888527,0.8712827298275607,0.0,0.0,1.1993566145474954,1.0869872461104537,0.5014533710085863,3.7283208966088877
201,1.8559968838020866,-9.161919181734987,0.26755770632236925,0.0,-7.038364591610531,-9.161919181734987,nan,0.12392097608986827,0.1436367302325011,1.920822918985497,-9.160104582548168,0.2663742404516783,0.0,-6.9729074231109935,-9.160104582548168,nan,0.0,1.2388254145649238,0.0,5.5402609264202365,0.0,46.0,0.0,,7.988608364089617e-05,,,,,,,1.1261619501571203,,1,0.5014533710085863,3.7283208966088877,inf,-inf,-0.46005265176508475,0.3574873949954647,-0.5176964674896833,0.21490451588683418,inf,-inf,2.735348928931711,0.2431256030084155,0.2431256030084155,0.2431256030084155,784,0.8466939486218423,0.8550198471520707,1.2692323779398984,,,-1.966737686806907,1.0602217358284043,0.3175761332961201,7.435030078888527,0.8712827298275607,0.0,0.0,1.1993566145474954,1.0869872461104537,0.5014533710085863,3.7283208966088877
202,1.8706155270067983,-9.186429649103248,0.2675880268275436,0.0,-7.048226095268906,-9.186429649103248,nan,0.12433306294946575,0.14325496387807787,1.920822918985497,-9.160104582548168,0.2663742404516783,0.0,-6.9729074231109935,-9.160104582548168,nan,0.0,1.2485535404483046,0.0,5.491145115310121,0.0,46.0,0.0,,7.859140965298178e-05,,,,,,,1.1261619501571203,,1,0.5014533710085863,3.7283208966088877,inf,-inf,-0.45801956776702546,0.35602596614765813,-0.5166254232915344,0.21338334409519982,inf,-inf,2.7363350065404584,0.24307125750932426,0.24307125750932426,0.24307125750932426,784,0.8466939486218423,0.8550198471520707,1.2692323779398984,,,-1.966737686806907,1.0602217358284043,0.3175761332961201,7.435030078888527,0.8712827298275607,0.0,0.0,1.1993566145474954,1.0869872461104537,0.5014533710085863,3.7283208966088877
203,1.8674075595754118,-9.218384593270628,0.2676495078232631,0.0,-7.083327525871953,-9.218384593270628,nan,0.1247302804661449,0.14291922735711823,1.920822918985497,-9.160104582548168,0.2663742404516783,0.0,-6.9729074231109935,-9.160104582548168,nan,0.0,1.2305924838857814,0.0,5.432878283585214,0.0,46.0,0.0,,7.730511472804555e-05,,,,,,,1.1261619501571203,,1,0.5014533710085863,3.7283208966088877,inf,-inf,-0.4551915423395316,0.3539850307445905,-0.5163156365766343,0.21232363548758748,inf,-inf,2.737245303887367,0.24305202583797167,0.24305202583797167,0.24305202583797167,784,0.8466939486218423,0.8550198471520707,1.2692323779398984,,,-1.966737686806907,1.0602217358284043,0.3175761332961201,7.435030078888527,0.8712827298275607,0.0,0.0,1.1993566145474954,1.0869872461104537,0.5014533710085863,3.7283208966088877
204,1.8685084124791556,-9.246889377767232,0.2677662023024986,0.0,-7.110614762985579,-9.246889377767232,nan,0.12512858965975102,0.1426376126427475,1.920822918985497,-9.160104582548168,0.2663742404516783,0.0,-6.9729074231109935,-9.160104582548168,nan,0.0,1.1847658866750943,0.0,5.377106217702131,0.0,46.0,0.0,,7.602733992282116e-05,,,,,,,1.1261619501571203,,1,0.5014533710085863,3.7283208966088877,inf,-inf,-0.4527756423520964,0.35203879643562,-0.5162704448321781,0.21106116538840092,inf,-inf,2.7381054930740434,0.2430460557495637,0.2430460557495637,0.2430460557495637,784,0.8466939486218423,0.8550198471520707,1.2692323779398984,,,-1.966737686806907,1.0602217358284043,0.3175761332961201,7.435030078888527,0.8712827298275607,0.0,0.0,1.1993566145474954,1.0869872461104537,0.5014533710085863,3.7283208966088877
205,1.8647384139124366,-9.275996058970533,0.26784893374267754,0.0,-7.143408711315418,-9.275996058970533,nan,0.12552060409524488,0.1423283296474326,1.920822918985497,-9.307384803410153,0.26675193075130277,0.0,-7.119809953673354,-9.307384803410153,nan,0.0,1.1959479815660874,0.0,5.317300191845078,0.0,46.0,0.0,,7.475822535971515e-05,,,,,,,1.1031347833173442,,1,0.48673672696354037,3.708244106312656,inf,-inf,-0.45054649648925976,0.35105465334352776,-0.5156769041723108,0.21041788009804066,inf,-inf,2.739096320863045,0.24303379238785877,0.24303379238785877,0.24303379238785877,784,0.8401634297449804,0.851082182018192,1.2650115739601724,,,-1.9843329178560658,1.038094083907679,0.3131826474961324,7.618582903012427,0.8818741977653495,0.0,0.0,1.1759963367995276,1.0655849691349562,0.48673672696354037,3.708244106312656
206,1.869047808695552,-9.299400990357418,0.2679523635457636,0.0,-7.162400818116103,-9.299400990357418,nan,0.125900310483949,0.14205205306181465,1.920822918985497,-9.307384803410153,0.26675193075130277,0.0,-7.119809953673354,-9.307384803410153,nan,0.0,1.1857298368677587,0.0,5.271577466135127,0.0,46.0,0.0,,7.349791021144112e-05,,,,,,,1.1031347833173442,,1,0.48673672696354037,3.708244106312656,inf,-inf,-0.44856948216784404,0.3487518225865813,-0.5152308283715743,0.209723579006265,inf,-inf,2.7397377771469027,0.2430047202711613,0.2430047202711613,0.2430047202711613,784,0.8401634297449804,0.851082182018192,1.2650115739601724,,,-1.9843329178560658,1.038094083907679,0.3131826474961324,7.618582903012427,0.8818741977653495,0.0,0.0,1.1759963367995276,1.0655849691349562,0.48673672696354037,3.708244106312656
207,1.866805856927308,-9.329709970090747,0.2679540324912487,0.0,-7.19495008067219,-9.329709970090747,nan,0.1262708810863332,0.14168315140491544,1.920822918985497,-9.307384803410153,0.26675193075130277,0.0,-7.119809953673354,-9.307384803410153,nan,0.0,1.1845435081750542,0.0,5.216571331885087,0.0,46.0,0.0,,7.224653268575744e-05,,,,,,,1.1031347833173442,,1,0.48673672696354037,3.708244106312656,inf,-inf,-0.44527413837910146,0.3473812058417494,-0.5140149618040707,0.20830822766688886,inf,-inf,2.741043684759396,0.2429557996178128,0.2429557996178128,0.2429557996178128,784,0.8401634297449804,0.851082182018192,1.2650115739601724,,,-1.9843329178560658,1.038094083907679,0.3131826474961324,7.618582903012427,0.8818741977653495,0.0,0.0,1.1759963367995276,1.0655849691349562,0.48673672696354037,3.708244106312656
208,1.8626136801300834,-9.352828615708425,0.26805361132851585,0.0,-7.222161324249826,-9.352828615708425,nan,0.1266501183816807,0.14140349294683513,1.920822918985497,-9.307384803410153,0.26675193075130277,0.0,-7.119809953673354,-9.307384803410153,nan,0.0,1.196455933123369,0.0,5.169036994638467,0.0,46.0,0.0,,7.100423001031158e-05,,,,,,,1.1031347833173442,,1,0.48673672696354037,3.708244106312656,inf,-inf,-0.44489960175864535,0.34582445509091353,-0.5138138768260689,0.20817195431267468,inf,-inf,2.7419259400319342,0.24294656037524806,0.24294656037524806,0.24294656037524806,784,0.8401634297449804,0.851082182018192,1.2650115739601724,,,-1.9843329178560658,1.038094083907679,0.3131826474961324,7.618582903012427,0.8818741977653495,0.0,0.0,1.1759963367995276,1.0655849691349562,0.48673672696354037,3.708244106312656
209,1.8729552076475837,-9.377695898690416,0.2681479581877265,0.0,-7.236592732855105,-9.377695898690416,nan,0.1270169868430402,0.14113097134468622,1.920822918985497,-9.307384803410153,0.26675193075130277,0.0,-7.119809953673354,-9.307384803410153,nan,0.0,1.1740479670108186,0.0,5.120968460513099,0.0,46.0,0.0,,6.977113841759144e-05,,,,,,,1.1031347833173442,,1,0.48673672696354037,3.708244106312656,inf,-inf,-0.44276377708766296,0.34416833071508024,-0.5135714899868729,0.20691900419225853,inf,-inf,2.74246256130921,0.24293898923064391,0.24293898923064391,0.24293898923064391,784,0.8401634297449804,0.851082182018192,1.2650115739601724,,,-1.9843329178560658,1.038094083907679,0.3131826474961324,7.618582903012427,0.8818741977653495,0.0,0.0,1.1759963367995276,1.0655849691349562,0.48673672696354037,3.708244106312656
210,1.8588612936626567,-9.405299582960126,0.26819082812649525,0.0,-7.278247461170974,-9.405299582960126,nan,0.1273636526074386,0.1408271755190567,1.920822918985497,-9.436801890354388,0.26708701800317014,0.0,-7.248891953365721,-9.436801890354388,nan,0.0,1.139832877732531,0.0,5.073437765211472,0.0,46.0,0.0,,6.854739312998572e-05,,,,,,,1.0825629869863123,,1,0.47355438992779886,3.6897902054721516,inf,-inf,-0.4398479599281558,0.34216764355278945,-0.5128170638734457,0.20591981454564823,inf,-inf,2.74293164990752,0.2429232529986563,0.2429232529986563,0.2429232529986563,784,0.8342066768006192,0.8474622834844071,1.2608470988379596,,,-2.0003225336049915,1.0187938362126148,0.3092871347893257,7.791692536172499,0.8916318067455324,0.0,0.0,1.1551695367375114,1.0461974822873596,0.47355438992779886,3.6897902054721516
211,1.8648990918817296,-9.423753244009376,0.2682021993224334,0.0,-7.290651952805212,-9.423753244009376,nan,0.12771885823042037,0.14048334109201302,1.920822918985497,-9.436801890354388,0.26708701800317014,0.0,-7.248891953365721,-9.436801890354388,nan,0.0,1.1258695018800349,0.0,5.028877658765964,0.0,46.0,0.0,,6.733312834495569e-05,,,,,,,1.0825629869863123,,1,0.47355438992779886,3.6897902054721516,inf,-inf,-0.43796912150709294,0.3417224908477975,-0.5127593279632555,0.2050402326477172,inf,-inf,2.7445891955131394,0.24286614921766042,0.24286614921766042,0.24286614921766042,784,0.8342066768006192,0.8474622834844071,1.2608470988379596,,,-2.0003225336049915,1.0187938362126148,0.3092871347893257,7.791692536172499,0.8916318067455324,0.0,0.0,1.1551695367375114,1.0461974822873596,0.47355438992779886,3.6897902054721516
212,1.8665961297738114,-9.45117413773445,0.2682846474631009,0.0,-7.3162933604975375,-9.45117413773445,nan,0.1280565138780495,0.14022813358505132,1.920822918985497,-9.436801890354388,0.26708701800317014,0.0,-7.248891953365721,-9.436801890354388,nan,0.0,1.126810123604544,0.0,4.981072027874856,0.0,46.0,0.0,,6.612847722031848e-05,,,,,,,1.0825629869863123,,1,0.47355438992779886,3.6897902054721516,inf,-inf,-0.43684370908326203,0.3417024793029431,-0.5125999957074918,0.20447886534276227,inf,-inf,2.7448014600781168,0.24286892728664652,0.24286892728664652,0.24286892728664652,784,0.8342066768006192,0.8474622834844071,1.2608470988379596,,,-2.0003225336049915,1.0187938362126148,0.3092871347893257,7.791692536172499,0.8916318067455324,0.0,0.0,1.1551695367375114,1.0461974822873596,0.47355438992779886,3.6897902054721516
213,1.8588644782916675,-9.473928938744292,0.26840772378659755,0.0,-7.346656736666027,-9.473928938744292,nan,0.12839768557950934,0.14001003820708827,1.920822918985497,-9.436801890354388,0.26708701800317014,0.0,-7.248891953365721,-9.436801890354388,nan,0.0,1.1210933276619475,0.0,4.938789598503975,0.0,46.0,0.0,,6.493357185964504e-05,,,,,,,1.0825629869863123,,1,0.47355438992779886,3.6897902054721516,inf,-inf,-0.43423036105359597,0.3416966088930745,-0.5119079315432287,0.2039667198843877,inf,-inf,2.7451015831345273,0.24288242302971208,0.24288242302971208,0.24288242302971208,784,0.8342066768006192,0.8474622834844071,1.2608470988379596,,,-2.0003225336049915,1.0187938362126148,0.3092871347893257,7.791692536172499,0.8916318067455324,0.0,0.0,1.1551695367375114,1.0461974822873596,0.47355438992779886,3.6897902054721516
214,1.8672136530214312,-9.492476055730753,0.26843246018931316,0.0,-7.356829942520009,-9.492476055730753,nan,0.12872694337846813,0.139705516810845,1.920822918985497,-9.436801890354388,0.26708701800317014,0.0,-7.248891953365721,-9.436801890354388,nan,0.0,1.1207221808569165,0.0,4.896237491098509,0.0,46.0,0.0,,6.374854329777363e-05,,,,,,,1.0825629869863123,,1,0.47355438992779886,3.6897902054721516,inf,-inf,-0.4334029114883457,0.3416570527443581,-0.511523169870987,0.20315291752743792,inf,-inf,2.745981139879167,0.24283329368708279,0.24283329368708279,0.24283329368708279,784,0.8342066768006192,0.8474622834844071,1.2608470988379596,,,-2.0003225336049915,1.0187938362126148,0.3092871347893257,7.791692536172499,0.8916318067455324,0.0,0.0,1.1551695367375114,1.0461974822873596,0.47355438992779886,3.6897902054721516
215,1.8757566339082559,-9.513902316641067,0.26848000852662696,0.0,-7.369665674206185,-9.513902316641067,nan,0.1290420897327437,0.13943791879388312,1.920822918985497,-9.548460312861422,0.2673762068132645,0.0,-7.360261187062661,-9.548460312861422,nan,0.0,1.10006139592306,0.0,4.8530376272446425,0.0,46.0,0.0,,6.257352148644002e-05,,,,,,,1.0643186648100735,,1,0.4619234043753799,3.673431424855735,inf,-inf,-0.4313405926364286,0.3416417401988823,-0.5112029859538463,0.20202235802839003,inf,-inf,2.7468085976292853,0.24284183368047493,0.24284183368047493,0.24284183368047493,784,0.8287083650625496,0.8441068866609441,1.257845963141607,,,-2.014691707394683,1.001222130832356,0.3058645122987559,7.95246872113572,0.9005019696040004,0.0,0.0,1.1367247757740269,1.0289124567709407,0.4619234043753799,3.673431424855735
216,1.870724463830949,-9.535575987924426,0.26855725108931905,0.0,-7.396294273004159,-9.535575987924426,nan,0.1293651851233503,0.1391920659659688,1.920822918985497,-9.548460312861422,0.2673762068132645,0.0,-7.360261187062661,-9.548460312861422,nan,0.0,1.112287944377067,0.0,4.81527134077443,0.0,46.0,0.0,,6.140863528002722e-05,,,,,,,1.0643186648100735,,1,0.4619234043753799,3.673431424855735,inf,-inf,-0.43014223141256414,0.3416326553129969,-0.5105501329802085,0.20158831511875014,inf,-inf,2.7471010253478254,0.24283105746876157,0.24283105746876157,0.24283105746876157,784,0.8287083650625496,0.8441068866609441,1.257845963141607,,,-2.014691707394683,1.001222130832356,0.3058645122987559,7.95246872113572,0.9005019696040004,0.0,0.0,1.1367247757740269,1.0289124567709407,0.4619234043753799,3.673431424855735
217,1.858513890479303,-9.55985041231654,0.2686236626991712,0.0,-7.432712859138067,-9.55985041231654,nan,0.12967872483025347,0.1389449378689177,1.920822918985497,-9.548460312861422,0.2673762068132645,0.0,-7.360261187062661,-9.548460312861422,nan,0.0,1.1055915520262523,0.0,4.7744345125767635,0.0,46.0,0.0,,6.025401242143478e-05,,,,,,,1.0643186648100735,,1,0.4619234043753799,3.673431424855735,inf,-inf,-0.4284050750041586,0.3416165132115836,-0.5105337924998039,0.20072465836671027,inf,-inf,2.7476998070817316,0.24281646247686198,0.24281646247686198,0.24281646247686198,784,0.8287083650625496,0.8441068866609441,1.257845963141607,,,-2.014691707394683,1.001222130832356,0.3058645122987559,7.95246872113572,0.9005019696040004,0.0,0.0,1.1367247757740269,1.0289124567709407,0.4619234043753799,3.673431424855735
218,1.8639448626317843,-9.575571292603474,0.2687103974993548,0.0,-7.4429160324723345,-9.575571292603474,nan,0.1299937133780867,0.13871668412126817,1.920822918985497,-9.548460312861422,0.2673762068132645,0.0,-7.360261187062661,-9.548460312861422,nan,0.0,1.0864426731163008,0.0,4.738173925711797,0.0,46.0,0.0,,5.9109779528070484e-05,,,,,,,1.0643186648100735,,1,0.4619234043753799,3.673431424855735,inf,-inf,-0.42656335619006414,0.34159394193460757,-0.5099064948620747,0.19964857582649986,inf,-inf,2.7482600928905923,0.24280850864936385,0.24280850864936385,0.24280850864936385,784,0.8287083650625496,0.8441068866609441,1.257845963141607,,,-2.014691707394683,1.001222130832356,0.3058645122987559,7.95246872113572,0.9005019696040004,0.0,0.0,1.1367247757740269,1.0289124567709407,0.4619234043753799,3.673431424855735
219,1.8792243108559479,-9.5932193318214,0.26875796584477596,0.0,-7.445237055120677,-9.5932193318214,nan,0.13028958515225572,0.13846838069252024,1.920822918985497,-9.548460312861422,0.2673762068132645,0.0,-7.360261187062661,-9.548460312861422,nan,0.0,1.0757959077515569,0.0,4.704106782918333,0.0,46.0,0.0,,5.7976062077965586e-05,,,,,,,1.0643186648100735,,1,0.4619234043753799,3.673431424855735,inf,-inf,-0.42444783977994877,0.34158947878136636,-0.5098375436049221,0.19900870431051565,inf,-inf,2.749256135644999,0.24278058570334102,0.24278058570334102,0.24278058570334102,784,0.8287083650625496,0.8441068866609441,1.257845963141607,,,-2.014691707394683,1.001222130832356,0.3058645122987559,7.95246872113572,0.9005019696040004,0.0,0.0,1.1367247757740269,1.0289124567709407,0.4619234043753799,3.673431424855735
220,1.8680900187346299,-9.612761335993042,0.26879955707768166,0.0,-7.4758717601807305,-9.612761335993042,nan,0.1305818035307057,0.138217753546976,1.920822918985497,-9.646173839692256,0.2676760166066283,0.0,-7.457674904100131,-9.646173839692256,nan,0.0,1.079301660392686,0.0,4.665058287207886,0.0,46.0,0.0,,5.685298439601424e-05,,,,,,,1.0481319883744655,,1,0.4515045167773583,3.6602834372285353,inf,-inf,-0.4228724033771162,0.34155557930070224,-0.5094447710543004,0.19840642754790414,inf,-inf,2.749270407409777,0.24278197037627683,0.24278197037627683,0.24278197037627683,784,0.823668828625413,0.8410094670731222,1.2547039480851152,,,-2.027592172057533,0.9854767950750423,0.30286216561663976,8.106858959804072,0.9088526173849041,0.0,0.0,1.120398823229046,1.0137069293864325,0.4515045167773583,3.6602834372285353
221,1.8771024778563443,-9.630117147014529,0.26883814095234443,0.0,-7.48417652820584,-9.630117147014529,nan,0.13086062056001424,0.1379775203923302,1.920822918985497,-9.646173839692256,0.2676760166066283,0.0,-7.457674904100131,-9.646173839692256,nan,0.0,1.0773082670262422,0.0,4.6329528545171,0.0,46.0,0.0,,5.5740669640340166e-05,,,,,,,1.0481319883744655,,1,0.4515045167773583,3.6602834372285353,inf,-inf,-0.42139296232003476,0.34154992739746226,-0.5090475417196096,0.19778143133052878,inf,-inf,2.7498778065320812,0.2427453276699307,0.2427453276699307,0.2427453276699307,784,0.823668828625413,0.8410094670731222,1.2547039480851152,,,-2.027592172057533,0.9854767950750423,0.30286216561663976,8.106858959804072,0.9088526173849041,0.0,0.0,1.120398823229046,1.0137069293864325,0.4515045167773583,3.6602834372285353
222,1.8753013685664772,-9.646160616138667,0.2689125608117591,0.0,-7.501946686760431,-9.646160616138667,nan,0.13115155463895323,0.13776100617280584,1.920822918985497,-9.646173839692256,0.2676760166066283,0.0,-7.457674904100131,-9.646173839692256,nan,0.0,1.0595071568093493,0.0,4.6001160527546,0.0,46.0,0.0,,5.463923978879106e-05,,,,,,,1.0481319883744655,,1,0.4515045167773583,3.6602834372285353,inf,-inf,-0.4207119249376578,0.3415414562050785,-0.5085956316353609,0.1973035631975939,inf,-inf,2.7503420002625845,0.24274934391519784,0.24274934391519784,0.24274934391519784,784,0.823668828625413,0.8410094670731222,1.2547039480851152,,,-2.027592172057533,0.9854767950750423,0.30286216561663976,8.106858959804072,0.9088526173849041,0.0,0.0,1.120398823229046,1.0137069293864325,0.4515045167773583,3.6602834372285353
223,1.8717752002577688,-9.666066207923581,0.26893566360250376,0.0,-7.525355344063309,-9.666066207923581,nan,0.13141789029179038,0.13751777331071335,1.920822918985497,-9.646173839692256,0.2676760166066283,0.0,-7.457674904100131,-9.646173839692256,nan,0.0,1.0495209515300787,0.0,4.564767285671874,0.0,46.0,0.0,,5.3548815625562027e-05,,,,,,,1.0481319883744655,,1,0.4515045167773583,3.6602834372285353,inf,-inf,-0.419208455816653,0.3415096432013178,-0.50835273001047,0.1963710308189717,inf,-inf,2.7505372824440695,0.24273474947179613,0.24273474947179613,0.24273474947179613,784,0.823668828625413,0.8410094670731222,1.2547039480851152,,,-2.027592172057533,0.9854767950750423,0.30286216561663976,8.106858959804072,0.9088526173849041,0.0,0.0,1.120398823229046,1.0137069293864325,0.4515045167773583,3.6602834372285353
224,1.8765442959746577,-9.68364003677781,0.2690066466173616,0.0,-7.538089094185791,-9.68364003677781,nan,0.1317032753772399,0.1373033712401217,1.920822918985497,-9.646173839692256,0.2676760166066283,0.0,-7.457674904100131,-9.646173839692256,nan,0.0,1.0503284219762046,0.0,4.530218961853642,0.0,46.0,0.0,,5.2469516727950645e-05,,,,,,,1.0481319883744655,,1,0.4515045167773583,3.6602834372285353,inf,-inf,-0.417932122350044,0.34150931367386345,-0.5080530129314743,0.1957214864964021,inf,-inf,2.7514527263816504,0.24273032794675067,0.24273032794675067,0.24273032794675067,784,0.823668828625413,0.8410094670731222,1.2547039480851152,,,-2.027592172057533,0.9854767950750423,0.30286216561663976,8.106858959804072,0.9088526173849041,0.0,0.0,1.120398823229046,1.0137069293864325,0.4515045167773583,3.6602834372285353
225,1.8751441278114802,-9.696553916129673,0.26904070600311114,0.0,-7.5523690823150815,-9.696553916129673,nan,0.13196339353130124,0.1370773124718099,1.920822918985497,-9.731769663488047,0.2678874012175819,0.0,-7.543059343284968,-9.731769663488047,nan,0.0,1.0230185576453683,0.0,4.50149292100435,0.0,46.0,0.0,,5.1401461453243575e-05,,,,,,,1.0338200183625905,,1,0.4423214424237156,3.647343268743412,inf,-inf,-0.416702349028979,0.34148409554020603,-0.5077996985514727,0.19561660429861522,inf,-inf,2.7516665895148003,0.24271928867312556,0.24271928867312556,0.24271928867312556,784,0.8190329197194428,0.8381540901886612,1.2525415864661664,,,-2.039105326642362,0.9715897893367684,0.30022860183655115,8.24591104776126,0.9162386455666245,0.0,0.0,1.1059855900859035,1.0001873071762466,0.4423214424237156,3.647343268743412
226,1.8679245717952118,-9.712554113670237,0.26908106012566124,0.0,-7.5755484817493635,-9.712554113670237,nan,0.13222706853722005,0.13685399158844117,1.920822918985497,-9.731769663488047,0.2678874012175819,0.0,-7.543059343284968,-9.731769663488047,nan,0.0,1.0419662049725202,0.0,4.470528077282949,0.0,46.0,0.0,,5.0344766925737514e-05,,,,,,,1.0338200183625905,,1,0.4423214424237156,3.647343268743412,inf,-inf,-0.41456241202048616,0.34147343505549776,-0.5071216861835102,0.19492476481887075,inf,-inf,2.7521611786487425,0.24269992499112245,0.24269992499112245,0.24269992499112245,784,0.8190329197194428,0.8381540901886612,1.2525415864661664,,,-2.039105326642362,0.9715897893367684,0.30022860183655115,8.24591104776126,0.9162386455666245,0.0,0.0,1.1059855900859035,1.0001873071762466,0.4423214424237156,3.647343268743412
227,1.8752201038259275,-9.726546080435808,0.26910716080861613,0.0,-7.582218815801264,-9.726546080435808,nan,0.1324764433275168,0.13663071748109942,1.920822918985497,-9.731769663488047,0.2678874012175819,0.0,-7.543059343284968,-9.731769663488047,nan,0.0,1.0302975335799964,0.0,4.442022318392029,0.0,46.0,0.0,,4.929954902389538e-05,,,,,,,1.0338200183625905,,1,0.4423214424237156,3.647343268743412,inf,-inf,-0.41322944889453994,0.34146640565184133,-0.5071733364504849,0.19408887577019618,inf,-inf,2.7529323164733785,0.24266970237300728,0.24266970237300728,0.24266970237300728,784,0.8190329197194428,0.8381540901886612,1.2525415864661664,,,-2.039105326642362,0.9715897893367684,0.30022860183655115,8.24591104776126,0.9162386455666245,0.0,0.0,1.1059855900859035,1.0001873071762466,0.4423214424237156,3.647343268743412
228,1.8703209789530262,-9.743874242709005,0.26917183215649026,0.0,-7.604381431599488,-9.743874242709005,nan,0.1327279415755648,0.1364438905809255,1.920822918985497,-9.731769663488047,0.2678874012175819,0.0,-7.543059343284968,-9.731769663488047,nan,0.0,1.0063377918230845,0.0,4.409343587656168,0.0,46.0,0.0,,4.826592236763859e-05,,,,,,,1.0338200183625905,,1,0.4423214424237156,3.647343268743412,inf,-inf,-0.4122089136996626,0.3414454741892307,-0.5068290373274196,0.1939183150579098,inf,-inf,2.752862584223169,0.2426722668188195,0.2426722668188195,0.2426722668188195,784,0.8190329197194428,0.8381540901886612,1.2525415864661664,,,-2.039105326642362,0.9715897893367684,0.30022860183655115,8.24591104776126,0.9162386455666245,0.0,0.0,1.1059855900859035,1.0001873071762466,0.4423214424237156,3.647343268743412
229,1.8637899181749276,-9.75885454553956,0.2692172530428913,0.0,-7.625847374321741,-9.75885454553956,nan,0.1329731402467591,0.13624411279613222,1.920822918985497,-9.731769663488047,0.2678874012175819,0.0,-7.543059343284968,-9.731769663488047,nan,0.0,1.0052207824006607,0.0,4.388129474446328,0.0,46.0,0.0,,4.724400030577784e-05,,,,,,,1.0338200183625905,,1,0.4423214424237156,3.647343268743412,inf,-inf,-0.4108005334746042,0.3414418091558305,-0.5065782752280993,0.1932715584465232,inf,-inf,2.753064005661257,0.24268583644089542,0.24268583644089542,0.24268583644089542,784,0.8190329197194428,0.8381540901886612,1.2525415864661664,,,-2.039105326642362,0.9715897893367684,0.30022860183655115,8.24591104776126,0.9162386455666245,0.0,0.0,1.1059855900859035,1.0001873071762466,0.4423214424237156,3.647343268743412
230,1.8749165650405752,-9.77077307268126,0.2692613312741182,0.0,-7.626595176366567,-9.77077307268126,nan,0.1332046442997601,0.13605668697435808,1.920822918985497,-9.805808562275116,0.26809180232449387,0.0,-7.616893840965125,-9.805808562275116,nan,0.0,1.0057334907537665,0.0,4.35629617407286,0.0,46.0,0.0,,4.623389490358338e-05,,,,,,,1.021213372626211,,1,0.43408542950322004,3.6374512057788375,inf,-inf,-0.4099704622774429,0.3414200291720265,-0.5062689852088538,0.19233744025198754,inf,-inf,2.753633526037441,0.24266613228435094,0.24266613228435094,0.24266613228435094,784,0.814834708309637,0.8355494406805026,1.2504589929217502,,,-2.0493283452015927,0.959773699332364,0.29794530556741955,8.379574522788388,0.9232219676641297,0.0,0.0,1.0933260560972566,0.9887336826777562,0.43408542950322004,3.6374512057788375
231,1.853987879705511,-9.783940214027965,0.2692828425609266,0.0,-7.660669491761527,-9.783940214027965,nan,0.13343392837470294,0.1358489141862237,1.920822918985497,-9.805808562275116,0.26809180232449387,0.0,-7.616893840965125,-9.805808562275116,nan,0.0,1.0102967071469124,0.0,4.3342885692942685,0.0,46.0,0.0,,4.523571693049536e-05,,,,,,,1.021213372626211,,1,0.43408542950322004,3.6374512057788375,inf,-inf,-0.4083888200833416,0.34140635055489527,-0.5062188779078773,0.19220274566133178,inf,-inf,2.7542126440719024,0.24263953954860557,0.24263953954860557,0.24263953954860557,784,0.814834708309637,0.8355494406805026,1.2504589929217502,,,-2.0493283452015927,0.959773699332364,0.29794530556741955,8.379574522788388,0.9232219676641297,0.0,0.0,1.0933260560972566,0.9887336826777562,0.43408542950322004,3.6374512057788375
232,1.8737707087593838,-9.7967308750847,0.2693360162763826,0.0,-7.653624150048933,-9.7967308750847,nan,0.1336671517827021,0.13566886449368043,1.920822918985497,-9.805808562275116,0.26809180232449387,0.0,-7.616893840965125,-9.805808562275116,nan,0.0,0.9972381767428962,0.0,4.306866022763367,0.0,46.0,0.0,,4.42495758479769e-05,,,,,,,1.021213372626211,,1,0.43408542950322004,3.6374512057788375,inf,-inf,-0.40812768282434253,0.3413948475621813,-0.5057612425298914,0.19151982562254435,inf,-inf,2.754135489233084,0.24264842020639502,0.24264842020639502,0.24264842020639502,784,0.814834708309637,0.8355494406805026,1.2504589929217502,,,-2.0493283452015927,0.959773699332364,0.29794530556741955,8.379574522788388,0.9232219676641297,0.0,0.0,1.0933260560972566,0.9887336826777562,0.43408542950322004,3.6374512057788375
233,1.8598048553907531,-9.809067345770035,0.26938462999344603,0.0,-7.679877860385836,-9.809067345770035,nan,0.13389843274523752,0.13548619724820848,1.920822918985497,-9.805808562275116,0.26809180232449387,0.0,-7.616893840965125,-9.805808562275116,nan,0.0,0.9920097152029632,0.0,4.28284845606557,0.0,46.0,0.0,,4.3275579797510595e-05,,,,,,,1.021213372626211,,1,0.43408542950322004,3.6374512057788375,inf,-inf,-0.4062557797348614,0.34138532434519253,-0.5056051676890364,0.1909855369473862,inf,-inf,2.7545519157690093,0.2426349577848118,0.2426349577848118,0.2426349577848118,784,0.814834708309637,0.8355494406805026,1.2504589929217502,,,-2.0493283452015927,0.959773699332364,0.29794530556741955,8.379574522788388,0.9232219676641297,0.0,0.0,1.0933260560972566,0.9887336826777562,0.43408542950322004,3.6374512057788375
234,1.8725845125067162,-9.823587119803483,0.2694213720474132,0.0,-7.681581235249354,-9.823587119803483,nan,0.13411020334755366,0.13531116869985962,1.920822918985497,-9.805808562275116,0.26809180232449387,0.0,-7.616893840965125,-9.805808562275116,nan,0.0,0.9914726350750953,0.0,4.256037691559394,0.0,46.0,0.0,,4.231383558873924e-05,,,,,,,1.021213372626211,,1,0.43408542950322004,3.6374512057788375,inf,-inf,-0.40550012772060595,0.3413714595983802,-0.5054814254567024,0.19044015386829577,inf,-inf,2.754661454286087,0.2426459391214537,0.2426459391214537,0.2426459391214537,784,0.814834708309637,0.8355494406805026,1.2504589929217502,,,-2.0493283452015927,0.959773699332364,0.29794530556741955,8.379574522788388,0.9232219676641297,0.0,0.0,1.0933260560972566,0.9887336826777562,0.43408542950322004,3.6374512057788375
235,1.8727402147244636,-9.835860155237311,0.2694193686148716,0.0,-7.693700571897976,-9.835860155237311,nan,0.13432132919679396,0.13509803941807763,1.920822918985497,-9.870818643828681,0.26826158514018794,0.0,-7.681734139702996,-9.870818643828681,nan,0.0,0.9869682214786415,0.0,4.233032534838437,0.0,46.0,0.0,,4.136444868775326e-05,,,,,,,1.0100705412606086,,1,0.42696854346143387,3.6296321670913025,inf,-inf,-0.40477096303564225,0.3413612002591042,-0.5051128601349262,0.1899616535031253,inf,-inf,2.7552324987668606,0.2426186512516715,0.2426186512516715,0.2426186512516715,784,0.8109845581169061,0.8331515369976114,1.248049524602365,,,-2.058422179855476,0.9489142967438697,0.29594815213578096,8.500935777764505,0.9294667352143269,0.0,0.0,1.0821519552563268,0.9783354847867399,0.42696854346143387,3.6296321670913025
236,1.8600556681910765,-9.845805860522756,0.26947602092431827,0.0,-7.716274171407361,-9.845805860522756,nan,0.1345255607370293,0.13495046018728904,1.920822918985497,-9.870818643828681,0.26826158514018794,0.0,-7.681734139702996,-9.870818643828681,nan,0.0,0.9732813728692237,0.0,4.211920736499531,0.0,46.0,0.0,,4.0427523205524943e-05,,,,,,,1.0100705412606086,,1,0.42696854346143387,3.6296321670913025,inf,-inf,-0.4029845706894747,0.34135568606634825,-0.5048574304580165,0.18943227474605104,inf,-inf,2.755024693071653,0.24262686368762348,0.24262686368762348,0.24262686368762348,784,0.8109845581169061,0.8331515369976114,1.248049524602365,,,-2.058422179855476,0.9489142967438697,0.29594815213578096,8.500935777764505,0.9294667352143269,0.0,0.0,1.0821519552563268,0.9783354847867399,0.42696854346143387,3.6296321670913025
237,1.8645439135779704,-9.861881718264973,0.26952374001122154,0.0,-7.727814064675782,-9.861881718264973,nan,0.13473973799995403,0.13478400201126747,1.920822918985497,-9.870818643828681,0.26826158514018794,0.0,-7.681734139702996,-9.870818643828681,nan,0.0,0.9749668642658051,0.0,4.187283163148946,0.0,46.0,0.0,,3.950316188649156e-05,,,,,,,1.0100705412606086,,1,0.42696854346143387,3.6296321670913025,inf,-inf,-0.4019395695257426,0.3413443418994584,-0.5047756398124822,0.1890829952213863,inf,-inf,2.7555677490962784,0.24262129567085033,0.24262129567085033,0.24262129567085033,784,0.8109845581169061,0.8331515369976114,1.248049524602365,,,-2.058422179855476,0.9489142967438697,0.29594815213578096,8.500935777764505,0.9294667352143269,0.0,0.0,1.0821519552563268,0.9783354847867399,0.42696854346143387,3.6296321670913025
238,1.857260445983001,-9.868487181954864,0.26956746356102895,0.0,-7.741659272410833,-9.868487181954864,nan,0.13493927493845168,0.13462818862257728,1.920822918985497,-9.870818643828681,0.26826158514018794,0.0,-7.681734139702996,-9.870818643828681,nan,0.0,0.9743575669641907,0.0,4.167479067901051,0.0,46.0,0.0,,3.859146609728844e-05,,,,,,,1.0100705412606086,,1,0.42696854346143387,3.6296321670913025,inf,-inf,-0.40147358743349926,0.34132511070884286,-0.5045669623031372,0.18877483984874713,inf,-inf,2.7555009634581515,0.24261453200579736,0.24261453200579736,0.24261453200579736,784,0.8109845581169061,0.8331515369976114,1.248049524602365,,,-2.058422179855476,0.9489142967438697,0.29594815213578096,8.500935777764505,0.9294667352143269,0.0,0.0,1.0821519552563268,0.9783354847867399,0.42696854346143387,3.6296321670913025
239,1.8624410467732946,-9.88024126652293,0.26960232192073086,0.0,-7.748197897828904,-9.88024126652293,nan,0.13513272309092944,0.1344695988298014,1.920822918985497,-9.870818643828681,0.26826158514018794,0.0,-7.681734139702996,-9.870818643828681,nan,0.0,0.9572803933423067,0.0,4.1437686450290245,0.0,46.0,0.0,,3.769253581563266e-05,,,,,,,1.0100705412606086,,1,0.42696854346143387,3.6296321670913025,inf,-inf,-0.4001666947839913,0.3413218788651906,-0.504232095967661,0.1884141603693188,inf,-inf,2.7557375433165894,0.2426149572678897,0.2426149572678897,0.2426149572678897,784,0.8109845581169061,0.8331515369976114,1.248049524602365,,,-2.058422179855476,0.9489142967438697,0.29594815213578096,8.500935777764505,0.9294667352143269,0.0,0.0,1.0821519552563268,0.9783354847867399,0.42696854346143387,3.6296321670913025
240,1.859310594554093,-9.89033624998021,0.26962176543653565,0.0,-7.761403889989581,-9.89033624998021,nan,0.1353204179114238,0.1343013475251118,1.920822918985497,-9.927267916784718,0.2684387248762289,0.0,-7.738006272922992,-9.927267916784718,nan,0.0,0.9710033071477556,0.0,4.125238461483399,0.0,46.0,0.0,,3.680646961935965e-05,,,,,,,1.0002614956911613,,1,0.42054941312959204,3.621223023705914,inf,-inf,-0.399535335022059,0.34131223608669825,-0.5040225983166251,0.18796105916988293,inf,-inf,2.755954674924155,0.2425967405118012,0.2425967405118012,0.2425967405118012,784,0.807492469292027,0.8309685217489372,1.246846120515478,,,-2.0664776326805536,0.9394748639819219,0.2942037856701331,8.610695701030586,0.9350382416874116,0.0,0.0,1.072333677058629,0.9696760731877827,0.42054941312959204,3.621223023705914
241,1.860651682709822,-9.901557128622436,0.26964606136334274,0.0,-7.771259384549271,-9.901557128622436,nan,0.13551269500559932,0.13413336635774348,1.920822918985497,-9.927267916784718,0.2684387248762289,0.0,-7.738006272922992,-9.927267916784718,nan,0.0,0.9710420115773261,0.0,4.106209812839098,0.0,46.0,0.0,,3.593336467561294e-05,,,,,,,1.0002614956911613,,1,0.42054941312959204,3.621223023705914,inf,-inf,-0.39880946426693054,0.3412981777081795,-0.5039510648076418,0.18751723309126678,inf,-inf,2.756212127448631,0.24257841227635976,0.24257841227635976,0.24257841227635976,784,0.807492469292027,0.8309685217489372,1.246846120515478,,,-2.0664776326805536,0.9394748639819219,0.2942037856701331,8.610695701030586,0.9350382416874116,0.0,0.0,1.072333677058629,0.9696760731877827,0.42054941312959204,3.621223023705914
242,1.8542800457373836,-9.910466582562659,0.2696733234074265,0.0,-7.78651321341785,-9.910466582562659,nan,0.13568217261245233,0.13399115079497415,1.920822918985497,-9.927267916784718,0.2684387248762289,0.0,-7.738006272922992,-9.927267916784718,nan,0.0,0.9516549272285413,0.0,4.085371183727156,0.0,46.0,0.0,,3.5073316730188546e-05,,,,,,,1.0002614956911613,,1,0.42054941312959204,3.621223023705914,inf,-inf,-0.39732981446573507,0.34128961607667746,-0.5035918986184282,0.18727918718882094,inf,-inf,2.7563490029297784,0.2425831552109379,0.2425831552109379,0.2425831552109379,784,0.807492469292027,0.8309685217489372,1.246846120515478,,,-2.0664776326805536,0.9394748639819219,0.2942037856701331,8.610695701030586,0.9350382416874116,0.0,0.0,1.072333677058629,0.9696760731877827,0.42054941312959204,3.621223023705914
243,1.870884297718025,-9.921532494745135,0.26970547952465757,0.0,-7.780942717502453,-9.921532494745135,nan,0.13586270390978633,0.13384277561487123,1.920822918985497,-9.927267916784718,0.2684387248762289,0.0,-7.738006272922992,-9.927267916784718,nan,0.0,0.9661498550473882,0.0,4.066963083844638,0.0,46.0,0.0,,3.422642009703561e-05,,,,,,,1.0002614956911613,,1,0.42054941312959204,3.621223023705914,inf,-inf,-0.3965597230824731,0.3412785364083192,-0.5034630208444941,0.18667719269881583,inf,-inf,2.7566781469872597,0.24257474786851935,0.24257474786851935,0.24257474786851935,784,0.807492469292027,0.8309685217489372,1.246846120515478,,,-2.0664776326805536,0.9394748639819219,0.2942037856701331,8.610695701030586,0.9350382416874116,0.0,0.0,1.072333677058629,0.9696760731877827,0.42054941312959204,3.621223023705914
244,1.8729696971349852,-9.931171502442574,0.26973080661111515,0.0,-7.788470998696473,-9.931171502442574,nan,0.1360422591263052,0.13368854748481007,1.920822918985497,-9.927267916784718,0.2684387248762289,0.0,-7.738006272922992,-9.927267916784718,nan,0.0,0.9496180287896949,0.0,4.046669495177058,0.0,46.0,0.0,,3.339276764791356e-05,,,,,,,1.0002614956911613,,1,0.42054941312959204,3.621223023705914,inf,-inf,-0.395829403147484,0.3412730314232779,-0.5032669528794268,0.18631388167195387,inf,-inf,2.756866947392478,0.24255967080912552,0.24255967080912552,0.24255967080912552,784,0.807492469292027,0.8309685217489372,1.246846120515478,,,-2.0664776326805536,0.9394748639819219,0.2942037856701331,8.610695701030586,0.9350382416874116,0.0,0.0,1.072333677058629,0.9696760731877827,0.42054941312959204,3.621223023705914
245,1.878185284020757,-9.940460460480802,0.2697640708698437,0.0,-7.792511105590201,-9.940460460480802,nan,0.13621148994490645,0.1335525809249373,1.920822918985497,-9.976667993471962,0.26858827653293493,0.0,-7.78725679795353,-9.976667993471962,nan,0.0,0.9421393514841271,0.0,4.030651838332312,0.0,46.0,0.0,,3.2572450802207845e-05,,,,,,,0.991644848015824,,1,0.41494707796114816,3.6147703820545565,inf,-inf,-0.3950609154972172,0.34126669467001103,-0.5031356252350241,0.18602173838538316,inf,-inf,2.7569036055289162,0.2425758580706315,0.2425758580706315,0.2425758580706315,784,0.804353492203054,0.8289986604971342,1.2454499065459097,,,-2.0735881061496713,0.9312150188685389,0.2926867306208991,8.71140098109815,0.9400880045406772,0.0,0.0,1.0637252375916035,0.9617794887575783,0.41494707796114816,3.6147703820545565
246,1.8832392074863937,-9.947918779573735,0.2698096485542861,0.0,-7.794869923533055,-9.947918779573735,nan,0.1363780126101728,0.1334316359441134,1.920822918985497,-9.976667993471962,0.26858827653293493,0.0,-7.78725679795353,-9.976667993471962,nan,0.0,0.936249791608143,0.0,4.013968077787122,0.0,46.0,0.0,,3.1765559516904784e-05,,,,,,,0.991644848015824,,1,0.41494707796114816,3.6147703820545565,inf,-inf,-0.3941814263703578,0.34125876680799755,-0.5030436145489268,0.18547226417750035,inf,-inf,2.7568390239060507,0.24258005479092878,0.24258005479092878,0.24258005479092878,784,0.804353492203054,0.8289986604971342,1.2454499065459097,,,-2.0735881061496713,0.9312150188685389,0.2926867306208991,8.71140098109815,0.9400880045406772,0.0,0.0,1.0637252375916035,0.9617794887575783,0.41494707796114816,3.6147703820545565
247,1.8744050834830444,-9.958141889162954,0.2698058719563468,0.0,-7.813930933723563,-9.958141889162954,nan,0.13653983953684695,0.1332660324194999,1.920822918985497,-9.976667993471962,0.26858827653293493,0.0,-7.78725679795353,-9.976667993471962,nan,0.0,0.9422285282856547,0.0,3.996448631791038,0.0,46.0,0.0,,3.097218227672658e-05,,,,,,,0.991644848015824,,1,0.41494707796114816,3.6147703820545565,inf,-inf,-0.3931317932740267,0.3412418018097705,-0.5028408256930573,0.18528720025892093,inf,-inf,2.75730058115431,0.24255625380182383,0.24255625380182383,0.24255625380182383,784,0.804353492203054,0.8289986604971342,1.2454499065459097,,,-2.0735881061496713,0.9312150188685389,0.2926867306208991,8.71140098109815,0.9400880045406772,0.0,0.0,1.0637252375916035,0.9617794887575783,0.41494707796114816,3.6147703820545565
248,1.8685070298511142,-9.96592831606574,0.2698306576516115,0.0,-7.827590628563015,-9.96592831606574,nan,0.13669155391909682,0.13313910373251464,1.920822918985497,-9.976667993471962,0.26858827653293493,0.0,-7.78725679795353,-9.976667993471962,nan,0.0,0.9293643230885779,0.0,3.9806049923953855,0.0,46.0,0.0,,3.019240608442822e-05,,,,,,,0.991644848015824,,1,0.41494707796114816,3.6147703820545565,inf,-inf,-0.3928641141438382,0.34123519883490294,-0.5026010315646855,0.18488214482332846,inf,-inf,2.757376079615428,0.24254286788294543,0.24254286788294543,0.24254286788294543,784,0.804353492203054,0.8289986604971342,1.2454499065459097,,,-2.0735881061496713,0.9312150188685389,0.2926867306208991,8.71140098109815,0.9400880045406772,0.0,0.0,1.0637252375916035,0.9617794887575783,0.41494707796114816,3.6147703820545565
249,1.8667506198773756,-9.974979922100957,0.26987405586709723,0.0,-7.838355246356484,-9.974979922100957,nan,0.13684959326522203,0.1330244626018752,1.920822918985497,-9.976667993471962,0.26858827653293493,0.0,-7.78725679795353,-9.976667993471962,nan,0.0,0.9203416959916045,0.0,3.9637612466032466,0.0,46.0,0.0,,2.9426316451256454e-05,,,,,,,0.991644848015824,,1,0.41494707796114816,3.6147703820545565,inf,-inf,-0.3917855129006294,0.3412346530867115,-0.5024607956509761,0.18460822894191362,inf,-inf,2.7574457470316567,0.24255506354816722,0.24255506354816722,0.24255506354816722,784,0.804353492203054,0.8289986604971342,1.2454499065459097,,,-2.0735881061496713,0.9312150188685389,0.2926867306208991,8.71140098109815,0.9400880045406772,0.0,0.0,1.0637252375916035,0.9617794887575783,0.41494707796114816,3.6147703820545565
250,1.8674617896913295,-9.981580678222961,0.26990782521189444,0.0,-7.8442110633197375,-9.981580678222961,nan,0.13701136841546838,0.13289645679642623,1.920822918985497,-10.019820836746277,0.2687032908926914,0.0,-7.830294626868088,-10.019820836746277,nan,0.0,0.9217382259717997,0.0,3.9482783859628494,0.0,46.0,0.0,,2.8673997387572544e-05,,,,,,,0.9840659011938259,,1,0.4100626884574595,3.60832964305376,inf,-inf,-0.3908909354717063,0.3412215055827392,-0.502240500392634,0.18416321867253485,inf,-inf,2.7577141794551125,0.24255333249839156,0.24255333249839156,0.24255333249839156,784,0.8015331933457884,0.8272250502983783,1.2442686938408896,,,-2.079875119061343,0.9240490105738179,0.29135975614602205,8.799458581875081,0.9444559514527068,0.0,0.0,1.0561693393270373,0.9547989717351067,0.4100626884574595,3.60832964305376
251,1.8731077113644101,-9.99535140121395,0.2699399680528477,0.0,-7.852303721796693,-9.99535140121395,nan,0.13714879791829074,0.132791170134557,1.920822918985497,-10.019820836746277,0.2687032908926914,0.0,-7.830294626868088,-10.019820836746277,nan,0.0,0.9218117847203082,0.0,3.933448761685205,0.0,46.0,0.0,,2.7935531393639814e-05,,,,,,,0.9840659011938259,,1,0.4100626884574595,3.60832964305376,inf,-inf,-0.3903200077858769,0.3412147242479391,-0.5021349199429271,0.1838326134211883,inf,-inf,2.757500161559197,0.24256760538080818,0.24256760538080818,0.24256760538080818,784,0.8015331933457884,0.8272250502983783,1.2442686938408896,,,-2.079875119061343,0.9240490105738179,0.29135975614602205,8.799458581875081,0.9444559514527068,0.0,0.0,1.0561693393270373,0.9547989717351067,0.4100626884574595,3.60832964305376
252,1.8711919356767428,-9.999898605974078,0.26998673099020637,0.0,-7.858719939307129,-9.999898605974078,nan,0.13729552806573936,0.1326912029244671,1.920822918985497,-10.019820836746277,0.2687032908926914,0.0,-7.830294626868088,-10.019820836746277,nan,0.0,0.9188596388998955,0.0,3.9164714619387775,0.0,46.0,0.0,,2.7210999450576172e-05,,,,,,,0.9840659011938259,,1,0.4100626884574595,3.60832964305376,inf,-inf,-0.3895336107788172,0.34121144088606126,-0.5020674970703595,0.1836570050569345,inf,-inf,2.7576331467630464,0.24256647068718046,0.24256647068718046,0.24256647068718046,784,0.8015331933457884,0.8272250502983783,1.2442686938408896,,,-2.079875119061343,0.9240490105738179,0.29135975614602205,8.799458581875081,0.9444559514527068,0.0,0.0,1.0561693393270373,0.9547989717351067,0.4100626884574595,3.60832964305376
253,1.8653057393696266,-10.005830063847638,0.26996886346550775,0.0,-7.870555461012504,-10.005830063847638,nan,0.13743464717853277,0.132534216286975,1.920822918985497,-10.019820836746277,0.2687032908926914,0.0,-7.830294626868088,-10.019820836746277,nan,0.0,0.9364715567851766,0.0,3.901950808981039,0.0,46.0,0.0,,2.6500481011473898e-05,,,,,,,0.9840659011938259,,1,0.4100626884574595,3.60832964305376,inf,-inf,-0.38922248822265754,0.3411987190960869,-0.501790706471112,0.18338942149413917,inf,-inf,2.75785963888104,0.2425418466371518,0.2425418466371518,0.2425418466371518,784,0.8015331933457884,0.8272250502983783,1.2442686938408896,,,-2.079875119061343,0.9240490105738179,0.29135975614602205,8.799458581875081,0.9444559514527068,0.0,0.0,1.0561693393270373,0.9547989717351067,0.4100626884574595,3.60832964305376
254,1.8714116735885675,-10.012548568171601,0.26998670172064815,0.0,-7.871150192862385,-10.012548568171601,nan,0.1375754792092663,0.13241122251138196,1.920822918985497,-10.019820836746277,0.2687032908926914,0.0,-7.830294626868088,-10.019820836746277,nan,0.0,0.9100944659599733,0.0,3.890300689365004,0.0,46.0,0.0,,2.5804053992686704e-05,,,,,,,0.9840659011938259,,1,0.4100626884574595,3.60832964305376,inf,-inf,-0.38838425618926037,0.3411960115759983,-0.5017697120585926,0.18313157616577067,inf,-inf,2.758060997307255,0.24253979088475353,0.24253979088475353,0.24253979088475353,784,0.8015331933457884,0.8272250502983783,1.2442686938408896,,,-2.079875119061343,0.9240490105738179,0.29135975614602205,8.799458581875081,0.9444559514527068,0.0,0.0,1.0561693393270373,0.9547989717351067,0.4100626884574595,3.60832964305376
255,1.877993921604087,-10.02346514494087,0.2700092933379481,0.0,-7.875461929998835,-10.02346514494087,nan,0.1377008968526973,0.13230839648525083,1.920822918985497,-10.057211187746713,0.26881054839062424,0.0,-7.867577720370592,-10.057211187746713,nan,0.0,0.9041206669433955,0.0,3.874168357242913,0.0,46.0,0.0,,2.5121794765285192e-05,,,,,,,0.9774266733451543,,1,0.4057476657590127,3.6035256527251005,inf,-inf,-0.3878297582810653,0.34119102142773533,-0.5015388038406989,0.18279450216965643,inf,-inf,2.7581493396999717,0.24254182183549416,0.24254182183549416,0.24254182183549416,784,0.7990068271692616,0.8256290204474369,1.2429287446760247,,,-2.085403535668559,0.9175614659529019,0.29020288865959865,8.881198727253693,0.9484715880191795,0.0,0.0,1.0495541853292718,0.9489555958184404,0.4057476657590127,3.6035256527251005
256,1.8663882329917172,-10.025236628170779,0.27003884840277426,0.0,-7.8888095467762875,-10.025236628170779,nan,0.13784067525807847,0.1321981731446959,1.920822918985497,-10.057211187746713,0.26881054839062424,0.0,-7.867577720370592,-10.057211187746713,nan,0.0,0.9069721209670883,0.0,3.862994733005661,0.0,46.0,0.0,,2.445377814668197e-05,,,,,,,0.9774266733451543,,1,0.4057476657590127,3.6035256527251005,inf,-inf,-0.38723074571550103,0.3411780186632656,-0.5015212233969715,0.18242339050520273,inf,-inf,2.758067681218868,0.2425411174619794,0.2425411174619794,0.2425411174619794,784,0.7990068271692616,0.8256290204474369,1.2429287446760247,,,-2.085403535668559,0.9175614659529019,0.29020288865959865,8.881198727253693,0.9484715880191795,0.0,0.0,1.0495541853292718,0.9489555958184404,0.4057476657590127,3.6035256527251005
257,1.8613709239354677,-10.038014054590395,0.27005829063897846,0.0,-7.906584840015949,-10.038014054590395,nan,0.1379617907407152,0.13209649989826325,1.920822918985497,-10.057211187746713,0.26881054839062424,0.0,-7.867577720370592,-10.057211187746713,nan,0.0,0.8939561451145067,0.0,3.8475034547468674,0.0,46.0,0.0,,2.380007739242722e-05,,,,,,,0.9774266733451543,,1,0.4057476657590127,3.6035256527251005,inf,-inf,-0.3865666384141976,0.3411736549274701,-0.5012009322968917,0.18232699217162615,inf,-inf,2.758300064808966,0.24252017813252374,0.24252017813252374,0.24252017813252374,784,0.7990068271692616,0.8256290204474369,1.2429287446760247,,,-2.085403535668559,0.9175614659529019,0.29020288865959865,8.881198727253693,0.9484715880191795,0.0,0.0,1.0495541853292718,0.9489555958184404,0.4057476657590127,3.6035256527251005
258,1.8633389272845244,-10.038763971412143,0.27008973293124783,0.0,-7.90533531119637,-10.038763971412143,nan,0.13809024131588576,0.13199949161536215,1.920822918985497,-10.057211187746713,0.26881054839062424,0.0,-7.867577720370592,-10.057211187746713,nan,0.0,0.913793564824042,0.0,3.838049470082709,0.0,46.0,0.0,,2.316076418817509e-05,,,,,,,0.9774266733451543,,1,0.4057476657590127,3.6035256527251005,inf,-inf,-0.3860774890101399,0.3411719359286534,-0.5010939796952468,0.18189493531976084,inf,-inf,2.758257163922277,0.24253675950643352,0.24253675950643352,0.24253675950643352,784,0.7990068271692616,0.8256290204474369,1.2429287446760247,,,-2.085403535668559,0.9175614659529019,0.29020288865959865,8.881198727253693,0.9484715880191795,0.0,0.0,1.0495541853292718,0.9489555958184404,0.4057476657590127,3.6035256527251005
259,1.870505993850847,-10.045367138216495,0.2700980302978165,0.0,-7.904763114067832,-10.045367138216495,nan,0.1381971697797148,0.13190086051810163,1.920822918985497,-10.057211187746713,0.26881054839062424,0.0,-7.867577720370592,-10.057211187746713,nan,0.0,0.9116820226371769,0.0,3.8257178971898465,0.0,46.0,0.0,,2.2535908641822916e-05,,,,,,,0.9774266733451543,,1,0.4057476657590127,3.6035256527251005,inf,-inf,-0.3854566310206373,0.34116299058136895,-0.5010732678897466,0.181696050311544,inf,-inf,2.758306044595371,0.24252881007844812,0.24252881007844812,0.24252881007844812,784,0.7990068271692616,0.8256290204474369,1.2429287446760247,,,-2.085403535668559,0.9175614659529019,0.29020288865959865,8.881198727253693,0.9484715880191795,0.0,0.0,1.0495541853292718,0.9489555958184404,0.4057476657590127,3.6035256527251005
260,1.869871490596101,-10.051621279112759,0.2701202588845997,0.0,-7.911629529632059,-10.051621279112759,nan,0.13833235261609592,0.13178790626850378,1.920822918985497,-10.089717114732451,0.26890537877191056,0.0,-7.899988816975044,-10.089717114732451,nan,0.0,0.8987484880651861,0.0,3.8139026135211522,0.0,46.0,0.0,,2.192557927582279e-05,,,,,,,0.9716290328286268,,1,0.4020044638073333,3.5988539600539293,inf,-inf,-0.3845689208078466,0.34115975833894446,-0.5008227626617879,0.18139794542591847,inf,-inf,2.758683326867128,0.24252194646215078,0.24252194646215078,0.24252194646215078,784,0.7967778270218916,0.8242178520435731,1.2419760566376132,,,-2.090251780436012,0.912255166612937,0.2891987712254684,8.952273628928495,0.9519333480642607,0.0,0.0,1.0437870874871915,0.9434807516195184,0.4020044638073333,3.5988539600539293
261,1.8682526819813838,-10.058445719011688,0.2701533732062303,0.0,-7.920039663824075,-10.058445719011688,nan,0.13843565277266112,0.1317177204335692,1.920822918985497,-10.089717114732451,0.26890537877191056,0.0,-7.899988816975044,-10.089717114732451,nan,0.0,0.9050564891519457,0.0,3.800095860209635,0.0,46.0,0.0,,2.1329843019667432e-05,,,,,,,0.9716290328286268,,1,0.4020044638073333,3.5988539600539293,inf,-inf,-0.3842056658468157,0.3411544773627072,-0.5007659472606746,0.18127421038719965,inf,-inf,2.7585448938289643,0.24253597434600968,0.24253597434600968,0.24253597434600968,784,0.7967778270218916,0.8242178520435731,1.2419760566376132,,,-2.090251780436012,0.912255166612937,0.2891987712254684,8.952273628928495,0.9519333480642607,0.0,0.0,1.0437870874871915,0.9434807516195184,0.4020044638073333,3.5988539600539293
262,1.8657577003122172,-10.070845640282872,0.2701645136517475,0.0,-7.934923426318908,-10.070845640282872,nan,0.13855113975063527,0.13161337390111227,1.920822918985497,-10.089717114732451,0.26890537877191056,0.0,-7.899988816975044,-10.089717114732451,nan,0.0,0.8840487010504345,0.0,3.7866315939921598,0.0,46.0,0.0,,2.0748765202550787e-05,,,,,,,0.9716290328286268,,1,0.4020044638073333,3.5988539600539293,inf,-inf,-0.38342974330398083,0.34114877446211384,-0.5007261332857595,0.1809223563538296,inf,-inf,2.758719533901889,0.24252492875111067,0.24252492875111067,0.24252492875111067,784,0.7967778270218916,0.8242178520435731,1.2419760566376132,,,-2.090251780436012,0.912255166612937,0.2891987712254684,8.952273628928495,0.9519333480642607,0.0,0.0,1.0437870874871915,0.9434807516195184,0.4020044638073333,3.5988539600539293
263,1.8644257094663892,-10.068858371293285,0.27017150291866043,0.0,-7.934261158908235,-10.068858371293285,nan,0.13865619451449834,0.13151530840416223,1.920822918985497,-10.089717114732451,0.26890537877191056,0.0,-7.899988816975044,-10.089717114732451,nan,0.0,0.8934811366467315,0.0,3.7799145047004807,0.0,46.0,0.0,,2.0182409546203575e-05,,,,,,,0.9716290328286268,,1,0.4020044638073333,3.5988539600539293,inf,-inf,-0.38312079022071877,0.3411385204699316,-0.5006055584929192,0.18069327666419888,inf,-inf,2.7587513487154545,0.24251200155887323,0.24251200155887323,0.24251200155887323,784,0.7967778270218916,0.8242178520435731,1.2419760566376132,,,-2.090251780436012,0.912255166612937,0.2891987712254684,8.952273628928495,0.9519333480642607,0.0,0.0,1.0437870874871915,0.9434807516195184,0.4020044638073333,3.5988539600539293
264,1.8717032835084073,-10.076866186571536,0.2701879399034898,0.0,-7.934974963159638,-10.076866186571536,nan,0.13876096167110574,0.13142697823238417,1.920822918985497,-10.089717114732451,0.26890537877191056,0.0,-7.899988816975044,-10.089717114732451,nan,0.0,0.8982968669407332,0.0,3.7646470534856618,0.0,46.0,0.0,,1.9630838157905765e-05,,,,,,,0.9716290328286268,,1,0.4020044638073333,3.5988539600539293,inf,-inf,-0.3827272409977308,0.34113271102670467,-0.5004598106817915,0.1804950753419201,inf,-inf,2.758661506283637,0.24251696997050626,0.24251696997050626,0.24251696997050626,784,0.7967778270218916,0.8242178520435731,1.2419760566376132,,,-2.090251780436012,0.912255166612937,0.2891987712254684,8.952273628928495,0.9519333480642607,0.0,0.0,1.0437870874871915,0.9434807516195184,0.4020044638073333,3.5988539600539293
265,1.8624465150301581,-10.07905704705745,0.2702127347681705,0.0,-7.946397797259122,-10.07905704705745,nan,0.13887208517084865,0.13134064959732186,1.920822918985497,-10.11807067490465,0.26900244822915254,0.0,-7.928245307690001,-10.11807067490465,nan,0.0,0.8904594582588357,0.0,3.759334992679493,0.0,46.0,0.0,,1.9094111523675756e-05,,,,,,,0.9665634399464199,,1,0.398742988869411,3.5951718062634654,inf,-inf,-0.3822734100720453,0.34113237538288327,-0.5003864285241679,0.18038735984947035,inf,-inf,2.758774183972005,0.2425239428298844,0.2425239428298844,0.2425239428298844,784,0.7947812262674946,0.822950927214044,1.2407083870907174,,,-2.0944997877674862,0.9073743356650574,0.2883242543455748,9.0162633742029,0.955026589405882,0.0,0.0,1.0387531142928357,0.9390292094511221,0.398742988869411,3.5951718062634654
266,1.8726523949022733,-10.083983582818137,0.2702278870756193,0.0,-7.941103300840244,-10.083983582818137,nan,0.13896747393058706,0.13126041314503234,1.920822918985497,-10.11807067490465,0.26900244822915254,0.0,-7.928245307690001,-10.11807067490465,nan,0.0,0.8864512888498907,0.0,3.7488788077584907,0.0,46.0,0.0,,1.8572288501637325e-05,,,,,,,0.9665634399464199,,1,0.398742988869411,3.5951718062634654,inf,-inf,-0.38135670598534926,0.34112783982356754,-0.5002205868031124,0.18012018604644797,inf,-inf,2.758835366778457,0.24252052775991054,0.24252052775991054,0.24252052775991054,784,0.7947812262674946,0.822950927214044,1.2407083870907174,,,-2.0944997877674862,0.9073743356650574,0.2883242543455748,9.0162633742029,0.955026589405882,0.0,0.0,1.0387531142928357,0.9390292094511221,0.398742988869411,3.5951718062634654
267,1.8560030753596544,-10.091078300149407,0.27023855597870083,0.0,-7.964836668811053,-10.091078300149407,nan,0.13906453853289094,0.13117401744580992,1.920822918985497,-10.11807067490465,0.26900244822915254,0.0,-7.928245307690001,-10.11807067490465,nan,0.0,0.8836587755666597,0.0,3.7396894669135734,0.0,46.0,0.0,,1.806542631556527e-05,,,,,,,0.9665634399464199,,1,0.398742988869411,3.5951718062634654,inf,-inf,-0.381027383677676,0.34112177081888106,-0.5002452282745365,0.179897337589229,inf,-inf,2.7589187253782925,0.24251573598692874,0.24251573598692874,0.24251573598692874,784,0.7947812262674946,0.822950927214044,1.2407083870907174,,,-2.0944997877674862,0.9073743356650574,0.2883242543455748,9.0162633742029,0.955026589405882,0.0,0.0,1.0387531142928357,0.9390292094511221,0.398742988869411,3.5951718062634654
268,1.8646903291302674,-10.09381630062865,0.2702552049343243,0.0,-7.958870766564058,-10.09381630062865,nan,0.13915998432544982,0.13109522060887432,1.920822918985497,-10.11807067490465,0.26900244822915254,0.0,-7.928245307690001,-10.11807067490465,nan,0.0,0.8814635351728942,0.0,3.7305393505900524,0.0,46.0,0.0,,1.757358054861011e-05,,,,,,,0.9665634399464199,,1,0.398742988869411,3.5951718062634654,inf,-inf,-0.3807131791089029,0.3411178770050933,-0.5001486759339462,0.17966697021951866,inf,-inf,2.758899133188637,0.2425208146571294,0.2425208146571294,0.2425208146571294,784,0.7947812262674946,0.822950927214044,1.2407083870907174,,,-2.0944997877674862,0.9073743356650574,0.2883242543455748,9.0162633742029,0.955026589405882,0.0,0.0,1.0387531142928357,0.9390292094511221,0.398742988869411,3.5951718062634654
269,1.8763048428237212,-10.100449455009684,0.2702781473791996,0.0,-7.953866464806763,-10.100449455009684,nan,0.13924715962696899,0.1310309877522305,1.920822918985497,-10.11807067490465,0.26900244822915254,0.0,-7.928245307690001,-10.11807067490465,nan,0.0,0.8742500886723971,0.0,3.7199205566956097,0.0,46.0,0.0,,1.709680513720275e-05,,,,,,,0.9665634399464199,,1,0.398742988869411,3.5951718062634654,inf,-inf,-0.38009057662022866,0.341113392299564,-0.5000251788435762,0.17949795920610534,inf,-inf,2.758932386334982,0.2425203966409289,0.2425203966409289,0.2425203966409289,784,0.7947812262674946,0.822950927214044,1.2407083870907174,,,-2.0944997877674862,0.9073743356650574,0.2883242543455748,9.0162633742029,0.955026589405882,0.0,0.0,1.0387531142928357,0.9390292094511221,0.398742988869411,3.5951718062634654
270,1.8730087859786337,-10.106685958599178,0.27028795241491216,0.0,-7.963389220205632,-10.106685958599178,nan,0.13934114317840554,0.1309468092365067,1.920822918985497,-10.142528909951341,0.26908001343842725,0.0,-7.9526259775274175,-10.142528909951341,nan,0.0,0.8876871990760747,0.0,3.711667634353709,0.0,46.0,0.0,,1.6635152365139873e-05,,,,,,,0.9621454311978718,,1,0.39588361213964807,3.5914982474293944,inf,-inf,-0.37986952968763593,0.34110787744550886,-0.49993723721554306,0.17928641396932773,inf,-inf,2.75896099325527,0.24251717288155697,0.24251717288155697,0.24251717288155697,784,0.7930282503285029,0.8218347788728232,1.2396063956101242,,,-2.0982166975423118,0.9033113436651297,0.2875640054239025,9.072106390103595,0.957708134622464,0.0,0.0,1.0343668803722412,0.9348251299255081,0.39588361213964807,3.5914982474293944
271,1.868793922269716,-10.109230572353509,0.27032260969061844,0.0,-7.970114040393174,-10.109230572353509,nan,0.13943631192159203,0.13088629776902638,1.920822918985497,-10.142528909951341,0.26908001343842725,0.0,-7.9526259775274175,-10.142528909951341,nan,0.0,0.8784302670417944,0.0,3.7026662075169967,0.0,46.0,0.0,,1.6188672857850262e-05,,,,,,,0.9621454311978718,,1,0.39588361213964807,3.5914982474293944,inf,-inf,-0.3792982955457595,0.34110311303603713,-0.49983087329292025,0.1790817966546077,inf,-inf,2.7589015575136373,0.24251995757878045,0.24251995757878045,0.24251995757878045,784,0.7930282503285029,0.8218347788728232,1.2396063956101242,,,-2.0982166975423118,0.9033113436651297,0.2875640054239025,9.072106390103595,0.957708134622464,0.0,0.0,1.0343668803722412,0.9348251299255081,0.39588361213964807,3.5914982474293944
272,1.867455797212346,-10.113990232794503,0.2703277342215344,0.0,-7.976206701360623,-10.113990232794503,nan,0.13952232153072178,0.1308054126908127,1.920822918985497,-10.142528909951341,0.26908001343842725,0.0,-7.9526259775274175,-10.142528909951341,nan,0.0,0.8783620460168121,0.0,3.694457102259446,0.0,46.0,0.0,,1.5757415576843268e-05,,,,,,,0.9621454311978718,,1,0.39588361213964807,3.5914982474293944,inf,-inf,-0.379080602137732,0.3411010863880452,-0.4997583993520141,0.1789772717734376,inf,-inf,2.759130174072573,0.24251057856843852,0.24251057856843852,0.24251057856843852,784,0.7930282503285029,0.8218347788728232,1.2396063956101242,,,-2.0982166975423118,0.9033113436651297,0.2875640054239025,9.072106390103595,0.957708134622464,0.0,0.0,1.0343668803722412,0.9348251299255081,0.39588361213964807,3.5914982474293944
273,1.864211889341487,-10.119602188255262,0.27034123250653935,0.0,-7.985049066407236,-10.119602188255262,nan,0.13960465573629974,0.13073657677023967,1.920822918985497,-10.142528909951341,0.26908001343842725,0.0,-7.9526259775274175,-10.142528909951341,nan,0.0,0.8636404343416736,0.0,3.6846947948189275,0.0,46.0,0.0,,1.5341427814339585e-05,,,,,,,0.9621454311978718,,1,0.39588361213964807,3.5914982474293944,inf,-inf,-0.37858162920992194,0.3410966668851259,-0.4996469461026143,0.17879246336485297,inf,-inf,2.759040106237256,0.24251817188918895,0.24251817188918895,0.24251817188918895,784,0.7930282503285029,0.8218347788728232,1.2396063956101242,,,-2.0982166975423118,0.9033113436651297,0.2875640054239025,9.072106390103595,0.957708134622464,0.0,0.0,1.0343668803722412,0.9348251299255081,0.39588361213964807,3.5914982474293944
274,1.8687998718895351,-10.122530363317681,0.27035078975484494,0.0,-7.9833797016733,-10.122530363317681,nan,0.13968462181101166,0.1306661679438332,1.920822918985497,-10.142528909951341,0.26908001343842725,0.0,-7.9526259775274175,-10.142528909951341,nan,0.0,0.8710168626052676,0.0,3.6760921587501834,0.0,46.0,0.0,,1.4940755188085104e-05,,,,,,,0.9621454311978718,,1,0.39588361213964807,3.5914982474293944,inf,-inf,-0.3783581712179009,0.34109166433052196,-0.4995530968896662,0.1786363585927757,inf,-inf,2.759063991266955,0.2425101410780507,0.2425101410780507,0.2425101410780507,784,0.7930282503285029,0.8218347788728232,1.2396063956101242,,,-2.0982166975423118,0.9033113436651297,0.2875640054239025,9.072106390103595,0.957708134622464,0.0,0.0,1.0343668803722412,0.9348251299255081,0.39588361213964807,3.5914982474293944
275,1.8708160281663695,-10.127357537511852,0.2703490855445965,0.0,-7.986192423800885,-10.127357537511852,nan,0.1397605182797577,0.1305885672648388,1.920822918985497,-10.16395853653259,0.26913333655419136,0.0,-7.974002280992901,-10.16395853653259,nan,0.0,0.8748895883448197,0.0,3.6729984354510425,0.0,46.0,0.0,,1.4555441636348503e-05,,,,,,,0.9582821184619079,,1,0.3933774339763578,3.588306552689195,inf,-inf,-0.37782001846553714,0.3410866373759624,-0.4995069215329814,0.1784273428039595,inf,-inf,2.7592630971414707,0.2424966736911806,0.2424966736911806,0.2424966736911806,784,0.7914784312155804,0.8208484933739572,1.2388285530513659,,,-2.1014758304708723,0.8996286822318706,0.28689974160478676,9.121790531850523,0.9600800951022502,0.0,0.0,1.030537901813574,0.9311797072511971,0.3933774339763578,3.588306552689195
276,1.8788516805882283,-10.130722506788508,0.27036645689139027,0.0,-7.981504369308889,-10.130722506788508,nan,0.13984083111849166,0.13052562577289858,1.920822918985497,-10.16395853653259,0.26913333655419136,0.0,-7.974002280992901,-10.16395853653259,nan,0.0,0.8529758572776727,0.0,3.6611694980284186,0.0,46.0,0.0,,1.4185529413102792e-05,,,,,,,0.9582821184619079,,1,0.3933774339763578,3.588306552689195,inf,-inf,-0.37752846288131514,0.3410809640393184,-0.49937051546261085,0.17828220459234453,inf,-inf,2.75919809312708,0.2425020666710667,0.2425020666710667,0.2425020666710667,784,0.7914784312155804,0.8208484933739572,1.2388285530513659,,,-2.1014758304708723,0.8996286822318706,0.28689974160478676,9.121790531850523,0.9600800951022502,0.0,0.0,1.030537901813574,0.9311797072511971,0.3933774339763578,3.588306552689195
277,1.8534205393301801,-10.134986398307626,0.27038623803173445,0.0,-8.011179620945711,-10.134986398307626,nan,0.1399276455621109,0.1304585924696236,1.920822918985497,-10.16395853653259,0.26913333655419136,0.0,-7.974002280992901,-10.16395853653259,nan,0.0,0.8759584126004837,0.0,3.655211225893308,0.0,46.0,0.0,,1.3831059083391764e-05,,,,,,,0.9582821184619079,,1,0.3933774339763578,3.588306552689195,inf,-inf,-0.37718968139273895,0.3410788031417352,-0.4993137904441224,0.17802865249623645,inf,-inf,2.759309148338801,0.24249583231802127,0.24249583231802127,0.24249583231802127,784,0.7914784312155804,0.8208484933739572,1.2388285530513659,,,-2.1014758304708723,0.8996286822318706,0.28689974160478676,9.121790531850523,0.9600800951022502,0.0,0.0,1.030537901813574,0.9311797072511971,0.3933774339763578,3.588306552689195
278,1.8737579606300616,-10.136571388117966,0.2703983646229933,0.0,-7.992415062864911,-10.136571388117966,nan,0.13999834059003505,0.13040002403295822,1.920822918985497,-10.16395853653259,0.26913333655419136,0.0,-7.974002280992901,-10.16395853653259,nan,0.0,0.8581330767672943,0.0,3.64860344549954,0.0,46.0,0.0,,1.3492069518881644e-05,,,,,,,0.9582821184619079,,1,0.3933774339763578,3.588306552689195,inf,-inf,-0.37670248856191785,0.3410741669656329,-0.4992548930967789,0.17788458934087037,inf,-inf,2.7592591442761263,0.24250535348800892,0.24250535348800892,0.24250535348800892,784,0.7914784312155804,0.8208484933739572,1.2388285530513659,,,-2.1014758304708723,0.8996286822318706,0.28689974160478676,9.121790531850523,0.9600800951022502,0.0,0.0,1.030537901813574,0.9311797072511971,0.3933774339763578,3.588306552689195
279,1.8652873251495221,-10.141279101501382,0.2704057097838379,0.0,-8.005586066568023,-10.141279101501382,nan,0.1400682897421881,0.13033742004164983,1.920822918985497,-10.16395853653259,0.26913333655419136,0.0,-7.974002280992901,-10.16395853653259,nan,0.0,0.870826415756362,0.0,3.6421834677356077,0.0,46.0,0.0,,1.3168597893598197e-05,,,,,,,0.9582821184619079,,1,0.3933774339763578,3.588306552689195,inf,-inf,-0.3765137228718988,0.34107180159828515,-0.4990805217203518,0.17780889144990608,inf,-inf,2.75930411463377,0.24249601324424944,0.24249601324424944,0.24249601324424944,784,0.7914784312155804,0.8208484933739572,1.2388285530513659,,,-2.1014758304708723,0.8996286822318706,0.28689974160478676,9.121790531850523,0.9600800951022502,0.0,0.0,1.030537901813574,0.9311797072511971,0.3933774339763578,3.588306552689195
280,1.868729000389357,-10.14457831853357,0.27043269218556887,0.0,-8.005416625958645,-10.14457831853357,nan,0.14014698724082972,0.13028570494473915,1.920822918985497,-10.182664042404223,0.2692041570996376,0.0,-7.992636966319089,-10.182664042404223,nan,0.0,0.8676327192120573,0.0,3.6334651012112413,0.0,46.0,0.0,,1.286067967985035e-05,,,,,,,0.9548787342502428,,1,0.3912120920157831,3.5857251347568684,inf,-inf,-0.37609387356695023,0.34106662110311514,-0.4990666874022758,0.17760764687625774,inf,-inf,2.759228266740863,0.2425074456044334,0.2425074456044334,0.2425074456044334,784,0.7900923333406246,0.8199624559332848,1.2381934709278504,,,-2.104353864991389,0.8963339665351967,0.2863182711315523,9.165680734153293,0.9621647255020112,0.0,0.0,1.0271618302782701,0.928089502462458,0.3912120920157831,3.5857251347568684
281,1.8618136736581692,-10.149464233405892,0.27044040590633855,0.0,-8.017210153841384,-10.149464233405892,nan,0.14021759204538278,0.13022281386095577,1.920822918985497,-10.182664042404223,0.2692041570996376,0.0,-7.992636966319089,-10.182664042404223,nan,0.0,0.8673424850068364,0.0,3.624809539031823,0.0,46.0,0.0,,1.2568348644340156e-05,,,,,,,0.9548787342502428,,1,0.3912120920157831,3.5857251347568684,inf,-inf,-0.37580251457547237,0.3410664138920103,-0.4990326634183774,0.1774411358355744,inf,-inf,2.7593060166702834,0.24249297519645333,0.24249297519645333,0.24249297519645333,784,0.7900923333406246,0.8199624559332848,1.2381934709278504,,,-2.104353864991389,0.8963339665351967,0.2863182711315523,9.165680734153293,0.9621647255020112,0.0,0.0,1.0271618302782701,0.928089502462458,0.3912120920157831,3.5857251347568684
282,1.8621043325194997,-10.151706829251188,0.27045098773938026,0.0,-8.019151508992307,-10.151706829251188,nan,0.1402775128558446,0.13017347488353553,1.920822918985497,-10.182664042404223,0.2692041570996376,0.0,-7.992636966319089,-10.182664042404223,nan,0.0,0.8574760950696196,0.0,3.61997930408263,0.0,46.0,0.0,,1.2291636844459932e-05,,,,,,,0.9548787342502428,,1,0.3912120920157831,3.5857251347568684,inf,-inf,-0.3754039791396453,0.3410613198819682,-0.4989942306254236,0.17737118155402815,inf,-inf,2.7593530439637823,0.24250444071487368,0.24250444071487368,0.24250444071487368,784,0.7900923333406246,0.8199624559332848,1.2381934709278504,,,-2.104353864991389,0.8963339665351967,0.2863182711315523,9.165680734153293,0.9621647255020112,0.0,0.0,1.0271618302782701,0.928089502462458,0.3912120920157831,3.5857251347568684
283,1.872800909513971,-10.154813652843874,0.2704585615834332,0.0,-8.011554181746469,-10.154813652843874,nan,0.14035100878387666,0.13010755279955658,1.920822918985497,-10.182664042404223,0.2692041570996376,0.0,-7.992636966319089,-10.182664042404223,nan,0.0,0.8546229092434457,0.0,3.6160647335363634,0.0,46.0,0.0,,1.2030574624776782e-05,,,,,,,0.9548787342502428,,1,0.3912120920157831,3.5857251347568684,inf,-inf,-0.3750934131810603,0.34105656693818104,-0.49889236835178186,0.17721589717771605,inf,-inf,2.7593973143136243,0.24249405846931857,0.24249405846931857,0.24249405846931857,784,0.7900923333406246,0.8199624559332848,1.2381934709278504,,,-2.104353864991389,0.8963339665351967,0.2863182711315523,9.165680734153293,0.9621647255020112,0.0,0.0,1.0271618302782701,0.928089502462458,0.3912120920157831,3.5857251347568684
284,1.8538034839920392,-10.158409753137402,0.27047168996608617,0.0,-8.034134579179277,-10.158409753137402,nan,0.14041542761136983,0.1300562623547164,1.920822918985497,-10.182664042404223,0.2692041570996376,0.0,-7.992636966319089,-10.182664042404223,nan,0.0,0.8660138146669994,0.0,3.610327291265087,0.0,46.0,0.0,,1.1785190613705043e-05,,,,,,,0.9548787342502428,,1,0.3912120920157831,3.5857251347568684,inf,-inf,-0.3747182864132769,0.3410561650877421,-0.4988269118801902,0.17713717974804255,inf,-inf,2.759404846160303,0.2424996920675155,0.2424996920675155,0.2424996920675155,784,0.7900923333406246,0.8199624559332848,1.2381934709278504,,,-2.104353864991389,0.8963339665351967,0.2863182711315523,9.165680734153293,0.9621647255020112,0.0,0.0,1.0271618302782701,0.928089502462458,0.3912120920157831,3.5857251347568684
285,1.8777540896506484,-10.161111094579725,0.27047116343726907,0.0,-8.012885841491807,-10.161111094579725,nan,0.14046821429246262,0.13000294914480642,1.920822918985497,-10.199316554951338,0.2692542275865554,0.0,-8.009239408379285,-10.199316554951338,nan,0.0,0.8577966180357994,0.0,3.6031860358559045,0.0,46.0,0.0,,1.1555511720366695e-05,,,,,,,0.9518389621602615,,1,0.3892561873285612,3.583191447022011,inf,-inf,-0.3744650047710934,0.3410519739717144,-0.4987782728735267,0.17696241361067358,inf,-inf,2.759420662819407,0.24249391745049784,0.24249391745049784,0.24249391745049784,784,0.7888558983394057,0.8191716680476102,1.2374758762507503,,,-2.1069305614030704,0.8934615451106627,0.28579750066517123,9.205226695594002,0.9640344882700441,0.0,0.0,1.024151955655438,0.9252502594383749,0.3892561873285612,3.583191447022011
286,1.8686048357911136,-10.165971494703614,0.2704963026949059,0.0,-8.026870356217595,-10.165971494703614,nan,0.1405433841946829,0.12995291850022292,1.920822918985497,-10.199316554951338,0.2692542275865554,0.0,-8.009239408379285,-10.199316554951338,nan,0.0,0.8646155444064997,0.0,3.595808682902142,0.0,46.0,0.0,,1.134156313164068e-05,,,,,,,0.9518389621602615,,1,0.3892561873285612,3.583191447022011,inf,-inf,-0.3741669813889433,0.34105007520990416,-0.4986412029868446,0.17676740438564256,inf,-inf,2.759462365401739,0.24249568422020557,0.24249568422020557,0.24249568422020557,784,0.7888558983394057,0.8191716680476102,1.2374758762507503,,,-2.1069305614030704,0.8934615451106627,0.28579750066517123,9.205226695594002,0.9640344882700441,0.0,0.0,1.024151955655438,0.9252502594383749,0.3892561873285612,3.583191447022011
287,1.866302152788921,-10.169648809505691,0.27049892789034474,0.0,-8.032847728826427,-10.169648809505691,nan,0.14060212165747651,0.12989680623286812,1.920822918985497,-10.199316554951338,0.2692542275865554,0.0,-8.009239408379285,-10.199316554951338,nan,0.0,0.8571764183132878,0.0,3.589071953091453,0.0,46.0,0.0,,1.1143368309400725e-05,,,,,,,0.9518389621602615,,1,0.3892561873285612,3.583191447022011,inf,-inf,-0.3739015275944506,0.3410477389400921,-0.49866252219142315,0.17668985135966578,inf,-inf,2.759484511943121,0.24249103359355914,0.24249103359355914,0.24249103359355914,784,0.7888558983394057,0.8191716680476102,1.2374758762507503,,,-2.1069305614030704,0.8934615451106627,0.28579750066517123,9.205226695594002,0.9640344882700441,0.0,0.0,1.024151955655438,0.9252502594383749,0.3892561873285612,3.583191447022011
288,1.874518270323574,-10.170963120415216,0.27051454725926816,0.0,-8.025930302832375,-10.170963120415216,nan,0.14066212503059172,0.12985242222867652,1.920822918985497,-10.199316554951338,0.2692542275865554,0.0,-8.009239408379285,-10.199316554951338,nan,0.0,0.851871534626078,0.0,3.5837382550598007,0.0,46.0,0.0,,1.0960948987942516e-05,,,,,,,0.9518389621602615,,1,0.3892561873285612,3.583191447022011,inf,-inf,-0.3736330377143592,0.3410421319200914,-0.4986009879279813,0.17655576869322348,inf,-inf,2.7594522767217846,0.24249449791442276,0.24249449791442276,0.24249449791442276,784,0.7888558983394057,0.8191716680476102,1.2374758762507503,,,-2.1069305614030704,0.8934615451106627,0.28579750066517123,9.205226695594002,0.9640344882700441,0.0,0.0,1.024151955655438,0.9252502594383749,0.3892561873285612,3.583191447022011
289,1.8725302500064271,-10.174904230007876,0.27052623142804655,0.0,-8.031847748573401,-10.174904230007876,nan,0.1407229289253945,0.1298033025026521,1.920822918985497,-10.199316554951338,0.2692542275865554,0.0,-8.009239408379285,-10.199316554951338,nan,0.0,0.8596042257612015,0.0,3.5787269514398017,0.0,46.0,0.0,,1.0794325171600374e-05,,,,,,,0.9518389621602615,,1,0.3892561873285612,3.583191447022011,inf,-inf,-0.3732040089686776,0.3410399907438806,-0.4985332640150152,0.17646276660955248,inf,-inf,2.7595006156243196,0.24249424815688195,0.24249424815688195,0.24249424815688195,784,0.7888558983394057,0.8191716680476102,1.2374758762507503,,,-2.1069305614030704,0.8934615451106627,0.28579750066517123,9.205226695594002,0.9640344882700441,0.0,0.0,1.024151955655438,0.9252502594383749,0.3892561873285612,3.583191447022011
290,1.8796972962996643,-10.176083638020184,0.27054353849359364,0.0,-8.025842803226928,-10.176083638020184,nan,0.14078971498031562,0.129753823513278,1.920822918985497,-10.214452258876722,0.2693026578604232,0.0,-8.024326682030802,-10.214452258876722,nan,0.0,0.8676294200782152,0.0,3.5738679465189684,0.0,46.0,0.0,,1.06435151325534e-05,,,,,,,0.9490768867111823,,1,0.3874849292549972,3.580947997327288,inf,-inf,-0.3729069044242633,0.34103562143536365,-0.4984634767166717,0.17637675165660277,inf,-inf,2.7594470463090146,0.24249356060550672,0.24249356060550672,0.24249356060550672,784,0.7877185191844376,0.8184420311177433,1.237083420239197,,,-2.1092765843472896,0.8908425296238786,0.28532644495901494,9.241515545423258,0.9657431983891397,0.0,0.0,1.0214171006921782,0.9228884098487071,0.3874849292549972,3.580947997327288
291,1.8735939820329925,-10.17809946461038,0.2705402744457219,0.0,-8.033965208131665,-10.17809946461038,nan,0.1408394453350219,0.12970082911069997,1.920822918985497,-10.214452258876722,0.2693026578604232,0.0,-8.024326682030802,-10.214452258876722,nan,0.0,0.8607441774074198,0.0,3.5687482434270033,0.0,46.0,0.0,,1.0508535408821867e-05,,,,,,,0.9490768867111823,,1,0.3874849292549972,3.580947997327288,inf,-inf,-0.3728296995508267,0.3410326128236007,-0.4983855827410835,0.17621074802980166,inf,-inf,2.759531295010651,0.24248955593920385,0.24248955593920385,0.24248955593920385,784,0.7877185191844376,0.8184420311177433,1.237083420239197,,,-2.1092765843472896,0.8908425296238786,0.28532644495901494,9.241515545423258,0.9657431983891397,0.0,0.0,1.0214171006921782,0.9228884098487071,0.3874849292549972,3.580947997327288
292,1.869449007608193,-10.184011250853821,0.2705501550576226,0.0,-8.044012088188007,-10.184011250853821,nan,0.14089878636002148,0.12965136869760108,1.920822918985497,-10.214452258876722,0.2693026578604232,0.0,-8.024326682030802,-10.214452258876722,nan,0.0,0.8394632329212015,0.0,3.5615354074489667,0.0,46.0,0.0,,1.0389400802453577e-05,,,,,,,0.9490768867111823,,1,0.3874849292549972,3.580947997327288,inf,-inf,-0.37255676372673174,0.3410308392040877,-0.49835011732602374,0.17609871418107287,inf,-inf,2.759549154584319,0.24249241444484107,0.24249241444484107,0.24249241444484107,784,0.7877185191844376,0.8184420311177433,1.237083420239197,,,-2.1092765843472896,0.8908425296238786,0.28532644495901494,9.241515545423258,0.9657431983891397,0.0,0.0,1.0214171006921782,0.9228884098487071,0.3874849292549972,3.580947997327288
293,1.8624974903728964,-10.191225097607354,0.2705713276776067,0.0,-8.058156279556853,-10.191225097607354,nan,0.14095312394603574,0.12961820373157104,1.920822918985497,-10.214452258876722,0.2693026578604232,0.0,-8.024326682030802,-10.214452258876722,nan,0.0,0.8438386263335805,0.0,3.55572625486943,0.0,46.0,0.0,,1.0286124377900624e-05,,,,,,,0.9490768867111823,,1,0.3874849292549972,3.580947997327288,inf,-inf,-0.37232700999411034,0.341029949167332,-0.4982292570291962,0.17600082894284477,inf,-inf,2.759540618042268,0.24249470364204964,0.24249470364204964,0.24249470364204964,784,0.7877185191844376,0.8184420311177433,1.237083420239197,,,-2.1092765843472896,0.8908425296238786,0.28532644495901494,9.241515545423258,0.9657431983891397,0.0,0.0,1.0214171006921782,0.9228884098487071,0.3874849292549972,3.580947997327288
294,1.8706726979121067,-10.187148848719918,0.27056138715950256,0.0,-8.045914763648309,-10.187148848719918,nan,0.14100099957183326,0.12956038758766936,1.920822918985497,-10.214452258876722,0.2693026578604232,0.0,-8.024326682030802,-10.214452258876722,nan,0.0,0.8526873289493769,0.0,3.5522579979754765,0.0,46.0,0.0,,1.0198717460586795e-05,,,,,,,0.9490768867111823,,1,0.3874849292549972,3.580947997327288,inf,-inf,-0.3720249839783193,0.34102604398776126,-0.4982305590339276,0.17584141448877927,inf,-inf,2.759505939944144,0.242484289284988,0.242484289284988,0.242484289284988,784,0.7877185191844376,0.8184420311177433,1.237083420239197,,,-2.1092765843472896,0.8908425296238786,0.28532644495901494,9.241515545423258,0.9657431983891397,0.0,0.0,1.0214171006921782,0.9228884098487071,0.3874849292549972,3.580947997327288
295,1.8742174341374327,-10.190224974037882,0.270584942059135,0.0,-8.045422597841315,-10.190224974037882,nan,0.14106470981265645,0.1295202322464785,1.920822918985497,-10.228519828103977,0.2693492305560814,0.0,-8.038347678562399,-10.228519828103977,nan,0.0,0.8574054396253031,0.0,3.548082531795725,0.0,46.0,0.0,,1.0127189635665535e-05,,,,,,,0.9464907088452558,,1,0.3858316106889995,3.578669114114738,inf,-inf,-0.371646460989614,0.34102263598326715,-0.4982126829094553,0.17569272924222273,inf,-inf,2.759567039170224,0.24249046671101537,0.24249046671101537,0.24249046671101537,784,0.7866493197150924,0.8177567598390054,1.2364861317142093,,,-2.1114780938281816,0.888351841444599,0.2848836654123291,9.275209741690484,0.9673237391635128,0.0,0.0,1.0188583809508112,0.9205580623615952,0.3858316106889995,3.578669114114738
296,1.8694626860150085,-10.192921090190666,0.2705833713948556,0.0,-8.0528750327808,-10.192921090190666,nan,0.141116993381773,0.12946637801308244,1.920822918985497,-10.228519828103977,0.2693492305560814,0.0,-8.038347678562399,-10.228519828103977,nan,0.0,0.8539164378806516,0.0,3.542173625772563,0.0,46.0,0.0,,1.0071548746968918e-05,,,,,,,0.9464907088452558,,1,0.3858316106889995,3.578669114114738,inf,-inf,-0.3714039771558541,0.3410199833331788,-0.49817484658154965,0.17561763590875096,inf,-inf,2.759616944342358,0.24247967698069958,0.24247967698069958,0.24247967698069958,784,0.7866493197150924,0.8177567598390054,1.2364861317142093,,,-2.1114780938281816,0.888351841444599,0.2848836654123291,9.275209741690484,0.9673237391635128,0.0,0.0,1.0188583809508112,0.9205580623615952,0.3858316106889995,3.578669114114738
297,1.8718978557535852,-10.194518015363132,0.2705866376529532,0.0,-8.052033521956593,-10.194518015363132,nan,0.14117068179278666,0.1294159558601665,1.920822918985497,-10.228519828103977,0.2693492305560814,0.0,-8.038347678562399,-10.228519828103977,nan,0.0,0.8546546647124977,0.0,3.537174782232731,0.0,46.0,0.0,,1.0031800896147403e-05,,,,,,,0.9464907088452558,,1,0.3858316106889995,3.578669114114738,inf,-inf,-0.3712022072699598,0.3410168909392143,-0.4981081080145375,0.17555271110782497,inf,-inf,2.7596306836396955,0.24248074094435806,0.24248074094435806,0.24248074094435806,784,0.7866493197150924,0.8177567598390054,1.2364861317142093,,,-2.1114780938281816,0.888351841444599,0.2848836654123291,9.275209741690484,0.9673237391635128,0.0,0.0,1.0188583809508112,0.9205580623615952,0.3858316106889995,3.578669114114738
298,1.8777322046300455,-10.19752827579206,0.2706041534602707,0.0,-8.049191917701743,-10.19752827579206,nan,0.14122094272925137,0.12938321073101935,1.920822918985497,-10.228519828103977,0.2693492305560814,0.0,-8.038347678562399,-10.228519828103977,nan,0.0,0.8458665377974753,0.0,3.5331167238761605,0.0,46.0,0.0,,1.000795044200074e-05,,,,,,,0.9464907088452558,,1,0.3858316106889995,3.578669114114738,inf,-inf,-0.3708702448782166,0.3410166460974216,-0.4980518109001254,0.1754277225852608,inf,-inf,2.759545504090952,0.24249042166021928,0.24249042166021928,0.24249042166021928,784,0.7866493197150924,0.8177567598390054,1.2364861317142093,,,-2.1114780938281816,0.888351841444599,0.2848836654123291,9.275209741690484,0.9673237391635128,0.0,0.0,1.0188583809508112,0.9205580623615952,0.3858316106889995,3.578669114114738
299,1.8731783207655903,-10.201004513272451,0.2706202661355531,0.0,-8.057205926371308,-10.201004513272451,nan,0.14127948726520653,0.12934077887034648,1.920822918985497,-10.228519828103977,0.2693492305560814,0.0,-8.038347678562399,-10.228519828103977,nan,0.0,0.8497683307540186,0.0,3.527691452054201,0.0,46.0,0.0,,1e-05,,,,,,,0.9464907088452558,,1,0.3858316106889995,3.578669114114738,inf,-inf,-0.37073024258907844,0.3410139236301615,-0.4979685297143454,0.17528223493254216,inf,-inf,2.759494170184999,0.24249315829725093,0.24249315829725093,0.24249315829725093,784,0.7866493197150924,0.8177567598390054,1.2364861317142093,,,-2.1114780938281816,0.888351841444599,0.2848836654123291,9.275209741690484,0.9673237391635128,0.0,0.0,1.0188583809508112,0.9205580623615952,0.3858316106889995,3.578669114114738
