epoch,train_data,train_phys,train_kl,train_state_reg,train_total,train_pde,train_bc,train_eta_prior,train_kl_only,test_data,test_phys,test_kl,test_state_reg,test_total,test_pde,test_bc,grad_mean_net,grad_vgp_eta,grad_vgp_lambda,grad_eta_log_shift,grad_ratio,vgp_updates,mean_updates,lr_mean_net,lr_vgp_eta,lr_vgp_lambda,mean_net_opt_kind,log10_eta_rmse,log10_eta_bias,log10_eta_r,rel_eta_rmse,eta_pred_mean,eta_ref_mean,mean_net_frozen,eta_min,eta_max,lambda_min,lambda_max,rux_min,rux_max,rvy_min,rvy_max,rh_min,rh_max,kernel_amplitude,kernel_length_scale,kernel_length_scale_x,kernel_length_scale_y,num_inducing,eta_post_var_mean,eta_post_std_mean,eta_post_std_p90,calibration_within_1sigma,calibration_within_2sigma,eta_log_shift,eta_median,eta_std,eta_max_over_min,eta_log10_range,eta_frac_at_floor,eta_frac_at_floor_grounded,eta_mean_grounded,eta_median_grounded,eta_std_grounded,eta_min_grounded,eta_max_grounded,eta_max_over_min_grounded,eta_log10_range_grounded,n_points_grounded
0,37.72918943879391,3068.2822877234653,0.0017973421001730163,29.680853426829998,3135.694127931189,3068.2822877234653,nan,1.8153614886338679e-06,0.0017955267386843832,72.7007184971309,436.7527308077331,0.004074309940635613,45.75786181008882,555.2153854248934,436.7527308077331,nan,119855.14665207425,1718.421287901243,0.0,6085.270492617,69.74724271395449,46.0,46.0,,0.0002999920495579992,,,,,,,14.744237993121194,,0,14.514758063261743,15.01000338153308,inf,-inf,-23.907748894196352,26.66049827571321,-22.57260824569215,28.489983270533326,inf,-inf,1.9729088314596397,0.17903036472617245,0.17903036472617245,0.17903036472617245,784,3.958328430464411,1.9895019839827552,2.007953410553476,,,-0.013799068511906955,14.739149260164611,0.0720203943203725,1.034120122162067,0.01457098881799479,0.0,0.0,14.74536025972893,14.738844569983822,0.07415967644803652,14.514758063261743,15.01000338153308,1.034120122162067,0.01457098881799479,5910
1,81.54768101536685,229.0174284629893,0.0075191431049761595,51.15690942287496,361.72953804433604,229.0174284629893,nan,1.3428106938569825e-05,0.007505714998037588,72.7007184971309,436.7527308077331,0.004074309940635613,45.75786181008882,555.2153854248934,436.7527308077331,nan,6281.63606173952,86.73096604878043,0.0,431.536927295593,72.42668158690306,46.0,46.0,,0.00029996819910385256,,,,,,,14.744237993121194,,0,14.514758063261743,15.01000338153308,inf,-inf,-3.607943347169434,6.7999563465727615,-4.019900988146347,5.999441279093537,inf,-inf,1.9443516152257552,0.18144997379227884,0.18144997379227884,0.18144997379227884,784,3.958328430464411,1.9895019839827552,2.007953410553476,,,-0.013799068511906955,14.739149260164611,0.0720203943203725,1.034120122162067,0.01457098881799479,0.0,0.0,14.74536025972893,14.738844569983822,0.07415967644803652,14.514758063261743,15.01000338153308,1.034120122162067,0.01457098881799479,5910
2,75.38733010863362,76.93863334405758,0.014621131843970037,50.879945022954864,203.22052960749005,76.93863334405758,nan,3.781787744918252e-05,0.01458331396652086,72.7007184971309,436.7527308077331,0.004074309940635613,45.75786181008882,555.2153854248934,436.7527308077331,nan,3181.2161242749366,27.199835780965625,0.0,138.48849755420972,116.9571812819967,46.0,46.0,,0.000299928451253031,,,,,,,14.744237993121194,,0,14.514758063261743,15.01000338153308,inf,-inf,-2.24633449078244,2.745959865678089,-2.2775722702473753,2.2559395198137056,inf,-inf,1.9182553695020033,0.1838888805381806,0.1838888805381806,0.1838888805381806,784,3.958328430464411,1.9895019839827552,2.007953410553476,,,-0.013799068511906955,14.739149260164611,0.0720203943203725,1.034120122162067,0.01457098881799479,0.0,0.0,14.74536025972893,14.738844569983822,0.07415967644803652,14.514758063261743,15.01000338153308,1.034120122162067,0.01457098881799479,5910
3,63.13700062975901,38.16743533206378,0.019300946371262905,45.588065782603024,146.91180269079706,38.16743533206378,nan,7.41278945141757e-05,0.019226818476748727,72.7007184971309,436.7527308077331,0.004074309940635613,45.75786181008882,555.2153854248934,436.7527308077331,nan,2383.1689834845847,17.135673380838956,0.0,79.72711389018583,139.07647108571965,46.0,46.0,,0.0002998728103643344,,,,,,,14.744237993121194,,0,14.514758063261743,15.01000338153308,inf,-inf,-1.5085559170976404,1.432049510170799,-1.2551838280321885,2.098672974439983,inf,-inf,1.8965752595266292,0.18589921876772475,0.18589921876772475,0.18589921876772475,784,3.958328430464411,1.9895019839827552,2.007953410553476,,,-0.013799068511906955,14.739149260164611,0.0720203943203725,1.034120122162067,0.01457098881799479,0.0,0.0,14.74536025972893,14.738844569983822,0.07415967644803652,14.514758063261743,15.01000338153308,1.034120122162067,0.01457098881799479,5910
4,52.957641917944,23.41649754187583,0.025771091336149105,40.63669414388913,117.03660469504511,23.41649754187583,nan,0.0001205704674629084,0.025650520868686192,72.7007184971309,436.7527308077331,0.004074309940635613,45.75786181008882,555.2153854248934,436.7527308077331,nan,2039.3670887065334,15.890090985354437,0.0,55.54297869283833,128.3420649124146,46.0,46.0,,0.00029980128253941313,,,,,,,14.744237993121194,,0,14.514758063261743,15.01000338153308,inf,-inf,-1.2190543357002341,1.1363463756594332,-1.3503720180334162,1.3921596775080118,inf,-inf,1.88209788560324,0.18741517905442895,0.18741517905442895,0.18741517905442895,784,3.958328430464411,1.9895019839827552,2.007953410553476,,,-0.013799068511906955,14.739149260164611,0.0720203943203725,1.034120122162067,0.01457098881799479,0.0,0.0,14.74536025972893,14.738844569983822,0.07415967644803652,14.514758063261743,15.01000338153308,1.034120122162067,0.01457098881799479,5910
5,45.89612509995451,13.50316982358956,0.036661221342350295,36.84893450275794,96.28489064764436,13.50316982358956,nan,0.000174867199408297,0.036486354142942,42.538517405821906,10.233664157184347,0.03929021180274605,35.44019072546156,88.25166250027056,10.233664157184347,nan,1640.5011822240763,14.553442283941875,0.0,39.49229294424792,112.72255389600777,46.0,46.0,,0.0002997138756220993,,,,,,,13.497112308131612,,0,12.58774984628821,14.480094045072745,inf,-inf,-1.0797508742308288,1.1739668617068324,-1.304910878881363,0.9598156625592833,inf,-inf,1.8740418079213599,0.18841127282167372,0.18841127282167372,0.18841127282167372,784,3.7490680031939343,1.9353937408931072,1.9997219946078246,,,-0.08274575875479591,13.509308779941453,0.26892266148981736,1.1503322056676029,0.06082327883501404,0.0,0.0,13.513637186339112,13.525543124457887,0.2514581423623429,12.66131745859683,14.337340758838762,1.1323735310896845,0.0539897093012951,5910
6,42.229667395751456,6.609799190323529,0.04104360714916388,34.04055779986117,82.92106799308532,6.609799190323529,nan,0.00023818895535251635,0.04080541819381137,42.538517405821906,10.233664157184347,0.03929021180274605,35.44019072546156,88.25166250027056,10.233664157184347,nan,1401.687216984281,11.143888084459206,0.0,28.02398011592261,125.78080525943315,46.0,46.0,,0.0002996105991975463,,,,,,,13.497112308131612,,0,12.58774984628821,14.480094045072745,inf,-inf,-0.9072862312207455,0.9676865645255164,-0.841440777686229,1.3153262954444378,inf,-inf,1.871060625974202,0.18890557355337673,0.18890557355337673,0.18890557355337673,784,3.7490680031939343,1.9353937408931072,1.9997219946078246,,,-0.08274575875479591,13.509308779941453,0.26892266148981736,1.1503322056676029,0.06082327883501404,0.0,0.0,13.513637186339112,13.525543124457887,0.2514581423623429,12.66131745859683,14.337340758838762,1.1323735310896845,0.0539897093012951,5910
7,40.65210041704834,3.065004926853248,0.04444610222465735,32.24795471942177,76.009506165548,3.065004926853248,nan,0.00031136626849117166,0.04413473595616618,42.538517405821906,10.233664157184347,0.03929021180274605,35.44019072546156,88.25166250027056,10.233664157184347,nan,1224.7042876276573,8.999887480756577,0.0,21.903592790107638,136.07995547125466,46.0,46.0,,0.000299491464591178,,,,,,,13.497112308131612,,0,12.58774984628821,14.480094045072745,inf,-inf,-0.9588048722456546,1.0299300891119034,-0.7966605670040341,1.1342059306264523,inf,-inf,1.8705444393563637,0.18913887484238698,0.18913887484238698,0.18913887484238698,784,3.7490680031939343,1.9353937408931072,1.9997219946078246,,,-0.08274575875479591,13.509308779941453,0.26892266148981736,1.1503322056676029,0.06082327883501404,0.0,0.0,13.513637186339112,13.525543124457887,0.2514581423623429,12.66131745859683,14.337340758838762,1.1323735310896845,0.0539897093012951,5910
8,39.7232385634065,0.36906792508304936,0.04779425279462187,30.971564341645784,71.11166508292996,0.36906792508304936,nan,0.00039579836463043023,0.04739845442999142,42.538517405821906,10.233664157184347,0.03929021180274605,35.44019072546156,88.25166250027056,10.233664157184347,nan,1450.439976870223,6.683259708096495,0.0,17.765959377219065,217.02582874537623,46.0,46.0,,0.00029935648486744646,,,,,,,13.497112308131612,,0,12.58774984628821,14.480094045072745,inf,-inf,-0.7207157330138961,1.0086019326303701,-0.7333128075037352,0.6662988195231132,inf,-inf,1.8726111424584173,0.18900095997384012,0.18900095997384012,0.18900095997384012,784,3.7490680031939343,1.9353937408931072,1.9997219946078246,,,-0.08274575875479591,13.509308779941453,0.26892266148981736,1.1503322056676029,0.06082327883501404,0.0,0.0,13.513637186339112,13.525543124457887,0.2514581423623429,12.66131745859683,14.337340758838762,1.1323735310896845,0.0539897093012951,5910
9,39.10336309191453,-1.4572027467203799,0.050278044960106474,29.81667360730176,67.51311199745602,-1.4572027467203799,nan,0.0004907104767679993,0.04978733448333848,42.538517405821906,10.233664157184347,0.03929021180274605,35.44019072546156,88.25166250027056,10.233664157184347,nan,1338.91017772886,5.780842261127787,0.0,14.950871794859463,231.61160904391318,46.0,46.0,,0.00029920567482839947,,,,,,,13.497112308131612,,0,12.58774984628821,14.480094045072745,inf,-inf,-0.6634453664948438,0.8672261245720227,-0.9983923389604085,0.6426111371231704,inf,-inf,1.8782986340143835,0.18862575278299154,0.18862575278299154,0.18862575278299154,784,3.7490680031939343,1.9353937408931072,1.9997219946078246,,,-0.08274575875479591,13.509308779941453,0.26892266148981736,1.1503322056676029,0.06082327883501404,0.0,0.0,13.513637186339112,13.525543124457887,0.2514581423623429,12.66131745859683,14.337340758838762,1.1323735310896845,0.0539897093012951,5910
10,38.496457534227325,-3.0226615797397414,0.050514764266898056,28.886714548818713,64.4110252675732,-3.0226615797397414,nan,0.0005950925904102641,0.04991967167648778,37.327876838668246,-2.824257952143752,0.04980079695966663,28.171106856310463,62.724526539794624,-2.824257952143752,nan,1155.2767984151956,5.1723800608564385,0.0,12.842443590761086,223.35497098484788,46.0,46.0,,0.00029903905101205734,,,,,,,12.427278111695891,,0,11.043486028141063,13.911740163176738,inf,-inf,-0.6103462972006466,0.8048261558690137,-0.7702345481437032,0.5067153872908813,inf,-inf,1.8866085090997193,0.1880360514452383,0.1880360514452383,0.1880360514452383,784,3.628145003766408,1.9025221916858086,2.0051233663966013,,,-0.15154456039594938,12.441532787182773,0.4045898830624592,1.2597236169563466,0.1002752714689581,0.0,0.0,12.497523664238614,12.514094558318575,0.3854448133739772,11.271763051633036,13.664825704538528,1.212305975732766,0.08361224590418082,5910
11,37.650453146508674,-4.036284138928511,0.049051641647927385,27.822208449825286,61.48542909905338,-4.036284138928511,nan,0.000707328308101337,0.04834431333982603,37.327876838668246,-2.824257952143752,0.04980079695966663,28.171106856310463,62.724526539794624,-2.824257952143752,nan,1175.1378493224722,4.434682063150077,0.0,11.18544632851659,264.98807188169417,46.0,46.0,,0.0002988566316905992,,,,,,,12.427278111695891,,0,11.043486028141063,13.911740163176738,inf,-inf,-0.48371545210215244,0.8288443661430488,-0.7728446165516936,0.8731245089905498,inf,-inf,1.895205436055915,0.18745692467286582,0.18745692467286582,0.18745692467286582,784,3.628145003766408,1.9025221916858086,2.0051233663966013,,,-0.15154456039594938,12.441532787182773,0.4045898830624592,1.2597236169563466,0.1002752714689581,0.0,0.0,12.497523664238614,12.514094558318575,0.3854448133739772,11.271763051633036,13.664825704538528,1.212305975732766,0.08361224590418082,5910
12,37.08013784701847,-4.7843858328108215,0.04908500558270657,27.13421814594613,59.47905516573648,-4.7843858328108215,nan,0.0008280076583059247,0.04825699792440068,37.327876838668246,-2.824257952143752,0.04980079695966663,28.171106856310463,62.724526539794624,-2.824257952143752,nan,1419.8403693283592,3.7628067588436744,0.0,10.086212619289938,377.335446735692,46.0,46.0,,0.00029865843686835924,,,,,,,12.427278111695891,,0,11.043486028141063,13.911740163176738,inf,-inf,-0.5439948066292862,0.8353403631610817,-0.7419744514886004,0.4835208159488092,inf,-inf,1.9057537091826922,0.18691972632850506,0.18691972632850506,0.18691972632850506,784,3.628145003766408,1.9025221916858086,2.0051233663966013,,,-0.15154456039594938,12.441532787182773,0.4045898830624592,1.2597236169563466,0.1002752714689581,0.0,0.0,12.497523664238614,12.514094558318575,0.3854448133739772,11.271763051633036,13.664825704538528,1.212305975732766,0.08361224590418082,5910
13,36.34093255185499,-5.64598492095186,0.047421217885806964,26.57540829724706,57.31777714603599,-5.64598492095186,nan,0.0009560635828723344,0.04646515430293464,37.327876838668246,-2.824257952143752,0.04980079695966663,28.171106856310463,62.724526539794624,-2.824257952143752,nan,1180.4018454806608,3.5391836325025987,0.0,8.934667124140034,333.5237636838823,46.0,46.0,,0.00029844448827963323,,,,,,,12.427278111695891,,0,11.043486028141063,13.911740163176738,inf,-inf,-0.5095696600656476,0.6946791852492894,-0.7409831718697534,0.5580262697911156,inf,-inf,1.9170630677187823,0.18657475919185992,0.18657475919185992,0.18657475919185992,784,3.628145003766408,1.9025221916858086,2.0051233663966013,,,-0.15154456039594938,12.441532787182773,0.4045898830624592,1.2597236169563466,0.1002752714689581,0.0,0.0,12.497523664238614,12.514094558318575,0.3854448133739772,11.271763051633036,13.664825704538528,1.212305975732766,0.08361224590418082,5910
14,35.597224182302696,-6.903616627386511,0.04708105511753874,25.940759164996823,54.68144777503055,-6.903616627386511,nan,0.0010918550430067848,0.04598920007453199,37.327876838668246,-2.824257952143752,0.04980079695966663,28.171106856310463,62.724526539794624,-2.824257952143752,nan,1036.3015214417437,3.3386752038935756,0.0,8.270637601565499,310.3930326116194,46.0,46.0,,0.0002982148093862949,,,,,,,12.427278111695891,,0,11.043486028141063,13.911740163176738,inf,-inf,-0.4437982394257222,0.6324243980269781,-0.7165217420905721,0.6216495357307934,inf,-inf,1.9297058071114521,0.18639193486380085,0.18639193486380085,0.18639193486380085,784,3.628145003766408,1.9025221916858086,2.0051233663966013,,,-0.15154456039594938,12.441532787182773,0.4045898830624592,1.2597236169563466,0.1002752714689581,0.0,0.0,12.497523664238614,12.514094558318575,0.3854448133739772,11.271763051633036,13.664825704538528,1.212305975732766,0.08361224590418082,5910
15,34.838233278763184,-7.701573806915354,0.04653784707715896,25.036522774565434,52.21972009349042,-7.701573806915354,nan,0.0012345684430302526,0.04530327863412871,34.62763311063931,-7.8887473161950314,0.04596889922450882,24.570184505267584,51.35503919893637,-7.8887473161950314,nan,1187.3903983122811,3.1539034080843087,0.0,7.408177948698573,376.4828039021988,46.0,46.0,,0.00029796942537522314,,,,,,,11.479510239360133,,0,9.86441660931188,13.204521033757077,inf,-inf,-0.44503513431514236,0.5550573042985847,-0.6830593033513798,0.5468320415158723,inf,-inf,1.94329494935515,0.18607453111872402,0.18607453111872402,0.18607453111872402,784,3.5284713928277966,1.8752545809127668,1.9993223353917766,,,-0.2201048341185533,11.512178082585422,0.46928124902176277,1.3386013138670747,0.12665124693742058,0.0,0.0,11.56389388325729,11.598696538677082,0.4524025188181833,9.86441660931188,12.954521858799527,1.3132577801479541,0.11834998237848993,5910
16,34.542654221159026,-8.493223104310072,0.04528760821802203,24.277234883241416,50.37195360830839,-8.493223104310072,nan,0.001384324650869239,0.04390328356715279,34.62763311063931,-7.8887473161950314,0.04596889922450882,24.570184505267584,51.35503919893637,-7.8887473161950314,nan,1045.0522565226458,3.024292921223014,0.0,6.905705588473905,345.5525915459374,46.0,46.0,,0.00029770836315553997,,,,,,,11.479510239360133,,0,9.86441660931188,13.204521033757077,inf,-inf,-0.4236946499215877,0.540406610740372,-0.6197676389417431,0.5119580784844654,inf,-inf,1.9564157867166576,0.18589584375146617,0.18589584375146617,0.18589584375146617,784,3.5284713928277966,1.8752545809127668,1.9993223353917766,,,-0.2201048341185533,11.512178082585422,0.46928124902176277,1.3386013138670747,0.12665124693742058,0.0,0.0,11.56389388325729,11.598696538677082,0.4524025188181833,9.86441660931188,12.954521858799527,1.3132577801479541,0.11834998237848993,5910
17,33.9774397668258,-9.075910659212607,0.046055326267101175,23.418241350605463,48.365825784485764,-9.075910659212607,nan,0.0015414430358586058,0.044513883231242564,34.62763311063931,-7.8887473161950314,0.04596889922450882,24.570184505267584,51.35503919893637,-7.8887473161950314,nan,1237.4184146685582,2.9576903521684588,0.0,6.537277095722916,418.3732126526812,46.0,46.0,,0.0002974316513556598,,,,,,,11.479510239360133,,0,9.86441660931188,13.204521033757077,inf,-inf,-0.3857084435109871,0.5071388830279763,-0.5743501033937167,0.4557651539128265,inf,-inf,1.9692358261432183,0.18579654221919012,0.18579654221919012,0.18579654221919012,784,3.5284713928277966,1.8752545809127668,1.9993223353917766,,,-0.2201048341185533,11.512178082585422,0.46928124902176277,1.3386013138670747,0.12665124693742058,0.0,0.0,11.56389388325729,11.598696538677082,0.4524025188181833,9.86441660931188,12.954521858799527,1.3132577801479541,0.11834998237848993,5910
18,33.567442450774955,-9.880131247994983,0.04852843367298449,22.73096064231642,46.46680027876938,-9.880131247994983,nan,0.001706841117597979,0.04682159255538651,34.62763311063931,-7.8887473161950314,0.04596889922450882,24.570184505267584,51.35503919893637,-7.8887473161950314,nan,1045.9314257188025,2.9762494847879317,0.0,6.498580417691054,351.42599135748486,46.0,46.0,,0.0002971393203201496,,,,,,,11.479510239360133,,0,9.86441660931188,13.204521033757077,inf,-inf,-0.3837824313844984,0.5435631290015872,-0.5847546389507675,0.5374145150977354,inf,-inf,1.9822688755788513,0.18555024343368334,0.18555024343368334,0.18555024343368334,784,3.5284713928277966,1.8752545809127668,1.9993223353917766,,,-0.2201048341185533,11.512178082585422,0.46928124902176277,1.3386013138670747,0.12665124693742058,0.0,0.0,11.56389388325729,11.598696538677082,0.4524025188181833,9.86441660931188,12.954521858799527,1.3132577801479541,0.11834998237848993,5910
19,32.94673339289968,-10.108623593003445,0.04916425242467495,22.203933565932186,45.091207618253094,-10.108623593003445,nan,0.0018812119054605852,0.047283040519214364,34.62763311063931,-7.8887473161950314,0.04596889922450882,24.570184505267584,51.35503919893637,-7.8887473161950314,nan,1522.7165319954938,2.624504778791682,0.0,5.985314631730452,580.19194489581,46.0,46.0,,0.00029683140210640173,,,,,,,11.479510239360133,,0,9.86441660931188,13.204521033757077,inf,-inf,-0.4180585528283489,0.4628398334628354,-0.5679081699810967,0.4338601879986868,inf,-inf,1.9949820347476956,0.18511864679909523,0.18511864679909523,0.18511864679909523,784,3.5284713928277966,1.8752545809127668,1.9993223353917766,,,-0.2201048341185533,11.512178082585422,0.46928124902176277,1.3386013138670747,0.12665124693742058,0.0,0.0,11.56389388325729,11.598696538677082,0.4524025188181833,9.86441660931188,12.954521858799527,1.3132577801479541,0.11834998237848993,5910
20,32.777857486109845,-10.867557879404346,0.047867895268311124,21.972914972976263,43.931082474950074,-10.867557879404346,nan,0.002061750176264328,0.04580614509204681,31.671744001966744,-10.345279524522478,0.04741225181177662,21.34438035969386,42.718257088949905,-10.345279524522478,nan,1171.7402805878896,2.3300140970505954,0.0,5.534642193619833,502.88978168463234,46.0,46.0,,0.00029650793048111826,,,,,,,10.634921755114036,,0,8.758551139212368,12.490055652340148,inf,-inf,-0.48055745313398057,0.4320938648299566,-0.6567472054080067,0.34224529151950495,inf,-inf,2.0070870812505923,0.1846832801011395,0.1846832801011395,0.1846832801011395,784,3.459584753839807,1.8560694243710822,1.9948318841550647,,,-0.2881827017345539,10.676934014014034,0.49580696484906195,1.4260412999613248,0.15413210341596872,0.0,0.0,10.726985489362699,10.806143260936249,0.48034532204779995,8.758551139212368,12.17026782236094,1.389529801096232,0.14286786548032804,5910
21,32.37336920144291,-11.313922873383117,0.04711599576039869,21.54647064272922,42.65303296654942,-11.313922873383117,nan,0.002247173117649257,0.04486882264274943,31.671744001966744,-10.345279524522478,0.04741225181177662,21.34438035969386,42.718257088949905,-10.345279524522478,nan,1091.1428381251674,2.2215266176541353,0.0,5.123920044022706,491.1680235807308,46.0,46.0,,0.0002961689409166081,,,,,,,10.634921755114036,,0,8.758551139212368,12.490055652340148,inf,-inf,-0.38175034569435395,0.42615714084532547,-0.5459857937971078,0.3525902386771769,inf,-inf,2.0185810467994822,0.18417405224885017,0.18417405224885017,0.18417405224885017,784,3.459584753839807,1.8560694243710822,1.9948318841550647,,,-0.2881827017345539,10.676934014014034,0.49580696484906195,1.4260412999613248,0.15413210341596872,0.0,0.0,10.726985489362699,10.806143260936249,0.48034532204779995,8.758551139212368,12.17026782236094,1.389529801096232,0.14286786548032804,5910
22,31.945798198930994,-11.54241733115291,0.046938238784238896,21.223705615028162,41.674024721590484,-11.54241733115291,nan,0.002436369365809627,0.04450186941842928,31.671744001966744,-10.345279524522478,0.04741225181177662,21.34438035969386,42.718257088949905,-10.345279524522478,nan,1102.2401668747145,2.092171259251691,0.0,4.885664120787192,526.8403157726934,46.0,46.0,,0.0002958144705868971,,,,,,,10.634921755114036,,0,8.758551139212368,12.490055652340148,inf,-inf,-0.3539322770774089,0.4074028177766858,-0.525316862192264,0.36783694685059676,inf,-inf,2.0287986621740437,0.1835944026567772,0.1835944026567772,0.1835944026567772,784,3.459584753839807,1.8560694243710822,1.9948318841550647,,,-0.2881827017345539,10.676934014014034,0.49580696484906195,1.4260412999613248,0.15413210341596872,0.0,0.0,10.726985489362699,10.806143260936249,0.48034532204779995,8.758551139212368,12.17026782236094,1.389529801096232,0.14286786548032804,5910
23,31.874806792681223,-11.737794624416576,0.04786854891746306,21.056567173038133,41.24144789022024,-11.737794624416576,nan,0.002628764348122392,0.04523978456934066,31.671744001966744,-10.345279524522478,0.04741225181177662,21.34438035969386,42.718257088949905,-10.345279524522478,nan,1387.6019807268399,1.9907790150170117,0.0,4.760450959491975,697.014570808595,46.0,46.0,,0.0002954445583636514,,,,,,,10.634921755114036,,0,8.758551139212368,12.490055652340148,inf,-inf,-0.3894752954744791,0.428981866983183,-0.5670567668572208,0.3815856980430763,inf,-inf,2.0386841214675613,0.18311498784936478,0.18311498784936478,0.18311498784936478,784,3.459584753839807,1.8560694243710822,1.9948318841550647,,,-0.2881827017345539,10.676934014014034,0.49580696484906195,1.4260412999613248,0.15413210341596872,0.0,0.0,10.726985489362699,10.806143260936249,0.48034532204779995,8.758551139212368,12.17026782236094,1.389529801096232,0.14286786548032804,5910
24,31.590337593367583,-11.914565696930968,0.04788536925062049,20.851586118554554,40.57524338424179,-11.914565696930968,nan,0.002823365310728246,0.045062003939892244,31.671744001966744,-10.345279524522478,0.04741225181177662,21.34438035969386,42.718257088949905,-10.345279524522478,nan,1527.735298217617,1.8720892974593988,0.0,4.436251688827548,816.0589883671133,46.0,46.0,,0.00029505924481191474,,,,,,,10.634921755114036,,0,8.758551139212368,12.490055652340148,inf,-inf,-0.40711594113836425,0.40548225776531077,-0.6154971677990198,0.35290649318645395,inf,-inf,2.0485883361936614,0.1826581357561127,0.1826581357561127,0.1826581357561127,784,3.459584753839807,1.8560694243710822,1.9948318841550647,,,-0.2881827017345539,10.676934014014034,0.49580696484906195,1.4260412999613248,0.15413210341596872,0.0,0.0,10.726985489362699,10.806143260936249,0.48034532204779995,8.758551139212368,12.17026782236094,1.389529801096232,0.14286786548032804,5910
25,31.40214404272691,-12.4705450641596,0.047237661590235555,20.65989638348594,39.63873302364348,-12.4705450641596,nan,0.0030174650921091905,0.04422019649812636,30.651217414425577,-13.025703740488808,0.04695678702782009,20.44708772459546,38.11955818556005,-13.025703740488808,nan,1123.6232748774291,1.8295714677594686,0.0,4.164949038572352,614.1456044094532,46.0,46.0,,0.0002946585721856603,,,,,,,9.917713058525335,,0,7.990374189162168,11.640442378032414,inf,-inf,-0.3312814093979117,0.4044271816331738,-0.6054152391864602,0.3122727278312768,inf,-inf,2.0561459007995944,0.18229217942844664,0.18229217942844664,0.18229217942844664,784,3.4085850000787263,1.8414530517779741,1.9897021803902604,,,-0.3510037741460292,9.98201470964353,0.5142359074082397,1.4568081672346531,0.16340236755827997,0.0,0.0,10.005520782584881,10.10167825521339,0.4997583587797353,7.990374189162168,11.371742050919494,1.4231801642460853,0.15325988208366603,5910
26,30.998926754019557,-12.316043318872932,0.04691130319548529,20.427102853255874,39.15689759159798,-12.316043318872932,nan,0.0032065694365827897,0.04370473375890249,30.651217414425577,-13.025703740488808,0.04695678702782009,20.44708772459546,38.11955818556005,-13.025703740488808,nan,1558.5628022511237,1.7925094704832656,0.0,4.051438683650541,869.4865092293938,46.0,46.0,,0.0002942425844231566,,,,,,,9.917713058525335,,0,7.990374189162168,11.640442378032414,inf,-inf,-0.31408147429355326,0.36942524877290106,-0.6993571243835994,0.3530684306109666,inf,-inf,2.0641738369508547,0.1820666308338542,0.1820666308338542,0.1820666308338542,784,3.4085850000787263,1.8414530517779741,1.9897021803902604,,,-0.3510037741460292,9.98201470964353,0.5142359074082397,1.4568081672346531,0.16340236755827997,0.0,0.0,10.005520782584881,10.10167825521339,0.4997583587797353,7.990374189162168,11.371742050919494,1.4231801642460853,0.15325988208366603,5910
27,30.848668188936387,-12.825620479367071,0.046831251714658025,20.31594436958768,38.38582333087165,-12.825620479367071,nan,0.003401158839561994,0.04343009287509601,30.651217414425577,-13.025703740488808,0.04695678702782009,20.44708772459546,38.11955818556005,-13.025703740488808,nan,1117.888161302455,1.6736452986856538,0.0,3.8423509539547194,667.9361285096396,46.0,46.0,,0.0002938113271421496,,,,,,,9.917713058525335,,0,7.990374189162168,11.640442378032414,inf,-inf,-0.3303330806003867,0.3347108864841759,-0.6817623588887698,0.33260368239800087,inf,-inf,2.0706927532188146,0.18184327206465525,0.18184327206465525,0.18184327206465525,784,3.4085850000787263,1.8414530517779741,1.9897021803902604,,,-0.3510037741460292,9.98201470964353,0.5142359074082397,1.4568081672346531,0.16340236755827997,0.0,0.0,10.005520782584881,10.10167825521339,0.4997583587797353,7.990374189162168,11.371742050919494,1.4231801642460853,0.15325988208366603,5910
28,30.60402558478183,-12.945642523886324,0.04671265916534025,20.09754931847838,37.802645038539225,-12.945642523886324,nan,0.0035865318308007424,0.04312612733453951,30.651217414425577,-13.025703740488808,0.04695678702782009,20.44708772459546,38.11955818556005,-13.025703740488808,nan,1220.4478392739431,1.6777648480567868,0.0,3.622569434015113,727.4248478190997,46.0,46.0,,0.00029336484763486,,,,,,,9.917713058525335,,0,7.990374189162168,11.640442378032414,inf,-inf,-0.33672895063106467,0.3627944521640173,-0.5869847276924415,0.33163165834063285,inf,-inf,2.0774827641912417,0.18160145545349413,0.18160145545349413,0.18160145545349413,784,3.4085850000787263,1.8414530517779741,1.9897021803902604,,,-0.3510037741460292,9.98201470964353,0.5142359074082397,1.4568081672346531,0.16340236755827997,0.0,0.0,10.005520782584881,10.10167825521339,0.4997583587797353,7.990374189162168,11.371742050919494,1.4231801642460853,0.15325988208366603,5910
29,30.633750893181833,-13.17370293391217,0.04687242863362117,19.97401854179834,37.48093892970162,-13.17370293391217,nan,0.0037735634071744176,0.04309886522644676,30.651217414425577,-13.025703740488808,0.04695678702782009,20.44708772459546,38.11955818556005,-13.025703740488808,nan,929.8355643580365,1.6226165959575973,0.0,3.5971261241288515,573.0469950045643,46.0,46.0,,0.00029290319486279713,,,,,,,9.917713058525335,,0,7.990374189162168,11.640442378032414,inf,-inf,-0.34670541566031887,0.3620455694681215,-0.7446526649438141,0.31438788072819496,inf,-inf,2.082486192097309,0.1814544984873513,0.1814544984873513,0.1814544984873513,784,3.4085850000787263,1.8414530517779741,1.9897021803902604,,,-0.3510037741460292,9.98201470964353,0.5142359074082397,1.4568081672346531,0.16340236755827997,0.0,0.0,10.005520782584881,10.10167825521339,0.4997583587797353,7.990374189162168,11.371742050919494,1.4231801642460853,0.15325988208366603,5910
30,30.35241070112765,-13.28913488572986,0.047020931760847026,19.761147501399947,36.87144424855858,-13.28913488572986,nan,0.003961207267850611,0.0430597244929964,29.75762188073687,-13.8137928382071,0.04701832525438587,19.605925723681956,35.59677309146611,-13.8137928382071,nan,1021.8538318614476,1.641298900522214,0.0,3.500469514495385,622.5885069053072,46.0,46.0,,0.0002924264194513898,,,,,,,9.351567752914846,,0,7.372976343917218,11.222717930729539,inf,-inf,-0.3176961642952771,0.30395134369354826,-0.6369068510998187,0.4870151930098561,inf,-inf,2.0879935530608384,0.18128816641899265,0.18128816641899265,0.18128816641899265,784,3.3714702391465754,1.8303256177178095,1.9864609620411264,,,-0.4040941662495878,9.425776326434748,0.5297056207117022,1.5221421319204962,0.18245520711705154,0.0,0.0,9.436966272242099,9.538481906880612,0.5144005366467864,7.4424228919739015,10.857592375228133,1.4588787190442023,0.1640191891935351,5910
31,30.256430553000325,-13.33183967836489,0.04701874288933698,19.6155074751301,36.58711709265487,-13.33183967836489,nan,0.004152986383945431,0.042865756505391546,29.75762188073687,-13.8137928382071,0.04701832525438587,19.605925723681956,35.59677309146611,-13.8137928382071,nan,1203.543528756456,1.5144258690384624,0.0,3.3019994414883116,794.7193410798037,46.0,46.0,,0.00029193457368443463,,,,,,,9.351567752914846,,0,7.372976343917218,11.222717930729539,inf,-inf,-0.3099298549741649,0.34903603132406974,-0.6164462968514818,0.3039404222111934,inf,-inf,2.092988856422488,0.18122738201762498,0.18122738201762498,0.18122738201762498,784,3.3714702391465754,1.8303256177178095,1.9864609620411264,,,-0.4040941662495878,9.425776326434748,0.5297056207117022,1.5221421319204962,0.18245520711705154,0.0,0.0,9.436966272242099,9.538481906880612,0.5144005366467864,7.4424228919739015,10.857592375228133,1.4588787190442023,0.1640191891935351,5910
32,30.056773156924553,-13.506268280423035,0.04717014979707167,19.408084967664397,36.00575999396299,-13.506268280423035,nan,0.004340223957396229,0.04282992583967545,29.75762188073687,-13.8137928382071,0.04701832525438587,19.605925723681956,35.59677309146611,-13.8137928382071,nan,926.0596629373476,1.4870434202695113,0.0,3.234376255461575,622.7522682353881,46.0,46.0,,0.0002914277114983626,,,,,,,9.351567752914846,,0,7.372976343917218,11.222717930729539,inf,-inf,-0.30411145536837414,0.32104092373059506,-0.5915063823682242,0.420973033082969,inf,-inf,2.0967027153433735,0.18117205121858643,0.18117205121858643,0.18117205121858643,784,3.3714702391465754,1.8303256177178095,1.9864609620411264,,,-0.4040941662495878,9.425776326434748,0.5297056207117022,1.5221421319204962,0.18245520711705154,0.0,0.0,9.436966272242099,9.538481906880612,0.5144005366467864,7.4424228919739015,10.857592375228133,1.4588787190442023,0.1640191891935351,5910
33,29.73551490835301,-13.635349818904684,0.04720563803827568,19.220989678844088,35.36836040633069,-13.635349818904684,nan,0.0045269124674278,0.042678725570847884,29.75762188073687,-13.8137928382071,0.04701832525438587,19.605925723681956,35.59677309146611,-13.8137928382071,nan,795.5098267580863,1.448775282414329,0.0,3.0686338987108335,549.0912472170284,46.0,46.0,,0.00029090588847632414,,,,,,,9.351567752914846,,0,7.372976343917218,11.222717930729539,inf,-inf,-0.2933626636921709,0.28573912802403373,-0.5956184824038498,0.4115785516595099,inf,-inf,2.101126143588038,0.18108525849852916,0.18108525849852916,0.18108525849852916,784,3.3714702391465754,1.8303256177178095,1.9864609620411264,,,-0.4040941662495878,9.425776326434748,0.5297056207117022,1.5221421319204962,0.18245520711705154,0.0,0.0,9.436966272242099,9.538481906880612,0.5144005366467864,7.4424228919739015,10.857592375228133,1.4588787190442023,0.1640191891935351,5910
34,29.63835368294018,-13.725271606507507,0.04728607701283146,19.064396204664998,35.0247643581105,-13.725271606507507,nan,0.004718052800886523,0.04256802421194494,29.75762188073687,-13.8137928382071,0.04701832525438587,19.605925723681956,35.59677309146611,-13.8137928382071,nan,761.7955352871926,1.4856073422720915,0.0,3.2387151673126704,512.7839056867481,46.0,46.0,,0.0002903691618420941,,,,,,,9.351567752914846,,0,7.372976343917218,11.222717930729539,inf,-inf,-0.30344313740336093,0.29510891469111417,-0.5561630699017676,0.3225909174743816,inf,-inf,2.1036732527364106,0.1810755667746562,0.1810755667746562,0.1810755667746562,784,3.3714702391465754,1.8303256177178095,1.9864609620411264,,,-0.4040941662495878,9.425776326434748,0.5297056207117022,1.5221421319204962,0.18245520711705154,0.0,0.0,9.436966272242099,9.538481906880612,0.5144005366467864,7.4424228919739015,10.857592375228133,1.4588787190442023,0.1640191891935351,5910
35,29.68173185827022,-13.876677492301349,0.04792120739600117,18.97207589152884,34.82505146489371,-13.876677492301349,nan,0.004916003706022133,0.043005203689979024,29.00110711634435,-14.079891188793074,0.04813986521396149,18.61326020470881,33.58261599747405,-14.079891188793074,nan,864.1489568294331,1.4064261882499403,0.0,3.0229646031726753,614.4289434091955,46.0,46.0,,0.0002898175904537963,,,,,,,8.870479784495252,,0,6.860384052624545,11.089955597585147,inf,-inf,-0.2980432341827259,0.3287706509072121,-0.5629582821210188,0.3381936594630098,inf,-inf,2.106722926956458,0.18104964148087593,0.18104964148087593,0.18104964148087593,784,3.3358527098607142,1.8197655558168153,1.983993255653382,,,-0.45208345073506656,8.94940746162129,0.5388733491677411,1.6165211032671727,0.20858137858732706,0.0,0.0,8.956910104080086,9.057724956265657,0.518966437307404,6.922341714428314,10.485524821252369,1.5147366677084537,0.18033713864595224,5910
36,29.43337720325179,-13.81899244544064,0.04830938755874093,18.743682939676493,34.40637708504639,-13.81899244544064,nan,0.005112279706177324,0.043197107852563615,29.00110711634435,-14.079891188793074,0.04813986521396149,18.61326020470881,33.58261599747405,-14.079891188793074,nan,1019.8475092818572,1.4123832374900813,0.0,3.0712620368789456,722.0756252348394,46.0,46.0,,0.00028925123479744914,,,,,,,8.870479784495252,,0,6.860384052624545,11.089955597585147,inf,-inf,-0.30190355992611634,0.31978476744845546,-0.5687763443959862,0.4146917154755625,inf,-inf,2.1096013031705136,0.1811040290119157,0.1811040290119157,0.1811040290119157,784,3.3358527098607142,1.8197655558168153,1.983993255653382,,,-0.45208345073506656,8.94940746162129,0.5388733491677411,1.6165211032671727,0.20858137858732706,0.0,0.0,8.956910104080086,9.057724956265657,0.518966437307404,6.922341714428314,10.485524821252369,1.5147366677084537,0.18033713864595224,5910
37,29.375906880571783,-13.975009750516849,0.04839082983939193,18.66543768975321,34.11472564964754,-13.975009750516849,nan,0.005314908753761305,0.043075921085630624,29.00110711634435,-14.079891188793074,0.04813986521396149,18.61326020470881,33.58261599747405,-14.079891188793074,nan,815.7894427593068,1.3873908475319554,0.0,2.9956798304960723,588.0026123932729,46.0,46.0,,0.0002886701569803325,,,,,,,8.870479784495252,,0,6.860384052624545,11.089955597585147,inf,-inf,-0.2945356514935061,0.2888378310802397,-0.5860538678386782,0.37155598065549683,inf,-inf,2.1124060403708254,0.18108623027282442,0.18108623027282442,0.18108623027282442,784,3.3358527098607142,1.8197655558168153,1.983993255653382,,,-0.45208345073506656,8.94940746162129,0.5388733491677411,1.6165211032671727,0.20858137858732706,0.0,0.0,8.956910104080086,9.057724956265657,0.518966437307404,6.922341714428314,10.485524821252369,1.5147366677084537,0.18033713864595224,5910
38,29.246829136848696,-13.977713934529818,0.04852406603918214,18.551798662678774,33.869437931036835,-13.977713934529818,nan,0.005518989443545902,0.043005076595636224,29.00110711634435,-14.079891188793074,0.04813986521396149,18.61326020470881,33.58261599747405,-14.079891188793074,nan,1047.6223108146564,1.3518618539138703,0.0,2.9644652928838076,774.9477565193599,46.0,46.0,,0.00028807442072417716,,,,,,,8.870479784495252,,0,6.860384052624545,11.089955597585147,inf,-inf,-0.30096221201948625,0.2852096971256761,-0.561576398202862,0.39325821768495534,inf,-inf,2.1153032033054884,0.1810994310524726,0.1810994310524726,0.1810994310524726,784,3.3358527098607142,1.8197655558168153,1.983993255653382,,,-0.45208345073506656,8.94940746162129,0.5388733491677411,1.6165211032671727,0.20858137858732706,0.0,0.0,8.956910104080086,9.057724956265657,0.518966437307404,6.922341714428314,10.485524821252369,1.5147366677084537,0.18033713864595224,5910
39,29.20113746914372,-14.110239701062262,0.04848481242077889,18.33929674142195,33.47867932192419,-14.110239701062262,nan,0.0057262720840231115,0.04275854033675577,29.00110711634435,-14.079891188793074,0.04813986521396149,18.61326020470881,33.58261599747405,-14.079891188793074,nan,725.7946417516538,1.378299074329834,0.0,2.92587957451027,526.5871937877885,46.0,46.0,,0.000287464091358177,,,,,,,8.870479784495252,,0,6.860384052624545,11.089955597585147,inf,-inf,-0.2972093650688565,0.34245628801806416,-0.6269848406227603,0.4680302382347409,inf,-inf,2.1170167644550126,0.1812019028599839,0.1812019028599839,0.1812019028599839,784,3.3358527098607142,1.8197655558168153,1.983993255653382,,,-0.45208345073506656,8.94940746162129,0.5388733491677411,1.6165211032671727,0.20858137858732706,0.0,0.0,8.956910104080086,9.057724956265657,0.518966437307404,6.922341714428314,10.485524821252369,1.5147366677084537,0.18033713864595224,5910
40,29.1014192101682,-14.049976316001025,0.048443022628915554,18.311576540128545,33.41146245692464,-14.049976316001025,nan,0.00594116632091306,0.042501856308002496,28.687554937987187,-14.71597525796778,0.04830012984479493,18.370879185644917,32.39075899550912,-14.71597525796778,nan,1094.105771617422,1.3183643735001098,0.0,2.9397868458947376,829.896342475255,46.0,46.0,,0.00028683923581182487,,,,,,,8.420527009546054,,0,6.427215996367071,10.55044256214483,inf,-inf,-0.2840980285246167,0.3551252999632093,-0.6173111555543236,0.4511729486823529,inf,-inf,2.118532542888311,0.18131020896627875,0.18131020896627875,0.18131020896627875,784,3.3013984091499378,1.809652974970553,1.9793470360860896,,,-0.49957497798812056,8.505014241587155,0.5404395329773087,1.641526061689599,0.21524778219672214,0.0,0.0,8.50950628711274,8.613055331747667,0.5183914599278231,6.465139789309132,10.101835603844185,1.5625084581386404,0.19382237693643067,5910
41,28.976380033770305,-14.247302519089242,0.04798310600539886,18.194069184363176,32.971129805049635,-14.247302519089242,nan,0.006156189497438214,0.04182691650796066,28.687554937987187,-14.71597525796778,0.04830012984479493,18.370879185644917,32.39075899550912,-14.71597525796778,nan,813.330203288069,1.277462522965554,0.0,2.8005397818418265,636.6763710609457,46.0,46.0,,0.00028619992260757275,,,,,,,8.420527009546054,,0,6.427215996367071,10.55044256214483,inf,-inf,-0.2896070362403469,0.31783968256529255,-0.5928946152390016,0.35799207376153486,inf,-inf,2.120331156551777,0.18131994099030682,0.18131994099030682,0.18131994099030682,784,3.3013984091499378,1.809652974970553,1.9793470360860896,,,-0.49957497798812056,8.505014241587155,0.5404395329773087,1.641526061689599,0.21524778219672214,0.0,0.0,8.50950628711274,8.613055331747667,0.5183914599278231,6.465139789309132,10.101835603844185,1.5625084581386404,0.19382237693643067,5910
42,28.8638078140315,-14.058463027166805,0.0478989806811017,18.04626995523284,32.899513722778636,-14.058463027166805,nan,0.006372253714742693,0.041526726966359,28.687554937987187,-14.71597525796778,0.04830012984479493,18.370879185644917,32.39075899550912,-14.71597525796778,nan,1411.2194054652316,1.2778059396340988,0.0,2.7665524905816734,1104.4082373488857,46.0,46.0,,0.00028554622185331796,,,,,,,8.420527009546054,,0,6.427215996367071,10.55044256214483,inf,-inf,-0.28427906024410576,0.29305168170532486,-0.5940909570880211,0.39569504000657063,inf,-inf,2.1214845954724395,0.18146342886634373,0.18146342886634373,0.18146342886634373,784,3.3013984091499378,1.809652974970553,1.9793470360860896,,,-0.49957497798812056,8.505014241587155,0.5404395329773087,1.641526061689599,0.21524778219672214,0.0,0.0,8.50950628711274,8.613055331747667,0.5183914599278231,6.465139789309132,10.101835603844185,1.5625084581386404,0.19382237693643067,5910
43,28.888111693556716,-14.462893178305372,0.04788409603138797,18.038089107843504,32.51119171912624,-14.462893178305372,nan,0.0065898686310906455,0.04129422740029732,28.687554937987187,-14.71597525796778,0.04830012984479493,18.370879185644917,32.39075899550912,-14.71597525796778,nan,738.7772822465381,1.2407592090479926,0.0,2.7037269560834885,595.423573614566,46.0,46.0,,0.00028487820523471477,,,,,,,8.420527009546054,,0,6.427215996367071,10.55044256214483,inf,-inf,-0.27882624653812427,0.37570901348764096,-0.5276468670509331,0.3817881746207858,inf,-inf,2.123341871640722,0.1815700231823434,0.1815700231823434,0.1815700231823434,784,3.3013984091499378,1.809652974970553,1.9793470360860896,,,-0.49957497798812056,8.505014241587155,0.5404395329773087,1.641526061689599,0.21524778219672214,0.0,0.0,8.50950628711274,8.613055331747667,0.5183914599278231,6.465139789309132,10.101835603844185,1.5625084581386404,0.19382237693643067,5910
44,28.731278931803672,-14.382103523823895,0.04785084426084247,17.858044135120025,32.25507038736065,-14.382103523823895,nan,0.006809795238859341,0.041041049021983134,28.687554937987187,-14.71597525796778,0.04830012984479493,18.370879185644917,32.39075899550912,-14.71597525796778,nan,874.7649260913262,1.2692740092289707,0.0,2.75676182819469,689.1852505691094,46.0,46.0,,0.00028419594600731323,,,,,,,8.420527009546054,,0,6.427215996367071,10.55044256214483,inf,-inf,-0.27978746769769725,0.3812973439091568,-0.5904308356798567,0.45866995670368066,inf,-inf,2.1238439824632516,0.1817179718564866,0.1817179718564866,0.1817179718564866,784,3.3013984091499378,1.809652974970553,1.9793470360860896,,,-0.49957497798812056,8.505014241587155,0.5404395329773087,1.641526061689599,0.21524778219672214,0.0,0.0,8.50950628711274,8.613055331747667,0.5183914599278231,6.465139789309132,10.101835603844185,1.5625084581386404,0.19382237693643067,5910
45,28.718373144371018,-14.303931317056753,0.047811632001836885,17.772006782524283,32.23426024184039,-14.303931317056753,nan,0.0070418353365438386,0.04076979666529306,28.590197531469933,-14.84609062365577,0.048011935039779935,17.91914546273212,31.711264305586063,-14.84609062365577,nan,1044.0842594647856,1.3017944339755902,0.0,2.848052635211155,802.0346624744926,46.0,46.0,,0.00028349951898852603,,,,,,,8.001732806392335,,0,6.026186826588593,9.891285819808823,inf,-inf,-0.34480146213592977,0.3721594283734128,-0.6011949638836573,0.492737076963828,inf,-inf,2.1237538390066644,0.18202460669811515,0.18202460669811515,0.18202460669811515,784,3.2690645734298274,1.8001256062827429,1.9749450573024117,,,-0.5462161319793322,8.085492977038587,0.538356268582085,1.6413838641986231,0.2152101597293965,0.0,0.0,8.089882696468205,8.207062141408485,0.5209622100163351,6.026186826588593,9.649458539189023,1.6012544610488875,0.20446035268636742,5910
46,28.618742564162172,-14.372738486418426,0.04807367896672615,17.710901387478703,32.00497914418918,-14.372738486418426,nan,0.007280798106518367,0.04079288086020779,28.590197531469933,-14.84609062365577,0.048011935039779935,17.91914546273212,31.711264305586063,-14.84609062365577,nan,1265.2753880169155,1.2568745156072163,0.0,2.7709536545499693,1006.6839388541828,46.0,46.0,,0.00028278900054942377,,,,,,,8.001732806392335,,0,6.026186826588593,9.891285819808823,inf,-inf,-0.27953394404381393,0.5502979801433201,-0.6065209566774594,0.4316313996663184,inf,-inf,2.1252722428945736,0.18215029990192236,0.18215029990192236,0.18215029990192236,784,3.2690645734298274,1.8001256062827429,1.9749450573024117,,,-0.5462161319793322,8.085492977038587,0.538356268582085,1.6413838641986231,0.2152101597293965,0.0,0.0,8.089882696468205,8.207062141408485,0.5209622100163351,6.026186826588593,9.649458539189023,1.6012544610488875,0.20446035268636742,5910
47,28.563293086248155,-14.725518330309088,0.04841903045086306,17.527388739299816,31.413582525689748,-14.725518330309088,nan,0.0075191598925418495,0.04089987055832123,28.590197531469933,-14.84609062365577,0.048011935039779935,17.91914546273212,31.711264305586063,-14.84609062365577,nan,756.0162495863244,1.169062026891877,0.0,2.556541330023499,646.6861742112218,46.0,46.0,,0.00028206446860636015,,,,,,,8.001732806392335,,0,6.026186826588593,9.891285819808823,inf,-inf,-0.2606101809714754,0.408472533421895,-0.6037981583061786,0.32662668812657647,inf,-inf,2.1273212449259273,0.18227622566775709,0.18227622566775709,0.18227622566775709,784,3.2690645734298274,1.8001256062827429,1.9749450573024117,,,-0.5462161319793322,8.085492977038587,0.538356268582085,1.6413838641986231,0.2152101597293965,0.0,0.0,8.089882696468205,8.207062141408485,0.5209622100163351,6.026186826588593,9.649458539189023,1.6012544610488875,0.20446035268636742,5910
48,28.44331705606861,-14.791664508985441,0.04792092267916316,17.429702817134103,31.129276286896435,-14.791664508985441,nan,0.007750916651228796,0.040170006027934385,28.590197531469933,-14.84609062365577,0.048011935039779935,17.91914546273212,31.711264305586063,-14.84609062365577,nan,772.592853598705,1.1806104553704393,0.0,2.6092357132696584,654.4011617754894,46.0,46.0,,0.00028132600261242746,,,,,,,8.001732806392335,,0,6.026186826588593,9.891285819808823,inf,-inf,-0.2747303186520353,0.38517849024301676,-0.5858423025215623,0.32722801170386984,inf,-inf,2.129445116167186,0.1823634165517726,0.1823634165517726,0.1823634165517726,784,3.2690645734298274,1.8001256062827429,1.9749450573024117,,,-0.5462161319793322,8.085492977038587,0.538356268582085,1.6413838641986231,0.2152101597293965,0.0,0.0,8.089882696468205,8.207062141408485,0.5209622100163351,6.026186826588593,9.649458539189023,1.6012544610488875,0.20446035268636742,5910
49,28.405598188553743,-14.864268950018744,0.047843304579601516,17.29873635264238,30.88790889575698,-14.864268950018744,nan,0.00798996681125899,0.039853337768342524,28.590197531469933,-14.84609062365577,0.048011935039779935,17.91914546273212,31.711264305586063,-14.84609062365577,nan,734.2924049927198,1.186092699517704,0.0,2.536550342097101,619.0851737737718,46.0,46.0,,0.0002805736835487436,,,,,,,8.001732806392335,,0,6.026186826588593,9.891285819808823,inf,-inf,-0.28002190253989806,0.2976254604323727,-0.6027535996707897,0.3678609932699132,inf,-inf,2.1304341115539756,0.18253445506560664,0.18253445506560664,0.18253445506560664,784,3.2690645734298274,1.8001256062827429,1.9749450573024117,,,-0.5462161319793322,8.085492977038587,0.538356268582085,1.6413838641986231,0.2152101597293965,0.0,0.0,8.089882696468205,8.207062141408485,0.5209622100163351,6.026186826588593,9.649458539189023,1.6012544610488875,0.20446035268636742,5910
50,28.292245715316245,-14.846177867672706,0.04792771604099126,17.19458379314642,30.68857935683095,-14.846177867672706,nan,0.008227953899798057,0.039699762141193196,28.107244753351267,-15.392601209290378,0.04810866537965976,17.595911022069075,30.358663231509624,-15.392601209290378,nan,864.1431180230582,1.1930124485434614,0.0,2.529525801805346,724.3370503619497,46.0,46.0,,0.0002798075939155718,,,,,,,7.608404334678003,,0,5.660669280079088,9.310320137711628,inf,-inf,-0.27875508947376837,0.38277756457597073,-0.5797038750403504,0.39247706801253046,inf,-inf,2.1324235966382368,0.18269954986848475,0.18269954986848475,0.18269954986848475,784,3.2375239602200527,1.7908375574427635,1.9713120383182892,,,-0.5922584783086835,7.689876060802188,0.5319671333766609,1.64473840054149,0.2160968322337844,0.0,0.0,7.6958949018830545,7.817157443677455,0.5216815079810452,5.660669280079088,9.220228876386887,1.628823098504364,0.21187391947411072,5910
51,28.258229340652218,-14.944943241429746,0.04779648708121316,17.019234944151556,30.38031753045524,-14.944943241429746,nan,0.008472054207861162,0.03932443287335199,28.107244753351267,-15.392601209290378,0.04810866537965976,17.595911022069075,30.358663231509624,-15.392601209290378,nan,747.6447375914279,1.1498134288817214,0.0,2.4453861769090146,650.2313495490896,46.0,46.0,,0.0002790278177232734,,,,,,,7.608404334678003,,0,5.660669280079088,9.310320137711628,inf,-inf,-0.2614500027658437,0.3685045700934746,-0.5886346777733517,0.317820550439668,inf,-inf,2.13430914851566,0.18278087087231892,0.18278087087231892,0.18278087087231892,784,3.2375239602200527,1.7908375574427635,1.9713120383182892,,,-0.5922584783086835,7.689876060802188,0.5319671333766609,1.64473840054149,0.2160968322337844,0.0,0.0,7.6958949018830545,7.817157443677455,0.5216815079810452,5.660669280079088,9.220228876386887,1.628823098504364,0.21187391947411072,5910
52,28.23452438492485,-14.901455198894848,0.047683421391626554,16.854800848314998,30.23555345573663,-14.901455198894848,nan,0.008713572158582069,0.0389698492330445,28.107244753351267,-15.392601209290378,0.04810866537965976,17.595911022069075,30.358663231509624,-15.392601209290378,nan,833.3338035471214,1.1724742636301306,0.0,2.3876926504252687,710.7480559675682,46.0,46.0,,0.00027823444048309524,,,,,,,7.608404334678003,,0,5.660669280079088,9.310320137711628,inf,-inf,-0.2542925011630031,0.3199949240526773,-0.595959332597724,0.3704985955602,inf,-inf,2.1350196211456605,0.18296706088253642,0.18296706088253642,0.18296706088253642,784,3.2375239602200527,1.7908375574427635,1.9713120383182892,,,-0.5922584783086835,7.689876060802188,0.5319671333766609,1.64473840054149,0.2160968322337844,0.0,0.0,7.6958949018830545,7.817157443677455,0.5216815079810452,5.660669280079088,9.220228876386887,1.628823098504364,0.21187391947411072,5910
53,28.041241820403787,-14.934707812589819,0.04744906156893151,16.69626164579399,29.85024471517689,-14.934707812589819,nan,0.008952441750161117,0.03849661981877039,28.107244753351267,-15.392601209290378,0.04810866537965976,17.595911022069075,30.358663231509624,-15.392601209290378,nan,920.9339336528108,1.1168378467089766,0.0,2.2972088805040483,824.5905494397039,46.0,46.0,,0.0002774275491977922,,,,,,,7.608404334678003,,0,5.660669280079088,9.310320137711628,inf,-inf,-0.25827078753551036,0.2582074696520303,-0.6147992516522724,0.2742344147538459,inf,-inf,2.137320271700866,0.18306226137953455,0.18306226137953455,0.18306226137953455,784,3.2375239602200527,1.7908375574427635,1.9713120383182892,,,-0.5922584783086835,7.689876060802188,0.5319671333766609,1.64473840054149,0.2160968322337844,0.0,0.0,7.6958949018830545,7.817157443677455,0.5216815079810452,5.660669280079088,9.220228876386887,1.628823098504364,0.21187391947411072,5910
54,28.132065909696784,-15.027125261171175,0.04699179158174583,16.60244062185802,29.754373061965374,-15.027125261171175,nan,0.009191498618872187,0.03780029296287364,28.107244753351267,-15.392601209290378,0.04810866537965976,17.595911022069075,30.358663231509624,-15.392601209290378,nan,885.1046040260513,1.095876049149696,0.0,2.3242716430762855,807.6685357918126,46.0,46.0,,0.00027660723235208647,,,,,,,7.608404334678003,,0,5.660669280079088,9.310320137711628,inf,-inf,-0.27490987125459965,0.30828256056950254,-0.6052882031929384,0.3196629449398871,inf,-inf,2.1384539091240775,0.18317973161871096,0.18317973161871096,0.18317973161871096,784,3.2375239602200527,1.7908375574427635,1.9713120383182892,,,-0.5922584783086835,7.689876060802188,0.5319671333766609,1.64473840054149,0.2160968322337844,0.0,0.0,7.6958949018830545,7.817157443677455,0.5216815079810452,5.660669280079088,9.220228876386887,1.628823098504364,0.21187391947411072,5910
55,27.958734191757586,-14.666351973856342,0.046883268812854526,16.399399139538417,29.738664626252515,-14.666351973856342,nan,0.009440225286704176,0.037443043526150355,27.837076614371377,-15.372618237296553,0.04690353846618853,16.54494713132801,29.05630904686902,-15.372618237296553,nan,1264.9936970694514,1.1726292806930756,0.0,2.368286781518458,1078.7669367438823,46.0,46.0,,0.0002757735799029644,,,,,,,7.250716219906957,,0,5.229998658386103,8.837297877689052,inf,-inf,-0.25763646404642837,0.2758779639643267,-0.6349927055704834,0.36222256039386086,inf,-inf,2.138323797024106,0.18339711383951168,0.18339711383951168,0.18339711383951168,784,3.20005375071887,1.7801492423580032,1.9658682928142213,,,-0.636204941904622,7.329212884824633,0.5210680668282426,1.6897323412346927,0.22781791648886796,0.0,0.0,7.3402816056721365,7.454195996102083,0.5174704227016736,5.353353317672589,8.837297877689052,1.650796678880731,0.2176935864803825,5910
56,27.989942171313427,-15.016010010937737,0.046958812916475245,16.286357118848127,29.30724809214029,-15.016010010937737,nan,0.009692379911716847,0.037266433004758404,27.837076614371377,-15.372618237296553,0.04690353846618853,16.54494713132801,29.05630904686902,-15.372618237296553,nan,883.7710848962649,1.0977057177956062,0.0,2.272902539679784,805.1074806014848,46.0,46.0,,0.00027492668326981143,,,,,,,7.250716219906957,,0,5.229998658386103,8.837297877689052,inf,-inf,-0.26351640435811685,0.2892991134696954,-0.6154801894991248,0.29512664177160836,inf,-inf,2.139616956962391,0.18357780744349644,0.18357780744349644,0.18357780744349644,784,3.20005375071887,1.7801492423580032,1.9658682928142213,,,-0.636204941904622,7.329212884824633,0.5210680668282426,1.6897323412346927,0.22781791648886796,0.0,0.0,7.3402816056721365,7.454195996102083,0.5174704227016736,5.353353317672589,8.837297877689052,1.650796678880731,0.2176935864803825,5910
57,28.0649358710157,-14.984104764329846,0.04628616490749378,16.181724845985666,29.30884211757901,-14.984104764329846,nan,0.009947452391774041,0.03633871251571972,27.837076614371377,-15.372618237296553,0.04690353846618853,16.54494713132801,29.05630904686902,-15.372618237296553,nan,1005.5216164644115,1.0569591658657376,0.0,2.2138638638594883,951.3344024419388,46.0,46.0,,0.00027406663532438707,,,,,,,7.250716219906957,,0,5.229998658386103,8.837297877689052,inf,-inf,-0.27517339114021305,0.2604564018997153,-0.5936765285949422,0.299952341942997,inf,-inf,2.138716714126452,0.18383278172301354,0.18383278172301354,0.18383278172301354,784,3.20005375071887,1.7801492423580032,1.9658682928142213,,,-0.636204941904622,7.329212884824633,0.5210680668282426,1.6897323412346927,0.22781791648886796,0.0,0.0,7.3402816056721365,7.454195996102083,0.5174704227016736,5.353353317672589,8.837297877689052,1.650796678880731,0.2176935864803825,5910
58,27.862163017950426,-15.048303508998627,0.04584218531726632,16.002216233443722,28.86191792771279,-15.048303508998627,nan,0.010202223630916515,0.03563996168634981,27.837076614371377,-15.372618237296553,0.04690353846618853,16.54494713132801,29.05630904686902,-15.372618237296553,nan,763.4194021939601,1.1126834238183831,0.0,2.2180578841465306,686.1065653105017,46.0,46.0,,0.0002731935303806403,,,,,,,7.250716219906957,,0,5.229998658386103,8.837297877689052,inf,-inf,-0.2460155290039675,0.3468556880786914,-0.6236146552695532,0.23758764710524172,inf,-inf,2.139255140533925,0.18399218193245515,0.18399218193245515,0.18399218193245515,784,3.20005375071887,1.7801492423580032,1.9658682928142213,,,-0.636204941904622,7.329212884824633,0.5210680668282426,1.6897323412346927,0.22781791648886796,0.0,0.0,7.3402816056721365,7.454195996102083,0.5174704227016736,5.353353317672589,8.837297877689052,1.650796678880731,0.2176935864803825,5910
59,27.89083381703175,-15.06975277266679,0.04596431670163464,15.783670970872038,28.650716331938632,-15.06975277266679,nan,0.010457778113724616,0.03550653858791003,27.837076614371377,-15.372618237296553,0.04690353846618853,16.54494713132801,29.05630904686902,-15.372618237296553,nan,621.1187212531744,1.0577840810365289,0.0,2.16664096625606,587.1885693765938,46.0,46.0,,0.00027230746418436733,,,,,,,7.250716219906957,,0,5.229998658386103,8.837297877689052,inf,-inf,-0.25097994804962426,0.2627970404857998,-0.6075882597202559,0.25478619191409324,inf,-inf,2.1398155738651647,0.18415022532661882,0.18415022532661882,0.18415022532661882,784,3.20005375071887,1.7801492423580032,1.9658682928142213,,,-0.636204941904622,7.329212884824633,0.5210680668282426,1.6897323412346927,0.22781791648886796,0.0,0.0,7.3402816056721365,7.454195996102083,0.5174704227016736,5.353353317672589,8.837297877689052,1.650796678880731,0.2176935864803825,5910
60,27.75122445654813,-14.953239513459414,0.04596915154923425,15.587906468278932,28.43186056291688,-14.953239513459414,nan,0.010713388755625471,0.03525576279360878,26.906791241383843,-14.178247098447411,0.045814169786895495,15.499005807680561,28.27336412040389,-14.178247098447411,nan,943.8847154609657,1.0644374826763427,0.0,2.1927204214500935,886.7450938384205,46.0,46.0,,0.00027140853390271154,,,,,,,6.915272373798088,,0,4.911452947776978,8.470193167963995,inf,-inf,-0.29453754249727454,0.2513028283548004,-0.609772721667684,0.2805434038421392,inf,-inf,2.140017988640802,0.184420216513734,0.184420216513734,0.184420216513734,784,3.1559901147157143,1.767830798179158,1.9618665884645143,,,-0.679259917883953,6.985105497973629,0.5087481445686434,1.7245799273711404,0.2366833269793419,0.0,0.0,7.006120894856729,7.1080382107032385,0.511811319826707,5.091236622680731,8.470193167963995,1.6636809081374249,0.22107003281768334,5910
61,27.877600827920492,-15.033686326408528,0.04553326196330339,15.525269762088822,28.41471752556409,-15.033686326408528,nan,0.010981517494171953,0.03455174446913143,26.906791241383843,-14.178247098447411,0.045814169786895495,15.499005807680561,28.27336412040389,-14.178247098447411,nan,1082.4157525489925,1.0173240787118731,0.0,2.12113030716247,1063.9832234380394,46.0,46.0,,0.0002704968381135084,,,,,,,6.915272373798088,,0,4.911452947776978,8.470193167963995,inf,-inf,-0.25150237858611213,0.2493312156200466,-0.609982989567445,0.23766006708506773,inf,-inf,2.1395600888536057,0.1846659581202273,0.1846659581202273,0.1846659581202273,784,3.1559901147157143,1.767830798179158,1.9618665884645143,,,-0.679259917883953,6.985105497973629,0.5087481445686434,1.7245799273711404,0.2366833269793419,0.0,0.0,7.006120894856729,7.1080382107032385,0.511811319826707,5.091236622680731,8.470193167963995,1.6636809081374249,0.22107003281768334,5910
62,27.667291646308623,-15.102686596730722,0.0456411587345304,15.344754418602891,27.95500062691532,-15.102686596730722,nan,0.011241632527420343,0.03439952620711006,26.906791241383843,-14.178247098447411,0.045814169786895495,15.499005807680561,28.27336412040389,-14.178247098447411,nan,853.2986227634698,1.0658622933764441,0.0,2.0484361588475477,800.5711695273374,46.0,46.0,,0.00026957247679447504,,,,,,,6.915272373798088,,0,4.911452947776978,8.470193167963995,inf,-inf,-0.25455662428847703,0.3359182552319852,-0.6316944845347209,0.2557152318344687,inf,-inf,2.1402836656202804,0.18482161517174137,0.18482161517174137,0.18482161517174137,784,3.1559901147157143,1.767830798179158,1.9618665884645143,,,-0.679259917883953,6.985105497973629,0.5087481445686434,1.7245799273711404,0.2366833269793419,0.0,0.0,7.006120894856729,7.1080382107032385,0.511811319826707,5.091236622680731,8.470193167963995,1.6636809081374249,0.22107003281768334,5910
63,27.54199643208005,-15.067365217105316,0.04600543673702524,15.123191067476514,27.643827719188273,-15.067365217105316,nan,0.01150708087017023,0.034498355866855006,26.906791241383843,-14.178247098447411,0.045814169786895495,15.499005807680561,28.27336412040389,-14.178247098447411,nan,739.7642860996866,1.0373695063891564,0.0,2.1407530994750976,713.115511438769,46.0,46.0,,0.00026863555131224676,,,,,,,6.915272373798088,,0,4.911452947776978,8.470193167963995,inf,-inf,-0.26159534573643894,0.3666362505872211,-0.6260213159111346,0.23941576594071473,inf,-inf,2.140676017412765,0.18492425841071178,0.18492425841071178,0.18492425841071178,784,3.1559901147157143,1.767830798179158,1.9618665884645143,,,-0.679259917883953,6.985105497973629,0.5087481445686434,1.7245799273711404,0.2366833269793419,0.0,0.0,7.006120894856729,7.1080382107032385,0.511811319826707,5.091236622680731,8.470193167963995,1.6636809081374249,0.22107003281768334,5910
64,27.589348233621582,-15.072076024915129,0.046050351135304805,14.941350561119206,27.504673120960966,-15.072076024915129,nan,0.011787925905734192,0.03426242522957061,26.906791241383843,-14.178247098447411,0.045814169786895495,15.499005807680561,28.27336412040389,-14.178247098447411,nan,900.0722283794685,1.0399116823206551,0.0,2.149571889455859,865.5275670823098,46.0,46.0,,0.00026768616441126075,,,,,,,6.915272373798088,,0,4.911452947776978,8.470193167963995,inf,-inf,-0.2617868682771654,0.3803552501079846,-0.6138404800414913,0.21842734012079354,inf,-inf,2.139964578506656,0.18513081950622431,0.18513081950622431,0.18513081950622431,784,3.1559901147157143,1.767830798179158,1.9618665884645143,,,-0.679259917883953,6.985105497973629,0.5087481445686434,1.7245799273711404,0.2366833269793419,0.0,0.0,7.006120894856729,7.1080382107032385,0.511811319826707,5.091236622680731,8.470193167963995,1.6636809081374249,0.22107003281768334,5910
65,27.53665540147542,-15.098909611422668,0.046013577007600746,14.765873360682747,27.2496327277431,-15.098909611422668,nan,0.012067063132897016,0.03394651387470373,27.09127761407281,-15.082674646941618,0.045951389878097576,14.787192153643415,26.841746510652705,-15.082674646941618,nan,815.2278391520958,1.0136554913044145,0.0,2.0602764485829552,804.2454721012032,46.0,46.0,,0.0002667244202024894,,,,,,,6.595128913155062,,0,4.69371656650323,8.201726341593215,inf,-inf,-0.2711295321408259,0.2581962812866709,-0.6372113724792131,0.20741613229371136,inf,-inf,2.1394522740612496,0.18534660983954696,0.18534660983954696,0.18534660983954696,784,3.1091477470645783,1.754640063672981,1.954361896766022,,,-0.7222666972448829,6.6553606354965344,0.4951531173946348,1.7473842370723751,0.24238841367895658,0.0,0.0,6.687351234713913,6.7856106597929475,0.5023285346440547,4.852462850664637,8.037578104962682,1.6563914763122367,0.21916298698363335,5910
66,27.25951006046891,-14.870111118013508,0.04604110467492267,14.56720443094275,27.002644478073073,-14.870111118013508,nan,0.01234477799580196,0.033696326679120696,27.09127761407281,-15.082674646941618,0.045951389878097576,14.787192153643415,26.841746510652705,-15.082674646941618,nan,1134.4827358845862,0.9969345950235785,0.0,2.0187359320958294,1137.9710780903881,46.0,46.0,,0.0002657504241520231,,,,,,,6.595128913155062,,0,4.69371656650323,8.201726341593215,inf,-inf,-0.27610667810779155,0.32608367874774563,-0.6279011228186469,0.24664996569693523,inf,-inf,2.139641030181102,0.185427474006833,0.185427474006833,0.185427474006833,784,3.1091477470645783,1.754640063672981,1.954361896766022,,,-0.7222666972448829,6.6553606354965344,0.4951531173946348,1.7473842370723751,0.24238841367895658,0.0,0.0,6.687351234713913,6.7856106597929475,0.5023285346440547,4.852462850664637,8.037578104962682,1.6563914763122367,0.21916298698363335,5910
67,27.412803885176064,-15.058366066772397,0.04594561088770026,14.446121057024603,26.846504486315972,-15.058366066772397,nan,0.01262681605326672,0.03331879483443354,27.09127761407281,-15.082674646941618,0.045951389878097576,14.787192153643415,26.841746510652705,-15.082674646941618,nan,842.4427158542434,1.0549039796658701,0.0,2.1006678139201953,798.5965851802724,46.0,46.0,,0.00026476428306950465,,,,,,,6.595128913155062,,0,4.69371656650323,8.201726341593215,inf,-inf,-0.2755797453978968,0.29871819706573416,-0.6087119756034808,0.1986171072819283,inf,-inf,2.140056960211334,0.18554345620722315,0.18554345620722315,0.18554345620722315,784,3.1091477470645783,1.754640063672981,1.954361896766022,,,-0.7222666972448829,6.6553606354965344,0.4951531173946348,1.7473842370723751,0.24238841367895658,0.0,0.0,6.687351234713913,6.7856106597929475,0.5023285346440547,4.852462850664637,8.037578104962682,1.6563914763122367,0.21916298698363335,5910
68,27.22084387281599,-14.959698258736115,0.0455073918292855,14.196206193240036,26.5028591991492,-14.959698258736115,nan,0.012918787384659576,0.03258860444462594,27.09127761407281,-15.082674646941618,0.045951389878097576,14.787192153643415,26.841746510652705,-15.082674646941618,nan,1019.9670618532209,0.971976013659188,0.0,2.050174272351417,1049.3747248076231,46.0,46.0,,0.0002637661050964166,,,,,,,6.595128913155062,,0,4.69371656650323,8.201726341593215,inf,-inf,-0.2868895988997846,0.27322504365051614,-0.6010409805344566,0.1990662616779092,inf,-inf,2.1393662605745796,0.1855543317360973,0.1855543317360973,0.1855543317360973,784,3.1091477470645783,1.754640063672981,1.954361896766022,,,-0.7222666972448829,6.6553606354965344,0.4951531173946348,1.7473842370723751,0.24238841367895658,0.0,0.0,6.687351234713913,6.7856106597929475,0.5023285346440547,4.852462850664637,8.037578104962682,1.6563914763122367,0.21916298698363335,5910
69,27.22089528552793,-14.792871097510776,0.045334631033776746,13.934160128395312,26.407518947446242,-14.792871097510776,nan,0.013212417705315673,0.03212221332846108,27.09127761407281,-15.082674646941618,0.045951389878097576,14.787192153643415,26.841746510652705,-15.082674646941618,nan,1175.8782267100803,1.013794751442278,0.0,2.106682742424095,1159.8779980239726,46.0,46.0,,0.00026275599969422214,,,,,,,6.595128913155062,,0,4.69371656650323,8.201726341593215,inf,-inf,-0.2808533534572234,0.28880148065295097,-0.6089559000763907,0.2245556682461201,inf,-inf,2.138098383878962,0.1856249987582321,0.1856249987582321,0.1856249987582321,784,3.1091477470645783,1.754640063672981,1.954361896766022,,,-0.7222666972448829,6.6553606354965344,0.4951531173946348,1.7473842370723751,0.24238841367895658,0.0,0.0,6.687351234713913,6.7856106597929475,0.5023285346440547,4.852462850664637,8.037578104962682,1.6563914763122367,0.21916298698363335,5910
70,27.155619510513283,-14.824055072210044,0.04605732134198636,13.644451901511161,26.022073661156387,-14.824055072210044,nan,0.013528820040551188,0.03252850130143519,26.869929127489584,-14.892902632772918,0.046515291288341934,13.658085277989851,25.68162706399486,-14.892902632772918,nan,997.3634217505969,1.0722796333006528,0.0,2.135625396992553,930.1336990618282,46.0,46.0,,0.00026173407763236143,,,,,,,6.28155124834997,,0,4.507229499198347,7.975261107618613,inf,-inf,-0.2728867367292743,0.24691987798555803,-0.5910349042499773,0.16792714160911595,inf,-inf,2.1375044024777856,0.1857173170751243,0.1857173170751243,0.1857173170751243,784,3.062753842273009,1.7412961339298316,1.9453141633627096,,,-0.7664913466867747,6.34262922895232,0.48083921763225485,1.7694375467317756,0.24783523858222334,0.0,0.0,6.376424008428989,6.465629989287451,0.4880047690827714,4.575181493440265,7.61589109172524,1.6646096122404406,0.2213123981251942,5910
71,27.149213435004906,-15.092329403999676,0.045770550367337966,13.598596304041079,25.70125088541365,-15.092329403999676,nan,0.013832727135978069,0.03193782323135987,26.869929127489584,-14.892902632772918,0.046515291288341934,13.658085277989851,25.68162706399486,-14.892902632772918,nan,963.8202297954667,0.9691134962420659,0.0,2.002255319905793,994.5380324728477,46.0,46.0,,0.00026070045097610465,,,,,,,6.28155124834997,,0,4.507229499198347,7.975261107618613,inf,-inf,-0.28757788230402304,0.24383619036571902,-0.5710404752058169,0.20039033960207395,inf,-inf,2.137468086810714,0.18586094042479903,0.18586094042479903,0.18586094042479903,784,3.062753842273009,1.7412961339298316,1.9453141633627096,,,-0.7664913466867747,6.34262922895232,0.48083921763225485,1.7694375467317756,0.24783523858222334,0.0,0.0,6.376424008428989,6.465629989287451,0.4880047690827714,4.575181493440265,7.61589109172524,1.6646096122404406,0.2213123981251942,5910
72,26.89256589830073,-15.203935971195696,0.045469281641543395,13.212502140919923,24.9466013496665,-15.203935971195696,nan,0.014148309221250715,0.03132097242029268,26.869929127489584,-14.892902632772918,0.046515291288341934,13.658085277989851,25.68162706399486,-14.892902632772918,nan,672.4888301303172,1.15392024255825,0.0,2.402389378129876,582.7862319491028,46.0,46.0,,0.0002596552330742625,,,,,,,6.28155124834997,,0,4.507229499198347,7.975261107618613,inf,-inf,-0.3099148198417825,0.2792662981479231,-0.5479656661080353,0.2322323190747229,inf,-inf,2.133981729575531,0.18627064581092762,0.18627064581092762,0.18627064581092762,784,3.062753842273009,1.7412961339298316,1.9453141633627096,,,-0.7664913466867747,6.34262922895232,0.48083921763225485,1.7694375467317756,0.24783523858222334,0.0,0.0,6.376424008428989,6.465629989287451,0.4880047690827714,4.575181493440265,7.61589109172524,1.6646096122404406,0.2213123981251942,5910
73,26.66582912619002,-15.3703988977337,0.04676754751032372,12.886262460605712,24.228460236572353,-15.3703988977337,nan,0.014513695808002786,0.03225385170232093,26.869929127489584,-14.892902632772918,0.046515291288341934,13.658085277989851,25.68162706399486,-14.892902632772918,nan,1273.435748442806,1.085323493389954,0.0,2.2477409176432275,1173.323673723576,46.0,46.0,,0.00025859853854675647,,,,,,,6.28155124834997,,0,4.507229499198347,7.975261107618613,inf,-inf,-0.3004021534835173,0.26079654432834604,-0.4834274440155313,0.19863482087077955,inf,-inf,2.1353837253380568,0.18704066764335323,0.18704066764335323,0.18704066764335323,784,3.062753842273009,1.7412961339298316,1.9453141633627096,,,-0.7664913466867747,6.34262922895232,0.48083921763225485,1.7694375467317756,0.24783523858222334,0.0,0.0,6.376424008428989,6.465629989287451,0.4880047690827714,4.575181493440265,7.61589109172524,1.6646096122404406,0.2213123981251942,5910
74,26.60854896879626,-15.66471062206439,0.048446173250267975,12.69010585246078,23.682390372442917,-15.66471062206439,nan,0.014855164179335578,0.03359100907093238,26.869929127489584,-14.892902632772918,0.046515291288341934,13.658085277989851,25.68162706399486,-14.892902632772918,nan,914.7301841991574,0.9972445766326605,0.0,2.0883584097832046,917.2576172716579,46.0,46.0,,0.0002575304832720494,,,,,,,6.28155124834997,,0,4.507229499198347,7.975261107618613,inf,-inf,-0.2868119725095428,0.24310007514127163,-0.4300224347666597,0.22163539763220652,inf,-inf,2.143449292037855,0.18723987534364706,0.18723987534364706,0.18723987534364706,784,3.062753842273009,1.7412961339298316,1.9453141633627096,,,-0.7664913466867747,6.34262922895232,0.48083921763225485,1.7694375467317756,0.24783523858222334,0.0,0.0,6.376424008428989,6.465629989287451,0.4880047690827714,4.575181493440265,7.61589109172524,1.6646096122404406,0.2213123981251942,5910
75,26.396138684569838,-15.863622446552162,0.04959245126429361,12.49533640359173,23.077445092873702,-15.863622446552162,nan,0.015188034399077961,0.03440441686521568,25.886656885146024,-15.333572137266355,0.04990866867478104,12.149007001715933,22.752000418270384,-15.333572137266355,nan,738.9806028064288,0.9741851472385256,0.0,2.0910771017383283,758.5627895284388,46.0,46.0,,0.000256451184374438,,,,,,,5.9647878335932125,,0,4.258029714526509,7.774405788236176,inf,-inf,-0.2724953304359673,0.23802357280390501,-0.38385293995102754,0.17185246710092134,inf,-inf,2.151023514661761,0.18718969796001822,0.18718969796001822,0.18718969796001822,784,3.0266160635956063,1.730510447172786,1.9379785125713966,,,-0.8135488538725211,6.020840284833312,0.47086121510495976,1.8258223425997595,0.2614585172386983,0.0,0.0,6.060817529117264,6.154195466901418,0.47907229608556656,4.258029714526509,7.380193420191368,1.733241408582336,0.23885905614354508,5910
76,26.313000845336315,-15.88261518095254,0.050335823323015956,12.2561512263911,22.736872714097892,-15.88261518095254,nan,0.015517340175832173,0.034818483147183776,25.886656885146024,-15.333572137266355,0.04990866867478104,12.149007001715933,22.752000418270384,-15.333572137266355,nan,1015.9834702150017,0.9697680639422654,0.0,2.0494833689857344,1047.6561437637604,46.0,46.0,,0.000255360760211209,,,,,,,5.9647878335932125,,0,4.258029714526509,7.774405788236176,inf,-inf,-0.2721710065402995,0.23263113059610382,-0.3585284890988109,0.18774624703037035,inf,-inf,2.1569677807778813,0.18706533759715296,0.18706533759715296,0.18706533759715296,784,3.0266160635956063,1.730510447172786,1.9379785125713966,,,-0.8135488538725211,6.020840284833312,0.47086121510495976,1.8258223425997595,0.2614585172386983,0.0,0.0,6.060817529117264,6.154195466901418,0.47907229608556656,4.258029714526509,7.380193420191368,1.733241408582336,0.23885905614354508,5910
77,26.303419743122376,-16.03434643213138,0.050847150078382766,12.178438559245327,22.49835902031471,-16.03434643213138,nan,0.015850155821198506,0.03499699425718428,25.886656885146024,-15.333572137266355,0.04990866867478104,12.149007001715933,22.752000418270384,-15.333572137266355,nan,817.1367751827614,0.9285944969099538,0.0,2.0120894967849563,879.9715892156526,46.0,46.0,,0.0002542593303596599,,,,,,,5.9647878335932125,,0,4.258029714526509,7.774405788236176,inf,-inf,-0.266051539505677,0.22116059831891413,-0.32448339520599373,0.15794951221865727,inf,-inf,2.1619894376456665,0.18705540120518196,0.18705540120518196,0.18705540120518196,784,3.0266160635956063,1.730510447172786,1.9379785125713966,,,-0.8135488538725211,6.020840284833312,0.47086121510495976,1.8258223425997595,0.2614585172386983,0.0,0.0,6.060817529117264,6.154195466901418,0.47907229608556656,4.258029714526509,7.380193420191368,1.733241408582336,0.23885905614354508,5910
78,26.13717419716061,-15.966879045240727,0.05107012109826163,12.014889997768382,22.23625527078653,-15.966879045240727,nan,0.0161820764266057,0.03488804467165592,25.886656885146024,-15.333572137266355,0.04990866867478104,12.149007001715933,22.752000418270384,-15.333572137266355,nan,706.1481253094447,0.9500954853609472,0.0,2.034180273129486,743.2391124784417,46.0,46.0,,0.0002531470156039858,,,,,,,5.9647878335932125,,0,4.258029714526509,7.774405788236176,inf,-inf,-0.27673528149905186,0.26837709285029904,-0.320727169526864,0.17970181396050205,inf,-inf,2.165286877221603,0.18718813724459143,0.18718813724459143,0.18718813724459143,784,3.0266160635956063,1.730510447172786,1.9379785125713966,,,-0.8135488538725211,6.020840284833312,0.47086121510495976,1.8258223425997595,0.2614585172386983,0.0,0.0,6.060817529117264,6.154195466901418,0.47907229608556656,4.258029714526509,7.380193420191368,1.733241408582336,0.23885905614354508,5910
79,26.042233341523907,-15.903564728032956,0.051794954399731905,11.82037639025148,22.010839958142164,-15.903564728032956,nan,0.016524987778748283,0.03526996662098364,25.886656885146024,-15.333572137266355,0.04990866867478104,12.149007001715933,22.752000418270384,-15.333572137266355,nan,835.4908215744546,0.9514968985809115,0.0,2.0903485404024083,878.0804465264453,46.0,46.0,,0.0002520239379220344,,,,,,,5.9647878335932125,,0,4.258029714526509,7.774405788236176,inf,-inf,-0.29254204664151184,0.259815567259834,-0.2983985587953165,0.19178467009678965,inf,-inf,2.1668860588946486,0.18738794532715386,0.18738794532715386,0.18738794532715386,784,3.0266160635956063,1.730510447172786,1.9379785125713966,,,-0.8135488538725211,6.020840284833312,0.47086121510495976,1.8258223425997595,0.2614585172386983,0.0,0.0,6.060817529117264,6.154195466901418,0.47907229608556656,4.258029714526509,7.380193420191368,1.733241408582336,0.23885905614354508,5910
80,25.99271209939194,-15.91903023297459,0.05227420765803408,11.62731835723552,21.753274431310906,-15.91903023297459,nan,0.016879009393125574,0.03539519826490851,25.732848867749297,-15.978342388871695,0.051936045588552714,11.612467506404897,21.418910030871054,-15.978342388871695,nan,1017.3040094455348,0.9187765666526986,0.0,2.009542508706625,1107.2376531671819,46.0,46.0,,0.0002508902204719295,,,,,,,5.675375986356511,,0,3.9613846238513495,7.559193846711849,inf,-inf,-0.3108267647765325,0.22318534338052623,-0.2949773006656636,0.1926381143203351,inf,-inf,2.1686471971978687,0.1875651910591105,0.1875651910591105,0.1875651910591105,784,2.9953799444338847,1.7209199251443372,1.9317150756026402,,,-0.859039012950731,5.7260080134071725,0.46346021326063663,1.9082201211157896,0.28062847092989407,0.0,0.0,5.777119058173657,5.8714985666027815,0.4716555199198196,3.9613846238513495,7.201913882668745,1.8180294433684347,0.2596009124331954,5910
81,25.92028380563936,-15.560033028327629,0.05178190095421817,11.499472806080417,21.911505484346367,-15.560033028327629,nan,0.017230387066851316,0.034551513887366846,25.732848867749297,-15.978342388871695,0.051936045588552714,11.612467506404897,21.418910030871054,-15.978342388871695,nan,1637.867336940916,0.957658980498051,0.0,2.105077745617018,1710.2824390464214,46.0,46.0,,0.0002497459875785653,,,,,,,5.675375986356511,,0,3.9613846238513495,7.559193846711849,inf,-inf,-0.3139858945279947,0.28428431597307924,-0.2808349354527169,0.1826481685602336,inf,-inf,2.1689430773331875,0.18783386037398772,0.18783386037398772,0.18783386037398772,784,2.9953799444338847,1.7209199251443372,1.9317150756026402,,,-0.859039012950731,5.7260080134071725,0.46346021326063663,1.9082201211157896,0.28062847092989407,0.0,0.0,5.777119058173657,5.8714985666027815,0.4716555199198196,3.9613846238513495,7.201913882668745,1.8180294433684347,0.2596009124331954,5910
82,25.865669800331112,-15.919719701503212,0.05172357800980149,11.380426636623024,21.378100313460727,-15.919719701503212,nan,0.01759133208914546,0.03413224592065605,25.732848867749297,-15.978342388871695,0.051936045588552714,11.612467506404897,21.418910030871054,-15.978342388871695,nan,1012.7238650974061,0.9233448127818483,0.0,1.9636884845608322,1096.799214202847,46.0,46.0,,0.00024859136471997286,,,,,,,5.675375986356511,,0,3.9613846238513495,7.559193846711849,inf,-inf,-0.32859178186015625,0.264551137890124,-0.2771120584524618,0.15215236326768805,inf,-inf,2.1697121131419363,0.18799168846655837,0.18799168846655837,0.18799168846655837,784,2.9953799444338847,1.7209199251443372,1.9317150756026402,,,-0.859039012950731,5.7260080134071725,0.46346021326063663,1.9082201211157896,0.28062847092989407,0.0,0.0,5.777119058173657,5.8714985666027815,0.4716555199198196,3.9613846238513495,7.201913882668745,1.8180294433684347,0.2596009124331954,5910
83,25.656118117229717,-15.95307872435737,0.05195737625127979,11.136263821213731,20.89126059033736,-15.95307872435737,nan,0.0179402965221812,0.034017079729098565,25.732848867749297,-15.978342388871695,0.051936045588552714,11.612467506404897,21.418910030871054,-15.978342388871695,nan,732.6552676689302,0.9490949055507037,0.0,2.031735172590826,771.9515333862355,46.0,46.0,,0.00024742647851356,,,,,,,5.675375986356511,,0,3.9613846238513495,7.559193846711849,inf,-inf,-0.3609295947137507,0.25507105986783224,-0.26006957692754457,0.13862751892547243,inf,-inf,2.1697760162863604,0.1883044654829524,0.1883044654829524,0.1883044654829524,784,2.9953799444338847,1.7209199251443372,1.9317150756026402,,,-0.859039012950731,5.7260080134071725,0.46346021326063663,1.9082201211157896,0.28062847092989407,0.0,0.0,5.777119058173657,5.8714985666027815,0.4716555199198196,3.9613846238513495,7.201913882668745,1.8180294433684347,0.2596009124331954,5910
84,25.724681564637773,-15.98289552034578,0.05177949105610663,11.015181299653726,20.808746835001827,-15.98289552034578,nan,0.01830893586350051,0.03347055519260612,25.732848867749297,-15.978342388871695,0.051936045588552714,11.612467506404897,21.418910030871054,-15.978342388871695,nan,790.5500030678412,0.9757259406934489,0.0,2.072270866841692,810.2172650098828,46.0,46.0,,0.00024625145670222645,,,,,,,5.675375986356511,,0,3.9613846238513495,7.559193846711849,inf,-inf,-0.358557034652225,0.2404609101201407,-0.26093561763553286,0.13336022689176752,inf,-inf,2.1683648973554175,0.18873236833905127,0.18873236833905127,0.18873236833905127,784,2.9953799444338847,1.7209199251443372,1.9317150756026402,,,-0.859039012950731,5.7260080134071725,0.46346021326063663,1.9082201211157896,0.28062847092989407,0.0,0.0,5.777119058173657,5.8714985666027815,0.4716555199198196,3.9613846238513495,7.201913882668745,1.8180294433684347,0.2596009124331954,5910
85,25.814486285683,-16.04430093543714,0.051637817274379244,10.893362578667887,20.715185746188126,-16.04430093543714,nan,0.018686405447798576,0.03295141182658068,25.061080082306884,-15.572079007344698,0.05147545990350744,10.518248614604659,20.05872514947035,-15.572079007344698,nan,632.1257580971193,0.9838137262610988,0.0,2.1479333368133253,642.5258575111164,46.0,46.0,,0.00024506642814035504,,,,,,,5.393769497774121,,0,3.7314447248568707,7.26746204613488,inf,-inf,-0.3749343416458158,0.24509642659397005,-0.2591175477460766,0.14300321602375846,inf,-inf,2.16757695682077,0.18915918754355673,0.18915918754355673,0.18915918754355673,784,2.951985874903213,1.7077321572934838,1.9257424353211798,,,-0.9056139009309867,5.444704080126861,0.45524876890250054,1.9476268796702174,0.28950575971853454,0.0,0.0,5.502211850159579,5.597448137851973,0.4619503659369086,3.7314447248568707,7.022983497820203,1.8821084099241447,0.27464463528457006,5910
86,25.628437254724908,-15.85832104705127,0.05141134397352438,10.56600706825095,20.387534619898112,-15.85832104705127,nan,0.019085006357433407,0.032326337616090994,25.061080082306884,-15.572079007344698,0.05147545990350744,10.518248614604659,20.05872514947035,-15.572079007344698,nan,878.5674914205414,1.0464775490783116,0.0,2.2680220218295433,839.5473865582138,46.0,46.0,,0.00024387152277968163,,,,,,,5.393769497774121,,0,3.7314447248568707,7.26746204613488,inf,-inf,-0.3903698840782603,0.2261065249987945,-0.26341812169507967,0.12477061973682112,inf,-inf,2.165262367602497,0.18961090817044138,0.18961090817044138,0.18961090817044138,784,2.951985874903213,1.7077321572934838,1.9257424353211798,,,-0.9056139009309867,5.444704080126861,0.45524876890250054,1.9476268796702174,0.28950575971853454,0.0,0.0,5.502211850159579,5.597448137851973,0.4619503659369086,3.7314447248568707,7.022983497820203,1.8821084099241447,0.27464463528457006,5910
87,25.497734754193242,-15.522337641590221,0.05206100489897405,9.976670675763488,20.004128793265483,-15.522337641590221,nan,0.019530509522518235,0.03253049537645582,25.061080082306884,-15.572079007344698,0.05147545990350744,10.518248614604659,20.05872514947035,-15.572079007344698,nan,1393.7617152341634,1.3180115397313843,0.0,2.880034003502577,1057.4730745667198,46.0,46.0,,0.0002426668716550444,,,,,,,5.393769497774121,,0,3.7314447248568707,7.26746204613488,inf,-inf,-0.4052310561561547,0.2529520142320011,-0.2599578624210387,0.28244688649373567,inf,-inf,2.1585370458387616,0.19070345941323436,0.19070345941323436,0.19070345941323436,784,2.951985874903213,1.7077321572934838,1.9257424353211798,,,-0.9056139009309867,5.444704080126861,0.45524876890250054,1.9476268796702174,0.28950575971853454,0.0,0.0,5.502211850159579,5.597448137851973,0.4619503659369086,3.7314447248568707,7.022983497820203,1.8821084099241447,0.27464463528457006,5910
88,25.202661417553387,-15.839469727207954,0.05338928713014396,9.610208663465555,19.026789640941132,-15.839469727207954,nan,0.02006080217323774,0.033328484956906226,25.061080082306884,-15.572079007344698,0.05147545990350744,10.518248614604659,20.05872514947035,-15.572079007344698,nan,950.2690166159078,1.2935952864630378,0.0,2.8566774123534584,734.595299287263,46.0,46.0,,0.0002414526068700143,,,,,,,5.393769497774121,,0,3.7314447248568707,7.26746204613488,inf,-inf,-0.40666763272575146,0.31252481194729304,-0.26458526562256185,0.19060657562734493,inf,-inf,2.157878464496176,0.19119298008469868,0.19119298008469868,0.19119298008469868,784,2.951985874903213,1.7077321572934838,1.9257424353211798,,,-0.9056139009309867,5.444704080126861,0.45524876890250054,1.9476268796702174,0.28950575971853454,0.0,0.0,5.502211850159579,5.597448137851973,0.4619503659369086,3.7314447248568707,7.022983497820203,1.8821084099241447,0.27464463528457006,5910
89,25.235450715497326,-16.044485525159217,0.05386164904483643,9.38169836576979,18.626525205152735,-16.044485525159217,nan,0.020585535721616473,0.03327611332321996,25.061080082306884,-15.572079007344698,0.05147545990350744,10.518248614604659,20.05872514947035,-15.572079007344698,nan,615.6778080392926,1.3384015043943338,0.0,2.849781386372886,460.0097997632668,46.0,46.0,,0.0002402288615824086,,,,,,,5.393769497774121,,0,3.7314447248568707,7.26746204613488,inf,-inf,-0.40000166182910474,0.33547953168676314,-0.26932259322140367,0.1557637930412619,inf,-inf,2.1582518971062767,0.19135265940235144,0.19135265940235144,0.19135265940235144,784,2.951985874903213,1.7077321572934838,1.9257424353211798,,,-0.9056139009309867,5.444704080126861,0.45524876890250054,1.9476268796702174,0.28950575971853454,0.0,0.0,5.502211850159579,5.597448137851973,0.4619503659369086,3.7314447248568707,7.022983497820203,1.8821084099241447,0.27464463528457006,5910
90,25.031236169473537,-16.132017460607827,0.05455253188257009,9.167340845281343,18.121112086029623,-16.132017460607827,nan,0.02109568803426985,0.033456843848300236,24.330192559594103,-15.830262467424998,0.05492442794655801,9.042640958752592,17.597495478868254,-15.830262467424998,nan,960.4291564350201,1.2230627228828814,0.0,2.6832130140530754,785.2656601054706,46.0,46.0,,0.00023899576998968842,,,,,,,5.05589428788491,,0,3.4946836062668494,6.889043296499859,inf,-inf,-0.4122540419154724,0.2754161944242188,-0.26379569888053156,0.14196841490096734,inf,-inf,2.1589720231370637,0.1915932221876674,0.1915932221876674,0.1915932221876674,784,2.905549267451064,1.693401748701121,1.9199652725769187,,,-0.965401081253551,5.104011427397124,0.4415914335857756,1.9712924180449602,0.2947510515365319,0.0,0.0,5.173541389870751,5.267859200387825,0.44449584308374934,3.4946836062668494,6.743727641420163,1.9297104977763817,0.2854921594487464,5910
91,25.094262482661474,-16.17724770286511,0.05518939248033575,9.08374332160008,18.05594749387678,-16.17724770286511,nan,0.021585051011588998,0.03360434146874676,24.330192559594103,-15.830262467424998,0.05492442794655801,9.042640958752592,17.597495478868254,-15.830262467424998,nan,810.9523414433817,1.2071334774056044,0.0,2.635839467464737,671.8000590840185,46.0,46.0,,0.00023775346731424264,,,,,,,5.05589428788491,,0,3.4946836062668494,6.889043296499859,inf,-inf,-0.39669045934079344,0.2795181318134302,-0.26460365946286046,0.13798992924537112,inf,-inf,2.1589264501208096,0.19186969166833753,0.19186969166833753,0.19186969166833753,784,2.905549267451064,1.693401748701121,1.9199652725769187,,,-0.965401081253551,5.104011427397124,0.4415914335857756,1.9712924180449602,0.2947510515365319,0.0,0.0,5.173541389870751,5.267859200387825,0.44449584308374934,3.4946836062668494,6.743727641420163,1.9297104977763817,0.2854921594487464,5910
92,24.851147660294462,-15.841683412636856,0.05576413682183699,8.95361136187532,18.018839746354764,-15.841683412636856,nan,0.022060202947921093,0.03370393387391589,24.330192559594103,-15.830262467424998,0.05492442794655801,9.042640958752592,17.597495478868254,-15.830262467424998,nan,1551.8685236420174,1.1860935688745133,0.0,2.550256198162518,1308.3862558285252,46.0,46.0,,0.00023650208978855897,,,,,,,5.05589428788491,,0,3.4946836062668494,6.889043296499859,inf,-inf,-0.38907688516135835,0.2746178528959635,-0.2655181288578071,0.14212763680497073,inf,-inf,2.1604702216697818,0.19217492088323254,0.19217492088323254,0.19217492088323254,784,2.905549267451064,1.693401748701121,1.9199652725769187,,,-0.965401081253551,5.104011427397124,0.4415914335857756,1.9712924180449602,0.2947510515365319,0.0,0.0,5.173541389870751,5.267859200387825,0.44449584308374934,3.4946836062668494,6.743727641420163,1.9297104977763817,0.2854921594487464,5910
93,24.82470197634794,-15.913989571749124,0.056626601733886464,8.850744318720295,17.818083325052996,-15.913989571749124,nan,0.022525018313365806,0.03410158342052064,24.330192559594103,-15.830262467424998,0.05492442794655801,9.042640958752592,17.597495478868254,-15.830262467424998,nan,1512.7684730821152,1.1237516852088298,0.0,2.403967502894945,1346.1768226856925,46.0,46.0,,0.00023524177464028488,,,,,,,5.05589428788491,,0,3.4946836062668494,6.889043296499859,inf,-inf,-0.36922348183468323,0.24762945196756989,-0.26683718101231896,0.13821865222208396,inf,-inf,2.163369231959555,0.1922602297765851,0.1922602297765851,0.1922602297765851,784,2.905549267451064,1.693401748701121,1.9199652725769187,,,-0.965401081253551,5.104011427397124,0.4415914335857756,1.9712924180449602,0.2947510515365319,0.0,0.0,5.173541389870751,5.267859200387825,0.44449584308374934,3.4946836062668494,6.743727641420163,1.9297104977763817,0.2854921594487464,5910
94,24.652639246431416,-16.07731257329497,0.05739597966138802,8.815473753689846,17.44819640648768,-16.07731257329497,nan,0.02297585511868363,0.0344201245427044,24.330192559594103,-15.830262467424998,0.05492442794655801,9.042640958752592,17.597495478868254,-15.830262467424998,nan,1207.4761713348466,1.1161630854794085,0.0,2.4495891449883573,1081.8098063297066,46.0,46.0,,0.0002339726600771789,,,,,,,5.05589428788491,,0,3.4946836062668494,6.889043296499859,inf,-inf,-0.35879152829131594,0.27289499266161865,-0.26267585459836673,0.14268398055640535,inf,-inf,2.1659577151772798,0.19240174163302204,0.19240174163302204,0.19240174163302204,784,2.905549267451064,1.693401748701121,1.9199652725769187,,,-0.965401081253551,5.104011427397124,0.4415914335857756,1.9712924180449602,0.2947510515365319,0.0,0.0,5.173541389870751,5.267859200387825,0.44449584308374934,3.4946836062668494,6.743727641420163,1.9297104977763817,0.2854921594487464,5910
95,24.732713357867457,-16.265746803220132,0.057634234853755496,8.753137861639821,17.2777386511409,-16.265746803220132,nan,0.02342568842332747,0.03420854643042802,24.25152899695755,-16.17367332572207,0.05806397601206244,8.695135395549322,16.831055042796862,-16.17367332572207,nan,717.4327519726255,1.1048207737582763,0.0,2.382122505094259,649.3657333506951,46.0,46.0,,0.0002326948852719545,,,,,,,4.774213845717364,,0,3.2843626359992677,6.631945583524983,inf,-inf,-0.3518996613074912,0.2380502526026257,-0.26597843749414163,0.12618438383023983,inf,-inf,2.1688495353106396,0.19247921578609917,0.19247921578609917,0.19247921578609917,784,2.8736044246258947,1.6828138208100178,1.9209860956176776,,,-1.0186076396935668,4.82195722141708,0.433829309823595,2.019248882822348,0.3051898512739436,0.0,0.0,4.897531454600542,4.994320151294954,0.4329930403281023,3.2843626359992677,6.486812323137824,1.975059712358532,0.29558023026920965,5910
96,24.60614665053665,-16.31814840846676,0.058514358941211694,8.654895946499497,17.0014085475106,-16.31814840846676,nan,0.023875468625956256,0.034638890315255425,24.25152899695755,-16.17367332572207,0.05806397601206244,8.695135395549322,16.831055042796862,-16.17367332572207,nan,655.8244455474296,1.1677843005310207,0.0,2.4795195493507367,561.5972446702784,46.0,46.0,,0.00023140859034701826,,,,,,,4.774213845717364,,0,3.2843626359992677,6.631945583524983,inf,-inf,-0.34422674812506326,0.21994735161020715,-0.2642238418394559,0.1210214611408131,inf,-inf,2.1693066660541236,0.19278824879987058,0.19278824879987058,0.19278824879987058,784,2.8736044246258947,1.6828138208100178,1.9209860956176776,,,-1.0186076396935668,4.82195722141708,0.433829309823595,2.019248882822348,0.3051898512739436,0.0,0.0,4.897531454600542,4.994320151294954,0.4329930403281023,3.2843626359992677,6.486812323137824,1.975059712358532,0.29558023026920965,5910
97,24.514049616267496,-16.12931867594722,0.059407413737242405,8.520976020664374,16.965114374721892,-16.12931867594722,nan,0.02434173863048559,0.03506567510675682,24.25152899695755,-16.17367332572207,0.05806397601206244,8.695135395549322,16.831055042796862,-16.17367332572207,nan,1065.0430148979192,1.1504590344033943,0.0,2.4067374349343815,925.7548361556653,46.0,46.0,,0.00023011391635910388,,,,,,,4.774213845717364,,0,3.2843626359992677,6.631945583524983,inf,-inf,-0.3812332126194686,0.21840453469181917,-0.2678444089993289,0.11933938705223722,inf,-inf,2.1715083049887824,0.1929918092087395,0.1929918092087395,0.1929918092087395,784,2.8736044246258947,1.6828138208100178,1.9209860956176776,,,-1.0186076396935668,4.82195722141708,0.433829309823595,2.019248882822348,0.3051898512739436,0.0,0.0,4.897531454600542,4.994320151294954,0.4329930403281023,3.2843626359992677,6.486812323137824,1.975059712358532,0.29558023026920965,5910
98,24.394836123087906,-16.346450658014607,0.05997498216241418,8.478169047107496,16.58652949434321,-16.346450658014607,nan,0.024796473134126275,0.0351785090282879,24.25152899695755,-16.17367332572207,0.05806397601206244,8.695135395549322,16.831055042796862,-16.17367332572207,nan,580.5154369879946,1.135617911610691,0.0,2.3993857850446316,511.18904611554336,46.0,46.0,,0.00022881100528380385,,,,,,,4.774213845717364,,0,3.2843626359992677,6.631945583524983,inf,-inf,-0.4188187059883868,0.288860175976788,-0.27018859025746594,0.14731195999367155,inf,-inf,2.1749505190986014,0.1930980418155846,0.1930980418155846,0.1930980418155846,784,2.8736044246258947,1.6828138208100178,1.9209860956176776,,,-1.0186076396935668,4.82195722141708,0.433829309823595,2.019248882822348,0.3051898512739436,0.0,0.0,4.897531454600542,4.994320151294954,0.4329930403281023,3.2843626359992677,6.486812323137824,1.975059712358532,0.29558023026920965,5910
99,24.443780449299094,-16.34620567474519,0.06031044395499026,8.459075359585816,16.616960578094712,-16.34620567474519,nan,0.02525293929591944,0.03505750465907082,24.25152899695755,-16.17367332572207,0.05806397601206244,8.695135395549322,16.831055042796862,-16.17367332572207,nan,724.1095835207153,1.126686329802782,0.0,2.367797580386185,642.6895972435073,46.0,46.0,,0.0002275,,,,,,,4.774213845717364,,0,3.2843626359992677,6.631945583524983,inf,-inf,-0.3845978668079139,0.23950835306395926,-0.2630141384032983,0.11378570606242934,inf,-inf,2.177643875930793,0.1932319262564773,0.1932319262564773,0.1932319262564773,784,2.8736044246258947,1.6828138208100178,1.9209860956176776,,,-1.0186076396935668,4.82195722141708,0.433829309823595,2.019248882822348,0.3051898512739436,0.0,0.0,4.897531454600542,4.994320151294954,0.4329930403281023,3.2843626359992677,6.486812323137824,1.975059712358532,0.29558023026920965,5910
100,24.339036132537384,-16.352184396257627,0.06087112489530093,8.393102089612896,16.440824950787956,-16.352184396257627,nan,0.025702944349678472,0.035168180545622485,24.066313458649653,-16.38148345376534,0.06111747820767903,8.478178201803075,16.224125684895064,-16.38148345376534,nan,651.7159296699253,1.1404544941351773,0.0,2.3401096059404947,571.4528137873057,46.0,46.0,,0.00022618104427419542,,,,,,,4.52387091118268,,0,3.0883683614602275,6.4000035353232,inf,-inf,-0.4036573871763497,0.2457807341894639,-0.2751338351024702,0.13277913031959984,inf,-inf,2.1798603553797826,0.19346371319641142,0.19346371319641142,0.19346371319641142,784,2.846639009686192,1.6734818325091612,1.9206048115252385,,,-1.0686861747354313,4.573221054750249,0.427405061654001,2.0722928052200293,0.31645111917507407,0.0,0.0,4.651797759802949,4.745944852160065,0.4227226344714708,3.0883683614602275,6.161103704349512,1.9949380978104725,0.29992942423508673,5910
101,24.322047593930897,-16.37170365083257,0.061218195562578695,8.342535803326266,16.35409794198717,-16.37170365083257,nan,0.02615372292816079,0.03506447263441791,24.066313458649653,-16.38148345376534,0.06111747820767903,8.478178201803075,16.224125684895064,-16.38148345376534,nan,606.0947291853181,1.1213626983739855,0.0,2.3214309831644577,540.4983865293328,46.0,46.0,,0.0002248542827447487,,,,,,,4.52387091118268,,0,3.0883683614602275,6.4000035353232,inf,-inf,-0.4055387125562052,0.24873744340643644,-0.27193799948081954,0.11979602350851305,inf,-inf,2.183073435570089,0.19361051971784135,0.19361051971784135,0.19361051971784135,784,2.846639009686192,1.6734818325091612,1.9206048115252385,,,-1.0686861747354313,4.573221054750249,0.427405061654001,2.0722928052200293,0.31645111917507407,0.0,0.0,4.651797759802949,4.745944852160065,0.4227226344714708,3.0883683614602275,6.161103704349512,1.9949380978104725,0.29992942423508673,5910
102,24.25548501213509,-16.354963696915046,0.06174506974292248,8.30141882382791,16.263685208790875,-16.354963696915046,nan,0.026599932846618764,0.035145136896303705,24.066313458649653,-16.38148345376534,0.06111747820767903,8.478178201803075,16.224125684895064,-16.38148345376534,nan,657.7498360144526,1.0840505004011445,0.0,2.2856767867341996,606.7520247175362,46.0,46.0,,0.00022351986090601283,,,,,,,4.52387091118268,,0,3.0883683614602275,6.4000035353232,inf,-inf,-0.3552457761449374,0.25487514065384664,-0.26940194375004484,0.1421231264686849,inf,-inf,2.185727622100504,0.19371579037271514,0.19371579037271514,0.19371579037271514,784,2.846639009686192,1.6734818325091612,1.9206048115252385,,,-1.0686861747354313,4.573221054750249,0.427405061654001,2.0722928052200293,0.31645111917507407,0.0,0.0,4.651797759802949,4.745944852160065,0.4227226344714708,3.0883683614602275,6.161103704349512,1.9949380978104725,0.29992942423508673,5910
103,24.086024057268965,-16.317993333186987,0.06188514329158494,8.226277996924237,16.0561938642978,-16.317993333186987,nan,0.02704471452123785,0.03484042877034709,24.066313458649653,-16.38148345376534,0.06111747820767903,8.478178201803075,16.224125684895064,-16.38148345376534,nan,787.4572987794757,1.1051068874769883,0.0,2.3381434135331047,712.5621129529635,46.0,46.0,,0.00022217792509237998,,,,,,,4.52387091118268,,0,3.0883683614602275,6.4000035353232,inf,-inf,-0.3981166939853065,0.28134992679555243,-0.279459598863141,0.1369206177987779,inf,-inf,2.1893440700000535,0.19384785194366652,0.19384785194366652,0.19384785194366652,784,2.846639009686192,1.6734818325091612,1.9206048115252385,,,-1.0686861747354313,4.573221054750249,0.427405061654001,2.0722928052200293,0.31645111917507407,0.0,0.0,4.651797759802949,4.745944852160065,0.4227226344714708,3.0883683614602275,6.161103704349512,1.9949380978104725,0.29992942423508673,5910
104,24.132346422869055,-16.310680491273494,0.06246292206651192,8.221912195248587,16.10604104891066,-16.310680491273494,nan,0.027501067834065546,0.03496185423244638,24.066313458649653,-16.38148345376534,0.06111747820767903,8.478178201803075,16.224125684895064,-16.38148345376534,nan,928.221330814536,1.0859809062992773,0.0,2.3345957529542907,854.7308018311829,46.0,46.0,,0.0002208286224622343,,,,,,,4.52387091118268,,0,3.0883683614602275,6.4000035353232,inf,-inf,-0.3419115490405619,0.2556648731411919,-0.26633339324156197,0.12615739497315437,inf,-inf,2.190222145378991,0.1941933811721165,0.1941933811721165,0.1941933811721165,784,2.846639009686192,1.6734818325091612,1.9206048115252385,,,-1.0686861747354313,4.573221054750249,0.427405061654001,2.0722928052200293,0.31645111917507407,0.0,0.0,4.651797759802949,4.745944852160065,0.4227226344714708,3.0883683614602275,6.161103704349512,1.9949380978104725,0.29992942423508673,5910
105,24.058726741966314,-16.24896933182278,0.06257796536742921,8.14775807766809,16.02009345317905,-16.24896933182278,nan,0.02795343974943735,0.03462452561799185,23.865218813319174,-16.486783738488406,0.06294858687984176,8.274182642834834,15.715566304545444,-16.486783738488406,nan,989.2239435176994,1.0460352664661345,0.0,2.246485076075713,945.6889028795719,46.0,46.0,,0.00021947210098181448,,,,,,,4.299799433336498,,0,2.9138971424954274,6.10062875368666,inf,-inf,-0.3851778571227912,0.25438909494357553,-0.26620169972402974,0.11796056935019378,inf,-inf,2.193231311287365,0.19438213164128162,0.19438213164128162,0.19438213164128162,784,2.819002710986732,1.6640360469849675,1.9186792282165743,,,-1.1158826477556107,4.350671853908304,0.42205292042411113,2.093632154929859,0.3209003797700386,0.0,0.0,4.431045852663301,4.519454873670631,0.41375091641596706,2.9138971424954274,5.872820506824103,2.015452234458313,0.30437250997753706,5910
106,23.993950142432418,-16.401797371576063,0.06311145117049281,8.110152173721753,15.765416395748602,-16.401797371576063,nan,0.02840076713954259,0.03471068403095023,23.865218813319174,-16.486783738488406,0.06294858687984176,8.274182642834834,15.715566304545444,-16.486783738488406,nan,644.0666991723866,1.0651481315424847,0.0,2.2757549493501834,604.6733596008728,46.0,46.0,,0.0002181085094089875,,,,,,,4.299799433336498,,0,2.9138971424954274,6.10062875368666,inf,-inf,-0.39250838115456105,0.29152134380847006,-0.27023479119132077,0.1271949921261342,inf,-inf,2.1949069452961587,0.1946410852229531,0.1946410852229531,0.1946410852229531,784,2.819002710986732,1.6640360469849675,1.9186792282165743,,,-1.1158826477556107,4.350671853908304,0.42205292042411113,2.093632154929859,0.3209003797700386,0.0,0.0,4.431045852663301,4.519454873670631,0.41375091641596706,2.9138971424954274,5.872820506824103,2.015452234458313,0.30437250997753706,5910
107,23.95307565800925,-16.27494844007182,0.0636964096532084,8.10722025406952,15.849043881660158,-16.27494844007182,nan,0.02886274779124641,0.03483366186196198,23.865218813319174,-16.486783738488406,0.06294858687984176,8.274182642834834,15.715566304545444,-16.486783738488406,nan,1051.425158093727,1.0906474317183155,0.0,2.3056802799333593,964.0376234483093,46.0,46.0,,0.0002167379972769355,,,,,,,4.299799433336498,,0,2.9138971424954274,6.10062875368666,inf,-inf,-0.3895662749385632,0.24983549883818598,-0.27426508277804673,0.10508380943393955,inf,-inf,2.196889663080494,0.19491312913491524,0.19491312913491524,0.19491312913491524,784,2.819002710986732,1.6640360469849675,1.9186792282165743,,,-1.1158826477556107,4.350671853908304,0.42205292042411113,2.093632154929859,0.3209003797700386,0.0,0.0,4.431045852663301,4.519454873670631,0.41375091641596706,2.9138971424954274,5.872820506824103,2.015452234458313,0.30437250997753706,5910
108,23.979006912358066,-16.173455877806507,0.06428970503870796,8.04275105341088,15.912591793001148,-16.173455877806507,nan,0.02931749923969272,0.034972205799015256,23.865218813319174,-16.486783738488406,0.06294858687984176,8.274182642834834,15.715566304545444,-16.486783738488406,nan,1227.0498980818627,1.0637844778583545,0.0,2.2968085200915924,1153.4760316790855,46.0,46.0,,0.00021536071487775814,,,,,,,4.299799433336498,,0,2.9138971424954274,6.10062875368666,inf,-inf,-0.3837074533724982,0.24296457902106364,-0.2715132751166054,0.16634551261965172,inf,-inf,2.198794211031461,0.19531039355633015,0.19531039355633015,0.19531039355633015,784,2.819002710986732,1.6640360469849675,1.9186792282165743,,,-1.1158826477556107,4.350671853908304,0.42205292042411113,2.093632154929859,0.3209003797700386,0.0,0.0,4.431045852663301,4.519454873670631,0.41375091641596706,2.9138971424954274,5.872820506824103,2.015452234458313,0.30437250997753706,5910
109,23.79981303459356,-16.201023586590534,0.0647140257418567,7.989001590658182,15.652505064403064,-16.201023586590534,nan,0.02976870122805782,0.034945324513798885,23.865218813319174,-16.486783738488406,0.06294858687984176,8.274182642834834,15.715566304545444,-16.486783738488406,nan,1237.450913675456,1.045094416179244,0.0,2.1711440590185145,1184.0565737586153,46.0,46.0,,0.00021397681324599097,,,,,,,4.299799433336498,,0,2.9138971424954274,6.10062875368666,inf,-inf,-0.38106625737872,0.2558352988402543,-0.2745795988630474,0.13332109458268493,inf,-inf,2.205699200232402,0.19518948071931,0.19518948071931,0.19518948071931,784,2.819002710986732,1.6640360469849675,1.9186792282165743,,,-1.1158826477556107,4.350671853908304,0.42205292042411113,2.093632154929859,0.3209003797700386,0.0,0.0,4.431045852663301,4.519454873670631,0.41375091641596706,2.9138971424954274,5.872820506824103,2.015452234458313,0.30437250997753706,5910
110,23.858478784426918,-16.050746489829592,0.06504680015541156,7.965500105137885,15.838279199890621,-16.050746489829592,nan,0.030201305608374838,0.034845494547036726,23.202573692672512,-16.067430788665312,0.06547748157153559,7.9222187557667105,15.122839141345446,-16.067430788665312,nan,1367.0695774891503,1.0471701442248933,0.0,2.1846553301804623,1305.489451765304,46.0,46.0,,0.00021258644414204314,,,,,,,4.095350908540777,,0,2.735792195461596,5.804359589410269,inf,-inf,-0.37190952768325614,0.22941566407178213,-0.2784726726182697,0.11983082488707779,inf,-inf,2.207430383513725,0.1954316672646645,0.1954316672646645,0.1954316672646645,784,2.793649980599465,1.6552716560532357,1.9177461363423858,,,-1.161182225175636,4.147166565751336,0.4170031492957668,2.1216376006332345,0.3266712035585909,0.0,0.0,4.2300366809764895,4.310632908988779,0.40571985166913177,2.735792195461596,5.621355275580225,2.054744978403509,0.3127579277474162,5910
111,23.815583505513597,-16.259167131444485,0.0655717224454093,7.9573437785666545,15.579331875081177,-16.259167131444485,nan,0.030642808924364193,0.03492891352104512,23.202573692672512,-16.067430788665312,0.06547748157153559,7.9222187557667105,15.122839141345446,-16.067430788665312,nan,993.4788930970975,1.0234297958184755,0.0,2.1663169624070293,970.7347755129358,46.0,46.0,,0.0002111897600355549,,,,,,,4.095350908540777,,0,2.735792195461596,5.804359589410269,inf,-inf,-0.38325717949058197,0.25270048033988124,-0.2772821269994114,0.11657765378388202,inf,-inf,2.2093773026495227,0.1956110733856053,0.1956110733856053,0.1956110733856053,784,2.793649980599465,1.6552716560532357,1.9177461363423858,,,-1.161182225175636,4.147166565751336,0.4170031492957668,2.1216376006332345,0.3266712035585909,0.0,0.0,4.2300366809764895,4.310632908988779,0.40571985166913177,2.735792195461596,5.621355275580225,2.054744978403509,0.3127579277474162,5910
112,23.765740950438563,-16.422309993401075,0.06607904199255295,7.952569187178966,15.362079186209005,-16.422309993401075,nan,0.031085103491528966,0.03499393850102397,23.202573692672512,-16.067430788665312,0.06547748157153559,7.9222187557667105,15.122839141345446,-16.067430788665312,nan,725.4430878635071,1.0096528231798125,0.0,2.1607413882649347,718.5074623758176,46.0,46.0,,0.00020978691408867772,,,,,,,4.095350908540777,,0,2.735792195461596,5.804359589410269,inf,-inf,-0.3702402789241327,0.23172185655983804,-0.279546500614041,0.10316442015486513,inf,-inf,2.2110698191524034,0.19581987890697417,0.19581987890697417,0.19581987890697417,784,2.793649980599465,1.6552716560532357,1.9177461363423858,,,-1.161182225175636,4.147166565751336,0.4170031492957668,2.1216376006332345,0.3266712035585909,0.0,0.0,4.2300366809764895,4.310632908988779,0.40571985166913177,2.735792195461596,5.621355275580225,2.054744978403509,0.3127579277474162,5910
113,23.831817313160727,-16.400418782963545,0.06658867013505473,7.923915043198994,15.42190224353123,-16.400418782963545,nan,0.031521733547439264,0.035066936587615484,23.202573692672512,-16.067430788665312,0.06547748157153559,7.9222187557667105,15.122839141345446,-16.067430788665312,nan,843.5515751608857,1.026343374390138,0.0,2.181861814017206,821.8999568854149,46.0,46.0,,0.0002083780601392783,,,,,,,4.095350908540777,,0,2.735792195461596,5.804359589410269,inf,-inf,-0.376277472711225,0.23321406131532108,-0.2754006928769048,0.10615010542837741,inf,-inf,2.214691752332428,0.195944966602648,0.195944966602648,0.195944966602648,784,2.793649980599465,1.6552716560532357,1.9177461363423858,,,-1.161182225175636,4.147166565751336,0.4170031492957668,2.1216376006332345,0.3266712035585909,0.0,0.0,4.2300366809764895,4.310632908988779,0.40571985166913177,2.735792195461596,5.621355275580225,2.054744978403509,0.3127579277474162,5910
114,23.64640908787457,-16.415605059145527,0.06714370344782385,7.877125791183017,15.175073523359885,-16.415605059145527,nan,0.03196941000302272,0.03517429344480114,23.202573692672512,-16.067430788665312,0.06547748157153559,7.9222187557667105,15.122839141345446,-16.067430788665312,nan,716.8142015149039,1.0191789578631294,0.0,2.204696167173206,703.3251579465679,46.0,46.0,,0.00020696335268406848,,,,,,,4.095350908540777,,0,2.735792195461596,5.804359589410269,inf,-inf,-0.37277441088450886,0.25566717587272403,-0.2732545376563393,0.13099799046318367,inf,-inf,2.2162599152360287,0.19621629193522375,0.19621629193522375,0.19621629193522375,784,2.793649980599465,1.6552716560532357,1.9177461363423858,,,-1.161182225175636,4.147166565751336,0.4170031492957668,2.1216376006332345,0.3266712035585909,0.0,0.0,4.2300366809764895,4.310632908988779,0.40571985166913177,2.735792195461596,5.621355275580225,2.054744978403509,0.3127579277474162,5910
115,23.593870771058665,-16.355941163315755,0.06769626928010089,7.84636921203217,15.15199508905518,-16.355941163315755,nan,0.03242309509344093,0.03527317418665996,23.354322638350943,-16.46463708108795,0.06827536885782705,7.893225156915794,14.851186083036614,-16.46463708108795,nan,865.8862188307413,1.006169420086636,0.0,2.178585059609762,860.5769580595924,46.0,46.0,,0.00020554294686166318,,,,,,,3.9093956512097603,,0,2.5800670007366917,5.528488083517481,inf,-inf,-0.3618521940928882,0.2569655891563434,-0.28150681730360744,0.13007888799014916,inf,-inf,2.2182626931178193,0.1964284471094933,0.1964284471094933,0.1964284471094933,784,2.7702199026970775,1.6470086430321542,1.9168404986297858,,,-1.2044332263850213,3.960123800074666,0.41250010296676737,2.142769192404275,0.33097539369064555,0.0,0.0,4.046290201758168,4.120829869840774,0.39835189441430524,2.5800670007366917,5.37841340733533,2.084602223818072,0.3190231967286019,5910
116,23.607409722709072,-16.46458173422367,0.06831787759924024,7.855147095562204,15.066292961646845,-16.46458173422367,nan,0.032871153580356006,0.03544672401888426,23.354322638350943,-16.46463708108795,0.06827536885782705,7.893225156915794,14.851186083036614,-16.46463708108795,nan,816.5549885992444,0.9768564903150562,0.0,2.1490742181444324,835.9006637053604,46.0,46.0,,0.00020411699843556725,,,,,,,3.9093956512097603,,0,2.5800670007366917,5.528488083517481,inf,-inf,-0.3723290151666465,0.250666737692852,-0.2768718926376102,0.10749846503855316,inf,-inf,2.2210449714690936,0.19661995830602877,0.19661995830602877,0.19661995830602877,784,2.7702199026970775,1.6470086430321542,1.9168404986297858,,,-1.2044332263850213,3.960123800074666,0.41250010296676737,2.142769192404275,0.33097539369064555,0.0,0.0,4.046290201758168,4.120829869840774,0.39835189441430524,2.5800670007366917,5.37841340733533,2.084602223818072,0.3190231967286019,5910
117,23.568269899455665,-16.195311266610215,0.06874055162763472,7.830126289831427,15.271825474304512,-16.195311266610215,nan,0.03331841638382075,0.035422135243814,23.354322638350943,-16.46463708108795,0.06827536885782705,7.893225156915794,14.851186083036614,-16.46463708108795,nan,1174.2774553596219,0.9953533549506481,0.0,2.197256375274211,1179.7593784348526,46.0,46.0,,0.00020268566377709454,,,,,,,3.9093956512097603,,0,2.5800670007366917,5.528488083517481,inf,-inf,-0.36715681826614194,0.24867412060667557,-0.2769383098967364,0.11325830885823143,inf,-inf,2.222594389357906,0.19679110196632163,0.19679110196632163,0.19679110196632163,784,2.7702199026970775,1.6470086430321542,1.9168404986297858,,,-1.2044332263850213,3.960123800074666,0.41250010296676737,2.142769192404275,0.33097539369064555,0.0,0.0,4.046290201758168,4.120829869840774,0.39835189441430524,2.5800670007366917,5.37841340733533,2.084602223818072,0.3190231967286019,5910
118,23.5113214076842,-16.453012124627122,0.06927792220217609,7.797678286890488,14.925265492149741,-16.453012124627122,nan,0.03377701738207744,0.03550090482009866,23.354322638350943,-16.46463708108795,0.06827536885782705,7.893225156915794,14.851186083036614,-16.46463708108795,nan,667.774581293512,1.0033008802404069,0.0,2.2033695626679908,665.577589380269,46.0,46.0,,0.00020124909984822013,,,,,,,3.9093956512097603,,0,2.5800670007366917,5.528488083517481,inf,-inf,-0.361702278647328,0.31081005963007535,-0.2765876218378781,0.142848441226545,inf,-inf,2.2254192424807937,0.1969202279750365,0.1969202279750365,0.1969202279750365,784,2.7702199026970775,1.6470086430321542,1.9168404986297858,,,-1.2044332263850213,3.960123800074666,0.41250010296676737,2.142769192404275,0.33097539369064555,0.0,0.0,4.046290201758168,4.120829869840774,0.39835189441430524,2.5800670007366917,5.37841340733533,2.084602223818072,0.3190231967286019,5910
119,23.45282188085205,-16.033446117573728,0.0699069178975339,7.782042434682564,15.271325115858419,-16.033446117573728,nan,0.03423129692202074,0.035675620975513155,23.354322638350943,-16.46463708108795,0.06827536885782705,7.893225156915794,14.851186083036614,-16.46463708108795,nan,1485.0913430013459,1.0057906364032163,0.0,2.175234979606238,1476.5412296063375,46.0,46.0,,0.00019980746418436736,,,,,,,3.9093956512097603,,0,2.5800670007366917,5.528488083517481,inf,-inf,-0.3884969905359595,0.26620555777531413,-0.27881936064153023,0.1326374217356389,inf,-inf,2.2273651717247165,0.1970798787795079,0.1970798787795079,0.1970798787795079,784,2.7702199026970775,1.6470086430321542,1.9168404986297858,,,-1.2044332263850213,3.960123800074666,0.41250010296676737,2.142769192404275,0.33097539369064555,0.0,0.0,4.046290201758168,4.120829869840774,0.39835189441430524,2.5800670007366917,5.37841340733533,2.084602223818072,0.3190231967286019,5910
120,23.494002001706413,-16.4336971169593,0.07023023526214303,7.77196569275958,14.902500812768835,-16.4336971169593,nan,0.034684305518174044,0.03554592974396898,23.35331783043799,-16.687481055443076,0.07055080323295886,7.958969726118592,14.695357304346466,-16.687481055443076,nan,861.3646094508701,0.9680392558471161,0.0,2.10149879113655,889.803387877182,46.0,46.0,,0.00019836091487713254,,,,,,,3.7354346280096236,,0,2.446662249213666,5.271657250584826,inf,-inf,-0.36031820666290126,0.2702400530669968,-0.2709381551823914,0.14463065007586987,inf,-inf,2.229787091661056,0.19716667796995033,0.19716667796995033,0.19716667796995033,784,2.745563669879734,1.63834856850361,1.9160367864770063,,,-1.2467207388211148,3.7841556747209086,0.4082927139990739,2.1546321942389417,0.3333731447308548,0.0,0.0,3.8742352465155268,3.9442263328880918,0.3917301021842351,2.446662249213666,5.166039723278518,2.1114641896072226,0.3245837201971754,5910
121,23.385680488069006,-16.529821503811842,0.07059785337229865,7.731614210208628,14.65807104783809,-16.529821503811842,nan,0.035123288148448846,0.035474565223849806,23.35331783043799,-16.687481055443076,0.07055080323295886,7.958969726118592,14.695357304346466,-16.687481055443076,nan,643.049251169138,0.9784030778866267,0.0,2.1380622165686334,657.2436919946524,46.0,46.0,,0.00019690961055694836,,,,,,,3.7354346280096236,,0,2.446662249213666,5.271657250584826,inf,-inf,-0.3635464094367267,0.28243182799199207,-0.27312104590603004,0.1317520444655484,inf,-inf,2.23071058743285,0.19733933515649174,0.19733933515649174,0.19733933515649174,784,2.745563669879734,1.63834856850361,1.9160367864770063,,,-1.2467207388211148,3.7841556747209086,0.4082927139990739,2.1546321942389417,0.3333731447308548,0.0,0.0,3.8742352465155268,3.9442263328880918,0.3917301021842351,2.446662249213666,5.166039723278518,2.1114641896072226,0.3245837201971754,5910
122,23.35966682451057,-16.501603554853517,0.07136417572711866,7.707625205067729,14.6370526504519,-16.501603554853517,nan,0.03556785926177738,0.03579631646534131,23.35331783043799,-16.687481055443076,0.07055080323295886,7.958969726118592,14.695357304346466,-16.687481055443076,nan,676.0916355405561,0.9619150473614906,0.0,2.097668070811776,702.860026355819,46.0,46.0,,0.00019545371037568823,,,,,,,3.7354346280096236,,0,2.446662249213666,5.271657250584826,inf,-inf,-0.3524021593156159,0.2410380862919271,-0.2744176081281591,0.12198548423577116,inf,-inf,2.2333090520583654,0.19739913614818394,0.19739913614818394,0.19739913614818394,784,2.745563669879734,1.63834856850361,1.9160367864770063,,,-1.2467207388211148,3.7841556747209086,0.4082927139990739,2.1546321942389417,0.3333731447308548,0.0,0.0,3.8742352465155268,3.9442263328880918,0.3917301021842351,2.446662249213666,5.166039723278518,2.1114641896072226,0.3245837201971754,5910
123,23.35156420265954,-16.529381483649257,0.07164046656883781,7.721043298701119,14.614866484280238,-16.529381483649257,nan,0.03601113690440061,0.035629329664437194,23.35331783043799,-16.687481055443076,0.07055080323295886,7.958969726118592,14.695357304346466,-16.687481055443076,nan,646.6978784403547,0.9420199581264523,0.0,2.0829977835926563,686.5012496407693,46.0,46.0,,0.00019399337398921348,,,,,,,3.7354346280096236,,0,2.446662249213666,5.271657250584826,inf,-inf,-0.366526178270095,0.2502915471905181,-0.2704579127046874,0.12963895761602764,inf,-inf,2.233161469470846,0.1975559865904534,0.1975559865904534,0.1975559865904534,784,2.745563669879734,1.63834856850361,1.9160367864770063,,,-1.2467207388211148,3.7841556747209086,0.4082927139990739,2.1546321942389417,0.3333731447308548,0.0,0.0,3.8742352465155268,3.9442263328880918,0.3917301021842351,2.446662249213666,5.166039723278518,2.1114641896072226,0.3245837201971754,5910
124,23.209303753848918,-16.488310932113745,0.0720852973412652,7.676254025025395,14.469332144101834,-16.488310932113745,nan,0.036455810826464444,0.035629486514800746,23.35331783043799,-16.687481055443076,0.07055080323295886,7.958969726118592,14.695357304346466,-16.687481055443076,nan,875.2545934795504,0.9468910869008385,0.0,2.0714596139927197,924.3455827050254,46.0,46.0,,0.0001925287615398655,,,,,,,3.7354346280096236,,0,2.446662249213666,5.271657250584826,inf,-inf,-0.36186418178609886,0.26834371358573883,-0.2749596038781331,0.13546818730782684,inf,-inf,2.2338148882321818,0.1978192831873448,0.1978192831873448,0.1978192831873448,784,2.745563669879734,1.63834856850361,1.9160367864770063,,,-1.2467207388211148,3.7841556747209086,0.4082927139990739,2.1546321942389417,0.3333731447308548,0.0,0.0,3.8742352465155268,3.9442263328880918,0.3917301021842351,2.446662249213666,5.166039723278518,2.1114641896072226,0.3245837201971754,5910
125,23.20240542502187,-16.53820089843575,0.07264676559785972,7.639544333347588,14.376395625531565,-16.53820089843575,nan,0.03689268697390156,0.03575407862395817,22.80566701308809,-16.45350430536314,0.07324955706520186,7.7507355877540505,14.176147852544203,-16.45350430536314,nan,534.7709996036272,0.9569680066231012,0.0,2.1416660609914335,558.8180544203344,46.0,46.0,,0.0001910600336389039,,,,,,,3.5775708735082388,,0,2.3401249362283885,5.050415547778583,inf,-inf,-0.38718016014070683,0.3057653626545414,-0.28075190017335433,0.1579303622622342,inf,-inf,2.235786506102474,0.1979008571756376,0.1979008571756376,0.1979008571756376,784,2.723277873017211,1.6303019762203717,1.9150228454483333,,,-1.286844251490121,3.623036561876156,0.4044705053368219,2.158182013956232,0.3340880688563534,0.0,0.0,3.717954124195597,3.7822878457241527,0.3853113821777565,2.3401249362283885,4.958635298967194,2.1189617794334925,0.32612312323706655,5910
126,23.20465625381865,-16.47119153110663,0.0732482820622167,7.655647841523995,14.462360846298232,-16.47119153110663,nan,0.03733994754727841,0.0359083345149383,22.80566701308809,-16.45350430536314,0.07324955706520186,7.7507355877540505,14.176147852544203,-16.45350430536314,nan,804.9964323439141,0.9197692816440154,0.0,2.0666416386920172,875.2156094026603,46.0,46.0,,0.0001895873513488942,,,,,,,3.5775708735082388,,0,2.3401249362283885,5.050415547778583,inf,-inf,-0.3585400564355438,0.26171241981810206,-0.2706053991625031,0.14824803870062747,inf,-inf,2.2360579174042186,0.19802266558140974,0.19802266558140974,0.19802266558140974,784,2.723277873017211,1.6303019762203717,1.9150228454483333,,,-1.286844251490121,3.623036561876156,0.4044705053368219,2.158182013956232,0.3340880688563534,0.0,0.0,3.717954124195597,3.7822878457241527,0.3853113821777565,2.3401249362283885,4.958635298967194,2.1189617794334925,0.32612312323706655,5910
127,23.05362292307704,-16.22944707930708,0.07376640050651379,7.58257864423778,14.480520888514256,-16.22944707930708,nan,0.037782507238709476,0.03598389326780433,22.80566701308809,-16.45350430536314,0.07324955706520186,7.7507355877540505,14.176147852544203,-16.45350430536314,nan,1386.1952850284092,0.9030198931181933,0.0,2.04018943167926,1535.0661658646036,46.0,46.0,,0.00018811087616604506,,,,,,,3.5775708735082388,,0,2.3401249362283885,5.050415547778583,inf,-inf,-0.3585230143226505,0.2904138938980881,-0.2789373801130842,0.15871106175246136,inf,-inf,2.238845821755402,0.1980333547602183,0.1980333547602183,0.1980333547602183,784,2.723277873017211,1.6303019762203717,1.9150228454483333,,,-1.286844251490121,3.623036561876156,0.4044705053368219,2.158182013956232,0.3340880688563534,0.0,0.0,3.717954124195597,3.7822878457241527,0.3853113821777565,2.3401249362283885,4.958635298967194,2.1189617794334925,0.32612312323706655,5910
128,23.16299221760856,-16.50953524790871,0.07418752406035649,7.598491965956498,14.326136459716707,-16.50953524790871,nan,0.038220793664569624,0.03596673039578688,22.80566701308809,-16.45350430536314,0.07324955706520186,7.7507355877540505,14.176147852544203,-16.45350430536314,nan,768.7884660914584,0.9216622173851767,0.0,2.0595027335634626,834.1325613548179,46.0,46.0,,0.00018663077000249866,,,,,,,3.5775708735082388,,0,2.3401249362283885,5.050415547778583,inf,-inf,-0.36248079342333245,0.2796670765450649,-0.27784498965656607,0.13345159495714204,inf,-inf,2.237856009235263,0.1981896196508278,0.1981896196508278,0.1981896196508278,784,2.723277873017211,1.6303019762203717,1.9150228454483333,,,-1.286844251490121,3.623036561876156,0.4044705053368219,2.158182013956232,0.3340880688563534,0.0,0.0,3.717954124195597,3.7822878457241527,0.3853113821777565,2.3401249362283885,4.958635298967194,2.1189617794334925,0.32612312323706655,5910
129,23.139071505632856,-16.386986853743927,0.07491693844411221,7.561425452749861,14.388427043082903,-16.386986853743927,nan,0.03866242148124504,0.03625451696286714,22.80566701308809,-16.45350430536314,0.07324955706520186,7.7507355877540505,14.176147852544203,-16.45350430536314,nan,846.0419134342244,0.9321274746333335,0.0,2.1000261488719207,907.6461497576047,46.0,46.0,,0.00018514719516857508,,,,,,,3.5775708735082388,,0,2.3401249362283885,5.050415547778583,inf,-inf,-0.3514220405128833,0.306966431999448,-0.2772246780289094,0.1539698725725681,inf,-inf,2.2394499230547975,0.19832969658334873,0.19832969658334873,0.19832969658334873,784,2.723277873017211,1.6303019762203717,1.9150228454483333,,,-1.286844251490121,3.623036561876156,0.4044705053368219,2.158182013956232,0.3340880688563534,0.0,0.0,3.717954124195597,3.7822878457241527,0.3853113821777565,2.3401249362283885,4.958635298967194,2.1189617794334925,0.32612312323706655,5910
130,23.14749825564693,-16.522876774062773,0.07547088097198809,7.554672329334978,14.254764691891122,-16.522876774062773,nan,0.039105653198259455,0.036365227773728644,22.534287026814155,-16.13966414127509,0.07592003211944967,7.530421137226045,14.000964054884559,-16.13966414127509,nan,657.0217953888466,0.9561796523226616,0.0,2.120330324594008,687.1321657942325,46.0,46.0,,0.00018366031435497322,,,,,,,3.430930288472709,,0,2.238833261733639,4.83840472505753,inf,-inf,-0.35122052179570806,0.26999208340094916,-0.2802462582008909,0.13989081138995343,inf,-inf,2.240389287451505,0.19829359044950612,0.19829359044950612,0.19829359044950612,784,2.701556516349069,1.6224431510347188,1.9144929744815549,,,-1.3256916777679115,3.4724889897891003,0.4006346534024606,2.1611277658573442,0.3346804431287585,0.0,0.0,3.5725667577664484,3.6340963653072533,0.37898339190832847,2.238833261733639,4.775800633002903,2.1331649456131294,0.3290244382904793,5910
131,23.017036047755557,-16.498596476451564,0.07599236375056895,7.5025171737511185,14.096949108805681,-16.498596476451564,nan,0.039556610888316406,0.03643575286225254,22.534287026814155,-16.13966414127509,0.07592003211944967,7.530421137226045,14.000964054884559,-16.13966414127509,nan,739.5259233149729,0.9103076267128312,0.0,2.062889017792871,812.3912198620592,46.0,46.0,,0.00018217029061493007,,,,,,,3.430930288472709,,0,2.238833261733639,4.83840472505753,inf,-inf,-0.35936718613545254,0.29847320163402674,-0.27631265136810484,0.16089163177353646,inf,-inf,2.240369178555341,0.1984940128449984,0.1984940128449984,0.1984940128449984,784,2.701556516349069,1.6224431510347188,1.9144929744815549,,,-1.3256916777679115,3.4724889897891003,0.4006346534024606,2.1611277658573442,0.3346804431287585,0.0,0.0,3.5725667577664484,3.6340963653072533,0.37898339190832847,2.238833261733639,4.775800633002903,2.1331649456131294,0.3290244382904793,5910
132,22.995154240336017,-16.271079313454948,0.07659974267319822,7.454381444720307,14.255056114274575,-16.271079313454948,nan,0.03999897598647604,0.036600766686722186,22.534287026814155,-16.13966414127509,0.07592003211944967,7.530421137226045,14.000964054884559,-16.13966414127509,nan,1045.5364972205537,0.9354751903296233,0.0,2.066288575742965,1117.6528335851956,46.0,46.0,,0.00018067728734633956,,,,,,,3.430930288472709,,0,2.238833261733639,4.83840472505753,inf,-inf,-0.3830126042514208,0.31733295823796526,-0.29839454573785673,0.16945681190855866,inf,-inf,2.2421323352751132,0.1984204073586313,0.1984204073586313,0.1984204073586313,784,2.701556516349069,1.6224431510347188,1.9144929744815549,,,-1.3256916777679115,3.4724889897891003,0.4006346534024606,2.1611277658573442,0.3346804431287585,0.0,0.0,3.5725667577664484,3.6340963653072533,0.37898339190832847,2.238833261733639,4.775800633002903,2.1331649456131294,0.3290244382904793,5910
133,22.915808048131918,-16.444560436062773,0.07739168981437163,7.4300125017780845,13.978651803661602,-16.444560436062773,nan,0.04044510684707283,0.03694658296729879,22.534287026814155,-16.13966414127509,0.07592003211944967,7.530421137226045,14.000964054884559,-16.13966414127509,nan,921.2167817186241,0.9177288017569909,0.0,2.035807758064546,1003.8006652455011,46.0,46.0,,0.0001791814682738348,,,,,,,3.430930288472709,,0,2.238833261733639,4.83840472505753,inf,-inf,-0.35216204279823893,0.30821755589810684,-0.2706630764869206,0.15932448645261119,inf,-inf,2.2434757044195246,0.19844288657538448,0.19844288657538448,0.19844288657538448,784,2.701556516349069,1.6224431510347188,1.9144929744815549,,,-1.3256916777679115,3.4724889897891003,0.4006346534024606,2.1611277658573442,0.3346804431287585,0.0,0.0,3.5725667577664484,3.6340963653072533,0.37898339190832847,2.238833261733639,4.775800633002903,2.1331649456131294,0.3290244382904793,5910
134,22.87163465406556,-16.368455566836428,0.0776554328936675,7.394710644704449,13.975545164827249,-16.368455566836428,nan,0.04087741024915396,0.03677802264451352,22.534287026814155,-16.13966414127509,0.07592003211944967,7.530421137226045,14.000964054884559,-16.13966414127509,nan,912.9855127647488,0.914821434728799,0.0,2.0611356632581717,997.9931362620571,46.0,46.0,,0.00017768299743083345,,,,,,,3.430930288472709,,0,2.238833261733639,4.83840472505753,inf,-inf,-0.3702526820778505,0.3070282120892669,-0.2833541115660426,0.15863461167531764,inf,-inf,2.2442893371494543,0.19841263660154976,0.19841263660154976,0.19841263660154976,784,2.701556516349069,1.6224431510347188,1.9144929744815549,,,-1.3256916777679115,3.4724889897891003,0.4006346534024606,2.1611277658573442,0.3346804431287585,0.0,0.0,3.5725667577664484,3.6340963653072533,0.37898339190832847,2.238833261733639,4.775800633002903,2.1331649456131294,0.3290244382904793,5910
135,22.899530145663704,-16.478242896198868,0.07829972104184352,7.388644609533559,13.888231580040237,-16.478242896198868,nan,0.04132270932157741,0.036977011720266115,22.65983443094725,-16.840839717589127,0.07879712481452306,7.5324482355087845,13.43024007368143,-16.840839717589127,nan,774.7839261998965,0.9072594283891788,0.0,2.0676124101096347,853.9827770933283,46.0,46.0,,0.00017618203914154966,,,,,,,3.2941962507063276,,0,2.1335531845837985,4.650533414994893,inf,-inf,-0.37620128032301176,0.32228523771196277,-0.2904130070565469,0.16529836485859478,inf,-inf,2.2443778810806156,0.19841140180377448,0.19841140180377448,0.19841140180377448,784,2.6820860159439137,1.6152718557283725,1.914920209436819,,,-1.3634612446951655,3.330681814006301,0.3965402653254164,2.1797129073686965,0.3383992959182436,0.0,0.0,3.4371433655552237,3.495570079679025,0.3724360741483691,2.1335531845837985,4.650533414994893,2.1797129073686965,0.3383992959182436,5910
136,22.779801573538947,-16.48118741136704,0.07878359989075469,7.333097452860221,13.710495214922883,-16.48118741136704,nan,0.041764620424047584,0.037018979466707125,22.65983443094725,-16.840839717589127,0.07879712481452306,7.5324482355087845,13.43024007368143,-16.840839717589127,nan,725.0245804438096,0.8864253996172984,0.0,2.0411090966897674,817.919455779165,46.0,46.0,,0.0001746787580029741,,,,,,,3.2941962507063276,,0,2.1335531845837985,4.650533414994893,inf,-inf,-0.36794089947752917,0.31522837445080326,-0.278762874281637,0.16444561171600003,inf,-inf,2.244060492154796,0.19857943087256447,0.19857943087256447,0.19857943087256447,784,2.6820860159439137,1.6152718557283725,1.914920209436819,,,-1.3634612446951655,3.330681814006301,0.3965402653254164,2.1797129073686965,0.3383992959182436,0.0,0.0,3.4371433655552237,3.495570079679025,0.3724360741483691,2.1335531845837985,4.650533414994893,2.1797129073686965,0.3383992959182436,5910
137,22.73153028488073,-16.43716688749203,0.07917251440869942,7.326525926219271,13.700061838016671,-16.43716688749203,nan,0.04220136894276985,0.036971145465929556,22.65983443094725,-16.840839717589127,0.07879712481452306,7.5324482355087845,13.43024007368143,-16.840839717589127,nan,745.6885194562104,0.9218802887567508,0.0,2.053439168271741,808.8778212861533,46.0,46.0,,0.00017317331886682408,,,,,,,3.2941962507063276,,0,2.1335531845837985,4.650533414994893,inf,-inf,-0.3560686347343868,0.297179429676036,-0.28951280805872764,0.15526439651527027,inf,-inf,2.244459424100745,0.1985872931253583,0.1985872931253583,0.1985872931253583,784,2.6820860159439137,1.6152718557283725,1.914920209436819,,,-1.3634612446951655,3.330681814006301,0.3965402653254164,2.1797129073686965,0.3383992959182436,0.0,0.0,3.4371433655552237,3.495570079679025,0.3724360741483691,2.1335531845837985,4.650533414994893,2.1797129073686965,0.3383992959182436,5910
138,22.777434154910942,-16.51365975361624,0.07968517696630532,7.326460066416934,13.669919644677943,-16.51365975361624,nan,0.04264234242201268,0.03704283454429265,22.65983443094725,-16.840839717589127,0.07879712481452306,7.5324482355087845,13.43024007368143,-16.840839717589127,nan,565.0122391837774,0.9139323425011202,0.0,2.0812893872242735,618.2210792951392,46.0,46.0,,0.00017166588682146562,,,,,,,3.2941962507063276,,0,2.1335531845837985,4.650533414994893,inf,-inf,-0.3520921402602117,0.33603273773852066,-0.28750650012741774,0.1546744124991145,inf,-inf,2.2433500413115315,0.1985986976756261,0.1985986976756261,0.1985986976756261,784,2.6820860159439137,1.6152718557283725,1.914920209436819,,,-1.3634612446951655,3.330681814006301,0.3965402653254164,2.1797129073686965,0.3383992959182436,0.0,0.0,3.4371433655552237,3.495570079679025,0.3724360741483691,2.1335531845837985,4.650533414994893,2.1797129073686965,0.3383992959182436,5910
139,22.74692171997708,-16.416872646685086,0.08024196534793186,7.279089244244786,13.689380282884713,-16.416872646685086,nan,0.043090247913879234,0.037151717434052635,22.65983443094725,-16.840839717589127,0.07879712481452306,7.5324482355087845,13.43024007368143,-16.840839717589127,nan,930.1955060582279,0.8857950796442499,0.0,2.025066254617704,1050.1249413485227,46.0,46.0,,0.00017015662717380974,,,,,,,3.2941962507063276,,0,2.1335531845837985,4.650533414994893,inf,-inf,-0.3611873610220766,0.3320667343652883,-0.27446324922775656,0.1624268830474683,inf,-inf,2.2435507676809316,0.19859905586994483,0.19859905586994483,0.19859905586994483,784,2.6820860159439137,1.6152718557283725,1.914920209436819,,,-1.3634612446951655,3.330681814006301,0.3965402653254164,2.1797129073686965,0.3383992959182436,0.0,0.0,3.4371433655552237,3.495570079679025,0.3724360741483691,2.1335531845837985,4.650533414994893,2.1797129073686965,0.3383992959182436,5910
140,22.70634175562719,-16.578890605612592,0.08036447909860849,7.292809789425175,13.50062541853838,-16.578890605612592,nan,0.04351739077074929,0.036847088327859205,22.31366644400638,-16.51461002610706,0.0808150113068571,7.389251035931123,13.269122465137299,-16.51461002610706,nan,637.0131075617031,0.8818410400585613,0.0,2.011884342637353,722.3672732666199,46.0,46.0,,0.00016864570543118456,,,,,,,3.1677629110179457,,0,2.042525601942835,4.601037300422112,inf,-inf,-0.3481429263388841,0.32741763165089266,-0.27116759691066294,0.17137306713800524,inf,-inf,2.2433045431077088,0.19858975841163443,0.19858975841163443,0.19858975841163443,784,2.661498693078526,1.6077941850506634,1.9146377063702646,,,-1.399763857518222,3.20245267803588,0.3923779834481583,2.25262160535253,0.3526882452040569,0.0,0.0,3.3118435195617955,3.3663904230602237,0.36628544730686646,2.042525601942835,4.601037300422112,2.25262160535253,0.3526882452040569,5910
141,22.68555687365153,-16.24624895354417,0.08087340454433535,7.238201637215408,13.758382961867103,-16.24624895354417,nan,0.04395121020263543,0.036922194341699945,22.31366644400638,-16.51461002610706,0.0808150113068571,7.389251035931123,13.269122465137299,-16.51461002610706,nan,1207.0352137728485,0.9037351171583906,0.0,2.0537976417811663,1335.607293393802,46.0,46.0,,0.0001671332872831857,,,,,,,3.1677629110179457,,0,2.042525601942835,4.601037300422112,inf,-inf,-0.34786291580768475,0.3489366622315563,-0.2814875509208207,0.17650820863881383,inf,-inf,2.2426727380167595,0.19855394508239585,0.19855394508239585,0.19855394508239585,784,2.661498693078526,1.6077941850506634,1.9146377063702646,,,-1.399763857518222,3.20245267803588,0.3923779834481583,2.25262160535253,0.3526882452040569,0.0,0.0,3.3118435195617955,3.3663904230602237,0.36628544730686646,2.042525601942835,4.601037300422112,2.25262160535253,0.3526882452040569,5910
142,22.589272819343115,-16.38795323890127,0.08130086913803296,7.189254028620723,13.4718744782006,-16.38795323890127,nan,0.04438114599151353,0.03691972314651945,22.31366644400638,-16.51461002610706,0.0808150113068571,7.389251035931123,13.269122465137299,-16.51461002610706,nan,918.0975383924996,0.8698001412431495,0.0,1.9749655779596997,1055.527005411061,46.0,46.0,,0.00016561953858350656,,,,,,,3.1677629110179457,,0,2.042525601942835,4.601037300422112,inf,-inf,-0.3534994409619333,0.3408175584987854,-0.2824129004613306,0.1439549230752913,inf,-inf,2.242193332195457,0.19854185281827205,0.19854185281827205,0.19854185281827205,784,2.661498693078526,1.6077941850506634,1.9146377063702646,,,-1.399763857518222,3.20245267803588,0.3923779834481583,2.25262160535253,0.3526882452040569,0.0,0.0,3.3118435195617955,3.3663904230602237,0.36628544730686646,2.042525601942835,4.601037300422112,2.25262160535253,0.3526882452040569,5910
143,22.604761846599914,-16.54912852132233,0.08186932988491835,7.203065363143416,13.340568018305918,-16.54912852132233,nan,0.04480921539663794,0.037060114488280435,22.31366644400638,-16.51461002610706,0.0808150113068571,7.389251035931123,13.269122465137299,-16.51461002610706,nan,719.1401425906712,0.8800830371023379,0.0,2.049154589569924,817.1276030480384,46.0,46.0,,0.00016410462533175042,,,,,,,3.1677629110179457,,0,2.042525601942835,4.601037300422112,inf,-inf,-0.3549961131666123,0.33710393738819017,-0.2846235582581033,0.1723002616004904,inf,-inf,2.242741690875606,0.1984569573546255,0.1984569573546255,0.1984569573546255,784,2.661498693078526,1.6077941850506634,1.9146377063702646,,,-1.399763857518222,3.20245267803588,0.3923779834481583,2.25262160535253,0.3526882452040569,0.0,0.0,3.3118435195617955,3.3663904230602237,0.36628544730686646,2.042525601942835,4.601037300422112,2.25262160535253,0.3526882452040569,5910
144,22.55713757841191,-16.58102924993651,0.08224989115010738,7.164586194989643,13.222944414615153,-16.58102924993651,nan,0.04524184732285888,0.03700804382724848,22.31366644400638,-16.51461002610706,0.0808150113068571,7.389251035931123,13.269122465137299,-16.51461002610706,nan,508.90543381257646,0.882581926715053,0.0,2.002060292157406,576.6098516278362,46.0,46.0,,0.00016258871365522684,,,,,,,3.1677629110179457,,0,2.042525601942835,4.601037300422112,inf,-inf,-0.3468215550864675,0.32258235273184405,-0.281882544408335,0.15282429158006616,inf,-inf,2.242365652556741,0.19835002902970078,0.19835002902970078,0.19835002902970078,784,2.661498693078526,1.6077941850506634,1.9146377063702646,,,-1.399763857518222,3.20245267803588,0.3923779834481583,2.25262160535253,0.3526882452040569,0.0,0.0,3.3118435195617955,3.3663904230602237,0.36628544730686646,2.042525601942835,4.601037300422112,2.25262160535253,0.3526882452040569,5910
145,22.573073398840645,-16.387825277369807,0.0826508539169563,7.143030909171065,13.41092988455886,-16.387825277369807,nan,0.04567264040266757,0.03697821351428876,22.147279591493376,-16.682056204386548,0.0832948764750463,7.182022527796117,12.73054079137799,-16.682056204386548,nan,839.0681744327245,0.9023809289640518,0.0,2.0696616717669096,929.8381066142307,46.0,46.0,,0.00016107196979073393,,,,,,,3.0505136100678794,,0,1.9552171192129038,4.530469737561488,inf,-inf,-0.36766868057344537,0.31876384256815,-0.29929070251890055,0.13019916598621,inf,-inf,2.2410664660317203,0.19845800607765068,0.19845800607765068,0.19845800607765068,784,2.6426051089342795,1.6009133901822314,1.913893761067935,,,-1.434773913293233,3.0837232800085186,0.38800062624594117,2.3171184893191215,0.3649482426556266,0.0,0.0,3.195188045667831,3.2444445682262097,0.36018259442504663,1.9552171192129038,4.530469737561488,2.3171184893191215,0.3649482426556266,5910
146,22.566370327921376,-16.56070123554315,0.08332994277282821,7.142577768839456,13.23157680399051,-16.56070123554315,nan,0.04611148359684291,0.0372184591759853,22.147279591493376,-16.682056204386548,0.0832948764750463,7.182022527796117,12.73054079137799,-16.682056204386548,nan,721.3541303117231,0.866938100677479,0.0,1.9940326800339867,832.0710899059718,46.0,46.0,,0.00015955456006632853,,,,,,,3.0505136100678794,,0,1.9552171192129038,4.530469737561488,inf,-inf,-0.33344444404108786,0.315455268119698,-0.28109743676928817,0.13712309664674788,inf,-inf,2.2407069348835793,0.1984760847884811,0.1984760847884811,0.1984760847884811,784,2.6426051089342795,1.6009133901822314,1.913893761067935,,,-1.434773913293233,3.0837232800085186,0.38800062624594117,2.3171184893191215,0.3649482426556266,0.0,0.0,3.195188045667831,3.2444445682262097,0.36018259442504663,1.9552171192129038,4.530469737561488,2.3171184893191215,0.3649482426556266,5910
147,22.543915897603775,-16.36294213481584,0.08387054581667505,7.0788366132343326,13.343680921838942,-16.36294213481584,nan,0.04653475406268298,0.03733579175399206,22.147279591493376,-16.682056204386548,0.0832948764750463,7.182022527796117,12.73054079137799,-16.682056204386548,nan,985.3287259499976,0.8899609076049456,0.0,2.0094060189523217,1107.1595589537803,46.0,46.0,,0.00015803665088308673,,,,,,,3.0505136100678794,,0,1.9552171192129038,4.530469737561488,inf,-inf,-0.36956738429166225,0.3168035972462823,-0.2914242645983634,0.13629898221611328,inf,-inf,2.2398651614802767,0.19862067251573423,0.19862067251573423,0.19862067251573423,784,2.6426051089342795,1.6009133901822314,1.913893761067935,,,-1.434773913293233,3.0837232800085186,0.38800062624594117,2.3171184893191215,0.3649482426556266,0.0,0.0,3.195188045667831,3.2444445682262097,0.36018259442504663,1.9552171192129038,4.530469737561488,2.3171184893191215,0.3649482426556266,5910
148,22.345931694475144,-16.534253481459878,0.08425530075908128,7.027081851735585,12.923015365509933,-16.534253481459878,nan,0.04694761237642596,0.03730768838265532,22.147279591493376,-16.682056204386548,0.0832948764750463,7.182022527796117,12.73054079137799,-16.682056204386548,nan,641.3204674662168,0.8601180699842178,0.0,1.9661164596613094,745.6191072441767,46.0,46.0,,0.00015651840869685562,,,,,,,3.0505136100678794,,0,1.9552171192129038,4.530469737561488,inf,-inf,-0.3634599301929169,0.34076626839314783,-0.3028501103400043,0.16095005463663042,inf,-inf,2.2405363162308523,0.1983762955908261,0.1983762955908261,0.1983762955908261,784,2.6426051089342795,1.6009133901822314,1.913893761067935,,,-1.434773913293233,3.0837232800085186,0.38800062624594117,2.3171184893191215,0.3649482426556266,0.0,0.0,3.195188045667831,3.2444445682262097,0.36018259442504663,1.9552171192129038,4.530469737561488,2.3171184893191215,0.3649482426556266,5910
149,22.386750163648664,-16.47585002410395,0.08460358458339827,7.00775946040348,13.003263184531594,-16.47585002410395,nan,0.0473733628201558,0.03723022176324251,22.147279591493376,-16.682056204386548,0.0832948764750463,7.182022527796117,12.73054079137799,-16.682056204386548,nan,774.8214801896,0.8719075960599326,0.0,2.004893047657956,888.6509117376021,46.0,46.0,,0.00015499999999999997,,,,,,,3.0505136100678794,,0,1.9552171192129038,4.530469737561488,inf,-inf,-0.3728882023429734,0.311959191131995,-0.29977124859260706,0.10498965334286996,inf,-inf,2.2395744776779503,0.19829369595966945,0.19829369595966945,0.19829369595966945,784,2.6426051089342795,1.6009133901822314,1.913893761067935,,,-1.434773913293233,3.0837232800085186,0.38800062624594117,2.3171184893191215,0.3649482426556266,0.0,0.0,3.195188045667831,3.2444445682262097,0.36018259442504663,1.9552171192129038,4.530469737561488,2.3171184893191215,0.3649482426556266,5910
150,22.30867138729827,-16.48169222416231,0.08540092354091947,6.959613287704103,12.871993374380981,-16.48169222416231,nan,0.047793990184771665,0.03760693335614778,21.75415442462321,-16.67051517825897,0.08626313845489589,6.929143663142368,12.099046047961505,-16.67051517825897,nan,571.0578641188664,0.8815822655787325,0.0,1.9921742390886454,647.7646913007986,46.0,46.0,,0.00015348159130314435,,,,,,,2.9427185899415296,,0,1.8611983898327171,4.455077103242901,inf,-inf,-0.36818279732989717,0.2949715758220731,-0.29639110114470457,0.12982184550838544,inf,-inf,2.2384144055512447,0.19840160522045186,0.19840160522045186,0.19840160522045186,784,2.6256396112114535,1.594679145728349,1.9143206520179232,,,-1.4681455531438463,2.972917639054809,0.3832814249334718,2.393660518717362,0.3790625565539966,0.0,0.0,3.0880671375502944,3.1338631208417214,0.35360096963503845,1.8611983898327171,4.455077103242901,2.393660518717362,0.3790625565539966,5910
151,22.174701901545866,-16.181879170449157,0.08650590818631515,6.892247223607172,12.971575862890196,-16.181879170449157,nan,0.04821144119211691,0.038294466994198244,21.75415442462321,-16.67051517825897,0.08626313845489589,6.929143663142368,12.099046047961505,-16.67051517825897,nan,1056.3093748215254,0.9041648224290908,0.0,2.071822272758456,1168.2708159157194,46.0,46.0,,0.00015196334911691327,,,,,,,2.9427185899415296,,0,1.8611983898327171,4.455077103242901,inf,-inf,-0.37271359511578034,0.3312532146553123,-0.3208648196827066,0.14600892414534689,inf,-inf,2.238463058090741,0.1982935364293409,0.1982935364293409,0.1982935364293409,784,2.6256396112114535,1.594679145728349,1.9143206520179232,,,-1.4681455531438463,2.972917639054809,0.3832814249334718,2.393660518717362,0.3790625565539966,0.0,0.0,3.0880671375502944,3.1338631208417214,0.35360096963503845,1.8611983898327171,4.455077103242901,2.393660518717362,0.3790625565539966,5910
152,22.20704867193833,-16.20755515045519,0.0877897330881325,6.89901351673363,12.986296771304904,-16.20755515045519,nan,0.048640336053721304,0.03914939703441118,21.75415442462321,-16.67051517825897,0.08626313845489589,6.929143663142368,12.099046047961505,-16.67051517825897,nan,1071.0741683058666,0.913626741436451,0.0,2.026274409639456,1172.3323319344493,46.0,46.0,,0.0001504454399336714,,,,,,,2.9427185899415296,,0,1.8611983898327171,4.455077103242901,inf,-inf,-0.3725324713989046,0.31077662525703076,-0.31289131571292156,0.10546940255938875,inf,-inf,2.2385908413817446,0.1983409757111279,0.1983409757111279,0.1983409757111279,784,2.6256396112114535,1.594679145728349,1.9143206520179232,,,-1.4681455531438463,2.972917639054809,0.3832814249334718,2.393660518717362,0.3790625565539966,0.0,0.0,3.0880671375502944,3.1338631208417214,0.35360096963503845,1.8611983898327171,4.455077103242901,2.393660518717362,0.3790625565539966,5910
153,22.079442823550643,-16.343031822900567,0.08879334198223977,6.82933460454248,12.654538947174796,-16.343031822900567,nan,0.049053107642112966,0.039740234340126815,21.75415442462321,-16.67051517825897,0.08626313845489589,6.929143663142368,12.099046047961505,-16.67051517825897,nan,647.8112518721333,0.8780739893464775,0.0,1.9839230370746803,737.7638555883868,46.0,46.0,,0.00014892803020926605,,,,,,,2.9427185899415296,,0,1.8611983898327171,4.455077103242901,inf,-inf,-0.37516467808836135,0.29846881118520907,-0.2936586307364774,0.11794747612624389,inf,-inf,2.240880452635886,0.19807183405103201,0.19807183405103201,0.19807183405103201,784,2.6256396112114535,1.594679145728349,1.9143206520179232,,,-1.4681455531438463,2.972917639054809,0.3832814249334718,2.393660518717362,0.3790625565539966,0.0,0.0,3.0880671375502944,3.1338631208417214,0.35360096963503845,1.8611983898327171,4.455077103242901,2.393660518717362,0.3790625565539966,5910
154,22.04599398903984,-16.243328329234178,0.08988608385141353,6.81206471732911,12.704616460986186,-16.243328329234178,nan,0.04946998966976705,0.04041609418164648,21.75415442462321,-16.67051517825897,0.08626313845489589,6.929143663142368,12.099046047961505,-16.67051517825897,nan,1010.8976469345345,0.8722333093221105,0.0,1.9868657954817466,1158.976200668365,46.0,46.0,,0.00014741128634477313,,,,,,,2.9427185899415296,,0,1.8611983898327171,4.455077103242901,inf,-inf,-0.363815714883398,0.3030791087315178,-0.30309228698910523,0.10190783033805069,inf,-inf,2.241559539002546,0.1979554503211652,0.1979554503211652,0.1979554503211652,784,2.6256396112114535,1.594679145728349,1.9143206520179232,,,-1.4681455531438463,2.972917639054809,0.3832814249334718,2.393660518717362,0.3790625565539966,0.0,0.0,3.0880671375502944,3.1338631208417214,0.35360096963503845,1.8611983898327171,4.455077103242901,2.393660518717362,0.3790625565539966,5910
155,21.974470299038224,-16.136158747531347,0.09062947613580002,6.795661754732268,12.724602782374944,-16.136158747531347,nan,0.049872911971637485,0.04075656416416257,22.062060410006673,-17.042046185193627,0.0914589408693765,7.054209908543921,12.165683074226344,-17.042046185193627,nan,1207.0076394951902,0.8605212206228745,0.0,1.9569528093473423,1402.647152177743,46.0,46.0,,0.00014589537466824958,,,,,,,2.8426656960530226,,0,1.747094644991404,4.406463565597656,inf,-inf,-0.36608298175884674,0.3165130743742497,-0.29135347845823695,0.11848644820479298,inf,-inf,2.243682661789713,0.19776305082880605,0.19776305082880605,0.19776305082880605,784,2.6139065189284576,1.5898586016945435,1.915260801700211,,,-1.5002420784856385,2.870074750843779,0.3787831747110297,2.522166488364079,0.40177375098858537,0.0,0.0,2.9886739299191114,3.031122084568203,0.3484566029598235,1.747094644991404,4.406463565597656,2.522166488364079,0.40177375098858537,5910
156,22.019579050682477,-16.400133104774408,0.09168085543125967,6.748773165730202,12.45989996706953,-16.400133104774408,nan,0.05027590792631218,0.04140494750494749,22.062060410006673,-17.042046185193627,0.0914589408693765,7.054209908543921,12.165683074226344,-17.042046185193627,nan,607.0244090676397,0.873962074716029,0.0,1.9721005743208155,694.5660762967046,46.0,46.0,,0.00014438046141649342,,,,,,,2.8426656960530226,,0,1.747094644991404,4.406463565597656,inf,-inf,-0.37828391461204475,0.3100913948513577,-0.3006688262900383,0.09914035395486594,inf,-inf,2.24374195727501,0.19766333532685781,0.19766333532685781,0.19766333532685781,784,2.6139065189284576,1.5898586016945435,1.915260801700211,,,-1.5002420784856385,2.870074750843779,0.3787831747110297,2.522166488364079,0.40177375098858537,0.0,0.0,2.9886739299191114,3.031122084568203,0.3484566029598235,1.747094644991404,4.406463565597656,2.522166488364079,0.40177375098858537,5910
157,21.91990946294366,-16.263700540675156,0.09268817969900416,6.707925829983123,12.456822931950631,-16.263700540675156,nan,0.050681627473577545,0.042006552225426604,22.062060410006673,-17.042046185193627,0.0914589408693765,7.054209908543921,12.165683074226344,-17.042046185193627,nan,846.9254952067841,0.8887910464888449,0.0,2.015951698429218,952.8960699509182,46.0,46.0,,0.00014286671271681423,,,,,,,2.8426656960530226,,0,1.747094644991404,4.406463565597656,inf,-inf,-0.3732334775822305,0.31377371226982737,-0.320525392673462,0.10635019982879465,inf,-inf,2.2447460162899313,0.19750395262115927,0.19750395262115927,0.19750395262115927,784,2.6139065189284576,1.5898586016945435,1.915260801700211,,,-1.5002420784856385,2.870074750843779,0.3787831747110297,2.522166488364079,0.40177375098858537,0.0,0.0,2.9886739299191114,3.031122084568203,0.3484566029598235,1.747094644991404,4.406463565597656,2.522166488364079,0.40177375098858537,5910
158,21.850789876662226,-16.32144196771982,0.0933858957677621,6.697885819105232,12.3206196238154,-16.32144196771982,nan,0.05109279216739448,0.042293103600367636,22.062060410006673,-17.042046185193627,0.0914589408693765,7.054209908543921,12.165683074226344,-17.042046185193627,nan,703.907950081518,0.8723905939495645,0.0,1.966852903789872,806.8724662593199,46.0,46.0,,0.00014135429456881541,,,,,,,2.8426656960530226,,0,1.747094644991404,4.406463565597656,inf,-inf,-0.38291013898126314,0.2879092754474415,-0.33239554448926806,0.11272725892127547,inf,-inf,2.2458040871087155,0.1972780300744935,0.1972780300744935,0.1972780300744935,784,2.6139065189284576,1.5898586016945435,1.915260801700211,,,-1.5002420784856385,2.870074750843779,0.3787831747110297,2.522166488364079,0.40177375098858537,0.0,0.0,2.9886739299191114,3.031122084568203,0.3484566029598235,1.747094644991404,4.406463565597656,2.522166488364079,0.40177375098858537,5910
159,21.692783494775064,-16.23446121225123,0.09431881927568503,6.609199674512138,12.161840776311656,-16.23446121225123,nan,0.05149187999689582,0.042826939278789264,22.062060410006673,-17.042046185193627,0.0914589408693765,7.054209908543921,12.165683074226344,-17.042046185193627,nan,535.1300947995012,0.9089227317701104,0.0,2.0496313380184326,588.7520204906143,46.0,46.0,,0.00013984337282619026,,,,,,,2.8426656960530226,,0,1.747094644991404,4.406463565597656,inf,-inf,-0.38126568835010594,0.28020776528922037,-0.34236960907074887,0.1578515261425807,inf,-inf,2.2453824739946944,0.19726000778440786,0.19726000778440786,0.19726000778440786,784,2.6139065189284576,1.5898586016945435,1.915260801700211,,,-1.5002420784856385,2.870074750843779,0.3787831747110297,2.522166488364079,0.40177375098858537,0.0,0.0,2.9886739299191114,3.031122084568203,0.3484566029598235,1.747094644991404,4.406463565597656,2.522166488364079,0.40177375098858537,5910
160,21.663216334845565,-16.210286784011256,0.09498293355392509,6.590913358887797,12.138825843276031,-16.210286784011256,nan,0.05190702994015445,0.04307590361377066,21.281660660692786,-16.64752719170901,0.09537153010739921,6.739605132011657,11.469110131102832,-16.64752719170901,nan,654.1926378211069,0.8978637785109945,0.0,1.9992626856037508,728.6101226914526,46.0,46.0,,0.00013833411317853436,,,,,,,2.7497492044820278,,0,1.6384915791881853,4.3408800088612205,inf,-inf,-0.37706524192563234,0.24967964820106164,-0.3389397553729021,0.1369228770702141,inf,-inf,2.247166058813966,0.19703923719635172,0.19703923719635172,0.19703923719635172,784,2.597206770409114,1.5840708955235783,1.9155338854982384,,,-1.5311114465323539,2.772309375579194,0.37426666086053184,2.649314811255834,0.4231335674583629,0.0,0.0,2.896275920651783,2.9353412569963497,0.34353999331337187,1.6384915791881853,4.3408800088612205,2.649314811255834,0.4231335674583629,5910
161,21.629738877291867,-16.208260507652053,0.09515526228400918,6.564317971116815,12.080951603040639,-16.208260507652053,nan,0.0523049744547283,0.042850287829280874,21.281660660692786,-16.64752719170901,0.09537153010739921,6.739605132011657,11.469110131102832,-16.64752719170901,nan,770.2002045625842,0.8903501205874914,0.0,2.022005716570573,865.0531816117157,46.0,46.0,,0.0001368266811331759,,,,,,,2.7497492044820278,,0,1.6384915791881853,4.3408800088612205,inf,-inf,-0.3747825211816439,0.2809374103806383,-0.3371126046709674,0.17978458472044834,inf,-inf,2.247405681810811,0.19686693201709823,0.19686693201709823,0.19686693201709823,784,2.597206770409114,1.5840708955235783,1.9155338854982384,,,-1.5311114465323539,2.772309375579194,0.37426666086053184,2.649314811255834,0.4231335674583629,0.0,0.0,2.896275920651783,2.9353412569963497,0.34353999331337187,1.6384915791881853,4.3408800088612205,2.649314811255834,0.4231335674583629,5910
162,21.417438969290355,-16.062198461192164,0.09556883577627336,6.484744796844547,11.935554140719011,-16.062198461192164,nan,0.05271263521447311,0.04285620056180024,21.281660660692786,-16.64752719170901,0.09537153010739921,6.739605132011657,11.469110131102832,-16.64752719170901,nan,879.898808658344,0.9125389188665186,0.0,2.053316701604535,964.2315417640297,46.0,46.0,,0.00013532124199702587,,,,,,,2.7497492044820278,,0,1.6384915791881853,4.3408800088612205,inf,-inf,-0.3825072704572314,0.2841201647391091,-0.346090951382589,0.1407725864395201,inf,-inf,2.2470111290214687,0.19683805345442842,0.19683805345442842,0.19683805345442842,784,2.597206770409114,1.5840708955235783,1.9155338854982384,,,-1.5311114465323539,2.772309375579194,0.37426666086053184,2.649314811255834,0.4231335674583629,0.0,0.0,2.896275920651783,2.9353412569963497,0.34353999331337187,1.6384915791881853,4.3408800088612205,2.649314811255834,0.4231335674583629,5910
163,21.286876776573553,-16.07793650079446,0.09626267011509838,6.462322080179843,11.767525026074033,-16.07793650079446,nan,0.053116247172351125,0.043146422942747266,21.281660660692786,-16.64752719170901,0.09537153010739921,6.739605132011657,11.469110131102832,-16.64752719170901,nan,855.9261021099244,0.8894440132962805,0.0,1.9943646386566645,962.3158842093515,46.0,46.0,,0.00013381796085845036,,,,,,,2.7497492044820278,,0,1.6384915791881853,4.3408800088612205,inf,-inf,-0.38298604054456636,0.2789917719780035,-0.3248149930899603,0.16448309299043315,inf,-inf,2.2471485479641458,0.19676081116838257,0.19676081116838257,0.19676081116838257,784,2.597206770409114,1.5840708955235783,1.9155338854982384,,,-1.5311114465323539,2.772309375579194,0.37426666086053184,2.649314811255834,0.4231335674583629,0.0,0.0,2.896275920651783,2.9353412569963497,0.34353999331337187,1.6384915791881853,4.3408800088612205,2.649314811255834,0.4231335674583629,5910
164,21.315541046105647,-16.116712040326632,0.09691598673741071,6.430143553634385,11.72588854615081,-16.116712040326632,nan,0.05350946778371362,0.043406518953697106,21.281660660692786,-16.64752719170901,0.09537153010739921,6.739605132011657,11.469110131102832,-16.64752719170901,nan,597.0528322940224,0.9190453868651897,0.0,2.0150317090759176,649.6445560001503,46.0,46.0,,0.00013231700256916657,,,,,,,2.7497492044820278,,0,1.6384915791881853,4.3408800088612205,inf,-inf,-0.3853747001566439,0.27843931345333367,-0.34996526958137125,0.1721159567244726,inf,-inf,2.248079059391217,0.19665885076702846,0.19665885076702846,0.19665885076702846,784,2.597206770409114,1.5840708955235783,1.9155338854982384,,,-1.5311114465323539,2.772309375579194,0.37426666086053184,2.649314811255834,0.4231335674583629,0.0,0.0,2.896275920651783,2.9353412569963497,0.34353999331337187,1.6384915791881853,4.3408800088612205,2.649314811255834,0.4231335674583629,5910
165,21.199768616065906,-15.946533828413495,0.09755935187001342,6.40251100756918,11.753305147091606,-15.946533828413495,nan,0.05389936255478544,0.043659989315228034,21.121626621244253,-16.4716226838297,0.09833958211515102,6.681322987580701,11.429666507110404,-16.4716226838297,nan,979.0423491322593,0.8971781261366003,0.0,1.9822517569171456,1091.2463429622167,46.0,46.0,,0.00013081853172616515,,,,,,,2.6632788137715324,,0,1.6007232104812525,4.289800766388915,inf,-inf,-0.3925558879186837,0.2998619992119821,-0.3411222058310062,0.16197013294583307,inf,-inf,2.2487923947287465,0.1965789739420053,0.1965789739420053,0.1965789739420053,784,2.57760004513629,1.577568905040149,1.9140977508281622,,,-1.5606510261340065,2.683191908494308,0.3694663854292922,2.6799141402461446,0.4281208802173566,0.0,0.0,2.8094037209579863,2.8459665698733683,0.33854552190797027,1.6007232104812525,4.289800766388915,2.6799141402461446,0.4281208802173566,5910
166,20.976771966429187,-15.988627284474378,0.09844565828452499,6.3284625404809836,11.415052880720317,-15.988627284474378,nan,0.05428978848023154,0.04415586980429347,21.121626621244253,-16.4716226838297,0.09833958211515102,6.681322987580701,11.429666507110404,-16.4716226838297,nan,877.215602533064,0.8856867169610353,0.0,1.991494268612659,990.4355408455968,46.0,46.0,,0.00012932271265366044,,,,,,,2.6632788137715324,,0,1.6007232104812525,4.289800766388915,inf,-inf,-0.3844358582484748,0.29681776265279247,-0.35585884695576986,0.1866861818650526,inf,-inf,2.249243118335565,0.19650572485059553,0.19650572485059553,0.19650572485059553,784,2.57760004513629,1.577568905040149,1.9140977508281622,,,-1.5606510261340065,2.683191908494308,0.3694663854292922,2.6799141402461446,0.4281208802173566,0.0,0.0,2.8094037209579863,2.8459665698733683,0.33854552190797027,1.6007232104812525,4.289800766388915,2.6799141402461446,0.4281208802173566,5910
167,20.921909112555262,-16.077948772003765,0.09944902172285883,6.262041780126022,11.205451142400378,-16.077948772003765,nan,0.054672598644243245,0.044776423078615554,21.121626621244253,-16.4716226838297,0.09833958211515102,6.681322987580701,11.429666507110404,-16.4716226838297,nan,506.1366345754903,0.9345495220676625,0.0,2.009173276502228,541.5835358362586,46.0,46.0,,0.00012782970938506996,,,,,,,2.6632788137715324,,0,1.6007232104812525,4.289800766388915,inf,-inf,-0.40006921644927557,0.28103739375764175,-0.36115660919568915,0.1723786982760744,inf,-inf,2.249389867417759,0.19644676734681857,0.19644676734681857,0.19644676734681857,784,2.57760004513629,1.577568905040149,1.9140977508281622,,,-1.5606510261340065,2.683191908494308,0.3694663854292922,2.6799141402461446,0.4281208802173566,0.0,0.0,2.8094037209579863,2.8459665698733683,0.33854552190797027,1.6007232104812525,4.289800766388915,2.6799141402461446,0.4281208802173566,5910
168,20.82362511620417,-15.838727470519263,0.10066677417847551,6.226273252269465,11.311837672132846,-15.838727470519263,nan,0.0550669668587996,0.04559980731967592,21.121626621244253,-16.4716226838297,0.09833958211515102,6.681322987580701,11.429666507110404,-16.4716226838297,nan,480.3517704201149,0.969036239178274,0.0,2.0713154004720757,495.70052284881,46.0,46.0,,0.00012633968564502673,,,,,,,2.6632788137715324,,0,1.6007232104812525,4.289800766388915,inf,-inf,-0.3904357179924434,0.2866414957485924,-0.3919015541430018,0.1859673974544518,inf,-inf,2.249781862777678,0.196369821264684,0.196369821264684,0.196369821264684,784,2.57760004513629,1.577568905040149,1.9140977508281622,,,-1.5606510261340065,2.683191908494308,0.3694663854292922,2.6799141402461446,0.4281208802173566,0.0,0.0,2.8094037209579863,2.8459665698733683,0.33854552190797027,1.6007232104812525,4.289800766388915,2.6799141402461446,0.4281208802173566,5910
169,20.639376301758293,-15.976700892626669,0.1013816189924268,6.192702794617316,10.956759822741368,-15.976700892626669,nan,0.055450910889373164,0.04593070810305368,21.121626621244253,-16.4716226838297,0.09833958211515102,6.681322987580701,11.429666507110404,-16.4716226838297,nan,650.1563248473503,0.9224607300493166,0.0,2.0253070844832837,704.8065068445696,46.0,46.0,,0.00012485280483142492,,,,,,,2.6632788137715324,,0,1.6007232104812525,4.289800766388915,inf,-inf,-0.38768325145359006,0.30197133434370277,-0.3537540139808769,0.16580434224781473,inf,-inf,2.2498145607382543,0.19631621649316347,0.19631621649316347,0.19631621649316347,784,2.57760004513629,1.577568905040149,1.9140977508281622,,,-1.5606510261340065,2.683191908494308,0.3694663854292922,2.6799141402461446,0.4281208802173566,0.0,0.0,2.8094037209579863,2.8459665698733683,0.33854552190797027,1.6007232104812525,4.289800766388915,2.6799141402461446,0.4281208802173566,5910
170,20.512912453686546,-15.873911982265415,0.1024152700800542,6.14336180726164,10.884777548762825,-15.873911982265415,nan,0.0558332461060112,0.04658202397404297,20.146436459368303,-15.948847698559227,0.10340884687871976,6.3208705121391535,10.62186811982695,-15.948847698559227,nan,587.57035999446,0.9426417977214527,0.0,2.0697336670963735,623.3230495557602,46.0,46.0,,0.00012336922999750137,,,,,,,2.583294899891946,,0,1.5924065500407167,4.2370370851837995,inf,-inf,-0.39720066774091645,0.2732194207083192,-0.3957279773378166,0.15934012448621004,inf,-inf,2.250695182966219,0.1961882910966475,0.1961882910966475,0.1961882910966475,784,2.563081145641182,1.572392495232604,1.9168650256814435,,,-1.5889815763715627,2.601647746628586,0.3648915069165764,2.660775971485084,0.42500830993521715,0.0,0.0,2.7281303641333574,2.7638151072540875,0.334277986148365,1.5924065500407167,4.2370370851837995,2.660775971485084,0.42500830993521715,5910
171,20.499343568585992,-15.908131925108536,0.10321874768759513,6.110441559702903,10.804871950867955,-15.908131925108536,nan,0.05621923999231977,0.04699950769527541,20.146436459368303,-15.948847698559227,0.10340884687871976,6.3208705121391535,10.62186811982695,-15.948847698559227,nan,664.2478050887145,0.9281203349519542,0.0,2.0110296318339906,715.6914680929822,46.0,46.0,,0.00012188912383395497,,,,,,,2.583294899891946,,0,1.5924065500407167,4.2370370851837995,inf,-inf,-0.387167226886606,0.28767776404072765,-0.3515499931453466,0.1270705293598274,inf,-inf,2.2533862068783366,0.19600733013755295,0.19600733013755295,0.19600733013755295,784,2.563081145641182,1.572392495232604,1.9168650256814435,,,-1.5889815763715627,2.601647746628586,0.3648915069165764,2.660775971485084,0.42500830993521715,0.0,0.0,2.7281303641333574,2.7638151072540875,0.334277986148365,1.5924065500407167,4.2370370851837995,2.660775971485084,0.42500830993521715,5910
172,20.4173509404357,-15.571800292395531,0.10437255277005421,6.0822079008496805,11.032131101659903,-15.571800292395531,nan,0.05659353109841407,0.04777902167164017,20.146436459368303,-15.948847698559227,0.10340884687871976,6.3208705121391535,10.62186811982695,-15.948847698559227,nan,1086.5660915909182,0.9136785320069438,0.0,2.0283757297657696,1189.2214313104387,46.0,46.0,,0.00012041264865110584,,,,,,,2.583294899891946,,0,1.5924065500407167,4.2370370851837995,inf,-inf,-0.4002646660549437,0.2761621517228141,-0.36288511463010736,0.20783196671089132,inf,-inf,2.2562006813646183,0.19574529146293404,0.19574529146293404,0.19574529146293404,784,2.563081145641182,1.572392495232604,1.9168650256814435,,,-1.5889815763715627,2.601647746628586,0.3648915069165764,2.660775971485084,0.42500830993521715,0.0,0.0,2.7281303641333574,2.7638151072540875,0.334277986148365,1.5924065500407167,4.2370370851837995,2.660775971485084,0.42500830993521715,5910
173,20.112440712082968,-15.688375170295217,0.10521845101249713,5.994552667383888,10.523836660184138,-15.688375170295217,nan,0.05696809280771078,0.048250358204786285,20.146436459368303,-15.948847698559227,0.10340884687871976,6.3208705121391535,10.62186811982695,-15.948847698559227,nan,940.2621925255542,0.9238168706056978,0.0,2.011453953387579,1017.8014955594759,46.0,46.0,,0.00011893996636109612,,,,,,,2.583294899891946,,0,1.5924065500407167,4.2370370851837995,inf,-inf,-0.3895958041151078,0.2794710274772809,-0.38190896050861933,0.1401500739477294,inf,-inf,2.2582598566178604,0.1955352589661043,0.1955352589661043,0.1955352589661043,784,2.563081145641182,1.572392495232604,1.9168650256814435,,,-1.5889815763715627,2.601647746628586,0.3648915069165764,2.660775971485084,0.42500830993521715,0.0,0.0,2.7281303641333574,2.7638151072540875,0.334277986148365,1.5924065500407167,4.2370370851837995,2.660775971485084,0.42500830993521715,5910
174,19.959091239199388,-15.61218715028654,0.10697278993891976,5.917833134102652,10.37171001295442,-15.61218715028654,nan,0.05733789787399147,0.049634892064928327,20.146436459368303,-15.948847698559227,0.10340884687871976,6.3208705121391535,10.62186811982695,-15.948847698559227,nan,574.4845150591773,0.9743050267846932,0.0,2.1032399088306524,589.6351750899154,46.0,46.0,,0.00011747123846013455,,,,,,,2.583294899891946,,0,1.5924065500407167,4.2370370851837995,inf,-inf,-0.387948530459115,0.26672398326025926,-0.4225367155274772,0.14241081644915488,inf,-inf,2.2618407460772567,0.1952264278979227,0.1952264278979227,0.1952264278979227,784,2.563081145641182,1.572392495232604,1.9168650256814435,,,-1.5889815763715627,2.601647746628586,0.3648915069165764,2.660775971485084,0.42500830993521715,0.0,0.0,2.7281303641333574,2.7638151072540875,0.334277986148365,1.5924065500407167,4.2370370851837995,2.660775971485084,0.42500830993521715,5910
175,19.88964031716088,-15.574835476934501,0.10867049481851654,5.906428814171502,10.329904149216397,-15.574835476934501,nan,0.057714777964582645,0.050955716853933894,19.10710812665378,-15.107393133759938,0.10940573088066555,5.8753579581625575,9.984478681937066,-15.107393133759938,nan,842.5194544726088,0.9184578207642712,0.0,2.039382674089363,917.3197020321824,46.0,46.0,,0.00011600662601078654,,,,,,,2.5095309293705066,,0,1.5483032362136038,4.199697273440418,inf,-inf,-0.3943768833332166,0.25736222896952243,-0.41021208554186084,0.16673954113625727,inf,-inf,2.2657249617846342,0.19481657205435396,0.19481657205435396,0.19481657205435396,784,2.5542462917857325,1.5686556858307708,1.920705492935245,,,-1.6158186066118267,2.527621764875036,0.360541467560296,2.7124513953163554,0.43336196476072414,0.0,0.0,2.6517543947510727,2.68379440913293,0.329982647875443,1.5483032362136038,4.199697273440418,2.7124513953163554,0.43336196476072414,5910
176,19.738151627314195,-15.642629799379387,0.10963276613135757,5.849922752568733,10.0550773466349,-15.642629799379387,nan,0.05807849565464419,0.051554270476713404,19.10710812665378,-15.107393133759938,0.10940573088066555,5.8753579581625575,9.984478681937066,-15.107393133759938,nan,654.8728992889075,0.9340903022656508,0.0,2.053130414789404,701.0809315764257,46.0,46.0,,0.00011454628962431177,,,,,,,2.5095309293705066,,0,1.5483032362136038,4.199697273440418,inf,-inf,-0.40323406586449034,0.2526841202274293,-0.44122933368075035,0.18230986464961668,inf,-inf,2.2672036380731075,0.19460614480216984,0.19460614480216984,0.19460614480216984,784,2.5542462917857325,1.5686556858307708,1.920705492935245,,,-1.6158186066118267,2.527621764875036,0.360541467560296,2.7124513953163554,0.43336196476072414,0.0,0.0,2.6517543947510727,2.68379440913293,0.329982647875443,1.5483032362136038,4.199697273440418,2.7124513953163554,0.43336196476072414,5910
177,19.519906127174988,-15.574685489023004,0.11080682534071037,5.765823263845177,9.821850727337871,-15.574685489023004,nan,0.058452860597922755,0.05235396474278763,19.10710812665378,-15.107393133759938,0.10940573088066555,5.8753579581625575,9.984478681937066,-15.107393133759938,nan,614.536072032822,0.9339500248290914,0.0,2.0620518331832214,657.9967403986946,46.0,46.0,,0.00011309038944305162,,,,,,,2.5095309293705066,,0,1.5483032362136038,4.199697273440418,inf,-inf,-0.39509254531983334,0.23992726315526816,-0.4172805773794051,0.14133344711976498,inf,-inf,2.2684552587503957,0.19436109170580365,0.19436109170580365,0.19436109170580365,784,2.5542462917857325,1.5686556858307708,1.920705492935245,,,-1.6158186066118267,2.527621764875036,0.360541467560296,2.7124513953163554,0.43336196476072414,0.0,0.0,2.6517543947510727,2.68379440913293,0.329982647875443,1.5483032362136038,4.199697273440418,2.7124513953163554,0.43336196476072414,5910
178,19.140420739829015,-15.384532620984725,0.11196108506706504,5.616888523182852,9.484737727094206,-15.384532620984725,nan,0.058820450872000364,0.05314063419506463,19.10710812665378,-15.107393133759938,0.10940573088066555,5.8753579581625575,9.984478681937066,-15.107393133759938,nan,665.2398135007656,1.012029615649957,0.0,2.1695072206374992,657.3323578811751,46.0,46.0,,0.00011163908512286747,,,,,,,2.5095309293705066,,0,1.5483032362136038,4.199697273440418,inf,-inf,-0.4068034800635046,0.21361683602748716,-0.42895860499565597,0.17448239989739622,inf,-inf,2.268921834699934,0.19406716446187852,0.19406716446187852,0.19406716446187852,784,2.5542462917857325,1.5686556858307708,1.920705492935245,,,-1.6158186066118267,2.527621764875036,0.360541467560296,2.7124513953163554,0.43336196476072414,0.0,0.0,2.6517543947510727,2.68379440913293,0.329982647875443,1.5483032362136038,4.199697273440418,2.7124513953163554,0.43336196476072414,5910
179,18.74880497714496,-15.135130587499297,0.11304622538023384,5.486389808031024,9.213110423056921,-15.135130587499297,nan,0.059192796448385106,0.05385342893184874,19.10710812665378,-15.107393133759938,0.10940573088066555,5.8753579581625575,9.984478681937066,-15.107393133759938,nan,599.2897674810691,1.0232864845148375,0.0,2.21918833426071,585.6519914510603,46.0,46.0,,0.00011019253581563266,,,,,,,2.5095309293705066,,0,1.5483032362136038,4.199697273440418,inf,-inf,-0.4009207312744549,0.19683618917504628,-0.5375875555887746,0.19955121824989888,inf,-inf,2.2658721190163322,0.19408178956453498,0.19408178956453498,0.19408178956453498,784,2.5542462917857325,1.5686556858307708,1.920705492935245,,,-1.6158186066118267,2.527621764875036,0.360541467560296,2.7124513953163554,0.43336196476072414,0.0,0.0,2.6517543947510727,2.68379440913293,0.329982647875443,1.5483032362136038,4.199697273440418,2.7124513953163554,0.43336196476072414,5910
180,18.61823314064096,-15.096566332385523,0.11442738265071341,5.43670175141204,9.07279594231819,-15.096566332385523,nan,0.05957472201869287,0.05485266063202054,18.01759797776483,-14.83055060987935,0.11518336265036874,5.477544224836604,8.779774955372453,-14.83055060987935,nan,858.7311863506027,0.9749404780596987,0.0,2.158944682682564,880.8037061499664,46.0,46.0,,0.00010875090015177988,,,,,,,2.4390870515048,,0,1.446975015049645,4.17559821057389,inf,-inf,-0.3877582694596677,0.19163386395741142,-0.5486202615899912,0.1959691776429357,inf,-inf,2.2681993807148593,0.19375397693478588,0.19375397693478588,0.19375397693478588,784,2.549203347440231,1.5663322049463586,1.9255885662684127,,,-1.6421037840632253,2.4565097599532075,0.3549992597083985,2.8857431311145527,0.46025767058825173,0.0,0.0,2.57794920616769,2.6066012749164207,0.3244543403699886,1.446975015049645,4.17559821057389,2.8857431311145527,0.46025767058825173,5910
181,18.370893994074443,-15.04298928020774,0.11539511090391835,5.357272594193403,8.800572418964023,-15.04298928020774,nan,0.05994511814452813,0.055449992759390235,18.01759797776483,-14.83055060987935,0.11518336265036874,5.477544224836604,8.779774955372453,-14.83055060987935,nan,661.3020070333703,1.0168488824953232,0.0,2.1568242977581114,650.3444301483133,46.0,46.0,,0.00010731433622290546,,,,,,,2.4390870515048,,0,1.446975015049645,4.17559821057389,inf,-inf,-0.3978727464821881,0.17623620179077104,-0.61368506177069,0.18723049892927557,inf,-inf,2.268740951186264,0.1935724277174245,0.1935724277174245,0.1935724277174245,784,2.549203347440231,1.5663322049463586,1.9255885662684127,,,-1.6421037840632253,2.4565097599532075,0.3549992597083985,2.8857431311145527,0.46025767058825173,0.0,0.0,2.57794920616769,2.6066012749164207,0.3244543403699886,1.446975015049645,4.17559821057389,2.8857431311145527,0.46025767058825173,5910
182,17.916571418614286,-14.837782659361153,0.11769010721497901,5.1881771760962065,8.384656042564318,-14.837782659361153,nan,0.06030372431441331,0.05738638290056574,18.01759797776483,-14.83055060987935,0.11518336265036874,5.477544224836604,8.779774955372453,-14.83055060987935,nan,890.0030717064232,1.0225340592676586,0.0,2.1351662632120028,870.3896595325592,46.0,46.0,,0.00010588300156443278,,,,,,,2.4390870515048,,0,1.446975015049645,4.17559821057389,inf,-inf,-0.3878703104201122,0.1734123478213864,-0.6246199689349853,0.26472622476362184,inf,-inf,2.2729378726275824,0.19312391878850924,0.19312391878850924,0.19312391878850924,784,2.549203347440231,1.5663322049463586,1.9255885662684127,,,-1.6421037840632253,2.4565097599532075,0.3549992597083985,2.8857431311145527,0.46025767058825173,0.0,0.0,2.57794920616769,2.6066012749164207,0.3244543403699886,1.446975015049645,4.17559821057389,2.8857431311145527,0.46025767058825173,5910
183,17.05970896466238,-14.507659391700765,0.11836378678139456,4.901315854449262,7.571729214192272,-14.507659391700765,nan,0.06067299643743186,0.05769079034396276,18.01759797776483,-14.83055060987935,0.11518336265036874,5.477544224836604,8.779774955372453,-14.83055060987935,nan,633.9616895198486,1.1267579238120478,0.0,2.3051353661222307,562.6423175042153,46.0,46.0,,0.00010445705313833685,,,,,,,2.4390870515048,,0,1.446975015049645,4.17559821057389,inf,-inf,-0.38103306017559335,0.22260162320200352,-0.6664606960496491,0.20168199183696892,inf,-inf,2.272834901318894,0.19287531288711415,0.19287531288711415,0.19287531288711415,784,2.549203347440231,1.5663322049463586,1.9255885662684127,,,-1.6421037840632253,2.4565097599532075,0.3549992597083985,2.8857431311145527,0.46025767058825173,0.0,0.0,2.57794920616769,2.6066012749164207,0.3244543403699886,1.446975015049645,4.17559821057389,2.8857431311145527,0.46025767058825173,5910
184,15.47734587818295,-14.337659553512747,0.11735377426440996,4.397134112861772,5.654174211796384,-14.337659553512747,nan,0.06104558817260478,0.05630818609180519,18.01759797776483,-14.83055060987935,0.11518336265036874,5.477544224836604,8.779774955372453,-14.83055060987935,nan,605.8049498986372,1.2696704806969357,0.0,2.4347216832825573,477.1355710862116,46.0,46.0,,0.00010303664731593152,,,,,,,2.4390870515048,,0,1.446975015049645,4.17559821057389,inf,-inf,-0.3868676945143701,0.27191524854823607,-0.6069167545419397,0.24798792390507327,inf,-inf,2.2682658149400887,0.1926356777346454,0.1926356777346454,0.1926356777346454,784,2.549203347440231,1.5663322049463586,1.9255885662684127,,,-1.6421037840632253,2.4565097599532075,0.3549992597083985,2.8857431311145527,0.46025767058825173,0.0,0.0,2.57794920616769,2.6066012749164207,0.3244543403699886,1.446975015049645,4.17559821057389,2.8857431311145527,0.46025767058825173,5910
185,11.913986304646063,-15.122047298937144,0.11620725383221182,3.340345315347165,0.24849157488829565,-15.122047298937144,nan,0.06145893914785341,0.054748314684358444,9.603462378332196,-15.97839730584241,0.1167922203949089,2.935896626865594,-3.322246080249711,-15.97839730584241,nan,446.10003031655674,1.6771002374996473,0.0,2.92143865899127,265.9948525090174,46.0,46.0,,0.00010162193986072177,,,,,,,2.3690286543866463,,0,1.381467378492496,4.0856825141157715,inf,-inf,-0.5417950239485738,0.3889563556455543,-0.4330671040406546,0.3195343543669712,inf,-inf,2.2652481081358222,0.1922796284659929,0.1922796284659929,0.1922796284659929,784,2.5264708533850517,1.559637503676917,1.9256174121220584,,,-1.6687695380326986,2.387151225912676,0.34720442794295564,2.9574947463285066,0.47092398182319173,0.0,0.0,2.502544172395558,2.5269348937802256,0.3168743670879421,1.381467378492496,4.0856825141157715,2.9574947463285066,0.47092398182319173,5910
186,9.200994195905215,-16.054482008537086,0.1174471767918942,2.613301145520422,-4.122739490319555,-16.054482008537086,nan,0.061928690414109276,0.05551848637778494,9.603462378332196,-15.97839730584241,0.1167922203949089,2.935896626865594,-3.322246080249711,-15.97839730584241,nan,233.5812212049179,1.7332213317351417,0.0,3.1308328805409538,134.7671050015741,46.0,46.0,,0.00010021308591132228,,,,,,,2.3690286543866463,,0,1.381467378492496,4.0856825141157715,inf,-inf,-0.45162454832399085,0.29947574140482836,-0.3006009184235493,0.28963036539865494,inf,-inf,2.2595375588981637,0.19168041821744028,0.19168041821744028,0.19168041821744028,784,2.5264708533850517,1.559637503676917,1.9256174121220584,,,-1.6687695380326986,2.387151225912676,0.34720442794295564,2.9574947463285066,0.47092398182319173,0.0,0.0,2.502544172395558,2.5269348937802256,0.3168743670879421,1.381467378492496,4.0856825141157715,2.9574947463285066,0.47092398182319173,5910
187,8.61174018530652,-16.467327695434054,0.11775842717152588,2.4546996144940456,-5.283129468461963,-16.467327695434054,nan,0.06235893105340244,0.05539949611812347,9.603462378332196,-15.97839730584241,0.1167922203949089,2.935896626865594,-3.322246080249711,-15.97839730584241,nan,381.66935969067026,1.3050134561083533,0.0,2.4357565366118505,292.4639266393747,46.0,46.0,,9.881023996444511e-05,,,,,,,2.3690286543866463,,0,1.381467378492496,4.0856825141157715,inf,-inf,-0.38060076834125417,0.24690326632816284,-0.26544699127048105,0.19026082589278953,inf,-inf,2.2567568335024064,0.191303849951072,0.191303849951072,0.191303849951072,784,2.5264708533850517,1.559637503676917,1.9256174121220584,,,-1.6687695380326986,2.387151225912676,0.34720442794295564,2.9574947463285066,0.47092398182319173,0.0,0.0,2.502544172395558,2.5269348937802256,0.3168743670879421,1.381467378492496,4.0856825141157715,2.9574947463285066,0.47092398182319173,5910
188,8.36968167563325,-16.634300648866247,0.11790015304019189,2.381567367736609,-5.765151452456195,-16.634300648866247,nan,0.06270744339296938,0.05519270964722252,9.603462378332196,-15.97839730584241,0.1167922203949089,2.935896626865594,-3.322246080249711,-15.97839730584241,nan,380.1552831560113,1.132466895611359,0.0,2.1929937764302916,335.68776679408853,46.0,46.0,,9.741355585795683e-05,,,,,,,2.3690286543866463,,0,1.381467378492496,4.0856825141157715,inf,-inf,-0.4253868141339418,0.23526860804894317,-0.29531468929442006,0.1917070896850109,inf,-inf,2.2559611273696616,0.19082934615702046,0.19082934615702046,0.19082934615702046,784,2.5264708533850517,1.559637503676917,1.9256174121220584,,,-1.6687695380326986,2.387151225912676,0.34720442794295564,2.9574947463285066,0.47092398182319173,0.0,0.0,2.502544172395558,2.5269348937802256,0.3168743670879421,1.381467378492496,4.0856825141157715,2.9574947463285066,0.47092398182319173,5910
189,8.253542329725002,-16.762497598194734,0.11793435313614933,2.381346830720267,-6.009674084613316,-16.762497598194734,nan,0.0630176724537626,0.05491668068238674,9.603462378332196,-15.97839730584241,0.1167922203949089,2.935896626865594,-3.322246080249711,-15.97839730584241,nan,307.0512270849733,1.0598384196880277,0.0,2.0479335893114725,289.7151314587712,46.0,46.0,,9.6023186754009e-05,,,,,,,2.3690286543866463,,0,1.381467378492496,4.0856825141157715,inf,-inf,-0.4427100785188613,0.22913648895631916,-0.3156275270546126,0.24496566100575717,inf,-inf,2.2550293080837234,0.1903831597044511,0.1903831597044511,0.1903831597044511,784,2.5264708533850517,1.559637503676917,1.9256174121220584,,,-1.6687695380326986,2.387151225912676,0.34720442794295564,2.9574947463285066,0.47092398182319173,0.0,0.0,2.502544172395558,2.5269348937802256,0.3168743670879421,1.381467378492496,4.0856825141157715,2.9574947463285066,0.47092398182319173,5910
190,8.089182822363002,-16.801708407163854,0.11787679089173025,2.325365188444638,-6.269283605464485,-16.801708407163854,nan,0.06331967632945754,0.05455711456227272,7.576232035057931,-16.735227955688877,0.11837258612493082,2.371178930461965,-6.669444404044051,-16.735227955688877,nan,300.3920487186883,1.0114310973720577,0.0,1.965754427183351,296.99704656024454,46.0,46.0,,9.463928512224188e-05,,,,,,,2.30681242128972,,0,1.3879050466353962,3.8517693846925254,inf,-inf,-0.41520173603120347,0.20838604502289573,-0.39243997572127287,0.1928378937151648,inf,-inf,2.2530146671647504,0.19009279073357205,0.19009279073357205,0.19009279073357205,784,2.50945107499933,1.5545944127048337,1.9173727944826262,,,-1.6930802387964674,2.329612894461623,0.3379760322728689,2.775239843698319,0.4433005219788951,0.0,0.0,2.436831943480924,2.456963689178358,0.3048792859486731,1.3879050466353962,3.8517693846925254,2.775239843698319,0.4433005219788951,5910
191,7.993286255851087,-16.76768081510762,0.11830125652017297,2.283020041721218,-6.373073261015143,-16.76768081510762,nan,0.0635928403950358,0.054708416125137195,7.576232035057931,-16.735227955688877,0.11837258612493082,2.371178930461965,-6.669444404044051,-16.735227955688877,nan,405.08370338816314,1.0029590059800428,0.0,1.9403133210938093,403.8885946214073,46.0,46.0,,9.326200272306449e-05,,,,,,,2.30681242128972,,0,1.3879050466353962,3.8517693846925254,inf,-inf,-0.4395496202496991,0.197763723748195,-0.3988091741971463,0.2862920120496526,inf,-inf,2.252142848111025,0.1899279334832606,0.1899279334832606,0.1899279334832606,784,2.50945107499933,1.5545944127048337,1.9173727944826262,,,-1.6930802387964674,2.329612894461623,0.3379760322728689,2.775239843698319,0.4433005219788951,0.0,0.0,2.436831943480924,2.456963689178358,0.3048792859486731,1.3879050466353962,3.8517693846925254,2.775239843698319,0.4433005219788951,5910
192,7.875838788544784,-16.768790588904093,0.11836658288279873,2.209860245255201,-6.564724972221311,-16.768790588904093,nan,0.06387445576639707,0.05449212711640169,7.576232035057931,-16.735227955688877,0.11837258612493082,2.371178930461965,-6.669444404044051,-16.735227955688877,nan,410.76960622892983,0.9475485926209067,0.0,1.8869737274674927,433.5076949380998,46.0,46.0,,9.189149059101255e-05,,,,,,,2.30681242128972,,0,1.3879050466353962,3.8517693846925254,inf,-inf,-0.4049832067069486,0.19300513259245647,-0.3907381422255772,0.2056544104123455,inf,-inf,2.2500894407820775,0.1897562751411364,0.1897562751411364,0.1897562751411364,784,2.50945107499933,1.5545944127048337,1.9173727944826262,,,-1.6930802387964674,2.329612894461623,0.3379760322728689,2.775239843698319,0.4433005219788951,0.0,0.0,2.436831943480924,2.456963689178358,0.3048792859486731,1.3879050466353962,3.8517693846925254,2.775239843698319,0.4433005219788951,5910
193,7.852448118669644,-16.741536769963087,0.11829036088268415,2.1841916954480136,-6.5866065949627455,-16.741536769963087,nan,0.06414219360470426,0.05414816727797991,7.576232035057931,-16.735227955688877,0.11837258612493082,2.371178930461965,-6.669444404044051,-16.735227955688877,nan,391.7316535246905,0.9213370367702898,0.0,1.8181557732991394,425.17736494984524,46.0,46.0,,9.052789901818558e-05,,,,,,,2.30681242128972,,0,1.3879050466353962,3.8517693846925254,inf,-inf,-0.4109814288529979,0.18598644439689357,-0.35982582617256054,0.15154619514318654,inf,-inf,2.2482258483887505,0.18957831557692192,0.18957831557692192,0.18957831557692192,784,2.50945107499933,1.5545944127048337,1.9173727944826262,,,-1.6930802387964674,2.329612894461623,0.3379760322728689,2.775239843698319,0.4433005219788951,0.0,0.0,2.436831943480924,2.456963689178358,0.3048792859486731,1.3879050466353962,3.8517693846925254,2.775239843698319,0.4433005219788951,5910
194,7.761469755137482,-16.87529800769686,0.11819704365663825,2.1568633907410746,-6.838767818161664,-16.87529800769686,nan,0.06439675743521144,0.053800286221426845,7.576232035057931,-16.735227955688877,0.11837258612493082,2.371178930461965,-6.669444404044051,-16.735227955688877,nan,285.2085292007161,0.8648517987655583,0.0,1.7650512948296768,329.7773440580305,46.0,46.0,,8.917137753776574e-05,,,,,,,2.30681242128972,,0,1.3879050466353962,3.8517693846925254,inf,-inf,-0.4325552132848297,0.17803187306018903,-0.40597954673582454,0.16848900626091895,inf,-inf,2.2456245179910397,0.18964059374100198,0.18964059374100198,0.18964059374100198,784,2.50945107499933,1.5545944127048337,1.9173727944826262,,,-1.6930802387964674,2.329612894461623,0.3379760322728689,2.775239843698319,0.4433005219788951,0.0,0.0,2.436831943480924,2.456963689178358,0.3048792859486731,1.3879050466353962,3.8517693846925254,2.775239843698319,0.4433005219788951,5910
195,7.691692133128322,-16.844856294718085,0.11811742512770775,2.1119231617090364,-6.923123574753019,-16.844856294718085,nan,0.06464485808617852,0.05347256704152921,7.200986446712109,-17.057724558616954,0.118394525376239,2.0895025478223204,-7.648841038706285,-17.057724558616954,nan,366.6429160405397,0.8649158004231282,0.0,1.745362048135862,423.9059060560267,46.0,46.0,,8.78220749076201e-05,,,,,,,2.2629876196542122,,0,1.353072707922177,3.73872693177798,inf,-inf,-0.35980694888285175,0.17192985347278233,-0.4289263061977779,0.15461864396634825,inf,-inf,2.244773659382275,0.18957199997584193,0.18957199997584193,0.18957199997584193,784,2.498295340212154,1.5507669116497544,1.9126358591742791,,,-1.7105616568023547,2.286864785581463,0.3336670851893363,2.7631382333616736,0.4414026122000744,0.0,0.0,2.3932268170290243,2.4151461230749147,0.3001836579893607,1.353072707922177,3.73872693177798,2.7631382333616736,0.4414026122000744,5910
196,7.681063091399829,-16.971368032739143,0.11787948029860272,2.141234358514504,-7.031191102526208,-16.971368032739143,nan,0.06488436089484044,0.052995119403762295,7.200986446712109,-17.057724558616954,0.118394525376239,2.0895025478223204,-7.648841038706285,-17.057724558616954,nan,244.33764087122958,0.8280600712437155,0.0,1.7182283447393683,295.0723617240033,46.0,46.0,,8.648013909398721e-05,,,,,,,2.2629876196542122,,0,1.353072707922177,3.73872693177798,inf,-inf,-0.40398124955944287,0.18265232370495832,-0.3908236526464434,0.13231770298809442,inf,-inf,2.2436737900112766,0.18944084002020525,0.18944084002020525,0.18944084002020525,784,2.498295340212154,1.5507669116497544,1.9126358591742791,,,-1.7105616568023547,2.286864785581463,0.3336670851893363,2.7631382333616736,0.4414026122000744,0.0,0.0,2.3932268170290243,2.4151461230749147,0.3001836579893607,1.353072707922177,3.73872693177798,2.7631382333616736,0.4414026122000744,5910
197,7.5376960178919985,-16.806783453294937,0.11772716089283157,2.0964949921665195,-7.054865282343586,-16.806783453294937,nan,0.06512960439211918,0.05259755650071241,7.200986446712109,-17.057724558616954,0.118394525376239,2.0895025478223204,-7.648841038706285,-17.057724558616954,nan,482.91733035283863,0.8309053029920975,0.0,1.7534180061714255,581.1941849616906,46.0,46.0,,8.514571725525128e-05,,,,,,,2.2629876196542122,,0,1.353072707922177,3.73872693177798,inf,-inf,-0.45586791096446694,0.22203810665210177,-0.38145129958260804,0.3521411976182598,inf,-inf,2.2417717469341296,0.18932070144946483,0.18932070144946483,0.18932070144946483,784,2.498295340212154,1.5507669116497544,1.9126358591742791,,,-1.7105616568023547,2.286864785581463,0.3336670851893363,2.7631382333616736,0.4414026122000744,0.0,0.0,2.3932268170290243,2.4151461230749147,0.3001836579893607,1.353072707922177,3.73872693177798,2.7631382333616736,0.4414026122000744,5910
198,7.422647493413264,-16.871718469422955,0.11780958203388359,2.0240620125575837,-7.307199381418224,-16.871718469422955,nan,0.06536877276155986,0.05244080927232372,7.200986446712109,-17.057724558616954,0.118394525376239,2.0895025478223204,-7.648841038706285,-17.057724558616954,nan,305.1211540380396,0.8225472697710718,0.0,1.6802708025557158,370.9466498174138,46.0,46.0,,8.38189557258046e-05,,,,,,,2.2629876196542122,,0,1.353072707922177,3.73872693177798,inf,-inf,-0.40418657956018345,0.20133933847682156,-0.42975589619586946,0.13627352130512682,inf,-inf,2.2402933679675634,0.18928539203088562,0.18928539203088562,0.18928539203088562,784,2.498295340212154,1.5507669116497544,1.9126358591742791,,,-1.7105616568023547,2.286864785581463,0.3336670851893363,2.7631382333616736,0.4414026122000744,0.0,0.0,2.3932268170290243,2.4151461230749147,0.3001836579893607,1.353072707922177,3.73872693177798,2.7631382333616736,0.4414026122000744,5910
199,7.094460712974568,-16.815082127351726,0.1181403018473112,1.8812604305097087,-7.721220682020137,-16.815082127351726,nan,0.06560509282288501,0.052535209024426155,7.200986446712109,-17.057724558616954,0.118394525376239,2.0895025478223204,-7.648841038706285,-17.057724558616954,nan,239.2624478775344,0.8651077454928837,0.0,1.8613275348221054,276.5695361347364,46.0,46.0,,8.249999999999999e-05,,,,,,,2.2629876196542122,,0,1.353072707922177,3.73872693177798,inf,-inf,-0.44078225216638883,0.17927430884949486,-0.4009554686591189,0.1888618591774225,inf,-inf,2.2379864804788423,0.18934856181890367,0.18934856181890367,0.18934856181890367,784,2.498295340212154,1.5507669116497544,1.9126358591742791,,,-1.7105616568023547,2.286864785581463,0.3336670851893363,2.7631382333616736,0.4414026122000744,0.0,0.0,2.3932268170290243,2.4151461230749147,0.3001836579893607,1.353072707922177,3.73872693177798,2.7631382333616736,0.4414026122000744,5910
200,6.819802777863475,-16.870465229781836,0.11805242746157774,1.7834382863912688,-8.149171738065514,-16.870465229781836,nan,0.06586868088051918,0.0521837465810586,6.21032944558744,-16.54702758976552,0.11837385425315265,1.6456129750650101,-8.572711314859918,-16.54702758976552,nan,181.8449988758317,0.9218609138214088,0.0,1.9692062167569122,197.25860609712362,46.0,46.0,,8.118899471619618e-05,,,,,,,2.2227134257001224,,0,1.3186652271439339,3.643434965756539,inf,-inf,-0.39982537689545755,0.18400112405611094,-0.36194797187523514,0.20100488027340685,inf,-inf,2.235711439208039,0.18943174838858845,0.18943174838858845,0.18943174838858845,784,2.4853925042083214,1.5463655376330567,1.9118096362604675,,,-1.726810597789128,2.2467735256181065,0.3299493055104776,2.76297189821845,0.44137646779355677,0.0,0.0,2.3529739473928695,2.3798636019014356,0.2963678099529927,1.3186652271439339,3.643434965756539,2.76297189821845,0.44137646779355677,5910
201,6.5061248426778215,-16.938348844639908,0.11795332472650645,1.6318039494605032,-8.682466727775077,-16.938348844639908,nan,0.06614205393477274,0.051811270791733734,6.21032944558744,-16.54702758976552,0.11837385425315265,1.6456129750650101,-8.572711314859918,-16.54702758976552,nan,230.58974612631724,0.8993628193835069,0.0,2.067966055286679,256.3923492905581,46.0,46.0,,7.988608364089617e-05,,,,,,,2.2227134257001224,,0,1.3186652271439339,3.643434965756539,inf,-inf,-0.3378875396919259,0.19550318087575386,-0.3424797657835433,0.18433802250532416,inf,-inf,2.231873584547845,0.18963913445646233,0.18963913445646233,0.18963913445646233,784,2.4853925042083214,1.5463655376330567,1.9118096362604675,,,-1.726810597789128,2.2467735256181065,0.3299493055104776,2.76297189821845,0.44137646779355677,0.0,0.0,2.3529739473928695,2.3798636019014356,0.2963678099529927,1.3186652271439339,3.643434965756539,2.76297189821845,0.44137646779355677,5910
202,6.316787713610548,-17.02061077688441,0.11757357627595334,1.558439838462302,-9.027809648535607,-17.02061077688441,nan,0.06641733255433302,0.05115624372162032,6.21032944558744,-16.54702758976552,0.11837385425315265,1.6456129750650101,-8.572711314859918,-16.54702758976552,nan,314.45136824190774,0.8487396046209206,0.0,1.9990007638097744,370.4921586431137,46.0,46.0,,7.859140965298178e-05,,,,,,,2.2227134257001224,,0,1.3186652271439339,3.643434965756539,inf,-inf,-0.27145272699174544,0.20189505914485356,-0.3138544088685772,0.17345791378605194,inf,-inf,2.2298079362786027,0.18986186086767942,0.18986186086767942,0.18986186086767942,784,2.4853925042083214,1.5463655376330567,1.9118096362604675,,,-1.726810597789128,2.2467735256181065,0.3299493055104776,2.76297189821845,0.44137646779355677,0.0,0.0,2.3529739473928695,2.3798636019014356,0.2963678099529927,1.3186652271439339,3.643434965756539,2.76297189821845,0.44137646779355677,5910
203,6.1188855702691685,-17.09122935026743,0.11749222180738769,1.4292817506046713,-9.425569807586204,-17.09122935026743,nan,0.06668036067401663,0.05081186113337109,6.21032944558744,-16.54702758976552,0.11837385425315265,1.6456129750650101,-8.572711314859918,-16.54702758976552,nan,239.6145988933139,0.8122967801361669,0.0,1.9037378050175087,294.9840560160128,46.0,46.0,,7.730511472804555e-05,,,,,,,2.2227134257001224,,0,1.3186652271439339,3.643434965756539,inf,-inf,-0.26762501228509106,0.23692353800671478,-0.31560079922259243,0.20509834605080698,inf,-inf,2.2286018878892473,0.19000124076159716,0.19000124076159716,0.19000124076159716,784,2.4853925042083214,1.5463655376330567,1.9118096362604675,,,-1.726810597789128,2.2467735256181065,0.3299493055104776,2.76297189821845,0.44137646779355677,0.0,0.0,2.3529739473928695,2.3798636019014356,0.2963678099529927,1.3186652271439339,3.643434965756539,2.76297189821845,0.44137646779355677,5910
204,5.8441728696542565,-17.174321043387785,0.11723492633915521,1.2139293030052722,-9.998983944389101,-17.174321043387785,nan,0.06692623794671969,0.050308688392435595,6.21032944558744,-16.54702758976552,0.11837385425315265,1.6456129750650101,-8.572711314859918,-16.54702758976552,nan,179.16056715243073,0.8108574486786967,0.0,1.8748677838190284,220.9519903213263,46.0,46.0,,7.602733992282116e-05,,,,,,,2.2227134257001224,,0,1.3186652271439339,3.643434965756539,inf,-inf,-0.26905478771392327,0.1776243696046561,-0.3139847651026814,0.21474656333764083,inf,-inf,2.2276879353791994,0.19015470033743906,0.19015470033743906,0.19015470033743906,784,2.4853925042083214,1.5463655376330567,1.9118096362604675,,,-1.726810597789128,2.2467735256181065,0.3299493055104776,2.76297189821845,0.44137646779355677,0.0,0.0,2.3529739473928695,2.3798636019014356,0.2963678099529927,1.3186652271439339,3.643434965756539,2.76297189821845,0.44137646779355677,5910
205,5.639884478011842,-17.231111138965904,0.1166600777606097,1.0033801374639422,-10.47118644572951,-17.231111138965904,nan,0.06717317190952396,0.04948690585108572,5.41529637624911,-17.254452358365263,0.11686426140439393,0.9830741662596072,-10.739217554452152,-17.254452358365263,nan,179.78127165274168,0.8063810650201949,0.0,1.9767258535373837,222.94828022560185,46.0,46.0,,7.475822535971515e-05,,,,,,,2.181389363374096,,0,1.2838981659789623,3.5567668288324015,inf,-inf,-0.28915225146717494,0.17657037037967138,-0.2905244346357586,0.33075352349286125,inf,-inf,2.2270123281789336,0.19020770255358427,0.19020770255358427,0.19020770255358427,784,2.4674574089767933,1.5406636446638258,1.9016856376401452,,,-1.7436534847457397,2.2044672032549397,0.3248862672527528,2.7702873351488857,0.44252481657270254,0.0,0.0,2.3119321436919673,2.3398245937620503,0.29218272070097434,1.2838981659789623,3.5567668288324015,2.7702873351488857,0.44252481657270254,5910
206,5.515371982042087,-17.32281197941731,0.11650846574376104,0.8902263397301874,-10.800705191901274,-17.32281197941731,nan,0.06742350058556837,0.04908496515819268,5.41529637624911,-17.254452358365263,0.11686426140439393,0.9830741662596072,-10.739217554452152,-17.254452358365263,nan,158.04316575430724,0.7992916936504363,0.0,1.9493923475823836,197.72902309607403,46.0,46.0,,7.349791021144112e-05,,,,,,,2.181389363374096,,0,1.2838981659789623,3.5567668288324015,inf,-inf,-0.30429650065858393,0.173828830446985,-0.28743839323040976,0.24670024784594996,inf,-inf,2.224876504776662,0.19035571986607,0.19035571986607,0.19035571986607,784,2.4674574089767933,1.5406636446638258,1.9016856376401452,,,-1.7436534847457397,2.2044672032549397,0.3248862672527528,2.7702873351488857,0.44252481657270254,0.0,0.0,2.3119321436919673,2.3398245937620503,0.29218272070097434,1.2838981659789623,3.5567668288324015,2.7702873351488857,0.44252481657270254,5910
207,5.262258687205676,-17.34596881286007,0.11642907951966454,0.7285617263538766,-11.238719319780856,-17.34596881286007,nan,0.0676746845605321,0.04875439495913234,5.41529637624911,-17.254452358365263,0.11686426140439393,0.9830741662596072,-10.739217554452152,-17.254452358365263,nan,147.74500675116852,0.8181165630997068,0.0,2.0313288435247423,180.59163377818365,46.0,46.0,,7.224653268575744e-05,,,,,,,2.181389363374096,,0,1.2838981659789623,3.5567668288324015,inf,-inf,-0.30219506060200174,0.1979908700859207,-0.2809613349696666,0.25299809541884816,inf,-inf,2.2227259830974404,0.19045837087105127,0.19045837087105127,0.19045837087105127,784,2.4674574089767933,1.5406636446638258,1.9016856376401452,,,-1.7436534847457397,2.2044672032549397,0.3248862672527528,2.7702873351488857,0.44252481657270254,0.0,0.0,2.3119321436919673,2.3398245937620503,0.29218272070097434,1.2838981659789623,3.5567668288324015,2.7702873351488857,0.44252481657270254,5910
208,5.009006014617504,-17.54236828964351,0.11616910014638993,0.6299848187049103,-11.787208356174704,-17.54236828964351,nan,0.06792928883173734,0.048239811314652596,5.41529637624911,-17.254452358365263,0.11686426140439393,0.9830741662596072,-10.739217554452152,-17.254452358365263,nan,105.31527853730849,0.7951407714264017,0.0,1.9512148064352883,132.44859567241608,46.0,46.0,,7.100423001031158e-05,,,,,,,2.181389363374096,,0,1.2838981659789623,3.5567668288324015,inf,-inf,-0.1551512756439382,0.1685445690284793,-0.18795641401755128,0.21450619826952988,inf,-inf,2.2215536433791248,0.1904992752048053,0.1904992752048053,0.1904992752048053,784,2.4674574089767933,1.5406636446638258,1.9016856376401452,,,-1.7436534847457397,2.2044672032549397,0.3248862672527528,2.7702873351488857,0.44252481657270254,0.0,0.0,2.3119321436919673,2.3398245937620503,0.29218272070097434,1.2838981659789623,3.5567668288324015,2.7702873351488857,0.44252481657270254,5910
209,4.850581402057502,-17.59492163904244,0.11598049666452682,0.6008847039945486,-12.027475036325862,-17.59492163904244,nan,0.06816497151707016,0.04781552514745666,5.41529637624911,-17.254452358365263,0.11686426140439393,0.9830741662596072,-10.739217554452152,-17.254452358365263,nan,95.34226501562189,0.7742042324552224,0.0,1.8937880763939217,123.14872616139591,46.0,46.0,,6.977113841759144e-05,,,,,,,2.181389363374096,,0,1.2838981659789623,3.5567668288324015,inf,-inf,-0.14084596831498178,0.16262106496862783,-0.20174682705851268,0.16154915283326454,inf,-inf,2.219140248121844,0.19065323638483217,0.19065323638483217,0.19065323638483217,784,2.4674574089767933,1.5406636446638258,1.9016856376401452,,,-1.7436534847457397,2.2044672032549397,0.3248862672527528,2.7702873351488857,0.44252481657270254,0.0,0.0,2.3119321436919673,2.3398245937620503,0.29218272070097434,1.2838981659789623,3.5567668288324015,2.7702873351488857,0.44252481657270254,5910
210,4.735488802739738,-17.628452979436577,0.11585534186530083,0.5820844618519301,-12.19502437297961,-17.628452979436577,nan,0.0683940253570246,0.04746131650827626,4.817456730570265,-17.642192219195415,0.11612110800504055,0.599947359328924,-12.108667021291186,-17.642192219195415,nan,111.95594467293994,0.7674659241964682,0.0,1.847604438650359,145.8774144144016,46.0,46.0,,6.854739312998572e-05,,,,,,,2.144081669833576,,0,1.2530000345086851,3.47389427133823,inf,-inf,-0.14159488727586517,0.1574090544410955,-0.18891441554292576,0.1431153828368532,inf,-inf,2.217869129781134,0.19071472395162475,0.19071472395162475,0.19071472395162475,784,2.452061384474008,1.5357753750533265,1.8918173008828978,,,-1.759117690599813,2.1657244777001354,0.32031141943349256,2.7724614330919644,0.44286551351845954,0.0,0.0,2.274835559261205,2.302797925366936,0.2888936175198906,1.2530000345086851,3.47389427133823,2.7724614330919644,0.44286551351845954,5910
211,4.6699277010296045,-17.646707554103838,0.11574600085603798,0.5735369189718047,-12.287496933246391,-17.646707554103838,nan,0.06861754260303905,0.04712845825299897,4.817456730570265,-17.642192219195415,0.11612110800504055,0.599947359328924,-12.108667021291186,-17.642192219195415,nan,115.0313956021402,0.7427020653609041,0.0,1.8233329506342881,154.8822885610834,46.0,46.0,,6.733312834495569e-05,,,,,,,2.144081669833576,,0,1.2530000345086851,3.47389427133823,inf,-inf,-0.14376847747813368,0.1504025699439752,-0.1779056969247382,0.13386901645689236,inf,-inf,2.2160483353549014,0.19077127960704318,0.19077127960704318,0.19077127960704318,784,2.452061384474008,1.5357753750533265,1.8918173008828978,,,-1.759117690599813,2.1657244777001354,0.32031141943349256,2.7724614330919644,0.44286551351845954,0.0,0.0,2.274835559261205,2.302797925366936,0.2888936175198906,1.2530000345086851,3.47389427133823,2.7724614330919644,0.44286551351845954,5910
212,4.609908909697589,-17.653373780749458,0.11567892897697454,0.564853053859781,-12.362932888215113,-17.653373780749458,nan,0.06883208803135647,0.046846840945618064,4.817456730570265,-17.642192219195415,0.11612110800504055,0.599947359328924,-12.108667021291186,-17.642192219195415,nan,102.84970453460421,0.7424814816057829,0.0,1.804153738489854,138.52157539628953,46.0,46.0,,6.612847722031848e-05,,,,,,,2.144081669833576,,0,1.2530000345086851,3.47389427133823,inf,-inf,-0.14629724419508572,0.15245655295365135,-0.16896977458614224,0.12994392718323858,inf,-inf,2.214544846338051,0.1908078811023338,0.1908078811023338,0.1908078811023338,784,2.452061384474008,1.5357753750533265,1.8918173008828978,,,-1.759117690599813,2.1657244777001354,0.32031141943349256,2.7724614330919644,0.44286551351845954,0.0,0.0,2.274835559261205,2.302797925366936,0.2888936175198906,1.2530000345086851,3.47389427133823,2.7724614330919644,0.44286551351845954,5910
213,4.563575171632517,-17.666969968307995,0.11561394532152525,0.5539038605768337,-12.433876990777119,-17.666969968307995,nan,0.0690418304938825,0.046572114827642744,4.817456730570265,-17.642192219195415,0.11612110800504055,0.599947359328924,-12.108667021291186,-17.642192219195415,nan,104.26535477029596,0.7393690464963936,0.0,1.7990402550738924,141.01936680250859,46.0,46.0,,6.493357185964504e-05,,,,,,,2.144081669833576,,0,1.2530000345086851,3.47389427133823,inf,-inf,-0.1430950371210337,0.14250747158220523,-0.1821114487812026,0.12659122490573796,inf,-inf,2.2121567475918407,0.19083058722763968,0.19083058722763968,0.19083058722763968,784,2.452061384474008,1.5357753750533265,1.8918173008828978,,,-1.759117690599813,2.1657244777001354,0.32031141943349256,2.7724614330919644,0.44286551351845954,0.0,0.0,2.274835559261205,2.302797925366936,0.2888936175198906,1.2530000345086851,3.47389427133823,2.7724614330919644,0.44286551351845954,5910
214,4.511835022760985,-17.674676193085656,0.11555906760991135,0.5490036107832184,-12.498278491931542,-17.674676193085656,nan,0.06924996235918031,0.04630910525073102,4.817456730570265,-17.642192219195415,0.11612110800504055,0.599947359328924,-12.108667021291186,-17.642192219195415,nan,121.57641741045893,0.7334108997276221,0.0,1.7715332250623503,165.7684900178203,46.0,46.0,,6.374854329777363e-05,,,,,,,2.144081669833576,,0,1.2530000345086851,3.47389427133823,inf,-inf,-0.14555992345587,0.13731657134012934,-0.182368404524006,0.12253134743683741,inf,-inf,2.2111685329037907,0.1908896487660392,0.1908896487660392,0.1908896487660392,784,2.452061384474008,1.5357753750533265,1.8918173008828978,,,-1.759117690599813,2.1657244777001354,0.32031141943349256,2.7724614330919644,0.44286551351845954,0.0,0.0,2.274835559261205,2.302797925366936,0.2888936175198906,1.2530000345086851,3.47389427133823,2.7724614330919644,0.44286551351845954,5910
215,4.462772685423294,-17.685209517705992,0.11553431706119448,0.5440448850581877,-12.562857630163315,-17.685209517705992,nan,0.06945206949414856,0.04608224756704591,4.518334093445719,-17.675898883926287,0.11584688823806526,0.563612159485357,-12.478105742757144,-17.675898883926287,nan,96.04169982135569,0.7348717608962232,0.0,1.7571294755424978,130.69178179363797,46.0,46.0,,6.257352148644002e-05,,,,,,,2.112550426691333,,0,1.2254243992766936,3.4134297810883285,inf,-inf,-0.14833818562233284,0.13863271434654598,-0.17998914147075767,0.11971267600769664,inf,-inf,2.209382403656107,0.1909314596716635,0.1909314596716635,0.1909314596716635,784,2.440061275714329,1.5318781355958428,1.888545262656579,,,-1.7724258401785296,2.133209501690433,0.31696969688668525,2.7855082558361857,0.4449044499822452,0.0,0.0,2.2431046448150043,2.272517790026914,0.2864457071750329,1.2254243992766936,3.4134297810883285,2.7855082558361857,0.4449044499822452,5910
216,4.415988177081465,-17.69867126816484,0.11548360428869674,0.535280835932101,-12.631918650862579,-17.69867126816484,nan,0.06965247370837124,0.045831130580325515,4.518334093445719,-17.675898883926287,0.11584688823806526,0.563612159485357,-12.478105742757144,-17.675898883926287,nan,100.22428471433447,0.7167271654661632,0.0,1.7385282907762303,139.83603460760142,46.0,46.0,,6.140863528002722e-05,,,,,,,2.112550426691333,,0,1.2254243992766936,3.4134297810883285,inf,-inf,-0.14509895644182225,0.13547825242137593,-0.18269221120905485,0.11763526905292387,inf,-inf,2.208305307843827,0.19091660817581585,0.19091660817581585,0.19091660817581585,784,2.440061275714329,1.5318781355958428,1.888545262656579,,,-1.7724258401785296,2.133209501690433,0.31696969688668525,2.7855082558361857,0.4449044499822452,0.0,0.0,2.2431046448150043,2.272517790026914,0.2864457071750329,1.2254243992766936,3.4134297810883285,2.7855082558361857,0.4449044499822452,5910
217,4.381969075176253,-17.70708002301975,0.11543310303336268,0.5324947003389431,-12.67718314447119,-17.70708002301975,nan,0.06984352684799627,0.04558957618536644,4.518334093445719,-17.675898883926287,0.11584688823806526,0.563612159485357,-12.478105742757144,-17.675898883926287,nan,100.60038323621225,0.7179838263831,0.0,1.7273862042608257,140.11511059099283,46.0,46.0,,6.025401242143478e-05,,,,,,,2.112550426691333,,0,1.2254243992766936,3.4134297810883285,inf,-inf,-0.14505825298068434,0.1286132338693344,-0.17911509688647909,0.11254798071341116,inf,-inf,2.206573741202751,0.19091609834008244,0.19091609834008244,0.19091609834008244,784,2.440061275714329,1.5318781355958428,1.888545262656579,,,-1.7724258401785296,2.133209501690433,0.31696969688668525,2.7855082558361857,0.4449044499822452,0.0,0.0,2.2431046448150043,2.272517790026914,0.2864457071750329,1.2254243992766936,3.4134297810883285,2.7855082558361857,0.4449044499822452,5910
218,4.357723071961054,-17.71835950911152,0.11542462201375993,0.5289816674620151,-12.71623014767469,-17.71835950911152,nan,0.07003692911001506,0.045387692903744864,4.518334093445719,-17.675898883926287,0.11584688823806526,0.563612159485357,-12.478105742757144,-17.675898883926287,nan,109.63820148646471,0.7077787342192232,0.0,1.7101792922035006,154.9046279377278,46.0,46.0,,5.9109779528070484e-05,,,,,,,2.112550426691333,,0,1.2254243992766936,3.4134297810883285,inf,-inf,-0.14650314922718008,0.12567386650121054,-0.17920930110240668,0.11035618339742301,inf,-inf,2.2050915123090458,0.1909621157466733,0.1909621157466733,0.1909621157466733,784,2.440061275714329,1.5318781355958428,1.888545262656579,,,-1.7724258401785296,2.133209501690433,0.31696969688668525,2.7855082558361857,0.4449044499822452,0.0,0.0,2.2431046448150043,2.272517790026914,0.2864457071750329,1.2254243992766936,3.4134297810883285,2.7855082558361857,0.4449044499822452,5910
219,4.334436514766292,-17.72558737568619,0.11537237829802606,0.5217498352949564,-12.754028647326914,-17.72558737568619,nan,0.07022079705499747,0.045151581243028614,4.518334093445719,-17.675898883926287,0.11584688823806526,0.563612159485357,-12.478105742757144,-17.675898883926287,nan,120.60060162210621,0.7090434415885936,0.0,1.7023999712331086,170.08915751608063,46.0,46.0,,5.7976062077965586e-05,,,,,,,2.112550426691333,,0,1.2254243992766936,3.4134297810883285,inf,-inf,-0.14093632115446544,0.122689239336853,-0.18265852738322352,0.10790651653371461,inf,-inf,2.204030920736248,0.19093036411146969,0.19093036411146969,0.19093036411146969,784,2.440061275714329,1.5318781355958428,1.888545262656579,,,-1.7724258401785296,2.133209501690433,0.31696969688668525,2.7855082558361857,0.4449044499822452,0.0,0.0,2.2431046448150043,2.272517790026914,0.2864457071750329,1.2254243992766936,3.4134297810883285,2.7855082558361857,0.4449044499822452,5910
220,4.319407818129446,-17.731200074814602,0.11530346606331651,0.5189319705353044,-12.777556820086536,-17.731200074814602,nan,0.07040303382208311,0.04490043224123339,4.34177203559044,-17.713814791800395,0.11560748587490774,0.5423434128045506,-12.714091857530498,-17.713814791800395,nan,102.46264988168038,0.7030652274535695,0.0,1.6912795756103396,145.737046693078,46.0,46.0,,5.685298439601424e-05,,,,,,,2.0848020165042755,,0,1.2011727688787048,3.3603575265983623,inf,-inf,-0.14450910092759214,0.12214541750987697,-0.1735976130985355,0.10924380085311448,inf,-inf,2.2025348564959333,0.19093045870792402,0.19093045870792402,0.19093045870792402,784,2.429412205099348,1.5283922067440534,1.8860201181855165,,,-1.784302722047622,2.1042578210468736,0.3141250804028587,2.7975638589736405,0.44678000879586127,0.0,0.0,2.2150410441065307,2.244408669925577,0.2843421275859999,1.2011727688787048,3.3603575265983623,2.7975638589736405,0.44678000879586127,5910
221,4.27828896040235,-17.735816177560274,0.11524890304799239,0.5163831207336305,-12.8258951933763,-17.735816177560274,nan,0.07058307485742375,0.04466582819056865,4.34177203559044,-17.713814791800395,0.11560748587490774,0.5423434128045506,-12.714091857530498,-17.713814791800395,nan,93.20345115125612,0.7007197473938741,0.0,1.6736076235755555,133.01102401908835,46.0,46.0,,5.5740669640340166e-05,,,,,,,2.0848020165042755,,0,1.2011727688787048,3.3603575265983623,inf,-inf,-0.14047192698962363,0.11703284545165976,-0.17690082714368904,0.10753932000056529,inf,-inf,2.200751319066606,0.19094243783204223,0.19094243783204223,0.19094243783204223,784,2.429412205099348,1.5283922067440534,1.8860201181855165,,,-1.784302722047622,2.1042578210468736,0.3141250804028587,2.7975638589736405,0.44678000879586127,0.0,0.0,2.2150410441065307,2.244408669925577,0.2843421275859999,1.2011727688787048,3.3603575265983623,2.7975638589736405,0.44678000879586127,5910
222,4.257641458224292,-17.72861495969655,0.11520616041612868,0.509465160631352,-12.846302180424777,-17.72861495969655,nan,0.07076145238788556,0.044444708028243164,4.34177203559044,-17.713814791800395,0.11560748587490774,0.5423434128045506,-12.714091857530498,-17.713814791800395,nan,102.8331519160779,0.7046329433328155,0.0,1.6844763833570844,145.93860944067055,46.0,46.0,,5.463923978879106e-05,,,,,,,2.0848020165042755,,0,1.2011727688787048,3.3603575265983623,inf,-inf,-0.14233972145943533,0.11516867042501629,-0.16537544311313318,0.10493286654376421,inf,-inf,2.1990801378073077,0.19096567605651527,0.19096567605651527,0.19096567605651527,784,2.429412205099348,1.5283922067440534,1.8860201181855165,,,-1.784302722047622,2.1042578210468736,0.3141250804028587,2.7975638589736405,0.44678000879586127,0.0,0.0,2.2150410441065307,2.244408669925577,0.2843421275859999,1.2011727688787048,3.3603575265983623,2.7975638589736405,0.44678000879586127,5910
223,4.2308690085420135,-17.745052418726868,0.11515869168391277,0.5039688532278126,-12.895055865273129,-17.745052418726868,nan,0.07093895805441229,0.04421973362950042,4.34177203559044,-17.713814791800395,0.11560748587490774,0.5423434128045506,-12.714091857530498,-17.713814791800395,nan,83.82227266360123,0.6827590685537467,0.0,1.659321165250343,122.76991478290815,46.0,46.0,,5.3548815625562027e-05,,,,,,,2.0848020165042755,,0,1.2011727688787048,3.3603575265983623,inf,-inf,-0.13940733900777516,0.11417541641903237,-0.17921104155083628,0.09365056405961167,inf,-inf,2.19811456206435,0.19094622931337898,0.19094622931337898,0.19094622931337898,784,2.429412205099348,1.5283922067440534,1.8860201181855165,,,-1.784302722047622,2.1042578210468736,0.3141250804028587,2.7975638589736405,0.44678000879586127,0.0,0.0,2.2150410441065307,2.244408669925577,0.2843421275859999,1.2011727688787048,3.3603575265983623,2.7975638589736405,0.44678000879586127,5910
224,4.217231426829443,-17.745799689977634,0.11511504000262839,0.4995304050396781,-12.913922818105885,-17.745799689977634,nan,0.07110359808764413,0.04401144191498424,4.34177203559044,-17.713814791800395,0.11560748587490774,0.5423434128045506,-12.714091857530498,-17.713814791800395,nan,93.90451309174138,0.6874360426387817,0.0,1.6593947312224702,136.60109052659055,46.0,46.0,,5.2469516727950645e-05,,,,,,,2.0848020165042755,,0,1.2011727688787048,3.3603575265983623,inf,-inf,-0.14336723074374885,0.10937309571423186,-0.17122015164760507,0.1014254910881012,inf,-inf,2.1963223700713237,0.19095961334918735,0.19095961334918735,0.19095961334918735,784,2.429412205099348,1.5283922067440534,1.8860201181855165,,,-1.784302722047622,2.1042578210468736,0.3141250804028587,2.7975638589736405,0.44678000879586127,0.0,0.0,2.2150410441065307,2.244408669925577,0.2843421275859999,1.2011727688787048,3.3603575265983623,2.7975638589736405,0.44678000879586127,5910
225,4.1914679924249985,-17.74927234987331,0.11508430579050463,0.4939174862934736,-12.948802565364332,-17.74927234987331,nan,0.07127132244352749,0.04381298334697712,4.241025282745589,-17.74879513295786,0.11537310479406114,0.5216512295965213,-12.870745515821687,-17.74879513295786,nan,97.23168813477099,0.6797333871152589,0.0,1.6511199743969056,143.0438609870489,46.0,46.0,,5.1401461453243575e-05,,,,,,,2.060015634285233,,0,1.1795801889077397,3.3143774739096226,inf,-inf,-0.14164737832694518,0.10932599084124107,-0.17720266212508679,0.09267377328915438,inf,-inf,2.1950994276039415,0.1909546095999129,0.1909546095999129,0.1909546095999129,784,2.4197683581255096,1.5252006635769673,1.8835644106525213,,,-1.7950536590666666,2.0789185075753,0.31168156245561224,2.809794115802037,0.44867449867843573,0.0,0.0,2.190005358391291,2.2196745228270816,0.2826014612895699,1.1795801889077397,3.3143774739096226,2.809794115802037,0.44867449867843573,5910
226,4.163562789311187,-17.751479737139288,0.11502956955936235,0.4889129819545305,-12.983974396314208,-17.751479737139288,nan,0.07143361642648276,0.04359595313287959,4.241025282745589,-17.74879513295786,0.11537310479406114,0.5216512295965213,-12.870745515821687,-17.74879513295786,nan,82.64114884913934,0.6798595881213688,0.0,1.6398939707052353,121.55620115250358,46.0,46.0,,5.0344766925737514e-05,,,,,,,2.060015634285233,,0,1.1795801889077397,3.3143774739096226,inf,-inf,-0.13975939658964093,0.10699369637330261,-0.18575029713678815,0.09883928818437204,inf,-inf,2.193583410471316,0.19095446355836587,0.19095446355836587,0.19095446355836587,784,2.4197683581255096,1.5252006635769673,1.8835644106525213,,,-1.7950536590666666,2.0789185075753,0.31168156245561224,2.809794115802037,0.44867449867843573,0.0,0.0,2.190005358391291,2.2196745228270816,0.2826014612895699,1.1795801889077397,3.3143774739096226,2.809794115802037,0.44867449867843573,5910
227,4.157766998229407,-17.756129591974897,0.11500801556937773,0.48614272815799453,-12.997211850018116,-17.756129591974897,nan,0.07159874032333273,0.043409275246044994,4.241025282745589,-17.74879513295786,0.11537310479406114,0.5216512295965213,-12.870745515821687,-17.74879513295786,nan,98.54720164371747,0.674064732575292,0.0,1.6308466353344,146.19842409973572,46.0,46.0,,4.929954902389538e-05,,,,,,,2.060015634285233,,0,1.1795801889077397,3.3143774739096226,inf,-inf,-0.14308568669113714,0.11311366621338684,-0.17647312648324676,0.09463069318476643,inf,-inf,2.192456872250153,0.19097962111643543,0.19097962111643543,0.19097962111643543,784,2.4197683581255096,1.5252006635769673,1.8835644106525213,,,-1.7950536590666666,2.0789185075753,0.31168156245561224,2.809794115802037,0.44867449867843573,0.0,0.0,2.190005358391291,2.2196745228270816,0.2826014612895699,1.1795801889077397,3.3143774739096226,2.809794115802037,0.44867449867843573,5910
228,4.12812869953622,-17.758347078848555,0.11498746727293828,0.4801353933804925,-13.035095518658904,-17.758347078848555,nan,0.07175467840722645,0.043232788865711844,4.241025282745589,-17.74879513295786,0.11537310479406114,0.5216512295965213,-12.870745515821687,-17.74879513295786,nan,85.26811785994347,0.6782447524364476,0.0,1.6279263553776562,125.71880217817566,46.0,46.0,,4.826592236763859e-05,,,,,,,2.060015634285233,,0,1.1795801889077397,3.3143774739096226,inf,-inf,-0.14246383443963773,0.10873996345563484,-0.17612576465943908,0.08827501555611332,inf,-inf,2.1907383101665703,0.19100450717222997,0.19100450717222997,0.19100450717222997,784,2.4197683581255096,1.5252006635769673,1.8835644106525213,,,-1.7950536590666666,2.0789185075753,0.31168156245561224,2.809794115802037,0.44867449867843573,0.0,0.0,2.190005358391291,2.2196745228270816,0.2826014612895699,1.1795801889077397,3.3143774739096226,2.809794115802037,0.44867449867843573,5910
229,4.117375986648544,-17.76277889809853,0.11493760232523076,0.4765341294263394,-13.053931179698418,-17.76277889809853,nan,0.07190982779049257,0.04302777453473822,4.241025282745589,-17.74879513295786,0.11537310479406114,0.5216512295965213,-12.870745515821687,-17.74879513295786,nan,83.73950974161613,0.6665946941925782,0.0,1.6333382910601102,125.62282669088259,46.0,46.0,,4.724400030577784e-05,,,,,,,2.060015634285233,,0,1.1795801889077397,3.3143774739096226,inf,-inf,-0.141621369025088,0.11540279878701355,-0.17552690832143353,0.09435672530914826,inf,-inf,2.1893690527896172,0.19100854700364267,0.19100854700364267,0.19100854700364267,784,2.4197683581255096,1.5252006635769673,1.8835644106525213,,,-1.7950536590666666,2.0789185075753,0.31168156245561224,2.809794115802037,0.44867449867843573,0.0,0.0,2.190005358391291,2.2196745228270816,0.2826014612895699,1.1795801889077397,3.3143774739096226,2.809794115802037,0.44867449867843573,5910
230,4.079735630934666,-17.76951818656909,0.11491299199755062,0.4742654404258795,-13.100604123210994,-17.76951818656909,nan,0.07205991360246518,0.04285307839508547,4.158094931925716,-17.746566975546763,0.11521969835309108,0.4985944371236497,-12.974657908144305,-17.746566975546763,nan,85.33277611573035,0.6589722976909964,0.0,1.609244806207002,129.49372289962997,46.0,46.0,,4.623389490358338e-05,,,,,,,2.0378069637022307,,0,1.160048849365401,3.273487305845306,inf,-inf,-0.14312615042532795,0.10519355845219652,-0.1695909196801931,0.08653109362670611,inf,-inf,2.1880854253068134,0.19101814716406024,0.19101814716406024,0.19101814716406024,784,2.4110239924856702,1.5222754734072907,1.881234522330216,,,-1.8048001005384438,2.055762687460195,0.30954894567255925,2.821852982860205,0.4505343834807766,0.0,0.0,2.1675161420226163,2.197449261321278,0.2811228717565265,1.160048849365401,3.273487305845306,2.821852982860205,0.4505343834807766,5910
231,4.091546645631702,-17.76789642160035,0.11487696433866013,0.4700495401985485,-13.091423271431442,-17.76789642160035,nan,0.07221265870697248,0.0426643056316876,4.158094931925716,-17.746566975546763,0.11521969835309108,0.4985944371236497,-12.974657908144305,-17.746566975546763,nan,84.79834714115059,0.6620095768266218,0.0,1.6188917705434722,128.09232692317835,46.0,46.0,,4.523571693049536e-05,,,,,,,2.0378069637022307,,0,1.160048849365401,3.273487305845306,inf,-inf,-0.14066167020225545,0.10800731016279627,-0.17041634214097467,0.09301123933887366,inf,-inf,2.1867734140166624,0.19103348784207705,0.19103348784207705,0.19103348784207705,784,2.4110239924856702,1.5222754734072907,1.881234522330216,,,-1.8048001005384438,2.055762687460195,0.30954894567255925,2.821852982860205,0.4505343834807766,0.0,0.0,2.1675161420226163,2.197449261321278,0.2811228717565265,1.160048849365401,3.273487305845306,2.821852982860205,0.4505343834807766,5910
232,4.079584534489307,-17.768864053686187,0.11486373335333491,0.46516331268159655,-13.109252473161948,-17.768864053686187,nan,0.07235587361454505,0.042507859738789844,4.158094931925716,-17.746566975546763,0.11521969835309108,0.4985944371236497,-12.974657908144305,-17.746566975546763,nan,82.68665691400385,0.6578203376268071,0.0,1.6047519749835208,125.69793328723962,46.0,46.0,,4.42495758479769e-05,,,,,,,2.0378069637022307,,0,1.160048849365401,3.273487305845306,inf,-inf,-0.14511962171304627,0.10821352491957478,-0.18088025909234762,0.0876377127857883,inf,-inf,2.185373021313567,0.19105873670438614,0.19105873670438614,0.19105873670438614,784,2.4110239924856702,1.5222754734072907,1.881234522330216,,,-1.8048001005384438,2.055762687460195,0.30954894567255925,2.821852982860205,0.4505343834807766,0.0,0.0,2.1675161420226163,2.197449261321278,0.2811228717565265,1.160048849365401,3.273487305845306,2.821852982860205,0.4505343834807766,5910
233,4.049828913575854,-17.77152031887644,0.11483865934294042,0.462533914847858,-13.144318831109787,-17.77152031887644,nan,0.07250147989300479,0.04233717944993567,4.158094931925716,-17.746566975546763,0.11521969835309108,0.4985944371236497,-12.974657908144305,-17.746566975546763,nan,89.74125283392269,0.6567921682071952,0.0,1.600340036845148,136.63569265584243,46.0,46.0,,4.3275579797510595e-05,,,,,,,2.0378069637022307,,0,1.160048849365401,3.273487305845306,inf,-inf,-0.1428824521158197,0.12449429302339764,-0.17303198182646418,0.08799803310730016,inf,-inf,2.1841179764285523,0.19108860418427745,0.19108860418427745,0.19108860418427745,784,2.4110239924856702,1.5222754734072907,1.881234522330216,,,-1.8048001005384438,2.055762687460195,0.30954894567255925,2.821852982860205,0.4505343834807766,0.0,0.0,2.1675161420226163,2.197449261321278,0.2811228717565265,1.160048849365401,3.273487305845306,2.821852982860205,0.4505343834807766,5910
234,4.032070130728442,-17.77493623347441,0.11480248067159193,0.45933602177220734,-13.168727600302168,-17.77493623347441,nan,0.07263919864603782,0.042163282025554104,4.158094931925716,-17.746566975546763,0.11521969835309108,0.4985944371236497,-12.974657908144305,-17.746566975546763,nan,82.63905265814564,0.6559075750263635,0.0,1.5991346531422281,125.99191685631021,46.0,46.0,,4.231383558873924e-05,,,,,,,2.0378069637022307,,0,1.160048849365401,3.273487305845306,inf,-inf,-0.14464084816994063,0.1155152136723775,-0.16736393499607008,0.08758562740707862,inf,-inf,2.1829996318731775,0.19108646416537037,0.19108646416537037,0.19108646416537037,784,2.4110239924856702,1.5222754734072907,1.881234522330216,,,-1.8048001005384438,2.055762687460195,0.30954894567255925,2.821852982860205,0.4505343834807766,0.0,0.0,2.1675161420226163,2.197449261321278,0.2811228717565265,1.160048849365401,3.273487305845306,2.821852982860205,0.4505343834807766,5910
235,4.025472955754014,-17.778033601207422,0.11477403244620694,0.4549636561229762,-13.182822956884225,-17.778033601207422,nan,0.07278128637282427,0.041992746073382665,4.090744365224921,-17.757551326091985,0.11508890697995487,0.48026240650740376,-13.071455647379706,-17.757551326091985,nan,79.53220534759873,0.6485152723389707,0.0,1.595455526613191,122.63736682831467,46.0,46.0,,4.136444868775326e-05,,,,,,,2.0179043866666295,,0,1.1428380695584028,3.2378398280390877,inf,-inf,-0.13997671952974122,0.12287474490946121,-0.17586904705204917,0.09358874217622448,inf,-inf,2.181855912867628,0.19110831848479498,0.19110831848479498,0.19110831848479498,784,2.4030399807074447,1.519595429039706,1.880049061997195,,,-1.8136239218393784,2.0352758598000946,0.307658387977891,2.833157132480021,0.4522706620165736,0.0,0.0,2.1473078011255287,2.1771326565032734,0.2798470892351526,1.1428380695584028,3.2378398280390877,2.833157132480021,0.4522706620165736,5910
236,4.017214577928542,-17.775700715612942,0.11476497504051632,0.45335760054663493,-13.190363562097248,-17.775700715612942,nan,0.07291414758170196,0.041850827458814355,4.090744365224921,-17.757551326091985,0.11508890697995487,0.48026240650740376,-13.071455647379706,-17.757551326091985,nan,97.45706088677433,0.6451250261811,0.0,1.5852207524985422,151.0669357592339,46.0,46.0,,4.0427523205524943e-05,,,,,,,2.0179043866666295,,0,1.1428380695584028,3.2378398280390877,inf,-inf,-0.14543028505957864,0.12089058291522117,-0.1714745158117293,0.0945608485348021,inf,-inf,2.1805941268549165,0.191125091709781,0.191125091709781,0.191125091709781,784,2.4030399807074447,1.519595429039706,1.880049061997195,,,-1.8136239218393784,2.0352758598000946,0.307658387977891,2.833157132480021,0.4522706620165736,0.0,0.0,2.1473078011255287,2.1771326565032734,0.2798470892351526,1.1428380695584028,3.2378398280390877,2.833157132480021,0.4522706620165736,5910
237,4.005911890056725,-17.77716794013523,0.11475271369459102,0.44860032650822823,-13.207903009875684,-17.77716794013523,nan,0.07305252187495748,0.041700191819633595,4.090744365224921,-17.757551326091985,0.11508890697995487,0.48026240650740376,-13.071455647379706,-17.757551326091985,nan,86.78921150012619,0.6463526685690332,0.0,1.591282405411491,134.27532014723434,46.0,46.0,,3.950316188649156e-05,,,,,,,2.0179043866666295,,0,1.1428380695584028,3.2378398280390877,inf,-inf,-0.142489857432882,0.11779514858770712,-0.1683637760105249,0.09307411463588239,inf,-inf,2.179270488453772,0.19113413825554879,0.19113413825554879,0.19113413825554879,784,2.4030399807074447,1.519595429039706,1.880049061997195,,,-1.8136239218393784,2.0352758598000946,0.307658387977891,2.833157132480021,0.4522706620165736,0.0,0.0,2.1473078011255287,2.1771326565032734,0.2798470892351526,1.1428380695584028,3.2378398280390877,2.833157132480021,0.4522706620165736,5910
238,3.9752429352762864,-17.781563437797516,0.11473298709717072,0.44724974002896717,-13.244337775395092,-17.781563437797516,nan,0.07318174869098586,0.04155123840618487,4.090744365224921,-17.757551326091985,0.11508890697995487,0.48026240650740376,-13.071455647379706,-17.757551326091985,nan,89.07680492591858,0.6403067487982359,0.0,1.5828774541953967,139.11583017530737,46.0,46.0,,3.859146609728844e-05,,,,,,,2.0179043866666295,,0,1.1428380695584028,3.2378398280390877,inf,-inf,-0.14537703731439267,0.1203721041427537,-0.17211259161682432,0.08633454719795797,inf,-inf,2.1783248125531616,0.19113953781990756,0.19113953781990756,0.19113953781990756,784,2.4030399807074447,1.519595429039706,1.880049061997195,,,-1.8136239218393784,2.0352758598000946,0.307658387977891,2.833157132480021,0.4522706620165736,0.0,0.0,2.1473078011255287,2.1771326565032734,0.2798470892351526,1.1428380695584028,3.2378398280390877,2.833157132480021,0.4522706620165736,5910
239,3.970128166487475,-17.785627002750463,0.11472461594596892,0.44311874216128483,-13.257655478155733,-17.785627002750463,nan,0.07331056572703368,0.04141405021893524,4.090744365224921,-17.757551326091985,0.11508890697995487,0.48026240650740376,-13.071455647379706,-17.757551326091985,nan,87.53109914710862,0.6325776312594874,0.0,1.5751404569121394,138.37210616004663,46.0,46.0,,3.769253581563266e-05,,,,,,,2.0179043866666295,,0,1.1428380695584028,3.2378398280390877,inf,-inf,-0.1423095846139207,0.12035626830366188,-0.1714680456915923,0.08579596286579416,inf,-inf,2.1770984095608377,0.1911766315032134,0.1911766315032134,0.1911766315032134,784,2.4030399807074447,1.519595429039706,1.880049061997195,,,-1.8136239218393784,2.0352758598000946,0.307658387977891,2.833157132480021,0.4522706620165736,0.0,0.0,2.1473078011255287,2.1771326565032734,0.2798470892351526,1.1428380695584028,3.2378398280390877,2.833157132480021,0.4522706620165736,5910
240,3.959730814871271,-17.78143820499764,0.11471021668927152,0.4409077893420097,-13.266089384095089,-17.78143820499764,nan,0.0734353315866367,0.04127488510263483,4.0126426631980205,-17.769167761953238,0.11502880749805998,0.46693802886004043,-13.174558262397117,-17.769167761953238,nan,87.64642038642414,0.636001539964657,0.0,1.5821714161700169,137.808503405974,46.0,46.0,,3.680646961935965e-05,,,,,,,2.000101090656625,,0,1.1275071867660216,3.203823767817632,inf,-inf,-0.14692094881378975,0.12502660360188123,-0.17261207866275102,0.08626143123089883,inf,-inf,2.1759030926539267,0.19119008364298606,0.19119008364298606,0.19119008364298606,784,2.3958465036252834,1.5171667853313764,1.878958919575299,,,-1.8215914991607847,2.017223643964624,0.30597746088919,2.841510728642907,0.45354930014200784,0.0,0.0,2.129208426511256,2.159199112958645,0.27871126525999507,1.1275071867660216,3.203823767817632,2.841510728642907,0.45354930014200784,5910
241,3.941321474275685,-17.787550924589723,0.1146980355648661,0.4378904214089321,-13.29364099334024,-17.787550924589723,nan,0.07355427979570729,0.041143755769158796,4.0126426631980205,-17.769167761953238,0.11502880749805998,0.46693802886004043,-13.174558262397117,-17.769167761953238,nan,90.37702607528819,0.6462688764396247,0.0,1.5738931925215933,139.8443115088358,46.0,46.0,,3.593336467561294e-05,,,,,,,2.000101090656625,,0,1.1275071867660216,3.203823767817632,inf,-inf,-0.14348774052062171,0.1167790278917725,-0.17186430569355443,0.08555528571142063,inf,-inf,2.174967266581192,0.19117017934317102,0.19117017934317102,0.19117017934317102,784,2.3958465036252834,1.5171667853313764,1.878958919575299,,,-1.8215914991607847,2.017223643964624,0.30597746088919,2.841510728642907,0.45354930014200784,0.0,0.0,2.129208426511256,2.159199112958645,0.27871126525999507,1.1275071867660216,3.203823767817632,2.841510728642907,0.45354930014200784,5910
242,3.96209545327485,-17.786764217641508,0.11470056312650767,0.43697504606602716,-13.272993155174122,-17.786764217641508,nan,0.07367986239902255,0.04102070072748514,4.0126426631980205,-17.769167761953238,0.11502880749805998,0.46693802886004043,-13.174558262397117,-17.769167761953238,nan,91.43759548997586,0.6376093163690992,0.0,1.5628309302174386,143.40693139597175,46.0,46.0,,3.5073316730188546e-05,,,,,,,2.000101090656625,,0,1.1275071867660216,3.203823767817632,inf,-inf,-0.1455046131891777,0.12401224941391868,-0.18216194779973255,0.08904312401367148,inf,-inf,2.1740627446631176,0.19118471397934061,0.19118471397934061,0.19118471397934061,784,2.3958465036252834,1.5171667853313764,1.878958919575299,,,-1.8215914991607847,2.017223643964624,0.30597746088919,2.841510728642907,0.45354930014200784,0.0,0.0,2.129208426511256,2.159199112958645,0.27871126525999507,1.1275071867660216,3.203823767817632,2.841510728642907,0.45354930014200784,5910
243,3.9252495098802043,-17.785371592009987,0.11468589210806623,0.43245855531316046,-13.312977634708556,-17.785371592009987,nan,0.07379528310076613,0.040890609007300134,4.0126426631980205,-17.769167761953238,0.11502880749805998,0.46693802886004043,-13.174558262397117,-17.769167761953238,nan,80.51052612847195,0.6363768418627618,0.0,1.575296246901032,126.51391570567947,46.0,46.0,,3.422642009703561e-05,,,,,,,2.000101090656625,,0,1.1275071867660216,3.203823767817632,inf,-inf,-0.1441058613549522,0.11886588823516267,-0.18093866696527006,0.08551389799791882,inf,-inf,2.173060796797424,0.19121164605636534,0.19121164605636534,0.19121164605636534,784,2.3958465036252834,1.5171667853313764,1.878958919575299,,,-1.8215914991607847,2.017223643964624,0.30597746088919,2.841510728642907,0.45354930014200784,0.0,0.0,2.129208426511256,2.159199112958645,0.27871126525999507,1.1275071867660216,3.203823767817632,2.841510728642907,0.45354930014200784,5910
244,3.92979080579278,-17.787538603602762,0.11469318728353235,0.43180449121067,-13.31125011931578,-17.787538603602762,nan,0.07391307768789232,0.04078010959564006,4.0126426631980205,-17.769167761953238,0.11502880749805998,0.46693802886004043,-13.174558262397117,-17.769167761953238,nan,92.35260539551894,0.6417166511031228,0.0,1.5568890909712236,143.9149276191651,46.0,46.0,,3.339276764791356e-05,,,,,,,2.000101090656625,,0,1.1275071867660216,3.203823767817632,inf,-inf,-0.1437668730906054,0.11889876198456184,-0.17869552866372906,0.08909672979802591,inf,-inf,2.172038745054007,0.19122602086237675,0.19122602086237675,0.19122602086237675,784,2.3958465036252834,1.5171667853313764,1.878958919575299,,,-1.8215914991607847,2.017223643964624,0.30597746088919,2.841510728642907,0.45354930014200784,0.0,0.0,2.129208426511256,2.159199112958645,0.27871126525999507,1.1275071867660216,3.203823767817632,2.841510728642907,0.45354930014200784,5910
245,3.92536329714883,-17.7966513098354,0.11467563492082657,0.4275084491886874,-13.329103928577055,-17.7966513098354,nan,0.07402589213594864,0.04064974278487786,3.951498923396501,-17.762276506800085,0.11498320954445948,0.44695726309271677,-13.248837110766408,-17.762276506800085,nan,76.38968762251518,0.630240317608315,0.0,1.556592861321129,121.20723712568042,46.0,46.0,,3.2572450802207845e-05,,,,,,,1.9842589814695355,,0,1.1139949620740492,3.1746266775705343,inf,-inf,-0.14496467979357897,0.12134428984620033,-0.1727019601346208,0.08629823557041183,inf,-inf,2.1711164079923417,0.1912210078183099,0.1912210078183099,0.1912210078183099,784,2.3893599392640312,1.514974290005054,1.877866010588561,,,-1.8287377513718426,2.0010918909975164,0.30448344646705156,2.849767535447356,0.45480943467865975,0.0,0.0,2.1130940385331405,2.1432937545886546,0.2776925336581774,1.1139949620740492,3.1746266775705343,2.849767535447356,0.45480943467865975,5910
246,3.902920886853212,-17.79021668251185,0.11467674112872879,0.4259844876462194,-13.346634566883688,-17.79021668251185,nan,0.07413725174854881,0.04053948938017999,3.951498923396501,-17.762276506800085,0.11498320954445948,0.44695726309271677,-13.248837110766408,-17.762276506800085,nan,102.0620320435481,0.621479423368546,0.0,1.5525035429243268,164.22431412185932,46.0,46.0,,3.1765559516904784e-05,,,,,,,1.9842589814695355,,0,1.1139949620740492,3.1746266775705343,inf,-inf,-0.1417621740442759,0.12652837319234986,-0.17274395922432365,0.08915965179419774,inf,-inf,2.170259483701896,0.19123289260430856,0.19123289260430856,0.19123289260430856,784,2.3893599392640312,1.514974290005054,1.877866010588561,,,-1.8287377513718426,2.0010918909975164,0.30448344646705156,2.849767535447356,0.45480943467865975,0.0,0.0,2.1130940385331405,2.1432937545886546,0.2776925336581774,1.1139949620740492,3.1746266775705343,2.849767535447356,0.45480943467865975,5910
247,3.916376393712132,-17.79738866277978,0.11468190902558675,0.4236281118813062,-13.342702248160757,-17.79738866277978,nan,0.07423990269736884,0.04044200632821792,3.951498923396501,-17.762276506800085,0.11498320954445948,0.44695726309271677,-13.248837110766408,-17.762276506800085,nan,79.16833389570675,0.6348227007317231,0.0,1.544488340634459,124.70936184930696,46.0,46.0,,3.097218227672658e-05,,,,,,,1.9842589814695355,,0,1.1139949620740492,3.1746266775705343,inf,-inf,-0.1429965676625722,0.11833557246629997,-0.17924279949689148,0.08513774325125192,inf,-inf,2.169243547211423,0.19125961377782874,0.19125961377782874,0.19125961377782874,784,2.3893599392640312,1.514974290005054,1.877866010588561,,,-1.8287377513718426,2.0010918909975164,0.30448344646705156,2.849767535447356,0.45480943467865975,0.0,0.0,2.1130940385331405,2.1432937545886546,0.2776925336581774,1.1139949620740492,3.1746266775705343,2.849767535447356,0.45480943467865975,5910
248,3.893505889082975,-17.791896528744033,0.1146719566092916,0.42077634454599117,-13.362942338505775,-17.791896528744033,nan,0.07434430275616902,0.040327653853122605,3.951498923396501,-17.762276506800085,0.11498320954445948,0.44695726309271677,-13.248837110766408,-17.762276506800085,nan,94.2273153136207,0.624674587449916,0.0,1.5478618188659268,150.84224203561902,46.0,46.0,,3.019240608442822e-05,,,,,,,1.9842589814695355,,0,1.1139949620740492,3.1746266775705343,inf,-inf,-0.14591233085463853,0.12124511920172615,-0.1698102603184451,0.08497155398518028,inf,-inf,2.168270701174929,0.19126515231904592,0.19126515231904592,0.19126515231904592,784,2.3893599392640312,1.514974290005054,1.877866010588561,,,-1.8287377513718426,2.0010918909975164,0.30448344646705156,2.849767535447356,0.45480943467865975,0.0,0.0,2.1130940385331405,2.1432937545886546,0.2776925336581774,1.1139949620740492,3.1746266775705343,2.849767535447356,0.45480943467865975,5910
249,3.8884993612766485,-17.793079375890162,0.11468231403232071,0.41907076905179885,-13.370826931529393,-17.793079375890162,nan,0.07445248838023738,0.04022982565208327,3.951498923396501,-17.762276506800085,0.11498320954445948,0.44695726309271677,-13.248837110766408,-17.762276506800085,nan,88.28543346167423,0.6343688657230893,0.0,1.5486177018493215,139.17050194612173,46.0,46.0,,2.9426316451256454e-05,,,,,,,1.9842589814695355,,0,1.1139949620740492,3.1746266775705343,inf,-inf,-0.1470261510173397,0.1190778656388651,-0.18247542807513673,0.08526689987980782,inf,-inf,2.16743260004022,0.19127757738924575,0.19127757738924575,0.19127757738924575,784,2.3893599392640312,1.514974290005054,1.877866010588561,,,-1.8287377513718426,2.0010918909975164,0.30448344646705156,2.849767535447356,0.45480943467865975,0.0,0.0,2.1130940385331405,2.1432937545886546,0.2776925336581774,1.1139949620740492,3.1746266775705343,2.849767535447356,0.45480943467865975,5910
250,3.8574012671780933,-17.793999777259813,0.11467625399495975,0.4185506602442428,-13.403371595842517,-17.793999777259813,nan,0.07455397351551359,0.040122280479446194,3.93033797171143,-17.761945270796545,0.11498454072906504,0.42885983536919203,-13.287762922986857,-17.761945270796545,nan,92.6272791289556,0.6233021846646905,0.0,1.530624547473417,148.60733911719734,46.0,46.0,,2.8673997387572544e-05,,,,,,,1.9702566149869147,,0,1.1023318663837824,3.1487027288258354,inf,-inf,-0.1448955151783316,0.11921644647380988,-0.16457773441370893,0.08474275603135553,inf,-inf,2.1665833104669017,0.19129299581238807,0.19129299581238807,0.19129299581238807,784,2.383516335363893,1.513000260332937,1.8768367516500397,,,-1.835100085805983,1.987264668345861,0.3031608744806094,2.8564018013515344,0.45581929828481516,0.0,0.0,2.098833889241736,2.128957915155484,0.27680314836519077,1.1023318663837824,3.1487027288258354,2.8564018013515344,0.45581929828481516,5910
251,3.8671761358022962,-17.79483435542519,0.11468346862400494,0.41508083357106407,-13.397893917427826,-17.79483435542519,nan,0.07465075342093012,0.04003271520307476,3.93033797171143,-17.761945270796545,0.11498454072906504,0.42885983536919203,-13.287762922986857,-17.761945270796545,nan,100.1723609023823,0.6216989465840875,0.0,1.5406491324960963,161.12679851361713,46.0,46.0,,2.7935531393639814e-05,,,,,,,1.9702566149869147,,0,1.1023318663837824,3.1487027288258354,inf,-inf,-0.14598757035717116,0.11463833306583163,-0.17569257390693305,0.08486513698837583,inf,-inf,2.1659134299375755,0.19130182644446894,0.19130182644446894,0.19130182644446894,784,2.383516335363893,1.513000260332937,1.8768367516500397,,,-1.835100085805983,1.987264668345861,0.3031608744806094,2.8564018013515344,0.45581929828481516,0.0,0.0,2.098833889241736,2.128957915155484,0.27680314836519077,1.1023318663837824,3.1487027288258354,2.8564018013515344,0.45581929828481516,5910
252,3.844660015907106,-17.801974236656605,0.11469128124095898,0.4134665448591202,-13.42915639464942,-17.801974236656605,nan,0.0747464352285636,0.03994484601239541,3.93033797171143,-17.761945270796545,0.11498454072906504,0.42885983536919203,-13.287762922986857,-17.761945270796545,nan,83.85972911019334,0.617252905742292,0.0,1.5364714679258906,135.85959390397014,46.0,46.0,,2.7210999450576172e-05,,,,,,,1.9702566149869147,,0,1.1023318663837824,3.1487027288258354,inf,-inf,-0.14442662935331987,0.12650960265647082,-0.17753314485126967,0.08114689618097648,inf,-inf,2.164955033903248,0.19133034991395695,0.19133034991395695,0.19133034991395695,784,2.383516335363893,1.513000260332937,1.8768367516500397,,,-1.835100085805983,1.987264668345861,0.3031608744806094,2.8564018013515344,0.45581929828481516,0.0,0.0,2.098833889241736,2.128957915155484,0.27680314836519077,1.1023318663837824,3.1487027288258354,2.8564018013515344,0.45581929828481516,5910
253,3.8502038106954615,-17.799076109089302,0.11469871101640511,0.41042493666970636,-13.42374865070773,-17.799076109089302,nan,0.07484064935275815,0.039858061663647,3.93033797171143,-17.761945270796545,0.11498454072906504,0.42885983536919203,-13.287762922986857,-17.761945270796545,nan,88.30151590030013,0.6226877237742261,0.0,1.5302742228892825,141.80706079298983,46.0,46.0,,2.6500481011473898e-05,,,,,,,1.9702566149869147,,0,1.1023318663837824,3.1487027288258354,inf,-inf,-0.1426827154188756,0.12564949017502974,-0.18116008787173268,0.0870656065035525,inf,-inf,2.1642640769672576,0.1913418779830659,0.1913418779830659,0.1913418779830659,784,2.383516335363893,1.513000260332937,1.8768367516500397,,,-1.835100085805983,1.987264668345861,0.3031608744806094,2.8564018013515344,0.45581929828481516,0.0,0.0,2.098833889241736,2.128957915155484,0.27680314836519077,1.1023318663837824,3.1487027288258354,2.8564018013515344,0.45581929828481516,5910
254,3.8435946927268465,-17.80558461503943,0.11470645726276862,0.409165391931028,-13.438118073118787,-17.80558461503943,nan,0.07493072561408394,0.03977573164868469,3.93033797171143,-17.761945270796545,0.11498454072906504,0.42885983536919203,-13.287762922986857,-17.761945270796545,nan,87.3682849449899,0.6219178751778973,0.0,1.521370902204073,140.4820289495595,46.0,46.0,,2.5804053992686704e-05,,,,,,,1.9702566149869147,,0,1.1023318663837824,3.1487027288258354,inf,-inf,-0.14654150394812165,0.11600175258710611,-0.1744780967624202,0.08785551881782651,inf,-inf,2.1635622137699424,0.19134263603986762,0.19134263603986762,0.19134263603986762,784,2.383516335363893,1.513000260332937,1.8768367516500397,,,-1.835100085805983,1.987264668345861,0.3031608744806094,2.8564018013515344,0.45581929828481516,0.0,0.0,2.098833889241736,2.128957915155484,0.27680314836519077,1.1023318663837824,3.1487027288258354,2.8564018013515344,0.45581929828481516,5910
255,3.8302291190068187,-17.80421567144836,0.1147035366319691,0.4080062969186645,-13.451276718890908,-17.80421567144836,nan,0.0750207606157112,0.0396827760162579,3.8526942104274515,-17.77306804634019,0.11501342719527442,0.4298331304994194,-13.375527278218044,-17.77306804634019,nan,84.98775266431004,0.6152776805749063,0.0,1.5306922622120795,138.12910064427942,46.0,46.0,,2.5121794765285192e-05,,,,,,,1.9579309346575196,,0,1.0922895162770911,3.1253437502187076,inf,-inf,-0.13964131290384604,0.12771369307688002,-0.16755290265659714,0.08407641494822536,inf,-inf,2.1630489193975313,0.1913537942011308,0.1913537942011308,0.1913537942011308,784,2.37831249432112,1.5112378691596615,1.876356908459832,,,-1.8407352265002255,1.9747712908692125,0.302001968892924,2.8612778056050416,0.4565600261324585,0.0,0.0,2.0862858189560693,2.116801748653372,0.27604156132694313,1.0922895162770911,3.1253437502187076,2.8612778056050416,0.4565600261324585,5910
256,3.8156415392393543,-17.80659960698949,0.11471413110992046,0.4047191186732755,-13.47152481796694,-17.80659960698949,nan,0.07511050924155777,0.03960362186836269,3.8526942104274515,-17.77306804634019,0.11501342719527442,0.4298331304994194,-13.375527278218044,-17.77306804634019,nan,91.8766444332282,0.6199239579220446,0.0,1.5183692161308475,148.206313466565,46.0,46.0,,2.445377814668197e-05,,,,,,,1.9579309346575196,,0,1.0922895162770911,3.1253437502187076,inf,-inf,-0.14257741048752026,0.1132678963766973,-0.17339867417473878,0.08675874255758666,inf,-inf,2.1622800936148936,0.19136701594029704,0.19136701594029704,0.19136701594029704,784,2.37831249432112,1.5112378691596615,1.876356908459832,,,-1.8407352265002255,1.9747712908692125,0.302001968892924,2.8612778056050416,0.4565600261324585,0.0,0.0,2.0862858189560693,2.116801748653372,0.27604156132694313,1.0922895162770911,3.1253437502187076,2.8612778056050416,0.4565600261324585,5910
257,3.8220627744463487,-17.806204848386564,0.11471327195382328,0.4041902165018294,-13.465238585484563,-17.806204848386564,nan,0.07519225023251043,0.03952102172131288,3.8526942104274515,-17.77306804634019,0.11501342719527442,0.4298331304994194,-13.375527278218044,-17.77306804634019,nan,95.41145825174848,0.6139518158463665,0.0,1.5213832396905669,155.4054500518392,46.0,46.0,,2.380007739242722e-05,,,,,,,1.9579309346575196,,0,1.0922895162770911,3.1253437502187076,inf,-inf,-0.1467621516128985,0.12019920660766474,-0.1729799491154903,0.08931396634404437,inf,-inf,2.1616078712276736,0.19137740066431932,0.19137740066431932,0.19137740066431932,784,2.37831249432112,1.5112378691596615,1.876356908459832,,,-1.8407352265002255,1.9747712908692125,0.302001968892924,2.8612778056050416,0.4565600261324585,0.0,0.0,2.0862858189560693,2.116801748653372,0.27604156132694313,1.0922895162770911,3.1253437502187076,2.8612778056050416,0.4565600261324585,5910
258,3.797813939341007,-17.79935355617724,0.11471888851967639,0.3999949881944611,-13.486825740122097,-17.79935355617724,nan,0.07527312213233973,0.039445766387336656,3.8526942104274515,-17.77306804634019,0.11501342719527442,0.4298331304994194,-13.375527278218044,-17.77306804634019,nan,90.54961248962653,0.6230859506502685,0.0,1.5354041631991047,145.3244330017819,46.0,46.0,,2.316076418817509e-05,,,,,,,1.9579309346575196,,0,1.0922895162770911,3.1253437502187076,inf,-inf,-0.14247625826040336,0.12512155505554481,-0.17828624804144555,0.09095775128338249,inf,-inf,2.1610042319443994,0.19139167985373706,0.19139167985373706,0.19139167985373706,784,2.37831249432112,1.5112378691596615,1.876356908459832,,,-1.8407352265002255,1.9747712908692125,0.302001968892924,2.8612778056050416,0.4565600261324585,0.0,0.0,2.0862858189560693,2.116801748653372,0.27604156132694313,1.0922895162770911,3.1253437502187076,2.8612778056050416,0.4565600261324585,5910
259,3.8159042986659815,-17.810942179636978,0.11473867921124654,0.4005592317641437,-13.479739969995608,-17.810942179636978,nan,0.07536013755502413,0.03937854165622241,3.8526942104274515,-17.77306804634019,0.11501342719527442,0.4298331304994194,-13.375527278218044,-17.77306804634019,nan,87.78823101286775,0.6210833874124527,0.0,1.5120265208557895,141.34693149435154,46.0,46.0,,2.2535908641822916e-05,,,,,,,1.9579309346575196,,0,1.0922895162770911,3.1253437502187076,inf,-inf,-0.1443897766129677,0.12580755001278168,-0.17150827535304808,0.08598320763275472,inf,-inf,2.160398341946644,0.19140956687366847,0.19140956687366847,0.19140956687366847,784,2.37831249432112,1.5112378691596615,1.876356908459832,,,-1.8407352265002255,1.9747712908692125,0.302001968892924,2.8612778056050416,0.4565600261324585,0.0,0.0,2.0862858189560693,2.116801748653372,0.27604156132694313,1.0922895162770911,3.1253437502187076,2.8612778056050416,0.4565600261324585,5910
260,3.8114506494699736,-17.80831424673652,0.11473792342357185,0.39942346293411957,-13.482702210908853,-17.80831424673652,nan,0.07543581351919204,0.03930210990437984,3.826304628426062,-17.792141734635393,0.1150463368710987,0.4203011463272564,-13.430489623010976,-17.792141734635393,nan,89.46252909578332,0.6094172144010396,0.0,1.5139639409502121,146.80013459040666,46.0,46.0,,2.192557927582279e-05,,,,,,,1.9471084051980163,,0,1.0836202705792994,3.105162834589152,inf,-inf,-0.14517722279668313,0.12212750356284968,-0.18077491073702712,0.08483632605533452,inf,-inf,2.1595545645265712,0.19140959256987733,0.19140959256987733,0.19140959256987733,784,2.3736319255979668,1.5096602651380395,1.8754672624366346,,,-1.8457119962758943,1.9640674834206897,0.30097803433741543,2.865545171953219,0.45720725899003145,0.0,0.0,2.0752542740455504,2.106628568246462,0.27535384878652147,1.0836202705792994,3.105162834589152,2.865545171953219,0.45720725899003145,5910
261,3.7950055913833074,-17.808029207659665,0.1147506468951029,0.39549270708855194,-13.502780262292701,-17.808029207659665,nan,0.07551553315221486,0.039235113742888024,3.826304628426062,-17.792141734635393,0.1150463368710987,0.4203011463272564,-13.430489623010976,-17.792141734635393,nan,84.51999868625379,0.6117059964064445,0.0,1.516037157518203,138.17095006878918,46.0,46.0,,2.1329843019667432e-05,,,,,,,1.9471084051980163,,0,1.0836202705792994,3.105162834589152,inf,-inf,-0.14262185699307775,0.12151078536653087,-0.16869164773308162,0.08915947928799806,inf,-inf,2.1590971818232734,0.1914231026868224,0.1914231026868224,0.1914231026868224,784,2.3736319255979668,1.5096602651380395,1.8754672624366346,,,-1.8457119962758943,1.9640674834206897,0.30097803433741543,2.865545171953219,0.45720725899003145,0.0,0.0,2.0752542740455504,2.106628568246462,0.27535384878652147,1.0836202705792994,3.105162834589152,2.865545171953219,0.45720725899003145,5910
262,3.7695787636782714,-17.811472135156173,0.11476227178698861,0.39566527763898174,-13.531465822051931,-17.811472135156173,nan,0.07558964692640928,0.039172624860579354,3.826304628426062,-17.792141734635393,0.1150463368710987,0.4203011463272564,-13.430489623010976,-17.792141734635393,nan,92.0820883765486,0.6133041592485822,0.0,1.5055138576822735,150.14098141673654,46.0,46.0,,2.0748765202550787e-05,,,,,,,1.9471084051980163,,0,1.0836202705792994,3.105162834589152,inf,-inf,-0.1458139351544197,0.13042607823320862,-0.17986361274317245,0.08873472965430446,inf,-inf,2.1585323939540646,0.19142944709540674,0.19142944709540674,0.19142944709540674,784,2.3736319255979668,1.5096602651380395,1.8754672624366346,,,-1.8457119962758943,1.9640674834206897,0.30097803433741543,2.865545171953219,0.45720725899003145,0.0,0.0,2.0752542740455504,2.106628568246462,0.27535384878652147,1.0836202705792994,3.105162834589152,2.865545171953219,0.45720725899003145,5910
263,3.7977441749618253,-17.815384461532666,0.11476649055046781,0.3936357324037251,-13.50923806361665,-17.815384461532666,nan,0.07565717907401713,0.03910931147645067,3.826304628426062,-17.792141734635393,0.1150463368710987,0.4203011463272564,-13.430489623010976,-17.792141734635393,nan,78.42195289536878,0.6071138295640788,0.0,1.5026903433944088,129.17174519262306,46.0,46.0,,2.0182409546203575e-05,,,,,,,1.9471084051980163,,0,1.0836202705792994,3.105162834589152,inf,-inf,-0.14269649971628479,0.12406235264871882,-0.18306544215586446,0.08709439537753014,inf,-inf,2.1579034474991525,0.191441894046643,0.191441894046643,0.191441894046643,784,2.3736319255979668,1.5096602651380395,1.8754672624366346,,,-1.8457119962758943,1.9640674834206897,0.30097803433741543,2.865545171953219,0.45720725899003145,0.0,0.0,2.0752542740455504,2.106628568246462,0.27535384878652147,1.0836202705792994,3.105162834589152,2.865545171953219,0.45720725899003145,5910
264,3.777325577446842,-17.80776292817331,0.11478005600882392,0.39066421650342553,-13.52499307821422,-17.80776292817331,nan,0.0757333019695083,0.03904675403931563,3.826304628426062,-17.792141734635393,0.1150463368710987,0.4203011463272564,-13.430489623010976,-17.792141734635393,nan,83.42807273008152,0.60224110331453,0.0,1.5170657075201857,138.52935688202254,46.0,46.0,,1.9630838157905765e-05,,,,,,,1.9471084051980163,,0,1.0836202705792994,3.105162834589152,inf,-inf,-0.14835780173689314,0.12111427368866767,-0.17144082281803452,0.09336697136886636,inf,-inf,2.15728903936835,0.19145145862067478,0.19145145862067478,0.19145145862067478,784,2.3736319255979668,1.5096602651380395,1.8754672624366346,,,-1.8457119962758943,1.9640674834206897,0.30097803433741543,2.865545171953219,0.45720725899003145,0.0,0.0,2.0752542740455504,2.106628568246462,0.27535384878652147,1.0836202705792994,3.105162834589152,2.865545171953219,0.45720725899003145,5910
265,3.781507574191401,-17.81695573784936,0.11478695899739533,0.3921166955088318,-13.528544509151729,-17.81695573784936,nan,0.07580369819395825,0.038983260803437114,3.7783381592916587,-17.767526484368034,0.1150842837736697,0.4100150446986778,-13.464088996604028,-17.767526484368034,nan,76.03507809342608,0.600349387305179,0.0,1.504048504719312,126.6513795154,46.0,46.0,,1.9094111523675756e-05,,,,,,,1.9376403728750817,,0,1.0760539571507466,3.0868129513062184,inf,-inf,-0.14419558761775567,0.13107656714301824,-0.17050443532343112,0.09123315329178423,inf,-inf,2.1569061288817024,0.19146100087809245,0.19146100087809245,0.19146100087809245,784,2.369463328331643,1.508254994498551,1.874477961285659,,,-1.8500858863281517,1.9542503635759383,0.3000817095049258,2.8686414196920986,0.4576762648086581,0.0,0.0,2.0656137072236684,2.0968089211344134,0.27475691803248237,1.0760539571507466,3.0868129513062184,2.8686414196920986,0.4576762648086581,5910
266,3.756383411473182,-17.8099107863931,0.11479604497116445,0.3898565693385026,-13.54887476061025,-17.8099107863931,nan,0.0758750454015348,0.03892099956962961,3.7783381592916587,-17.767526484368034,0.1150842837736697,0.4100150446986778,-13.464088996604028,-17.767526484368034,nan,84.62688058735621,0.6077150949456503,0.0,1.5096955229837619,139.2542019956319,46.0,46.0,,1.8572288501637325e-05,,,,,,,1.9376403728750817,,0,1.0760539571507466,3.0868129513062184,inf,-inf,-0.14409677533426068,0.13002564043354478,-0.18089798641620985,0.0889890427890736,inf,-inf,2.1562775560647096,0.19147967760896814,0.19147967760896814,0.19147967760896814,784,2.369463328331643,1.508254994498551,1.874477961285659,,,-1.8500858863281517,1.9542503635759383,0.3000817095049258,2.8686414196920986,0.4576762648086581,0.0,0.0,2.0656137072236684,2.0968089211344134,0.27475691803248237,1.0760539571507466,3.0868129513062184,2.8686414196920986,0.4576762648086581,5910
267,3.754552510178027,-17.815301254417665,0.11480184081809094,0.3865905326732079,-13.55935637074834,-17.815301254417665,nan,0.07594068242254419,0.03886115839554677,3.7783381592916587,-17.767526484368034,0.1150842837736697,0.4100150446986778,-13.464088996604028,-17.767526484368034,nan,79.50871376374717,0.6095099828969808,0.0,1.5036910654892945,130.44694261748575,46.0,46.0,,1.806542631556527e-05,,,,,,,1.9376403728750817,,0,1.0760539571507466,3.0868129513062184,inf,-inf,-0.14483903628545983,0.11777122028179748,-0.1823045076688367,0.08699382755138778,inf,-inf,2.155885757907032,0.19149341290946018,0.19149341290946018,0.19149341290946018,784,2.369463328331643,1.508254994498551,1.874477961285659,,,-1.8500858863281517,1.9542503635759383,0.3000817095049258,2.8686414196920986,0.4576762648086581,0.0,0.0,2.0656137072236684,2.0968089211344134,0.27475691803248237,1.0760539571507466,3.0868129513062184,2.8686414196920986,0.4576762648086581,5910
268,3.7464987113769266,-17.808272080083395,0.11480992387668144,0.38459989278427054,-13.562363552045516,-17.808272080083395,nan,0.0760033296665863,0.03880659421009511,3.7783381592916587,-17.767526484368034,0.1150842837736697,0.4100150446986778,-13.464088996604028,-17.767526484368034,nan,86.50530962049135,0.6119993788846555,0.0,1.5107944445977401,141.34868858550777,46.0,46.0,,1.757358054861011e-05,,,,,,,1.9376403728750817,,0,1.0760539571507466,3.0868129513062184,inf,-inf,-0.14838552060285348,0.1184169856391234,-0.1792064882123684,0.09035489166002839,inf,-inf,2.155298685353404,0.19150824396899538,0.19150824396899538,0.19150824396899538,784,2.369463328331643,1.508254994498551,1.874477961285659,,,-1.8500858863281517,1.9542503635759383,0.3000817095049258,2.8686414196920986,0.4576762648086581,0.0,0.0,2.0656137072236684,2.0968089211344134,0.27475691803248237,1.0760539571507466,3.0868129513062184,2.8686414196920986,0.4576762648086581,5910
269,3.731392908089993,-17.81034610547423,0.11482463518642501,0.3832279638306481,-13.580900598367164,-17.81034610547423,nan,0.07606652114462507,0.03875811404179997,3.7783381592916587,-17.767526484368034,0.1150842837736697,0.4100150446986778,-13.464088996604028,-17.767526484368034,nan,80.32999613750047,0.6085039883766935,0.0,1.5120373621922976,132.012275468887,46.0,46.0,,1.709680513720275e-05,,,,,,,1.9376403728750817,,0,1.0760539571507466,3.0868129513062184,inf,-inf,-0.14260559012404925,0.1344726993709968,-0.168461817849894,0.09494253934402881,inf,-inf,2.1547632613937817,0.19152431905356793,0.19152431905356793,0.19152431905356793,784,2.369463328331643,1.508254994498551,1.874477961285659,,,-1.8500858863281517,1.9542503635759383,0.3000817095049258,2.8686414196920986,0.4576762648086581,0.0,0.0,2.0656137072236684,2.0968089211344134,0.27475691803248237,1.0760539571507466,3.0868129513062184,2.8686414196920986,0.4576762648086581,5910
270,3.730340251116352,-17.809592681928688,0.1148316464809735,0.3825429043356054,-13.581877879995757,-17.809592681928688,nan,0.0761281855030059,0.038703460977967605,3.7525214944033554,-17.76961206611253,0.11513391549125404,0.4008831132529386,-13.501073542964981,-17.76961206611253,nan,75.72600513486857,0.6169918795785663,0.0,1.5061217672302956,122.73420062933876,46.0,46.0,,1.6635152365139873e-05,,,,,,,1.9293253145131053,,0,1.069498827244116,3.071508694859685,inf,-inf,-0.14515212840056643,0.12483359794093828,-0.18568718107869261,0.09193879901178956,inf,-inf,2.154382223362416,0.19152934503048188,0.19152934503048188,0.19152934503048188,784,2.3657088989509694,1.5069918939453637,1.8741604605514164,,,-1.8539407553980856,1.9456805177377308,0.2993006620418241,2.8719140373200287,0.45817143637935515,0.0,0.0,2.057143966787783,2.0879894061453657,0.2742506025246946,1.069498827244116,3.071508694859685,2.8719140373200287,0.45817143637935515,5910
271,3.7337772855124665,-17.81124211890592,0.11484109397516543,0.38072400809679385,-13.581899731321494,-17.81124211890592,nan,0.07618795600064136,0.03865313797452407,3.7525214944033554,-17.76961206611253,0.11513391549125404,0.4008831132529386,-13.501073542964981,-17.76961206611253,nan,92.90111017722803,0.6071657547232499,0.0,1.5065115003644636,153.00782274779803,46.0,46.0,,1.6188672857850262e-05,,,,,,,1.9293253145131053,,0,1.069498827244116,3.071508694859685,inf,-inf,-0.14758770701259422,0.12790246876683833,-0.17527202807625852,0.10130258625249519,inf,-inf,2.153962679538456,0.19153951953900453,0.19153951953900453,0.19153951953900453,784,2.3657088989509694,1.5069918939453637,1.8741604605514164,,,-1.8539407553980856,1.9456805177377308,0.2993006620418241,2.8719140373200287,0.45817143637935515,0.0,0.0,2.057143966787783,2.0879894061453657,0.2742506025246946,1.069498827244116,3.071508694859685,2.8719140373200287,0.45817143637935515,5910
272,3.7197629278510003,-17.81566514823457,0.11485091123611581,0.3807305926984858,-13.600320716448966,-17.81566514823457,nan,0.07624363587549389,0.03860727536062191,3.7525214944033554,-17.76961206611253,0.11513391549125404,0.4008831132529386,-13.501073542964981,-17.76961206611253,nan,82.53284265431334,0.6013645999041188,0.0,1.4980179038184818,137.2426023538338,46.0,46.0,,1.5757415576843268e-05,,,,,,,1.9293253145131053,,0,1.069498827244116,3.071508694859685,inf,-inf,-0.14419403365460076,0.1287333763159855,-0.18134649900121608,0.09189385276833434,inf,-inf,2.153499557211905,0.1915530247601992,0.1915530247601992,0.1915530247601992,784,2.3657088989509694,1.5069918939453637,1.8741604605514164,,,-1.8539407553980856,1.9456805177377308,0.2993006620418241,2.8719140373200287,0.45817143637935515,0.0,0.0,2.057143966787783,2.0879894061453657,0.2742506025246946,1.069498827244116,3.071508694859685,2.8719140373200287,0.45817143637935515,5910
273,3.6988046271265484,-17.81070092409894,0.11486043975948364,0.3773322798695619,-13.619703577343344,-17.81070092409894,nan,0.07629978380159626,0.03856065595788736,3.7525214944033554,-17.76961206611253,0.11513391549125404,0.4008831132529386,-13.501073542964981,-17.76961206611253,nan,77.02592229177885,0.6108192030318761,0.0,1.495766936013767,126.1026534684097,46.0,46.0,,1.5341427814339585e-05,,,,,,,1.9293253145131053,,0,1.069498827244116,3.071508694859685,inf,-inf,-0.14683134160285294,0.1327495140270809,-0.18015104533221035,0.09156451456081253,inf,-inf,2.1532363176077753,0.19155424150719913,0.19155424150719913,0.19155424150719913,784,2.3657088989509694,1.5069918939453637,1.8741604605514164,,,-1.8539407553980856,1.9456805177377308,0.2993006620418241,2.8719140373200287,0.45817143637935515,0.0,0.0,2.057143966787783,2.0879894061453657,0.2742506025246946,1.069498827244116,3.071508694859685,2.8719140373200287,0.45817143637935515,5910
274,3.699127618594773,-17.816878365600136,0.1148638941226877,0.3763871190855598,-13.626499733797115,-17.816878365600136,nan,0.07635432594430193,0.03850956817838573,3.7525214944033554,-17.76961206611253,0.11513391549125404,0.4008831132529386,-13.501073542964981,-17.76961206611253,nan,81.06954325361718,0.5969728338068808,0.0,1.4972326556406035,135.80105938261667,46.0,46.0,,1.4940755188085104e-05,,,,,,,1.9293253145131053,,0,1.069498827244116,3.071508694859685,inf,-inf,-0.1439026025233164,0.1262012975858161,-0.16926515590451757,0.09739231537662614,inf,-inf,2.1527624531078344,0.19157252110998246,0.19157252110998246,0.19157252110998246,784,2.3657088989509694,1.5069918939453637,1.8741604605514164,,,-1.8539407553980856,1.9456805177377308,0.2993006620418241,2.8719140373200287,0.45817143637935515,0.0,0.0,2.057143966787783,2.0879894061453657,0.2742506025246946,1.069498827244116,3.071508694859685,2.8719140373200287,0.45817143637935515,5910
275,3.706345356395586,-17.814942550101613,0.11487778946943772,0.3747451696572987,-13.61897423457929,-17.814942550101613,nan,0.07641132870264979,0.03846646076678794,3.6759358188808395,-17.72945672852172,0.11517398268280495,0.38542128575244666,-13.552925641205627,-17.72945672852172,nan,89.47397247633445,0.6094308066982962,0.0,1.5000450618404444,146.8156376292761,46.0,46.0,,1.4555441636348503e-05,,,,,,,1.9220593504890355,,0,1.0636881405670071,3.057618150226537,inf,-inf,-0.14574950613157978,0.12399740624158435,-0.1714145296175857,0.09233467468261386,inf,-inf,2.152418485848483,0.19156731198797491,0.19156731198797491,0.19156731198797491,784,2.3623909970178136,1.505877307183225,1.8736798326613364,,,-1.8573226974496189,1.938249839046588,0.298617742095835,2.8745438005886297,0.4585689305534042,0.0,0.0,2.0497336271722717,2.080507471048437,0.27380603180035434,1.0636881405670071,3.057618150226537,2.8745438005886297,0.4585689305534042,5910
276,3.7005364372596774,-17.810007866219472,0.11488345500669221,0.3745821164288138,-13.620005857524289,-17.810007866219472,nan,0.07646313268991871,0.03842032231677351,3.6759358188808395,-17.72945672852172,0.11517398268280495,0.38542128575244666,-13.552925641205627,-17.72945672852172,nan,94.2771147085445,0.6139603986757127,0.0,1.5022357765855843,153.55569335073784,46.0,46.0,,1.4185529413102792e-05,,,,,,,1.9220593504890355,,0,1.0636881405670071,3.057618150226537,inf,-inf,-0.14357510224745346,0.1393985058046862,-0.18630925240104398,0.10143090205121282,inf,-inf,2.1518510134050617,0.19159353824972716,0.19159353824972716,0.19159353824972716,784,2.3623909970178136,1.505877307183225,1.8736798326613364,,,-1.8573226974496189,1.938249839046588,0.298617742095835,2.8745438005886297,0.4585689305534042,0.0,0.0,2.0497336271722717,2.080507471048437,0.27380603180035434,1.0636881405670071,3.057618150226537,2.8745438005886297,0.4585689305534042,5910
277,3.681768180900998,-17.810583421872735,0.1148994273968356,0.3719651556255324,-13.641950657949367,-17.810583421872735,nan,0.07651749077728824,0.03838193661954735,3.6759358188808395,-17.72945672852172,0.11517398268280495,0.38542128575244666,-13.552925641205627,-17.72945672852172,nan,86.70379434957127,0.5987099710688674,0.0,1.4968028779780038,144.81768893005133,46.0,46.0,,1.3831059083391764e-05,,,,,,,1.9220593504890355,,0,1.0636881405670071,3.057618150226537,inf,-inf,-0.1426940043507567,0.13357938547258935,-0.18241064851207814,0.09695237200614598,inf,-inf,2.151613578394172,0.191596227069895,0.191596227069895,0.191596227069895,784,2.3623909970178136,1.505877307183225,1.8736798326613364,,,-1.8573226974496189,1.938249839046588,0.298617742095835,2.8745438005886297,0.4585689305534042,0.0,0.0,2.0497336271722717,2.080507471048437,0.27380603180035434,1.0636881405670071,3.057618150226537,2.8745438005886297,0.4585689305534042,5910
278,3.6775442462813657,-17.814757673010103,0.11491016060657346,0.3709260339407158,-13.651377232181447,-17.814757673010103,nan,0.07656921990905036,0.03834094069752315,3.6759358188808395,-17.72945672852172,0.11517398268280495,0.38542128575244666,-13.552925641205627,-17.72945672852172,nan,85.06669517585762,0.6040655041700331,0.0,1.4943467565203274,140.82362688916754,46.0,46.0,,1.3492069518881644e-05,,,,,,,1.9220593504890355,,0,1.0636881405670071,3.057618150226537,inf,-inf,-0.14546498337731836,0.12449298535981079,-0.17809978187994963,0.09761627166986048,inf,-inf,2.1512328843035853,0.1916052814948007,0.1916052814948007,0.1916052814948007,784,2.3623909970178136,1.505877307183225,1.8736798326613364,,,-1.8573226974496189,1.938249839046588,0.298617742095835,2.8745438005886297,0.4585689305534042,0.0,0.0,2.0497336271722717,2.080507471048437,0.27380603180035434,1.0636881405670071,3.057618150226537,2.8745438005886297,0.4585689305534042,5910
279,3.693150330815683,-17.81294388358056,0.11491351894115813,0.37083271152483827,-13.634047322298878,-17.81294388358056,nan,0.07661755046897234,0.03829596847218577,3.6759358188808395,-17.72945672852172,0.11517398268280495,0.38542128575244666,-13.552925641205627,-17.72945672852172,nan,87.01942219063609,0.6036853199864064,0.0,1.4894526173120202,144.14699067486944,46.0,46.0,,1.3168597893598197e-05,,,,,,,1.9220593504890355,,0,1.0636881405670071,3.057618150226537,inf,-inf,-0.14640358732828077,0.12565678943816538,-0.18566154363657322,0.09707105781259906,inf,-inf,2.1509579343548584,0.19161733943055387,0.19161733943055387,0.19161733943055387,784,2.3623909970178136,1.505877307183225,1.8736798326613364,,,-1.8573226974496189,1.938249839046588,0.298617742095835,2.8745438005886297,0.4585689305534042,0.0,0.0,2.0497336271722717,2.080507471048437,0.27380603180035434,1.0636881405670071,3.057618150226537,2.8745438005886297,0.4585689305534042,5910
280,3.6671841860741226,-17.817608337963645,0.11492388381217714,0.3668703770680889,-13.668629891009257,-17.817608337963645,nan,0.0766641901560734,0.03825969365610373,3.704672581997377,-17.807694145521854,0.11522167029676054,0.3918364682917013,-13.595963424936015,-17.807694145521854,nan,78.86039223142616,0.6076941945053297,0.0,1.4906046125690882,129.76986277714806,46.0,46.0,,1.286067967985035e-05,,,,,,,1.9156637421286482,,0,1.0587218937661496,3.0455570746255614,inf,-inf,-0.14236972765865077,0.12370718867587968,-0.18483184660090335,0.09972855968292053,inf,-inf,2.150520085742598,0.1916223930506255,0.1916223930506255,0.1916223930506255,784,2.359423667069495,1.504880409222002,1.8735124674935626,,,-1.86030959351604,1.9318074645016128,0.2980230454992625,2.876635585377121,0.45888484858345097,0.0,0.0,2.043222536388099,2.0742778544006364,0.273424433825368,1.0587218937661496,3.0455570746255614,2.876635585377121,0.45888484858345097,5910
281,3.676241961145325,-17.814819562136567,0.11493166294508272,0.36768639420611926,-13.655959543840039,-17.814819562136567,nan,0.07671248615146871,0.03821917679361402,3.704672581997377,-17.807694145521854,0.11522167029676054,0.3918364682917013,-13.595963424936015,-17.807694145521854,nan,89.89360439735916,0.6033066050087247,0.0,1.4970385770238483,149.0015253455731,46.0,46.0,,1.2568348644340156e-05,,,,,,,1.9156637421286482,,0,1.0587218937661496,3.0455570746255614,inf,-inf,-0.14539779464688243,0.1350325468195468,-0.18686783342640712,0.09796248781190425,inf,-inf,2.1502376894930246,0.19163449164381124,0.19163449164381124,0.19163449164381124,784,2.359423667069495,1.504880409222002,1.8735124674935626,,,-1.86030959351604,1.9318074645016128,0.2980230454992625,2.876635585377121,0.45888484858345097,0.0,0.0,2.043222536388099,2.0742778544006364,0.273424433825368,1.0587218937661496,3.0455570746255614,2.876635585377121,0.45888484858345097,5910
282,3.6490366669147156,-17.81531579555051,0.11494452386252689,0.3665909860100491,-13.68474361876322,-17.81531579555051,nan,0.0767599676126667,0.03818455624986021,3.704672581997377,-17.807694145521854,0.11522167029676054,0.3918364682917013,-13.595963424936015,-17.807694145521854,nan,83.52565885531062,0.6124768461670168,0.0,1.4886210752885654,136.3735778389473,46.0,46.0,,1.2291636844459932e-05,,,,,,,1.9156637421286482,,0,1.0587218937661496,3.0455570746255614,inf,-inf,-0.1423499058955087,0.12523718159692235,-0.18431240827823675,0.10055809278568763,inf,-inf,2.149902844562875,0.1916479959733609,0.1916479959733609,0.1916479959733609,784,2.359423667069495,1.504880409222002,1.8735124674935626,,,-1.86030959351604,1.9318074645016128,0.2980230454992625,2.876635585377121,0.45888484858345097,0.0,0.0,2.043222536388099,2.0742778544006364,0.273424433825368,1.0587218937661496,3.0455570746255614,2.876635585377121,0.45888484858345097,5910
283,3.656213038375002,-17.816530851373486,0.11495174728335482,0.3649106968067898,-13.680455368908339,-17.816530851373486,nan,0.07680476297312983,0.038146984310225014,3.704672581997377,-17.807694145521854,0.11522167029676054,0.3918364682917013,-13.595963424936015,-17.807694145521854,nan,83.3862260330468,0.5954149012149766,0.0,1.4845421629970013,140.04726093165058,46.0,46.0,,1.2030574624776782e-05,,,,,,,1.9156637421286482,,0,1.0587218937661496,3.0455570746255614,inf,-inf,-0.1443103743049679,0.12716071340638815,-0.18223016468142278,0.09889839824017034,inf,-inf,2.149595505272115,0.1916521774283443,0.1916521774283443,0.1916521774283443,784,2.359423667069495,1.504880409222002,1.8735124674935626,,,-1.86030959351604,1.9318074645016128,0.2980230454992625,2.876635585377121,0.45888484858345097,0.0,0.0,2.043222536388099,2.0742778544006364,0.273424433825368,1.0587218937661496,3.0455570746255614,2.876635585377121,0.45888484858345097,5910
284,3.6656644583572104,-17.817279504634364,0.11495614947544315,0.36338462984401565,-13.673274266957696,-17.817279504634364,nan,0.0768458416401425,0.038110307835300616,3.704672581997377,-17.807694145521854,0.11522167029676054,0.3918364682917013,-13.595963424936015,-17.807694145521854,nan,92.97767479752427,0.6042860104183665,0.0,1.4880185767833425,153.86368903882592,46.0,46.0,,1.1785190613705043e-05,,,,,,,1.9156637421286482,,0,1.0587218937661496,3.0455570746255614,inf,-inf,-0.14578619513572555,0.13457085937687316,-0.18406599262846737,0.10218000060648784,inf,-inf,2.1493053614833144,0.1916653044324933,0.1916653044324933,0.1916653044324933,784,2.359423667069495,1.504880409222002,1.8735124674935626,,,-1.86030959351604,1.9318074645016128,0.2980230454992625,2.876635585377121,0.45888484858345097,0.0,0.0,2.043222536388099,2.0742778544006364,0.273424433825368,1.0587218937661496,3.0455570746255614,2.876635585377121,0.45888484858345097,5910
285,3.6524035507003765,-17.813313419029868,0.11496787303886069,0.3616636290847837,-13.684278366205845,-17.813313419029868,nan,0.07688949122014542,0.038078381818715326,3.6969372005080388,-17.798207123022024,0.11526227045888433,0.3800347597383688,-13.605972892316732,-17.798207123022024,nan,93.37513583081727,0.6008516598191865,0.0,1.4914174816486916,155.40463990549102,46.0,46.0,,1.1555511720366695e-05,,,,,,,1.909956656011667,,0,1.0543151800853576,3.0349154865043637,inf,-inf,-0.14308804689434226,0.11915702964694701,-0.18128204857399502,0.09584915582314606,inf,-inf,2.1489601528388125,0.19167097846008907,0.19167097846008907,0.19167097846008907,784,2.356723502486812,1.5039768449919981,1.8726859556352196,,,-1.8629809307850735,1.9257710106560273,0.29748733865275884,2.8785656735575564,0.45917614219424285,0.0,0.0,2.037412790590277,2.0684901400129645,0.27306123203115906,1.0543151800853576,3.0349154865043637,2.8785656735575564,0.45917614219424285,5910
286,3.643816862205698,-17.814701134397065,0.11497312244738749,0.3612635826774784,-13.6946475670665,-17.814701134397065,nan,0.07693326124472424,0.03803986120266325,3.6969372005080388,-17.798207123022024,0.11526227045888433,0.3800347597383688,-13.605972892316732,-17.798207123022024,nan,79.04956435330412,0.6037356356148185,0.0,1.4838793186585177,130.93407062646457,46.0,46.0,,1.134156313164068e-05,,,,,,,1.909956656011667,,0,1.0543151800853576,3.0349154865043637,inf,-inf,-0.1447836422345753,0.12750047178742355,-0.18125381404846377,0.10425261674468413,inf,-inf,2.148687238305583,0.19168516537646363,0.19168516537646363,0.19168516537646363,784,2.356723502486812,1.5039768449919981,1.8726859556352196,,,-1.8629809307850735,1.9257710106560273,0.29748733865275884,2.8785656735575564,0.45917614219424285,0.0,0.0,2.037412790590277,2.0684901400129645,0.27306123203115906,1.0543151800853576,3.0349154865043637,2.8785656735575564,0.45917614219424285,5910
287,3.6507520086613363,-17.815167211830577,0.11498103558158601,0.36051396315563033,-13.688920204432025,-17.815167211830577,nan,0.0769759833145473,0.03800505226703872,3.6969372005080388,-17.798207123022024,0.11526227045888433,0.3800347597383688,-13.605972892316732,-17.798207123022024,nan,73.03194193198219,0.611598137749542,0.0,1.4901456517378384,119.41164863698424,46.0,46.0,,1.1143368309400725e-05,,,,,,,1.909956656011667,,0,1.0543151800853576,3.0349154865043637,inf,-inf,-0.14343202293370186,0.1271153764501696,-0.187324903851586,0.10284566166713731,inf,-inf,2.1484221023311667,0.1916872450252671,0.1916872450252671,0.1916872450252671,784,2.356723502486812,1.5039768449919981,1.8726859556352196,,,-1.8629809307850735,1.9257710106560273,0.29748733865275884,2.8785656735575564,0.45917614219424285,0.0,0.0,2.037412790590277,2.0684901400129645,0.27306123203115906,1.0543151800853576,3.0349154865043637,2.8785656735575564,0.45917614219424285,5910
288,3.6542368224436172,-17.811739163981898,0.1149894487779428,0.35629111462815427,-13.686221778132182,-17.811739163981898,nan,0.07701781481646207,0.03797163396148074,3.6969372005080388,-17.798207123022024,0.11526227045888433,0.3800347597383688,-13.605972892316732,-17.798207123022024,nan,95.10795212590129,0.5987035566767201,0.0,1.4956737769975212,158.85650095988387,46.0,46.0,,1.0960948987942516e-05,,,,,,,1.909956656011667,,0,1.0543151800853576,3.0349154865043637,inf,-inf,-0.1467399130767876,0.12388298488956452,-0.17291558154742495,0.10114530357926581,inf,-inf,2.1481473685436643,0.19170378783705694,0.19170378783705694,0.19170378783705694,784,2.356723502486812,1.5039768449919981,1.8726859556352196,,,-1.8629809307850735,1.9257710106560273,0.29748733865275884,2.8785656735575564,0.45917614219424285,0.0,0.0,2.037412790590277,2.0684901400129645,0.27306123203115906,1.0543151800853576,3.0349154865043637,2.8785656735575564,0.45917614219424285,5910
289,3.644494781194185,-17.818371837055512,0.11499993785188548,0.3588038271686337,-13.700073290840807,-17.818371837055512,nan,0.07705786289429542,0.03794207495759008,3.6969372005080388,-17.798207123022024,0.11526227045888433,0.3800347597383688,-13.605972892316732,-17.798207123022024,nan,80.50969467254431,0.6036475368612668,0.0,1.4844027234223451,133.37202548885318,46.0,46.0,,1.0794325171600374e-05,,,,,,,1.909956656011667,,0,1.0543151800853576,3.0349154865043637,inf,-inf,-0.14404616096263637,0.1281272118881003,-0.17793302987335805,0.10600775995383592,inf,-inf,2.147906385138959,0.19170944248068827,0.19170944248068827,0.19170944248068827,784,2.356723502486812,1.5039768449919981,1.8726859556352196,,,-1.8629809307850735,1.9257710106560273,0.29748733865275884,2.8785656735575564,0.45917614219424285,0.0,0.0,2.037412790590277,2.0684901400129645,0.27306123203115906,1.0543151800853576,3.0349154865043637,2.8785656735575564,0.45917614219424285,5910
290,3.6301703093890483,-17.81752066332707,0.11500679367505784,0.35598494186004076,-13.716358618402925,-17.81752066332707,nan,0.07709556790175952,0.03791122577329835,3.681959768372734,-17.809644718092557,0.11529968149059078,0.3762614316577918,-13.636123836571441,-17.809644718092557,nan,79.87660385408775,0.5967621300517864,0.0,1.4885138606542696,133.84998784550243,46.0,46.0,,1.06435151325534e-05,,,,,,,1.9047710841238172,,0,1.0502167299686405,3.0254080212623733,inf,-inf,-0.14282531035023718,0.1245201898536898,-0.18844630173931964,0.10172669420781097,inf,-inf,2.1476268763530664,0.19171722475298927,0.19171722475298927,0.19171722475298927,784,2.354253845623973,1.503149512785723,1.871983083412367,,,-1.865415093331783,1.9209203870471363,0.2970078808036278,2.8807463592326434,0.45950502168377994,0.0,0.0,2.032143668990365,2.063618714496375,0.27274505582353314,1.0502167299686405,3.0254080212623733,2.8807463592326434,0.45950502168377994,5910
291,3.631939653113856,-17.821005150234924,0.11501154510039227,0.3554904912034734,-13.718563460817203,-17.821005150234924,nan,0.07713447301848819,0.037877072081904106,3.681959768372734,-17.809644718092557,0.11529968149059078,0.3762614316577918,-13.636123836571441,-17.809644718092557,nan,73.72532936808543,0.5967904556441797,0.0,1.481525555702714,123.5363747372699,46.0,46.0,,1.0508535408821867e-05,,,,,,,1.9047710841238172,,0,1.0502167299686405,3.0254080212623733,inf,-inf,-0.13963958114624975,0.13565574588328588,-0.18444727803194977,0.10185608568318937,inf,-inf,2.1474127120234474,0.1917192207665802,0.1917192207665802,0.1917192207665802,784,2.354253845623973,1.503149512785723,1.871983083412367,,,-1.865415093331783,1.9209203870471363,0.2970078808036278,2.8807463592326434,0.45950502168377994,0.0,0.0,2.032143668990365,2.063618714496375,0.27274505582353314,1.0502167299686405,3.0254080212623733,2.8807463592326434,0.45950502168377994,5910
292,3.6183547323223446,-17.81374365860782,0.11501800221281322,0.35412905019492014,-13.72624187387774,-17.81374365860782,nan,0.07717171753507891,0.03784628467773435,3.681959768372734,-17.809644718092557,0.11529968149059078,0.3762614316577918,-13.636123836571441,-17.809644718092557,nan,94.4535016308709,0.6041684377819135,0.0,1.497750571995741,156.33637198533324,46.0,46.0,,1.0389400802453577e-05,,,,,,,1.9047710841238172,,0,1.0502167299686405,3.0254080212623733,inf,-inf,-0.14485068881195348,0.12603547982444038,-0.19168882500749587,0.10513913240221716,inf,-inf,2.147063117951705,0.1917289954855504,0.1917289954855504,0.1917289954855504,784,2.354253845623973,1.503149512785723,1.871983083412367,,,-1.865415093331783,1.9209203870471363,0.2970078808036278,2.8807463592326434,0.45950502168377994,0.0,0.0,2.032143668990365,2.063618714496375,0.27274505582353314,1.0502167299686405,3.0254080212623733,2.8807463592326434,0.45950502168377994,5910
293,3.5970938527095733,-17.817510945277046,0.11503321008961798,0.3523640387997011,-13.753019843678155,-17.817510945277046,nan,0.07721402195758054,0.037819188132037385,3.681959768372734,-17.809644718092557,0.11529968149059078,0.3762614316577918,-13.636123836571441,-17.809644718092557,nan,74.72978476376143,0.604713035916644,0.0,1.4875326536731461,123.57892144739951,46.0,46.0,,1.0286124377900624e-05,,,,,,,1.9047710841238172,,0,1.0502167299686405,3.0254080212623733,inf,-inf,-0.1447667282592736,0.1295144248193832,-0.18492052819314603,0.10482340526941797,inf,-inf,2.1466961357280754,0.19174584464262737,0.19174584464262737,0.19174584464262737,784,2.354253845623973,1.503149512785723,1.871983083412367,,,-1.865415093331783,1.9209203870471363,0.2970078808036278,2.8807463592326434,0.45950502168377994,0.0,0.0,2.032143668990365,2.063618714496375,0.27274505582353314,1.0502167299686405,3.0254080212623733,2.8807463592326434,0.45950502168377994,5910
294,3.611972628412446,-17.814228920957667,0.11504365154295347,0.35268014280213633,-13.734532498200133,-17.814228920957667,nan,0.07725368957947072,0.03778996196348273,3.681959768372734,-17.809644718092557,0.11529968149059078,0.3762614316577918,-13.636123836571441,-17.809644718092557,nan,85.59361317552184,0.6019127913602145,0.0,1.4985641700231718,142.20268185711038,46.0,46.0,,1.0198717460586795e-05,,,,,,,1.9047710841238172,,0,1.0502167299686405,3.0254080212623733,inf,-inf,-0.14351989301752793,0.1304693817154594,-0.18842941759851412,0.10431748148558562,inf,-inf,2.146528259133298,0.19175040949207928,0.19175040949207928,0.19175040949207928,784,2.354253845623973,1.503149512785723,1.871983083412367,,,-1.865415093331783,1.9209203870471363,0.2970078808036278,2.8807463592326434,0.45950502168377994,0.0,0.0,2.032143668990365,2.063618714496375,0.27274505582353314,1.0502167299686405,3.0254080212623733,2.8807463592326434,0.45950502168377994,5910
295,3.6065942104158824,-17.820463773366388,0.11505162675786554,0.3513233334971362,-13.747494602695504,-17.820463773366388,nan,0.07728928900290918,0.03776233775495637,3.6486393252582587,-17.778770081661207,0.11534306564971375,0.36466724154506813,-13.650120449208167,-17.778770081661207,nan,77.85557568362405,0.6059784014544101,0.0,1.48090866054823,128.479126478374,46.0,46.0,,1.0127189635665535e-05,,,,,,,1.8999059897795043,,0,1.0464479819862291,3.016201836047733,inf,-inf,-0.14176978626719874,0.13967941440225695,-0.18451396711645568,0.11303392061632489,inf,-inf,2.146223930058177,0.19176090827382491,0.19176090827382491,0.19176090827382491,784,2.3519202026293073,1.5023684217365878,1.8719950756973687,,,-1.8677044330868267,1.9162379301000376,0.29655141709140637,2.8823237160081074,0.4597427551667114,0.0,0.0,2.027192514149572,2.058083103316526,0.2724283341639241,1.0464479819862291,3.016201836047733,2.8823237160081074,0.4597427551667114,5910
296,3.6203432213890916,-17.812999483541443,0.11506019659484738,0.34891197140870583,-13.728684094148798,-17.812999483541443,nan,0.0773263025861595,0.03773389400868789,3.6486393252582587,-17.778770081661207,0.11534306564971375,0.36466724154506813,-13.650120449208167,-17.778770081661207,nan,82.37759122876572,0.6001486779760861,0.0,1.495237535962856,137.26197232754413,46.0,46.0,,1.0071548746968918e-05,,,,,,,1.8999059897795043,,0,1.0464479819862291,3.016201836047733,inf,-inf,-0.1398387985637685,0.1329029483023019,-0.1771128142084939,0.10403495176169313,inf,-inf,2.1459998219161056,0.1917682324692289,0.1917682324692289,0.1917682324692289,784,2.3519202026293073,1.5023684217365878,1.8719950756973687,,,-1.8677044330868267,1.9162379301000376,0.29655141709140637,2.8823237160081074,0.4597427551667114,0.0,0.0,2.027192514149572,2.058083103316526,0.2724283341639241,1.0464479819862291,3.016201836047733,2.8823237160081074,0.4597427551667114,5910
297,3.6100231619219083,-17.805309416103125,0.11506772099539805,0.3488772065905152,-13.731341326595302,-17.805309416103125,nan,0.07736311009599446,0.037704610899403586,3.6486393252582587,-17.778770081661207,0.11534306564971375,0.36466724154506813,-13.650120449208167,-17.778770081661207,nan,108.25866201028938,0.603565194573091,0.0,1.4913550340559143,179.36531626357623,46.0,46.0,,1.0031800896147403e-05,,,,,,,1.8999059897795043,,0,1.0464479819862291,3.016201836047733,inf,-inf,-0.14128124757477664,0.1290123778657672,-0.18996546675644987,0.10740445385267973,inf,-inf,2.1457269675843333,0.19178022693590757,0.19178022693590757,0.19178022693590757,784,2.3519202026293073,1.5023684217365878,1.8719950756973687,,,-1.8677044330868267,1.9162379301000376,0.29655141709140637,2.8823237160081074,0.4597427551667114,0.0,0.0,2.027192514149572,2.058083103316526,0.2724283341639241,1.0464479819862291,3.016201836047733,2.8823237160081074,0.4597427551667114,5910
298,3.598840865900758,-17.81001264090779,0.11507261789835903,0.3480461439692489,-13.748053013139423,-17.81001264090779,nan,0.07739911987030418,0.037673498028054836,3.6486393252582587,-17.778770081661207,0.11534306564971375,0.36466724154506813,-13.650120449208167,-17.778770081661207,nan,107.1588307221394,0.6050124027018343,0.0,1.4896281664039608,177.1184032651146,46.0,46.0,,1.000795044200074e-05,,,,,,,1.8999059897795043,,0,1.0464479819862291,3.016201836047733,inf,-inf,-0.14135611945446966,0.1304884364959083,-0.18577659704783608,0.1056089421606009,inf,-inf,2.145413245154039,0.19178549584354057,0.19178549584354057,0.19178549584354057,784,2.3519202026293073,1.5023684217365878,1.8719950756973687,,,-1.8677044330868267,1.9162379301000376,0.29655141709140637,2.8823237160081074,0.4597427551667114,0.0,0.0,2.027192514149572,2.058083103316526,0.2724283341639241,1.0464479819862291,3.016201836047733,2.8823237160081074,0.4597427551667114,5910
299,3.597700447687531,-17.819876435829382,0.11508325389951245,0.3461556445131004,-13.760937089729238,-17.819876435829382,nan,0.07743462849496881,0.03764862540454365,3.6486393252582587,-17.778770081661207,0.11534306564971375,0.36466724154506813,-13.650120449208167,-17.778770081661207,nan,92.74330937590342,0.6000863521260079,0.0,1.476919552162021,154.54993943343158,46.0,46.0,,1e-05,,,,,,,1.8999059897795043,,0,1.0464479819862291,3.016201836047733,inf,-inf,-0.1418614573503329,0.1247988192891509,-0.175450361696987,0.10387531890551246,inf,-inf,2.1451572855875494,0.19179543238435087,0.19179543238435087,0.19179543238435087,784,2.3519202026293073,1.5023684217365878,1.8719950756973687,,,-1.8677044330868267,1.9162379301000376,0.29655141709140637,2.8823237160081074,0.4597427551667114,0.0,0.0,2.027192514149572,2.058083103316526,0.2724283341639241,1.0464479819862291,3.016201836047733,2.8823237160081074,0.4597427551667114,5910
