epoch,train_data,train_phys,train_kl,train_state_reg,train_total,train_pde,train_bc,train_eta_prior,train_kl_only,test_data,test_phys,test_kl,test_state_reg,test_total,test_pde,test_bc,grad_mean_net,grad_vgp_eta,grad_vgp_lambda,grad_eta_log_shift,grad_ratio,vgp_updates,mean_updates,lr_mean_net,lr_vgp_eta,lr_vgp_lambda,mean_net_opt_kind,log10_eta_rmse,log10_eta_bias,log10_eta_r,rel_eta_rmse,eta_pred_mean,eta_ref_mean,mean_net_frozen,eta_min,eta_max,lambda_min,lambda_max,rux_min,rux_max,rvy_min,rvy_max,rh_min,rh_max,kernel_amplitude,kernel_length_scale,kernel_length_scale_x,kernel_length_scale_y,num_inducing,eta_post_var_mean,eta_post_std_mean,eta_post_std_p90,calibration_within_1sigma,calibration_within_2sigma,eta_log_shift,eta_median,eta_std,eta_max_over_min,eta_log10_range,eta_frac_at_floor,eta_frac_at_floor_grounded,eta_mean_grounded,eta_median_grounded,eta_std_grounded,eta_min_grounded,eta_max_grounded,eta_max_over_min_grounded,eta_log10_range_grounded,n_points_grounded
0,21.55851354190122,6135.516549636596,0.0011250221001657317,24.66590408470452,6181.7420922853025,6135.516549636596,nan,9.014369856824746e-07,0.0011241206631800494,51.17303157582771,1105.8612376745998,0.0027989022394166816,58.923024977169206,1215.9600931298362,1105.8612376745998,nan,252278.21556652637,3598.005768257324,0.0,12320.552720068981,70.11612315694427,46.0,46.0,,0.00029999911661037957,,,,,,,14.747631977323467,,0,14.517265242404855,15.00764355958037,inf,-inf,-24.717723872762758,26.66049827571321,-24.450535955022143,28.489983270533326,inf,-inf,1.9727785051425049,0.17907692539679868,0.17907692539679868,0.17907692539679868,784,3.961376257256014,1.99026148499417,2.009654979933707,,,-0.01379906851292933,14.741812635802699,0.07524337160708078,1.033778973449016,0.014427694587396234,0.0,0.0,14.753891399387403,14.743369555788698,0.07414768231798294,14.517265242404855,15.00764355958037,1.033778973449016,0.014427694587396234,5910
1,49.92519081556311,603.1773944522872,0.004913687804187056,63.18224410380817,716.2897430594628,603.1773944522872,nan,6.506792509993348e-06,0.004907181011677066,51.17303157582771,1105.8612376745998,0.0027989022394166816,58.923024977169206,1215.9600931298362,1105.8612376745998,nan,19793.95069962455,279.8642817180642,0.0,1265.767771504103,70.72696300546497,46.0,46.0,,0.0002999964664522822,,,,,,,14.747631977323467,,0,14.517265242404855,15.00764355958037,inf,-inf,-7.356652049465654,7.14858922395456,-8.131311816801565,11.815655891470577,inf,-inf,1.9441093936042158,0.1814824013456944,0.1814824013456944,0.1814824013456944,784,3.961376257256014,1.99026148499417,2.009654979933707,,,-0.01379906851292933,14.741812635802699,0.07524337160708078,1.033778973449016,0.014427694587396234,0.0,0.0,14.753891399387403,14.743369555788698,0.07414768231798294,14.517265242404855,15.00764355958037,1.033778973449016,0.014427694587396234,5910
2,51.33728850672386,160.2965754166771,0.010607467948057133,67.63204085393313,279.27651224528216,160.2965754166771,nan,1.8392378730703618e-05,0.010589075569326435,51.17303157582771,1105.8612376745998,0.0027989022394166816,58.923024977169206,1215.9600931298362,1105.8612376745998,nan,6370.286527005403,77.17351937059432,0.0,380.68788900178015,82.54497888601792,46.0,46.0,,0.00029999204955799926,,,,,,,14.747631977323467,,0,14.517265242404855,15.00764355958037,inf,-inf,-3.078308817331863,5.468622381626015,-3.9950429360736455,6.06276762813883,inf,-inf,1.9153495940411611,0.1839519872352381,0.1839519872352381,0.1839519872352381,784,3.961376257256014,1.99026148499417,2.009654979933707,,,-0.01379906851292933,14.741812635802699,0.07524337160708078,1.033778973449016,0.014427694587396234,0.0,0.0,14.753891399387403,14.743369555788698,0.07414768231798294,14.517265242404855,15.00764355958037,1.033778973449016,0.014427694587396234,5910
3,51.672550240026965,59.20026449042518,0.01662924793161207,68.05831420170078,178.94775818008455,59.20026449042518,nan,3.645671820425608e-05,0.01659279121340781,51.17303157582771,1105.8612376745998,0.0027989022394166816,58.923024977169206,1215.9600931298362,1105.8612376745998,nan,4357.527723108785,36.760091847707805,0.0,178.60410294803566,118.53963099878655,46.0,46.0,,0.0002999858659813491,,,,,,,14.747631977323467,,0,14.517265242404855,15.00764355958037,inf,-inf,-1.8737729390233706,2.9779833527626436,-2.669973269687457,3.5634682379957576,inf,-inf,1.8904811634951668,0.18640489080833345,0.18640489080833345,0.18640489080833345,784,3.961376257256014,1.99026148499417,2.009654979933707,,,-0.01379906851292933,14.741812635802699,0.07524337160708078,1.033778973449016,0.014427694587396234,0.0,0.0,14.753891399387403,14.743369555788698,0.07414768231798294,14.517265242404855,15.00764355958037,1.033778973449016,0.014427694587396234,5910
4,49.96000851822593,21.141171945642217,0.022010576430759977,66.05231466756753,137.17550570786642,21.141171945642217,nan,6.064961334325671e-05,0.021949926817416723,51.17303157582771,1105.8612376745998,0.0027989022394166816,58.923024977169206,1215.9600931298362,1105.8612376745998,nan,2637.7243933643726,21.260041600583154,0.0,102.52526432265833,124.06957817486213,46.0,46.0,,0.0002999779157976767,,,,,,,14.747631977323467,,0,14.517265242404855,15.00764355958037,inf,-inf,-1.4478155837396847,2.2397556341246987,-1.8180890335641744,1.7949834611375233,inf,-inf,1.8673731773725661,0.1886975869142657,0.1886975869142657,0.1886975869142657,784,3.961376257256014,1.99026148499417,2.009654979933707,,,-0.01379906851292933,14.741812635802699,0.07524337160708078,1.033778973449016,0.014427694587396234,0.0,0.0,14.753891399387403,14.743369555788698,0.07414768231798294,14.517265242404855,15.00764355958037,1.033778973449016,0.014427694587396234,5910
5,47.197873375306806,5.858509538269606,0.02744370813035139,62.9356662115647,116.01949283327147,5.858509538269606,nan,9.131266538432431e-05,0.027352395464967053,46.38679434108998,-1.6191031790325177,0.03037997780016257,61.32092370400764,106.11899484386527,-1.6191031790325177,nan,2311.3423036897543,14.556269406263317,0.0,71.96559849071001,158.78672200826557,46.0,46.0,,0.00029996819910385256,,,,,,,13.46124818330229,,0,12.417175947241788,14.594206616264657,inf,-inf,-1.1047919456977773,1.7665032939140335,-1.3611963178063469,1.399314031138358,inf,-inf,1.8456597703540203,0.19093154504323612,0.19093154504323612,0.19093154504323612,784,3.7235134690168388,1.9285535143941772,2.0045064986776193,,,-0.08276362083255562,13.468428181462224,0.30844937043415854,1.175324137974098,0.07015765547614494,0.0,0.0,13.47387112345909,13.471481197610931,0.3148346767905419,12.627708103207667,14.525532335784094,1.1502904737000015,0.06080752313251425,5910
6,44.20574691837973,-2.0177865688330114,0.03428734753292564,59.0409052595719,101.26315295665154,-2.0177865688330114,nan,0.0001280986555541868,0.03415924887737145,46.38679434108998,-1.6191031790325177,0.03037997780016257,61.32092370400764,106.11899484386527,-1.6191031790325177,nan,1603.7754713946115,10.885478486932849,0.0,56.258130468430615,147.33164677325084,46.0,46.0,,0.0002999567160182715,,,,,,,13.46124818330229,,0,12.417175947241788,14.594206616264657,inf,-inf,-0.8710954592476534,1.4805512412549946,-0.9761401273253371,1.4193670804386556,inf,-inf,1.8267031808576195,0.19287336896299415,0.19287336896299415,0.19287336896299415,784,3.7235134690168388,1.9285535143941772,2.0045064986776193,,,-0.08276362083255562,13.468428181462224,0.30844937043415854,1.175324137974098,0.07015765547614494,0.0,0.0,13.47387112345909,13.471481197610931,0.3148346767905419,12.627708103207667,14.525532335784094,1.1502904737000015,0.06080752313251425,5910
7,40.98461357404128,-6.426422925039441,0.042442534085802154,54.64589343133788,89.24652661442553,-6.426422925039441,nan,0.0001706797501173026,0.04227185433568484,46.38679434108998,-1.6191031790325177,0.03037997780016257,61.32092370400764,106.11899484386527,-1.6191031790325177,nan,1278.1999711528258,9.339859278296128,0.0,47.47154562014624,136.85430722956332,46.0,46.0,,0.00029994346668085135,,,,,,,13.46124818330229,,0,12.417175947241788,14.594206616264657,inf,-inf,-0.8007145052817759,1.2003017221832053,-0.8021730476754391,1.0498935372755482,inf,-inf,1.8110466504952234,0.19463051914730833,0.19463051914730833,0.19463051914730833,784,3.7235134690168388,1.9285535143941772,2.0045064986776193,,,-0.08276362083255562,13.468428181462224,0.30844937043415854,1.175324137974098,0.07015765547614494,0.0,0.0,13.47387112345909,13.471481197610931,0.3148346767905419,12.627708103207667,14.525532335784094,1.1502904737000015,0.06080752313251425,5910
8,36.834580701171795,-8.91809269850184,0.05078291084305326,48.89745840529268,76.8647293188057,-8.91809269850184,nan,0.00021773916824781352,0.050565171674805454,46.38679434108998,-1.6191031790325177,0.03037997780016257,61.32092370400764,106.11899484386527,-1.6191031790325177,nan,941.1234950622404,9.50450037760725,0.0,42.541639033381806,99.01872351749724,46.0,46.0,,0.00029992845125303107,,,,,,,13.46124818330229,,0,12.417175947241788,14.594206616264657,inf,-inf,-0.7189031878320125,1.1916604439241243,-0.5784351107368897,0.8185466841975844,inf,-inf,1.8003090294922786,0.19589801303633467,0.19589801303633467,0.19589801303633467,784,3.7235134690168388,1.9285535143941772,2.0045064986776193,,,-0.08276362083255562,13.468428181462224,0.30844937043415854,1.175324137974098,0.07015765547614494,0.0,0.0,13.47387112345909,13.471481197610931,0.3148346767905419,12.627708103207667,14.525532335784094,1.1502904737000015,0.06080752313251425,5910
9,32.409657615029566,-10.58057743958928,0.058454727301848086,42.10135609385045,63.98889099659258,-10.58057743958928,nan,0.00026851890456930816,0.058186208397278796,46.38679434108998,-1.6191031790325177,0.03037997780016257,61.32092370400764,106.11899484386527,-1.6191031790325177,nan,679.2181822855061,9.923571328273663,0.0,39.20386010365906,68.44493376596358,46.0,46.0,,0.00029991166991776886,,,,,,,13.46124818330229,,0,12.417175947241788,14.594206616264657,inf,-inf,-0.7087829438208553,1.039377514116637,-0.6118946838254511,0.5040792228630421,inf,-inf,1.794612904174572,0.1966443971293061,0.1966443971293061,0.1966443971293061,784,3.7235134690168388,1.9285535143941772,2.0045064986776193,,,-0.08276362083255562,13.468428181462224,0.30844937043415854,1.175324137974098,0.07015765547614494,0.0,0.0,13.47387112345909,13.471481197610931,0.3148346767905419,12.627708103207667,14.525532335784094,1.1502904737000015,0.06080752313251425,5910
10,28.690851519740026,-12.017980594415404,0.0649744131786915,36.46683715408621,53.20468249258953,-12.017980594415404,nan,0.00032284362633764897,0.06465156955235389,26.43980746300432,-12.041606275316193,0.06776612997725179,33.94368007531543,48.40964739298081,-12.041606275316193,nan,656.8479391089949,9.57524282597908,0.0,36.2828594084933,68.59856726837957,46.0,46.0,,0.00029989312287954,,,,,,,12.34077523512009,,0,10.99824050843969,14.246110378329863,inf,-inf,-0.7588969413828404,0.8770237906564936,-0.658234490320073,0.5072156027177279,inf,-inf,1.793300418584439,0.19699500827932384,0.19699500827932384,0.19699500827932384,784,3.5881856487702186,1.8911703699240408,2.0197272818027345,,,-0.15166944791925974,12.32804277416129,0.45017868509582093,1.2953081329143388,0.11237309236033455,0.0,0.0,12.344326394984217,12.328036623371931,0.4734163873861256,11.017910094093752,14.246110378329863,1.2929957003340058,0.11159708070071894,5910
11,25.48201243767091,-13.824475941903094,0.07090830713786495,31.952050755155447,43.680495558061125,-13.824475941903094,nan,0.00038187326810178586,0.07052643386976315,26.43980746300432,-12.041606275316193,0.06776612997725179,33.94368007531543,48.40964739298081,-12.041606275316193,nan,555.5663129044617,9.383162050499038,0.0,32.597251946216396,59.20885836932916,46.0,46.0,,0.0002998728103643344,,,,,,,12.34077523512009,,0,10.99824050843969,14.246110378329863,inf,-inf,-0.646242352334282,0.8557790007302334,-0.6926993663856131,0.43850187466680135,inf,-inf,1.7957000412990276,0.19706078851216893,0.19706078851216893,0.19706078851216893,784,3.5881856487702186,1.8911703699240408,2.0197272818027345,,,-0.15166944791925974,12.32804277416129,0.45017868509582093,1.2953081329143388,0.11237309236033455,0.0,0.0,12.344326394984217,12.328036623371931,0.4734163873861256,11.017910094093752,14.246110378329863,1.2929957003340058,0.11159708070071894,5910
12,23.058611972102437,-15.493547379834492,0.07552097612289703,28.379736705560248,36.02032227395109,-15.493547379834492,nan,0.0004455582925020678,0.07507541783039497,26.43980746300432,-12.041606275316193,0.06776612997725179,33.94368007531543,48.40964739298081,-12.041606275316193,nan,586.7815801720241,8.482657795348086,0.0,29.234021063178567,69.17426051229094,46.0,46.0,,0.0002998507326196536,,,,,,,12.34077523512009,,0,10.99824050843969,14.246110378329863,inf,-inf,-0.6525191955614433,0.7703654192351094,-0.6139317009410227,0.4219059520153726,inf,-inf,1.8012550335722908,0.1970742158389406,0.1970742158389406,0.1970742158389406,784,3.5881856487702186,1.8911703699240408,2.0197272818027345,,,-0.15166944791925974,12.32804277416129,0.45017868509582093,1.2953081329143388,0.11237309236033455,0.0,0.0,12.344326394984217,12.328036623371931,0.4734163873861256,11.017910094093752,14.246110378329863,1.2929957003340058,0.11159708070071894,5910
13,21.01129388236621,-17.181783625963376,0.08013906752692444,25.510110875838844,29.419760199768604,-17.181783625963376,nan,0.0005144209202442245,0.07962464660668025,26.43980746300432,-12.041606275316193,0.06776612997725179,33.94368007531543,48.40964739298081,-12.041606275316193,nan,496.7313821697094,7.627701711608144,0.0,25.75607117409657,65.12202508047261,46.0,46.0,,0.00029982688991450786,,,,,,,12.34077523512009,,0,10.99824050843969,14.246110378329863,inf,-inf,-0.5851651725161829,0.6807542270810453,-0.5875051539224578,0.3678571452056443,inf,-inf,1.8090839549464075,0.19693479269199937,0.19693479269199937,0.19693479269199937,784,3.5881856487702186,1.8911703699240408,2.0197272818027345,,,-0.15166944791925974,12.32804277416129,0.45017868509582093,1.2953081329143388,0.11237309236033455,0.0,0.0,12.344326394984217,12.328036623371931,0.4734163873861256,11.017910094093752,14.246110378329863,1.2929957003340058,0.11159708070071894,5910
14,18.78207000546403,-18.305355806864476,0.08545865408369005,23.00277876836122,23.564951621044465,-18.305355806864476,nan,0.0005888545189765893,0.08486979956471345,26.43980746300432,-12.041606275316193,0.06776612997725179,33.94368007531543,48.40964739298081,-12.041606275316193,nan,503.9431493080819,7.217665211153923,0.0,23.45253072855804,69.82079863295766,46.0,46.0,,0.0002998012825394131,,,,,,,12.34077523512009,,0,10.99824050843969,14.246110378329863,inf,-inf,-0.5767910821551732,0.6921898641836924,-0.519889669096249,0.3708720546715308,inf,-inf,1.8213539861895782,0.19640175760838305,0.19640175760838305,0.19640175760838305,784,3.5881856487702186,1.8911703699240408,2.0197272818027345,,,-0.15166944791925974,12.32804277416129,0.45017868509582093,1.2953081329143388,0.11237309236033455,0.0,0.0,12.344326394984217,12.328036623371931,0.4734163873861256,11.017910094093752,14.246110378329863,1.2929957003340058,0.11159708070071894,5910
15,17.027676053136716,-19.39861972032786,0.08978061893904224,20.9344614380181,18.653298389765997,-19.39861972032786,nan,0.0006672362633900994,0.08911338267565216,16.14268038431683,-20.043921036717883,0.09153557869847428,20.366002040269805,16.556296966567224,-20.043921036717883,nan,451.9354933419235,6.949105573021234,0.0,21.233152073148876,65.03505934583713,46.0,46.0,,0.0002997739108063871,,,,,,,11.364694418567842,,0,9.40789980714189,14.096505198742392,inf,-inf,-0.6031641846337706,0.5671246551821116,-0.5030295017816785,0.37544568227867176,inf,-inf,1.8383595094462624,0.19551295673831087,0.19551295673831087,0.19551295673831087,784,3.5261639713426915,1.872700701271226,2.0418075438520713,,,-0.22050647349010766,11.380753319542084,0.5210566875476794,1.4983689758304193,0.1756187722655117,0.0,0.0,11.315134224313743,11.344580232269298,0.605577956408225,9.40789980714189,14.096505198742392,1.4983689758304193,0.1756187722655117,5910
16,15.499260507652359,-20.288006723114073,0.09191902548837848,19.26413021308943,14.567303023116095,-20.288006723114073,nan,0.0007494468668159925,0.09116957862156248,16.14268038431683,-20.043921036717883,0.09153557869847428,20.366002040269805,16.556296966567224,-20.043921036717883,nan,402.4002910490817,6.667516483489012,0.0,19.402784032690782,60.35235039096771,46.0,46.0,,0.0002997447750489458,,,,,,,11.364694418567842,,0,9.40789980714189,14.096505198742392,inf,-inf,-0.5178125909042277,0.5773147272066831,-0.5388605112806545,0.4221538410020303,inf,-inf,1.8587094175553869,0.19437169162191534,0.19437169162191534,0.19437169162191534,784,3.5261639713426915,1.872700701271226,2.0418075438520713,,,-0.22050647349010766,11.380753319542084,0.5210566875476794,1.4983689758304193,0.1756187722655117,0.0,0.0,11.315134224313743,11.344580232269298,0.605577956408225,9.40789980714189,14.096505198742392,1.4983689758304193,0.1756187722655117,5910
17,14.474243107894386,-20.98494491732657,0.08920669507466872,17.966005147099438,11.544510032741924,-20.98494491732657,nan,0.0008351915655485412,0.08837150350912015,16.14268038431683,-20.043921036717883,0.09153557869847428,20.366002040269805,16.556296966567224,-20.043921036717883,nan,512.9207261324299,6.574584868286207,0.0,18.002403692658962,78.01568257284244,46.0,46.0,,0.0002997138756220992,,,,,,,11.364694418567842,,0,9.40789980714189,14.096505198742392,inf,-inf,-0.5970878799279482,0.5946980571278198,-0.5481128012070691,0.5393532588315246,inf,-inf,1.8804964531912245,0.19310429295327608,0.19310429295327608,0.19310429295327608,784,3.5261639713426915,1.872700701271226,2.0418075438520713,,,-0.22050647349010766,11.380753319542084,0.5210566875476794,1.4983689758304193,0.1756187722655117,0.0,0.0,11.315134224313743,11.344580232269298,0.605577956408225,9.40789980714189,14.096505198742392,1.4983689758304193,0.1756187722655117,5910
18,13.517967114676125,-21.430378903018287,0.08572149094213125,16.79406949055143,8.967379193151398,-21.430378903018287,nan,0.0009252550942912013,0.08479623584784002,16.14268038431683,-20.043921036717883,0.09153557869847428,20.366002040269805,16.556296966567224,-20.043921036717883,nan,380.4008263242859,6.306143973295825,0.0,17.07962360954934,60.32225523793018,46.0,46.0,,0.00029968121290234706,,,,,,,11.364694418567842,,0,9.40789980714189,14.096505198742392,inf,-inf,-0.48785983709735287,0.5887342326199809,-0.4724006506278033,0.4184483356453335,inf,-inf,1.9033713703520603,0.1918920186078714,0.1918920186078714,0.1918920186078714,784,3.5261639713426915,1.872700701271226,2.0418075438520713,,,-0.22050647349010766,11.380753319542084,0.5210566875476794,1.4983689758304193,0.1756187722655117,0.0,0.0,11.315134224313743,11.344580232269298,0.605577956408225,9.40789980714189,14.096505198742392,1.4983689758304193,0.1756187722655117,5910
19,12.764068796828205,-22.170557094865227,0.0834231794154687,15.870208217734445,6.547143099112892,-22.170557094865227,nan,0.0010201141190992087,0.0824030652963695,16.14268038431683,-20.043921036717883,0.09153557869847428,20.366002040269805,16.556296966567224,-20.043921036717883,nan,334.3007559325741,6.080061194468048,0.0,15.586981609748074,54.983123564074994,46.0,46.0,,0.0002996467872876743,,,,,,,11.364694418567842,,0,9.40789980714189,14.096505198742392,inf,-inf,-0.4996643471246964,0.5636848630869822,-0.4645137268402735,0.4436099887985511,inf,-inf,1.9266151745419497,0.1908521940113789,0.1908521940113789,0.1908521940113789,784,3.5261639713426915,1.872700701271226,2.0418075438520713,,,-0.22050647349010766,11.380753319542084,0.5210566875476794,1.4983689758304193,0.1756187722655117,0.0,0.0,11.315134224313743,11.344580232269298,0.605577956408225,9.40789980714189,14.096505198742392,1.4983689758304193,0.1756187722655117,5910
20,12.153288007872005,-22.623942843640158,0.08116131946088355,14.818157494841438,4.4286639785341695,-22.623942843640158,nan,0.001119626330592009,0.08004169313029157,11.64479504860648,-22.735357905732897,0.07987546039359086,14.203934078522254,3.1932466817894287,-22.735357905732897,nan,367.2057605574203,5.590177321562604,0.0,14.659475547868253,65.68767669337124,46.0,46.0,,0.00029961059919754625,,,,,,,10.4885258244438,,0,8.292372196694652,13.146637268169611,inf,-inf,-0.4100798366840427,0.5415092903753008,-0.4444827557346705,0.6593315963543624,inf,-inf,1.9506652892343903,0.18979528777101026,0.18979528777101026,0.18979528777101026,784,3.4583300949986433,1.8531223270971346,2.0324473667314766,,,-0.2892646552540391,10.514719456786066,0.5563014300144494,1.5853891933854434,0.2001358935514228,0.0,0.0,10.424098594273822,10.470033555025783,0.6893052713623326,8.292372196694652,13.146637268169611,1.5853891933854434,0.2001358935514228,5910
21,11.621620259638082,-23.140800975917145,0.07910705039946327,13.934573613827158,2.494499947947558,-23.140800975917145,nan,0.0012238583668416683,0.07788319203262158,11.64479504860648,-22.735357905732897,0.07987546039359086,14.203934078522254,3.1932466817894287,-22.735357905732897,nan,294.695614562334,5.476447354155603,0.0,13.617472054591138,53.81145759371081,46.0,46.0,,0.0002995726490729033,,,,,,,10.4885258244438,,0,8.292372196694652,13.146637268169611,inf,-inf,-0.3878106310374338,0.47412696351015327,-0.44129569871791535,0.4660796023521857,inf,-inf,1.975415134257411,0.1886996261935833,0.1886996261935833,0.1886996261935833,784,3.4583300949986433,1.8531223270971346,2.0324473667314766,,,-0.2892646552540391,10.514719456786066,0.5563014300144494,1.5853891933854434,0.2001358935514228,0.0,0.0,10.424098594273822,10.470033555025783,0.6893052713623326,8.292372196694652,13.146637268169611,1.5853891933854434,0.2001358935514228,5910
22,11.253280223480616,-23.679948703366005,0.0769489033231976,13.159429458505178,0.809709881942986,-23.679948703366005,nan,0.001332099062127109,0.07561680426107052,11.64479504860648,-22.735357905732897,0.07987546039359086,14.203934078522254,3.1932466817894287,-22.735357905732897,nan,304.4008032024415,4.936881547473449,0.0,12.547281114810314,61.65851869754195,46.0,46.0,,0.0002995329373761557,,,,,,,10.4885258244438,,0,8.292372196694652,13.146637268169611,inf,-inf,-0.35425225401708527,0.4361717205657256,-0.38841631337192983,0.38705158644074694,inf,-inf,2.0018020866978965,0.18771963319278676,0.18771963319278676,0.18771963319278676,784,3.4583300949986433,1.8531223270971346,2.0324473667314766,,,-0.2892646552540391,10.514719456786066,0.5563014300144494,1.5853891933854434,0.2001358935514228,0.0,0.0,10.424098594273822,10.470033555025783,0.6893052713623326,8.292372196694652,13.146637268169611,1.5853891933854434,0.2001358935514228,5910
23,10.85736380550363,-23.99668145740411,0.07407944513688111,12.289529804088405,-0.7757084026751961,-23.99668145740411,nan,0.0014444329500527358,0.07263501218682838,11.64479504860648,-22.735357905732897,0.07987546039359086,14.203934078522254,3.1932466817894287,-22.735357905732897,nan,269.60380981956,4.739793742903183,0.0,11.919368015963277,56.88091601522397,46.0,46.0,,0.00029949146459117796,,,,,,,10.4885258244438,,0,8.292372196694652,13.146637268169611,inf,-inf,-0.35340817965482535,0.45713226177716654,-0.36828888140383875,0.6623675590663797,inf,-inf,2.027290275573899,0.18694317050353312,0.18694317050353312,0.18694317050353312,784,3.4583300949986433,1.8531223270971346,2.0324473667314766,,,-0.2892646552540391,10.514719456786066,0.5563014300144494,1.5853891933854434,0.2001358935514228,0.0,0.0,10.424098594273822,10.470033555025783,0.6893052713623326,8.292372196694652,13.146637268169611,1.5853891933854434,0.2001358935514228,5910
24,10.54943299415347,-24.212064272045353,0.07190915073090415,11.304963774867785,-2.2857583522931932,-24.212064272045353,nan,0.0015610716395654057,0.07034807909133874,11.64479504860648,-22.735357905732897,0.07987546039359086,14.203934078522254,3.1932466817894287,-22.735357905732897,nan,246.37380298626644,4.6779883016548345,0.0,11.486255454646734,52.666613744868044,46.0,46.0,,0.00029944823122330294,,,,,,,10.4885258244438,,0,8.292372196694652,13.146637268169611,inf,-inf,-0.34304233686444136,0.37931278785500233,-0.3753064524284004,0.4706806089687126,inf,-inf,2.0518509125917466,0.18602099739585365,0.18602099739585365,0.18602099739585365,784,3.4583300949986433,1.8531223270971346,2.0324473667314766,,,-0.2892646552540391,10.514719456786066,0.5563014300144494,1.5853891933854434,0.2001358935514228,0.0,0.0,10.424098594273822,10.470033555025783,0.6893052713623326,8.292372196694652,13.146637268169611,1.5853891933854434,0.2001358935514228,5910
25,10.253381427003463,-24.424805594292337,0.07108936983735091,10.342082713871116,-3.758252083580407,-24.424805594292337,nan,0.0016811140691289648,0.06940825576822193,9.83820086738167,-24.145824557107005,0.06978674225292752,9.60399592468261,-4.633841022789797,-24.145824557107005,nan,250.5721144297444,4.53741108672739,0.0,11.067693155411698,55.223586675385334,46.0,46.0,,0.0002994032377993155,,,,,,,9.687199218352726,,0,7.625403103163544,12.194287027965016,inf,-inf,-0.34853644633368097,0.36951225011901534,-0.3606828861933196,0.402032946746292,inf,-inf,2.0778720703017446,0.18512760165926778,0.18512760165926778,0.18512760165926778,784,3.386218632985321,1.8325882619439726,2.028446922414569,,,-0.35793398850082775,9.710799337197473,0.5654925500676542,1.599166216262847,0.20389360636918852,0.0,0.0,9.644775524609306,9.691875153872093,0.6982375853479735,7.625403103163544,12.194287027965016,1.599166216262847,0.20389360636918852,5910
26,9.92300042716754,-24.61320616325622,0.06866819180683588,9.247371619576287,-5.374165924705556,-24.61320616325622,nan,0.0018048167324460336,0.06686337507438984,9.83820086738167,-24.145824557107005,0.06978674225292752,9.60399592468261,-4.633841022789797,-24.145824557107005,nan,213.8515921983835,4.559056553272112,0.0,10.686021973306186,46.90698386816426,46.0,46.0,,0.0002993564848674464,,,,,,,9.687199218352726,,0,7.625403103163544,12.194287027965016,inf,-inf,-0.30931327891834404,0.38687480030450216,-0.3922045816220877,0.4079873249890018,inf,-inf,2.1020929084966187,0.18425768442902718,0.18425768442902718,0.18425768442902718,784,3.386218632985321,1.8325882619439726,2.028446922414569,,,-0.35793398850082775,9.710799337197473,0.5654925500676542,1.599166216262847,0.20389360636918852,0.0,0.0,9.644775524609306,9.691875153872093,0.6982375853479735,7.625403103163544,12.194287027965016,1.599166216262847,0.20389360636918852,5910
27,9.693911715389957,-24.893743502864414,0.06632859468611128,8.229943084788957,-6.90356010799939,-24.893743502864414,nan,0.0019318204355464144,0.06439677425056488,9.83820086738167,-24.145824557107005,0.06978674225292752,9.60399592468261,-4.633841022789797,-24.145824557107005,nan,274.18100628097,4.52202858577296,0.0,10.147488118848491,60.63230275535812,46.0,46.0,,0.0002993079729973653,,,,,,,9.687199218352726,,0,7.625403103163544,12.194287027965016,inf,-inf,-0.405272962162858,0.4563178927650347,-0.43589077284730593,0.3807977781465962,inf,-inf,2.1266569684820045,0.18335881383716449,0.18335881383716449,0.18335881383716449,784,3.386218632985321,1.8325882619439726,2.028446922414569,,,-0.35793398850082775,9.710799337197473,0.5654925500676542,1.599166216262847,0.20389360636918852,0.0,0.0,9.644775524609306,9.691875153872093,0.6982375853479735,7.625403103163544,12.194287027965016,1.599166216262847,0.20389360636918852,5910
28,9.438219902153174,-25.253862554840424,0.06400068781642197,7.189024837537327,-8.5626171273335,-25.253862554840424,nan,0.002061387490882798,0.06193930032553917,9.83820086738167,-24.145824557107005,0.06978674225292752,9.60399592468261,-4.633841022789797,-24.145824557107005,nan,223.97724593148664,4.5606337509458,0.0,9.458616657218688,49.110991621512575,46.0,46.0,,0.0002992577027801741,,,,,,,9.687199218352726,,0,7.625403103163544,12.194287027965016,inf,-inf,-0.4237878981422304,0.510840169997152,-0.44577998113210515,0.2800605462272921,inf,-inf,2.150287228303748,0.18244813769888332,0.18244813769888332,0.18244813769888332,784,3.386218632985321,1.8325882619439726,2.028446922414569,,,-0.35793398850082775,9.710799337197473,0.5654925500676542,1.599166216262847,0.20389360636918852,0.0,0.0,9.644775524609306,9.691875153872093,0.6982375853479735,7.625403103163544,12.194287027965016,1.599166216262847,0.20389360636918852,5910
29,9.236796974461278,-25.630044542420546,0.061020736975729975,6.0157633006364195,-10.316463530347118,-25.630044542420546,nan,0.0021933317553923908,0.05882740522033759,9.83820086738167,-24.145824557107005,0.06978674225292752,9.60399592468261,-4.633841022789797,-24.145824557107005,nan,243.04007016050483,4.751198514457856,0.0,8.778305784075183,51.1534235879507,46.0,46.0,,0.0002992056748283994,,,,,,,9.687199218352726,,0,7.625403103163544,12.194287027965016,inf,-inf,-0.5011509103309962,0.4836786690256863,-0.526108289520194,0.3293926310761827,inf,-inf,2.173605423113141,0.18154195753593705,0.18154195753593705,0.18154195753593705,784,3.386218632985321,1.8325882619439726,2.028446922414569,,,-0.35793398850082775,9.710799337197473,0.5654925500676542,1.599166216262847,0.20389360636918852,0.0,0.0,9.644775524609306,9.691875153872093,0.6982375853479735,7.625403103163544,12.194287027965016,1.599166216262847,0.20389360636918852,5910
30,8.96055384862911,-25.910932455076754,0.05855452809766589,4.90953440612871,-11.982289672221267,-25.910932455076754,nan,0.002328023248745069,0.05622650484892083,8.667045162854766,-25.822790278488885,0.0573475305434555,4.447391325546683,-12.65100625954398,-25.822790278488885,nan,200.89935944246668,4.612712620951814,0.0,8.279690092020564,43.55340901359078,46.0,46.0,,0.0002991518897759855,,,,,,,8.972366872066466,,0,7.155397814280508,11.523420854871203,inf,-inf,-0.48653263379958606,0.4612593236495375,-0.5633452263287053,0.29000343487065583,inf,-inf,2.196034152800868,0.18055582302138823,0.18055582302138823,0.18055582302138823,784,3.3196420208133035,1.8148011547452323,2.0067809552669216,,,-0.42650450890327685,8.99831555289521,0.5435320797436538,1.6104514597180242,0.20694763937346594,0.0,0.0,8.959246631591938,9.015062616304249,0.658208000031144,7.155397814280508,11.523420854871203,1.6104514597180242,0.20694763937346594,5910
31,8.816351485955407,-26.107441634093167,0.05607445366100972,4.239378483021511,-12.995637211455243,-26.107441634093167,nan,0.0024660618333917092,0.053608391827617986,8.667045162854766,-25.822790278488885,0.0573475305434555,4.447391325546683,-12.65100625954398,-25.822790278488885,nan,215.6336221162585,4.519972763228524,0.0,7.905087660258244,47.70684103906763,46.0,46.0,,0.00029909634827828625,,,,,,,8.972366872066466,,0,7.155397814280508,11.523420854871203,inf,-inf,-0.43070151032923826,0.41619650243101247,-0.545874926067898,0.228442271579802,inf,-inf,2.2127617061712903,0.17986118637276774,0.17986118637276774,0.17986118637276774,784,3.3196420208133035,1.8148011547452323,2.0067809552669216,,,-0.42650450890327685,8.99831555289521,0.5435320797436538,1.6104514597180242,0.20694763937346594,0.0,0.0,8.959246631591938,9.015062616304249,0.658208000031144,7.155397814280508,11.523420854871203,1.6104514597180242,0.20694763937346594,5910
32,8.721734477317835,-26.311739517011677,0.05422931706042489,3.786327499933389,-13.749448222700028,-26.311739517011677,nan,0.00260727192603041,0.05162204513439446,8.667045162854766,-25.822790278488885,0.0573475305434555,4.447391325546683,-12.65100625954398,-25.822790278488885,nan,184.8545572245722,4.415667041481807,0.0,7.521143723980269,41.86333695181392,46.0,46.0,,0.00029903905101205723,,,,,,,8.972366872066466,,0,7.155397814280508,11.523420854871203,inf,-inf,-0.41033900247666694,0.37971453645428876,-0.5051390320223141,0.23930758216050088,inf,-inf,2.2276295239382695,0.179475846807848,0.179475846807848,0.179475846807848,784,3.3196420208133035,1.8148011547452323,2.0067809552669216,,,-0.42650450890327685,8.99831555289521,0.5435320797436538,1.6104514597180242,0.20694763937346594,0.0,0.0,8.959246631591938,9.015062616304249,0.658208000031144,7.155397814280508,11.523420854871203,1.6104514597180242,0.20694763937346594,5910
33,8.727636360329269,-26.501843124595094,0.053350640137845406,3.425167465687219,-14.295688658440762,-26.501843124595094,nan,0.002751717983152002,0.05059892215469341,8.667045162854766,-25.822790278488885,0.0573475305434555,4.447391325546683,-12.65100625954398,-25.822790278488885,nan,201.73829149899248,4.335931938403938,0.0,7.134116989540963,46.52708906986501,46.0,46.0,,0.0002989799986754476,,,,,,,8.972366872066466,,0,7.155397814280508,11.523420854871203,inf,-inf,-0.3652226534265833,0.35179211257239235,-0.5244908378655836,0.21276134696102308,inf,-inf,2.238072145379074,0.1791031772506712,0.1791031772506712,0.1791031772506712,784,3.3196420208133035,1.8148011547452323,2.0067809552669216,,,-0.42650450890327685,8.99831555289521,0.5435320797436538,1.6104514597180242,0.20694763937346594,0.0,0.0,8.959246631591938,9.015062616304249,0.658208000031144,7.155397814280508,11.523420854871203,1.6104514597180242,0.20694763937346594,5910
34,8.611376381905115,-26.69066066493498,0.05243166847448464,3.113695062177448,-14.913157552377932,-26.69066066493498,nan,0.0028995543308045833,0.04953211414368007,8.667045162854766,-25.822790278488885,0.0573475305434555,4.447391325546683,-12.65100625954398,-25.822790278488885,nan,149.40525942046094,4.274973640694605,0.0,6.759683349018533,34.94881418641574,46.0,46.0,,0.00029891919198799145,,,,,,,8.972366872066466,,0,7.155397814280508,11.523420854871203,inf,-inf,-0.3548748239047284,0.306486193754581,-0.4886808479198191,0.22620643187261968,inf,-inf,2.2466409199860187,0.179012799427114,0.179012799427114,0.179012799427114,784,3.3196420208133035,1.8148011547452323,2.0067809552669216,,,-0.42650450890327685,8.99831555289521,0.5435320797436538,1.6104514597180242,0.20694763937346594,0.0,0.0,8.959246631591938,9.015062616304249,0.658208000031144,7.155397814280508,11.523420854871203,1.6104514597180242,0.20694763937346594,5910
35,8.529693816538359,-26.880732071834725,0.052017510741733164,2.858097034412779,-15.440923710141853,-26.880732071834725,nan,0.0030502540001607183,0.04896725674157247,8.364186662259392,-26.91097093689053,0.05162032948147414,2.749675858223608,-15.745488086926056,-26.91097093689053,nan,155.52419241935604,4.122744053158355,0.0,6.3722723223498665,37.72346534590522,46.0,46.0,,0.00029885663169059904,,,,,,,8.332064348064193,,0,6.775720084965881,10.863616709365996,inf,-inf,-0.3458811679112984,0.3027024341356503,-0.4766952991384939,0.2014653735133774,inf,-inf,2.25539751951063,0.17889582139325597,0.17889582139325597,0.17889582139325597,784,3.275034337641686,1.8024773760394934,1.9978167654175396,,,-0.49496629478794824,8.353653542069624,0.5198738019798064,1.603315451810123,0.20501897806363067,0.0,0.0,8.35071373781956,8.400144151059056,0.6082752150150721,6.775720084965881,10.863616709365996,1.603315451810123,0.20501897806363067,5910
36,8.492792657730632,-27.05983020263529,0.05143284355590503,2.677789881674188,-15.837814819674565,-27.05983020263529,nan,0.0032043925524224367,0.04822845100348259,8.364186662259392,-26.91097093689053,0.05162032948147414,2.749675858223608,-15.745488086926056,-26.91097093689053,nan,169.05501164910683,3.9709240807760993,0.0,6.012399277934191,42.57321676521848,46.0,46.0,,0.00029879231854554783,,,,,,,8.332064348064193,,0,6.775720084965881,10.863616709365996,inf,-inf,-0.3230753293146614,0.24745573247277317,-0.4592185027504893,0.21262659031065126,inf,-inf,2.261814467453491,0.17893648303689344,0.17893648303689344,0.17893648303689344,784,3.275034337641686,1.8024773760394934,1.9978167654175396,,,-0.49496629478794824,8.353653542069624,0.5198738019798064,1.603315451810123,0.20501897806363067,0.0,0.0,8.35071373781956,8.400144151059056,0.6082752150150721,6.775720084965881,10.863616709365996,1.603315451810123,0.20501897806363067,5910
37,8.445285212168827,-27.18418902637118,0.05115903363223665,2.4981645507048444,-16.18958022986527,-27.18418902637118,nan,0.0033614325790915704,0.04779760105314508,8.364186662259392,-26.91097093689053,0.05162032948147414,2.749675858223608,-15.745488086926056,-26.91097093689053,nan,163.96893110066506,3.930358871238738,0.0,5.753868111900854,41.71856476021659,46.0,46.0,,0.0002987262533364733,,,,,,,8.332064348064193,,0,6.775720084965881,10.863616709365996,inf,-inf,-0.32032305175091924,0.2579191532994918,-0.45878367969982653,0.22362665187335282,inf,-inf,2.268434503922563,0.17892144521202571,0.17892144521202571,0.17892144521202571,784,3.275034337641686,1.8024773760394934,1.9978167654175396,,,-0.49496629478794824,8.353653542069624,0.5198738019798064,1.603315451810123,0.20501897806363067,0.0,0.0,8.35071373781956,8.400144151059056,0.6082752150150721,6.775720084965881,10.863616709365996,1.603315451810123,0.20501897806363067,5910
38,8.412390211298346,-27.345279783491197,0.05076183181081224,2.370203168787958,-16.51192457159408,-27.345279783491197,nan,0.0035214565850580364,0.04724037522575417,8.364186662259392,-26.91097093689053,0.05162032948147414,2.749675858223608,-15.745488086926056,-26.91097093689053,nan,142.69453968503635,3.7819796359168234,0.0,5.428758094884791,37.73011846227048,46.0,46.0,,0.0002986584368683591,,,,,,,8.332064348064193,,0,6.775720084965881,10.863616709365996,inf,-inf,-0.3011486876624135,0.26251800851333584,-0.43422954897528576,0.1827632595462216,inf,-inf,2.274995981395491,0.1788062332913027,0.1788062332913027,0.1788062332913027,784,3.275034337641686,1.8024773760394934,1.9978167654175396,,,-0.49496629478794824,8.353653542069624,0.5198738019798064,1.603315451810123,0.20501897806363067,0.0,0.0,8.35071373781956,8.400144151059056,0.6082752150150721,6.775720084965881,10.863616709365996,1.603315451810123,0.20501897806363067,5910
39,8.337599377548784,-27.46102916458268,0.050420950032111056,2.240461383623928,-16.832547453377856,-27.46102916458268,nan,0.0036834086672178678,0.04673754136489317,8.364186662259392,-26.91097093689053,0.05162032948147414,2.749675858223608,-15.745488086926056,-26.91097093689053,nan,142.1866445291922,3.730891969828249,0.0,5.197358927865484,38.110630294057465,46.0,46.0,,0.00029858886996752746,,,,,,,8.332064348064193,,0,6.775720084965881,10.863616709365996,inf,-inf,-0.28490229229772573,0.19009871899919437,-0.4002846129916761,0.2243534040464459,inf,-inf,2.278120535300627,0.17895043807422922,0.17895043807422922,0.17895043807422922,784,3.275034337641686,1.8024773760394934,1.9978167654175396,,,-0.49496629478794824,8.353653542069624,0.5198738019798064,1.603315451810123,0.20501897806363067,0.0,0.0,8.35071373781956,8.400144151059056,0.6082752150150721,6.775720084965881,10.863616709365996,1.603315451810123,0.20501897806363067,5910
40,8.358789813826679,-27.55657936191285,0.05043323698559369,2.135791347809843,-17.011564963290734,-27.55657936191285,nan,0.003847284508844123,0.0465859524767496,8.143667954832111,-27.508441743380047,0.05031235036498581,2.0005362109737037,-17.313925227209246,-27.508441743380047,nan,135.48860745135332,3.695884600476516,0.0,5.00211389148841,36.659317618814335,46.0,46.0,,0.0002985175534816291,,,,,,,7.755320796169119,,0,6.144102525662481,10.152265366965125,inf,-inf,-0.27270369674548955,0.1910484079833782,-0.4031510005369538,0.1618957344168106,inf,-inf,2.2831037787117276,0.179061335013062,0.179061335013062,0.179061335013062,784,3.2501478244601683,1.7951042542082374,2.002245835543774,,,-0.5627035203383196,7.780586213927092,0.503494408116192,1.6523593681195072,0.21810450703896667,0.0,0.0,7.7968796667900975,7.851382305435371,0.5706619784148732,6.3012117042888205,10.152265366965125,1.61116081214271,0.20713889010306796,5910
41,8.274020451514321,-27.694461551297245,0.050206656262388655,2.054413709264247,-17.315820734256288,-27.694461551297245,nan,0.0040104289321361555,0.046196227330252485,8.143667954832111,-27.508441743380047,0.05031235036498581,2.0005362109737037,-17.313925227209246,-27.508441743380047,nan,133.25833398642902,3.422199354875671,0.0,4.70026990153286,38.93938376108142,46.0,46.0,,0.00029844448827963307,,,,,,,7.755320796169119,,0,6.144102525662481,10.152265366965125,inf,-inf,-0.27434112379933656,0.18450108667203494,-0.36517230903165404,0.22318433645665167,inf,-inf,2.2886891921599135,0.17898928668256647,0.17898928668256647,0.17898928668256647,784,3.2501478244601683,1.7951042542082374,2.002245835543774,,,-0.5627035203383196,7.780586213927092,0.503494408116192,1.6523593681195072,0.21810450703896667,0.0,0.0,7.7968796667900975,7.851382305435371,0.5706619784148732,6.3012117042888205,10.152265366965125,1.61116081214271,0.20713889010306796,5910
42,8.23502225986823,-27.769519931128492,0.04992371436582954,1.9736136208919282,-17.510960336002505,-27.769519931128492,nan,0.0041730271845278185,0.045750687181301715,8.143667954832111,-27.508441743380047,0.05031235036498581,2.0005362109737037,-17.313925227209246,-27.508441743380047,nan,125.57496020241409,3.348669336289134,0.0,4.563015978882233,37.499958219694335,46.0,46.0,,0.0002983696752518156,,,,,,,7.755320796169119,,0,6.144102525662481,10.152265366965125,inf,-inf,-0.26320879057566793,0.18367646997236917,-0.3463849230364945,0.17259796798213017,inf,-inf,2.2927256702390295,0.17912627850296073,0.17912627850296073,0.17912627850296073,784,3.2501478244601683,1.7951042542082374,2.002245835543774,,,-0.5627035203383196,7.780586213927092,0.503494408116192,1.6523593681195072,0.21810450703896667,0.0,0.0,7.7968796667900975,7.851382305435371,0.5706619784148732,6.3012117042888205,10.152265366965125,1.61116081214271,0.20713889010306796,5910
43,8.22177173197686,-27.838284460083603,0.04976458844097656,1.8953525814698444,-17.671395558195922,-27.838284460083603,nan,0.004333713812976904,0.04543087462799967,8.143667954832111,-27.508441743380047,0.05031235036498581,2.0005362109737037,-17.313925227209246,-27.508441743380047,nan,146.39547965081647,3.4058405127953804,0.0,4.423070031838154,42.983656780411245,46.0,46.0,,0.0002982931153097499,,,,,,,7.755320796169119,,0,6.144102525662481,10.152265366965125,inf,-inf,-0.2458472308559093,0.18900325327072842,-0.3174955842740494,0.18335153885310781,inf,-inf,2.297443605292016,0.17923348618062115,0.17923348618062115,0.17923348618062115,784,3.2501478244601683,1.7951042542082374,2.002245835543774,,,-0.5627035203383196,7.780586213927092,0.503494408116192,1.6523593681195072,0.21810450703896667,0.0,0.0,7.7968796667900975,7.851382305435371,0.5706619784148732,6.3012117042888205,10.152265366965125,1.61116081214271,0.20713889010306796,5910
44,8.173836003865892,-27.92209155738698,0.049578248237915006,1.833033160617446,-17.86564414466573,-27.92209155738698,nan,0.004493121753126018,0.045085126484789004,8.143667954832111,-27.508441743380047,0.05031235036498581,2.0005362109737037,-17.313925227209246,-27.508441743380047,nan,134.25100259437855,3.2994297816101104,0.0,4.241008286747253,40.689152817449724,46.0,46.0,,0.00029821480938629474,,,,,,,7.755320796169119,,0,6.144102525662481,10.152265366965125,inf,-inf,-0.23521035096969514,0.17864364263856253,-0.3098789071217048,0.16148025359864251,inf,-inf,2.30183068718728,0.17925642704659017,0.17925642704659017,0.17925642704659017,784,3.2501478244601683,1.7951042542082374,2.002245835543774,,,-0.5627035203383196,7.780586213927092,0.503494408116192,1.6523593681195072,0.21810450703896667,0.0,0.0,7.7968796667900975,7.851382305435371,0.5706619784148732,6.3012117042888205,10.152265366965125,1.61116081214271,0.20713889010306796,5910
45,8.150435411333183,-27.970648132726236,0.04931789968649462,1.7770670657062293,-17.99382775600033,-27.970648132726236,nan,0.004650691180290655,0.04466720850620396,7.931639571171727,-27.947078033086278,0.049169855761428405,1.6770912704283925,-18.28917733572473,-27.947078033086278,nan,136.34182373017512,3.1655361163461198,0.0,4.144713351822842,43.070689677535654,46.0,46.0,,0.00029813475843558303,,,,,,,7.271632140214256,,0,5.624775960534717,9.50927487282783,inf,-inf,-0.23728328575760677,0.16088982391448053,-0.3212480139058574,0.1595877756745603,inf,-inf,2.3040805227991252,0.1794415451567991,0.1794415451567991,0.1794415451567991,784,3.231448828846425,1.7892199439527068,2.0093150055835447,,,-0.6238909599640614,7.30188010286716,0.49293748176952734,1.6906050906823733,0.22804217237176005,0.0,0.0,7.329654795563472,7.385727627423148,0.5423083512361435,5.871930953958942,9.50927487282783,1.6194459620504456,0.2093664609754955,5910
46,8.078402070849066,-28.031538267019933,0.049153290382208274,1.716894769738803,-18.187088136049855,-28.031538267019933,nan,0.0048091050633071565,0.04434418531890112,7.931639571171727,-27.947078033086278,0.049169855761428405,1.6770912704283925,-18.28917733572473,-27.947078033086278,nan,107.96834727768541,3.097965660424022,0.0,4.01228566346254,34.85136993510369,46.0,46.0,,0.00029805296343301033,,,,,,,7.271632140214256,,0,5.624775960534717,9.50927487282783,inf,-inf,-0.22748854592311424,0.16675027248103136,-0.3098956265954944,0.15190185580764395,inf,-inf,2.3067880508522234,0.17966893322483796,0.17966893322483796,0.17966893322483796,784,3.231448828846425,1.7892199439527068,2.0093150055835447,,,-0.6238909599640614,7.30188010286716,0.49293748176952734,1.6906050906823733,0.22804217237176005,0.0,0.0,7.329654795563472,7.385727627423148,0.5423083512361435,5.871930953958942,9.50927487282783,1.6194459620504456,0.2093664609754955,5910
47,8.001921732988805,-28.07753495514052,0.049020109547819504,1.6609078684990806,-18.365685244104817,-28.07753495514052,nan,0.004964886993485597,0.0440552225543339,7.931639571171727,-27.947078033086278,0.049169855761428405,1.6770912704283925,-18.28917733572473,-27.947078033086278,nan,126.4220315628843,3.0217852212357506,0.0,3.9143558969636745,41.836868707427314,46.0,46.0,,0.000297969425375223,,,,,,,7.271632140214256,,0,5.624775960534717,9.50927487282783,inf,-inf,-0.2384756706466493,0.14977930380338142,-0.28578449603167555,0.1524570660232038,inf,-inf,2.3084917111870173,0.17992969242526993,0.17992969242526993,0.17992969242526993,784,3.231448828846425,1.7892199439527068,2.0093150055835447,,,-0.6238909599640614,7.30188010286716,0.49293748176952734,1.6906050906823733,0.22804217237176005,0.0,0.0,7.329654795563472,7.385727627423148,0.5423083512361435,5.871930953958942,9.50927487282783,1.6194459620504456,0.2093664609754955,5910
48,8.025261566836408,-28.10227099145023,0.049024709979560044,1.6340190963063803,-18.39396561832788,-28.10227099145023,nan,0.0051228324729048645,0.04390187750665518,7.931639571171727,-27.947078033086278,0.049169855761428405,1.6770912704283925,-18.28917733572473,-27.947078033086278,nan,172.4605301417917,2.9412742427760623,0.0,3.863527460100362,58.63463108391359,46.0,46.0,,0.00029788414528010587,,,,,,,7.271632140214256,,0,5.624775960534717,9.50927487282783,inf,-inf,-0.22516705282135177,0.14712074383273946,-0.28460292290197203,0.1834598267389,inf,-inf,2.3109800760668864,0.18013354234913911,0.18013354234913911,0.18013354234913911,784,3.231448828846425,1.7892199439527068,2.0093150055835447,,,-0.6238909599640614,7.30188010286716,0.49293748176952734,1.6906050906823733,0.22804217237176005,0.0,0.0,7.329654795563472,7.385727627423148,0.5423083512361435,5.871930953958942,9.50927487282783,1.6194459620504456,0.2093664609754955,5910
49,7.956330760677556,-28.172156579744446,0.04896754738908151,1.5964493342215413,-18.570408937456264,-28.172156579744446,nan,0.005280917151853725,0.043686630237227804,7.931639571171727,-27.947078033086278,0.049169855761428405,1.6770912704283925,-18.28917733572473,-27.947078033086278,nan,120.41369739546401,2.8581746753938737,0.0,3.71374904217828,42.129579564226695,46.0,46.0,,0.00029779712418676995,,,,,,,7.271632140214256,,0,5.624775960534717,9.50927487282783,inf,-inf,-0.21552829495295794,0.1749119152940933,-0.27981647202866267,0.151843160727242,inf,-inf,2.3140959110522457,0.18033742425435242,0.18033742425435242,0.18033742425435242,784,3.231448828846425,1.7892199439527068,2.0093150055835447,,,-0.6238909599640614,7.30188010286716,0.49293748176952734,1.6906050906823733,0.22804217237176005,0.0,0.0,7.329654795563472,7.385727627423148,0.5423083512361435,5.871930953958942,9.50927487282783,1.6194459620504456,0.2093664609754955,5910
50,7.933813914956766,-28.224886433920823,0.048783856905436636,1.5621598282846794,-18.680128833773942,-28.224886433920823,nan,0.005435674936139006,0.04334818196929764,7.7651413814267904,-28.193061253166796,0.04874491465035213,1.4474769605716242,-18.93169799651803,-28.193061253166796,nan,114.57634680093592,2.76721832063459,0.0,3.607160932236485,41.40488155436207,46.0,46.0,,0.0002977083631555398,,,,,,,6.86334870962324,,0,5.19441024290391,8.96208668791221,inf,-inf,-0.22376729647524632,0.15153523133912666,-0.27680941771956274,0.14387432124753313,inf,-inf,2.3183577803369264,0.1804472274604207,0.1804472274604207,0.1804472274604207,784,3.2150604603115376,1.7837954855374927,2.014797545936656,,,-0.6787755561716926,6.903046075311847,0.48710069021675384,1.725332861445691,0.23687289415916524,0.0,0.0,6.934826605551122,6.993295744307867,0.5210559698518085,5.509222105070607,8.96208668791221,1.6267426720123768,0.21131885904397152,5910
51,7.850279014764651,-28.26002118527976,0.048597935538524484,1.523086156021101,-18.838058078955484,-28.26002118527976,nan,0.005591670928636347,0.04300626460988813,7.7651413814267904,-28.193061253166796,0.04874491465035213,1.4474769605716242,-18.93169799651803,-28.193061253166796,nan,112.03822914245818,2.764366100489777,0.0,3.5374665356888984,40.52944692188484,46.0,46.0,,0.0002976178632679407,,,,,,,6.86334870962324,,0,5.19441024290391,8.96208668791221,inf,-inf,-0.21368690238036636,0.16660878658669834,-0.29065405428814517,0.13735272606098292,inf,-inf,2.321869084052498,0.18059400202384757,0.18059400202384757,0.18059400202384757,784,3.2150604603115376,1.7837954855374927,2.014797545936656,,,-0.6787755561716926,6.903046075311847,0.48710069021675384,1.725332861445691,0.23687289415916524,0.0,0.0,6.934826605551122,6.993295744307867,0.5210559698518085,5.509222105070607,8.96208668791221,1.6267426720123768,0.21131885904397152,5910
52,7.847089620442195,-28.284652053124063,0.048698595345654364,1.4883628612276638,-18.90050097610855,-28.284652053124063,nan,0.005748537830987761,0.04295005751466662,7.7651413814267904,-28.193061253166796,0.04874491465035213,1.4474769605716242,-18.93169799651803,-28.193061253166796,nan,121.77640469644878,2.694046257571777,0.0,3.475046897631241,45.20204668133999,46.0,46.0,,0.0002975256256266851,,,,,,,6.86334870962324,,0,5.19441024290391,8.96208668791221,inf,-inf,-0.21482448785955027,0.15772529488148615,-0.2673373723522995,0.14912038614290146,inf,-inf,2.3238449699264567,0.18083132937534158,0.18083132937534158,0.18083132937534158,784,3.2150604603115376,1.7837954855374927,2.014797545936656,,,-0.6787755561716926,6.903046075311847,0.48710069021675384,1.725332861445691,0.23687289415916524,0.0,0.0,6.934826605551122,6.993295744307867,0.5210559698518085,5.509222105070607,8.96208668791221,1.6267426720123768,0.21131885904397152,5910
53,7.7970760422492065,-28.31856516901569,0.04851713425852249,1.450086223674611,-19.022885768833355,-28.31856516901569,nan,0.005906698515710713,0.042610435742811766,7.7651413814267904,-28.193061253166796,0.04874491465035213,1.4474769605716242,-18.93169799651803,-28.193061253166796,nan,104.31009626471841,2.6362471902186613,0.0,3.4142334502117695,39.56764625553437,46.0,46.0,,0.00029743165135565964,,,,,,,6.86334870962324,,0,5.19441024290391,8.96208668791221,inf,-inf,-0.211026243533753,0.15376765588558441,-0.26176568177911386,0.14496895107194693,inf,-inf,2.3278742573320543,0.18097656077946178,0.18097656077946178,0.18097656077946178,784,3.2150604603115376,1.7837954855374927,2.014797545936656,,,-0.6787755561716926,6.903046075311847,0.48710069021675384,1.725332861445691,0.23687289415916524,0.0,0.0,6.934826605551122,6.993295744307867,0.5210559698518085,5.509222105070607,8.96208668791221,1.6267426720123768,0.21131885904397152,5910
54,7.745755797333998,-28.349307478824052,0.04848320344514237,1.4286956562214814,-19.12637282182343,-28.349307478824052,nan,0.006063940440552057,0.042419263004590306,7.7651413814267904,-28.193061253166796,0.04874491465035213,1.4474769605716242,-18.93169799651803,-28.193061253166796,nan,102.2297499427868,2.6208856410464447,0.0,3.352997773579287,39.0058033596496,46.0,46.0,,0.000297335941599911,,,,,,,6.86334870962324,,0,5.19441024290391,8.96208668791221,inf,-inf,-0.2106070853303474,0.1657877535797125,-0.2609378257484698,0.14363377257127677,inf,-inf,2.330479176272103,0.1812403151923869,0.1812403151923869,0.1812403151923869,784,3.2150604603115376,1.7837954855374927,2.014797545936656,,,-0.6787755561716926,6.903046075311847,0.48710069021675384,1.725332861445691,0.23687289415916524,0.0,0.0,6.934826605551122,6.993295744307867,0.5210559698518085,5.509222105070607,8.96208668791221,1.6267426720123768,0.21131885904397152,5910
55,7.738156873488062,-28.362353093586556,0.048403590637765295,1.3915727542498046,-19.184219875210925,-28.362353093586556,nan,0.006224086649466521,0.042179503988298776,7.560292264588838,-28.36229394271158,0.04835663441029338,1.3733224573382024,-19.38032258637425,-28.36229394271158,nan,106.49911142492711,2.5594297634415644,0.0,3.3199856177651013,41.6104840797514,46.0,46.0,,0.0002972384975256325,,,,,,,6.501372663957879,,0,4.817746127226399,8.471312743369504,inf,-inf,-0.2161098104260887,0.1681451396231505,-0.25909978654190546,0.13510026852956245,inf,-inf,2.333584934580632,0.18144532617610445,0.18144532617610445,0.18144532617610445,784,3.2002366203705517,1.7786537975684433,2.0203895550417506,,,-0.7302393818471568,6.546155832952792,0.48325997595647974,1.7583559863181255,0.2451068043228194,0.0,0.0,6.583655968220277,6.645305583553121,0.5031712638326851,5.186403726739044,8.471312743369504,1.633369322888376,0.2130843946310742,5910
56,7.613443189739654,-28.361819333102996,0.048345441420914716,1.3683256551246972,-19.33170504681773,-28.361819333102996,nan,0.00638543489598733,0.04196000652492737,7.560292264588838,-28.36229394271158,0.04835663441029338,1.3733224573382024,-19.38032258637425,-28.36229394271158,nan,138.8963650773575,2.5852350310178456,0.0,3.323619284222455,53.726784377771615,46.0,46.0,,0.00029713932032014945,,,,,,,6.501372663957879,,0,4.817746127226399,8.471312743369504,inf,-inf,-0.2111531825421914,0.17681789592635122,-0.24599325139142542,0.14958152524872023,inf,-inf,2.3361022245836445,0.1815969589038166,0.1815969589038166,0.1815969589038166,784,3.2002366203705517,1.7786537975684433,2.0203895550417506,,,-0.7302393818471568,6.546155832952792,0.48325997595647974,1.7583559863181255,0.2451068043228194,0.0,0.0,6.583655968220277,6.645305583553121,0.5031712638326851,5.186403726739044,8.471312743369504,1.633369322888376,0.2130843946310742,5910
57,7.633884223555804,-28.409762422644107,0.04816971769831855,1.33734438909338,-19.390364092296604,-28.409762422644107,nan,0.006550897658529115,0.04161882003978943,7.560292264588838,-28.36229394271158,0.04835663441029338,1.3733224573382024,-19.38032258637425,-28.36229394271158,nan,117.9737380914659,2.506701451408253,0.0,3.2169062410449194,47.06333816705169,46.0,46.0,,0.00029703841119190465,,,,,,,6.501372663957879,,0,4.817746127226399,8.471312743369504,inf,-inf,-0.2125989459860393,0.16282586862141385,-0.23101597280444383,0.15778290553473387,inf,-inf,2.3399853549147998,0.18174302287957855,0.18174302287957855,0.18174302287957855,784,3.2002366203705517,1.7786537975684433,2.0203895550417506,,,-0.7302393818471568,6.546155832952792,0.48325997595647974,1.7583559863181255,0.2451068043228194,0.0,0.0,6.583655968220277,6.645305583553121,0.5031712638326851,5.186403726739044,8.471312743369504,1.633369322888376,0.2130843946310742,5910
58,7.5851815552633655,-28.439565658160312,0.04809733336487847,1.320464312729827,-19.485822456802243,-28.439565658160312,nan,0.006714230726273446,0.041383102638605014,7.560292264588838,-28.36229394271158,0.04835663441029338,1.3733224573382024,-19.38032258637425,-28.36229394271158,nan,108.42346992710802,2.4618694875182903,0.0,3.16929606793857,44.041112039779684,46.0,46.0,,0.0002969357713704441,,,,,,,6.501372663957879,,0,4.817746127226399,8.471312743369504,inf,-inf,-0.20971577174842834,0.16636204606657487,-0.24038368219268855,0.13538620704969154,inf,-inf,2.341578864448671,0.18210802635405293,0.18210802635405293,0.18210802635405293,784,3.2002366203705517,1.7786537975684433,2.0203895550417506,,,-0.7302393818471568,6.546155832952792,0.48325997595647974,1.7583559863181255,0.2451068043228194,0.0,0.0,6.583655968220277,6.645305583553121,0.5031712638326851,5.186403726739044,8.471312743369504,1.633369322888376,0.2130843946310742,5910
59,7.571246113695236,-28.461663148228535,0.048136517203495474,1.2885570647645215,-19.553723452565283,-28.461663148228535,nan,0.006878660959144298,0.04125785624435118,7.560292264588838,-28.36229394271158,0.04835663441029338,1.3733224573382024,-19.38032258637425,-28.36229394271158,nan,109.33181266371211,2.414434494323675,0.0,3.1103598584699275,45.28257565933171,46.0,46.0,,0.00029683140210640157,,,,,,,6.501372663957879,,0,4.817746127226399,8.471312743369504,inf,-inf,-0.20535463021737876,0.15227417859449102,-0.24409767734617208,0.14073431545932874,inf,-inf,2.3426437129696933,0.18251663794280693,0.18251663794280693,0.18251663794280693,784,3.2002366203705517,1.7786537975684433,2.0203895550417506,,,-0.7302393818471568,6.546155832952792,0.48325997595647974,1.7583559863181255,0.2451068043228194,0.0,0.0,6.583655968220277,6.645305583553121,0.5031712638326851,5.186403726739044,8.471312743369504,1.633369322888376,0.2130843946310742,5910
60,7.473177061530508,-28.476325347447855,0.048233679822775925,1.2669034752477963,-19.688011130846775,-28.476325347447855,nan,0.007045755162337627,0.0411879246604383,7.307553435697686,-28.337746891157444,0.04820681656731553,1.149211060299616,-19.832775578592827,-28.337746891157444,nan,113.45007018375854,2.393644740931517,0.0,3.0888148507531814,47.396369329062594,46.0,46.0,,0.0002967253046714837,,,,,,,6.165806426415858,,0,4.479832086954392,8.014620849001206,inf,-inf,-0.2202272638776597,0.15392226140766122,-0.238174832946059,0.13789508654802357,inf,-inf,2.3453980957124836,0.18275295926489563,0.18275295926489563,0.18275295926489563,784,3.186723196272565,1.773711506705085,2.0256187178000795,,,-0.7806011503181107,6.207770796552067,0.4805512608544929,1.7890449225408211,0.2526212457471654,0.0,0.0,6.256968961762554,6.3231983554645,0.48728736700498115,4.884227449764815,8.014620849001206,1.6409188416045462,0.21508710176307166,5910
61,7.434789270869009,-28.513489867888726,0.04820868808495089,1.248336541231363,-19.782155367703403,-28.513489867888726,nan,0.007213735928587643,0.04099495215636324,7.307553435697686,-28.337746891157444,0.04820681656731553,1.149211060299616,-19.832775578592827,-28.337746891157444,nan,91.50353745870498,2.2887043458400065,0.0,3.00463505618851,39.98049709872907,46.0,46.0,,0.00029661748035845413,,,,,,,6.165806426415858,,0,4.479832086954392,8.014620849001206,inf,-inf,-0.21134592471128788,0.15173155782411868,-0.23082835722691822,0.13586461198869978,inf,-inf,2.3484692201534436,0.18302512558750628,0.18302512558750628,0.18302512558750628,784,3.186723196272565,1.773711506705085,2.0256187178000795,,,-0.7806011503181107,6.207770796552067,0.4805512608544929,1.7890449225408211,0.2526212457471654,0.0,0.0,6.256968961762554,6.3231983554645,0.48728736700498115,4.884227449764815,8.014620849001206,1.6409188416045462,0.21508710176307166,5910
62,7.437789033926013,-28.511078770030498,0.04827881285534201,1.2160285505543775,-19.808982372694764,-28.511078770030498,nan,0.007382288953841595,0.04089652390150041,7.307553435697686,-28.337746891157444,0.04820681656731553,1.149211060299616,-19.832775578592827,-28.337746891157444,nan,97.4304158709612,2.279971626049204,0.0,3.0110731558647457,42.73317034203239,46.0,46.0,,0.00029650793048111815,,,,,,,6.165806426415858,,0,4.479832086954392,8.014620849001206,inf,-inf,-0.2062394344647934,0.1508901429468502,-0.22979075678919278,0.13735838232111056,inf,-inf,2.3502786615887583,0.18341061900390457,0.18341061900390457,0.18341061900390457,784,3.186723196272565,1.773711506705085,2.0256187178000795,,,-0.7806011503181107,6.207770796552067,0.4805512608544929,1.7890449225408211,0.2526212457471654,0.0,0.0,6.256968961762554,6.3231983554645,0.48728736700498115,4.884227449764815,8.014620849001206,1.6409188416045462,0.21508710176307166,5910
63,7.360237568873189,-28.528108703046087,0.04832766050880765,1.1964611800613705,-19.92308229360272,-28.528108703046087,nan,0.007554355453393933,0.040773305055413704,7.307553435697686,-28.337746891157444,0.04820681656731553,1.149211060299616,-19.832775578592827,-28.337746891157444,nan,98.47469005125514,2.2577221984856894,0.0,2.977495679226865,43.61683209621829,46.0,46.0,,0.00029639665637430646,,,,,,,6.165806426415858,,0,4.479832086954392,8.014620849001206,inf,-inf,-0.207174355556041,0.15003972075682412,-0.22217270746248202,0.13795263998740948,inf,-inf,2.35283518281022,0.1837511578339358,0.1837511578339358,0.1837511578339358,784,3.186723196272565,1.773711506705085,2.0256187178000795,,,-0.7806011503181107,6.207770796552067,0.4805512608544929,1.7890449225408211,0.2526212457471654,0.0,0.0,6.256968961762554,6.3231983554645,0.48728736700498115,4.884227449764815,8.014620849001206,1.6409188416045462,0.21508710176307166,5910
64,7.340439911405104,-28.55157014105224,0.048369494528225414,1.1682736218481151,-19.994487113270793,-28.55157014105224,nan,0.007727901221762985,0.04064159330646242,7.307553435697686,-28.337746891157444,0.04820681656731553,1.149211060299616,-19.832775578592827,-28.337746891157444,nan,99.0261065442146,2.239740691550636,0.0,2.928161833234098,44.21320151827755,46.0,46.0,,0.00029628365939385895,,,,,,,6.165806426415858,,0,4.479832086954392,8.014620849001206,inf,-inf,-0.20478751264729875,0.15450653134027706,-0.22545307397499725,0.13289040108440012,inf,-inf,2.35557842540958,0.18400948682348903,0.18400948682348903,0.18400948682348903,784,3.186723196272565,1.773711506705085,2.0256187178000795,,,-0.7806011503181107,6.207770796552067,0.4805512608544929,1.7890449225408211,0.2526212457471654,0.0,0.0,6.256968961762554,6.3231983554645,0.48728736700498115,4.884227449764815,8.014620849001206,1.6409188416045462,0.21508710176307166,5910
65,7.29271746878103,-28.565806067020475,0.04849517456806643,1.1553138057073022,-20.069279617964078,-28.565806067020475,nan,0.007903350016118407,0.04059182455194801,7.094346969431266,-28.517100346691592,0.04854883076572331,1.106111051942325,-20.26809349455228,-28.517100346691592,nan,94.4619610328959,2.1962715100112784,0.0,2.8962604378038135,43.01014724377625,46.0,46.0,,0.00029616894091660806,,,,,,,5.853009183901429,,0,4.172051765065241,7.598055781776449,inf,-inf,-0.20538276571097525,0.1416441763227803,-0.21933009678127893,0.13741771194031674,inf,-inf,2.358210169879923,0.18434552586855057,0.18434552586855057,0.18434552586855057,784,3.1741297664916477,1.7688904597707584,2.0345098938208155,,,-0.8300687432640361,5.894412992488745,0.47820629068186365,1.8211796520357013,0.26035278930912586,0.0,0.0,5.951625144061955,6.021402753805294,0.4726413170742161,4.596704706861954,7.598055781776449,1.6529353670324054,0.2182558721498149,5910
66,7.205581242462269,-28.564903812253075,0.04856414381536888,1.1327134375087526,-20.178044988466684,-28.564903812253075,nan,0.008081342290660954,0.040482801524707915,7.094346969431266,-28.517100346691592,0.04854883076572331,1.106111051942325,-20.26809349455228,-28.517100346691592,nan,102.05607155237057,2.1883009698028317,0.0,2.9058000175724557,46.63712759838786,46.0,46.0,,0.00029605250234036233,,,,,,,5.853009183901429,,0,4.172051765065241,7.598055781776449,inf,-inf,-0.21506297232603666,0.1652655504926968,-0.20957124239447583,0.13668980789891494,inf,-inf,2.361407253186076,0.18464516261572742,0.18464516261572742,0.18464516261572742,784,3.1741297664916477,1.7688904597707584,2.0345098938208155,,,-0.8300687432640361,5.894412992488745,0.47820629068186365,1.8211796520357013,0.26035278930912586,0.0,0.0,5.951625144061955,6.021402753805294,0.4726413170742161,4.596704706861954,7.598055781776449,1.6529353670324054,0.2182558721498149,5910
67,7.182831376096077,-28.58643007135615,0.048643173173074004,1.1135078431649532,-20.241447678922047,-28.58643007135615,nan,0.008262338477386076,0.04038083469568793,7.094346969431266,-28.517100346691592,0.04854883076572331,1.106111051942325,-20.26809349455228,-28.517100346691592,nan,100.56215501133727,2.1492639750698563,0.0,2.8563398688666366,46.78911300696265,46.0,46.0,,0.000295934345083889,,,,,,,5.853009183901429,,0,4.172051765065241,7.598055781776449,inf,-inf,-0.20286289347579828,0.15181771740800126,-0.2147537003394155,0.13809392579518806,inf,-inf,2.36398679552871,0.18502933020490572,0.18502933020490572,0.18502933020490572,784,3.1741297664916477,1.7688904597707584,2.0345098938208155,,,-0.8300687432640361,5.894412992488745,0.47820629068186365,1.8211796520357013,0.26035278930912586,0.0,0.0,5.951625144061955,6.021402753805294,0.4726413170742161,4.596704706861954,7.598055781776449,1.6529353670324054,0.2182558721498149,5910
68,7.161483210871387,-28.618876419086973,0.04866427427685497,1.09891293993653,-20.3098159940022,-28.618876419086973,nan,0.008444328234264286,0.040219946042590694,7.094346969431266,-28.517100346691592,0.04854883076572331,1.106111051942325,-20.26809349455228,-28.517100346691592,nan,102.42684360041484,2.0938582654834645,0.0,2.791817692253978,48.917754028,46.0,46.0,,0.000295814470586897,,,,,,,5.853009183901429,,0,4.172051765065241,7.598055781776449,inf,-inf,-0.2107867568618373,0.15940112973481915,-0.2109021218617384,0.13304222954207942,inf,-inf,2.3685382760543225,0.18524934093302214,0.18524934093302214,0.18524934093302214,784,3.1741297664916477,1.7688904597707584,2.0345098938208155,,,-0.8300687432640361,5.894412992488745,0.47820629068186365,1.8211796520357013,0.26035278930912586,0.0,0.0,5.951625144061955,6.021402753805294,0.4726413170742161,4.596704706861954,7.598055781776449,1.6529353670324054,0.2182558721498149,5910
69,7.1000444786845165,-28.60960262782996,0.048819996180949954,1.071961748998686,-20.38877640396581,-28.60960262782996,nan,0.008626434491690517,0.04019356168925944,7.094346969431266,-28.517100346691592,0.04854883076572331,1.106111051942325,-20.26809349455228,-28.517100346691592,nan,90.48382896698003,2.1193278513532126,0.0,2.8089424911306393,42.69458777187549,46.0,46.0,,0.00029569288031001923,,,,,,,5.853009183901429,,0,4.172051765065241,7.598055781776449,inf,-inf,-0.20903334957749345,0.15296932170038677,-0.21186802780843733,0.13375117385994703,inf,-inf,2.372207831328613,0.18554880339970098,0.18554880339970098,0.18554880339970098,784,3.1741297664916477,1.7688904597707584,2.0345098938208155,,,-0.8300687432640361,5.894412992488745,0.47820629068186365,1.8211796520357013,0.26035278930912586,0.0,0.0,5.951625144061955,6.021402753805294,0.4726413170742161,4.596704706861954,7.598055781776449,1.6529353670324054,0.2182558721498149,5910
70,7.033374701177106,-28.632161606136783,0.048937418096281535,1.053521183584939,-20.49632830327846,-28.632161606136783,nan,0.00881407764913039,0.040123340447151164,6.922526789548618,-28.623404770858972,0.04903697289877068,1.0541708695987135,-20.59767013881287,-28.623404770858972,nan,94.10085726590958,2.0330499281967054,0.0,2.7697650922900454,46.28556139266884,46.0,46.0,,0.0002955695757347949,,,,,,,5.5546136647786355,,0,3.885246413452325,7.200745878569525,inf,-inf,-0.20924950921249036,0.1465708715873795,-0.21461149155685882,0.1469057611130881,inf,-inf,2.3740572881347792,0.18596906477223604,0.18596906477223604,0.18596906477223604,784,3.1618924261593775,1.7640061663560471,2.04733781036915,,,-0.8797561852381853,5.599240462193266,0.4758148954176514,1.8533562899994127,0.2679589163003381,0.0,0.0,5.659505760925157,5.730881955611844,0.45876982837999475,4.309005894481938,7.200745878569525,1.6710921393239946,0.2230003963307241,5910
71,6.992118712950329,-28.61482999724607,0.04906163003339984,1.0276484914889705,-20.54600116277337,-28.61482999724607,nan,0.009003898249780365,0.040057731783619495,6.922526789548618,-28.623404770858972,0.04903697289877068,1.0541708695987135,-20.59767013881287,-28.623404770858972,nan,114.76798696751429,2.0611169449202698,0.0,2.7949226155773523,55.68242367341939,46.0,46.0,,0.0002954445583636512,,,,,,,5.5546136647786355,,0,3.885246413452325,7.200745878569525,inf,-inf,-0.20494151076499303,0.14130012762345737,-0.21117180532888277,0.1444520325400864,inf,-inf,2.376700004952784,0.1863830406249154,0.1863830406249154,0.1863830406249154,784,3.1618924261593775,1.7640061663560471,2.04733781036915,,,-0.8797561852381853,5.599240462193266,0.4758148954176514,1.8533562899994127,0.2679589163003381,0.0,0.0,5.659505760925157,5.730881955611844,0.45876982837999475,4.309005894481938,7.200745878569525,1.6710921393239946,0.2230003963307241,5910
72,6.984699472477,-28.6311390031132,0.04908139013629608,1.0180727355495292,-20.579285404950372,-28.6311390031132,nan,0.009196455426206522,0.03988493471008953,6.922526789548618,-28.623404770858972,0.04903697289877068,1.0541708695987135,-20.59767013881287,-28.623404770858972,nan,102.43860864227665,2.004838656646048,0.0,2.7668928981317484,51.09568707820565,46.0,46.0,,0.0002953178297198856,,,,,,,5.5546136647786355,,0,3.885246413452325,7.200745878569525,inf,-inf,-0.2110000704145385,0.14711359782559746,-0.21598221746858054,0.14136366934311914,inf,-inf,2.380800202513144,0.18666003985384674,0.18666003985384674,0.18666003985384674,784,3.1618924261593775,1.7640061663560471,2.04733781036915,,,-0.8797561852381853,5.599240462193266,0.4758148954176514,1.8533562899994127,0.2679589163003381,0.0,0.0,5.659505760925157,5.730881955611844,0.45876982837999475,4.309005894481938,7.200745878569525,1.6710921393239946,0.2230003963307241,5910
73,6.939451149325685,-28.6287168406287,0.04927456470970466,0.9945025609573656,-20.645488565635947,-28.6287168406287,nan,0.0093935047623055,0.03988105994739916,6.922526789548618,-28.623404770858972,0.04903697289877068,1.0541708695987135,-20.59767013881287,-28.623404770858972,nan,111.53224184135406,2.03579617840943,0.0,2.764507925261206,54.785564008914854,46.0,46.0,,0.00029518939134764636,,,,,,,5.5546136647786355,,0,3.885246413452325,7.200745878569525,inf,-inf,-0.204681946431714,0.15884737958132752,-0.20795354783296258,0.14553927400205713,inf,-inf,2.3849150099603276,0.1869233401600577,0.1869233401600577,0.1869233401600577,784,3.1618924261593775,1.7640061663560471,2.04733781036915,,,-0.8797561852381853,5.599240462193266,0.4758148954176514,1.8533562899994127,0.2679589163003381,0.0,0.0,5.659505760925157,5.730881955611844,0.45876982837999475,4.309005894481938,7.200745878569525,1.6710921393239946,0.2230003963307241,5910
74,6.877487001950941,-28.660945229099905,0.049390673808111234,0.9810564802887095,-20.75301107305214,-28.660945229099905,nan,0.009594247516936246,0.03979642629117498,6.922526789548618,-28.623404770858972,0.04903697289877068,1.0541708695987135,-20.59767013881287,-28.623404770858972,nan,97.17794832669998,1.9324800084413944,0.0,2.7084746110822646,50.286651298958084,46.0,46.0,,0.00029505924481191463,,,,,,,5.5546136647786355,,0,3.885246413452325,7.200745878569525,inf,-inf,-0.20556911319380544,0.14896947906892824,-0.212782806921304,0.13258107217011683,inf,-inf,2.3870144563068276,0.18740728445111726,0.18740728445111726,0.18740728445111726,784,3.1618924261593775,1.7640061663560471,2.04733781036915,,,-0.8797561852381853,5.599240462193266,0.4758148954176514,1.8533562899994127,0.2679589163003381,0.0,0.0,5.659505760925157,5.730881955611844,0.45876982837999475,4.309005894481938,7.200745878569525,1.6710921393239946,0.2230003963307241,5910
75,6.84248472538099,-28.655875944011544,0.04957302102798112,0.9603935353055684,-20.803424662297008,-28.655875944011544,nan,0.009795447964699304,0.03977757306328183,6.668350075978777,-28.581457608685348,0.04957366280241805,0.9074095865155786,-20.956124283388572,-28.581457608685348,nan,122.68641411373919,1.9104602678868428,0.0,2.70990122662294,64.21824948468698,46.0,46.0,,0.0002949273916984849,,,,,,,5.26527870176118,,0,3.6137606992430342,6.806929590005843,inf,-inf,-0.21370364542227793,0.1412276883809734,-0.20337471756973813,0.13732994407227148,inf,-inf,2.3912121027030757,0.18764046879958707,0.18764046879958707,0.18764046879958707,784,3.1501274248092086,1.7591064414223365,2.060550222264412,,,-0.930559792187375,5.313529281477178,0.47289473938861776,1.8836138185441205,0.27499186784811425,0.0,0.0,5.375296438670925,5.446267679322068,0.4457113683274478,4.031823133040758,6.806929590005843,1.6883006435037067,0.2274497860032515,5910
76,6.796536180459709,-28.672201724266365,0.04962638810889169,0.9429772066223999,-20.883061949075366,-28.672201724266365,nan,0.009997703171332969,0.03962868493755873,6.668350075978777,-28.581457608685348,0.04957366280241805,0.9074095865155786,-20.956124283388572,-28.581457608685348,nan,101.13479271060002,1.893046024020901,0.0,2.682458669640691,53.42437079040789,46.0,46.0,,0.00029479383361394573,,,,,,,5.26527870176118,,0,3.6137606992430342,6.806929590005843,inf,-inf,-0.20986273529605431,0.13604205590108767,-0.20900861362255832,0.13490342115629317,inf,-inf,2.394051132981259,0.1880402836769169,0.1880402836769169,0.1880402836769169,784,3.1501274248092086,1.7591064414223365,2.060550222264412,,,-0.930559792187375,5.313529281477178,0.47289473938861776,1.8836138185441205,0.27499186784811425,0.0,0.0,5.375296438670925,5.446267679322068,0.4457113683274478,4.031823133040758,6.806929590005843,1.6883006435037067,0.2274497860032515,5910
77,6.761312009266788,-28.694882573336685,0.049893358698396235,0.9294988819964631,-20.95417832337504,-28.694882573336685,nan,0.01020460772285395,0.039688750975542295,6.668350075978777,-28.581457608685348,0.04957366280241805,0.9074095865155786,-20.956124283388572,-28.581457608685348,nan,107.93333180892049,1.8752007282823748,0.0,2.63427192175419,57.55828172474316,46.0,46.0,,0.00029465857218566023,,,,,,,5.26527870176118,,0,3.6137606992430342,6.806929590005843,inf,-inf,-0.20225100242218488,0.1438184210836187,-0.2068594481645098,0.1224970707361419,inf,-inf,2.3977671994532916,0.1884781815607789,0.1884781815607789,0.1884781815607789,784,3.1501274248092086,1.7591064414223365,2.060550222264412,,,-0.930559792187375,5.313529281477178,0.47289473938861776,1.8836138185441205,0.27499186784811425,0.0,0.0,5.375296438670925,5.446267679322068,0.4457113683274478,4.031823133040758,6.806929590005843,1.6883006435037067,0.2274497860032515,5910
78,6.729357111671324,-28.69174192386649,0.050022043610346054,0.9088728106323842,-21.003489957952436,-28.69174192386649,nan,0.010411522426386167,0.03961052118395988,6.668350075978777,-28.581457608685348,0.04957366280241805,0.9074095865155786,-20.956124283388572,-28.581457608685348,nan,90.06891374487537,1.8367348882416137,0.0,2.6395284774016967,49.037514516372184,46.0,46.0,,0.00029452160906174614,,,,,,,5.26527870176118,,0,3.6137606992430342,6.806929590005843,inf,-inf,-0.20745058413967962,0.13684209571686615,-0.209855540107022,0.12577959220427773,inf,-inf,2.401546251392931,0.1887468300538043,0.1887468300538043,0.1887468300538043,784,3.1501274248092086,1.7591064414223365,2.060550222264412,,,-0.930559792187375,5.313529281477178,0.47289473938861776,1.8836138185441205,0.27499186784811425,0.0,0.0,5.375296438670925,5.446267679322068,0.4457113683274478,4.031823133040758,6.806929590005843,1.6883006435037067,0.2274497860032515,5910
79,6.68017820361913,-28.71237835512992,0.0501765584713574,0.8967859897062267,-21.08523760333321,-28.71237835512992,nan,0.010622848543377382,0.03955370992798002,6.668350075978777,-28.581457608685348,0.04957366280241805,0.9074095865155786,-20.956124283388572,-28.581457608685348,nan,89.50299792724827,1.836824537218652,0.0,2.6003296256376607,48.72702651434257,46.0,46.0,,0.000294382945911056,,,,,,,5.26527870176118,,0,3.6137606992430342,6.806929590005843,inf,-inf,-0.20738489010449537,0.1375485266465837,-0.20164534847043386,0.12327951661428765,inf,-inf,2.404701486821702,0.1891293548224653,0.1891293548224653,0.1891293548224653,784,3.1501274248092086,1.7591064414223365,2.060550222264412,,,-0.930559792187375,5.313529281477178,0.47289473938861776,1.8836138185441205,0.27499186784811425,0.0,0.0,5.375296438670925,5.446267679322068,0.4457113683274478,4.031823133040758,6.806929590005843,1.6883006435037067,0.2274497860032515,5910
80,6.597085166205244,-28.69884744304205,0.050354050529739756,0.8746635343083057,-21.176744691998763,-28.69884744304205,nan,0.010836617835611476,0.03951743269412829,6.4994475746459575,-28.667211061776158,0.05041476644805495,0.8947909816350497,-21.222557739047097,-28.667211061776158,nan,88.69588507721342,1.8879201279923052,0.0,2.624524816935519,46.980740213589655,46.0,46.0,,0.0002942425844231565,,,,,,,4.989500012727211,,0,3.3607338408116654,6.440793100944822,inf,-inf,-0.20276726364640424,0.140202744678659,-0.20632943098615,0.12950202614361359,inf,-inf,2.409189000560113,0.18940021949667987,0.18940021949667987,0.18940021949667987,784,3.138422214662673,1.7541085077298693,2.072335941402893,,,-0.9816076277357956,5.040987403705346,0.4694475978669099,1.9164841388895224,0.2825052293189063,0.0,0.0,5.103498557056649,5.177954263531827,0.43309854906543427,3.7695955423137186,6.440793100944822,1.7086164891291133,0.23264459323801112,5910
81,6.59283334465981,-28.71921686877892,0.05057018992292123,0.8647232122277242,-21.211090121968464,-28.71921686877892,nan,0.011053331445998715,0.039516858476922496,6.4994475746459575,-28.667211061776158,0.05041476644805495,0.8947909816350497,-21.222557739047097,-28.667211061776158,nan,96.66835969355292,1.7583955958652493,0.0,2.5897191273776126,54.97531950197223,46.0,46.0,,0.00029410052630830807,,,,,,,4.989500012727211,,0,3.3607338408116654,6.440793100944822,inf,-inf,-0.20264457782930004,0.1534139941060845,-0.2105372089881445,0.12355325255052876,inf,-inf,2.4125761903386227,0.18977112073322602,0.18977112073322602,0.18977112073322602,784,3.138422214662673,1.7541085077298693,2.072335941402893,,,-0.9816076277357956,5.040987403705346,0.4694475978669099,1.9164841388895224,0.2825052293189063,0.0,0.0,5.103498557056649,5.177954263531827,0.43309854906543427,3.7695955423137186,6.440793100944822,1.7086164891291133,0.23264459323801112,5910
82,6.52828233396761,-28.72689146296715,0.05063735879325803,0.8479282940529835,-21.3000434761533,-28.72689146296715,nan,0.011273148503611396,0.03936421028964663,6.4994475746459575,-28.667211061776158,0.05041476644805495,0.8947909816350497,-21.222557739047097,-28.667211061776158,nan,89.88179323234387,1.76481737602427,0.0,2.567417755431871,50.92979843321069,46.0,46.0,,0.00029395677329744404,,,,,,,4.989500012727211,,0,3.3607338408116654,6.440793100944822,inf,-inf,-0.20469098661667307,0.14429679741254586,-0.20041294752247432,0.12219230975157457,inf,-inf,2.4165672246002363,0.19011409381890598,0.19011409381890598,0.19011409381890598,784,3.138422214662673,1.7541085077298693,2.072335941402893,,,-0.9816076277357956,5.040987403705346,0.4694475978669099,1.9164841388895224,0.2825052293189063,0.0,0.0,5.103498557056649,5.177954263531827,0.43309854906543427,3.7695955423137186,6.440793100944822,1.7086164891291133,0.23264459323801112,5910
83,6.479629571469034,-28.728625501268674,0.05083621931146517,0.8322729634573673,-21.36588674703081,-28.728625501268674,nan,0.011494689106947507,0.03934153020451769,6.4994475746459575,-28.667211061776158,0.05041476644805495,0.8947909816350497,-21.222557739047097,-28.667211061776158,nan,91.19125711951052,1.7285403904049415,0.0,2.5621415952423874,52.75622000255797,46.0,46.0,,0.00029381132714214947,,,,,,,4.989500012727211,,0,3.3607338408116654,6.440793100944822,inf,-inf,-0.21193125176276262,0.13707734949833755,-0.19366242571232656,0.12439249647747996,inf,-inf,2.420265385453947,0.1906167104340751,0.1906167104340751,0.1906167104340751,784,3.138422214662673,1.7541085077298693,2.072335941402893,,,-0.9816076277357956,5.040987403705346,0.4694475978669099,1.9164841388895224,0.2825052293189063,0.0,0.0,5.103498557056649,5.177954263531827,0.43309854906543427,3.7695955423137186,6.440793100944822,1.7086164891291133,0.23264459323801112,5910
84,6.466551098472706,-28.747298276183745,0.05108421546429023,0.81649245707251,-21.41317050517424,-28.747298276183745,nan,0.011720351107628153,0.03936386435666208,6.4994475746459575,-28.667211061776158,0.05041476644805495,0.8947909816350497,-21.222557739047097,-28.667211061776158,nan,85.98467971942554,1.7245616872636287,0.0,2.5336990287582646,49.85885999581604,46.0,46.0,,0.00029366418961463987,,,,,,,4.989500012727211,,0,3.3607338408116654,6.440793100944822,inf,-inf,-0.20085053051445984,0.12834730778049092,-0.20830679949841907,0.12152344313764094,inf,-inf,2.424584100048489,0.19097061715829114,0.19097061715829114,0.19097061715829114,784,3.138422214662673,1.7541085077298693,2.072335941402893,,,-0.9816076277357956,5.040987403705346,0.4694475978669099,1.9164841388895224,0.2825052293189063,0.0,0.0,5.103498557056649,5.177954263531827,0.43309854906543427,3.7695955423137186,6.440793100944822,1.7086164891291133,0.23264459323801112,5910
85,6.400030990002736,-28.73990505454191,0.05118255664438287,0.8072097859628592,-21.48148172193193,-28.73990505454191,nan,0.011949360950048647,0.039233195694334234,6.295820359830068,-28.69501669831077,0.05130655124309132,0.7751546182161413,-21.57273516902147,-28.69501669831077,nan,89.32168571487382,1.727971582389778,0.0,2.5411605154273733,51.69164043273343,46.0,46.0,,0.00029351536250773954,,,,,,,4.723698237736518,,0,3.122792563528313,6.097536073336585,inf,-inf,-0.20627149447820858,0.1353867201318526,-0.2058424315268116,0.12200259608677713,inf,-inf,2.4298207434582144,0.19128343802026998,0.19128343802026998,0.19128343802026998,784,3.125311950409825,1.7486190641199413,2.0830658487203846,,,-1.0334764871157256,4.775204238513723,0.4652735470269927,1.952590813924327,0.2906112418164493,0.0,0.0,4.840993841956826,4.915633776621851,0.42115167163483713,3.5227162886491676,6.097536073336585,1.7309188630898136,0.23827671077647117,5910
86,6.38486907699292,-28.753778152551387,0.05140641220761789,0.7869261245351941,-21.53057653881565,-28.753778152551387,nan,0.01218091058491313,0.039225501622704766,6.295820359830068,-28.69501669831077,0.05130655124309132,0.7751546182161413,-21.57273516902147,-28.69501669831077,nan,90.58031269104823,1.666650575911386,0.0,2.5136936191680874,54.34871232172681,46.0,46.0,,0.0002933648476348599,,,,,,,4.723698237736518,,0,3.122792563528313,6.097536073336585,inf,-inf,-0.20485910430124757,0.13162260468515488,-0.19784441393654398,0.12518239095255065,inf,-inf,2.4328184534074886,0.19170572327698704,0.19170572327698704,0.19170572327698704,784,3.125311950409825,1.7486190641199413,2.0830658487203846,,,-1.0334764871157256,4.775204238513723,0.4652735470269927,1.952590813924327,0.2906112418164493,0.0,0.0,4.840993841956826,4.915633776621851,0.42115167163483713,3.5227162886491676,6.097536073336585,1.7309188630898136,0.23827671077647117,5910
87,6.29711081877938,-28.760991750691648,0.051676690095070796,0.7769835182905562,-21.63522072352664,-28.760991750691648,nan,0.012414559224109145,0.039262130870961684,6.295820359830068,-28.69501669831077,0.05130655124309132,0.7751546182161413,-21.57273516902147,-28.69501669831077,nan,84.3582333377828,1.6542485817098314,0.0,2.5000183900150574,50.99489536850026,46.0,46.0,,0.00029321264682997706,,,,,,,4.723698237736518,,0,3.122792563528313,6.097536073336585,inf,-inf,-0.20531575272239025,0.13899016681544793,-0.19908519819394832,0.12582874204976754,inf,-inf,2.4364583503815065,0.19229265966148673,0.19229265966148673,0.19229265966148673,784,3.125311950409825,1.7486190641199413,2.0830658487203846,,,-1.0334764871157256,4.775204238513723,0.4652735470269927,1.952590813924327,0.2906112418164493,0.0,0.0,4.840993841956826,4.915633776621851,0.42115167163483713,3.5227162886491676,6.097536073336585,1.7309188630898136,0.23827671077647117,5910
88,6.284558785102063,-28.761452986590285,0.05187287535211237,0.7644878337230492,-21.66053349241306,-28.761452986590285,nan,0.012652649856770866,0.03922022549534152,6.295820359830068,-28.69501669831077,0.05130655124309132,0.7751546182161413,-21.57273516902147,-28.69501669831077,nan,106.41604867014,1.6038042360665086,0.0,2.496380425063618,66.3522681116843,46.0,46.0,,0.00029305876194760984,,,,,,,4.723698237736518,,0,3.122792563528313,6.097536073336585,inf,-inf,-0.20287138113913028,0.16402080097766603,-0.19152773763129163,0.12926633779159835,inf,-inf,2.4434315101440562,0.19257991568293897,0.19257991568293897,0.19257991568293897,784,3.125311950409825,1.7486190641199413,2.0830658487203846,,,-1.0334764871157256,4.775204238513723,0.4652735470269927,1.952590813924327,0.2906112418164493,0.0,0.0,4.840993841956826,4.915633776621851,0.42115167163483713,3.5227162886491676,6.097536073336585,1.7309188630898136,0.23827671077647117,5910
89,6.22679574178127,-28.763387180902942,0.05198908359225333,0.7450656674500731,-21.739536688079344,-28.763387180902942,nan,0.012893659331443912,0.039095424260809405,6.295820359830068,-28.69501669831077,0.05130655124309132,0.7751546182161413,-21.57273516902147,-28.69501669831077,nan,86.18376920718194,1.6077074435553058,0.0,2.490104132456063,53.606624484237,46.0,46.0,,0.000292903194862797,,,,,,,4.723698237736518,,0,3.122792563528313,6.097536073336585,inf,-inf,-0.20364826213380577,0.15487937901200388,-0.19360912494355237,0.1417852345469677,inf,-inf,2.446727858060969,0.1931619573762099,0.1931619573762099,0.1931619573762099,784,3.125311950409825,1.7486190641199413,2.0830658487203846,,,-1.0334764871157256,4.775204238513723,0.4652735470269927,1.952590813924327,0.2906112418164493,0.0,0.0,4.840993841956826,4.915633776621851,0.42115167163483713,3.5227162886491676,6.097536073336585,1.7309188630898136,0.23827671077647117,5910
90,6.197072934247434,-28.7685672869307,0.0521301508693738,0.7366294818921313,-21.782734719921763,-28.7685672869307,nan,0.013140139383410155,0.03899001148596364,6.051180923277942,-28.665583723008744,0.05224642603781278,0.678875102757558,-21.883281270935434,-28.665583723008744,nan,92.82546766611458,1.6140749882849967,0.0,2.487186493957533,57.51000934891162,46.0,46.0,,0.0002927459474710743,,,,,,,4.467874178903917,,0,2.8799017848835042,5.76479864596347,inf,-inf,-0.2022859496864216,0.13836133651842358,-0.20165391886888256,0.12664423036982148,inf,-inf,2.45340951945447,0.19340477295921027,0.19340477295921027,0.19340477295921027,784,3.110893862954922,1.7427095622510826,2.093009583112529,,,-1.0861723588418766,4.519534954911238,0.46025295296234936,2.0017344606064973,0.3014064657796597,0.0,0.0,4.587336771681635,4.6604110255492825,0.40963122895791976,3.2878539317917554,5.76479864596347,1.7533621521993448,0.24387162770686677,5910
91,6.164549323787116,-28.774961274570902,0.05230184914927439,0.7237153080544252,-21.834394793580085,-28.774961274570902,nan,0.013385609152696105,0.03891623999657827,6.051180923277942,-28.665583723008744,0.05224642603781278,0.678875102757558,-21.883281270935434,-28.665583723008744,nan,87.95618099505991,1.6361684370557514,0.0,2.468338110198754,53.75741213620714,46.0,46.0,,0.00029258702168845173,,,,,,,4.467874178903917,,0,2.8799017848835042,5.76479864596347,inf,-inf,-0.21540388529339857,0.16876723997440854,-0.1912591679945136,0.12619009846273865,inf,-inf,2.457144496797526,0.1938198224177489,0.1938198224177489,0.1938198224177489,784,3.110893862954922,1.7427095622510826,2.093009583112529,,,-1.0861723588418766,4.519534954911238,0.46025295296234936,2.0017344606064973,0.3014064657796597,0.0,0.0,4.587336771681635,4.6604110255492825,0.40963122895791976,3.2878539317917554,5.76479864596347,1.7533621521993448,0.24387162770686677,5910
92,6.0973265094447155,-28.79068402204424,0.05247870168724799,0.712893975115061,-21.92798483579721,-28.79068402204424,nan,0.01363824229977521,0.038840459387472784,6.051180923277942,-28.665583723008744,0.05224642603781278,0.678875102757558,-21.883281270935434,-28.665583723008744,nan,90.54233492890302,1.5966114256324735,0.0,2.4392646382165455,56.70906112489834,46.0,46.0,,0.0002924264194513897,,,,,,,4.467874178903917,,0,2.8799017848835042,5.76479864596347,inf,-inf,-0.2029773548489442,0.14688666925430738,-0.18947574443239332,0.12758025851344304,inf,-inf,2.461778292468035,0.19433930422540646,0.19433930422540646,0.19433930422540646,784,3.110893862954922,1.7427095622510826,2.093009583112529,,,-1.0861723588418766,4.519534954911238,0.46025295296234936,2.0017344606064973,0.3014064657796597,0.0,0.0,4.587336771681635,4.6604110255492825,0.40963122895791976,3.2878539317917554,5.76479864596347,1.7533621521993448,0.24387162770686677,5910
93,6.086569023950049,-28.78454180645113,0.0527137363305149,0.700145944848669,-21.9451131013219,-28.78454180645113,nan,0.013889972164312665,0.038823764166202236,6.051180923277942,-28.665583723008744,0.05224642603781278,0.678875102757558,-21.883281270935434,-28.665583723008744,nan,98.12056962722424,1.542080903531,0.0,2.4439297522597045,63.62867823766664,46.0,46.0,,0.0002922641427167757,,,,,,,4.467874178903917,,0,2.8799017848835042,5.76479864596347,inf,-inf,-0.20848998757858253,0.15195041691461056,-0.19113703962555534,0.12070409394263633,inf,-inf,2.466691555711348,0.1948694532021125,0.1948694532021125,0.1948694532021125,784,3.110893862954922,1.7427095622510826,2.093009583112529,,,-1.0861723588418766,4.519534954911238,0.46025295296234936,2.0017344606064973,0.3014064657796597,0.0,0.0,4.587336771681635,4.6604110255492825,0.40963122895791976,3.2878539317917554,5.76479864596347,1.7533621521993448,0.24387162770686677,5910
94,5.975126126437235,-28.79662206055409,0.05299598234145341,0.6901177783198994,-22.078382173455502,-28.79662206055409,nan,0.014146647505027778,0.038849334836425664,6.051180923277942,-28.665583723008744,0.05224642603781278,0.678875102757558,-21.883281270935434,-28.665583723008744,nan,77.64649821009623,1.5017255859536434,0.0,2.426974800696996,51.70485136323241,46.0,46.0,,0.0002921001934619007,,,,,,,4.467874178903917,,0,2.8799017848835042,5.76479864596347,inf,-inf,-0.2046131434787784,0.13652287521605388,-0.18907424438034198,0.12426605465114257,inf,-inf,2.4720594973175634,0.1952532527270642,0.1952532527270642,0.1952532527270642,784,3.110893862954922,1.7427095622510826,2.093009583112529,,,-1.0861723588418766,4.519534954911238,0.46025295296234936,2.0017344606064973,0.3014064657796597,0.0,0.0,4.587336771681635,4.6604110255492825,0.40963122895791976,3.2878539317917554,5.76479864596347,1.7533621521993448,0.24387162770686677,5910
95,5.974529468526931,-28.810363720460078,0.053126759731266966,0.676740058284074,-22.105967433917804,-28.810363720460078,nan,0.01440661867298707,0.03872014105827989,5.851022822694844,-28.746410036853327,0.0532527575654063,0.6425141755622106,-22.199620281030864,-28.746410036853327,nan,79.58797050166893,1.4796381913871774,0.0,2.391884734821489,53.788805239647346,46.0,46.0,,0.0002919345736844345,,,,,,,4.22209529070772,,0,2.614044040109937,5.5111184146527235,inf,-inf,-0.20910801831221712,0.11330121058953897,-0.18493432126598403,0.11370408156215223,inf,-inf,2.4787179061435425,0.19559426477693362,0.19559426477693362,0.19559426477693362,784,3.094411284942431,1.7361599930175113,2.101893988898598,,,-1.1396351070270958,4.271564368796883,0.45422892473406934,2.1082729786071033,0.3239268425117138,0.0,0.0,4.343278521448844,4.417018076293246,0.3985565390400055,3.065349191114862,5.5111184146527235,1.797876219331586,0.2547597880024584,5910
96,5.893999839759181,-28.814328411344405,0.05331758928231506,0.6693972994392412,-22.19761368286367,-28.814328411344405,nan,0.014667108276315979,0.038650481005999084,5.851022822694844,-28.746410036853327,0.0532527575654063,0.6425141755622106,-22.199620281030864,-28.746410036853327,nan,82.0317569297415,1.4360596725299746,0.0,2.39018221675387,57.12280520016432,46.0,46.0,,0.00029176728540240187,,,,,,,4.22209529070772,,0,2.614044040109937,5.5111184146527235,inf,-inf,-0.21116904699019717,0.1647619230919405,-0.18648542399687934,0.13647091856443672,inf,-inf,2.483858106070213,0.19616288417753958,0.19616288417753958,0.19616288417753958,784,3.094411284942431,1.7361599930175113,2.101893988898598,,,-1.1396351070270958,4.271564368796883,0.45422892473406934,2.1082729786071033,0.3239268425117138,0.0,0.0,4.343278521448844,4.417018076293246,0.3985565390400055,3.065349191114862,5.5111184146527235,1.797876219331586,0.2547597880024584,5910
97,5.886240697799195,-28.82655751768259,0.05352653143479685,0.6594946577838012,-22.2272956306648,-28.82655751768259,nan,0.01493356716478905,0.038592964270007794,5.851022822694844,-28.746410036853327,0.0532527575654063,0.6425141755622106,-22.199620281030864,-28.746410036853327,nan,89.6888410099451,1.4525239073074676,0.0,2.359181333310054,61.74689487638149,46.0,46.0,,0.00029159833065415776,,,,,,,4.22209529070772,,0,2.614044040109937,5.5111184146527235,inf,-inf,-0.20553236792040128,0.18139436578885368,-0.18266042225871298,0.12307251393138971,inf,-inf,2.4880314642255015,0.1967611246878685,0.1967611246878685,0.1967611246878685,784,3.094411284942431,1.7361599930175113,2.101893988898598,,,-1.1396351070270958,4.271564368796883,0.45422892473406934,2.1082729786071033,0.3239268425117138,0.0,0.0,4.343278521448844,4.417018076293246,0.3985565390400055,3.065349191114862,5.5111184146527235,1.797876219331586,0.2547597880024584,5910
98,5.835468290181553,-28.812228443789103,0.05378706186272127,0.6442152198053746,-22.278757871939455,-28.812228443789103,nan,0.015199457195116648,0.0385876046676046,5.851022822694844,-28.746410036853327,0.0532527575654063,0.6425141755622106,-22.199620281030864,-28.746410036853327,nan,83.98630652552579,1.4324263101820345,0.0,2.388861798041312,58.632200433998385,46.0,46.0,,0.0002914277114983625,,,,,,,4.22209529070772,,0,2.614044040109937,5.5111184146527235,inf,-inf,-0.20890822289827218,0.14688370767814837,-0.18150117327891618,0.13332428674406785,inf,-inf,2.4939612574000765,0.19712460418823521,0.19712460418823521,0.19712460418823521,784,3.094411284942431,1.7361599930175113,2.101893988898598,,,-1.1396351070270958,4.271564368796883,0.45422892473406934,2.1082729786071033,0.3239268425117138,0.0,0.0,4.343278521448844,4.417018076293246,0.3985565390400055,3.065349191114862,5.5111184146527235,1.797876219331586,0.2547597880024584,5910
99,5.781991460190246,-28.823109237822944,0.053907639853455876,0.6364267323901904,-22.350783405389052,-28.823109237822944,nan,0.01547120593283581,0.03843643392062006,5.851022822694844,-28.746410036853327,0.0532527575654063,0.6425141755622106,-22.199620281030864,-28.746410036853327,nan,80.36644240245951,1.4128571893134239,0.0,2.3730245991978216,56.88221216576991,46.0,46.0,,0.0002912554300139565,,,,,,,4.22209529070772,,0,2.614044040109937,5.5111184146527235,inf,-inf,-0.20457452785775979,0.17100248784884597,-0.18710593095345468,0.1492351731577322,inf,-inf,2.499196707669786,0.19764689729400425,0.19764689729400425,0.19764689729400425,784,3.094411284942431,1.7361599930175113,2.101893988898598,,,-1.1396351070270958,4.271564368796883,0.45422892473406934,2.1082729786071033,0.3239268425117138,0.0,0.0,4.343278521448844,4.417018076293246,0.3985565390400055,3.065349191114862,5.5111184146527235,1.797876219331586,0.2547597880024584,5910
100,5.731032774050368,-28.834970098556195,0.05410039084958276,0.6270129257864918,-22.422824007869753,-28.834970098556195,nan,0.01574721571349239,0.03835317513609037,5.686711834860343,-28.721103979101137,0.054328756813221725,0.5800559429408327,-22.40000744448674,-28.721103979101137,nan,76.81658202366192,1.3808943763044623,0.0,2.337483876269549,55.628137344753185,46.0,46.0,,0.00029108148830013535,,,,,,,3.987618451604531,,0,2.3820616791171885,5.259587454455966,inf,-inf,-0.2056849715311998,0.14075045491106467,-0.18785782349235292,0.13300759933058376,inf,-inf,2.5051101530590816,0.1981242112876148,0.1981242112876148,0.1981242112876148,784,3.0763020508747423,1.7290712873972185,2.1082675974223912,,,-1.193513103924681,4.036335503353305,0.4474320200598688,2.2079980130511196,0.34399867824134484,0.0,0.0,4.109844187018779,4.180578087046644,0.387929116485692,2.856001468923033,5.259587454455966,1.8415912987745413,0.26519325431833507,5910
101,5.6933002099699515,-28.823124734622258,0.05442191859256873,0.6147193353943089,-22.46068327066543,-28.823124734622258,nan,0.01602526878913751,0.0383966498034312,5.686711834860343,-28.721103979101137,0.054328756813221725,0.5800559429408327,-22.40000744448674,-28.721103979101137,nan,90.55973150335012,1.4121303217263557,0.0,2.3645563311279973,64.12986826360273,46.0,46.0,,0.00029090588847632403,,,,,,,3.987618451604531,,0,2.3820616791171885,5.259587454455966,inf,-inf,-0.20625412508767615,0.1289984895422897,-0.18613200344618294,0.1316550448338481,inf,-inf,2.510032693907503,0.19860955433539745,0.19860955433539745,0.19860955433539745,784,3.0763020508747423,1.7290712873972185,2.1082675974223912,,,-1.193513103924681,4.036335503353305,0.4474320200598688,2.2079980130511196,0.34399867824134484,0.0,0.0,4.109844187018779,4.180578087046644,0.387929116485692,2.856001468923033,5.259587454455966,1.8415912987745413,0.26519325431833507,5910
102,5.653849111862393,-28.83429659507321,0.05453837304839953,0.6059091814512229,-22.519999928711194,-28.83429659507321,nan,0.016308127545556394,0.03823024550284313,5.686711834860343,-28.721103979101137,0.054328756813221725,0.5800559429408327,-22.40000744448674,-28.721103979101137,nan,85.33114374794525,1.3440543757180032,0.0,2.34413198839778,63.48786573635516,46.0,46.0,,0.0002907286326821509,,,,,,,3.987618451604531,,0,2.3820616791171885,5.259587454455966,inf,-inf,-0.208620201701897,0.162852401323893,-0.1863135901608251,0.14151426646108467,inf,-inf,2.515463727169685,0.1990804396443226,0.1990804396443226,0.1990804396443226,784,3.0763020508747423,1.7290712873972185,2.1082675974223912,,,-1.193513103924681,4.036335503353305,0.4474320200598688,2.2079980130511196,0.34399867824134484,0.0,0.0,4.109844187018779,4.180578087046644,0.387929116485692,2.856001468923033,5.259587454455966,1.8415912987745413,0.26519325431833507,5910
103,5.609962638638096,-28.833416705205774,0.05477177087294872,0.5967086703714076,-22.571973625323324,-28.833416705205774,nan,0.016592877102105722,0.038178893770842985,5.686711834860343,-28.721103979101137,0.054328756813221725,0.5800559429408327,-22.40000744448674,-28.721103979101137,nan,95.96094386458425,1.3424445268074465,0.0,2.3345609791930357,71.48224149924104,46.0,46.0,,0.0002905497230774218,,,,,,,3.987618451604531,,0,2.3820616791171885,5.259587454455966,inf,-inf,-0.2117757331331021,0.15801006690745248,-0.18205739634444915,0.14873494287130123,inf,-inf,2.5221323858487925,0.19945494257242127,0.19945494257242127,0.19945494257242127,784,3.0763020508747423,1.7290712873972185,2.1082675974223912,,,-1.193513103924681,4.036335503353305,0.4474320200598688,2.2079980130511196,0.34399867824134484,0.0,0.0,4.109844187018779,4.180578087046644,0.387929116485692,2.856001468923033,5.259587454455966,1.8415912987745413,0.26519325431833507,5910
104,5.53200493310671,-28.853102973399267,0.054922675862564316,0.5864872878316956,-22.6796880765983,-28.853102973399267,nan,0.016881251041141555,0.03804142482142276,5.686711834860343,-28.721103979101137,0.054328756813221725,0.5800559429408327,-22.40000744448674,-28.721103979101137,nan,75.36599374798,1.352918557416869,0.0,2.2972370549303585,55.706231047548414,46.0,46.0,,0.00029036916184209394,,,,,,,3.987618451604531,,0,2.3820616791171885,5.259587454455966,inf,-inf,-0.20700909459068229,0.14350900986224427,-0.18209335298286747,0.12545455276199927,inf,-inf,2.5272749770208867,0.19996475023307106,0.19996475023307106,0.19996475023307106,784,3.0763020508747423,1.7290712873972185,2.1082675974223912,,,-1.193513103924681,4.036335503353305,0.4474320200598688,2.2079980130511196,0.34399867824134484,0.0,0.0,4.109844187018779,4.180578087046644,0.387929116485692,2.856001468923033,5.259587454455966,1.8415912987745413,0.26519325431833507,5910
105,5.525256923166457,-28.86537136630799,0.05511089503758977,0.5827270940212028,-22.702276454082742,-28.86537136630799,nan,0.01717088717286956,0.03794000786472021,5.452138130447281,-28.795877581586744,0.05527698940004858,0.5443898941164018,-22.74407256762301,-28.795877581586744,nan,84.26970019086458,1.3039245833087354,0.0,2.2768626425997924,64.62774095187966,46.0,46.0,,0.00029018695117624893,,,,,,,3.762480392520195,,0,2.178221448084382,5.017162189306278,inf,-inf,-0.2058448388870859,0.13292437859412307,-0.17640009484671168,0.13665393274605042,inf,-inf,2.5316591717648103,0.2005566916915226,0.2005566916915226,0.2005566916915226,784,3.0554475702860384,1.721187153297435,2.1148833824017115,,,-1.2481879311150559,3.810436325812183,0.4395157487653572,2.3033297159563726,0.36235611059603245,0.0,0.0,3.8852038034795324,3.9505664740849005,0.3773988101011069,2.6611812161050836,5.017162189306278,1.8853139947565911,0.2753836913236495,5910
106,5.4941568474911255,-28.858632106148235,0.05536265875510156,0.5647011139313931,-22.744411485970616,-28.858632106148235,nan,0.017461493646324957,0.03790116510877659,5.452138130447281,-28.795877581586744,0.05527698940004858,0.5443898941164018,-22.74407256762301,-28.795877581586744,nan,76.8042822564969,1.3199418477498985,0.0,2.288234944565568,58.187625755956574,46.0,46.0,,0.0002900030933000663,,,,,,,3.762480392520195,,0,2.178221448084382,5.017162189306278,inf,-inf,-0.20533924806312132,0.13913867989033543,-0.17537124295968703,0.14647182356663174,inf,-inf,2.5381124554850465,0.2010385383719687,0.2010385383719687,0.2010385383719687,784,3.0554475702860384,1.721187153297435,2.1148833824017115,,,-1.2481879311150559,3.810436325812183,0.4395157487653572,2.3033297159563726,0.36235611059603245,0.0,0.0,3.8852038034795324,3.9505664740849005,0.3773988101011069,2.6611812161050836,5.017162189306278,1.8853139947565911,0.2753836913236495,5910
107,5.445087207182533,-28.87085547051786,0.05551961337043434,0.5617200688217039,-22.80852858114319,-28.87085547051786,nan,0.017760816708506662,0.037758796661927704,5.452138130447281,-28.795877581586744,0.05527698940004858,0.5443898941164018,-22.74407256762301,-28.795877581586744,nan,77.54210063389903,1.2736153769616154,0.0,2.258646245079749,60.88345197188681,46.0,46.0,,0.00028981759045379615,,,,,,,3.762480392520195,,0,2.178221448084382,5.017162189306278,inf,-inf,-0.20629075045000575,0.15156114625350556,-0.17843410756776162,0.15965499858317447,inf,-inf,2.54263720868928,0.20136012178864449,0.20136012178864449,0.20136012178864449,784,3.0554475702860384,1.721187153297435,2.1148833824017115,,,-1.2481879311150559,3.810436325812183,0.4395157487653572,2.3033297159563726,0.36235611059603245,0.0,0.0,3.8852038034795324,3.9505664740849005,0.3773988101011069,2.6611812161050836,5.017162189306278,1.8853139947565911,0.2753836913236495,5910
108,5.3861131152324555,-28.86650379229165,0.05588590995936527,0.5485200656494328,-22.875984701450395,-28.86650379229165,nan,0.01805885555411686,0.03782705440524842,5.452138130447281,-28.795877581586744,0.05527698940004858,0.5443898941164018,-22.74407256762301,-28.795877581586744,nan,86.44468237236329,1.2565735442961041,0.0,2.2683114024792177,68.79396973202,46.0,46.0,,0.0002896304448977322,,,,,,,3.762480392520195,,0,2.178221448084382,5.017162189306278,inf,-inf,-0.20838023495277705,0.1275139097770831,-0.18034371647717592,0.12789258551603214,inf,-inf,2.5462585596627294,0.20208918293158076,0.20208918293158076,0.20208918293158076,784,3.0554475702860384,1.721187153297435,2.1148833824017115,,,-1.2481879311150559,3.810436325812183,0.4395157487653572,2.3033297159563726,0.36235611059603245,0.0,0.0,3.8852038034795324,3.9505664740849005,0.3773988101011069,2.6611812161050836,5.017162189306278,1.8853139947565911,0.2753836913236495,5910
109,5.334746513020991,-28.87641042124351,0.0559790154971743,0.5419791680686479,-22.943705724656695,-28.87641042124351,nan,0.01836087153220243,0.037618143964971866,5.452138130447281,-28.795877581586744,0.05527698940004858,0.5443898941164018,-22.74407256762301,-28.795877581586744,nan,85.70536117089213,1.2488169924469266,0.0,2.2471551139107713,68.62924006419982,46.0,46.0,,0.0002894416589121839,,,,,,,3.762480392520195,,0,2.178221448084382,5.017162189306278,inf,-inf,-0.20602220561065657,0.12318053769882047,-0.18072582812136045,0.1381003409529332,inf,-inf,2.5532561806026877,0.20230179019666875,0.20230179019666875,0.20230179019666875,784,3.0554475702860384,1.721187153297435,2.1148833824017115,,,-1.2481879311150559,3.810436325812183,0.4395157487653572,2.3033297159563726,0.36235611059603245,0.0,0.0,3.8852038034795324,3.9505664740849005,0.3773988101011069,2.6611812161050836,5.017162189306278,1.8853139947565911,0.2753836913236495,5910
110,5.3236367296553695,-28.873196847223447,0.056219404204992586,0.5276840747015766,-22.96565663866151,-28.873196847223447,nan,0.01866257685869183,0.03755682734630075,5.285790486151564,-28.864769332200435,0.05640370703671062,0.5397406811631001,-22.98283445784906,-28.864769332200435,nan,85.32006156814917,1.2268258195727895,0.0,2.2469776979842617,69.54537490730321,46.0,46.0,,0.000289251234797449,,,,,,,3.548930774933754,,0,1.994377415709908,4.780781830826702,inf,-inf,-0.20466094939673135,0.14607008598717744,-0.18098566765815294,0.1542932245469149,inf,-inf,2.555537310570022,0.20283027988848093,0.20283027988848093,0.20283027988848093,784,3.0332207692979662,1.7128341890296048,2.1226319240540037,,,-1.303044179135936,3.595876494711389,0.43106949502204284,2.397129948006837,0.3796915777018186,0.0,0.0,3.6717809080415114,3.7360814699671394,0.3672343299587938,2.478898972637338,4.780781830826702,1.928590831493369,0.2852400977975493,5910
111,5.251123588608981,-28.901378618960546,0.05638858192121694,0.5252780272624804,-23.06858842116787,-28.901378618960546,nan,0.01897301285681964,0.037415569064397296,5.285790486151564,-28.864769332200435,0.05640370703671062,0.5397406811631001,-22.98283445784906,-28.864769332200435,nan,71.80467702563232,1.2264596180663419,0.0,2.195449849763286,58.546303496596856,46.0,46.0,,0.00028905917487378514,,,,,,,3.548930774933754,,0,1.994377415709908,4.780781830826702,inf,-inf,-0.2011335299859376,0.14404153552578727,-0.17340571836260052,0.1530782723517633,inf,-inf,2.559828647229692,0.2031208554391234,0.2031208554391234,0.2031208554391234,784,3.0332207692979662,1.7128341890296048,2.1226319240540037,,,-1.303044179135936,3.595876494711389,0.43106949502204284,2.397129948006837,0.3796915777018186,0.0,0.0,3.6717809080415114,3.7360814699671394,0.3672343299587938,2.478898972637338,4.780781830826702,1.928590831493369,0.2852400977975493,5910
112,5.22764380936118,-28.896210472775227,0.05661802458133014,0.5144626903132133,-23.097485948519505,-28.896210472775227,nan,0.019279319350877806,0.03733870523045235,5.285790486151564,-28.864769332200435,0.05640370703671062,0.5397406811631001,-22.98283445784906,-28.864769332200435,nan,90.08614566383606,1.1941753656491134,0.0,2.2022363342099496,75.43795346579459,46.0,46.0,,0.00028886548148138197,,,,,,,3.548930774933754,,0,1.994377415709908,4.780781830826702,inf,-inf,-0.19964382916491794,0.1536917278304323,-0.18290628121635027,0.13146729325113546,inf,-inf,2.563130000790247,0.2034831623993565,0.2034831623993565,0.2034831623993565,784,3.0332207692979662,1.7128341890296048,2.1226319240540037,,,-1.303044179135936,3.595876494711389,0.43106949502204284,2.397129948006837,0.3796915777018186,0.0,0.0,3.6717809080415114,3.7360814699671394,0.3672343299587938,2.478898972637338,4.780781830826702,1.928590831493369,0.2852400977975493,5910
113,5.19331021981538,-28.902902110690462,0.05673505898498397,0.5106884290394964,-23.1421684028506,-28.902902110690462,nan,0.01959248931485487,0.0371425696701291,5.285790486151564,-28.864769332200435,0.05640370703671062,0.5397406811631001,-22.98283445784906,-28.864769332200435,nan,78.64171466120385,1.2177138429472127,0.0,2.1880661504023946,64.58144096552981,46.0,46.0,,0.00028867015698033226,,,,,,,3.548930774933754,,0,1.994377415709908,4.780781830826702,inf,-inf,-0.20686739851895644,0.16046497161831438,-0.1709998584068254,0.14793204718195782,inf,-inf,2.5661345473587818,0.20356308926157374,0.20356308926157374,0.20356308926157374,784,3.0332207692979662,1.7128341890296048,2.1226319240540037,,,-1.303044179135936,3.595876494711389,0.43106949502204284,2.397129948006837,0.3796915777018186,0.0,0.0,3.6717809080415114,3.7360814699671394,0.3672343299587938,2.478898972637338,4.780781830826702,1.928590831493369,0.2852400977975493,5910
114,5.146014263372806,-28.90687794979601,0.0569106824755602,0.49558078252234655,-23.208372221425297,-28.90687794979601,nan,0.019907599291811736,0.037003083183748474,5.285790486151564,-28.864769332200435,0.05640370703671062,0.5397406811631001,-22.98283445784906,-28.864769332200435,nan,82.26002328110299,1.1968059414566197,0.0,2.1773567202615447,68.73296700130449,46.0,46.0,,0.00028847320375060355,,,,,,,3.548930774933754,,0,1.994377415709908,4.780781830826702,inf,-inf,-0.1990227376607014,0.1320259889847469,-0.17409526859102767,0.12897753971845102,inf,-inf,2.5687959299570924,0.20377922756431854,0.20377922756431854,0.20377922756431854,784,3.0332207692979662,1.7128341890296048,2.1226319240540037,,,-1.303044179135936,3.595876494711389,0.43106949502204284,2.397129948006837,0.3796915777018186,0.0,0.0,3.6717809080415114,3.7360814699671394,0.3672343299587938,2.478898972637338,4.780781830826702,1.928590831493369,0.2852400977975493,5910
115,5.120695199944595,-28.92698060905549,0.05704526832906444,0.4931182887846478,-23.256121851997182,-28.92698060905549,nan,0.020222879117188123,0.036822389211876326,5.096490609032234,-28.88885128848556,0.057249925843775744,0.48400801529427234,-23.25110273831528,-28.88885128848556,nan,74.95520809293227,1.1627423034415538,0.0,2.137527391830071,64.46416189647128,46.0,46.0,,0.00028827462419200867,,,,,,,3.3476874381683417,,0,1.828727376224524,4.567781955816504,inf,-inf,-0.19984013130776895,0.1254267962153612,-0.17331868654926338,0.13712361461188663,inf,-inf,2.571393309309136,0.20408755146147323,0.20408755146147323,0.20408755146147323,784,3.00862501017085,1.7038644460132462,2.1264037014493504,,,-1.3577221476530195,3.3932070254833517,0.42189273924601994,2.4977927356492367,0.3975563982101124,0.0,0.0,3.4702922489971173,3.5323566472397356,0.3573841483835171,2.311797753795694,4.551347409400657,1.9687480887668012,0.2941901495268517,5910
116,5.083014829882617,-28.923682504431476,0.057404144943554114,0.48248801840019434,-23.30077551120511,-28.923682504431476,nan,0.020540593475385335,0.036863551468168776,5.096490609032234,-28.88885128848556,0.057249925843775744,0.48400801529427234,-23.25110273831528,-28.88885128848556,nan,80.3244657422752,1.1630713725687498,0.0,2.1411482974866822,69.06237023517417,46.0,46.0,,0.00028807442072417694,,,,,,,3.3476874381683417,,0,1.828727376224524,4.567781955816504,inf,-inf,-0.20005298387778594,0.11397619037724505,-0.16715527019732973,0.1414017803567243,inf,-inf,2.5720825214836074,0.20464497078684668,0.20464497078684668,0.20464497078684668,784,3.00862501017085,1.7038644460132462,2.1264037014493504,,,-1.3577221476530195,3.3932070254833517,0.42189273924601994,2.4977927356492367,0.3975563982101124,0.0,0.0,3.4702922489971173,3.5323566472397356,0.3573841483835171,2.311797753795694,4.551347409400657,1.9687480887668012,0.2941901495268517,5910
117,5.019245328610673,-28.934920770535264,0.05764125145999969,0.4784998441138368,-23.379534346350756,-28.934920770535264,nan,0.020859869723634655,0.03678138173636502,5.096490609032234,-28.88885128848556,0.057249925843775744,0.48400801529427234,-23.25110273831528,-28.88885128848556,nan,85.50007281492879,1.1423108621609306,0.0,2.1195991260976683,74.84834089136359,46.0,46.0,,0.00028787259578652444,,,,,,,3.3476874381683417,,0,1.828727376224524,4.567781955816504,inf,-inf,-0.19619021592627384,0.16420049612087073,-0.1694542694049221,0.14345410457193428,inf,-inf,2.575196409287449,0.2048375458696277,0.2048375458696277,0.2048375458696277,784,3.00862501017085,1.7038644460132462,2.1264037014493504,,,-1.3577221476530195,3.3932070254833517,0.42189273924601994,2.4977927356492367,0.3975563982101124,0.0,0.0,3.4702922489971173,3.5323566472397356,0.3573841483835171,2.311797753795694,4.551347409400657,1.9687480887668012,0.2941901495268517,5910
118,4.999316066086634,-28.940284287362555,0.0579034377042404,0.47073559295052514,-23.412329190621154,-28.940284287362555,nan,0.021185548010521534,0.036717889693718885,5.096490609032234,-28.88885128848556,0.057249925843775744,0.48400801529427234,-23.25110273831528,-28.88885128848556,nan,83.1049731524264,1.1320893223529043,0.0,2.101557381085752,73.40849481709026,46.0,46.0,,0.0002876691518382243,,,,,,,3.3476874381683417,,0,1.828727376224524,4.567781955816504,inf,-inf,-0.1982112826302144,0.16039142573117005,-0.16451972674878654,0.12096213390191657,inf,-inf,2.5768713499076576,0.2050208463621685,0.2050208463621685,0.2050208463621685,784,3.00862501017085,1.7038644460132462,2.1264037014493504,,,-1.3577221476530195,3.3932070254833517,0.42189273924601994,2.4977927356492367,0.3975563982101124,0.0,0.0,3.4702922489971173,3.5323566472397356,0.3573841483835171,2.311797753795694,4.551347409400657,1.9687480887668012,0.2941901495268517,5910
119,4.944027227635557,-28.944969619691413,0.058124852030610887,0.4615568830972045,-23.481260656928036,-28.944969619691413,nan,0.021510449851788287,0.036614402178822614,5.096490609032234,-28.88885128848556,0.057249925843775744,0.48400801529427234,-23.25110273831528,-28.88885128848556,nan,81.13623958628276,1.1200236990626573,0.0,2.0936894122855385,72.44153820511593,46.0,46.0,,0.0002874640913581768,,,,,,,3.3476874381683417,,0,1.828727376224524,4.567781955816504,inf,-inf,-0.1952657011665589,0.12711745514136846,-0.16287241030902494,0.1275297927031127,inf,-inf,2.5770162903182334,0.20542771463866502,0.20542771463866502,0.20542771463866502,784,3.00862501017085,1.7038644460132462,2.1264037014493504,,,-1.3577221476530195,3.3932070254833517,0.42189273924601994,2.4977927356492367,0.3975563982101124,0.0,0.0,3.4702922489971173,3.5323566472397356,0.3573841483835171,2.311797753795694,4.551347409400657,1.9687480887668012,0.2941901495268517,5910
120,4.932305116891458,-28.959574977885925,0.0582945874356831,0.4532806146001445,-23.515694658958637,-28.959574977885925,nan,0.02183603522663957,0.03645855220904354,4.881639836998497,-28.823205250341715,0.0584937046937653,0.4072900706797257,-23.475781637969728,-28.823205250341715,nan,76.01475814388264,1.0946891756647006,0.0,2.062073654957917,69.43958142065863,46.0,46.0,,0.0002872574168449793,,,,,,,3.158660468824397,,0,1.6829090145461585,4.366016508970169,inf,-inf,-0.19737017959409978,0.14131137712949024,-0.17211334824004604,0.1267056424083127,inf,-inf,2.5811851486493995,0.20559395678782796,0.20559395678782796,0.20559395678782796,784,2.982977578261025,1.6945513401460979,2.1282408981803043,,,-1.4120345309815465,3.2028585348252836,0.412369138671754,2.5943271271546324,0.41402473680617885,0.0,0.0,3.280771323211905,3.340962176795715,0.3480195726413023,2.158093829525003,4.3421260454076345,2.0120191189107555,0.3036321032218574,5910
121,4.86785499161635,-28.95491281839356,0.058573796768828845,0.4460498097499482,-23.58243422025843,-28.95491281839356,nan,0.022163973776166586,0.036409822992662266,4.881639836998497,-28.823205250341715,0.0584937046937653,0.4072900706797257,-23.475781637969728,-28.823205250341715,nan,73.01267844379531,1.1187112406943422,0.0,2.075462592660967,65.26499045319244,46.0,46.0,,0.0002870491308168954,,,,,,,3.158660468824397,,0,1.6829090145461585,4.366016508970169,inf,-inf,-0.20027897484887103,0.14612820741335003,-0.16305945889853005,0.12891563122218902,inf,-inf,2.5821644463843167,0.20577830727631097,0.20577830727631097,0.20577830727631097,784,2.982977578261025,1.6945513401460979,2.1282408981803043,,,-1.4120345309815465,3.2028585348252836,0.412369138671754,2.5943271271546324,0.41402473680617885,0.0,0.0,3.280771323211905,3.340962176795715,0.3480195726413023,2.158093829525003,4.3421260454076345,2.0120191189107555,0.3036321032218574,5910
122,4.85966867792037,-28.96623588227012,0.0587782861566465,0.44303826894218223,-23.604750649250924,-28.96623588227012,nan,0.022498673657055282,0.036279612499591225,4.881639836998497,-28.823205250341715,0.0584937046937653,0.4072900706797257,-23.475781637969728,-28.823205250341715,nan,84.8538827523295,1.101035682766838,0.0,2.0477261603149293,77.06733222223704,46.0,46.0,,0.0002868392358118247,,,,,,,3.158660468824397,,0,1.6829090145461585,4.366016508970169,inf,-inf,-0.19813396416672374,0.17739235645329263,-0.19164136065606946,0.13158889500191337,inf,-inf,2.5843824349688984,0.20579157436076956,0.20579157436076956,0.20579157436076956,784,2.982977578261025,1.6945513401460979,2.1282408981803043,,,-1.4120345309815465,3.2028585348252836,0.412369138671754,2.5943271271546324,0.41402473680617885,0.0,0.0,3.280771323211905,3.340962176795715,0.3480195726413023,2.158093829525003,4.3421260454076345,2.0120191189107555,0.3036321032218574,5910
123,4.820920412160599,-28.977296980830854,0.05897520108045095,0.4327772493743923,-23.66462411821541,-28.977296980830854,nan,0.022831461646645488,0.03614373943380546,4.881639836998497,-28.823205250341715,0.0584937046937653,0.4072900706797257,-23.475781637969728,-28.823205250341715,nan,76.42129381293822,1.0431394340178606,0.0,2.0259472772117175,73.26086170339308,46.0,46.0,,0.0002866277343872715,,,,,,,3.158660468824397,,0,1.6829090145461585,4.366016508970169,inf,-inf,-0.19670757097190272,0.14303192053614708,-0.1598084265965863,0.12742289900567688,inf,-inf,2.585614792387699,0.20601054320040776,0.20601054320040776,0.20601054320040776,784,2.982977578261025,1.6945513401460979,2.1282408981803043,,,-1.4120345309815465,3.2028585348252836,0.412369138671754,2.5943271271546324,0.41402473680617885,0.0,0.0,3.280771323211905,3.340962176795715,0.3480195726413023,2.158093829525003,4.3421260454076345,2.0120191189107555,0.3036321032218574,5910
124,4.739852970191705,-28.984074881256085,0.05938360859354225,0.42644907466909243,-23.758389227801743,-28.984074881256085,nan,0.023168052843356834,0.036215555750185424,4.881639836998497,-28.823205250341715,0.0584937046937653,0.4072900706797257,-23.475781637969728,-28.823205250341715,nan,68.21581795166796,1.0643880808285657,0.0,2.015229541188261,64.08923510169882,46.0,46.0,,0.00028641462912031403,,,,,,,3.158660468824397,,0,1.6829090145461585,4.366016508970169,inf,-inf,-0.200198296613137,0.10735825833021413,-0.1626301403225588,0.11932649168334032,inf,-inf,2.5876153941202618,0.20623174106934772,0.20623174106934772,0.20623174106934772,784,2.982977578261025,1.6945513401460979,2.1282408981803043,,,-1.4120345309815465,3.2028585348252836,0.412369138671754,2.5943271271546324,0.41402473680617885,0.0,0.0,3.280771323211905,3.340962176795715,0.3480195726413023,2.158093829525003,4.3421260454076345,2.0120191189107555,0.3036321032218574,5910
125,4.719396094524454,-28.992291990773573,0.059490503069563216,0.42138924437183567,-23.79201614880772,-28.992291990773573,nan,0.023504978886886355,0.035985524182676865,4.702167623159296,-28.877928645766886,0.05975606645251841,0.38020854622085165,-23.735796409934217,-28.877928645766886,nan,73.55732601946589,1.0343098127548092,0.0,2.000951414986492,71.11730461451515,46.0,46.0,,0.00028619992260757264,,,,,,,2.9807668460491357,,0,1.5526830320536744,4.171248653104465,inf,-inf,-0.2003809252747858,0.14236391116757172,-0.15951444289821798,0.12398157228377198,inf,-inf,2.5865004767176596,0.20634366083550276,0.20634366083550276,0.20634366083550276,784,2.9569822196503037,1.6850719244121917,2.127853924792749,,,-1.4661061262123598,3.023075182500892,0.40243715186883733,2.6864779011510893,0.4291832724321232,0.0,0.0,3.102244517289182,3.161385762547063,0.3387677463405554,2.0163108795195983,4.142306191458899,2.054398571933429,0.31268470449932817,5910
126,4.684306702993664,-28.99085750157359,0.059882934080157255,0.4137818164465294,-23.83288604805324,-28.99085750157359,nan,0.023845102574060483,0.03603783150609677,4.702167623159296,-28.877928645766886,0.05975606645251841,0.38020854622085165,-23.735796409934217,-28.877928645766886,nan,87.81643470069477,1.0227139494257311,0.0,1.9933893580764153,85.86607697098977,46.0,46.0,,0.00028598361746517845,,,,,,,2.9807668460491357,,0,1.5526830320536744,4.171248653104465,inf,-inf,-0.19967719071231882,0.13078516379936933,-0.1614395429213316,0.13345588403654587,inf,-inf,2.5858832511941516,0.20659165303590435,0.20659165303590435,0.20659165303590435,784,2.9569822196503037,1.6850719244121917,2.127853924792749,,,-1.4661061262123598,3.023075182500892,0.40243715186883733,2.6864779011510893,0.4291832724321232,0.0,0.0,3.102244517289182,3.161385762547063,0.3387677463405554,2.0163108795195983,4.142306191458899,2.054398571933429,0.31268470449932817,5910
127,4.669827495718744,-29.007426474630634,0.06018362192352019,0.4091047315655085,-23.86831062542286,-29.007426474630634,nan,0.024189221106182438,0.035994400817337756,4.702167623159296,-28.877928645766886,0.05975606645251841,0.38020854622085165,-23.735796409934217,-28.877928645766886,nan,70.05328923430962,1.0049009428993723,0.0,1.9611084431757326,69.7116364844774,46.0,46.0,,0.00028576571632874133,,,,,,,2.9807668460491357,,0,1.5526830320536744,4.171248653104465,inf,-inf,-0.20166234266502595,0.12825554225293231,-0.15269717144442757,0.11505212975916404,inf,-inf,2.5888642222479397,0.20685120047716823,0.20685120047716823,0.20685120047716823,784,2.9569822196503037,1.6850719244121917,2.127853924792749,,,-1.4661061262123598,3.023075182500892,0.40243715186883733,2.6864779011510893,0.4291832724321232,0.0,0.0,3.102244517289182,3.161385762547063,0.3387677463405554,2.0163108795195983,4.142306191458899,2.054398571933429,0.31268470449932817,5910
128,4.60274872295195,-29.01017987310878,0.060460407530703954,0.4007641974155659,-23.946206545210558,-29.01017987310878,nan,0.02453529598210075,0.035925111548603186,4.702167623159296,-28.877928645766886,0.05975606645251841,0.38020854622085165,-23.735796409934217,-28.877928645766886,nan,63.491235811680724,0.9904022505162174,0.0,1.9560386688699836,64.10651407404195,46.0,46.0,,0.0002855462218533179,,,,,,,2.9807668460491357,,0,1.5526830320536744,4.171248653104465,inf,-inf,-0.2003734703099452,0.16394732656251876,-0.15456888247846248,0.12977308523691308,inf,-inf,2.5901205716298805,0.20715998861254153,0.20715998861254153,0.20715998861254153,784,2.9569822196503037,1.6850719244121917,2.127853924792749,,,-1.4661061262123598,3.023075182500892,0.40243715186883733,2.6864779011510893,0.4291832724321232,0.0,0.0,3.102244517289182,3.161385762547063,0.3387677463405554,2.0163108795195983,4.142306191458899,2.054398571933429,0.31268470449932817,5910
129,4.597967377439938,-29.027116683760216,0.060750032997246246,0.4014277638249914,-23.96697150949804,-29.027116683760216,nan,0.02488072582969489,0.03586930716755138,4.702167623159296,-28.877928645766886,0.05975606645251841,0.38020854622085165,-23.735796409934217,-28.877928645766886,nan,78.4453479165234,0.9861958599543187,0.0,1.921375351446509,79.54337581599364,46.0,46.0,,0.00028532513671337907,,,,,,,2.9807668460491357,,0,1.5526830320536744,4.171248653104465,inf,-inf,-0.20073970061796717,0.12548333940478937,-0.15696131532510268,0.11471225658380109,inf,-inf,2.5939302286984334,0.20724071145731351,0.20724071145731351,0.20724071145731351,784,2.9569822196503037,1.6850719244121917,2.127853924792749,,,-1.4661061262123598,3.023075182500892,0.40243715186883733,2.6864779011510893,0.4291832724321232,0.0,0.0,3.102244517289182,3.161385762547063,0.3387677463405554,2.0163108795195983,4.142306191458899,2.054398571933429,0.31268470449932817,5910
130,4.551936234880532,-29.027563583530483,0.06105092386500725,0.38880356822455114,-24.025772856560394,-29.027563583530483,nan,0.025225995428494425,0.035824928436512804,4.546585526537164,-28.96870953809013,0.06116324254126864,0.3900486793088429,-23.970912089702853,-28.96870953809013,nan,79.12200963498522,0.9693601039527643,0.0,1.918769077174791,81.62292765335506,46.0,46.0,,0.0002851024636027775,,,,,,,2.8142533171533817,,0,1.4325513777115313,3.9822381069942425,inf,-inf,-0.20015039712239072,0.12931301385522437,-0.15330900749359955,0.1245100924084768,inf,-inf,2.594666873468232,0.20738012423559152,0.20738012423559152,0.20738012423559152,784,2.9305959467324807,1.6754183030448766,2.1281403596927317,,,-1.5195979389454968,2.8558583554346697,0.3924415229800586,2.7798221892437662,0.44401701724902787,0.0,0.0,2.9347413098024075,2.9922457252946657,0.3299845212553541,1.8858787182766241,3.951320464825074,2.095214515404212,0.3212284941696172,5910
131,4.5104783068027485,-29.042721205085808,0.06123264788119331,0.3876354773275634,-24.0833747730743,-29.042721205085808,nan,0.025574587316708336,0.035658060564484964,4.546585526537164,-28.96870953809013,0.06116324254126864,0.3900486793088429,-23.970912089702853,-28.96870953809013,nan,69.35128598058404,0.9553602026126131,0.0,1.8885205737308464,72.59176778656871,46.0,46.0,,0.00028487820523471477,,,,,,,2.8142533171533817,,0,1.4325513777115313,3.9822381069942425,inf,-inf,-0.2004357510812138,0.12056532709474749,-0.1544925666788424,0.1302076054756555,inf,-inf,2.5975887608695984,0.2076009776429079,0.2076009776429079,0.2076009776429079,784,2.9305959467324807,1.6754183030448766,2.1281403596927317,,,-1.5195979389454968,2.8558583554346697,0.3924415229800586,2.7798221892437662,0.44401701724902787,0.0,0.0,2.9347413098024075,2.9922457252946657,0.3299845212553541,1.8858787182766241,3.951320464825074,2.095214515404212,0.3212284941696172,5910
132,4.466176613312659,-29.044074008723555,0.06148662422557978,0.37523233717576515,-24.14117843400955,-29.044074008723555,nan,0.02592575074331576,0.03556087348226401,4.546585526537164,-28.96870953809013,0.06116324254126864,0.3900486793088429,-23.970912089702853,-28.96870953809013,nan,67.56184437585871,0.9402864334573762,0.0,1.8774321600610961,71.85240791727465,46.0,46.0,,0.0002846523643417083,,,,,,,2.8142533171533817,,0,1.4325513777115313,3.9822381069942425,inf,-inf,-0.19943267404245124,0.15347595768539762,-0.14821583794908827,0.12513330363101433,inf,-inf,2.5990337411168984,0.20783154705999018,0.20783154705999018,0.20783154705999018,784,2.9305959467324807,1.6754183030448766,2.1281403596927317,,,-1.5195979389454968,2.8558583554346697,0.3924415229800586,2.7798221892437662,0.44401701724902787,0.0,0.0,2.9347413098024075,2.9922457252946657,0.3299845212553541,1.8858787182766241,3.951320464825074,2.095214515404212,0.3212284941696172,5910
133,4.442543234421455,-29.052975552737088,0.061840924812669645,0.3731390496633763,-24.175452343839584,-29.052975552737088,nan,0.026276872511073964,0.03556405230159567,4.546585526537164,-28.96870953809013,0.06116324254126864,0.3900486793088429,-23.970912089702853,-28.96870953809013,nan,72.37711256370194,0.9601241241836653,0.0,1.867972705410876,75.38307885476762,46.0,46.0,,0.00028442494367555813,,,,,,,2.8142533171533817,,0,1.4325513777115313,3.9822381069942425,inf,-inf,-0.19743500838803515,0.13232699450954394,-0.15024463272960661,0.14112400636581554,inf,-inf,2.600517907018776,0.2079919427228697,0.2079919427228697,0.2079919427228697,784,2.9305959467324807,1.6754183030448766,2.1281403596927317,,,-1.5195979389454968,2.8558583554346697,0.3924415229800586,2.7798221892437662,0.44401701724902787,0.0,0.0,2.9347413098024075,2.9922457252946657,0.3299845212553541,1.8858787182766241,3.951320464825074,2.095214515404212,0.3212284941696172,5910
134,4.415866742473647,-29.054555604760047,0.06213400259421981,0.3676844670025567,-24.208870392689622,-29.054555604760047,nan,0.026629750193304963,0.03550425240091484,4.546585526537164,-28.96870953809013,0.06116324254126864,0.3900486793088429,-23.970912089702853,-28.96870953809013,nan,84.9443704951081,0.9488735606313243,0.0,1.8545677028748917,89.52127450847208,46.0,46.0,,0.00028419594600731323,,,,,,,2.8142533171533817,,0,1.4325513777115313,3.9822381069942425,inf,-inf,-0.19917374700877558,0.16766920299475038,-0.14522054881503824,0.11313363402661147,inf,-inf,2.6026243803684537,0.2082879888994527,0.2082879888994527,0.2082879888994527,784,2.9305959467324807,1.6754183030448766,2.1281403596927317,,,-1.5195979389454968,2.8558583554346697,0.3924415229800586,2.7798221892437662,0.44401701724902787,0.0,0.0,2.9347413098024075,2.9922457252946657,0.3299845212553541,1.8858787182766241,3.951320464825074,2.095214515404212,0.3212284941696172,5910
135,4.3809047001446375,-29.075107570084725,0.06238328489025477,0.36469494673651365,-24.26712463831332,-29.075107570084725,nan,0.02698842133200898,0.035394863558245795,4.380773447514402,-28.96929612720868,0.06255409215121138,0.32775328774570245,-24.198215299797365,-28.96929612720868,nan,66.6568508171542,0.8991073396001884,0.0,1.8175739452948247,74.1366996812582,46.0,46.0,,0.00028396537412723804,,,,,,,2.6586704705559874,,0,1.325976697718971,3.807781264717569,inf,-inf,-0.19962982335710663,0.1458778353169431,-0.14793856466302946,0.12936698499379748,inf,-inf,2.6046628859527785,0.2084383372588619,0.2084383372588619,0.2084383372588619,784,2.9032144158550044,1.6654968271141883,2.1244202412144433,,,-1.5724188901280989,2.6991858547291203,0.38232971606769317,2.871680378145374,0.4581361007052409,0.0,0.0,2.7778150030767694,2.834333084396004,0.32146458066891,1.765221450861071,3.764646068615807,2.1326763657780283,0.3289249561429765,5910
136,4.362698748833139,-29.082523559257375,0.06262992255140178,0.35683788729632165,-24.30035700057651,-29.082523559257375,nan,0.0273434258846101,0.035286496666791685,4.380773447514402,-28.96929612720868,0.06255409215121138,0.32775328774570245,-24.198215299797365,-28.96929612720868,nan,78.37201912329168,0.8967384875628907,0.0,1.801753459525672,87.39673852550601,46.0,46.0,,0.00028373323084477807,,,,,,,2.6586704705559874,,0,1.325976697718971,3.807781264717569,inf,-inf,-0.20117926775603745,0.11581539993798111,-0.1471947281380264,0.1299433569121041,inf,-inf,2.606409793133924,0.20869258127865786,0.20869258127865786,0.20869258127865786,784,2.9032144158550044,1.6654968271141883,2.1244202412144433,,,-1.5724188901280989,2.6991858547291203,0.38232971606769317,2.871680378145374,0.4581361007052409,0.0,0.0,2.7778150030767694,2.834333084396004,0.32146458066891,1.765221450861071,3.764646068615807,2.1326763657780283,0.3289249561429765,5910
137,4.307908937499089,-29.08732706886557,0.06292178434064989,0.3500766182041334,-24.366419728821697,-29.08732706886557,nan,0.027699967395365878,0.03522181694528399,4.380773447514402,-28.96929612720868,0.06255409215121138,0.32775328774570245,-24.198215299797365,-28.96929612720868,nan,63.70143122921784,0.8968734580662926,0.0,1.791589680486366,71.02610814970659,46.0,46.0,,0.00028349951898852603,,,,,,,2.6586704705559874,,0,1.325976697718971,3.807781264717569,inf,-inf,-0.19700684572914817,0.1400651059821067,-0.1442225160317172,0.1468064537983052,inf,-inf,2.6082076941724623,0.20877317843750484,0.20877317843750484,0.20877317843750484,784,2.9032144158550044,1.6654968271141883,2.1244202412144433,,,-1.5724188901280989,2.6991858547291203,0.38232971606769317,2.871680378145374,0.4581361007052409,0.0,0.0,2.7778150030767694,2.834333084396004,0.32146458066891,1.765221450861071,3.764646068615807,2.1326763657780283,0.3289249561429765,5910
138,4.311462504982472,-29.08874004781584,0.06322271540806194,0.34346315831906543,-24.37059166910624,-29.08874004781584,nan,0.028057550620506064,0.035165164787555894,4.380773447514402,-28.96929612720868,0.06255409215121138,0.32775328774570245,-24.198215299797365,-28.96929612720868,nan,85.39456855884573,0.8999527700506904,0.0,1.7860434948059207,94.8878334515664,46.0,46.0,,0.00028326424140618706,,,,,,,2.6586704705559874,,0,1.325976697718971,3.807781264717569,inf,-inf,-0.1994212882559016,0.12680070793792994,-0.14781555572721253,0.13120632645492844,inf,-inf,2.609624168000138,0.2091121338820171,0.2091121338820171,0.2091121338820171,784,2.9032144158550044,1.6654968271141883,2.1244202412144433,,,-1.5724188901280989,2.6991858547291203,0.38232971606769317,2.871680378145374,0.4581361007052409,0.0,0.0,2.7778150030767694,2.834333084396004,0.32146458066891,1.765221450861071,3.764646068615807,2.1326763657780283,0.3289249561429765,5910
139,4.272910742795372,-29.109432360249496,0.06346966322932865,0.3422861878293971,-24.4307657663954,-29.109432360249496,nan,0.028420796227055064,0.03504886700227359,4.380773447514402,-28.96929612720868,0.06255409215121138,0.32775328774570245,-24.198215299797365,-28.96929612720868,nan,71.10730650213306,0.852765015094329,0.0,1.7419819577951088,83.38440865127129,46.0,46.0,,0.0002830274009645443,,,,,,,2.6586704705559874,,0,1.325976697718971,3.807781264717569,inf,-inf,-0.19537661449399485,0.130946425448615,-0.14185188626444378,0.12880208637329588,inf,-inf,2.6118034837144473,0.20929381501352207,0.20929381501352207,0.20929381501352207,784,2.9032144158550044,1.6654968271141883,2.1244202412144433,,,-1.5724188901280989,2.6991858547291203,0.38232971606769317,2.871680378145374,0.4581361007052409,0.0,0.0,2.7778150030767694,2.834333084396004,0.32146458066891,1.765221450861071,3.764646068615807,2.1326763657780283,0.3289249561429765,5910
140,4.235052820173036,-29.111378095873825,0.06369601535784136,0.33660620271276853,-24.47602305763018,-29.111378095873825,nan,0.02877766909015322,0.03491834626768815,4.242718644534709,-29.03594201839269,0.06396447154570609,0.3293835750267287,-24.399875327285546,-29.03594201839269,nan,66.27474860415137,0.8593100566646669,0.0,1.7364004094286978,77.12553587629444,46.0,46.0,,0.00028278900054942377,,,,,,,2.5139529939818477,,0,1.2291221737067646,3.6328159311374733,inf,-inf,-0.1950999127599127,0.11972105095333394,-0.14143888349281064,0.12417399550791584,inf,-inf,2.612322381059117,0.20947688890502653,0.20947688890502653,0.20947688890502653,784,2.875131304671779,1.655373933273773,2.1222965049501914,,,-1.6242805650821948,2.5530439055282037,0.3722073358728816,2.9556182524815187,0.4706483398895458,0.0,0.0,2.6314879411903527,2.6853152138434915,0.3133895306276262,1.6545197696947593,3.5794928764320897,2.1634633456767136,0.3351495415938178,5910
141,4.180832808826781,-29.118789673897624,0.06406418849812594,0.32884668962399705,-24.54504598694872,-29.118789673897624,nan,0.029142092291376855,0.034922096206749104,4.242718644534709,-29.03594201839269,0.06396447154570609,0.3293835750267287,-24.399875327285546,-29.03594201839269,nan,65.77826111826515,0.8458263048174842,0.0,1.722704702423032,77.76804852677057,46.0,46.0,,0.00028254904306565927,,,,,,,2.5139529939818477,,0,1.2291221737067646,3.6328159311374733,inf,-inf,-0.19394845729584725,0.11611253651827831,-0.14159638588388052,0.13136894747834169,inf,-inf,2.615627454531498,0.20973737573102416,0.20973737573102416,0.20973737573102416,784,2.875131304671779,1.655373933273773,2.1222965049501914,,,-1.6242805650821948,2.5530439055282037,0.3722073358728816,2.9556182524815187,0.4706483398895458,0.0,0.0,2.6314879411903527,2.6853152138434915,0.3133895306276262,1.6545197696947593,3.5794928764320897,2.1634633456767136,0.3351495415938178,5910
142,4.177041433772763,-29.12710124114194,0.06430763027461485,0.32723161363494485,-24.55852056345962,-29.12710124114194,nan,0.02950399633236276,0.03480363394225211,4.242718644534709,-29.03594201839269,0.06396447154570609,0.3293835750267287,-24.399875327285546,-29.03594201839269,nan,72.18386872810571,0.8289039680814109,0.0,1.7025001745534032,87.08351209270138,46.0,46.0,,0.00028230753143705705,,,,,,,2.5139529939818477,,0,1.2291221737067646,3.6328159311374733,inf,-inf,-0.19625515901513077,0.1092228385828785,-0.13699117030679514,0.10800494724453111,inf,-inf,2.6172241347188274,0.2100004896206585,0.2100004896206585,0.2100004896206585,784,2.875131304671779,1.655373933273773,2.1222965049501914,,,-1.6242805650821948,2.5530439055282037,0.3722073358728816,2.9556182524815187,0.4706483398895458,0.0,0.0,2.6314879411903527,2.6853152138434915,0.3133895306276262,1.6545197696947593,3.5794928764320897,2.1634633456767136,0.3351495415938178,5910
143,4.149455980317106,-29.137073027650214,0.06456923525787757,0.31977964728722796,-24.603268164788002,-29.137073027650214,nan,0.029870667571295605,0.034698567686581964,4.242718644534709,-29.03594201839269,0.06396447154570609,0.3293835750267287,-24.399875327285546,-29.03594201839269,nan,63.14715887621497,0.8155072409462162,0.0,1.6783633588881643,77.4329836764498,46.0,46.0,,0.0002820644686063601,,,,,,,2.5139529939818477,,0,1.2291221737067646,3.6328159311374733,inf,-inf,-0.18641684587280036,0.12328166935610688,-0.13946273463714384,0.1295798713360349,inf,-inf,2.6194828304724744,0.21021448546780322,0.21021448546780322,0.21021448546780322,784,2.875131304671779,1.655373933273773,2.1222965049501914,,,-1.6242805650821948,2.5530439055282037,0.3722073358728816,2.9556182524815187,0.4706483398895458,0.0,0.0,2.6314879411903527,2.6853152138434915,0.3133895306276262,1.6545197696947593,3.5794928764320897,2.1634633456767136,0.3351495415938178,5910
144,4.1113883087084595,-29.143440387266477,0.06485573914258441,0.3151368459283436,-24.65205949348709,-29.143440387266477,nan,0.03023725098336622,0.03461848815921819,4.242718644534709,-29.03594201839269,0.06396447154570609,0.3293835750267287,-24.399875327285546,-29.03594201839269,nan,63.57531880041628,0.8158908124026659,0.0,1.6675025943170443,77.9213564290512,46.0,46.0,,0.0002818198575352123,,,,,,,2.5139529939818477,,0,1.2291221737067646,3.6328159311374733,inf,-inf,-0.18891201019825027,0.12941218425941348,-0.13843206351057658,0.12766141358739436,inf,-inf,2.622167277833577,0.21038657165952607,0.21038657165952607,0.21038657165952607,784,2.875131304671779,1.655373933273773,2.1222965049501914,,,-1.6242805650821948,2.5530439055282037,0.3722073358728816,2.9556182524815187,0.4706483398895458,0.0,0.0,2.6314879411903527,2.6853152138434915,0.3133895306276262,1.6545197696947593,3.5794928764320897,2.1634633456767136,0.3351495415938178,5910
145,4.106114259911546,-29.1405617951456,0.06511812368899103,0.3121793636930018,-24.657150047852063,-29.1405617951456,nan,0.03060579389418888,0.03451232979480214,4.102964723317569,-29.094434466576836,0.06534712853244906,0.31514974985843885,-24.61097286486838,-29.094434466576836,nan,70.72158243864462,0.8122844789314966,0.0,1.6720677699911621,87.06504220254696,46.0,46.0,,0.0002815737012041223,,,,,,,2.3784721961671873,,0,1.142235970166385,3.4671146233910703,inf,-inf,-0.18887865261653203,0.14200515066744918,-0.13697303367773012,0.12104012664657383,inf,-inf,2.6252757809488587,0.21073227431704675,0.21073227431704675,0.21073227431704675,784,2.845985538738407,1.6450013176716682,2.1181841608038883,,,-1.6755090978096152,2.414900651351712,0.3620021954206637,3.035375101071305,0.48221236732542294,0.0,0.0,2.494241457430055,2.5458382228329546,0.3054027406452022,1.5529382336195627,3.3972132195307307,2.1876035672150094,0.33996862288532703,5910
146,4.055184472875345,-29.162215256536427,0.06542741608496329,0.31111871224594545,-24.730484655330173,-29.162215256536427,nan,0.030979084699235077,0.034448331385728184,4.102964723317569,-29.094434466576836,0.06534712853244906,0.31514974985843885,-24.61097286486838,-29.094434466576836,nan,62.05135197434033,0.7930948295469673,0.0,1.6301227060019787,78.23951142108112,46.0,46.0,,0.00028132600261242735,,,,,,,2.3784721961671873,,0,1.142235970166385,3.4671146233910703,inf,-inf,-0.184022591342368,0.1177908181937685,-0.13505693899316798,0.11201956591184417,inf,-inf,2.627321242331466,0.21085795459428425,0.21085795459428425,0.21085795459428425,784,2.845985538738407,1.6450013176716682,2.1181841608038883,,,-1.6755090978096152,2.414900651351712,0.3620021954206637,3.035375101071305,0.48221236732542294,0.0,0.0,2.494241457430055,2.5458382228329546,0.3054027406452022,1.5529382336195627,3.3972132195307307,2.1876035672150094,0.33996862288532703,5910
147,4.043840183741989,-29.174798833165976,0.06568239440258569,0.30512863966376713,-24.760147615357635,-29.174798833165976,nan,0.03134842341658889,0.03433397098599679,4.102964723317569,-29.094434466576836,0.06534712853244906,0.31514974985843885,-24.61097286486838,-29.094434466576836,nan,59.92402462828547,0.7621241283039213,0.0,1.5971554885706054,78.62764397926115,46.0,46.0,,0.0002810767647782567,,,,,,,2.3784721961671873,,0,1.142235970166385,3.4671146233910703,inf,-inf,-0.182352957752088,0.11254330245601792,-0.13349602574636768,0.11418887767645407,inf,-inf,2.6294594941341303,0.21115626390064698,0.21115626390064698,0.21115626390064698,784,2.845985538738407,1.6450013176716682,2.1181841608038883,,,-1.6755090978096152,2.414900651351712,0.3620021954206637,3.035375101071305,0.48221236732542294,0.0,0.0,2.494241457430055,2.5458382228329546,0.3054027406452022,1.5529382336195627,3.3972132195307307,2.1876035672150094,0.33996862288532703,5910
148,4.0290248179363575,-29.17377872871685,0.06600121875785421,0.2975119283995271,-24.781240763623114,-29.17377872871685,nan,0.031717155305430664,0.03428406345242355,4.102964723317569,-29.094434466576836,0.06534712853244906,0.31514974985843885,-24.61097286486838,-29.094434466576836,nan,68.67050378297506,0.7742975227262974,0.0,1.6065884834622175,88.6874899730876,46.0,46.0,,0.00028082599073849456,,,,,,,2.3784721961671873,,0,1.142235970166385,3.4671146233910703,inf,-inf,-0.182084535460345,0.1374003790440693,-0.13579352957612723,0.12238543522933011,inf,-inf,2.6332736902338882,0.21159595016096988,0.21159595016096988,0.21159595016096988,784,2.845985538738407,1.6450013176716682,2.1181841608038883,,,-1.6755090978096152,2.414900651351712,0.3620021954206637,3.035375101071305,0.48221236732542294,0.0,0.0,2.494241457430055,2.5458382228329546,0.3054027406452022,1.5529382336195627,3.3972132195307307,2.1876035672150094,0.33996862288532703,5910
149,4.019655712985819,-29.17912377047152,0.06633191274948178,0.29707509682196864,-24.79606104791425,-29.17912377047152,nan,0.032091794451858204,0.03424011829762359,4.102964723317569,-29.094434466576836,0.06534712853244906,0.31514974985843885,-24.61097286486838,-29.094434466576836,nan,73.98179267702233,0.761209191516425,0.0,1.584861068358884,97.18983099723381,46.0,46.0,,0.0002805736835487436,,,,,,,2.3784721961671873,,0,1.142235970166385,3.4671146233910703,inf,-inf,-0.1843292504038211,0.1419769202024688,-0.13367884607008282,0.12457184976266755,inf,-inf,2.6376742587410797,0.21187879078389174,0.21187879078389174,0.21187879078389174,784,2.845985538738407,1.6450013176716682,2.1181841608038883,,,-1.6755090978096152,2.414900651351712,0.3620021954206637,3.035375101071305,0.48221236732542294,0.0,0.0,2.494241457430055,2.5458382228329546,0.3054027406452022,1.5529382336195627,3.3972132195307307,2.1876035672150094,0.33996862288532703,5910
150,3.9743728481942053,-29.189188154814474,0.06658892913851483,0.29409261022469946,-24.854133767257053,-29.189188154814474,nan,0.03246475277549966,0.034124176363015166,3.9656761546601342,-29.134292691416256,0.06679984340006744,0.29089738736102744,-24.81091930599503,-29.134292691416256,nan,59.05212855173113,0.7404546007066294,0.0,1.5622027576385242,79.75118055229396,46.0,46.0,,0.00028031984628328717,,,,,,,2.2523363914920314,,0,1.0629066480691254,3.3104551546397296,inf,-inf,-0.1813856066477023,0.09621512389564381,-0.13219263324821665,0.11982047442521482,inf,-inf,2.641310766427181,0.21232585710863572,0.21232585710863572,0.21232585710863572,784,2.816285100071781,1.6344661232719635,2.115381724210607,,,-1.7257905156509745,2.286792018131224,0.3519458484319868,3.114530481725274,0.4933925856453196,0.0,0.0,2.366207266557959,2.4143792910399693,0.2976943119034506,1.4484581779781187,3.21633019236502,2.2205198888480493,0.34645466743461084,5910
151,3.927153554543245,-29.198674153191856,0.06687004885368497,0.2867427147239049,-24.917907835071023,-29.198674153191856,nan,0.03283911586876164,0.034030932984923344,3.9656761546601342,-29.134292691416256,0.06679984340006744,0.29089738736102744,-24.81091930599503,-29.134292691416256,nan,60.87962842255112,0.724353793653325,0.0,1.544468692556115,84.04681380282527,46.0,46.0,,0.0002800644820350523,,,,,,,2.2523363914920314,,0,1.0629066480691254,3.3104551546397296,inf,-inf,-0.17852602558231515,0.12290547682945639,-0.1312647414780427,0.12372159381387578,inf,-inf,2.647158104590232,0.2126503773519602,0.2126503773519602,0.2126503773519602,784,2.816285100071781,1.6344661232719635,2.115381724210607,,,-1.7257905156509745,2.286792018131224,0.3519458484319868,3.114530481725274,0.4933925856453196,0.0,0.0,2.366207266557959,2.4143792910399693,0.2976943119034506,1.4484581779781187,3.21633019236502,2.2205198888480493,0.34645466743461084,5910
152,3.899779622649215,-29.20726670588312,0.06718199619320524,0.2847086926129374,-24.95559639442776,-29.20726670588312,nan,0.033214158226450005,0.033967837966755246,3.9656761546601342,-29.134292691416256,0.06679984340006744,0.29089738736102744,-24.81091930599503,-29.134292691416256,nan,62.104743919505225,0.7337614243073552,0.0,1.5272744576501507,84.6388783358704,46.0,46.0,,0.0002798075939155718,,,,,,,2.2523363914920314,,0,1.0629066480691254,3.3104551546397296,inf,-inf,-0.17791707961509742,0.11038057890747525,-0.12830223801590046,0.11208580166825828,inf,-inf,2.6496924604103547,0.21305527626686824,0.21305527626686824,0.21305527626686824,784,2.816285100071781,1.6344661232719635,2.115381724210607,,,-1.7257905156509745,2.286792018131224,0.3519458484319868,3.114530481725274,0.4933925856453196,0.0,0.0,2.366207266557959,2.4143792910399693,0.2976943119034506,1.4484581779781187,3.21633019236502,2.2205198888480493,0.34645466743461084,5910
153,3.898965338868146,-29.21632470416061,0.0674566960020699,0.28057600969217417,-24.96932665959822,-29.21632470416061,nan,0.03358392945122058,0.0338727665508493,3.9656761546601342,-29.134292691416256,0.06679984340006744,0.29089738736102744,-24.81091930599503,-29.134292691416256,nan,59.60376391697352,0.6963324837824822,0.0,1.5061829555099406,85.59670172674628,46.0,46.0,,0.00027954918505494633,,,,,,,2.2523363914920314,,0,1.0629066480691254,3.3104551546397296,inf,-inf,-0.17552174295283518,0.09757562819797568,-0.1281084884189395,0.10952285470208654,inf,-inf,2.656279309121267,0.21323540269485594,0.21323540269485594,0.21323540269485594,784,2.816285100071781,1.6344661232719635,2.115381724210607,,,-1.7257905156509745,2.286792018131224,0.3519458484319868,3.114530481725274,0.4933925856453196,0.0,0.0,2.366207266557959,2.4143792910399693,0.2976943119034506,1.4484581779781187,3.21633019236502,2.2205198888480493,0.34645466743461084,5910
154,3.8852783573611243,-29.2177765245643,0.06775796661815345,0.27683284290921406,-24.98790735767581,-29.2177765245643,nan,0.03396421266817765,0.033793753949975754,3.9656761546601342,-29.134292691416256,0.06679984340006744,0.29089738736102744,-24.81091930599503,-29.134292691416256,nan,63.931846241902846,0.7058825918185413,0.0,1.4977939196484815,90.57008485957616,46.0,46.0,,0.00027928925860180626,,,,,,,2.2523363914920314,,0,1.0629066480691254,3.3104551546397296,inf,-inf,-0.1749062614854285,0.112773085525915,-0.12894747059209632,0.11612954678190911,inf,-inf,2.6607067404466003,0.21377273202536,0.21377273202536,0.21377273202536,784,2.816285100071781,1.6344661232719635,2.115381724210607,,,-1.7257905156509745,2.286792018131224,0.3519458484319868,3.114530481725274,0.4933925856453196,0.0,0.0,2.366207266557959,2.4143792910399693,0.2976943119034506,1.4484581779781187,3.21633019236502,2.2205198888480493,0.34645466743461084,5910
155,3.857290440876188,-29.226468648153375,0.06796252211499379,0.2728392100181701,-25.028376475144025,-29.226468648153375,nan,0.0343435395215372,0.033618982593456595,3.884464734966088,-29.1867210474552,0.06811382938872124,0.2772892058960758,-24.956853277204317,-29.1867210474552,nan,64.00743631390978,0.7076566458904827,0.0,1.4785426329706912,90.44984836306561,46.0,46.0,,0.0002790278177232734,,,,,,,2.1348846951457237,,0,0.9914894799627479,3.158041752894287,inf,-inf,-0.17722967905331805,0.11084260026234152,-0.12660519885464552,0.11216437787513478,inf,-inf,2.666753433699682,0.21390516929568312,0.21390516929568312,0.21390516929568312,784,2.7862895117176114,1.6238536133985773,2.110118484906236,,,-1.7751247282346232,2.167055304641411,0.34206661395565985,3.1851490275145835,0.5031297570208517,0.0,0.0,2.2469969101157288,2.2917254650177323,0.290381618282288,1.3369812354891297,3.039796605561923,2.2736269776066265,0.35671921371331333,5910
156,3.846303495640055,-29.23314530841925,0.06820076790928523,0.2680752696642473,-25.050565775205662,-29.23314530841925,nan,0.034721877643957406,0.03347889026532787,3.884464734966088,-29.1867210474552,0.06811382938872124,0.2772892058960758,-24.956853277204317,-29.1867210474552,nan,59.625050164418525,0.6854633000941107,0.0,1.468202996599322,86.9850364800454,46.0,46.0,,0.0002787648656049224,,,,,,,2.1348846951457237,,0,0.9914894799627479,3.158041752894287,inf,-inf,-0.17742759087155813,0.11525729240295136,-0.12456142882009204,0.11578355747884117,inf,-inf,2.6692445989285076,0.21441490226564855,0.21441490226564855,0.21441490226564855,784,2.7862895117176114,1.6238536133985773,2.110118484906236,,,-1.7751247282346232,2.167055304641411,0.34206661395565985,3.1851490275145835,0.5031297570208517,0.0,0.0,2.2469969101157288,2.2917254650177323,0.290381618282288,1.3369812354891297,3.039796605561923,2.2736269776066265,0.35671921371331333,5910
157,3.809062600524958,-29.24329886221645,0.0685691916489382,0.2670053337503291,-25.098661736292225,-29.24329886221645,nan,0.0351013611851061,0.03346783046383209,3.884464734966088,-29.1867210474552,0.06811382938872124,0.2772892058960758,-24.956853277204317,-29.1867210474552,nan,60.48336291225827,0.676288117587244,0.0,1.4468204475881017,89.43431259452176,46.0,46.0,,0.0002785004054507418,,,,,,,2.1348846951457237,,0,0.9914894799627479,3.158041752894287,inf,-inf,-0.17209009717619808,0.10095937750384562,-0.12627807352192638,0.11423613888855362,inf,-inf,2.6772091556321964,0.21473442826265332,0.21473442826265332,0.21473442826265332,784,2.7862895117176114,1.6238536133985773,2.110118484906236,,,-1.7751247282346232,2.167055304641411,0.34206661395565985,3.1851490275145835,0.5031297570208517,0.0,0.0,2.2469969101157288,2.2917254650177323,0.290381618282288,1.3369812354891297,3.039796605561923,2.2736269776066265,0.35671921371331333,5910
158,3.7937051512732123,-29.24379577126556,0.06877866682362246,0.2599301089104101,-25.121381844258316,-29.24379577126556,nan,0.03548668536682407,0.03329198145679838,3.884464734966088,-29.1867210474552,0.06811382938872124,0.2772892058960758,-24.956853277204317,-29.1867210474552,nan,72.14374114614891,0.6680680056541479,0.0,1.4370874502415016,107.98861872678422,46.0,46.0,,0.0002782344404830952,,,,,,,2.1348846951457237,,0,0.9914894799627479,3.158041752894287,inf,-inf,-0.17371001985400633,0.11477546481144033,-0.1267508862774029,0.11714246495870502,inf,-inf,2.6797585462760147,0.2153571343088448,0.2153571343088448,0.2153571343088448,784,2.7862895117176114,1.6238536133985773,2.110118484906236,,,-1.7751247282346232,2.167055304641411,0.34206661395565985,3.1851490275145835,0.5031297570208517,0.0,0.0,2.2469969101157288,2.2917254650177323,0.290381618282288,1.3369812354891297,3.039796605561923,2.2736269776066265,0.35671921371331333,5910
159,3.763899353673616,-29.254496798736557,0.06903818939819892,0.256734792613818,-25.164824463050923,-29.254496798736557,nan,0.03586636710154181,0.03317182229665712,3.884464734966088,-29.1867210474552,0.06811382938872124,0.2772892058960758,-24.956853277204317,-29.1867210474552,nan,58.36628499757782,0.6641546240161174,0.0,1.4139141416847123,87.88056709541394,46.0,46.0,,0.00027796697394268165,,,,,,,2.1348846951457237,,0,0.9914894799627479,3.158041752894287,inf,-inf,-0.17271648366767503,0.1063245601606962,-0.12207018134832111,0.14002924150346047,inf,-inf,2.6862557123650994,0.21566195866548882,0.21566195866548882,0.21566195866548882,784,2.7862895117176114,1.6238536133985773,2.110118484906236,,,-1.7751247282346232,2.167055304641411,0.34206661395565985,3.1851490275145835,0.5031297570208517,0.0,0.0,2.2469969101157288,2.2917254650177323,0.290381618282288,1.3369812354891297,3.039796605561923,2.2736269776066265,0.35671921371331333,5910
160,3.7388600779303602,-29.259056520093885,0.06935734705778229,0.2527311206588506,-25.19810797444689,-29.259056520093885,nan,0.036253989251166734,0.03310335780661557,3.768169008857492,-29.199333695836515,0.06954818519650163,0.2380882689639539,-25.12352823281857,-29.199333695836515,nan,65.76388908757335,0.6467995868624501,0.0,1.404206022628118,101.6758365703144,46.0,46.0,,0.0002776980090884967,,,,,,,2.0247408006890932,,0,0.9260816291838135,3.0164560457559753,inf,-inf,-0.17280354469204623,0.1014269134114418,-0.1195455109336607,0.13184099350592704,inf,-inf,2.6922282297858855,0.2160865752929959,0.2160865752929959,0.2160865752929959,784,2.755339712098423,1.6130071036016433,2.1074302562135574,,,-1.8238552167587854,2.054753715089884,0.332331220951874,3.2572247960630403,0.5128477322586976,0.0,0.0,2.1350150253284235,2.177278660322701,0.28325114780867455,1.2319341292261654,2.8713785383724413,2.330789017247283,0.367502963013385,5910
161,3.7232298365109986,-29.26659988999744,0.06955930238879808,0.25139832480393753,-25.222412426293708,-29.26659988999744,nan,0.036631943761411635,0.032927358627386466,3.768169008857492,-29.199333695836515,0.06954818519650163,0.2380882689639539,-25.12352823281857,-29.199333695836515,nan,62.01138471881391,0.6410504619849339,0.0,1.3888172064936735,96.73401455293127,46.0,46.0,,0.00027742754919779213,,,,,,,2.0247408006890932,,0,0.9260816291838135,3.0164560457559753,inf,-inf,-0.1680298076800083,0.10404998962500092,-0.1257001625779615,0.1543722177281369,inf,-inf,2.6959174318243293,0.21653692782983788,0.21653692782983788,0.21653692782983788,784,2.755339712098423,1.6130071036016433,2.1074302562135574,,,-1.8238552167587854,2.054753715089884,0.332331220951874,3.2572247960630403,0.5128477322586976,0.0,0.0,2.1350150253284235,2.177278660322701,0.28325114780867455,1.2319341292261654,2.8713785383724413,2.330789017247283,0.367502963013385,5910
162,3.6880271492425942,-29.280505264728895,0.06989325623946689,0.2497160463361204,-25.272868812910712,-29.280505264728895,nan,0.03701873511262327,0.03287452112684363,3.768169008857492,-29.199333695836515,0.06954818519650163,0.2380882689639539,-25.12352823281857,-29.199333695836515,nan,59.01042183359807,0.6312700721784631,0.0,1.3618038809251132,93.47888397426757,46.0,46.0,,0.0002771555975660363,,,,,,,2.0247408006890932,,0,0.9260816291838135,3.0164560457559753,inf,-inf,-0.169318027513709,0.10425712808006934,-0.13408474535220916,0.1355013442651449,inf,-inf,2.7031785356064333,0.21694199309512072,0.21694199309512072,0.21694199309512072,784,2.755339712098423,1.6130071036016433,2.1074302562135574,,,-1.8238552167587854,2.054753715089884,0.332331220951874,3.2572247960630403,0.5128477322586976,0.0,0.0,2.1350150253284235,2.177278660322701,0.28325114780867455,1.2319341292261654,2.8713785383724413,2.330789017247283,0.367502963013385,5910
163,3.6727817167613326,-29.285662036014298,0.07016445161501184,0.24634452420778102,-25.296371343430174,-29.285662036014298,nan,0.037403614464238046,0.032760837150773804,3.768169008857492,-29.199333695836515,0.06954818519650163,0.2380882689639539,-25.12352823281857,-29.199333695836515,nan,59.63514073489978,0.635360228745281,0.0,1.343533480680756,93.86036147189786,46.0,46.0,,0.0002768821575068742,,,,,,,2.0247408006890932,,0,0.9260816291838135,3.0164560457559753,inf,-inf,-0.16766620813413585,0.10150341248547648,-0.12121492412110116,0.1505329876195197,inf,-inf,2.7079411685022703,0.21757691384054162,0.21757691384054162,0.21757691384054162,784,2.755339712098423,1.6130071036016433,2.1074302562135574,,,-1.8238552167587854,2.054753715089884,0.332331220951874,3.2572247960630403,0.5128477322586976,0.0,0.0,2.1350150253284235,2.177278660322701,0.28325114780867455,1.2319341292261654,2.8713785383724413,2.330789017247283,0.367502963013385,5910
164,3.6629746581581344,-29.287804986086886,0.07041525061131368,0.23806141981855905,-25.316353657498876,-29.287804986086886,nan,0.037787401788815976,0.032627848822497696,3.768169008857492,-29.199333695836515,0.06954818519650163,0.2380882689639539,-25.12352823281857,-29.199333695836515,nan,65.39732534432241,0.6122745879370128,0.0,1.3373547640953876,106.81045176914985,46.0,46.0,,0.0002766072323520864,,,,,,,2.0247408006890932,,0,0.9260816291838135,3.0164560457559753,inf,-inf,-0.17225446652875953,0.11003426492993189,-0.12449787923335306,0.1359867244642704,inf,-inf,2.71545412260035,0.21779466178266138,0.21779466178266138,0.21779466178266138,784,2.755339712098423,1.6130071036016433,2.1074302562135574,,,-1.8238552167587854,2.054753715089884,0.332331220951874,3.2572247960630403,0.5128477322586976,0.0,0.0,2.1350150253284235,2.177278660322701,0.28325114780867455,1.2319341292261654,2.8713785383724413,2.330789017247283,0.367502963013385,5910
165,3.6378864084980114,-29.300167080865926,0.07070966990423744,0.2378118104481002,-25.353759192015577,-29.300167080865926,nan,0.03817406552080203,0.03253560438343543,3.654917828032337,-29.24066295512398,0.07091383837524633,0.22503480802715697,-25.289796480689237,-29.24066295512398,nan,58.4373135104535,0.5990507228083348,0.0,1.314501443083093,97.54985894433251,46.0,46.0,,0.0002763308254515493,,,,,,,1.9223158479484754,,0,0.8680307321707514,2.8826954918595145,inf,-inf,-0.16548275696750006,0.1081410937748509,-0.1327747758587423,0.1286955157697299,inf,-inf,2.721505253156532,0.21826417138679147,0.21826417138679147,0.21826417138679147,784,2.724577577622642,1.6021584317303077,2.103458010776554,,,-1.8715303930799059,1.9501361497187646,0.3229294066920673,3.3209601745902884,0.5212636675106452,0.0,0.0,2.0308245687291766,2.070805226749963,0.27639237885023415,1.138463250158525,2.729872801375373,2.3978576392301223,0.37982339547172056,5910
166,3.6292608930375807,-29.301525436594687,0.07096783884481621,0.232429645094199,-25.36886705961809,-29.301525436594687,nan,0.038561795197142354,0.03240604364767388,3.654917828032337,-29.24066295512398,0.07091383837524633,0.22503480802715697,-25.289796480689237,-29.24066295512398,nan,69.69892608575842,0.593005972139666,0.0,1.30418851917668,117.53494797745945,46.0,46.0,,0.00027605294017319385,,,,,,,1.9223158479484754,,0,0.8680307321707514,2.8826954918595145,inf,-inf,-0.16507889491706818,0.11262163640102844,-0.13652592151349727,0.16426583103543183,inf,-inf,2.726845601350666,0.2187466885099319,0.2187466885099319,0.2187466885099319,784,2.724577577622642,1.6021584317303077,2.103458010776554,,,-1.8715303930799059,1.9501361497187646,0.3229294066920673,3.3209601745902884,0.5212636675106452,0.0,0.0,2.0308245687291766,2.070805226749963,0.27639237885023415,1.138463250158525,2.729872801375373,2.3978576392301223,0.37982339547172056,5910
167,3.6071281092960503,-29.310934626220664,0.07126782490429183,0.23262397127215875,-25.399914720748164,-29.310934626220664,nan,0.0389496022977835,0.03231822260650833,3.654917828032337,-29.24066295512398,0.07091383837524633,0.22503480802715697,-25.289796480689237,-29.24066295512398,nan,57.674619845081786,0.5835094937166259,0.0,1.2834593725824957,98.8409279816975,46.0,46.0,,0.00027577357990296434,,,,,,,1.9223158479484754,,0,0.8680307321707514,2.8826954918595145,inf,-inf,-0.16333422420878452,0.10743832366731318,-0.14154227527398147,0.16209721204320068,inf,-inf,2.732253081442664,0.21918372677933534,0.21918372677933534,0.21918372677933534,784,2.724577577622642,1.6021584317303077,2.103458010776554,,,-1.8715303930799059,1.9501361497187646,0.3229294066920673,3.3209601745902884,0.5212636675106452,0.0,0.0,2.0308245687291766,2.070805226749963,0.27639237885023415,1.138463250158525,2.729872801375373,2.3978576392301223,0.37982339547172056,5910
168,3.599447077349241,-29.32213893604436,0.07154115282230405,0.2303680926510483,-25.420782613221768,-29.32213893604436,nan,0.03934131352302201,0.032199839299282045,3.654917828032337,-29.24066295512398,0.07091383837524633,0.22503480802715697,-25.289796480689237,-29.24066295512398,nan,61.83060241776602,0.5826702423809264,0.0,1.2597692924856165,106.11594332518472,46.0,46.0,,0.0002754927480447775,,,,,,,1.9223158479484754,,0,0.8680307321707514,2.8826954918595145,inf,-inf,-0.16381908235336995,0.09929049890724531,-0.12638068558568794,0.1542522549710528,inf,-inf,2.7393049587183977,0.21964465474424535,0.21964465474424535,0.21964465474424535,784,2.724577577622642,1.6021584317303077,2.103458010776554,,,-1.8715303930799059,1.9501361497187646,0.3229294066920673,3.3209601745902884,0.5212636675106452,0.0,0.0,2.0308245687291766,2.070805226749963,0.27639237885023415,1.138463250158525,2.729872801375373,2.3978576392301223,0.37982339547172056,5910
169,3.538449611461479,-29.316228037888674,0.07181247082056137,0.22365322474753324,-25.4823127308591,-29.316228037888674,nan,0.03972210411693022,0.03209036670363115,3.654917828032337,-29.24066295512398,0.07091383837524633,0.22503480802715697,-25.289796480689237,-29.24066295512398,nan,55.78261661925954,0.5833429778477489,0.0,1.2674508487900202,95.62576175180884,46.0,46.0,,0.000275210448020481,,,,,,,1.9223158479484754,,0,0.8680307321707514,2.8826954918595145,inf,-inf,-0.1633250330521928,0.10882793303994427,-0.1345684477647438,0.1617890078236678,inf,-inf,2.7454550459729603,0.22010812089820017,0.22010812089820017,0.22010812089820017,784,2.724577577622642,1.6021584317303077,2.103458010776554,,,-1.8715303930799059,1.9501361497187646,0.3229294066920673,3.3209601745902884,0.5212636675106452,0.0,0.0,2.0308245687291766,2.070805226749963,0.27639237885023415,1.138463250158525,2.729872801375373,2.3978576392301223,0.37982339547172056,5910
170,3.528833823549711,-29.333796405310977,0.0721248472935374,0.2233366189704783,-25.50950111549725,-29.333796405310977,nan,0.04011312159702337,0.03201172569651402,3.556624638083873,-29.23951648344388,0.07233813278802684,0.19394161271128807,-25.41661209986069,-29.23951648344388,nan,59.900375884067856,0.5688773365303436,0.0,1.2340202938015052,105.29576771225936,46.0,46.0,,0.0002749266832698114,,,,,,,1.8265371114531452,,0,0.815327898390867,2.756657768649233,inf,-inf,-0.16081233955916657,0.10784773843993033,-0.13695231533247365,0.16174073877349637,inf,-inf,2.7514092199264666,0.22054057969179697,0.22054057969179697,0.22054057969179697,784,2.693304333849534,1.5911737480773607,2.1024856586830714,,,-1.9184076057769075,1.8525267137635206,0.3137486163824654,3.381041877862611,0.5290505500062335,0.0,0.0,1.933340093505302,1.9702860909458413,0.2699174260278621,1.0539161320896806,2.60645175248934,2.473111164283374,0.39324363797464507,5910
171,3.5248643930027486,-29.33807259279848,0.07236859042446464,0.22023873640650624,-25.52060087296476,-29.33807259279848,nan,0.04050508051611841,0.031863509908346244,3.556624638083873,-29.23951648344388,0.07233813278802684,0.19394161271128807,-25.41661209986069,-29.23951648344388,nan,53.48961208040727,0.5592765879436213,0.0,1.2245972066962527,95.64071379615727,46.0,46.0,,0.0002746414572503527,,,,,,,1.8265371114531452,,0,0.815327898390867,2.756657768649233,inf,-inf,-0.15766833085197143,0.11232550468517401,-0.1381150296204406,0.13455797711204986,inf,-inf,2.759018440560509,0.22084921271234467,0.22084921271234467,0.22084921271234467,784,2.693304333849534,1.5911737480773607,2.1024856586830714,,,-1.9184076057769075,1.8525267137635206,0.3137486163824654,3.381041877862611,0.5290505500062335,0.0,0.0,1.933340093505302,1.9702860909458413,0.2699174260278621,1.0539161320896806,2.60645175248934,2.473111164283374,0.39324363797464507,5910
172,3.5202455585949757,-29.343085481565684,0.07262835084768984,0.21888698146736818,-25.53132459065565,-29.343085481565684,nan,0.04089683676773534,0.03173151407995451,3.556624638083873,-29.23951648344388,0.07233813278802684,0.19394161271128807,-25.41661209986069,-29.23951648344388,nan,61.19188213864125,0.5531731079697478,0.0,1.2106949567024208,110.61977029799456,46.0,46.0,,0.000274354773437494,,,,,,,1.8265371114531452,,0,0.815327898390867,2.756657768649233,inf,-inf,-0.16148351302634636,0.11412750800942308,-0.1298148717544875,0.1445403543113533,inf,-inf,2.762024592858368,0.2212748738025226,0.2212748738025226,0.2212748738025226,784,2.693304333849534,1.5911737480773607,2.1024856586830714,,,-1.9184076057769075,1.8525267137635206,0.3137486163824654,3.381041877862611,0.5290505500062335,0.0,0.0,1.933340093505302,1.9702860909458413,0.2699174260278621,1.0539161320896806,2.60645175248934,2.473111164283374,0.39324363797464507,5910
173,3.4774649577212626,-29.3514551887234,0.07292057550664985,0.2135082233068654,-25.587561432188622,-29.3514551887234,nan,0.04128752141194787,0.031633054094701976,3.556624638083873,-29.23951648344388,0.07233813278802684,0.19394161271128807,-25.41661209986069,-29.23951648344388,nan,53.035884871924694,0.5407965224288152,0.0,1.1943437631210667,98.06994437340485,46.0,46.0,,0.000274066635324387,,,,,,,1.8265371114531452,,0,0.815327898390867,2.756657768649233,inf,-inf,-0.1581502391336193,0.10290683033375554,-0.1417884490221445,0.13648549345352873,inf,-inf,2.7658107895910056,0.22170243417211383,0.22170243417211383,0.22170243417211383,784,2.693304333849534,1.5911737480773607,2.1024856586830714,,,-1.9184076057769075,1.8525267137635206,0.3137486163824654,3.381041877862611,0.5290505500062335,0.0,0.0,1.933340093505302,1.9702860909458413,0.2699174260278621,1.0539161320896806,2.60645175248934,2.473111164283374,0.39324363797464507,5910
174,3.4724418308180467,-29.355696991225713,0.07322305526086521,0.21287998907176373,-25.59715211607504,-29.355696991225713,nan,0.041680684887378236,0.03154237037348694,3.556624638083873,-29.23951648344388,0.07233813278802684,0.19394161271128807,-25.41661209986069,-29.23951648344388,nan,58.99163863275986,0.5328941890739414,0.0,1.1820669073769274,110.70047270598876,46.0,46.0,,0.00027377704642190376,,,,,,,1.8265371114531452,,0,0.815327898390867,2.756657768649233,inf,-inf,-0.15666435934914458,0.1026086839997304,-0.1339338573792185,0.16391163333871098,inf,-inf,2.774619820703819,0.22218078295312502,0.22218078295312502,0.22218078295312502,784,2.693304333849534,1.5911737480773607,2.1024856586830714,,,-1.9184076057769075,1.8525267137635206,0.3137486163824654,3.381041877862611,0.5290505500062335,0.0,0.0,1.933340093505302,1.9702860909458413,0.2699174260278621,1.0539161320896806,2.60645175248934,2.473111164283374,0.39324363797464507,5910
175,3.4760822794110338,-29.361265186919017,0.07346142445170525,0.21282090439457982,-25.5989005786617,-29.361265186919017,nan,0.04207414724704636,0.03138727720465889,3.4592798779166736,-29.306455906602316,0.07365959831458853,0.20320786698024484,-25.57030856339081,-29.306455906602316,nan,65.47990401793223,0.5288273262468716,0.0,1.169805986415508,123.82095396364664,46.0,46.0,,0.00027348601025859354,,,,,,,1.7369067124902504,,0,0.7660362556964092,2.639999961900596,inf,-inf,-0.15671493011130963,0.10966062626571205,-0.1489371134537289,0.13665422399732893,inf,-inf,2.7792101582026145,0.22256565115691204,0.22256565115691204,0.22256565115691204,784,2.6622251072233367,1.5802428433099514,2.1026090790855916,,,-1.9645210386512786,1.7606486034496642,0.3048339823071898,3.4463120280130246,0.5373545957787136,0.0,0.0,1.841937394987372,1.8767679316562305,0.26373077712756937,0.9746428102055195,2.5134337913906335,2.578825560577043,0.4114219661623619,5910
176,3.4462000020219348,-29.36480585446961,0.07372008145712529,0.2065908074605558,-25.63829496352999,-29.36480585446961,nan,0.0424657540544785,0.03125432740264683,3.4592798779166736,-29.306455906602316,0.07365959831458853,0.20320786698024484,-25.57030856339081,-29.306455906602316,nan,53.76465445926156,0.5222042007037425,0.0,1.157547502909407,102.95714662349754,46.0,46.0,,0.00027319353038064026,,,,,,,1.7369067124902504,,0,0.7660362556964092,2.639999961900596,inf,-inf,-0.15945455649081916,0.11625684898576032,-0.1384535884357295,0.14566100738820043,inf,-inf,2.7849531307305355,0.22301124964489322,0.22301124964489322,0.22301124964489322,784,2.6622251072233367,1.5802428433099514,2.1026090790855916,,,-1.9645210386512786,1.7606486034496642,0.3048339823071898,3.4463120280130246,0.5373545957787136,0.0,0.0,1.841937394987372,1.8767679316562305,0.26373077712756937,0.9746428102055195,2.5134337913906335,2.578825560577043,0.4114219661623619,5910
177,3.405960383079144,-29.367230583273567,0.07404199286953919,0.20237664127785593,-25.68485156604703,-29.367230583273567,nan,0.042867964644019964,0.031174028225519217,3.4592798779166736,-29.306455906602316,0.07365959831458853,0.20320786698024484,-25.57030856339081,-29.306455906602316,nan,62.199993409658866,0.5229172223501972,0.0,1.152293159472504,118.94806816671183,46.0,46.0,,0.0002728996103518189,,,,,,,1.7369067124902504,,0,0.7660362556964092,2.639999961900596,inf,-inf,-0.15526358306162674,0.11453554861238542,-0.14210483422110015,0.13523520936828695,inf,-inf,2.7893637192177145,0.22366962174858288,0.22366962174858288,0.22366962174858288,784,2.6622251072233367,1.5802428433099514,2.1026090790855916,,,-1.9645210386512786,1.7606486034496642,0.3048339823071898,3.4463120280130246,0.5373545957787136,0.0,0.0,1.841937394987372,1.8767679316562305,0.26373077712756937,0.9746428102055195,2.5134337913906335,2.578825560577043,0.4114219661623619,5910
178,3.39642192585531,-29.377932256570045,0.07437849433994732,0.2010754542300072,-25.70605638214478,-29.377932256570045,nan,0.04326257207827025,0.031115922261677104,3.4592798779166736,-29.306455906602316,0.07365959831458853,0.20320786698024484,-25.57030856339081,-29.306455906602316,nan,52.80804445416707,0.49763732844501557,0.0,1.128029800316709,106.11753065064104,46.0,46.0,,0.00027260425375345225,,,,,,,1.7369067124902504,,0,0.7660362556964092,2.639999961900596,inf,-inf,-0.1511651398750292,0.1085209683614201,-0.14451766523649015,0.13308722912418608,inf,-inf,2.797467588889361,0.22408838436110268,0.22408838436110268,0.22408838436110268,784,2.6622251072233367,1.5802428433099514,2.1026090790855916,,,-1.9645210386512786,1.7606486034496642,0.3048339823071898,3.4463120280130246,0.5373545957787136,0.0,0.0,1.841937394987372,1.8767679316562305,0.26373077712756937,0.9746428102055195,2.5134337913906335,2.578825560577043,0.4114219661623619,5910
179,3.3821438357987264,-29.3883408473007,0.07465659397332625,0.19815641356831362,-25.733384003960335,-29.3883408473007,nan,0.04365694438657473,0.030999649586751533,3.4592798779166736,-29.306455906602316,0.07365959831458853,0.20320786698024484,-25.57030856339081,-29.306455906602316,nan,57.85049562563747,0.48614179269012064,0.0,1.1048186240467945,118.99922305695054,46.0,46.0,,0.0002723074641843673,,,,,,,1.7369067124902504,,0,0.7660362556964092,2.639999961900596,inf,-inf,-0.14990625139977556,0.10616688402581723,-0.14158002475447656,0.12437400187150967,inf,-inf,2.8024032071426555,0.2244671179901248,0.2244671179901248,0.2244671179901248,784,2.6622251072233367,1.5802428433099514,2.1026090790855916,,,-1.9645210386512786,1.7606486034496642,0.3048339823071898,3.4463120280130246,0.5373545957787136,0.0,0.0,1.841937394987372,1.8767679316562305,0.26373077712756937,0.9746428102055195,2.5134337913906335,2.578825560577043,0.4114219661623619,5910
180,3.38623148027291,-29.39280720532712,0.07488602887095505,0.1965602527427596,-25.735129443440496,-29.39280720532712,nan,0.044057197438982676,0.030828831431972382,3.396124118233738,-29.350251970445335,0.07507579854886878,0.19392111718667923,-25.68513093647605,-29.350251970445335,nan,57.984249806701705,0.4971231779649866,0.0,1.0970342951843892,116.63960236990931,46.0,46.0,,0.0002720092452608512,,,,,,,1.652773327034797,,0,0.7220220910039354,2.5493180315975636,inf,-inf,-0.14899156513621722,0.10750144857940369,-0.1336474294256379,0.14856349653056883,inf,-inf,2.810351192990834,0.2249517094206075,0.2249517094206075,0.2249517094206075,784,2.631235061101146,1.5692815499895814,2.0993340649077834,,,-2.009973711016614,1.6745524417185336,0.29617106642028324,3.5308033692609944,0.547873532340009,0.0,0.0,1.756027479055024,1.7893027275400777,0.2576639752397714,0.9032420329784775,2.4279040496355755,2.687988336447832,0.4294273799222133,5910
181,3.369702665843759,-29.396847734970212,0.07513726612435226,0.19393622807351482,-25.75807157492859,-29.396847734970212,nan,0.044447921287573494,0.03068934483677878,3.396124118233738,-29.350251970445335,0.07507579854886878,0.19392111718667923,-25.68513093647605,-29.350251970445335,nan,58.78602476899048,0.48157661728047807,0.0,1.0843542750785637,122.06993167766811,46.0,46.0,,0.0002717096006166074,,,,,,,1.652773327034797,,0,0.7220220910039354,2.5493180315975636,inf,-inf,-0.15274616146772907,0.11034948750449501,-0.14581531183879606,0.1526898976715412,inf,-inf,2.81503427309311,0.2253555953405767,0.2253555953405767,0.2253555953405767,784,2.631235061101146,1.5692815499895814,2.0993340649077834,,,-2.009973711016614,1.6745524417185336,0.29617106642028324,3.5308033692609944,0.547873532340009,0.0,0.0,1.756027479055024,1.7893027275400777,0.2576639752397714,0.9032420329784775,2.4279040496355755,2.687988336447832,0.4294273799222133,5910
182,3.33371670043295,-29.40214532528322,0.07544598804248898,0.1922629663794433,-25.80071967042834,-29.40214532528322,nan,0.04484300147243712,0.030602986570051883,3.396124118233738,-29.350251970445335,0.07507579854886878,0.19392111718667923,-25.68513093647605,-29.350251970445335,nan,55.23379578475846,0.4851642640377051,0.0,1.0698833052061167,113.84555681220971,46.0,46.0,,0.0002714085339027115,,,,,,,1.652773327034797,,0,0.7220220910039354,2.5493180315975636,inf,-inf,-0.1513352256034008,0.10681143373732184,-0.11165756193885062,0.13687243547257405,inf,-inf,2.8214303607692424,0.22589314231829574,0.22589314231829574,0.22589314231829574,784,2.631235061101146,1.5692815499895814,2.0993340649077834,,,-2.009973711016614,1.6745524417185336,0.29617106642028324,3.5308033692609944,0.547873532340009,0.0,0.0,1.756027479055024,1.7893027275400777,0.2576639752397714,0.9032420329784775,2.4279040496355755,2.687988336447832,0.4294273799222133,5910
183,3.3236698724044063,-29.407704618793964,0.07573302696138076,0.1898429539509058,-25.818458765477274,-29.407704618793964,nan,0.04524489888367345,0.03048812807770731,3.396124118233738,-29.350251970445335,0.07507579854886878,0.19392111718667923,-25.68513093647605,-29.350251970445335,nan,59.87187479530047,0.4657336998697756,0.0,1.055028047422068,128.55388135331697,46.0,46.0,,0.00027110604878756623,,,,,,,1.652773327034797,,0,0.7220220910039354,2.5493180315975636,inf,-inf,-0.1463391057745528,0.11470239654061135,-0.14349733856518068,0.12681019060340978,inf,-inf,2.8279596712521613,0.22617892308264306,0.22617892308264306,0.22617892308264306,784,2.631235061101146,1.5692815499895814,2.0993340649077834,,,-2.009973711016614,1.6745524417185336,0.29617106642028324,3.5308033692609944,0.547873532340009,0.0,0.0,1.756027479055024,1.7893027275400777,0.2576639752397714,0.9032420329784775,2.4279040496355755,2.687988336447832,0.4294273799222133,5910
184,3.3059255358369306,-29.41246275484078,0.07595478242925108,0.18816099876481207,-25.84242143780979,-29.41246275484078,nan,0.04564098414811939,0.03031379828113173,3.396124118233738,-29.350251970445335,0.07507579854886878,0.19392111718667923,-25.68513093647605,-29.350251970445335,nan,54.073508147368656,0.47005710824592506,0.0,1.0475226528719492,115.03603966154344,46.0,46.0,,0.0002708021489568574,,,,,,,1.652773327034797,,0,0.7220220910039354,2.5493180315975636,inf,-inf,-0.14485848583967,0.10802493574473096,-0.125574809984191,0.13849864823446265,inf,-inf,2.83474531453253,0.22677351117407393,0.22677351117407393,0.22677351117407393,784,2.631235061101146,1.5692815499895814,2.0993340649077834,,,-2.009973711016614,1.6745524417185336,0.29617106642028324,3.5308033692609944,0.547873532340009,0.0,0.0,1.756027479055024,1.7893027275400777,0.2576639752397714,0.9032420329784775,2.4279040496355755,2.687988336447832,0.4294273799222133,5910
185,3.2791814734781553,-29.41635623646773,0.07627325614706186,0.1842494117467712,-25.876652095095746,-29.41635623646773,nan,0.04604387959446556,0.030229376552596287,3.31612704556875,-29.362180994822985,0.07646615040064633,0.1717425920554424,-25.79784520679815,-29.362180994822985,nan,57.03027630973517,0.4578302468920445,0.0,1.03962957430814,124.56642324722334,46.0,46.0,,0.0002704968381135084,,,,,,,1.5739432193913536,,0,0.6821876655748685,2.4612869276795113,inf,-inf,-0.14337857498011114,0.10595032179954152,-0.12800629318894804,0.12549925200375464,inf,-inf,2.839383542793121,0.2272279330700502,0.2272279330700502,0.2272279330700502,784,2.6001351091646088,1.5582888436766544,2.0970439450942986,,,-2.054661059595033,1.5927207147587121,0.2877622780059274,3.6079323210944083,0.5572583822925992,0.0,0.0,1.6754251593129283,1.706981180358994,0.251837239555652,0.83952821180803,2.3452325650126427,2.7935125133697274,0.4461506210963089,5910
186,3.279509220103157,-29.420613363679855,0.07655756420781701,0.18086456963089984,-25.88368200973798,-29.420613363679855,nan,0.04644521237261172,0.03011235183520527,3.31612704556875,-29.362180994822985,0.07646615040064633,0.1717425920554424,-25.79784520679815,-29.362180994822985,nan,53.09536639485891,0.45651244136073876,0.0,1.0220545475571787,116.30650467399342,46.0,46.0,,0.00027019011997763553,,,,,,,1.5739432193913536,,0,0.6821876655748685,2.4612869276795113,inf,-inf,-0.14363671636309963,0.114609470566577,-0.12167313248374678,0.12009787130337791,inf,-inf,2.845198143572313,0.22773285663179363,0.22773285663179363,0.22773285663179363,784,2.6001351091646088,1.5582888436766544,2.0970439450942986,,,-2.054661059595033,1.5927207147587121,0.2877622780059274,3.6079323210944083,0.5572583822925992,0.0,0.0,1.6754251593129283,1.706981180358994,0.251837239555652,0.83952821180803,2.3452325650126427,2.7935125133697274,0.4461506210963089,5910
187,3.25065169799784,-29.427528642086802,0.07686549633112945,0.17908876813726798,-25.920922679620563,-29.427528642086802,nan,0.04684735595167094,0.03001814037945853,3.31612704556875,-29.362180994822985,0.07646615040064633,0.1717425920554424,-25.79784520679815,-29.362180994822985,nan,52.388842092036896,0.45077373389775355,0.0,1.004674192275565,116.21981972871552,46.0,46.0,,0.00026988199828650253,,,,,,,1.5739432193913536,,0,0.6821876655748685,2.4612869276795113,inf,-inf,-0.14065943569421838,0.10483297378473577,-0.11811667357968421,0.12327128945663901,inf,-inf,2.8514617258152213,0.22811294550423847,0.22811294550423847,0.22811294550423847,784,2.6001351091646088,1.5582888436766544,2.0970439450942986,,,-2.054661059595033,1.5927207147587121,0.2877622780059274,3.6079323210944083,0.5572583822925992,0.0,0.0,1.6754251593129283,1.706981180358994,0.251837239555652,0.83952821180803,2.3452325650126427,2.7935125133697274,0.4461506210963089,5910
188,3.2492074613027393,-29.434648042125737,0.07714340205237012,0.17699075912141088,-25.931306419649218,-29.434648042125737,nan,0.04724840313729156,0.029894998915078522,3.31612704556875,-29.362180994822985,0.07646615040064633,0.1717425920554424,-25.79784520679815,-29.362180994822985,nan,52.47852606368452,0.44777571372949393,0.0,0.9964896455355696,117.19824111628206,46.0,46.0,,0.000269572476794475,,,,,,,1.5739432193913536,,0,0.6821876655748685,2.4612869276795113,inf,-inf,-0.1417609699663836,0.10909621067083126,-0.11496950005962088,0.13358536540839597,inf,-inf,2.857892419421637,0.22861497227030203,0.22861497227030203,0.22861497227030203,784,2.6001351091646088,1.5582888436766544,2.0970439450942986,,,-2.054661059595033,1.5927207147587121,0.2877622780059274,3.6079323210944083,0.5572583822925992,0.0,0.0,1.6754251593129283,1.706981180358994,0.251837239555652,0.83952821180803,2.3452325650126427,2.7935125133697274,0.4461506210963089,5910
189,3.222840188405609,-29.437314740833166,0.07741636866845292,0.17516365456422348,-25.961894529194883,-29.437314740833166,nan,0.047646737255953926,0.029769631412498995,3.31612704556875,-29.362180994822985,0.07646615040064633,0.1717425920554424,-25.79784520679815,-29.362180994822985,nan,60.40331087658018,0.45290595487487845,0.0,0.9847524534787537,133.36833006151892,46.0,46.0,,0.0002692615592729746,,,,,,,1.5739432193913536,,0,0.6821876655748685,2.4612869276795113,inf,-inf,-0.14018119315312608,0.10155731881150216,-0.12175271694719386,0.13925733381618,inf,-inf,2.8636778153654694,0.22923336172152053,0.22923336172152053,0.22923336172152053,784,2.6001351091646088,1.5582888436766544,2.0970439450942986,,,-2.054661059595033,1.5927207147587121,0.2877622780059274,3.6079323210944083,0.5572583822925992,0.0,0.0,1.6754251593129283,1.706981180358994,0.251837239555652,0.83952821180803,2.3452325650126427,2.7935125133697274,0.4461506210963089,5910
190,3.1975776953308865,-29.44605090368383,0.07772800799328201,0.1726849482516541,-25.998060252108008,-29.44605090368383,nan,0.04805232865929858,0.029675679333983428,3.2255737731522807,-29.387326747184936,0.0779094664952176,0.15970622034777346,-25.924137287189666,-29.387326747184936,nan,52.8788146359322,0.4362302386191639,0.0,0.9661074163132268,121.21767350038353,46.0,46.0,,0.0002689492495104332,,,,,,,1.5000051318378798,,0,0.6449497340181698,2.377298934576457,inf,-inf,-0.13842990515568682,0.10525292444311045,-0.11068168934342416,0.112601364888885,inf,-inf,2.8699964088939334,0.22967309428850707,0.22967309428850707,0.22967309428850707,784,2.569132465427994,1.5472910539405242,2.0926783311653336,,,-2.0986153253782382,1.5167644839546015,0.2797111065948414,3.686022040454834,0.5665579277412468,0.0,0.0,1.5996320867632186,1.629162805579477,0.24629951361205513,0.7813574486383251,2.26722380047707,2.901647388692807,0.46264463537625566,5910
191,3.2019109154282415,-29.448537419091007,0.07803211030922066,0.17286569087589176,-25.995728702477656,-29.448537419091007,nan,0.04845013805570547,0.029581972253515235,3.2255737731522807,-29.387326747184936,0.0779094664952176,0.15970622034777346,-25.924137287189666,-29.387326747184936,nan,54.94190819960887,0.43662395197855625,0.0,0.9578088894198563,125.8334728331789,46.0,46.0,,0.0002686355513122467,,,,,,,1.5000051318378798,,0,0.6449497340181698,2.377298934576457,inf,-inf,-0.13725520988523554,0.11101304537161358,-0.10671101441787033,0.12138220170791114,inf,-inf,2.8780900073729665,0.2300745978964629,0.2300745978964629,0.2300745978964629,784,2.569132465427994,1.5472910539405242,2.0926783311653336,,,-2.0986153253782382,1.5167644839546015,0.2797111065948414,3.686022040454834,0.5665579277412468,0.0,0.0,1.5996320867632186,1.629162805579477,0.24629951361205513,0.7813574486383251,2.26722380047707,2.901647388692807,0.46264463537625566,5910
192,3.1880430119403242,-29.455982990972604,0.07829503452010748,0.16877223328203744,-26.020872711230137,-29.455982990972604,nan,0.048859381559052395,0.02943565296105513,3.2255737731522807,-29.387326747184936,0.0779094664952176,0.15970622034777346,-25.924137287189666,-29.387326747184936,nan,54.321096043194196,0.42082557484209143,0.0,0.9403455283746037,129.08221194393278,46.0,46.0,,0.0002683204685007286,,,,,,,1.5000051318378798,,0,0.6449497340181698,2.377298934576457,inf,-inf,-0.1363414136833284,0.1089110494635098,-0.10434422111651381,0.11568670582658948,inf,-inf,2.88451912370074,0.23048242114036718,0.23048242114036718,0.23048242114036718,784,2.569132465427994,1.5472910539405242,2.0926783311653336,,,-2.0986153253782382,1.5167644839546015,0.2797111065948414,3.686022040454834,0.5665579277412468,0.0,0.0,1.5996320867632186,1.629162805579477,0.24629951361205513,0.7813574486383251,2.26722380047707,2.901647388692807,0.46264463537625566,5910
193,3.1765142060416784,-29.455564116337428,0.07856940947808867,0.16686725960895785,-26.033613241208705,-29.455564116337428,nan,0.049261190120688234,0.029308219357400418,3.2255737731522807,-29.387326747184936,0.0779094664952176,0.15970622034777346,-25.924137287189666,-29.387326747184936,nan,52.17173529115027,0.4180823327810378,0.0,0.9343566543521804,124.7881845284148,46.0,46.0,,0.00026800400491506365,,,,,,,1.5000051318378798,,0,0.6449497340181698,2.377298934576457,inf,-inf,-0.1349039883852577,0.10982164112975626,-0.11325988587656426,0.11354100460650877,inf,-inf,2.8910441086102288,0.2309703239115987,0.2309703239115987,0.2309703239115987,784,2.569132465427994,1.5472910539405242,2.0926783311653336,,,-2.0986153253782382,1.5167644839546015,0.2797111065948414,3.686022040454834,0.5665579277412468,0.0,0.0,1.5996320867632186,1.629162805579477,0.24629951361205513,0.7813574486383251,2.26722380047707,2.901647388692807,0.46264463537625566,5910
194,3.143842744584988,-29.464403164237552,0.07889847168150592,0.16494929523593305,-26.07671265273513,-29.464403164237552,nan,0.04966434956298214,0.029234122118523807,3.2255737731522807,-29.387326747184936,0.0779094664952176,0.15970622034777346,-25.924137287189666,-29.387326747184936,nan,54.80241449381492,0.4100606373692205,0.0,0.924880226437084,133.64466008101766,46.0,46.0,,0.00026768616441126065,,,,,,,1.5000051318378798,,0,0.6449497340181698,2.377298934576457,inf,-inf,-0.13438820625619807,0.1133951825797423,-0.10129056557422006,0.11060333466757317,inf,-inf,2.895910001935553,0.23140659187139254,0.23140659187139254,0.23140659187139254,784,2.569132465427994,1.5472910539405242,2.0926783311653336,,,-2.0986153253782382,1.5167644839546015,0.2797111065948414,3.686022040454834,0.5665579277412468,0.0,0.0,1.5996320867632186,1.629162805579477,0.24629951361205513,0.7813574486383251,2.26722380047707,2.901647388692807,0.46264463537625566,5910
195,3.152364056410662,-29.463389482689443,0.07918106428846397,0.16286954890523003,-26.068974813085088,-29.463389482689443,nan,0.050070028399062314,0.029111035889401646,3.1506108025225,-29.40623612574622,0.07937884206434562,0.1520582464297191,-26.024188234729653,-29.40623612574622,nan,48.50857015200012,0.42036223194149086,0.0,0.9128954919646499,115.3970705882823,46.0,46.0,,0.0002673669508621059,,,,,,,1.4305334567476982,,0,0.6104134043371257,2.2990731999223155,inf,-inf,-0.13525370323954464,0.12209759254705763,-0.0986180526259936,0.12071205597364397,inf,-inf,2.899715976301383,0.23199405307973234,0.23199405307973234,0.23199405307973234,784,2.538370852012993,1.536364125968394,2.090658437618554,,,-2.1419117814305926,1.4456701609555842,0.2719089652821112,3.7664199108127034,0.5759287370249674,0.0,0.0,1.5283424949350801,1.5553787205874858,0.24100150581717542,0.7282690888660851,2.1938195316932063,3.0123749109123703,0.47890902184734857,5910
196,3.130512482330977,-29.472177593140035,0.07950397647853888,0.16095548609980115,-26.101205648230717,-29.472177593140035,nan,0.050475262213369315,0.0290287142651696,3.1506108025225,-29.40623612574622,0.07937884206434562,0.1520582464297191,-26.024188234729653,-29.40623612574622,nan,53.77497501647506,0.40940212513705804,0.0,0.9008721752959938,131.35001436172928,46.0,46.0,,0.00026704636815711575,,,,,,,1.4305334567476982,,0,0.6104134043371257,2.2990731999223155,inf,-inf,-0.13180105056903035,0.11366627706661453,-0.09610639600787209,0.10559964863661422,inf,-inf,2.9079502099129173,0.23236933421483508,0.23236933421483508,0.23236933421483508,784,2.538370852012993,1.536364125968394,2.090658437618554,,,-2.1419117814305926,1.4456701609555842,0.2719089652821112,3.7664199108127034,0.5759287370249674,0.0,0.0,1.5283424949350801,1.5553787205874858,0.24100150581717542,0.7282690888660851,2.1938195316932063,3.0123749109123703,0.47890902184734857,5910
197,3.1080288951990602,-29.47767079451294,0.07978408261634698,0.15794306149264667,-26.13191475520489,-29.47767079451294,nan,0.05088403317742287,0.028900049438924102,3.1506108025225,-29.40623612574622,0.07937884206434562,0.1520582464297191,-26.024188234729653,-29.40623612574622,nan,59.58915753692023,0.40078325867548514,0.0,0.8813783626944032,148.68175315967895,46.0,46.0,,0.00026672442020248926,,,,,,,1.4305334567476982,,0,0.6104134043371257,2.2990731999223155,inf,-inf,-0.13479949735807067,0.11147299797870638,-0.09420947238775262,0.12014947095255032,inf,-inf,2.9131282293387306,0.2328913065494726,0.2328913065494726,0.2328913065494726,784,2.538370852012993,1.536364125968394,2.090658437618554,,,-2.1419117814305926,1.4456701609555842,0.2719089652821112,3.7664199108127034,0.5759287370249674,0.0,0.0,1.5283424949350801,1.5553787205874858,0.24100150581717542,0.7282690888660851,2.1938195316932063,3.0123749109123703,0.47890902184734857,5910
198,3.1143549085896245,-29.479235934456987,0.08003659743499575,0.15697984177468233,-26.127864586657683,-29.479235934456987,nan,0.05128585021363167,0.028750747221364097,3.1506108025225,-29.40623612574622,0.07937884206434562,0.1520582464297191,-26.024188234729653,-29.40623612574622,nan,57.21951459322072,0.3975804299804217,0.0,0.8792315177404845,143.91934380683279,46.0,46.0,,0.0002664011109210608,,,,,,,1.4305334567476982,,0,0.6104134043371257,2.2990731999223155,inf,-inf,-0.13389742089332546,0.11111847310196883,-0.09411795364566619,0.10288256841403522,inf,-inf,2.920920426521819,0.2333093850809085,0.2333093850809085,0.2333093850809085,784,2.538370852012993,1.536364125968394,2.090658437618554,,,-2.1419117814305926,1.4456701609555842,0.2719089652821112,3.7664199108127034,0.5759287370249674,0.0,0.0,1.5283424949350801,1.5553787205874858,0.24100150581717542,0.7282690888660851,2.1938195316932063,3.0123749109123703,0.47890902184734857,5910
199,3.085774518177525,-29.483604730244746,0.08036664018826674,0.1545484932336536,-26.162915078645298,-29.483604730244746,nan,0.05169302607476685,0.028673614113499918,3.1506108025225,-29.40623612574622,0.07937884206434562,0.1520582464297191,-26.024188234729653,-29.40623612574622,nan,49.68124847489818,0.38895693294097666,0.0,0.8667344353988256,127.72943292011509,46.0,46.0,,0.00026607644425225165,,,,,,,1.4305334567476982,,0,0.6104134043371257,2.2990731999223155,inf,-inf,-0.13223737378696562,0.10620874303993372,-0.09085525868635383,0.10264710587547103,inf,-inf,2.9249255755824155,0.23374089857410618,0.23374089857410618,0.23374089857410618,784,2.538370852012993,1.536364125968394,2.090658437618554,,,-2.1419117814305926,1.4456701609555842,0.2719089652821112,3.7664199108127034,0.5759287370249674,0.0,0.0,1.5283424949350801,1.5553787205874858,0.24100150581717542,0.7282690888660851,2.1938195316932063,3.0123749109123703,0.47890902184734857,5910
200,3.0606380032251757,-29.490209162507302,0.08070323116565971,0.15312670387020216,-26.195741224246262,-29.490209162507302,nan,0.05210313602446494,0.028600095141194798,3.108324917274884,-29.44556121773361,0.08085956988511332,0.15035924810470663,-26.106017482468904,-29.44556121773361,nan,50.576273781517,0.3958232235255177,0.0,0.8546657603444945,127.77490247046225,46.0,46.0,,0.000265750424152023,,,,,,,1.365171849124986,,0,0.57854688063017,2.2218913452234887,inf,-inf,-0.1293442747921315,0.11313768614711057,-0.09386939951872719,0.10856375004651858,inf,-inf,2.931568669160476,0.23424126292338898,0.23424126292338898,0.23424126292338898,784,2.5074621740287584,1.5254192401433602,2.0856289351135096,,,-2.184567994529558,1.3777803697077646,0.26437738517714376,3.8404689742745486,0.5843842609569699,0.0,0.0,1.4611812478181911,1.4869490525207048,0.23591001650925433,0.6797758026165109,2.1224846673570785,3.1223304200994897,0.4944788602999856,5910
201,3.0582945397055394,-29.491321310266347,0.0809719830877923,0.14966991396901688,-26.202384873504,-29.491321310266347,nan,0.052512276372987006,0.028459706714805307,3.108324917274884,-29.44556121773361,0.08085956988511332,0.15035924810470663,-26.106017482468904,-29.44556121773361,nan,61.58171258967584,0.3798204112277556,0.0,0.8433695629351755,162.13376313983548,46.0,46.0,,0.00026542305459282666,,,,,,,1.365171849124986,,0,0.57854688063017,2.2218913452234887,inf,-inf,-0.13434048004580582,0.1079296982710633,-0.09100135023875947,0.11286711152969649,inf,-inf,2.937266110919236,0.2347275458981465,0.2347275458981465,0.2347275458981465,784,2.5074621740287584,1.5254192401433602,2.0856289351135096,,,-2.184567994529558,1.3777803697077646,0.26437738517714376,3.8404689742745486,0.5843842609569699,0.0,0.0,1.4611812478181911,1.4869490525207048,0.23591001650925433,0.6797758026165109,2.1224846673570785,3.1223304200994897,0.4944788602999856,5910
202,3.059924140157217,-29.498493651248726,0.08127289700228398,0.1497428611769134,-26.20755375291231,-29.498493651248726,nan,0.05291906255193236,0.028353834450351657,3.108324917274884,-29.44556121773361,0.08085956988511332,0.15035924810470663,-26.106017482468904,-29.44556121773361,nan,51.47018110845218,0.38504264652179215,0.0,0.8349144169891514,133.67397500873747,46.0,46.0,,0.0002650943395635575,,,,,,,1.365171849124986,,0,0.57854688063017,2.2218913452234887,inf,-inf,-0.1312599343192168,0.10916005264960757,-0.08826124950382638,0.10875009286602695,inf,-inf,2.9436784995984535,0.23506384348095108,0.23506384348095108,0.23506384348095108,784,2.5074621740287584,1.5254192401433602,2.0856289351135096,,,-2.184567994529558,1.3777803697077646,0.26437738517714376,3.8404689742745486,0.5843842609569699,0.0,0.0,1.4611812478181911,1.4869490525207048,0.23591001650925433,0.6797758026165109,2.1224846673570785,3.1223304200994897,0.4944788602999856,5910
203,3.0422859873400525,-29.50211511899861,0.08156234820667495,0.14727141508431627,-26.23099536836757,-29.50211511899861,nan,0.0533276487533013,0.02823469945337365,3.108324917274884,-29.44556121773361,0.08085956988511332,0.15035924810470663,-26.106017482468904,-29.44556121773361,nan,50.724362616892506,0.37511236877359105,0.0,0.8210053865395328,135.22444696434025,46.0,46.0,,0.0002647642830695045,,,,,,,1.365171849124986,,0,0.57854688063017,2.2218913452234887,inf,-inf,-0.13110874827753458,0.11578680164171198,-0.08707835838928252,0.1000281923281051,inf,-inf,2.950077626339026,0.23554633767699007,0.23554633767699007,0.23554633767699007,784,2.5074621740287584,1.5254192401433602,2.0856289351135096,,,-2.184567994529558,1.3777803697077646,0.26437738517714376,3.8404689742745486,0.5843842609569699,0.0,0.0,1.4611812478181911,1.4869490525207048,0.23591001650925433,0.6797758026165109,2.1224846673570785,3.1223304200994897,0.4944788602999856,5910
204,3.0277940821856193,-29.505361480393088,0.08188617575718556,0.14553615464630434,-26.25014506780398,-29.505361480393088,nan,0.053738995758775776,0.02814717999840973,3.108324917274884,-29.44556121773361,0.08085956988511332,0.15035924810470663,-26.106017482468904,-29.44556121773361,nan,57.27581559458029,0.3824786312844872,0.0,0.8118451111144607,149.74906023437057,46.0,46.0,,0.0002644328891323018,,,,,,,1.365171849124986,,0,0.57854688063017,2.2218913452234887,inf,-inf,-0.13213272776512267,0.1086678481228107,-0.08744115694993845,0.09029859239741986,inf,-inf,2.954197771081103,0.23610856390699883,0.23610856390699883,0.23610856390699883,784,2.5074621740287584,1.5254192401433602,2.0856289351135096,,,-2.184567994529558,1.3777803697077646,0.26437738517714376,3.8404689742745486,0.5843842609569699,0.0,0.0,1.4611812478181911,1.4869490525207048,0.23591001650925433,0.6797758026165109,2.1224846673570785,3.1223304200994897,0.4944788602999856,5910
205,2.999752212372897,-29.508587599687946,0.08216499941623953,0.14242944712990288,-26.284240940768907,-29.508587599687946,nan,0.05414652871611416,0.02801847070012536,3.022230875335719,-29.457547204122843,0.0823531236181512,0.13690831303799747,-26.216054892130973,-29.457547204122843,nan,52.14787515157873,0.3679880421515036,0.0,0.8018060308773359,141.71078724919283,46.0,46.0,,0.00026410016178987986,,,,,,,1.3036632423688195,,0,0.5491454681994533,2.1475161104206513,inf,-inf,-0.132794849606443,0.11681034622369042,-0.08526463970665868,0.09655239553785294,inf,-inf,2.9615302186477317,0.23643379445748705,0.23643379445748705,0.23643379445748705,784,2.476573966908715,1.5144706827427594,2.0792116000074072,,,-2.2265875002112403,1.315125886527427,0.2570875729029652,3.9106507014652427,0.5922490265885877,0.0,0.0,1.3979000711306173,1.4213729195471407,0.23093836332277,0.635170052263895,2.054489122409388,3.234549732133477,0.5098138329305497,5910
206,3.0049135556728173,-29.51728485386483,0.08247893393775782,0.142460907408353,-26.2874314568459,-29.51728485386483,nan,0.05455320883938173,0.027925725098376087,3.022230875335719,-29.457547204122843,0.0823531236181512,0.13690831303799747,-26.216054892130973,-29.457547204122843,nan,49.68956740330646,0.36549762901846455,0.0,0.7863367946113666,135.9504507231597,46.0,46.0,,0.00026376610509641645,,,,,,,1.3036632423688195,,0,0.5491454681994533,2.1475161104206513,inf,-inf,-0.12776770895574815,0.11034345012875568,-0.08562197939189543,0.0956985692169612,inf,-inf,2.965664906032879,0.23700710054713212,0.23700710054713212,0.23700710054713212,784,2.476573966908715,1.5144706827427594,2.0792116000074072,,,-2.2265875002112403,1.315125886527427,0.2570875729029652,3.9106507014652427,0.5922490265885877,0.0,0.0,1.3979000711306173,1.4213729195471407,0.23093836332277,0.635170052263895,2.054489122409388,3.234549732133477,0.5098138329305497,5910
207,2.9842761958720763,-29.520350105353987,0.08280003867118062,0.14033851587137738,-26.312935354939352,-29.520350105353987,nan,0.054963479527389225,0.02783655914379137,3.022230875335719,-29.457547204122843,0.0823531236181512,0.13690831303799747,-26.216054892130973,-29.457547204122843,nan,59.503994574255756,0.3497347299070075,0.0,0.778166332137184,170.14036492766257,46.0,46.0,,0.0002634307231222869,,,,,,,1.3036632423688195,,0,0.5491454681994533,2.1475161104206513,inf,-inf,-0.12775973062072596,0.10911127813224136,-0.08333892884035494,0.0893788373203402,inf,-inf,2.9702683689069365,0.23733875366014306,0.23733875366014306,0.23733875366014306,784,2.476573966908715,1.5144706827427594,2.0792116000074072,,,-2.2265875002112403,1.315125886527427,0.2570875729029652,3.9106507014652427,0.5922490265885877,0.0,0.0,1.3979000711306173,1.4213729195471407,0.23093836332277,0.635170052263895,2.054489122409388,3.234549732133477,0.5098138329305497,5910
208,2.972802676656248,-29.52570368530576,0.0830895226526382,0.139570790323418,-26.330240695673456,-29.52570368530576,nan,0.055373295974653715,0.02771622667798447,3.022230875335719,-29.457547204122843,0.0823531236181512,0.13690831303799747,-26.216054892130973,-29.457547204122843,nan,52.53562567209156,0.35896971885037765,0.0,0.7602189553533514,146.35113468718225,46.0,46.0,,0.00026309401995401485,,,,,,,1.3036632423688195,,0,0.5491454681994533,2.1475161104206513,inf,-inf,-0.12714226050121305,0.10801755642530397,-0.08264951117967727,0.09695951301290569,inf,-inf,2.9777550402174993,0.23775268745761755,0.23775268745761755,0.23775268745761755,784,2.476573966908715,1.5144706827427594,2.0792116000074072,,,-2.2265875002112403,1.315125886527427,0.2570875729029652,3.9106507014652427,0.5922490265885877,0.0,0.0,1.3979000711306173,1.4213729195471407,0.23093836332277,0.635170052263895,2.054489122409388,3.234549732133477,0.5098138329305497,5910
209,2.9595899813472024,-29.528232710566108,0.0834103643587388,0.1365953989220256,-26.34863696593814,-29.528232710566108,nan,0.055781079226231906,0.02762928513250688,3.022230875335719,-29.457547204122843,0.0823531236181512,0.13690831303799747,-26.216054892130973,-29.457547204122843,nan,49.7827732149109,0.3494767786622555,0.0,0.7543493950916201,142.44944515475922,46.0,46.0,,0.00026275599969422203,,,,,,,1.3036632423688195,,0,0.5491454681994533,2.1475161104206513,inf,-inf,-0.12748831515546738,0.11105777981168506,-0.08256610303606068,0.09062130115670693,inf,-inf,2.9813627789279464,0.23822645863961722,0.23822645863961722,0.23822645863961722,784,2.476573966908715,1.5144706827427594,2.0792116000074072,,,-2.2265875002112403,1.315125886527427,0.2570875729029652,3.9106507014652427,0.5922490265885877,0.0,0.0,1.3979000711306173,1.4213729195471407,0.23093836332277,0.635170052263895,2.054489122409388,3.234549732133477,0.5098138329305497,5910
210,2.9382514925613092,-29.529596559145123,0.08367931666121713,0.13722453424388023,-26.370441215678714,-29.529596559145123,nan,0.056188710031440305,0.02749060662977682,2.9798169232864615,-29.477694481657558,0.0838429226965973,0.13006189597945825,-26.28397273969504,-29.477694481657558,nan,51.673902139046355,0.35290950174117663,0.0,0.7469884136883675,146.42253009368937,46.0,46.0,,0.0002624166664615786,,,,,,,1.246052997557808,,0,0.5215758282171796,2.0810774353722388,inf,-inf,-0.13144758374664536,0.09987339873568754,-0.08055916156616749,0.09404801033761663,inf,-inf,2.9887387700378176,0.23855982428988434,0.23855982428988434,0.23855982428988434,784,2.4457962120845664,1.5035432094863068,2.072066460465621,,,-2.2677541440914237,1.256043027858655,0.25015440255005567,3.9899805987667363,0.6009707839401233,0.0,0.0,1.3385320023454361,1.3613564397149802,0.22630122760171492,0.5946949460428042,1.9922464911962388,3.3500309771471364,0.525048822900089,5910
211,2.926045736202812,-29.535176722575518,0.08401169142398354,0.13376085855708472,-26.391358436391634,-29.535176722575518,nan,0.056599268303519745,0.027412423120463773,2.9798169232864615,-29.477694481657558,0.0838429226965973,0.13006189597945825,-26.28397273969504,-29.477694481657558,nan,47.95685762392691,0.34149716316158035,0.0,0.7334858042033173,140.43120352726322,46.0,46.0,,0.000262076024390753,,,,,,,1.246052997557808,,0,0.5215758282171796,2.0810774353722388,inf,-inf,-0.12918634316016628,0.10916274227569843,-0.08005560891667554,0.08685363747902501,inf,-inf,2.992275101899617,0.2390336733655662,0.2390336733655662,0.2390336733655662,784,2.4457962120845664,1.5035432094863068,2.072066460465621,,,-2.2677541440914237,1.256043027858655,0.25015440255005567,3.9899805987667363,0.6009707839401233,0.0,0.0,1.3385320023454361,1.3613564397149802,0.22630122760171492,0.5946949460428042,1.9922464911962388,3.3500309771471364,0.525048822900089,5910
212,2.9304698436711867,-29.53906358565381,0.08431479792952833,0.13344330832823464,-26.39083563572486,-29.53906358565381,nan,0.05700866173131224,0.027306136198216063,2.9798169232864615,-29.477694481657558,0.0838429226965973,0.13006189597945825,-26.28397273969504,-29.477694481657558,nan,52.628560884261965,0.3441204763992067,0.0,0.7274810629997408,152.93644085046748,46.0,46.0,,0.0002617340776323613,,,,,,,1.246052997557808,,0,0.5215758282171796,2.0810774353722388,inf,-inf,-0.12506573971482093,0.10155709402174956,-0.0786103382234797,0.09218075137104653,inf,-inf,2.9955589224850665,0.23953963846651483,0.23953963846651483,0.23953963846651483,784,2.4457962120845664,1.5035432094863068,2.072066460465621,,,-2.2677541440914237,1.256043027858655,0.25015440255005567,3.9899805987667363,0.6009707839401233,0.0,0.0,1.3385320023454361,1.3613564397149802,0.22630122760171492,0.5946949460428042,1.9922464911962388,3.3500309771471364,0.525048822900089,5910
213,2.917991627540253,-29.54139644238525,0.0846337232836121,0.1295088861849897,-26.409262205376393,-29.54139644238525,nan,0.05741917466035074,0.02721454862326136,2.9798169232864615,-29.477694481657558,0.0838429226965973,0.13006189597945825,-26.28397273969504,-29.477694481657558,nan,54.55907506788188,0.3368382462456045,0.0,0.7180687535822194,161.97410975741843,46.0,46.0,,0.0002613908303529169,,,,,,,1.246052997557808,,0,0.5215758282171796,2.0810774353722388,inf,-inf,-0.12621918899823958,0.10511800068440735,-0.07887768277191431,0.08717506773867248,inf,-inf,3.0043524267594472,0.2398752451327787,0.2398752451327787,0.2398752451327787,784,2.4457962120845664,1.5035432094863068,2.072066460465621,,,-2.2677541440914237,1.256043027858655,0.25015440255005567,3.9899805987667363,0.6009707839401233,0.0,0.0,1.3385320023454361,1.3613564397149802,0.22630122760171492,0.5946949460428042,1.9922464911962388,3.3500309771471364,0.525048822900089,5910
214,2.898625895985742,-29.549937577748686,0.08490279749468532,0.12854170109175478,-26.437867183176504,-29.549937577748686,nan,0.05783044935831325,0.027072348136372024,2.9798169232864615,-29.477694481657558,0.0838429226965973,0.13006189597945825,-26.28397273969504,-29.477694481657558,nan,56.73048252721373,0.3381195350134875,0.0,0.7007792449738236,167.7823274095972,46.0,46.0,,0.0002610462867347796,,,,,,,1.246052997557808,,0,0.5215758282171796,2.0810774353722388,inf,-inf,-0.12493745845084783,0.10534728083291642,-0.07652514749491039,0.08555484143599011,inf,-inf,3.010032625842444,0.24030230103291048,0.24030230103291048,0.24030230103291048,784,2.4457962120845664,1.5035432094863068,2.072066460465621,,,-2.2677541440914237,1.256043027858655,0.25015440255005567,3.9899805987667363,0.6009707839401233,0.0,0.0,1.3385320023454361,1.3613564397149802,0.22630122760171492,0.5946949460428042,1.9922464911962388,3.3500309771471364,0.525048822900089,5910
215,2.8973906023199807,-29.551245204284033,0.08524609526397013,0.12725891137701834,-26.441349595323064,-29.551245204284033,nan,0.05823485341055447,0.027011241853415673,2.9024199906506816,-29.486839312940994,0.08542098213004898,0.11396518888374024,-26.385033151276524,-29.486839312940994,nan,53.99732333743213,0.33170954053085444,0.0,0.6961394283537217,162.78495713755177,46.0,46.0,,0.00026070045097610454,,,,,,,1.1918521013670986,,0,0.49635894643046274,2.0140638956751005,inf,-inf,-0.12342281911608749,0.10971882411380375,-0.0753329097356937,0.08798588702823372,inf,-inf,3.0130352521462123,0.24081341934530195,0.24081341934530195,0.24081341934530195,784,2.4150351884375536,1.492626481698977,2.063388485728709,,,-2.3082345111305402,1.2000727654592367,0.2434635575493463,4.057676224351605,0.6082773902608178,0.0,0.0,1.2826347609704571,1.3045619547057647,0.2217934811252046,0.5566803990035181,1.9306948772053385,3.4682285933928436,0.5401077144031738,5910
216,2.8789139727623905,-29.556565508673405,0.08553411212154992,0.1257396247058466,-26.466377799083617,-29.556565508673405,nan,0.05864779496370636,0.02688631715784356,2.9024199906506816,-29.486839312940994,0.08542098213004898,0.11396518888374024,-26.385033151276524,-29.486839312940994,nan,49.15164742046369,0.3179881803882446,0.0,0.6820583306698687,154.57067416924886,46.0,46.0,,0.00026035332729079137,,,,,,,1.1918521013670986,,0,0.49635894643046274,2.0140638956751005,inf,-inf,-0.12350441541537917,0.10383894340982783,-0.07667596113619145,0.08325000431648934,inf,-inf,3.0193474327652354,0.24106765440298428,0.24106765440298428,0.24106765440298428,784,2.4150351884375536,1.492626481698977,2.063388485728709,,,-2.3082345111305402,1.2000727654592367,0.2434635575493463,4.057676224351605,0.6082773902608178,0.0,0.0,1.2826347609704571,1.3045619547057647,0.2217934811252046,0.5566803990035181,1.9306948772053385,3.4682285933928436,0.5401077144031738,5910
217,2.8759647132635062,-29.557723048463846,0.08582921410168104,0.12255178471078186,-26.473377336387873,-29.557723048463846,nan,0.059051402476975864,0.026777811624705123,2.9024199906506816,-29.486839312940994,0.08542098213004898,0.11396518888374024,-26.385033151276524,-29.486839312940994,nan,58.07601607633473,0.3189778829553866,0.0,0.6793352549863808,182.06910002113673,46.0,46.0,,0.00026000491990843267,,,,,,,1.1918521013670986,,0,0.49635894643046274,2.0140638956751005,inf,-inf,-0.1241927719497628,0.11408291669658553,-0.07401620796208094,0.08464995058846242,inf,-inf,3.022802216880795,0.24144617721185221,0.24144617721185221,0.24144617721185221,784,2.4150351884375536,1.492626481698977,2.063388485728709,,,-2.3082345111305402,1.2000727654592367,0.2434635575493463,4.057676224351605,0.6082773902608178,0.0,0.0,1.2826347609704571,1.3045619547057647,0.2217934811252046,0.5566803990035181,1.9306948772053385,3.4682285933928436,0.5401077144031738,5910
218,2.865262001239981,-29.562020384595108,0.0861686082197349,0.12318996318257917,-26.487399811952812,-29.562020384595108,nan,0.05946524485945985,0.026703363360275047,2.9024199906506816,-29.486839312940994,0.08542098213004898,0.11396518888374024,-26.385033151276524,-29.486839312940994,nan,49.43292981843228,0.3202077739528004,0.0,0.6651125208790125,154.37766924958805,46.0,46.0,,0.0002596552330742624,,,,,,,1.1918521013670986,,0,0.49635894643046274,2.0140638956751005,inf,-inf,-0.12289036512583669,0.10921125566860447,-0.07305345022259609,0.0829039280669931,inf,-inf,3.0255251673903856,0.2419557166079171,0.2419557166079171,0.2419557166079171,784,2.4150351884375536,1.492626481698977,2.063388485728709,,,-2.3082345111305402,1.2000727654592367,0.2434635575493463,4.057676224351605,0.6082773902608178,0.0,0.0,1.2826347609704571,1.3045619547057647,0.2217934811252046,0.5566803990035181,1.9306948772053385,3.4682285933928436,0.5401077144031738,5910
219,2.844488978894448,-29.568856036186038,0.08644435961847222,0.12185273782843542,-26.516069959844682,-29.568856036186038,nan,0.05987263120852338,0.02657172840994884,2.9024199906506816,-29.486839312940994,0.08542098213004898,0.11396518888374024,-26.385033151276524,-29.486839312940994,nan,57.11392166298579,0.31442219062135723,0.0,0.6492136926633946,181.64723536248496,46.0,46.0,,0.0002593042710491043,,,,,,,1.1918521013670986,,0,0.49635894643046274,2.0140638956751005,inf,-inf,-0.12251183173728403,0.10777265218386492,-0.07199148138920572,0.08436825389042873,inf,-inf,3.031674704433975,0.24224396148876381,0.24224396148876381,0.24224396148876381,784,2.4150351884375536,1.492626481698977,2.063388485728709,,,-2.3082345111305402,1.2000727654592367,0.2434635575493463,4.057676224351605,0.6082773902608178,0.0,0.0,1.2826347609704571,1.3045619547057647,0.2217934811252046,0.5566803990035181,1.9306948772053385,3.4682285933928436,0.5401077144031738,5910
220,2.8574780259679518,-29.57270754842791,0.08676123036987775,0.12016691344005502,-26.508301378650025,-29.57270754842791,nan,0.060276596120378924,0.026484634249498814,2.851390521447438,-29.492449637709214,0.08693983475922105,0.10560619550998057,-26.448513085992573,-29.492449637709214,nan,53.45351374406577,0.31629560146754815,0.0,0.6425341287664772,168.9985997151152,46.0,46.0,,0.0002589520381093199,,,,,,,1.1411585838573655,,0,0.4724189738523784,1.953371314630524,inf,-inf,-0.12171338523907152,0.1107756370887135,-0.0716042944808529,0.08147064601272777,inf,-inf,3.0366548278034915,0.24262712588055274,0.24262712588055274,0.24262712588055274,784,2.3847276526524386,1.4818515127730927,2.054251137389656,,,-2.3477832429518046,1.1471544814763195,0.23714432006856437,4.13482824091844,0.6164574738473032,0.0,0.0,1.2302979574817674,1.2513852878600131,0.21759024683685768,0.5224414641853409,1.8743296004934147,3.587635608931069,0.5548083259364391,5910
221,2.8363023710617967,-29.573554789412515,0.0871044723110655,0.11844133837925987,-26.531706607660393,-29.573554789412515,nan,0.06068910275381457,0.026415369557250917,2.851390521447438,-29.492449637709214,0.08693983475922105,0.10560619550998057,-26.448513085992573,-29.492449637709214,nan,47.22421542290281,0.3087729274617721,0.0,0.6330875285058666,152.94156716103112,46.0,46.0,,0.0002585985385467564,,,,,,,1.1411585838573655,,0,0.4724189738523784,1.953371314630524,inf,-inf,-0.12590962003836928,0.11028227890257555,-0.06921184089397267,0.07943642080347413,inf,-inf,3.038879365709133,0.24303732919779103,0.24303732919779103,0.24303732919779103,784,2.3847276526524386,1.4818515127730927,2.054251137389656,,,-2.3477832429518046,1.1471544814763195,0.23714432006856437,4.13482824091844,0.6164574738473032,0.0,0.0,1.2302979574817674,1.2513852878600131,0.21759024683685768,0.5224414641853409,1.8743296004934147,3.587635608931069,0.5548083259364391,5910
222,2.8277471631043105,-29.574744607952514,0.08740123072493082,0.11631352211361658,-26.543282692009655,-29.574744607952514,nan,0.06109558686676819,0.026305643858162697,2.851390521447438,-29.492449637709214,0.08693983475922105,0.10560619550998057,-26.448513085992573,-29.492449637709214,nan,56.07757606789735,0.3119427972854308,0.0,0.6282757335017483,179.7687799041752,46.0,46.0,,0.00025824377666869443,,,,,,,1.1411585838573655,,0,0.4724189738523784,1.953371314630524,inf,-inf,-0.1262376172547598,0.1158487837895554,-0.07109478745674436,0.08333591207507057,inf,-inf,3.042897296293734,0.24344959638402197,0.24344959638402197,0.24344959638402197,784,2.3847276526524386,1.4818515127730927,2.054251137389656,,,-2.3477832429518046,1.1471544814763195,0.23714432006856437,4.13482824091844,0.6164574738473032,0.0,0.0,1.2302979574817674,1.2513852878600131,0.21759024683685768,0.5224414641853409,1.8743296004934147,3.587635608931069,0.5548083259364391,5910
223,2.81363098716756,-29.580673110881953,0.08773389828414406,0.11639555033440836,-26.562912675095838,-29.580673110881953,nan,0.06150567628156173,0.026228222002582322,2.851390521447438,-29.492449637709214,0.08693983475922105,0.10560619550998057,-26.448513085992573,-29.492449637709214,nan,49.43362052761495,0.29959435186463884,0.0,0.6152947289476248,165.00184405996342,46.0,46.0,,0.0002578877567977955,,,,,,,1.1411585838573655,,0,0.4724189738523784,1.953371314630524,inf,-inf,-0.12143368168280559,0.1132223710489653,-0.07183346012806502,0.0805886018866693,inf,-inf,3.0487804157901377,0.2437329008035594,0.2437329008035594,0.2437329008035594,784,2.3847276526524386,1.4818515127730927,2.054251137389656,,,-2.3477832429518046,1.1471544814763195,0.23714432006856437,4.13482824091844,0.6164574738473032,0.0,0.0,1.2302979574817674,1.2513852878600131,0.21759024683685768,0.5224414641853409,1.8743296004934147,3.587635608931069,0.5548083259364391,5910
224,2.802753362689182,-29.582493987986354,0.08802244657250895,0.11408462559356146,-26.5776335531311,-29.582493987986354,nan,0.06190871104476475,0.026113735527744184,2.851390521447438,-29.492449637709214,0.08693983475922105,0.10560619550998057,-26.448513085992573,-29.492449637709214,nan,51.681347847039476,0.2989700883546067,0.0,0.6118552094947739,172.86461040791656,46.0,46.0,,0.00025753048327204934,,,,,,,1.1411585838573655,,0,0.4724189738523784,1.953371314630524,inf,-inf,-0.12168763137895412,0.11311271752269425,-0.06967737263445985,0.08216702382626118,inf,-inf,3.052428967789025,0.2440860190457688,0.2440860190457688,0.2440860190457688,784,2.3847276526524386,1.4818515127730927,2.054251137389656,,,-2.3477832429518046,1.1471544814763195,0.23714432006856437,4.13482824091844,0.6164574738473032,0.0,0.0,1.2302979574817674,1.2513852878600131,0.21759024683685768,0.5224414641853409,1.8743296004934147,3.587635608931069,0.5548083259364391,5910
225,2.7946714002376867,-29.58687472873478,0.0883434354367454,0.1144918840958713,-26.589368008964477,-29.58687472873478,nan,0.06231938674109477,0.026024048695650618,2.801575460681743,-29.52466269196874,0.08847448894401516,0.10607432477934091,-26.528538417563638,-29.52466269196874,nan,47.40188755097951,0.29779259213140835,0.0,0.6019435198187625,159.17752423492877,46.0,46.0,,0.0002571719604447212,,,,,,,1.0934219053034153,,0,0.4500604297142732,1.8945262960898985,inf,-inf,-0.12161331065531779,0.11561397181406906,-0.07024196799816748,0.08256806853681672,inf,-inf,3.057917004394443,0.24435826593114895,0.24435826593114895,0.24435826593114895,784,2.3544392247103816,1.4711027531434073,2.041657911300665,,,-2.386658998020124,1.0981320375526147,0.23104530670244278,4.209493150270206,0.6242298071676593,0.0,0.0,1.181054681777831,1.200506071606526,0.21353436969293518,0.4907146783467192,1.8207186864326654,3.7103407881885673,0.5694138006211658,5910
226,2.7802186678293457,-29.589236887526415,0.0886458905939538,0.11120634470066953,-26.609165984402445,-29.589236887526415,nan,0.06272698926982366,0.02591890132413012,2.801575460681743,-29.52466269196874,0.08847448894401516,0.10607432477934091,-26.528538417563638,-29.52466269196874,nan,49.06740388521164,0.2906059892438476,0.0,0.5942503905630858,168.84512261046058,46.0,46.0,,0.0002568121926842985,,,,,,,1.0934219053034153,,0,0.4500604297142732,1.8945262960898985,inf,-inf,-0.12483432157392114,0.11536619759707141,-0.07187763656019538,0.08460421214100197,inf,-inf,3.060200629183539,0.24479611712016494,0.24479611712016494,0.24479611712016494,784,2.3544392247103816,1.4711027531434073,2.041657911300665,,,-2.386658998020124,1.0981320375526147,0.23104530670244278,4.209493150270206,0.6242298071676593,0.0,0.0,1.181054681777831,1.200506071606526,0.21353436969293518,0.4907146783467192,1.8207186864326654,3.7103407881885673,0.5694138006211658,5910
227,2.7740489427914703,-29.592111833743644,0.08898416441426868,0.1103310601515941,-26.618747666386312,-29.592111833743644,nan,0.06314106193996709,0.025843102474301615,2.801575460681743,-29.52466269196874,0.08847448894401516,0.10607432477934091,-26.528538417563638,-29.52466269196874,nan,45.4843904606462,0.288666535193075,0.0,0.5808236580067618,157.5672442606619,46.0,46.0,,0.00025645118437443796,,,,,,,1.0934219053034153,,0,0.4500604297142732,1.8945262960898985,inf,-inf,-0.12165735634374791,0.1176960617921238,-0.0715444870519222,0.08124341049655737,inf,-inf,3.063851712142911,0.24518744263166595,0.24518744263166595,0.24518744263166595,784,2.3544392247103816,1.4711027531434073,2.041657911300665,,,-2.386658998020124,1.0981320375526147,0.23104530670244278,4.209493150270206,0.6242298071676593,0.0,0.0,1.181054681777831,1.200506071606526,0.21353436969293518,0.4907146783467192,1.8207186864326654,3.7103407881885673,0.5694138006211658,5910
228,2.7631539414414514,-29.594762549920386,0.08930871775867373,0.1084593259596644,-26.633840564760597,-29.594762549920386,nan,0.0635483810481192,0.025760336710554502,2.801575460681743,-29.52466269196874,0.08847448894401516,0.10607432477934091,-26.528538417563638,-29.52466269196874,nan,47.23399516135032,0.2891114977947032,0.0,0.5779386860724879,163.3763981081478,46.0,46.0,,0.0002560889399139118,,,,,,,1.0934219053034153,,0,0.4500604297142732,1.8945262960898985,inf,-inf,-0.1192815832884674,0.11768933389964925,-0.07252919176979633,0.08320640705748224,inf,-inf,3.06647906159967,0.24545348759380176,0.24545348759380176,0.24545348759380176,784,2.3544392247103816,1.4711027531434073,2.041657911300665,,,-2.386658998020124,1.0981320375526147,0.23104530670244278,4.209493150270206,0.6242298071676593,0.0,0.0,1.181054681777831,1.200506071606526,0.21353436969293518,0.4907146783467192,1.8207186864326654,3.7103407881885673,0.5694138006211658,5910
229,2.7567446581811414,-29.598212415806085,0.08959052041888552,0.10785966217464349,-26.644017575031416,-29.598212415806085,nan,0.06395471296773422,0.02563580745115131,2.801575460681743,-29.52466269196874,0.08847448894401516,0.10607432477934091,-26.528538417563638,-29.52466269196874,nan,44.305551144440045,0.2880848724109925,0.0,0.5653027939519565,153.79339697237594,46.0,46.0,,0.0002557254637165545,,,,,,,1.0934219053034153,,0,0.4500604297142732,1.8945262960898985,inf,-inf,-0.12054228195475988,0.12013874589933327,-0.07158949476658137,0.08187937250144953,inf,-inf,3.0709786643904313,0.24577149442765917,0.24577149442765917,0.24577149442765917,784,2.3544392247103816,1.4711027531434073,2.041657911300665,,,-2.386658998020124,1.0981320375526147,0.23104530670244278,4.209493150270206,0.6242298071676593,0.0,0.0,1.181054681777831,1.200506071606526,0.21353436969293518,0.4907146783467192,1.8207186864326654,3.7103407881885673,0.5694138006211658,5910
230,2.726004955195993,-29.603390172435578,0.08994180070612835,0.10645106588962626,-26.68099235064383,-29.603390172435578,nan,0.06435727793166635,0.025584522774461972,2.77287391834074,-29.53441896048367,0.09007413429468066,0.09405022947302726,-26.577420678375223,-29.53441896048367,nan,45.48730312841005,0.28069478662238445,0.0,0.5589794020898202,162.05253996969884,46.0,46.0,,0.00025536076021120887,,,,,,,1.0483992135527223,,0,0.428933347482235,1.837694963779134,inf,-inf,-0.1201736039535515,0.11753554292560296,-0.07194531255565814,0.078976349566254,inf,-inf,3.0739310629305128,0.2460626613514992,0.2460626613514992,0.2460626613514992,784,2.3244709569244804,1.460443023301166,2.0313695643328407,,,-2.424911597828855,1.051355840699006,0.22521197568281637,4.284336889556588,0.6318836133089613,0.0,0.0,1.1345100524538803,1.1519597269909418,0.2096932337395154,0.461063038500513,1.7687056746507552,3.836147179359699,0.5838952611570137,5910
231,2.738274248653299,-29.605090114192215,0.09025605767083097,0.10549311514014618,-26.67106669272794,-29.605090114192215,nan,0.0647692048565636,0.0254868528142674,2.77287391834074,-29.53441896048367,0.09007413429468066,0.09405022947302726,-26.577420678375223,-29.53441896048367,nan,49.82424066450138,0.27788812733740814,0.0,0.5505401948625659,179.2960395317841,46.0,46.0,,0.000254994833841672,,,,,,,1.0483992135527223,,0,0.428933347482235,1.837694963779134,inf,-inf,-0.12016659044388854,0.11480083860872173,-0.07510510480146887,0.0819409389601977,inf,-inf,3.076070489133233,0.24641900976984366,0.24641900976984366,0.24641900976984366,784,2.3244709569244804,1.460443023301166,2.0313695643328407,,,-2.424911597828855,1.051355840699006,0.22521197568281637,4.284336889556588,0.6318836133089613,0.0,0.0,1.1345100524538803,1.1519597269909418,0.2096932337395154,0.461063038500513,1.7687056746507552,3.836147179359699,0.5838952611570137,5910
232,2.73899684537384,-29.609568783730627,0.09054628980533681,0.10427956957945343,-26.675746078971997,-29.609568783730627,nan,0.06517471001998237,0.02537157978535444,2.77287391834074,-29.53441896048367,0.09007413429468066,0.09405022947302726,-26.577420678375223,-29.53441896048367,nan,47.47465921222003,0.2806513067967376,0.0,0.5369080462734789,169.15887459809218,46.0,46.0,,0.0002546276890666412,,,,,,,1.0483992135527223,,0,0.428933347482235,1.837694963779134,inf,-inf,-0.12078792543277195,0.12184687054306584,-0.07398375615608249,0.08091911972880268,inf,-inf,3.0783974120883655,0.24672028790187972,0.24672028790187972,0.24672028790187972,784,2.3244709569244804,1.460443023301166,2.0313695643328407,,,-2.424911597828855,1.051355840699006,0.22521197568281637,4.284336889556588,0.6318836133089613,0.0,0.0,1.1345100524538803,1.1519597269909418,0.2096932337395154,0.461063038500513,1.7687056746507552,3.836147179359699,0.5838952611570137,5910
233,2.7127693064483824,-29.611322304381574,0.09090308870447399,0.1033232023628981,-26.704326706865817,-29.611322304381574,nan,0.06558082494897714,0.025322263755496833,2.77287391834074,-29.53441896048367,0.09007413429468066,0.09405022947302726,-26.577420678375223,-29.53441896048367,nan,50.4861006886337,0.27573688076117614,0.0,0.52970986421235,183.09520492603673,46.0,46.0,,0.0002542593303596597,,,,,,,1.0483992135527223,,0,0.428933347482235,1.837694963779134,inf,-inf,-0.11994382589351069,0.11480189312207503,-0.07760124592177314,0.0810020004841789,inf,-inf,3.082275820185872,0.24705999450773578,0.24705999450773578,0.24705999450773578,784,2.3244709569244804,1.460443023301166,2.0313695643328407,,,-2.424911597828855,1.051355840699006,0.22521197568281637,4.284336889556588,0.6318836133089613,0.0,0.0,1.1345100524538803,1.1519597269909418,0.2096932337395154,0.461063038500513,1.7687056746507552,3.836147179359699,0.5838952611570137,5910
234,2.704949572752072,-29.613785250395313,0.09117557578757976,0.10109912450330953,-26.71656097735235,-29.613785250395313,nan,0.06598067359863768,0.025194902188942086,2.77287391834074,-29.53441896048367,0.09007413429468066,0.09405022947302726,-26.577420678375223,-29.53441896048367,nan,47.708208887552935,0.27069315013797185,0.0,0.5252602012042096,176.24461078248984,46.0,46.0,,0.0002538897622090621,,,,,,,1.0483992135527223,,0,0.428933347482235,1.837694963779134,inf,-inf,-0.12136472286928923,0.12151412954036035,-0.07415149854111971,0.08139548318032443,inf,-inf,3.084756289784937,0.247384635564073,0.247384635564073,0.247384635564073,784,2.3244709569244804,1.460443023301166,2.0313695643328407,,,-2.424911597828855,1.051355840699006,0.22521197568281637,4.284336889556588,0.6318836133089613,0.0,0.0,1.1345100524538803,1.1519597269909418,0.2096932337395154,0.461063038500513,1.7687056746507552,3.836147179359699,0.5838952611570137,5910
235,2.6979199038404102,-29.614746422661153,0.09151291196550063,0.10036884664975605,-26.724944760205485,-29.614746422661153,nan,0.06638917789521147,0.02512373407028913,2.7200212087179123,-29.557852257821544,0.09165672247197064,0.09451848226274026,-26.65165584436892,-29.557852257821544,nan,46.45401018168086,0.2697998578652282,0.0,0.5185843078000667,172.179520587019,46.0,46.0,,0.0002535189891179197,,,,,,,1.0062369945914627,,0,0.40948370700260867,1.7830792141152838,inf,-inf,-0.11768964598666516,0.1180846631295836,-0.07692694644143128,0.08176088410734568,inf,-inf,3.087496596513342,0.2475835545082033,0.2475835545082033,0.2475835545082033,784,2.2946614637761424,1.4498506278633314,2.020457897530275,,,-2.4622479288078063,1.0081005488908035,0.21966432657795396,4.354457048284767,0.6389340110924503,0.0,0.0,1.0908925249418882,1.1087294460674972,0.2060557327441772,0.43404083658938947,1.7189684022240437,3.960384040661637,0.5977373017470307,5910
236,2.7030673764549142,-29.62095373759184,0.09183755988263931,0.09958111814903998,-26.72646768310525,-29.62095373759184,nan,0.06679241539768939,0.025045144484949912,2.7200212087179123,-29.557852257821544,0.09165672247197064,0.09451848226274026,-26.65165584436892,-29.557852257821544,nan,48.410696056199384,0.2583540898623094,0.0,0.5058479830349352,187.38118712190703,46.0,46.0,,0.00025314701560398567,,,,,,,1.0062369945914627,,0,0.40948370700260867,1.7830792141152838,inf,-inf,-0.1175551490877625,0.12114280355299456,-0.07529506538542716,0.079520678019612,inf,-inf,3.088639426122123,0.24803365280904374,0.24803365280904374,0.24803365280904374,784,2.2946614637761424,1.4498506278633314,2.020457897530275,,,-2.4622479288078063,1.0081005488908035,0.21966432657795396,4.354457048284767,0.6389340110924503,0.0,0.0,1.0908925249418882,1.1087294460674972,0.2060557327441772,0.43404083658938947,1.7189684022240437,3.960384040661637,0.5977373017470307,5910
237,2.688808054830343,-29.62108935526512,0.09217251416328423,0.09781188290338895,-26.742296903368104,-29.62108935526512,nan,0.06719812172452469,0.024974392438759575,2.7200212087179123,-29.557852257821544,0.09165672247197064,0.09451848226274026,-26.65165584436892,-29.557852257821544,nan,53.31354255412255,0.26171151903925804,0.0,0.4999505424317208,203.71110430995301,46.0,46.0,,0.00025277384619963974,,,,,,,1.0062369945914627,,0,0.40948370700260867,1.7830792141152838,inf,-inf,-0.120276317685249,0.1237899273407126,-0.0736764642297847,0.07977624062724871,inf,-inf,3.0933903481569747,0.24827012825290642,0.24827012825290642,0.24827012825290642,784,2.2946614637761424,1.4498506278633314,2.020457897530275,,,-2.4622479288078063,1.0081005488908035,0.21966432657795396,4.354457048284767,0.6389340110924503,0.0,0.0,1.0908925249418882,1.1087294460674972,0.2060557327441772,0.43404083658938947,1.7189684022240437,3.960384040661637,0.5977373017470307,5910
238,2.6582369647498747,-29.624698383598002,0.09248932244608078,0.0967345557291875,-26.777237540672857,-29.624698383598002,nan,0.06760387667504687,0.024885445771033896,2.7200212087179123,-29.557852257821544,0.09165672247197064,0.09451848226274026,-26.65165584436892,-29.557852257821544,nan,48.80987279480443,0.2551351320596656,0.0,0.49025150757437247,191.30988508234847,46.0,46.0,,0.00025239948545183346,,,,,,,1.0062369945914627,,0,0.40948370700260867,1.7830792141152838,inf,-inf,-0.11722225705124785,0.1232896287863792,-0.07456744809757052,0.07923678127984521,inf,-inf,3.0960277978134565,0.2485741865218519,0.2485741865218519,0.2485741865218519,784,2.2946614637761424,1.4498506278633314,2.020457897530275,,,-2.4622479288078063,1.0081005488908035,0.21966432657795396,4.354457048284767,0.6389340110924503,0.0,0.0,1.0908925249418882,1.1087294460674972,0.2060557327441772,0.43404083658938947,1.7189684022240437,3.960384040661637,0.5977373017470307,5910
239,2.6633171389312302,-29.626765276982194,0.09282317548530845,0.09533302686545392,-26.775291935700203,-29.626765276982194,nan,0.06800426508400491,0.024818910401303552,2.7200212087179123,-29.557852257821544,0.09165672247197064,0.09451848226274026,-26.65165584436892,-29.557852257821544,nan,55.26874496520044,0.2547503118779262,0.0,0.48254872678612876,216.95260962696946,46.0,46.0,,0.0002520239379220343,,,,,,,1.0062369945914627,,0,0.40948370700260867,1.7830792141152838,inf,-inf,-0.11661228218582806,0.11923750067801235,-0.0776852374896233,0.07951158149108063,inf,-inf,3.0991611557345835,0.24881261440257724,0.24881261440257724,0.24881261440257724,784,2.2946614637761424,1.4498506278633314,2.020457897530275,,,-2.4622479288078063,1.0081005488908035,0.21966432657795396,4.354457048284767,0.6389340110924503,0.0,0.0,1.0908925249418882,1.1087294460674972,0.2060557327441772,0.43404083658938947,1.7189684022240437,3.960384040661637,0.5977373017470307,5910
240,2.658823582734151,-29.63185905328735,0.0931078697267172,0.09465628317418688,-26.785271317652292,-29.63185905328735,nan,0.06840531092258893,0.02470255880412828,2.6803349154305858,-29.55985216136594,0.09325759362664562,0.08607057490408299,-26.700189077404623,-29.55985216136594,nan,50.2357198389732,0.2501421032612831,0.0,0.47755646067824886,200.82872568837422,46.0,46.0,,0.0002516472081861705,,,,,,,0.9665903692991457,,0,0.3912307837647322,1.7294344595862028,inf,-inf,-0.11777310731146655,0.11818964714124268,-0.07697374673657617,0.07840052353087107,inf,-inf,3.0999248511384865,0.2491848529171039,0.2491848529171039,0.2491848529171039,784,2.264796932110371,1.4392734590603917,2.0090302554501256,,,-2.498798623729781,0.9665068450258281,0.21433609809853982,4.420496881518923,0.6454710885285899,0.0,0.0,1.0499194936907492,1.0673676930695088,0.2026708744537516,0.40894811620513283,1.6706214876278864,4.08516733890488,0.6112098510457937,5910
241,2.6380663847143446,-29.633822903797398,0.09342365965564667,0.0939067778074683,-26.80842608161994,-29.633822903797398,nan,0.06880681094415465,0.02461684871149201,2.6803349154305858,-29.55985216136594,0.09325759362664562,0.08607057490408299,-26.700189077404623,-29.55985216136594,nan,52.25844498145056,0.25165944177722926,0.0,0.4673324948338685,207.6554116642685,46.0,46.0,,0.00025126930083457495,,,,,,,0.9665903692991457,,0,0.3912307837647322,1.7294344595862028,inf,-inf,-0.11503162356022223,0.11725630894671157,-0.07519195719767019,0.08144465448818666,inf,-inf,3.1031082706583555,0.24936490497727562,0.24936490497727562,0.24936490497727562,784,2.264796932110371,1.4392734590603917,2.0090302554501256,,,-2.498798623729781,0.9665068450258281,0.21433609809853982,4.420496881518923,0.6454710885285899,0.0,0.0,1.0499194936907492,1.0673676930695088,0.2026708744537516,0.40894811620513283,1.6706214876278864,4.08516733890488,0.6112098510457937,5910
242,2.6597955676136285,-29.63677139101732,0.09375515928338135,0.09310235198037078,-26.79011831213994,-29.63677139101732,nan,0.06921274234191652,0.024542416941464834,2.6803349154305858,-29.55985216136594,0.09325759362664562,0.08607057490408299,-26.700189077404623,-29.55985216136594,nan,48.778022571522285,0.2479373181523364,0.0,0.4614545331862582,196.7352996113007,46.0,46.0,,0.00025089022047192943,,,,,,,0.9665903692991457,,0,0.3912307837647322,1.7294344595862028,inf,-inf,-0.11508659606940898,0.12775116116535246,-0.07508900852003358,0.07881916205063094,inf,-inf,3.104830681076487,0.24959660119959648,0.24959660119959648,0.24959660119959648,784,2.264796932110371,1.4392734590603917,2.0090302554501256,,,-2.498798623729781,0.9665068450258281,0.21433609809853982,4.420496881518923,0.6454710885285899,0.0,0.0,1.0499194936907492,1.0673676930695088,0.2026708744537516,0.40894811620513283,1.6706214876278864,4.08516733890488,0.6112098510457937,5910
243,2.6324607924365826,-29.637406050781518,0.09403214683580992,0.09132903525805613,-26.81958407625107,-29.637406050781518,nan,0.06960804223768453,0.02442410459812541,2.6803349154305858,-29.55985216136594,0.09325759362664562,0.08607057490408299,-26.700189077404623,-29.55985216136594,nan,45.82419234107616,0.24720251402569884,0.0,0.45340313690669415,185.371061138611,46.0,46.0,,0.0002505099717172086,,,,,,,0.9665903692991457,,0,0.3912307837647322,1.7294344595862028,inf,-inf,-0.1141453566968423,0.12397307666605076,-0.078779404651513,0.0793696448686464,inf,-inf,3.1057092871820418,0.24986501205369271,0.24986501205369271,0.24986501205369271,784,2.264796932110371,1.4392734590603917,2.0090302554501256,,,-2.498798623729781,0.9665068450258281,0.21433609809853982,4.420496881518923,0.6454710885285899,0.0,0.0,1.0499194936907492,1.0673676930695088,0.2026708744537516,0.40894811620513283,1.6706214876278864,4.08516733890488,0.6112098510457937,5910
244,2.63428378565269,-29.640485362822204,0.09438341610543573,0.09080020671867184,-26.821017954345404,-29.640485362822204,nan,0.0700088852701671,0.024374530835268627,2.6803349154305858,-29.55985216136594,0.09325759362664562,0.08607057490408299,-26.700189077404623,-29.55985216136594,nan,45.565904889035316,0.24283983170348922,0.0,0.4468126040941577,187.6376892925536,46.0,46.0,,0.00025012855920362347,,,,,,,0.9665903692991457,,0,0.3912307837647322,1.7294344595862028,inf,-inf,-0.11762139663515926,0.12213331512851838,-0.0769249245059463,0.08100873389533317,inf,-inf,3.1094641224845647,0.2501912272234119,0.2501912272234119,0.2501912272234119,784,2.264796932110371,1.4392734590603917,2.0090302554501256,,,-2.498798623729781,0.9665068450258281,0.21433609809853982,4.420496881518923,0.6454710885285899,0.0,0.0,1.0499194936907492,1.0673676930695088,0.2026708744537516,0.40894811620513283,1.6706214876278864,4.08516733890488,0.6112098510457937,5910
245,2.6350385900099353,-29.644755028618423,0.09468450409077948,0.0901134953905829,-26.824918439127128,-29.644755028618423,nan,0.07040840821623115,0.024276095874548317,2.645175641630784,-29.58691507987335,0.09481519662662327,0.08650129946640386,-26.760422942149535,-29.58691507987335,nan,49.22325378051046,0.24010076730134888,0.0,0.4370660784793218,205.01081414175857,46.0,46.0,,0.00024974598757856526,,,,,,,0.9294066264240329,,0,0.374927466927012,1.6830482959383195,inf,-inf,-0.11431514827293843,0.12103566019294389,-0.07678825578180278,0.07985236012552226,inf,-inf,3.1108692588549225,0.2503036308849247,0.2503036308849247,0.2503036308849247,784,2.2354217749508307,1.4288549869114457,1.995324761306321,,,-2.5344890510659868,0.9270010244464517,0.20930831400778405,4.488997057838823,0.652149320758128,0.0,0.0,1.0113825225126947,1.027711349559926,0.19943799131215997,0.38551678496915354,1.6273297054670965,4.221164340736304,0.6254322606797713,5910
246,2.6151351147266935,-29.647092682520732,0.0949964213382724,0.08927246663089673,-26.84768867982487,-29.647092682520732,nan,0.07080502462452096,0.024191396713751454,2.645175641630784,-29.58691507987335,0.09481519662662327,0.08650129946640386,-26.760422942149535,-29.58691507987335,nan,50.47315496295781,0.23371532792152394,0.0,0.4319863656294974,215.95996895807147,46.0,46.0,,0.00024936226150354835,,,,,,,0.9294066264240329,,0,0.374927466927012,1.6830482959383195,inf,-inf,-0.11333684465804907,0.1233964169486448,-0.07636174579522398,0.0803595838496807,inf,-inf,3.1128391304656806,0.25066285075050687,0.25066285075050687,0.25066285075050687,784,2.2354217749508307,1.4288549869114457,1.995324761306321,,,-2.5344890510659868,0.9270010244464517,0.20930831400778405,4.488997057838823,0.652149320758128,0.0,0.0,1.0113825225126947,1.027711349559926,0.19943799131215997,0.38551678496915354,1.6273297054670965,4.221164340736304,0.6254322606797713,5910
247,2.6285514788870334,-29.64973522322862,0.09532887639053811,0.0890376324973139,-26.836817235453736,-29.64973522322862,nan,0.07119994464758381,0.024128931742954274,2.645175641630784,-29.58691507987335,0.09481519662662327,0.08650129946640386,-26.760422942149535,-29.58691507987335,nan,42.365527301479695,0.23577782367271946,0.0,0.42345209875010786,179.68410532233432,46.0,46.0,,0.00024897738565415395,,,,,,,0.9294066264240329,,0,0.374927466927012,1.6830482959383195,inf,-inf,-0.11490556281019314,0.1263267180609296,-0.07931035414596478,0.08061441521238695,inf,-inf,3.1141095363441282,0.250847051022213,0.250847051022213,0.250847051022213,784,2.2354217749508307,1.4288549869114457,1.995324761306321,,,-2.5344890510659868,0.9270010244464517,0.20930831400778405,4.488997057838823,0.652149320758128,0.0,0.0,1.0113825225126947,1.027711349559926,0.19943799131215997,0.38551678496915354,1.6273297054670965,4.221164340736304,0.6254322606797713,5910
248,2.6082874111245813,-29.65183879786157,0.09563455211382123,0.08808405277298217,-26.859832781850184,-29.65183879786157,nan,0.07159778899033378,0.024036763123487424,2.645175641630784,-29.58691507987335,0.09481519662662327,0.08650129946640386,-26.760422942149535,-29.58691507987335,nan,52.97824573510229,0.2378090625639045,0.0,0.4159600630452907,222.7763953313002,46.0,46.0,,0.00024859136471997286,,,,,,,0.9294066264240329,,0,0.374927466927012,1.6830482959383195,inf,-inf,-0.11444235641793762,0.12410181874787053,-0.07662732981666445,0.08035517294381894,inf,-inf,3.1159452712565376,0.25117358093103737,0.25117358093103737,0.25117358093103737,784,2.2354217749508307,1.4288549869114457,1.995324761306321,,,-2.5344890510659868,0.9270010244464517,0.20930831400778405,4.488997057838823,0.652149320758128,0.0,0.0,1.0113825225126947,1.027711349559926,0.19943799131215997,0.38551678496915354,1.6273297054670965,4.221164340736304,0.6254322606797713,5910
249,2.6074242170064976,-29.653436758485714,0.09594184953901556,0.08737574060846517,-26.862694951331736,-29.653436758485714,nan,0.07199566729115145,0.023946182247864142,2.645175641630784,-29.58691507987335,0.09481519662662327,0.08650129946640386,-26.760422942149535,-29.58691507987335,nan,48.6924733297276,0.23363864325043493,0.0,0.41345670608859825,208.40933097499038,46.0,46.0,,0.0002482042034045483,,,,,,,0.9294066264240329,,0,0.374927466927012,1.6830482959383195,inf,-inf,-0.11411501475000153,0.1252935054893319,-0.07847533544646408,0.08191341356723889,inf,-inf,3.1178897075195415,0.25130859712742004,0.25130859712742004,0.25130859712742004,784,2.2354217749508307,1.4288549869114457,1.995324761306321,,,-2.5344890510659868,0.9270010244464517,0.20930831400778405,4.488997057838823,0.652149320758128,0.0,0.0,1.0113825225126947,1.027711349559926,0.19943799131215997,0.38551678496915354,1.6273297054670965,4.221164340736304,0.6254322606797713,5910
250,2.58018206200007,-29.655217714911604,0.09627449638859355,0.08622095507617174,-26.892540201446767,-29.655217714911604,nan,0.07239509423929366,0.023879402149299865,2.6173374193056667,-29.58312346575736,0.09642617272226464,0.08110137795525148,-26.788258495774176,-29.58312346575736,nan,46.12567398653925,0.2327303527479393,0.0,0.3994571383989673,198.19363242445678,46.0,46.0,,0.0002478159064253186,,,,,,,0.8944441847900904,,0,0.35834391859519316,1.6360168310972587,inf,-inf,-0.11268885064197628,0.12285197557673755,-0.07865372680579846,0.0843495403527325,inf,-inf,3.119225087784731,0.25157799096948186,0.25157799096948186,0.25157799096948186,784,2.2064052708489683,1.4185242628542938,1.98364961010244,,,-2.5693850848904662,0.8902545495646531,0.20452855454667757,4.5654934999619785,0.659487728798327,0.0,0.0,0.9751834742017379,0.9903611779131387,0.19647785816506425,0.36427897801940756,1.5836810457596588,4.34744012506614,0.6382336094136933,5910
251,2.591301220142779,-29.65819109367801,0.09660607031437385,0.08505682018235854,-26.8852269830385,-29.65819109367801,nan,0.07278837790238377,0.02381769241199007,2.6173374193056667,-29.58312346575736,0.09642617272226464,0.08110137795525148,-26.788258495774176,-29.58312346575736,nan,45.78085086780057,0.22475783165567154,0.0,0.3971099755950165,203.68968026856888,46.0,46.0,,0.0002474264785135601,,,,,,,0.8944441847900904,,0,0.35834391859519316,1.6360168310972587,inf,-inf,-0.10889739944848033,0.12091233122284571,-0.07731031679297916,0.08444479953723141,inf,-inf,3.1214391170454423,0.25173421045949146,0.25173421045949146,0.25173421045949146,784,2.2064052708489683,1.4185242628542938,1.98364961010244,,,-2.5693850848904662,0.8902545495646531,0.20452855454667757,4.5654934999619785,0.659487728798327,0.0,0.0,0.9751834742017379,0.9903611779131387,0.19647785816506425,0.36427897801940756,1.5836810457596588,4.34744012506614,0.6382336094136933,5910
252,2.5667741185339454,-29.661003306341605,0.09686824852178683,0.08454285756746471,-26.91281808171841,-29.661003306341605,nan,0.07317517154250837,0.023693076979278426,2.6173374193056667,-29.58312346575736,0.09642617272226464,0.08110137795525148,-26.788258495774176,-29.58312346575736,nan,44.29589827326098,0.224800429027243,0.0,0.38620735790337796,197.04543476602026,46.0,46.0,,0.0002470359244143289,,,,,,,0.8944441847900904,,0,0.35834391859519316,1.6360168310972587,inf,-inf,-0.11205902917378026,0.12328611555271869,-0.07754709092356035,0.08137048912133774,inf,-inf,3.121460870127847,0.2518920480616415,0.2518920480616415,0.2518920480616415,784,2.2064052708489683,1.4185242628542938,1.98364961010244,,,-2.5693850848904662,0.8902545495646531,0.20452855454667757,4.5654934999619785,0.659487728798327,0.0,0.0,0.9751834742017379,0.9903611779131387,0.19647785816506425,0.36427897801940756,1.5836810457596588,4.34744012506614,0.6382336094136933,5910
253,2.572022129282307,-29.66144119444129,0.09720618839807853,0.08295104813563654,-26.90926182862527,-29.66144119444129,nan,0.07356752980965914,0.023638658588419383,2.6173374193056667,-29.58312346575736,0.09642617272226464,0.08110137795525148,-26.788258495774176,-29.58312346575736,nan,48.20827001611595,0.22560652280864377,0.0,0.38311644840897613,213.68296189293034,46.0,46.0,,0.0002466442488864035,,,,,,,0.8944441847900904,,0,0.35834391859519316,1.6360168310972587,inf,-inf,-0.1096222404750739,0.12292531072007121,-0.08010171417509858,0.08500760197813846,inf,-inf,3.1217114041540963,0.25223777494513466,0.25223777494513466,0.25223777494513466,784,2.2064052708489683,1.4185242628542938,1.98364961010244,,,-2.5693850848904662,0.8902545495646531,0.20452855454667757,4.5654934999619785,0.659487728798327,0.0,0.0,0.9751834742017379,0.9903611779131387,0.19647785816506425,0.36427897801940756,1.5836810457596588,4.34744012506614,0.6382336094136933,5910
254,2.5636138582884165,-29.666362986709032,0.0975250894123354,0.08294397343737403,-26.922280065570906,-29.666362986709032,nan,0.07395606152550141,0.023569027886833994,2.6173374193056667,-29.58312346575736,0.09642617272226464,0.08110137795525148,-26.788258495774176,-29.58312346575736,nan,50.40238342734145,0.22466777565826915,0.0,0.37728142221122335,224.34184555245687,46.0,46.0,,0.00024625145670222656,,,,,,,0.8944441847900904,,0,0.35834391859519316,1.6360168310972587,inf,-inf,-0.11148856572735664,0.12157934584509854,-0.07935419089441262,0.08171908419060027,inf,-inf,3.124929593724667,0.25233224381140035,0.25233224381140035,0.25233224381140035,784,2.2064052708489683,1.4185242628542938,1.98364961010244,,,-2.5693850848904662,0.8902545495646531,0.20452855454667757,4.5654934999619785,0.659487728798327,0.0,0.0,0.9751834742017379,0.9903611779131387,0.19647785816506425,0.36427897801940756,1.5836810457596588,4.34744012506614,0.6382336094136933,5910
255,2.5534099847603486,-29.667610239510545,0.09783020313251414,0.08245162642491176,-26.93391842519277,-29.667610239510545,nan,0.07434635577267831,0.02348384735983582,2.575352442600593,-29.599431083287932,0.09795293382253836,0.08263631137804527,-26.843489395486756,-29.599431083287932,nan,44.86460085033587,0.217443433688892,0.0,0.3681801593546099,206.32768757012025,46.0,46.0,,0.0002458575526478469,,,,,,,0.8617774781802598,,0,0.33944206916378167,1.5922189134393545,inf,-inf,-0.11030527923690178,0.1257417948911903,-0.07713255586134082,0.08263325020248888,inf,-inf,3.126575760658769,0.2524586700491408,0.2524586700491408,0.2524586700491408,784,2.1779483358248926,1.4083868716865748,1.971723366277062,,,-2.603279082530932,0.8557648271043555,0.200030807697596,4.690694106837726,0.6712371123238334,0.0,0.0,0.9413530509944212,0.9560546048456928,0.19369903558703153,0.3447632690489148,1.5430660251322166,4.475726284267502,0.6508635191281976,5910
256,2.546923242197943,-29.668848799717832,0.09813321501164443,0.08178154813304986,-26.942010794375193,-29.668848799717832,nan,0.0747347242802955,0.02339849073134894,2.575352442600593,-29.599431083287932,0.09795293382253836,0.08263631137804527,-26.843489395486756,-29.599431083287932,nan,49.88222697594289,0.2162341974329715,0.0,0.3603628424126743,230.68611518492784,46.0,46.0,,0.00024546254152286117,,,,,,,0.8617774781802598,,0,0.33944206916378167,1.5922189134393545,inf,-inf,-0.10804887063985165,0.12077842513785969,-0.07963493062470879,0.0808640831430579,inf,-inf,3.125189392698089,0.2527277491626061,0.2527277491626061,0.2527277491626061,784,2.1779483358248926,1.4083868716865748,1.971723366277062,,,-2.603279082530932,0.8557648271043555,0.200030807697596,4.690694106837726,0.6712371123238334,0.0,0.0,0.9413530509944212,0.9560546048456928,0.19369903558703153,0.3447632690489148,1.5430660251322166,4.475726284267502,0.6508635191281976,5910
257,2.550795806679365,-29.671768205923332,0.09845165322456735,0.08094224044268226,-26.941578505576718,-29.671768205923332,nan,0.0751226975078167,0.02332895571675063,2.575352442600593,-29.599431083287932,0.09795293382253836,0.08263631137804527,-26.843489395486756,-29.599431083287932,nan,59.70415516419393,0.2166548396626128,0.0,0.3557293130786287,275.5726816773104,46.0,46.0,,0.0002450664281403552,,,,,,,0.8617774781802598,,0,0.33944206916378167,1.5922189134393545,inf,-inf,-0.11159979668144955,0.11930242273411533,-0.08065776444842382,0.08436414306529137,inf,-inf,3.1257665646737496,0.2529267758796192,0.2529267758796192,0.2529267758796192,784,2.1779483358248926,1.4083868716865748,1.971723366277062,,,-2.603279082530932,0.8557648271043555,0.200030807697596,4.690694106837726,0.6712371123238334,0.0,0.0,0.9413530509944212,0.9560546048456928,0.19369903558703153,0.3447632690489148,1.5430660251322166,4.475726284267502,0.6508635191281976,5910
258,2.5375607049104327,-29.674079268303554,0.09877060779880305,0.08070063419372223,-26.957047321400598,-29.674079268303554,nan,0.07550352233058433,0.023267085468218672,2.575352442600593,-29.599431083287932,0.09795293382253836,0.08263631137804527,-26.843489395486756,-29.599431083287932,nan,49.45046550620861,0.21441323075966492,0.0,0.35123970113432135,230.63159549905515,46.0,46.0,,0.0002446692173268456,,,,,,,0.8617774781802598,,0,0.33944206916378167,1.5922189134393545,inf,-inf,-0.11022250083034962,0.12133451428142594,-0.08165349911524726,0.084059517709745,inf,-inf,3.128831916693953,0.25322051369701176,0.25322051369701176,0.25322051369701176,784,2.1779483358248926,1.4083868716865748,1.971723366277062,,,-2.603279082530932,0.8557648271043555,0.200030807697596,4.690694106837726,0.6712371123238334,0.0,0.0,0.9413530509944212,0.9560546048456928,0.19369903558703153,0.3447632690489148,1.5430660251322166,4.475726284267502,0.6508635191281976,5910
259,2.546326640696651,-29.67722722490545,0.09909346415149252,0.08070275144047726,-26.95110436861683,-29.67722722490545,nan,0.07589064214335882,0.023202822008133683,2.575352442600593,-29.599431083287932,0.09795293382253836,0.08263631137804527,-26.843489395486756,-29.599431083287932,nan,57.52550651652996,0.21048571611772873,0.0,0.3439784541554937,273.29886121277144,46.0,46.0,,0.00024427091392222066,,,,,,,0.8617774781802598,,0,0.33944206916378167,1.5922189134393545,inf,-inf,-0.10794910911730471,0.12516327787600745,-0.0817352437849275,0.08331072691134456,inf,-inf,3.130240138361469,0.2533959608435807,0.2533959608435807,0.2533959608435807,784,2.1779483358248926,1.4083868716865748,1.971723366277062,,,-2.603279082530932,0.8557648271043555,0.200030807697596,4.690694106837726,0.6712371123238334,0.0,0.0,0.9413530509944212,0.9560546048456928,0.19369903558703153,0.3447632690489148,1.5430660251322166,4.475726284267502,0.6508635191281976,5910
260,2.5440723651320694,-29.677853813282912,0.09938555552085977,0.0801531765007721,-26.954242716129208,-29.677853813282912,nan,0.0762717668809868,0.023113788639872988,2.5597604216059304,-29.622016925229985,0.09949974504828113,0.07921368472168855,-26.883543073854085,-29.622016925229985,nan,53.165750429254025,0.20654237065245282,0.0,0.33330303451928617,257.40844486923993,46.0,46.0,,0.00024387152277968182,,,,,,,0.8312193238324821,,0,0.32162311504183144,1.5508743966169305,inf,-inf,-0.10749517968977398,0.12341912466534607,-0.07956952305731496,0.08255320314935057,inf,-inf,3.130830666407341,0.2534886313164077,0.2534886313164077,0.2534886313164077,784,2.150007121711497,1.3984058749209358,1.9590851631288164,,,-2.6361890209822496,0.8241960238922088,0.19580462416360206,4.822024052640677,0.6832293723423615,0.0,0.0,0.9097225789040239,0.9247000281429227,0.19115189222307336,0.3263584792519824,1.5050981800972605,4.6117943175460425,0.6638699298571149,5910
261,2.529637609777354,-29.68087840266919,0.0996798792427162,0.07854978794725001,-26.97301112570187,-29.68087840266919,nan,0.07665733962826257,0.02302253961445366,2.5597604216059304,-29.622016925229985,0.09949974504828113,0.07921368472168855,-26.883543073854085,-29.622016925229985,nan,48.92032475610714,0.20470004427139207,0.0,0.32944422151477737,238.98541365847677,46.0,46.0,,0.00024347104876568402,,,,,,,0.8312193238324821,,0,0.32162311504183144,1.5508743966169305,inf,-inf,-0.1096455990586272,0.1185364509133908,-0.08169360747641692,0.0822937991608985,inf,-inf,3.131069540822251,0.2537684136214328,0.2537684136214328,0.2537684136214328,784,2.150007121711497,1.3984058749209358,1.9590851631288164,,,-2.6361890209822496,0.8241960238922088,0.19580462416360206,4.822024052640677,0.6832293723423615,0.0,0.0,0.9097225789040239,0.9247000281429227,0.19115189222307336,0.3263584792519824,1.5050981800972605,4.6117943175460425,0.6638699298571149,5910
262,2.5095751291376343,-29.68302747892845,0.1000126545262808,0.0782094797350626,-26.995230215529475,-29.68302747892845,nan,0.07703211678695873,0.02298053773932206,2.5597604216059304,-29.622016925229985,0.09949974504828113,0.07921368472168855,-26.883543073854085,-29.622016925229985,nan,51.39908944110668,0.2060620279168049,0.0,0.32141565363908653,249.4350364340705,46.0,46.0,,0.00024306949675987678,,,,,,,0.8312193238324821,,0,0.32162311504183144,1.5508743966169305,inf,-inf,-0.10912712773875674,0.11907727469738705,-0.08164917989128875,0.0852217070668873,inf,-inf,3.1322791978529883,0.25397990221652733,0.25397990221652733,0.25397990221652733,784,2.150007121711497,1.3984058749209358,1.9590851631288164,,,-2.6361890209822496,0.8241960238922088,0.19580462416360206,4.822024052640677,0.6832293723423615,0.0,0.0,0.9097225789040239,0.9247000281429227,0.19115189222307336,0.3263584792519824,1.5050981800972605,4.6117943175460425,0.6638699298571149,5910
263,2.5249059257487123,-29.683341760328656,0.10029994266178693,0.07764141083579666,-26.98049448108236,-29.683341760328656,nan,0.07740507236054874,0.022894870301238157,2.5597604216059304,-29.622016925229985,0.09949974504828113,0.07921368472168855,-26.883543073854085,-29.622016925229985,nan,44.06780541557986,0.20855799630116215,0.0,0.3205910869742175,211.2976064075003,46.0,46.0,,0.00024266687165504455,,,,,,,0.8312193238324821,,0,0.32162311504183144,1.5508743966169305,inf,-inf,-0.1065080862478933,0.12361047659763864,-0.08111872382361202,0.08277851829464836,inf,-inf,3.1325567994332455,0.254105601205946,0.254105601205946,0.254105601205946,784,2.150007121711497,1.3984058749209358,1.9590851631288164,,,-2.6361890209822496,0.8241960238922088,0.19580462416360206,4.822024052640677,0.6832293723423615,0.0,0.0,0.9097225789040239,0.9247000281429227,0.19115189222307336,0.3263584792519824,1.5050981800972605,4.6117943175460425,0.6638699298571149,5910
264,2.516702015929258,-29.683298247980158,0.10063063725715961,0.07677188206748772,-26.989193712726255,-29.683298247980158,nan,0.07778921928760377,0.02284141796955579,2.5597604216059304,-29.622016925229985,0.09949974504828113,0.07921368472168855,-26.883543073854085,-29.622016925229985,nan,51.0753471952566,0.20197993714579052,0.0,0.31542703573756814,252.87336909304045,46.0,46.0,,0.00024226317835704722,,,,,,,0.8312193238324821,,0,0.32162311504183144,1.5508743966169305,inf,-inf,-0.10687215045881093,0.11927987760276218,-0.08016428741145112,0.08097604456418929,inf,-inf,3.1330625092809123,0.2542374499244685,0.2542374499244685,0.2542374499244685,784,2.150007121711497,1.3984058749209358,1.9590851631288164,,,-2.6361890209822496,0.8241960238922088,0.19580462416360206,4.822024052640677,0.6832293723423615,0.0,0.0,0.9097225789040239,0.9247000281429227,0.19115189222307336,0.3263584792519824,1.5050981800972605,4.6117943175460425,0.6638699298571149,5910
265,2.5163193746026233,-29.688859311398073,0.10093429384679922,0.07698004987752496,-26.994625593071127,-29.688859311398073,nan,0.07817400346401202,0.022760290382787228,2.51351560378283,-29.60856927609555,0.10105212622010766,0.0688743076842001,-26.925127238408415,-29.60856927609555,nan,46.92663518204068,0.20354313173106456,0.0,0.3076276228413774,230.54885115968165,46.0,46.0,,0.00024185842178476013,,,,,,,0.8025015792675584,,0,0.30520898440879146,1.5113790594435668,inf,-inf,-0.10442785720185961,0.12428312885605054,-0.08091480575798495,0.08251467559866794,inf,-inf,3.1344588749998743,0.25438718125417986,0.25438718125417986,0.25438718125417986,784,2.1225615671019717,1.388564437899301,1.9471578836262258,,,-2.6682742876484844,0.7939631273145362,0.19179721468882704,4.951948129479874,0.6947760869008647,0.0,0.0,0.8799789381105232,0.8956505725917261,0.1887413983857327,0.3094105039725847,1.4685496994848974,4.746282626575012,0.6763535955558682,5910
266,2.495364103143428,-29.688057490507582,0.10125200189848757,0.07552468182278652,-27.01591670364288,-29.688057490507582,nan,0.07855541419817519,0.022696587700312368,2.51351560378283,-29.60856927609555,0.10105212622010766,0.0688743076842001,-26.925127238408415,-29.60856927609555,nan,45.76922116206689,0.19677109910529397,0.0,0.30448263820388255,232.60133917113188,46.0,46.0,,0.00024145260687001446,,,,,,,0.8025015792675584,,0,0.30520898440879146,1.5113790594435668,inf,-inf,-0.10678178402926092,0.12507294730243873,-0.07977166766427463,0.08258208385154507,inf,-inf,3.136392962238336,0.25462159965956016,0.25462159965956016,0.25462159965956016,784,2.1225615671019717,1.388564437899301,1.9471578836262258,,,-2.6682742876484844,0.7939631273145362,0.19179721468882704,4.951948129479874,0.6947760869008647,0.0,0.0,0.8799789381105232,0.8956505725917261,0.1887413983857327,0.3094105039725847,1.4685496994848974,4.746282626575012,0.6763535955558682,5910
267,2.496986514149636,-29.69081323881782,0.10157684713594946,0.07493600265765178,-27.017313874874585,-29.69081323881782,nan,0.07893089918083654,0.0226459479551129,2.51351560378283,-29.60856927609555,0.10105212622010766,0.0688743076842001,-26.925127238408415,-29.60856927609555,nan,44.96614166814039,0.19873142358879176,0.0,0.2977214311239767,226.2658861699838,46.0,46.0,,0.00024104573855753686,,,,,,,0.8025015792675584,,0,0.30520898440879146,1.5113790594435668,inf,-inf,-0.10546641881870793,0.115970386506277,-0.08041071132109727,0.0831042053003217,inf,-inf,3.1381683022516813,0.2547330428566062,0.2547330428566062,0.2547330428566062,784,2.1225615671019717,1.388564437899301,1.9471578836262258,,,-2.6682742876484844,0.7939631273145362,0.19179721468882704,4.951948129479874,0.6947760869008647,0.0,0.0,0.8799789381105232,0.8956505725917261,0.1887413983857327,0.3094105039725847,1.4685496994848974,4.746282626575012,0.6763535955558682,5910
268,2.4853782667902102,-29.691088410713594,0.10188805097607719,0.074750231597381,-27.029071861349927,-29.691088410713594,nan,0.07930493612955822,0.022583114846518985,2.51351560378283,-29.60856927609555,0.10105212622010766,0.0688743076842001,-26.925127238408415,-29.60856927609555,nan,45.29406374831257,0.20314847743954198,0.0,0.2939853973970362,222.9603899531677,46.0,46.0,,0.00024063782180488934,,,,,,,0.8025015792675584,,0,0.30520898440879146,1.5113790594435668,inf,-inf,-0.10672005072266252,0.11850759090227823,-0.08266181738757188,0.08183748509336064,inf,-inf,3.138842277669342,0.25481455350018617,0.25481455350018617,0.25481455350018617,784,2.1225615671019717,1.388564437899301,1.9471578836262258,,,-2.6682742876484844,0.7939631273145362,0.19179721468882704,4.951948129479874,0.6947760869008647,0.0,0.0,0.8799789381105232,0.8956505725917261,0.1887413983857327,0.3094105039725847,1.4685496994848974,4.746282626575012,0.6763535955558682,5910
269,2.478131842337782,-29.695697823659394,0.10220329807610924,0.07511605299000672,-27.040246630255496,-29.695697823659394,nan,0.07967966526012786,0.02252363281598135,2.51351560378283,-29.60856927609555,0.10105212622010766,0.0688743076842001,-26.925127238408415,-29.60856927609555,nan,49.869549975287,0.19540202343511268,0.0,0.2881461622884736,255.21511547625926,46.0,46.0,,0.00024022886158240876,,,,,,,0.8025015792675584,,0,0.30520898440879146,1.5113790594435668,inf,-inf,-0.10459093538798149,0.12355025758991102,-0.08135150169798586,0.08263424753932008,inf,-inf,3.138471017414332,0.25494165668522284,0.25494165668522284,0.25494165668522284,784,2.1225615671019717,1.388564437899301,1.9471578836262258,,,-2.6682742876484844,0.7939631273145362,0.19179721468882704,4.951948129479874,0.6947760869008647,0.0,0.0,0.8799789381105232,0.8956505725917261,0.1887413983857327,0.3094105039725847,1.4685496994848974,4.746282626575012,0.6763535955558682,5910
270,2.480653845552621,-29.695575997426864,0.10251582431677614,0.07457036099172523,-27.037835966565744,-29.695575997426864,nan,0.08005333339099999,0.022462490925776145,2.4872003647340413,-29.625492480866114,0.10264154034771635,0.06985284733669583,-26.965797728447665,-29.625492480866114,nan,48.8676011498023,0.19714547137693,0.0,0.2823634050607865,247.8758492827383,46.0,46.0,,0.00023981886287314643,,,,,,,0.775397783841452,,0,0.29019687154245,1.473000508454261,inf,-inf,-0.10419209052632354,0.12111854068418701,-0.0804992710612488,0.0801466260149242,inf,-inf,3.1372045241198814,0.2551871559374371,0.2551871559374371,0.2551871559374371,784,2.095826196932724,1.378909891091449,1.9368011929382516,,,-2.6996542411772957,0.7653342714913278,0.18798532018545291,5.075866258050926,0.7055101705235964,0.0,0.0,0.8519467666540668,0.8675288861115695,0.18648874333744916,0.2939700036456631,1.4338114997862925,4.877407497380372,0.6881890415195093,5910
271,2.4742301616927938,-29.697306985225612,0.10284064035935585,0.07442987448460804,-27.045806308688853,-29.697306985225612,nan,0.08042580350676483,0.022414836852591026,2.4872003647340413,-29.625492480866114,0.10264154034771635,0.06985284733669583,-26.965797728447665,-29.625492480866114,nan,48.300230066269485,0.19501785232917773,0.0,0.27536362976443257,247.67081315582212,46.0,46.0,,0.00023940783067280712,,,,,,,0.775397783841452,,0,0.29019687154245,1.473000508454261,inf,-inf,-0.10689559901783807,0.11790072802212519,-0.08196538112182282,0.08365011012050173,inf,-inf,3.1375001159020672,0.25533849238460843,0.25533849238460843,0.25533849238460843,784,2.095826196932724,1.378909891091449,1.9368011929382516,,,-2.6996542411772957,0.7653342714913278,0.18798532018545291,5.075866258050926,0.7055101705235964,0.0,0.0,0.8519467666540668,0.8675288861115695,0.18648874333744916,0.2939700036456631,1.4338114997862925,4.877407497380372,0.6881890415195093,5910
272,2.4621007083824966,-29.6984706713009,0.10316292594811773,0.07307001130633846,-27.060137025663945,-29.6984706713009,nan,0.08079088562461367,0.02237204032350405,2.4872003647340413,-29.625492480866114,0.10264154034771635,0.06985284733669583,-26.965797728447665,-29.625492480866114,nan,50.25242562389208,0.18899222966409754,0.0,0.2696888977113081,265.8967816465654,46.0,46.0,,0.00023899576998968858,,,,,,,0.775397783841452,,0,0.29019687154245,1.473000508454261,inf,-inf,-0.10200923351406749,0.12003088399292536,-0.08245852926731476,0.08319341528521537,inf,-inf,3.140607118897971,0.2553777253740788,0.2553777253740788,0.2553777253740788,784,2.095826196932724,1.378909891091449,1.9368011929382516,,,-2.6996542411772957,0.7653342714913278,0.18798532018545291,5.075866258050926,0.7055101705235964,0.0,0.0,0.8519467666540668,0.8675288861115695,0.18648874333744916,0.2939700036456631,1.4338114997862925,4.877407497380372,0.6881890415195093,5910
273,2.4547713761796515,-29.700423648846876,0.10345900108704909,0.07200571117569128,-27.070187560404484,-29.700423648846876,nan,0.08116310698544456,0.022295894101604607,2.4872003647340413,-29.625492480866114,0.10264154034771635,0.06985284733669583,-26.965797728447665,-29.625492480866114,nan,52.21539649877719,0.18865252817500378,0.0,0.26486182388238966,276.7807937900493,46.0,46.0,,0.0002385826858446202,,,,,,,0.775397783841452,,0,0.29019687154245,1.473000508454261,inf,-inf,-0.10217492751749528,0.12243565767182964,-0.08111826012603712,0.08276437255307305,inf,-inf,3.139319897478822,0.2555171282294758,0.2555171282294758,0.2555171282294758,784,2.095826196932724,1.378909891091449,1.9368011929382516,,,-2.6996542411772957,0.7653342714913278,0.18798532018545291,5.075866258050926,0.7055101705235964,0.0,0.0,0.8519467666540668,0.8675288861115695,0.18648874333744916,0.2939700036456631,1.4338114997862925,4.877407497380372,0.6881890415195093,5910
274,2.4481059789340245,-29.702250737656655,0.10375999937353235,0.07163324682905771,-27.07875151252004,-29.702250737656655,nan,0.08153002439087437,0.022229974982658007,2.4872003647340413,-29.625492480866114,0.10264154034771635,0.06985284733669583,-26.965797728447665,-29.625492480866114,nan,43.8485010225537,0.1870319863217285,0.0,0.25931724957981406,234.443861100456,46.0,46.0,,0.00023816858327090187,,,,,,,0.775397783841452,,0,0.29019687154245,1.473000508454261,inf,-inf,-0.10039365135797894,0.12162833593796007,-0.08080974978314444,0.08122809138419118,inf,-inf,3.1392692839155565,0.25564452972627993,0.25564452972627993,0.25564452972627993,784,2.095826196932724,1.378909891091449,1.9368011929382516,,,-2.6996542411772957,0.7653342714913278,0.18798532018545291,5.075866258050926,0.7055101705235964,0.0,0.0,0.8519467666540668,0.8675288861115695,0.18648874333744916,0.2939700036456631,1.4338114997862925,4.877407497380372,0.6881890415195093,5910
275,2.4504090046638125,-29.702118512353497,0.10406201897577701,0.07150330014465393,-27.076144188569252,-29.702118512353497,nan,0.08189426275735606,0.022167756218420934,2.4632901799962887,-29.634182200499662,0.10416393750617814,0.0690416991914655,-26.99768638380573,-29.634182200499662,nan,52.001202922519326,0.18822704768132817,0.0,0.2575077406966246,276.2684936256255,46.0,46.0,,0.0002377534673142428,,,,,,,0.7500829399464193,,0,0.2760043521293087,1.4373051933210548,inf,-inf,-0.10202605816494643,0.11955931393231231,-0.08305739016933288,0.08202529040680746,inf,-inf,3.140799378063969,0.2555670709660297,0.2555670709660297,0.2555670709660297,784,2.0698554580490125,1.3695101857913294,1.925091335810499,,,-2.730021622763277,0.738901800343513,0.1844035923589345,5.207545396413438,0.7166330645681118,0.0,0.0,0.8257829845611466,0.8414259760465355,0.1843760575279532,0.27933249937396454,1.4006685440079762,5.014341500352203,0.7002139081359693,5910
276,2.444795154225681,-29.705079795126515,0.10436438320717822,0.07241422410122629,-27.083506033592432,-29.705079795126515,nan,0.08225503086356893,0.022109352343609272,2.4632901799962887,-29.634182200499662,0.10416393750617814,0.0690416991914655,-26.99768638380573,-29.634182200499662,nan,49.06908053386388,0.19135809515554508,0.0,0.24879837221522128,256.4254232044804,46.0,46.0,,0.00023733734303269988,,,,,,,0.7500829399464193,,0,0.2760043521293087,1.4373051933210548,inf,-inf,-0.10077226825479392,0.1211023983272736,-0.07914388451453398,0.08345583287438967,inf,-inf,3.139202586346196,0.25582253405407557,0.25582253405407557,0.25582253405407557,784,2.0698554580490125,1.3695101857913294,1.925091335810499,,,-2.730021622763277,0.738901800343513,0.1844035923589345,5.207545396413438,0.7166330645681118,0.0,0.0,0.8257829845611466,0.8414259760465355,0.1843760575279532,0.27933249937396454,1.4006685440079762,5.014341500352203,0.7002139081359693,5910
277,2.4333475203633026,-29.70577514020821,0.10470971533063468,0.07089064745304005,-27.096827257061232,-29.70577514020821,nan,0.08262504269746783,0.022084672633166824,2.4632901799962887,-29.634182200499662,0.10416393750617814,0.0690416991914655,-26.99768638380573,-29.634182200499662,nan,45.77980058178123,0.17965824181845247,0.0,0.24795519632060167,254.81603358916567,46.0,46.0,,0.00023692021549661619,,,,,,,0.7500829399464193,,0,0.2760043521293087,1.4373051933210548,inf,-inf,-0.10016457597243651,0.11806522779018383,-0.08219685247108592,0.08257116459971821,inf,-inf,3.1410087496943366,0.2558669119307462,0.2558669119307462,0.2558669119307462,784,2.0698554580490125,1.3695101857913294,1.925091335810499,,,-2.730021622763277,0.738901800343513,0.1844035923589345,5.207545396413438,0.7166330645681118,0.0,0.0,0.8257829845611466,0.8414259760465355,0.1843760575279532,0.27933249937396454,1.4006685440079762,5.014341500352203,0.7002139081359693,5910
278,2.4225200770623094,-29.707360407059014,0.10499164612086212,0.07056270116581767,-27.109285982710023,-29.707360407059014,nan,0.08298655806807469,0.022005088052787468,2.4632901799962887,-29.634182200499662,0.10416393750617814,0.0690416991914655,-26.99768638380573,-29.634182200499662,nan,43.6998679633413,0.1854215738849085,0.0,0.2438329394782242,235.6784437093921,46.0,46.0,,0.00023650208978855914,,,,,,,0.7500829399464193,,0,0.2760043521293087,1.4373051933210548,inf,-inf,-0.099620527818211,0.1176673280767242,-0.0807801553645213,0.0835468861010835,inf,-inf,3.140768421908879,0.255921829298041,0.255921829298041,0.255921829298041,784,2.0698554580490125,1.3695101857913294,1.925091335810499,,,-2.730021622763277,0.738901800343513,0.1844035923589345,5.207545396413438,0.7166330645681118,0.0,0.0,0.8257829845611466,0.8414259760465355,0.1843760575279532,0.27933249937396454,1.4006685440079762,5.014341500352203,0.7002139081359693,5910
279,2.4376852585773534,-29.70775138083167,0.10530710179824679,0.07014749608598278,-27.094611524370087,-29.70775138083167,nan,0.08334775005699813,0.02195935174124866,2.4632901799962887,-29.634182200499662,0.10416393750617814,0.0690416991914655,-26.99768638380573,-29.634182200499662,nan,51.37167857485638,0.18429806350149458,0.0,0.23841857922704507,278.7423676561842,46.0,46.0,,0.0002360829710032585,,,,,,,0.7500829399464193,,0,0.2760043521293087,1.4373051933210548,inf,-inf,-0.09920702877616731,0.11869131003520761,-0.08121818495976761,0.08050581055754279,inf,-inf,3.138650061577559,0.2560679616155099,0.2560679616155099,0.2560679616155099,784,2.0698554580490125,1.3695101857913294,1.925091335810499,,,-2.730021622763277,0.738901800343513,0.1844035923589345,5.207545396413438,0.7166330645681118,0.0,0.0,0.8257829845611466,0.8414259760465355,0.1843760575279532,0.27933249937396454,1.4006685440079762,5.014341500352203,0.7002139081359693,5910
280,2.4166540945800845,-29.711014461398463,0.10564501673613691,0.06984457532630434,-27.118870774755937,-29.711014461398463,nan,0.08370985755221723,0.021935159183919667,2.4460963047697075,-29.65078932278546,0.10576027060966599,0.06688073797603725,-27.03205200943005,-29.65078932278546,nan,48.1556572749681,0.1812853251932875,0.0,0.23300063038081656,265.6346134118923,46.0,46.0,,0.0002356628642475444,,,,,,,0.726189164384777,,0,0.26306276724010713,1.402050519050033,inf,-inf,-0.09885390666375221,0.11942096054556582,-0.0824557656069265,0.08030897825245491,inf,-inf,3.141279859047599,0.2560875657195854,0.2560875657195854,0.2560875657195854,784,2.044459359532604,1.3602777515707665,1.9148367364523784,,,-2.7596816895881737,0.7139826477454613,0.18096851434521422,5.3297185829811085,0.7267042782413934,0.0,0.0,0.8010559769223996,0.8168620046342727,0.18236626531790606,0.26591863621821715,1.3680018262585696,5.144437583291324,0.7113379023590528,5910
281,2.419797102969258,-29.713099337117267,0.10591885155901644,0.07045626068966562,-27.116927121899323,-29.713099337117267,nan,0.08407080234251502,0.02184804921650148,2.4460963047697075,-29.65078932278546,0.10576027060966599,0.06688073797603725,-27.03205200943005,-29.65078932278546,nan,47.36350649211107,0.17869209311797216,0.0,0.22764354636299924,265.0565319688867,46.0,46.0,,0.00023524177464028507,,,,,,,0.726189164384777,,0,0.26306276724010713,1.402050519050033,inf,-inf,-0.09945774453315,0.12247624964939699,-0.0810896208400275,0.07899198160281817,inf,-inf,3.13844167624626,0.25614160169053746,0.25614160169053746,0.25614160169053746,784,2.044459359532604,1.3602777515707665,1.9148367364523784,,,-2.7596816895881737,0.7139826477454613,0.18096851434521422,5.3297185829811085,0.7267042782413934,0.0,0.0,0.8010559769223996,0.8168620046342727,0.18236626531790606,0.26591863621821715,1.3680018262585696,5.144437583291324,0.7113379023590528,5910
282,2.397043924548538,-29.71329872734759,0.10624115599196972,0.06871781514197081,-27.14129583166511,-29.71329872734759,nan,0.08442928126550396,0.02181187472646574,2.4460963047697075,-29.65078932278546,0.10576027060966599,0.06688073797603725,-27.03205200943005,-29.65078932278546,nan,41.83302757292567,0.17840842624163383,0.0,0.22464314023179427,234.4789898895673,46.0,46.0,,0.00023481970731232453,,,,,,,0.726189164384777,,0,0.26306276724010713,1.402050519050033,inf,-inf,-0.0976882147077634,0.11877958343540558,-0.08157620906980731,0.07949063529258182,inf,-inf,3.1381472652235316,0.2561827935965262,0.2561827935965262,0.2561827935965262,784,2.044459359532604,1.3602777515707665,1.9148367364523784,,,-2.7596816895881737,0.7139826477454613,0.18096851434521422,5.3297185829811085,0.7267042782413934,0.0,0.0,0.8010559769223996,0.8168620046342727,0.18236626531790606,0.26591863621821715,1.3680018262585696,5.144437583291324,0.7113379023590528,5910
283,2.4114255100774478,-29.717856728674203,0.10656670239295928,0.06930186654372351,-27.13056264966007,-29.717856728674203,nan,0.0847868552541041,0.02177984713885513,2.4460963047697075,-29.65078932278546,0.10576027060966599,0.06688073797603725,-27.03205200943005,-29.65078932278546,nan,48.232737016475255,0.17339629137848078,0.0,0.2200346523492516,278.16475561864956,46.0,46.0,,0.00023439666740641995,,,,,,,0.726189164384777,,0,0.26306276724010713,1.402050519050033,inf,-inf,-0.0977814787641891,0.11850078417055537,-0.08070031972497813,0.07948840638154892,inf,-inf,3.1364434222046684,0.2562376962601658,0.2562376962601658,0.2562376962601658,784,2.044459359532604,1.3602777515707665,1.9148367364523784,,,-2.7596816895881737,0.7139826477454613,0.18096851434521422,5.3297185829811085,0.7267042782413934,0.0,0.0,0.8010559769223996,0.8168620046342727,0.18236626531790606,0.26591863621821715,1.3680018262585696,5.144437583291324,0.7113379023590528,5910
284,2.4069601148221973,-29.717205445979356,0.10684281523771814,0.06890941322809663,-27.134493102691344,-29.717205445979356,nan,0.08513403153215343,0.0217087837055647,2.4460963047697075,-29.65078932278546,0.10576027060966599,0.06688073797603725,-27.03205200943005,-29.65078932278546,nan,53.00487082003459,0.17018964879126744,0.0,0.21352534030243456,311.44591458111233,46.0,46.0,,0.00023397266007717907,,,,,,,0.726189164384777,,0,0.26306276724010713,1.402050519050033,inf,-inf,-0.09756045143316694,0.11602623943225533,-0.08166229375720573,0.08073989856300545,inf,-inf,3.1354898186997437,0.2563118316440067,0.2563118316440067,0.2563118316440067,784,2.044459359532604,1.3602777515707665,1.9148367364523784,,,-2.7596816895881737,0.7139826477454613,0.18096851434521422,5.3297185829811085,0.7267042782413934,0.0,0.0,0.8010559769223996,0.8168620046342727,0.18236626531790606,0.26591863621821715,1.3680018262585696,5.144437583291324,0.7113379023590528,5910
285,2.3958601059379103,-29.717464980947224,0.10714254635881106,0.06862169001368301,-27.14584063863682,-29.717464980947224,nan,0.08548776951294489,0.021654776845866162,2.4191445560692424,-29.648092967778375,0.1072837705790916,0.06105489169485741,-27.060609749435184,-29.648092967778375,nan,47.70924367741368,0.174177955753243,0.0,0.21131534735631172,273.91091755034216,46.0,46.0,,0.00023354769049099746,,,,,,,0.703825291137029,,0,0.2510262825385006,1.3681121848885098,inf,-inf,-0.09535926131748,0.11452871661816709,-0.08217971021845678,0.08100976871648663,inf,-inf,3.134290377996632,0.2563298908632949,0.2563298908632949,0.2563298908632949,784,2.0194360812850745,1.351165749627127,1.9061100332983432,,,-2.788391127226374,0.6914343616609592,0.1777130932270391,5.450075470398915,0.7364025162492769,0.0,0.0,0.7779441327057105,0.7937331835265307,0.1804357465249837,0.25357618568852575,1.3384530177918421,5.278307243866736,0.7224946663751869,5910
286,2.3868305355242487,-29.71977643780987,0.10747265825000256,0.06807783822213921,-27.15739540581348,-29.71977643780987,nan,0.08583855115257953,0.021634107097423055,2.4191445560692424,-29.648092967778375,0.1072837705790916,0.06105489169485741,-27.060609749435184,-29.648092967778375,nan,44.61287495777618,0.16839006972726359,0.0,0.20983092852785368,264.93768326145556,46.0,46.0,,0.0002331217638259953,,,,,,,0.703825291137029,,0,0.2510262825385006,1.3681121848885098,inf,-inf,-0.09653845736052902,0.11704552321132283,-0.08149627444989077,0.0817002378944837,inf,-inf,3.1311851826216026,0.25646429944567106,0.25646429944567106,0.25646429944567106,784,2.0194360812850745,1.351165749627127,1.9061100332983432,,,-2.788391127226374,0.6914343616609592,0.1777130932270391,5.450075470398915,0.7364025162492769,0.0,0.0,0.7779441327057105,0.7937331835265307,0.1804357465249837,0.25357618568852575,1.3384530177918421,5.278307243866736,0.7224946663751869,5910
287,2.399074798743686,-29.71966326003327,0.1077825513910571,0.0682790226277677,-27.144526887270757,-29.71966326003327,nan,0.08619206203698472,0.021590489354072376,2.4191445560692424,-29.648092967778375,0.1072837705790916,0.06105489169485741,-27.060609749435184,-29.648092967778375,nan,43.52107447327201,0.17395370785869896,0.0,0.2030093234167777,250.18767929122723,46.0,46.0,,0.00023269488527195465,,,,,,,0.703825291137029,,0,0.2510262825385006,1.3681121848885098,inf,-inf,-0.0964138841189805,0.11666679202472299,-0.08045382606146746,0.07852360027204697,inf,-inf,3.133210943314036,0.25643048984644395,0.25643048984644395,0.25643048984644395,784,2.0194360812850745,1.351165749627127,1.9061100332983432,,,-2.788391127226374,0.6914343616609592,0.1777130932270391,5.450075470398915,0.7364025162492769,0.0,0.0,0.7779441327057105,0.7937331835265307,0.1804357465249837,0.25357618568852575,1.3384530177918421,5.278307243866736,0.7224946663751869,5910
288,2.388834765116291,-29.720024217055247,0.10807345347405192,0.06676946782410724,-27.1563465306408,-29.720024217055247,nan,0.08654266412443962,0.021530789349612323,2.4191445560692424,-29.648092967778375,0.1072837705790916,0.06105489169485741,-27.060609749435184,-29.648092967778375,nan,45.68000386352803,0.16718003675817336,0.0,0.20073259117585157,273.2383886815646,46.0,46.0,,0.000232267060030256,,,,,,,0.703825291137029,,0,0.2510262825385006,1.3681121848885098,inf,-inf,-0.09537147113548314,0.11768241946140326,-0.0816036500077921,0.07967942271815043,inf,-inf,3.1303384563845706,0.2564844454826933,0.2564844454826933,0.2564844454826933,784,2.0194360812850745,1.351165749627127,1.9061100332983432,,,-2.788391127226374,0.6914343616609592,0.1777130932270391,5.450075470398915,0.7364025162492769,0.0,0.0,0.7779441327057105,0.7937331835265307,0.1804357465249837,0.25357618568852575,1.3384530177918421,5.278307243866736,0.7224946663751869,5910
289,2.383097931664527,-29.721997495585732,0.10839568837208109,0.06712400554603445,-27.16337987000309,-29.721997495585732,nan,0.08689383833583139,0.021501850036249687,2.4191445560692424,-29.648092967778375,0.1072837705790916,0.06105489169485741,-27.060609749435184,-29.648092967778375,nan,47.60227287181373,0.16672275298046238,0.0,0.1946693851767763,285.51755546762155,46.0,46.0,,0.0002318382933138149,,,,,,,0.703825291137029,,0,0.2510262825385006,1.3681121848885098,inf,-inf,-0.09369912406385612,0.11503141886187747,-0.08060679466202597,0.07850844122601097,inf,-inf,3.1296488940582656,0.2564376355144538,0.2564376355144538,0.2564376355144538,784,2.0194360812850745,1.351165749627127,1.9061100332983432,,,-2.788391127226374,0.6914343616609592,0.1777130932270391,5.450075470398915,0.7364025162492769,0.0,0.0,0.7779441327057105,0.7937331835265307,0.1804357465249837,0.25357618568852575,1.3384530177918421,5.278307243866736,0.7224946663751869,5910
290,2.3728427752502155,-29.72360330009531,0.10868935081298074,0.0675006578164549,-27.174570516215656,-29.72360330009531,nan,0.08723874390163477,0.021450606911346034,2.391169887044832,-29.649165163790677,0.10881828179102541,0.06215394798872485,-27.087023046966095,-29.649165163790677,nan,47.18215534776858,0.16675296968448056,0.0,0.1922028296451567,282.9464173084514,46.0,46.0,,0.00023140859034701843,,,,,,,0.6827175075609558,,0,0.23964785175189443,1.3360369034027597,inf,-inf,-0.09390874915312686,0.11480180356392372,-0.08170588567760413,0.07778822824805422,inf,-inf,3.127858425237353,0.2564647778524189,0.2564647778524189,0.2564647778524189,784,1.9951418428901135,1.3422439114606655,1.8970274434191035,,,-2.816394263133041,0.6702567046049942,0.17462648136053135,5.5750005419867,0.7462449139411528,0.0,0.0,0.756157771787826,0.772136820613263,0.17868115560858056,0.24179673410451144,1.3346672313880998,5.519790150727258,0.7419225672013808,5910
291,2.365299988652468,-29.722845806891236,0.10899120476052844,0.06710237439023872,-27.181452239088003,-29.722845806891236,nan,0.08758506423361663,0.021406140526911786,2.391169887044832,-29.649165163790677,0.10881828179102541,0.06215394798872485,-27.087023046966095,-29.649165163790677,nan,40.91318859197152,0.1692750944366243,0.0,0.1899224099891281,241.69644523393958,46.0,46.0,,0.00023097795636566165,,,,,,,0.6827175075609558,,0,0.23964785175189443,1.3360369034027597,inf,-inf,-0.09440782136309915,0.11211511942373817,-0.07999075955659471,0.07651494774992663,inf,-inf,3.126729011130178,0.25630693032277735,0.25630693032277735,0.25630693032277735,784,1.9951418428901135,1.3422439114606655,1.8970274434191035,,,-2.816394263133041,0.6702567046049942,0.17462648136053135,5.5750005419867,0.7462449139411528,0.0,0.0,0.756157771787826,0.772136820613263,0.17868115560858056,0.24179673410451144,1.3346672313880998,5.519790150727258,0.7419225672013808,5910
292,2.3628967515501578,-29.726674747837375,0.10929511280521689,0.06663701951081875,-27.187845863971184,-29.726674747837375,nan,0.08792798982551794,0.02136712297969896,2.391169887044832,-29.649165163790677,0.10881828179102541,0.06215394798872485,-27.087023046966095,-29.649165163790677,nan,47.34521960963217,0.15991673906203013,0.0,0.18664379425201527,296.0616873963858,46.0,46.0,,0.00023054639661688374,,,,,,,0.6827175075609558,,0,0.23964785175189443,1.3360369034027597,inf,-inf,-0.09342406707600286,0.11000465923164075,-0.08281394815220658,0.07935842383690662,inf,-inf,3.1250895847194204,0.256470713058933,0.256470713058933,0.256470713058933,784,1.9951418428901135,1.3422439114606655,1.8970274434191035,,,-2.816394263133041,0.6702567046049942,0.17462648136053135,5.5750005419867,0.7462449139411528,0.0,0.0,0.756157771787826,0.772136820613263,0.17868115560858056,0.24179673410451144,1.3346672313880998,5.519790150727258,0.7419225672013808,5910
293,2.349986359961107,-29.726945896125027,0.10961209559619389,0.06610964628523414,-27.20123779428249,-29.726945896125027,nan,0.08827541790072818,0.0213366776954657,2.391169887044832,-29.649165163790677,0.10881828179102541,0.06215394798872485,-27.087023046966095,-29.649165163790677,nan,47.97020276876202,0.16141804055043735,0.0,0.17965669515054258,297.17993481511166,46.0,46.0,,0.00023011391635910405,,,,,,,0.6827175075609558,,0,0.23964785175189443,1.3360369034027597,inf,-inf,-0.09372461223559164,0.11369868220922441,-0.07939009625199543,0.07875073089055283,inf,-inf,3.122614927428429,0.25621456511667023,0.25621456511667023,0.25621456511667023,784,1.9951418428901135,1.3422439114606655,1.8970274434191035,,,-2.816394263133041,0.6702567046049942,0.17462648136053135,5.5750005419867,0.7462449139411528,0.0,0.0,0.756157771787826,0.772136820613263,0.17868115560858056,0.24179673410451144,1.3346672313880998,5.519790150727258,0.7419225672013808,5910
294,2.3504088662272995,-29.726166433086856,0.10989808753202315,0.06619981558341834,-27.199659663744114,-29.726166433086856,nan,0.08861746450838821,0.021280623023634905,2.391169887044832,-29.649165163790677,0.10881828179102541,0.06215394798872485,-27.087023046966095,-29.649165163790677,nan,50.24971837106773,0.16687885882225023,0.0,0.17849990618593994,301.11494485104816,46.0,46.0,,0.00022968052086195804,,,,,,,0.6827175075609558,,0,0.23964785175189443,1.3360369034027597,inf,-inf,-0.09436214339761032,0.11486355976722194,-0.08358008981024323,0.08001349054858699,inf,-inf,3.1202132391610893,0.2563296571088896,0.2563296571088896,0.2563296571088896,784,1.9951418428901135,1.3422439114606655,1.8970274434191035,,,-2.816394263133041,0.6702567046049942,0.17462648136053135,5.5750005419867,0.7462449139411528,0.0,0.0,0.756157771787826,0.772136820613263,0.17868115560858056,0.24179673410451144,1.3346672313880998,5.519790150727258,0.7419225672013808,5910
295,2.352481367039739,-29.72934886477333,0.11022628382965814,0.06662466356456555,-27.200016550339367,-29.72934886477333,nan,0.08895806108822783,0.0212682227414303,2.376194503481462,-29.666340676166914,0.11034229922575214,0.06641478694923855,-27.113389086510463,-29.666340676166914,nan,47.541803457985225,0.16367042874108337,0.0,0.17460296796191455,290.47277399873775,46.0,46.0,,0.00022924621540623303,,,,,,,0.6628419338353588,,0,0.22905583895362536,1.3330941063865398,inf,-inf,-0.09083952773423028,0.1142332952679404,-0.0801064424523358,0.07805478139002942,inf,-inf,3.1187209700976286,0.2562207269606967,0.2562207269606967,0.2562207269606967,784,1.9722823153528246,1.3337074350998417,1.8883219427174507,,,-2.843665236432983,0.6497537846603173,0.1716967050784085,5.819952516715533,0.7649194413831273,0.0,0.0,0.7356412227925284,0.7510147548583224,0.1770005763232128,0.23090070103505808,1.3330941063865398,5.77345196619448,0.7614355569341189,5910
296,2.3586524228077206,-29.730161773948975,0.11050945019645657,0.06492355594626696,-27.196076344998534,-29.730161773948975,nan,0.08929644878402324,0.021213001412433274,2.376194503481462,-29.666340676166914,0.11034229922575214,0.06641478694923855,-27.113389086510463,-29.666340676166914,nan,44.260536412005294,0.16345101178201724,0.0,0.17029785852645615,270.78777873233577,46.0,46.0,,0.000228811005283804,,,,,,,0.6628419338353588,,0,0.22905583895362536,1.3330941063865398,inf,-inf,-0.09270471474894615,0.11266330218770211,-0.08268918087259661,0.07546290209898765,inf,-inf,3.115248440809542,0.256241998912268,0.256241998912268,0.256241998912268,784,1.9722823153528246,1.3337074350998417,1.8883219427174507,,,-2.843665236432983,0.6497537846603173,0.1716967050784085,5.819952516715533,0.7649194413831273,0.0,0.0,0.7356412227925284,0.7510147548583224,0.1770005763232128,0.23090070103505808,1.3330941063865398,5.77345196619448,0.7614355569341189,5910
297,2.348811404622385,-29.729374343282302,0.11080286965354733,0.06474566317523095,-27.20501440583114,-29.729374343282302,nan,0.0896284479403372,0.021174421713210167,2.376194503481462,-29.666340676166914,0.11034229922575214,0.06641478694923855,-27.113389086510463,-29.666340676166914,nan,42.66647716859713,0.1582878101971081,0.0,0.1675402769756456,269.5499869223451,46.0,46.0,,0.00022837489579756895,,,,,,,0.6628419338353588,,0,0.22905583895362536,1.3330941063865398,inf,-inf,-0.09004442169401516,0.10973916451580268,-0.08079623176621954,0.07738072664342636,inf,-inf,3.1133333687756415,0.25605857180223535,0.25605857180223535,0.25605857180223535,784,1.9722823153528246,1.3337074350998417,1.8883219427174507,,,-2.843665236432983,0.6497537846603173,0.1716967050784085,5.819952516715533,0.7649194413831273,0.0,0.0,0.7356412227925284,0.7510147548583224,0.1770005763232128,0.23090070103505808,1.3330941063865398,5.77345196619448,0.7614355569341189,5910
298,2.341082319597818,-29.73441633877569,0.1111012890228986,0.06527606147695007,-27.216956668678026,-29.73441633877569,nan,0.08996586075719763,0.021135428265700952,2.376194503481462,-29.666340676166914,0.11034229922575214,0.06641478694923855,-27.113389086510463,-29.666340676166914,nan,42.398544367214775,0.1529458958447192,0.0,0.16234365142235554,277.2126975558768,46.0,46.0,,0.00022793789226138427,,,,,,,0.6628419338353588,,0,0.22905583895362536,1.3330941063865398,inf,-inf,-0.08998302012647902,0.11050513206944454,-0.08086674293514123,0.07696938840908663,inf,-inf,3.1108091230225123,0.256032068810086,0.256032068810086,0.256032068810086,784,1.9722823153528246,1.3337074350998417,1.8883219427174507,,,-2.843665236432983,0.6497537846603173,0.1716967050784085,5.819952516715533,0.7649194413831273,0.0,0.0,0.7356412227925284,0.7510147548583224,0.1770005763232128,0.23090070103505808,1.3330941063865398,5.77345196619448,0.7614355569341189,5910
299,2.3338883049498578,-29.73257051994649,0.11140280252485298,0.06470189997153974,-27.222577512500237,-29.73257051994649,nan,0.09029570365728012,0.021107098867572803,2.376194503481462,-29.666340676166914,0.11034229922575214,0.06641478694923855,-27.113389086510463,-29.666340676166914,nan,47.62716327397953,0.15930555600225857,0.0,0.16059158814208602,298.9673710645992,46.0,46.0,,0.00022750000000000016,,,,,,,0.6628419338353588,,0,0.22905583895362536,1.3330941063865398,inf,-inf,-0.08870747055343842,0.10998262391515481,-0.08097397423932358,0.07641493070025801,inf,-inf,3.107662914474092,0.25609567101442277,0.25609567101442277,0.25609567101442277,784,1.9722823153528246,1.3337074350998417,1.8883219427174507,,,-2.843665236432983,0.6497537846603173,0.1716967050784085,5.819952516715533,0.7649194413831273,0.0,0.0,0.7356412227925284,0.7510147548583224,0.1770005763232128,0.23090070103505808,1.3330941063865398,5.77345196619448,0.7614355569341189,5910
300,2.31964361448223,-29.73598226877459,0.11167959627358653,0.06483280242403243,-27.23982625559474,-29.73598226877459,nan,0.09061818385343968,0.02106141242014683,2.3465905147099533,-29.66136852144062,0.11182569184441944,0.05938658750502386,-27.143565727381226,-29.66136852144062,nan,46.533772819486714,0.1520034241231986,0.0,0.15620437020996614,306.136345861335,46.0,46.0,,0.0002270612243489957,,,,,,,0.6443245868181305,,0,0.21932666461400802,1.333186100582643,inf,-inf,-0.08986738205719648,0.11074785772150646,-0.07941135482264158,0.07509752099538333,inf,-inf,3.104808238841499,0.25597764321642924,0.25597764321642924,0.25597764321642924,784,1.9500599685231645,1.325336134126522,1.8811827740865787,,,-2.8698963007454505,0.6310911184307699,0.16901980431032937,6.078540896652539,0.7837993429929451,0.0,0.0,0.716554740711825,0.7317105604837795,0.1754585993370662,0.2208945885595159,1.333186100582643,6.035395023828033,0.7807057004572815,5910
301,2.319982035203007,-29.734959117710954,0.11199354899090558,0.06453975374140812,-27.238443779775633,-29.734959117710954,nan,0.09095773621076118,0.021035812780144374,2.3465905147099533,-29.66136852144062,0.11182569184441944,0.05938658750502386,-27.143565727381226,-29.66136852144062,nan,48.39702006198264,0.15463747596039665,0.0,0.15199724929876662,312.9708355714325,46.0,46.0,,0.00022662157065471365,,,,,,,0.6443245868181305,,0,0.21932666461400802,1.333186100582643,inf,-inf,-0.08792857306269464,0.10915045738057544,-0.0808273348481552,0.07641678917750291,inf,-inf,3.1030197839343097,0.25574231564339794,0.25574231564339794,0.25574231564339794,784,1.9500599685231645,1.325336134126522,1.8811827740865787,,,-2.8698963007454505,0.6310911184307699,0.16901980431032937,6.078540896652539,0.7837993429929451,0.0,0.0,0.716554740711825,0.7317105604837795,0.1754585993370662,0.2208945885595159,1.333186100582643,6.035395023828033,0.7807057004572815,5910
302,2.334162897846219,-29.73560370236118,0.11227374288848106,0.06446576253706265,-27.224701299089418,-29.73560370236118,nan,0.09128689893305206,0.020986843955428994,2.3465905147099533,-29.66136852144062,0.11182569184441944,0.05938658750502386,-27.143565727381226,-29.66136852144062,nan,47.79797141894253,0.15141431303316105,0.0,0.1529825369613321,315.6767049392111,46.0,46.0,,0.00022618104427419558,,,,,,,0.6443245868181305,,0,0.21932666461400802,1.333186100582643,inf,-inf,-0.08718333834398402,0.10895281879834896,-0.07979580620103546,0.07711629020719134,inf,-inf,3.098230117639607,0.25572321603061393,0.25572321603061393,0.25572321603061393,784,1.9500599685231645,1.325336134126522,1.8811827740865787,,,-2.8698963007454505,0.6310911184307699,0.16901980431032937,6.078540896652539,0.7837993429929451,0.0,0.0,0.716554740711825,0.7317105604837795,0.1754585993370662,0.2208945885595159,1.333186100582643,6.035395023828033,0.7807057004572815,5910
303,2.3090552457065674,-29.734400712165186,0.11256969717496258,0.0637070043563554,-27.2490687649273,-29.734400712165186,nan,0.09161336406642828,0.02095633310853426,2.3465905147099533,-29.66136852144062,0.11182569184441944,0.05938658750502386,-27.143565727381226,-29.66136852144062,nan,47.62645810607227,0.15582671241340315,0.0,0.14971436976274702,305.6373157621451,46.0,46.0,,0.0002257396505751164,,,,,,,0.6443245868181305,,0,0.21932666461400802,1.333186100582643,inf,-inf,-0.08848393753870887,0.10685092520672301,-0.07973903205265419,0.0768460620716418,inf,-inf,3.095672955055612,0.2557157273743142,0.2557157273743142,0.2557157273743142,784,1.9500599685231645,1.325336134126522,1.8811827740865787,,,-2.8698963007454505,0.6310911184307699,0.16901980431032937,6.078540896652539,0.7837993429929451,0.0,0.0,0.716554740711825,0.7317105604837795,0.1754585993370662,0.2208945885595159,1.333186100582643,6.035395023828033,0.7807057004572815,5910
304,2.314304361582364,-29.73842144998899,0.11285770748527142,0.06374665522628951,-27.247512725695064,-29.73842144998899,nan,0.09193908539007031,0.02091862209520115,2.3465905147099533,-29.66136852144062,0.11182569184441944,0.05938658750502386,-27.143565727381226,-29.66136852144062,nan,44.75479756538817,0.14982098413771325,0.0,0.1451369664806414,298.7218234012548,46.0,46.0,,0.00022529739493571906,,,,,,,0.6443245868181305,,0,0.21932666461400802,1.333186100582643,inf,-inf,-0.08880927732692696,0.10637445022796935,-0.07930466052694479,0.07406004113608902,inf,-inf,3.0928000614450917,0.25549198547174506,0.25549198547174506,0.25549198547174506,784,1.9500599685231645,1.325336134126522,1.8811827740865787,,,-2.8698963007454505,0.6310911184307699,0.16901980431032937,6.078540896652539,0.7837993429929451,0.0,0.0,0.716554740711825,0.7317105604837795,0.1754585993370662,0.2208945885595159,1.333186100582643,6.035395023828033,0.7807057004572815,5910
305,2.3002475984471116,-29.737273645016675,0.1131685828414947,0.0636232630814012,-27.260234200646668,-29.737273645016675,nan,0.0922666667869896,0.02090191605450511,2.3235939667370538,-29.664115908885194,0.11330914162729586,0.05749590560524381,-27.1697168949156,-29.664115908885194,nan,40.580445150780655,0.15217860907744984,0.0,0.14325785227826082,266.66326756954146,46.0,46.0,,0.00022485428274474886,,,,,,,0.6267620977350805,,0,0.2100892521415671,1.3336055076231812,inf,-inf,-0.08588722400645069,0.11124809822697532,-0.07926717977593661,0.07332373411996204,inf,-inf,3.090774777857183,0.255504984787722,0.255504984787722,0.255504984787722,784,1.9286848772653593,1.3171744706973325,1.8758652281862294,,,-2.8955734459271407,0.6135575068641405,0.16645778042894788,6.347804535591097,0.8026235453006503,0.0,0.0,0.698458833757592,0.7136437747791703,0.17400901342428388,0.2114212551789104,1.3336055076231812,6.307811891924717,0.7998787335602886,5910
306,2.3045374976742377,-29.73983350335036,0.11347461071922481,0.06335872138204417,-27.25846267357485,-29.73983350335036,nan,0.09259309415982712,0.020881516559397705,2.3235939667370538,-29.664115908885194,0.11330914162729586,0.05749590560524381,-27.1697168949156,-29.664115908885194,nan,47.64797422355425,0.14714463504933106,0.0,0.14095055818984267,323.8172714049683,46.0,46.0,,0.00022441031940138818,,,,,,,0.6267620977350805,,0,0.2100892521415671,1.3336055076231812,inf,-inf,-0.0870968730851159,0.10446296989073804,-0.07850219800938611,0.07457664983249437,inf,-inf,3.08545315319179,0.2552668304506904,0.2552668304506904,0.2552668304506904,784,1.9286848772653593,1.3171744706973325,1.8758652281862294,,,-2.8955734459271407,0.6135575068641405,0.16645778042894788,6.347804535591097,0.8026235453006503,0.0,0.0,0.698458833757592,0.7136437747791703,0.17400901342428388,0.2114212551789104,1.3336055076231812,6.307811891924717,0.7998787335602886,5910
307,2.2877883618824075,-29.73876802647231,0.11376617242566665,0.0626787324226543,-27.27453475974158,-29.73876802647231,nan,0.09291585911987657,0.020850313305790086,2.3235939667370538,-29.664115908885194,0.11330914162729586,0.05749590560524381,-27.1697168949156,-29.664115908885194,nan,43.640666672024395,0.15084382768195248,0.0,0.13630849121773067,289.3102577855476,46.0,46.0,,0.0002239655103151901,,,,,,,0.6267620977350805,,0,0.2100892521415671,1.3336055076231812,inf,-inf,-0.08776301686140735,0.10610453505075054,-0.07953705075906216,0.0724077744197611,inf,-inf,3.0834981121070433,0.25514040030547247,0.25514040030547247,0.25514040030547247,784,1.9286848772653593,1.3171744706973325,1.8758652281862294,,,-2.8955734459271407,0.6135575068641405,0.16645778042894788,6.347804535591097,0.8026235453006503,0.0,0.0,0.698458833757592,0.7136437747791703,0.17400901342428388,0.2114212551789104,1.3336055076231812,6.307811891924717,0.7998787335602886,5910
308,2.2855932953379696,-29.7423618536256,0.1140589947093427,0.06266809863093484,-27.280041464947352,-29.7423618536256,nan,0.09324145574483744,0.02081753896450522,2.3235939667370538,-29.664115908885194,0.11330914162729586,0.05749590560524381,-27.1697168949156,-29.664115908885194,nan,42.49699277777331,0.15396480329716097,0.0,0.13339842281617195,276.01758238051104,46.0,46.0,,0.00022351986090601302,,,,,,,0.6267620977350805,,0,0.2100892521415671,1.3336055076231812,inf,-inf,-0.08694442503922432,0.10731853611053971,-0.07720333765467124,0.07432789632602346,inf,-inf,3.0795549611945177,0.25508764751217133,0.25508764751217133,0.25508764751217133,784,1.9286848772653593,1.3171744706973325,1.8758652281862294,,,-2.8955734459271407,0.6135575068641405,0.16645778042894788,6.347804535591097,0.8026235453006503,0.0,0.0,0.698458833757592,0.7136437747791703,0.17400901342428388,0.2114212551789104,1.3336055076231812,6.307811891924717,0.7998787335602886,5910
309,2.2885256035590893,-29.74111267143045,0.11434452111655677,0.06253538065331225,-27.27570716610149,-29.74111267143045,nan,0.0935569813815108,0.020787539735045955,2.3235939667370538,-29.664115908885194,0.11330914162729586,0.05749590560524381,-27.1697168949156,-29.664115908885194,nan,45.37741868488567,0.1481172590434876,0.0,0.13036839075153048,306.3614529321174,46.0,46.0,,0.00022307337660395433,,,,,,,0.6267620977350805,,0,0.2100892521415671,1.3336055076231812,inf,-inf,-0.08554694340692912,0.10086703356615363,-0.07826602791028656,0.07168754353038234,inf,-inf,3.076697436146216,0.2549958242889661,0.2549958242889661,0.2549958242889661,784,1.9286848772653593,1.3171744706973325,1.8758652281862294,,,-2.8955734459271407,0.6135575068641405,0.16645778042894788,6.347804535591097,0.8026235453006503,0.0,0.0,0.698458833757592,0.7136437747791703,0.17400901342428388,0.2114212551789104,1.3336055076231812,6.307811891924717,0.7998787335602886,5910
310,2.2898959881939147,-29.741994230661902,0.11463179944129621,0.0621070346311671,-27.275359408395524,-29.741994230661902,nan,0.0938801904384629,0.020751609002833293,2.319278326517992,-29.681987716886706,0.11477146232217564,0.06512364713964047,-27.1828142809069,-29.681987716886706,nan,44.385212094298005,0.1459475670696369,0.0,0.12769313844236532,304.11751963717353,46.0,46.0,,0.00022262606284928442,,,,,,,0.6102254396610637,,0,0.20120225989641835,1.334505456445444,inf,-inf,-0.08646698821514409,0.10251289999236567,-0.07898536594525073,0.07193815630457424,inf,-inf,3.071957103274209,0.2549103552471241,0.2549103552471241,0.2549103552471241,784,1.9080766217062293,1.3091976084570836,1.8711083576694694,,,-2.9205203546535685,0.5972858416525126,0.16406574197375673,6.632656398255494,0.8216874994532393,0.0,0.0,0.6814091136519195,0.6968652861547374,0.17268654348324866,0.20229330795438852,1.334505456445444,6.596883851176815,0.8193388376901164,5910
311,2.2977218219889037,-29.742233864391466,0.11493123135777963,0.06192071930748669,-27.267660091737294,-29.742233864391466,nan,0.09418782297683684,0.020743408380942744,2.319278326517992,-29.681987716886706,0.11477146232217564,0.06512364713964047,-27.1828142809069,-29.681987716886706,nan,47.680815160631965,0.14438685404243176,0.0,0.12616555579859623,330.22961457848334,46.0,46.0,,0.00022217792509238014,,,,,,,0.6102254396610637,,0,0.20120225989641835,1.334505456445444,inf,-inf,-0.08700553995234962,0.1010339351506643,-0.0787428796728414,0.07200831950931982,inf,-inf,3.0710421505207313,0.2546498506348143,0.2546498506348143,0.2546498506348143,784,1.9080766217062293,1.3091976084570836,1.8711083576694694,,,-2.9205203546535685,0.5972858416525126,0.16406574197375673,6.632656398255494,0.8216874994532393,0.0,0.0,0.6814091136519195,0.6968652861547374,0.17268654348324866,0.20229330795438852,1.334505456445444,6.596883851176815,0.8193388376901164,5910
312,2.2917529397832426,-29.744581400921888,0.11521303489525046,0.06141730529919477,-27.276198120944198,-29.744581400921888,nan,0.09450180353854831,0.020711231356702126,2.319278326517992,-29.681987716886706,0.11477146232217564,0.06512364713964047,-27.1828142809069,-29.681987716886706,nan,52.804669733726186,0.14868491075290305,0.0,0.1237189200102007,355.14477875620736,46.0,46.0,,0.00022172896879365866,,,,,,,0.6102254396610637,,0,0.20120225989641835,1.334505456445444,inf,-inf,-0.0858532993732038,0.10651999983725612,-0.07685560669317461,0.07757492066275347,inf,-inf,3.0656798045649327,0.2545953826898043,0.2545953826898043,0.2545953826898043,784,1.9080766217062293,1.3091976084570836,1.8711083576694694,,,-2.9205203546535685,0.5972858416525126,0.16406574197375673,6.632656398255494,0.8216874994532393,0.0,0.0,0.6814091136519195,0.6968652861547374,0.17268654348324866,0.20229330795438852,1.334505456445444,6.596883851176815,0.8193388376901164,5910
313,2.263666703522539,-29.743404492738133,0.11551099260282956,0.06205446821359738,-27.30217232839917,-29.743404492738133,nan,0.09480947978140215,0.020701512821427327,2.319278326517992,-29.681987716886706,0.11477146232217564,0.06512364713964047,-27.1828142809069,-29.681987716886706,nan,40.49271676083521,0.14826009462802894,0.0,0.12189955626892726,273.11945849237276,46.0,46.0,,0.00022127919942351083,,,,,,,0.6102254396610637,,0,0.20120225989641835,1.334505456445444,inf,-inf,-0.08802761147089166,0.10155267978175501,-0.07939523887144936,0.07398714612294473,inf,-inf,3.064370321823371,0.2543376649386103,0.2543376649386103,0.2543376649386103,784,1.9080766217062293,1.3091976084570836,1.8711083576694694,,,-2.9205203546535685,0.5972858416525126,0.16406574197375673,6.632656398255494,0.8216874994532393,0.0,0.0,0.6814091136519195,0.6968652861547374,0.17268654348324866,0.20229330795438852,1.334505456445444,6.596883851176815,0.8193388376901164,5910
314,2.266689067391774,-29.744831805573437,0.11578944617543824,0.06138589306137909,-27.30096739894485,-29.744831805573437,nan,0.09513331670913057,0.020656129466307658,2.319278326517992,-29.681987716886706,0.11477146232217564,0.06512364713964047,-27.1828142809069,-29.681987716886706,nan,46.5849351843548,0.13798547169109154,0.0,0.117157396313109,337.6075366009881,46.0,46.0,,0.00022082862246223443,,,,,,,0.6102254396610637,,0,0.20120225989641835,1.334505456445444,inf,-inf,-0.08706520995247433,0.0994223697151676,-0.07815390347517369,0.07433525364529896,inf,-inf,3.059321144213447,0.25420368856248365,0.25420368856248365,0.25420368856248365,784,1.9080766217062293,1.3091976084570836,1.8711083576694694,,,-2.9205203546535685,0.5972858416525126,0.16406574197375673,6.632656398255494,0.8216874994532393,0.0,0.0,0.6814091136519195,0.6968652861547374,0.17268654348324866,0.20229330795438852,1.334505456445444,6.596883851176815,0.8193388376901164,5910
315,2.283478151303334,-29.743911516846122,0.11607682225858762,0.060869286629036665,-27.283487256655164,-29.743911516846122,nan,0.09543832103627656,0.020638501222311027,2.2945469474926945,-29.67735391386048,0.11620975811144418,0.059037108572809305,-27.20756009968353,-29.67735391386048,nan,48.47894665555323,0.1420598567079878,0.0,0.1147774518565981,341.2571839714332,46.0,46.0,,0.00022037724339996762,,,,,,,0.594728178755989,,0,0.19294409420979855,1.334478501030049,inf,-inf,-0.08621620907773697,0.09639264834500068,-0.07658585556931545,0.07263888833717805,inf,-inf,3.0536738848180716,0.25416083519721994,0.25416083519721994,0.25416083519721994,784,1.888216956697216,1.3014341079109586,1.8639941106213107,,,-2.944624047743457,0.5820352105418775,0.16184032031987605,6.91639983330611,0.8398800916549871,0.0,0.0,0.6654540015343509,0.6806971791343539,0.1714647925544491,0.1938028472302507,1.334478501030049,6.885752815822151,0.8379514283815411,5910
316,2.261317918632937,-29.74549459996188,0.11637030157161678,0.061664620624444055,-27.30614175913288,-29.74549459996188,nan,0.09574647614949866,0.020623825422118106,2.2945469474926945,-29.67735391386048,0.11620975811144418,0.059037108572809305,-27.20756009968353,-29.67735391386048,nan,44.14102943611733,0.14073762557183478,0.0,0.1151633633502158,313.6405723541714,46.0,46.0,,0.00021992506773662175,,,,,,,0.594728178755989,,0,0.19294409420979855,1.334478501030049,inf,-inf,-0.08863010415961381,0.09870040504928461,-0.07753258541076608,0.07534824436606187,inf,-inf,3.050521070365556,0.25399334530803763,0.25399334530803763,0.25399334530803763,784,1.888216956697216,1.3014341079109586,1.8639941106213107,,,-2.944624047743457,0.5820352105418775,0.16184032031987605,6.91639983330611,0.8398800916549871,0.0,0.0,0.6654540015343509,0.6806971791343539,0.1714647925544491,0.1938028472302507,1.334478501030049,6.885752815822151,0.8379514283815411,5910
317,2.281805325120001,-29.746770326946113,0.11663292254707358,0.06133870179583847,-27.2869933774832,-29.746770326946113,nan,0.09605988472129577,0.020573037825777796,2.2945469474926945,-29.67735391386048,0.11620975811144418,0.059037108572809305,-27.20756009968353,-29.67735391386048,nan,54.20756997198467,0.13991939747017262,0.0,0.11097583677002824,387.41997858831826,46.0,46.0,,0.00021947210098181464,,,,,,,0.594728178755989,,0,0.19294409420979855,1.334478501030049,inf,-inf,-0.0874186302718438,0.09906929245606286,-0.07632828454593543,0.07484404626270685,inf,-inf,3.0471001053200166,0.2536723712526258,0.2536723712526258,0.2536723712526258,784,1.888216956697216,1.3014341079109586,1.8639941106213107,,,-2.944624047743457,0.5820352105418775,0.16184032031987605,6.91639983330611,0.8398800916549871,0.0,0.0,0.6654540015343509,0.6806971791343539,0.1714647925544491,0.1938028472302507,1.334478501030049,6.885752815822151,0.8379514283815411,5910
318,2.2789915792725752,-29.748457013677868,0.11690911663277362,0.06061999231392802,-27.291936325458593,-29.748457013677868,nan,0.09635472873891197,0.020554387893861662,2.2945469474926945,-29.67735391386048,0.11620975811144418,0.059037108572809305,-27.20756009968353,-29.67735391386048,nan,57.08811880751324,0.13896755039593514,0.0,0.1078218545256902,410.8017925397863,46.0,46.0,,0.00021901834865480324,,,,,,,0.594728178755989,,0,0.19294409420979855,1.334478501030049,inf,-inf,-0.08546024039242037,0.09762650211320122,-0.07626646108657523,0.07461709586421955,inf,-inf,3.044033816997664,0.25341525070870186,0.25341525070870186,0.25341525070870186,784,1.888216956697216,1.3014341079109586,1.8639941106213107,,,-2.944624047743457,0.5820352105418775,0.16184032031987605,6.91639983330611,0.8398800916549871,0.0,0.0,0.6654540015343509,0.6806971791343539,0.1714647925544491,0.1938028472302507,1.334478501030049,6.885752815822151,0.8379514283815411,5910
319,2.2630873691607034,-29.746633199488368,0.11717274225924994,0.06081927962274597,-27.30555380844567,-29.746633199488368,nan,0.09665919309155165,0.02051354916769834,2.2945469474926945,-29.67735391386048,0.11620975811144418,0.059037108572809305,-27.20756009968353,-29.67735391386048,nan,49.677852884894016,0.13717100270997423,0.0,0.10300042688077564,362.16001854218234,46.0,46.0,,0.0002185638162844164,,,,,,,0.594728178755989,,0,0.19294409420979855,1.334478501030049,inf,-inf,-0.0870432021993538,0.09594806397473046,-0.0754362656204796,0.07542311985544568,inf,-inf,3.039638017788654,0.25332951473301274,0.25332951473301274,0.25332951473301274,784,1.888216956697216,1.3014341079109586,1.8639941106213107,,,-2.944624047743457,0.5820352105418775,0.16184032031987605,6.91639983330611,0.8398800916549871,0.0,0.0,0.6654540015343509,0.6806971791343539,0.1714647925544491,0.1938028472302507,1.334478501030049,6.885752815822151,0.8379514283815411,5910
320,2.2476374894358755,-29.748091956066297,0.11745265211014658,0.061220589538894324,-27.321781224981383,-29.748091956066297,nan,0.09694964794790452,0.02050300416224209,2.2790090090007413,-29.68684105525488,0.11757825275028455,0.057123215559603216,-27.23313057794425,-29.68684105525488,nan,43.99590508920527,0.14084807301873245,0.0,0.10234335738693337,312.3642670166593,46.0,46.0,,0.00021810850940898768,,,,,,,0.580292932165831,,0,0.18533315221151192,1.3376034826768108,inf,-inf,-0.08581357769643264,0.09665011345357775,-0.07434982041861882,0.07645120777554074,inf,-inf,3.034369971351405,0.25319504766660667,0.25319504766660667,0.25319504766660667,784,1.869332912409688,1.293911391770234,1.8584183730746275,,,-2.9677624318877465,0.5676057792842143,0.15982227989112305,7.2172920317583955,0.8583742784189143,0.0,0.0,0.6505934924489999,0.6666865358229068,0.1704249422692204,0.18598258598609027,1.3376034826768108,7.192089923821421,0.8568551088107241,5910
321,2.2575813486753558,-29.75138691085744,0.11773030130717595,0.06074552891687509,-27.315329731958034,-29.75138691085744,nan,0.09724834807372484,0.020481953233451183,2.2790090090007413,-29.68684105525488,0.11757825275028455,0.057123215559603216,-27.23313057794425,-29.68684105525488,nan,47.208804794581106,0.13788697898159377,0.0,0.10086407548938887,342.3731895734905,46.0,46.0,,0.0002176524335762876,,,,,,,0.580292932165831,,0,0.18533315221151192,1.3376034826768108,inf,-inf,-0.08546222755377073,0.09549128540549973,-0.07317465331733236,0.07589546365382081,inf,-inf,3.0320306430046724,0.2529019481948829,0.2529019481948829,0.2529019481948829,784,1.869332912409688,1.293911391770234,1.8584183730746275,,,-2.9677624318877465,0.5676057792842143,0.15982227989112305,7.2172920317583955,0.8583742784189143,0.0,0.0,0.6505934924489999,0.6666865358229068,0.1704249422692204,0.18598258598609027,1.3376034826768108,7.192089923821421,0.8568551088107241,5910
322,2.25608620829561,-29.749772078865224,0.117998692875198,0.06074573599569202,-27.314941441698725,-29.749772078865224,nan,0.09754578871795493,0.020452904157243074,2.2790090090007413,-29.68684105525488,0.11757825275028455,0.057123215559603216,-27.23313057794425,-29.68684105525488,nan,46.253274401249044,0.13428931688255813,0.0,0.09883265325351012,344.43003713913856,46.0,46.0,,0.00021719559434345634,,,,,,,0.580292932165831,,0,0.18533315221151192,1.3376034826768108,inf,-inf,-0.08559116196554184,0.09583753950775627,-0.07413789388959717,0.07667272125479424,inf,-inf,3.0264323056591724,0.2527721632525749,0.2527721632525749,0.2527721632525749,784,1.869332912409688,1.293911391770234,1.8584183730746275,,,-2.9677624318877465,0.5676057792842143,0.15982227989112305,7.2172920317583955,0.8583742784189143,0.0,0.0,0.6505934924489999,0.6666865358229068,0.1704249422692204,0.18598258598609027,1.3376034826768108,7.192089923821421,0.8568551088107241,5910
323,2.2511921804877058,-29.74942805944185,0.11825874024472025,0.06038060831830666,-27.319596530391117,-29.74942805944185,nan,0.09783781290078497,0.020420927343935243,2.2790090090007413,-29.68684105525488,0.11757825275028455,0.057123215559603216,-27.23313057794425,-29.68684105525488,nan,43.253833187088745,0.1389456218898281,0.0,0.09683165793405495,311.300439688451,46.0,46.0,,0.00021673799727693572,,,,,,,0.580292932165831,,0,0.18533315221151192,1.3376034826768108,inf,-inf,-0.08598038735519684,0.09475593760969837,-0.07389827343179513,0.07601978006561279,inf,-inf,3.021237455140195,0.2524964236230413,0.2524964236230413,0.2524964236230413,784,1.869332912409688,1.293911391770234,1.8584183730746275,,,-2.9677624318877465,0.5676057792842143,0.15982227989112305,7.2172920317583955,0.8583742784189143,0.0,0.0,0.6505934924489999,0.6666865358229068,0.1704249422692204,0.18598258598609027,1.3376034826768108,7.192089923821421,0.8568551088107241,5910
324,2.229476190246774,-29.751042526671,0.11851723524247969,0.06004367307492056,-27.343005428106824,-29.751042526671,nan,0.09812986034093178,0.020387374901547912,2.2790090090007413,-29.68684105525488,0.11757825275028455,0.057123215559603216,-27.23313057794425,-29.68684105525488,nan,50.10883197487116,0.13269474523412828,0.0,0.09438108363754359,377.6248402787805,46.0,46.0,,0.00021627964795240163,,,,,,,0.580292932165831,,0,0.18533315221151192,1.3376034826768108,inf,-inf,-0.08446099095411869,0.09476233862799253,-0.0727789580267484,0.07596483345786884,inf,-inf,3.0178858089538543,0.2523911821089055,0.2523911821089055,0.2523911821089055,784,1.869332912409688,1.293911391770234,1.8584183730746275,,,-2.9677624318877465,0.5676057792842143,0.15982227989112305,7.2172920317583955,0.8583742784189143,0.0,0.0,0.6505934924489999,0.6666865358229068,0.1704249422692204,0.18598258598609027,1.3376034826768108,7.192089923821421,0.8568551088107241,5910
325,2.245662230310681,-29.753363807927254,0.11881788598822532,0.06004652344714079,-27.328837168181206,-29.753363807927254,nan,0.09841593249402007,0.020401953494205184,2.264927418185663,-29.680677446497786,0.11891597779105935,0.05418335042758821,-27.242650700093474,-29.680677446497786,nan,52.27871050085099,0.13377903744942074,0.0,0.09307158991252025,390.7840233984084,46.0,46.0,,0.00021582055195469593,,,,,,,0.5667385583844804,,0,0.17809218058816845,1.3408333239804762,inf,-inf,-0.0852808377729192,0.09384487449517327,-0.07362623647143646,0.07623567575592871,inf,-inf,3.0141263294684797,0.2521562793957085,0.2521562793957085,0.2521562793957085,784,1.8510507590634857,1.2865551154037675,1.8539586922142794,,,-2.990134390091319,0.55396130076574,0.15793909187144892,7.528872517323506,0.8767299435091502,0.0,0.0,0.6366373659868433,0.6528308949978947,0.16943553822617394,0.17858681337510351,1.3408333239804762,7.508019761594556,0.8755254070420331,5910
326,2.2347368105200762,-29.752344174514132,0.1190582799489236,0.05989887948377542,-27.338650204561358,-29.752344174514132,nan,0.09870726375536669,0.02035101619355691,2.264927418185663,-29.680677446497786,0.11891597779105935,0.05418335042758821,-27.242650700093474,-29.680677446497786,nan,42.23591191541927,0.13175863653266132,0.0,0.08950592200711868,320.555168350953,46.0,46.0,,0.0002153607148777584,,,,,,,0.5667385583844804,,0,0.17809218058816845,1.3408333239804762,inf,-inf,-0.08474828613226536,0.0929009638539512,-0.07284950403099259,0.07550399651377133,inf,-inf,3.008085417894101,0.25195185027888667,0.25195185027888667,0.25195185027888667,784,1.8510507590634857,1.2865551154037675,1.8539586922142794,,,-2.990134390091319,0.55396130076574,0.15793909187144892,7.528872517323506,0.8767299435091502,0.0,0.0,0.6366373659868433,0.6528308949978947,0.16943553822617394,0.17858681337510351,1.3408333239804762,7.508019761594556,0.8755254070420331,5910
327,2.2298845725642296,-29.756893650009577,0.11933123268188632,0.05997290451047291,-27.347704940252985,-29.756893650009577,nan,0.09899704829000674,0.020334184391879614,2.264927418185663,-29.680677446497786,0.11891597779105935,0.05418335042758821,-27.242650700093474,-29.680677446497786,nan,52.95576147266333,0.13089773409795583,0.0,0.08827144826882835,404.5582747294502,46.0,46.0,,0.00021490014232455876,,,,,,,0.5667385583844804,,0,0.17809218058816845,1.3408333239804762,inf,-inf,-0.08594077125395892,0.09259613203283959,-0.07266239263982857,0.07557668554622902,inf,-inf,3.003032199924975,0.25169193848953386,0.25169193848953386,0.25169193848953386,784,1.8510507590634857,1.2865551154037675,1.8539586922142794,,,-2.990134390091319,0.55396130076574,0.15793909187144892,7.528872517323506,0.8767299435091502,0.0,0.0,0.6366373659868433,0.6528308949978947,0.16943553822617394,0.17858681337510351,1.3408333239804762,7.508019761594556,0.8755254070420331,5910
328,2.2372946144541093,-29.755404977932404,0.11959026428842891,0.05957871100924571,-27.33894138818062,-29.755404977932404,nan,0.09927918779409782,0.02031107649433111,2.264927418185663,-29.680677446497786,0.11891597779105935,0.05418335042758821,-27.242650700093474,-29.680677446497786,nan,49.42418357464555,0.1307225906964038,0.0,0.08532256702103137,378.0844864789328,46.0,46.0,,0.00021443883990702824,,,,,,,0.5667385583844804,,0,0.17809218058816845,1.3408333239804762,inf,-inf,-0.08352141134133588,0.09279549121794207,-0.07094965237261688,0.07616686057673838,inf,-inf,2.9986366256976322,0.2514960661977586,0.2514960661977586,0.2514960661977586,784,1.8510507590634857,1.2865551154037675,1.8539586922142794,,,-2.990134390091319,0.55396130076574,0.15793909187144892,7.528872517323506,0.8767299435091502,0.0,0.0,0.6366373659868433,0.6528308949978947,0.16943553822617394,0.17858681337510351,1.3408333239804762,7.508019761594556,0.8755254070420331,5910
329,2.220435554837458,-29.75429178519232,0.11983130611139413,0.060247555753071204,-27.353777368490395,-29.75429178519232,nan,0.09955380235561732,0.020277503755776825,2.264927418185663,-29.680677446497786,0.11891597779105935,0.05418335042758821,-27.242650700093474,-29.680677446497786,nan,45.2013888962351,0.13082347978081935,0.0,0.08384371194766589,345.5143447641445,46.0,46.0,,0.00021397681324599125,,,,,,,0.5667385583844804,,0,0.17809218058816845,1.3408333239804762,inf,-inf,-0.08442449211635494,0.09153953913189848,-0.07083565497611898,0.07537463167327216,inf,-inf,2.9938352634787053,0.2511318917113599,0.2511318917113599,0.2511318917113599,784,1.8510507590634857,1.2865551154037675,1.8539586922142794,,,-2.990134390091319,0.55396130076574,0.15793909187144892,7.528872517323506,0.8767299435091502,0.0,0.0,0.6366373659868433,0.6528308949978947,0.16943553822617394,0.17858681337510351,1.3408333239804762,7.508019761594556,0.8755254070420331,5910
330,2.237028967446486,-29.755946814321668,0.12009022817630396,0.05972788041959709,-27.33909973827928,-29.755946814321668,nan,0.09983290671219815,0.020257321464105808,2.238461908542229,-29.68332985821808,0.12021240305098246,0.05564261126619599,-27.269012935358674,-29.68332985821808,nan,42.73805796742492,0.1348377556771391,0.0,0.0825568666913732,316.95913175652845,46.0,46.0,,0.00021351406797109676,,,,,,,0.5540999676279292,,0,0.1714996590964656,1.3452278197771148,inf,-inf,-0.08509479871034314,0.09098800708333725,-0.07115755097192718,0.07528184432159046,inf,-inf,2.9901931026482593,0.25107912384845193,0.25107912384845193,0.25107912384845193,784,1.8333548390837904,1.2793453967439492,1.8491985164130522,,,-3.011609215161535,0.5413332880413828,0.15624485992907405,7.843909584802423,0.8945325789978248,0.0,0.0,0.6236176913079581,0.6402078247196039,0.16862779030595762,0.17185799509503416,1.3452278197771148,7.827554482020052,0.8936260991133957,5910
331,2.2132089168529743,-29.7543370463235,0.1203434575559447,0.059489676088913646,-27.36129499582567,-29.7543370463235,nan,0.10011209705264247,0.020231360503302223,2.238461908542229,-29.68332985821808,0.12021240305098246,0.05564261126619599,-27.269012935358674,-29.68332985821808,nan,51.868764491281986,0.13071658269974087,0.0,0.08048356785162868,396.8032473005034,46.0,46.0,,0.00021305060972074996,,,,,,,0.5540999676279292,,0,0.1714996590964656,1.3452278197771148,inf,-inf,-0.08428369038174094,0.09300913196076109,-0.07010607205850518,0.077153739629658,inf,-inf,2.9838149167012595,0.2508182364102998,0.2508182364102998,0.2508182364102998,784,1.8333548390837904,1.2793453967439492,1.8491985164130522,,,-3.011609215161535,0.5413332880413828,0.15624485992907405,7.843909584802423,0.8945325789978248,0.0,0.0,0.6236176913079581,0.6402078247196039,0.16862779030595762,0.17185799509503416,1.3452278197771148,7.827554482020052,0.8936260991133957,5910
332,2.225966057554228,-29.755987687752075,0.12061572236696666,0.05881588427233475,-27.350590023558546,-29.755987687752075,nan,0.1003916940985101,0.020224028268456512,2.238461908542229,-29.68332985821808,0.12021240305098246,0.05564261126619599,-27.269012935358674,-29.68332985821808,nan,52.7115084678927,0.13221059513967948,0.0,0.07719620014245016,398.6935268856735,46.0,46.0,,0.00021258644414204342,,,,,,,0.5540999676279292,,0,0.1714996590964656,1.3452278197771148,inf,-inf,-0.08453454599574219,0.08979129828547755,-0.07096368382965257,0.07446960776652607,inf,-inf,2.980141873842635,0.25062224429386076,0.25062224429386076,0.25062224429386076,784,1.8333548390837904,1.2793453967439492,1.8491985164130522,,,-3.011609215161535,0.5413332880413828,0.15624485992907405,7.843909584802423,0.8945325789978248,0.0,0.0,0.6236176913079581,0.6402078247196039,0.16862779030595762,0.17185799509503416,1.3452278197771148,7.827554482020052,0.8936260991133957,5910
333,2.2191251876043068,-29.755822728239274,0.1208525703610829,0.05896763109801356,-27.35687733917587,-29.755822728239274,nan,0.10065170303079088,0.02020086733029205,2.238461908542229,-29.68332985821808,0.12021240305098246,0.05564261126619599,-27.269012935358674,-29.68332985821808,nan,43.55867720179053,0.12406045041254031,0.0,0.07634771022444378,351.10848829698847,46.0,46.0,,0.00021212157689068812,,,,,,,0.5540999676279292,,0,0.1714996590964656,1.3452278197771148,inf,-inf,-0.08403661401584875,0.09113911667412072,-0.07000565513524731,0.07626943250395256,inf,-inf,2.9753866720132125,0.2503367787480556,0.2503367787480556,0.2503367787480556,784,1.8333548390837904,1.2793453967439492,1.8491985164130522,,,-3.011609215161535,0.5413332880413828,0.15624485992907405,7.843909584802423,0.8945325789978248,0.0,0.0,0.6236176913079581,0.6402078247196039,0.16862779030595762,0.17185799509503416,1.3452278197771148,7.827554482020052,0.8936260991133957,5910
334,2.2115865481516734,-29.75843050963422,0.12108504501337973,0.059822835441022154,-27.365936081028146,-29.75843050963422,nan,0.10092302202649912,0.02016202298688055,2.238461908542229,-29.68332985821808,0.12021240305098246,0.05564261126619599,-27.269012935358674,-29.68332985821808,nan,45.46064604662656,0.12585718574588992,0.0,0.07583780571648141,361.2081882906011,46.0,46.0,,0.00021165601363094493,,,,,,,0.5540999676279292,,0,0.1714996590964656,1.3452278197771148,inf,-inf,-0.08442208261569878,0.0903779836484503,-0.0706208891111645,0.07564232909627858,inf,-inf,2.9691782591736944,0.24997433558661586,0.24997433558661586,0.24997433558661586,784,1.8333548390837904,1.2793453967439492,1.8491985164130522,,,-3.011609215161535,0.5413332880413828,0.15624485992907405,7.843909584802423,0.8945325789978248,0.0,0.0,0.6236176913079581,0.6402078247196039,0.16862779030595762,0.17185799509503416,1.3452278197771148,7.827554482020052,0.8936260991133957,5910
335,2.201785979676353,-29.75749718459859,0.12134729273601025,0.05940194484481591,-27.374961967341413,-29.75749718459859,nan,0.10120375401737579,0.020143538718634474,2.231203914181104,-29.692212715121332,0.12145546369930332,0.06302218502851376,-27.27653115221241,-29.692212715121332,nan,49.82723354366407,0.12463683614105575,0.0,0.07220300873305122,399.7793516458721,46.0,46.0,,0.0002111897600355551,,,,,,,0.5422756185119445,,0,0.16525274200465526,1.3494821287973762,inf,-inf,-0.08258968198888353,0.08884839757463256,-0.0690859048475841,0.07466394249075557,inf,-inf,2.9644155423005367,0.24982623067019558,0.24982623067019558,0.24982623067019558,784,1.8159158227020773,1.2721918477460414,1.8459432606665236,,,-3.032260415180644,0.5295282713376996,0.1546926323955591,8.166170875151716,0.9120184631891171,0.0,0.0,0.6114379352602276,0.6279877178333899,0.16787183398422661,0.16548684128647081,1.3494821287973762,8.154618931068457,0.911403671078197,5910
336,2.2080070251810433,-29.75891495547003,0.12160026140852943,0.06055220917178482,-27.36875545970867,-29.75891495547003,nan,0.1014670934135951,0.020133167994934323,2.231203914181104,-29.692212715121332,0.12145546369930332,0.06302218502851376,-27.27653115221241,-29.692212715121332,nan,51.00694867183921,0.12764594603321305,0.0,0.07229709274656478,399.5970906789893,46.0,46.0,,0.00021072282178567173,,,,,,,0.5422756185119445,,0,0.16525274200465526,1.3494821287973762,inf,-inf,-0.08273444119053279,0.08800419558937848,-0.07072558286754455,0.07412185563919868,inf,-inf,2.959948124338601,0.24952571822392136,0.24952571822392136,0.24952571822392136,784,1.8159158227020773,1.2721918477460414,1.8459432606665236,,,-3.032260415180644,0.5295282713376996,0.1546926323955591,8.166170875151716,0.9120184631891171,0.0,0.0,0.6114379352602276,0.6279877178333899,0.16787183398422661,0.16548684128647081,1.3494821287973762,8.154618931068457,0.911403671078197,5910
337,2.1981384956268113,-29.758610098252092,0.12183463562623527,0.05932061569926832,-27.379316351299778,-29.758610098252092,nan,0.10173359443534041,0.02010104119089485,2.231203914181104,-29.692212715121332,0.12145546369930332,0.06302218502851376,-27.27653115221241,-29.692212715121332,nan,45.98027163441138,0.12523792831198827,0.0,0.06999993376568539,367.1433427089832,46.0,46.0,,0.00021025520457078993,,,,,,,0.5422756185119445,,0,0.16525274200465526,1.3494821287973762,inf,-inf,-0.08393147728994352,0.08854199413049839,-0.06903728912124173,0.07509573884293765,inf,-inf,2.955096611388959,0.24916486103576915,0.24916486103576915,0.24916486103576915,784,1.8159158227020773,1.2721918477460414,1.8459432606665236,,,-3.032260415180644,0.5295282713376996,0.1546926323955591,8.166170875151716,0.9120184631891171,0.0,0.0,0.6114379352602276,0.6279877178333899,0.16787183398422661,0.16548684128647081,1.3494821287973762,8.154618931068457,0.911403671078197,5910
338,2.2002663061923973,-29.759483139994977,0.12207621152304797,0.05879174169917537,-27.378348880580358,-29.759483139994977,nan,0.10199876574271345,0.020077445780334487,2.231203914181104,-29.692212715121332,0.12145546369930332,0.06302218502851376,-27.27653115221241,-29.692212715121332,nan,50.78051548030758,0.1273917850518142,0.0,0.06802568655266358,398.6168767448667,46.0,46.0,,0.00020978691408867793,,,,,,,0.5422756185119445,,0,0.16525274200465526,1.3494821287973762,inf,-inf,-0.08387668263451493,0.08785315372486531,-0.06941062368541191,0.07464888583636345,inf,-inf,2.9503761706185987,0.24893866483351568,0.24893866483351568,0.24893866483351568,784,1.8159158227020773,1.2721918477460414,1.8459432606665236,,,-3.032260415180644,0.5295282713376996,0.1546926323955591,8.166170875151716,0.9120184631891171,0.0,0.0,0.6114379352602276,0.6279877178333899,0.16787183398422661,0.16548684128647081,1.3494821287973762,8.154618931068457,0.911403671078197,5910
339,2.1947673709981435,-29.7599842391141,0.12231048187925611,0.059326071217677405,-27.383580315019024,-29.7599842391141,nan,0.10225156465425891,0.02005891722499723,2.231203914181104,-29.692212715121332,0.12145546369930332,0.06302218502851376,-27.27653115221241,-29.692212715121332,nan,49.70034146515561,0.12444302374911201,0.0,0.06651394043762647,399.38230338532946,46.0,46.0,,0.00020931795604530742,,,,,,,0.5422756185119445,,0,0.16525274200465526,1.3494821287973762,inf,-inf,-0.0832377239495705,0.0869745344477253,-0.06901632949538226,0.0739509863379343,inf,-inf,2.9433253030781117,0.24878300557536837,0.24878300557536837,0.24878300557536837,784,1.8159158227020773,1.2721918477460414,1.8459432606665236,,,-3.032260415180644,0.5295282713376996,0.1546926323955591,8.166170875151716,0.9120184631891171,0.0,0.0,0.6114379352602276,0.6279877178333899,0.16787183398422661,0.16548684128647081,1.3494821287973762,8.154618931068457,0.911403671078197,5910
340,2.183479362432256,-29.760617233015576,0.12252707177226622,0.05890192810726642,-27.395708870703785,-29.760617233015576,nan,0.10250937541067406,0.02001769636159219,2.2114493562551534,-29.684268160119075,0.12264087979064234,0.055224321947536535,-27.294953602125744,-29.684268160119075,nan,41.74125720345558,0.12663887030993992,0.0,0.06456860196166125,329.6085720071312,46.0,46.0,,0.00020884833615478424,,,,,,,0.5312761092429474,,0,0.15949751362403158,1.3539237063853833,inf,-inf,-0.08271813177693244,0.08836510066315557,-0.06848731365791536,0.07557682742350394,inf,-inf,2.93687044043228,0.24852337973515712,0.24852337973515712,0.24852337973515712,784,1.7986670702431922,1.2651107186168404,1.8416329118714128,,,-3.0520084705356196,0.5183510445738777,0.15327417287722395,8.488682209660395,0.9288402752270652,0.0,0.0,0.6001109296952305,0.6176148593661557,0.16723136239621753,0.15969625518891337,1.3539237063853833,8.478118067225518,0.9282994603081043,5910
341,2.179006833686809,-29.76030230695791,0.1227908940480122,0.05817140175026217,-27.400333177472827,-29.76030230695791,nan,0.10276942692714817,0.02002146712086401,2.2114493562551534,-29.684268160119075,0.12264087979064234,0.055224321947536535,-27.294953602125744,-29.684268160119075,nan,39.53475437810384,0.12687642561390253,0.0,0.06367480164148538,311.60047413703154,46.0,46.0,,0.00020837806013927852,,,,,,,0.5312761092429474,,0,0.15949751362403158,1.3539237063853833,inf,-inf,-0.08225786490341633,0.08569183135251066,-0.0680033993205372,0.0736938229658033,inf,-inf,2.935016603315522,0.2481372054701702,0.2481372054701702,0.2481372054701702,784,1.7986670702431922,1.2651107186168404,1.8416329118714128,,,-3.0520084705356196,0.5183510445738777,0.15327417287722395,8.488682209660395,0.9288402752270652,0.0,0.0,0.6001109296952305,0.6176148593661557,0.16723136239621753,0.15969625518891337,1.3539237063853833,8.478118067225518,0.9282994603081043,5910
342,2.184889425739358,-29.75980127109481,0.12303532024351664,0.05813853251337939,-27.393737992598556,-29.75980127109481,nan,0.10303220838499909,0.020003111858517542,2.2114493562551534,-29.684268160119075,0.12264087979064234,0.055224321947536535,-27.294953602125744,-29.684268160119075,nan,45.26703101993323,0.12359141383752735,0.0,0.062240411244920184,366.26355840091804,46.0,46.0,,0.000207907133728955,,,,,,,0.5312761092429474,,0,0.15949751362403158,1.3539237063853833,inf,-inf,-0.08291531372123997,0.08585697637634383,-0.06869443513072869,0.07392496578566306,inf,-inf,2.928667271821059,0.247858647554792,0.247858647554792,0.247858647554792,784,1.7986670702431922,1.2651107186168404,1.8416329118714128,,,-3.0520084705356196,0.5183510445738777,0.15327417287722395,8.488682209660395,0.9288402752270652,0.0,0.0,0.6001109296952305,0.6176148593661557,0.16723136239621753,0.15969625518891337,1.3539237063853833,8.478118067225518,0.9282994603081043,5910
343,2.1691950668546527,-29.76120425511242,0.12325007199736389,0.05759472989705946,-27.411164386363346,-29.76120425511242,nan,0.10328235723196123,0.01996771476540272,2.2114493562551534,-29.684268160119075,0.12264087979064234,0.055224321947536535,-27.294953602125744,-29.684268160119075,nan,48.45637254546937,0.1250227140483952,0.0,0.06207024233913764,387.58055217640157,46.0,46.0,,0.00020743556266190357,,,,,,,0.5312761092429474,,0,0.15949751362403158,1.3539237063853833,inf,-inf,-0.08216817361542167,0.08682044105998488,-0.06805575761733962,0.07510646854555303,inf,-inf,2.9226700962165153,0.2476158957021124,0.2476158957021124,0.2476158957021124,784,1.7986670702431922,1.2651107186168404,1.8416329118714128,,,-3.0520084705356196,0.5183510445738777,0.15327417287722395,8.488682209660395,0.9288402752270652,0.0,0.0,0.6001109296952305,0.6176148593661557,0.16723136239621753,0.15969625518891337,1.3539237063853833,8.478118067225518,0.9282994603081043,5910
344,2.1731811028373405,-29.76512295456544,0.1235059843209148,0.05862462988420245,-27.409811237522984,-29.76512295456544,nan,0.10354209447615846,0.019963889844756343,2.2114493562551534,-29.684268160119075,0.12264087979064234,0.055224321947536535,-27.294953602125744,-29.684268160119075,nan,42.50242980902287,0.12290193129665253,0.0,0.05989089751267298,345.8239375135068,46.0,46.0,,0.00020696335268406867,,,,,,,0.5312761092429474,,0,0.15949751362403158,1.3539237063853833,inf,-inf,-0.08172781017736341,0.08441859678139364,-0.06915777239185358,0.07301597335988319,inf,-inf,2.917985273393788,0.24728878347732847,0.24728878347732847,0.24728878347732847,784,1.7986670702431922,1.2651107186168404,1.8416329118714128,,,-3.0520084705356196,0.5183510445738777,0.15327417287722395,8.488682209660395,0.9288402752270652,0.0,0.0,0.6001109296952305,0.6176148593661557,0.16723136239621753,0.15969625518891337,1.3539237063853833,8.478118067225518,0.9282994603081043,5910
345,2.1827667249694698,-29.764664829808503,0.1237197111080537,0.0583953423273089,-27.39978305140367,-29.764664829808503,nan,0.10378502787149838,0.019934683236555305,2.1856915874041176,-29.683610109076955,0.1237966499789793,0.0530276310760301,-27.32109424061783,-29.683610109076955,nan,43.525950995364866,0.12169010971984076,0.0,0.05855245847831862,357.67862397011424,46.0,46.0,,0.00020649050954918004,,,,,,,0.5208979963007438,,0,0.1540226240337945,1.3584461269544807,inf,-inf,-0.08158374399178489,0.08567112642580797,-0.06733666521357852,0.07445466333373488,inf,-inf,2.9119460108896926,0.24700076816437028,0.24700076816437028,0.24700076816437028,784,1.7815559349598815,1.258018410501257,1.8352680056338824,,,-3.071129118584458,0.5077507156701089,0.15198513982994924,8.819783038214053,0.9454579018591036,0.0,0.0,0.589399976454252,0.6069241029047506,0.16670688891472643,0.15414377824702313,1.3584461269544807,8.812850848754355,0.9451164200584532,5910
346,2.1654436004873143,-29.761928142851147,0.12395625279924706,0.05771137032598104,-27.414816919238604,-29.761928142851147,nan,0.10403520244441285,0.01992105035483416,2.1856915874041176,-29.683610109076955,0.1237966499789793,0.0530276310760301,-27.32109424061783,-29.683610109076955,nan,45.70113450598476,0.12251809152557576,0.0,0.056100721369559244,373.01539663996977,46.0,46.0,,0.00020601703901868194,,,,,,,0.5208979963007438,,0,0.1540226240337945,1.3584461269544807,inf,-inf,-0.0817115865103419,0.08445885520147642,-0.06811359870106055,0.07323678319064186,inf,-inf,2.9063398971079755,0.24676184884337085,0.24676184884337085,0.24676184884337085,784,1.7815559349598815,1.258018410501257,1.8352680056338824,,,-3.071129118584458,0.5077507156701089,0.15198513982994924,8.819783038214053,0.9454579018591036,0.0,0.0,0.589399976454252,0.6069241029047506,0.16670688891472643,0.15414377824702313,1.3584461269544807,8.812850848754355,0.9451164200584532,5910
347,2.176138076117512,-29.764980710634408,0.1241831125742376,0.0580279313851808,-27.406631590557478,-29.764980710634408,nan,0.10427830895821597,0.019904803616021677,2.1856915874041176,-29.683610109076955,0.1237966499789793,0.0530276310760301,-27.32109424061783,-29.683610109076955,nan,47.30626730522256,0.12300707899443371,0.0,0.05624147587414751,384.58166547766945,46.0,46.0,,0.00020554294686166337,,,,,,,0.5208979963007438,,0,0.1540226240337945,1.3584461269544807,inf,-inf,-0.08085255970845423,0.08574374312725107,-0.06721123699384032,0.07502102422282658,inf,-inf,2.9017421389818803,0.246546524091628,0.246546524091628,0.246546524091628,784,1.7815559349598815,1.258018410501257,1.8352680056338824,,,-3.071129118584458,0.5077507156701089,0.15198513982994924,8.819783038214053,0.9454579018591036,0.0,0.0,0.589399976454252,0.6069241029047506,0.16670688891472643,0.15414377824702313,1.3584461269544807,8.812850848754355,0.9451164200584532,5910
348,2.152054755051482,-29.762870173325954,0.1244190917192715,0.057441482084077615,-27.428954844471125,-29.762870173325954,nan,0.10452338685873051,0.019895704860540975,2.1856915874041176,-29.683610109076955,0.1237966499789793,0.0530276310760301,-27.32109424061783,-29.683610109076955,nan,46.17439781517136,0.12058203694727547,0.0,0.05343833213494303,382.92932333993605,46.0,46.0,,0.00020506823885478768,,,,,,,0.5208979963007438,,0,0.1540226240337945,1.3584461269544807,inf,-inf,-0.08181432416932317,0.08478045556674894,-0.06723072077568393,0.07416383789140289,inf,-inf,2.8964936743668472,0.246076698780149,0.246076698780149,0.246076698780149,784,1.7815559349598815,1.258018410501257,1.8352680056338824,,,-3.071129118584458,0.5077507156701089,0.15198513982994924,8.819783038214053,0.9454579018591036,0.0,0.0,0.589399976454252,0.6069241029047506,0.16670688891472643,0.15414377824702313,1.3584461269544807,8.812850848754355,0.9451164200584532,5910
349,2.1661109689247295,-29.76383544970823,0.1246100370082771,0.05631857079728387,-27.416795872977936,-29.76383544970823,nan,0.10475605589632565,0.019853981111951448,2.1856915874041176,-29.683610109076955,0.1237966499789793,0.0530276310760301,-27.32109424061783,-29.683610109076955,nan,53.35181349251795,0.12091986029757454,0.0,0.05054916834045755,441.21630112061996,46.0,46.0,,0.00020459292078222214,,,,,,,0.5208979963007438,,0,0.1540226240337945,1.3584461269544807,inf,-inf,-0.08087113783701719,0.08378451134714378,-0.0668827281548128,0.07339422702988921,inf,-inf,2.889304591879646,0.24590922024219952,0.24590922024219952,0.24590922024219952,784,1.7815559349598815,1.258018410501257,1.8352680056338824,,,-3.071129118584458,0.5077507156701089,0.15198513982994924,8.819783038214053,0.9454579018591036,0.0,0.0,0.589399976454252,0.6069241029047506,0.16670688891472643,0.15414377824702313,1.3584461269544807,8.812850848754355,0.9451164200584532,5910
350,2.173445840111274,-29.763694600423566,0.12483282025624398,0.05774911796344173,-27.407666822092605,-29.763694600423566,nan,0.10498904924217116,0.019843771014072868,2.183897609955675,-29.688305261529887,0.12488196137576742,0.05368129120019145,-27.325844398998253,-29.688305261529887,nan,47.14501446796857,0.12539055521243456,0.0,0.04850813737584718,375.98537137104375,46.0,46.0,,0.0002041169984355674,,,,,,,0.5114659840458837,,0,0.14903527489886112,1.3644077123013303,inf,-inf,-0.08068910490997885,0.08219865372352582,-0.06574305597443754,0.07198361054492951,inf,-inf,2.884609136602512,0.2454657159932895,0.2454657159932895,0.2454657159932895,784,1.7648331502332788,1.2510640232788315,1.83012727551368,,,-3.0890157927837874,0.49821432755842043,0.15092249980809685,9.15493136257339,0.9616550926063256,0.0,0.0,0.5796927789651636,0.5972755417381164,0.16635367960976055,0.1490836513042059,1.3644077123013303,9.151960663461683,0.9615141447883019,5910
351,2.1523035597940705,-29.762661282437215,0.12504261481680398,0.05694842839600691,-27.428366679430333,-29.762661282437215,nan,0.10522476377407522,0.01981785104272873,2.183897609955675,-29.688305261529887,0.12488196137576742,0.05368129120019145,-27.325844398998253,-29.688305261529887,nan,45.53340512549142,0.123469381246557,0.0,0.04958088748683172,368.7829700431186,46.0,46.0,,0.00020364047761378714,,,,,,,0.5114659840458837,,0,0.14903527489886112,1.3644077123013303,inf,-inf,-0.08192087501912942,0.08222317030800651,-0.06550529873793776,0.07212309984648821,inf,-inf,2.8785429893368804,0.245157306081264,0.245157306081264,0.245157306081264,784,1.7648331502332788,1.2510640232788315,1.83012727551368,,,-3.0890157927837874,0.49821432755842043,0.15092249980809685,9.15493136257339,0.9616550926063256,0.0,0.0,0.5796927789651636,0.5972755417381164,0.16635367960976055,0.1490836513042059,1.3644077123013303,9.151960663461683,0.9615141447883019,5910
352,2.160939534181923,-29.765618119240546,0.12524624862299472,0.05715534909082185,-27.42227698734481,-29.765618119240546,nan,0.10544394496013511,0.0198023036628596,2.183897609955675,-29.688305261529887,0.12488196137576742,0.05368129120019145,-27.325844398998253,-29.688305261529887,nan,49.34685242966598,0.12157331257084585,0.0,0.04786202723104204,405.9020140699836,46.0,46.0,,0.00020316336412313715,,,,,,,0.5114659840458837,,0,0.14903527489886112,1.3644077123013303,inf,-inf,-0.07955714420983,0.08227158149407361,-0.06599689397922268,0.0726678000012312,inf,-inf,2.8727547662900506,0.24490242234460488,0.24490242234460488,0.24490242234460488,784,1.7648331502332788,1.2510640232788315,1.83012727551368,,,-3.0890157927837874,0.49821432755842043,0.15092249980809685,9.15493136257339,0.9616550926063256,0.0,0.0,0.5796927789651636,0.5972755417381164,0.16635367960976055,0.1490836513042059,1.3644077123013303,9.151960663461683,0.9615141447883019,5910
353,2.1569173670715553,-29.76444892641996,0.12545030621459663,0.05724870565412498,-27.42483254747968,-29.76444892641996,nan,0.10567757303790841,0.01977273317668821,2.183897609955675,-29.688305261529887,0.12488196137576742,0.05368129120019145,-27.325844398998253,-29.688305261529887,nan,42.89982683256492,0.12318269557840245,0.0,0.04527030908948228,348.2617962785231,46.0,46.0,,0.00020268566377709473,,,,,,,0.5114659840458837,,0,0.14903527489886112,1.3644077123013303,inf,-inf,-0.08090058995138855,0.08175555081246065,-0.06466831882818598,0.07221690238111661,inf,-inf,2.8668603892805096,0.24470344302714267,0.24470344302714267,0.24470344302714267,784,1.7648331502332788,1.2510640232788315,1.83012727551368,,,-3.0890157927837874,0.49821432755842043,0.15092249980809685,9.15493136257339,0.9616550926063256,0.0,0.0,0.5796927789651636,0.5972755417381164,0.16635367960976055,0.1490836513042059,1.3644077123013303,9.151960663461683,0.9615141447883019,5910
354,2.152787656467371,-29.766422151629445,0.1256750964387475,0.056952731038814604,-27.43100666768451,-29.766422151629445,nan,0.10589448643597817,0.019780610002769296,2.183897609955675,-29.688305261529887,0.12488196137576742,0.05368129120019145,-27.325844398998253,-29.688305261529887,nan,50.705593859053174,0.1212449688088756,0.0,0.04443195505133533,418.2078180826034,46.0,46.0,,0.00020220738239628788,,,,,,,0.5114659840458837,,0,0.14903527489886112,1.3644077123013303,inf,-inf,-0.08088494847454422,0.07999544466891549,-0.0648363068787943,0.07070300673732677,inf,-inf,2.8626757997030077,0.24438521500610239,0.24438521500610239,0.24438521500610239,784,1.7648331502332788,1.2510640232788315,1.83012727551368,,,-3.0890157927837874,0.49821432755842043,0.15092249980809685,9.15493136257339,0.9616550926063256,0.0,0.0,0.5796927789651636,0.5972755417381164,0.16635367960976055,0.1490836513042059,1.3644077123013303,9.151960663461683,0.9615141447883019,5910
355,2.147080227366905,-29.766544350531777,0.12588604360319683,0.056925025377146936,-27.43665305418453,-29.766544350531777,nan,0.1061227905030001,0.01976325310019672,2.1687388288375735,-29.691984875724444,0.12591724162302004,0.05193826433772451,-27.345390540926125,-29.691984875724444,nan,46.47974422518241,0.11884381772581187,0.0,0.04191680873570418,391.0993866960519,46.0,46.0,,0.00020172852580842426,,,,,,,0.5028410657479674,,0,0.14448635884759856,1.3711218968012129,inf,-inf,-0.07917604910386236,0.08155842676922039,-0.06379468240507885,0.07236913711048475,inf,-inf,2.8572644186823375,0.2439901565142434,0.2439901565142434,0.2439901565142434,784,1.7483678699501544,1.2441276784770845,1.8246385876243445,,,-3.1057929562207844,0.48929552217749117,0.1500548870459981,9.489628693927058,0.9772492198737293,0.0,0.0,0.5708555853835435,0.5883344322901058,0.16618602696776721,0.14448910413392738,1.3711218968012129,9.489448391418607,0.9772409682201697,5910
356,2.152987066201537,-29.767613930218342,0.12606224742804112,0.05650612016314678,-27.43205849642562,-29.767613930218342,nan,0.10632945121034092,0.01973279621770021,2.1687388288375735,-29.691984875724444,0.12591724162302004,0.05193826433772451,-27.345390540926125,-29.691984875724444,nan,45.96652277588509,0.12085565784841407,0.0,0.043260837502799875,380.34233228484544,46.0,46.0,,0.0002012490998482203,,,,,,,0.5028410657479674,,0,0.14448635884759856,1.3711218968012129,inf,-inf,-0.08006160056621126,0.07978217259971403,-0.06504318598880303,0.0708488475164082,inf,-inf,2.85156758980777,0.24369370430048565,0.24369370430048565,0.24369370430048565,784,1.7483678699501544,1.2441276784770845,1.8246385876243445,,,-3.1057929562207844,0.48929552217749117,0.1500548870459981,9.489628693927058,0.9772492198737293,0.0,0.0,0.5708555853835435,0.5883344322901058,0.16618602696776721,0.14448910413392738,1.3711218968012129,9.489448391418607,0.9772409682201697,5910
357,2.1468205866312293,-29.768256055234854,0.12627388161831107,0.057028635375950404,-27.438132951609365,-29.768256055234854,nan,0.10655204988348366,0.019721831734827437,2.1687388288375735,-29.691984875724444,0.12591724162302004,0.05193826433772451,-27.345390540926125,-29.691984875724444,nan,42.60583597747619,0.11988296536078583,0.0,0.041603622818601485,355.3952460990152,46.0,46.0,,0.00020076911035733002,,,,,,,0.5028410657479674,,0,0.14448635884759856,1.3711218968012129,inf,-inf,-0.07941244365405256,0.08039945330245145,-0.06413799242273753,0.0714158079520196,inf,-inf,2.8445638622013694,0.2434658077114212,0.2434658077114212,0.2434658077114212,784,1.7483678699501544,1.2441276784770845,1.8246385876243445,,,-3.1057929562207844,0.48929552217749117,0.1500548870459981,9.489628693927058,0.9772492198737293,0.0,0.0,0.5708555853835435,0.5883344322901058,0.16618602696776721,0.14448910413392738,1.3711218968012129,9.489448391418607,0.9772409682201697,5910
358,2.1360300657046487,-29.765549578328088,0.12647465556621418,0.05678612386635508,-27.44625873319087,-29.765549578328088,nan,0.10675923562102593,0.019715419945188193,2.1687388288375735,-29.691984875724444,0.12591724162302004,0.05193826433772451,-27.345390540926125,-29.691984875724444,nan,44.74584699596152,0.11568174823581588,0.0,0.03900249304478584,386.80126881163346,46.0,46.0,,0.00020028856318427387,,,,,,,0.5028410657479674,,0,0.14448635884759856,1.3711218968012129,inf,-inf,-0.07904091490551593,0.07970361435165202,-0.06475502631793303,0.07118993841574903,inf,-inf,2.8407225780613006,0.24297862293079497,0.24297862293079497,0.24297862293079497,784,1.7483678699501544,1.2441276784770845,1.8246385876243445,,,-3.1057929562207844,0.48929552217749117,0.1500548870459981,9.489628693927058,0.9772492198737293,0.0,0.0,0.5708555853835435,0.5883344322901058,0.16618602696776721,0.14448910413392738,1.3711218968012129,9.489448391418607,0.9772409682201697,5910
359,2.142141972702887,-29.766698237483762,0.1266403820659428,0.05643938214647306,-27.44147650056846,-29.766698237483762,nan,0.10696039745069225,0.01967998461525061,2.1687388288375735,-29.691984875724444,0.12591724162302004,0.05193826433772451,-27.345390540926125,-29.691984875724444,nan,43.49297829496576,0.12137769237524351,0.0,0.03955826909634323,358.32760900170723,46.0,46.0,,0.00019980746418436752,,,,,,,0.5028410657479674,,0,0.14448635884759856,1.3711218968012129,inf,-inf,-0.0791051052680081,0.0790182753850916,-0.06417627688379586,0.07052885367767367,inf,-inf,2.8323936721019427,0.2428128671437347,0.2428128671437347,0.2428128671437347,784,1.7483678699501544,1.2441276784770845,1.8246385876243445,,,-3.1057929562207844,0.48929552217749117,0.1500548870459981,9.489628693927058,0.9772492198737293,0.0,0.0,0.5708555853835435,0.5883344322901058,0.16618602696776721,0.14448910413392738,1.3711218968012129,9.489448391418607,0.9772409682201697,5910
360,2.1291825109713343,-29.76926754135232,0.12685109083412643,0.05656326864804282,-27.45667067089882,-29.76926754135232,nan,0.10717241975350741,0.019678671080619048,2.1564759749401556,-29.686875554188696,0.12687543928109452,0.05276307341000266,-27.350761066557443,-29.686875554188696,nan,51.13177079824396,0.11757835711645859,0.0,0.04045899981168628,434.8740027690568,46.0,46.0,,0.0001993258192196505,,,,,,,0.4949738861322923,,0,0.14004259446424225,1.3784223405697091,inf,-inf,-0.07898187554555108,0.07803838092712904,-0.06335049413108639,0.06992541086705403,inf,-inf,2.8298484561403483,0.24238239483128457,0.24238239483128457,0.24238239483128457,784,1.7320252550524893,1.237243647979818,1.8193924009249993,,,-3.1214975867030974,0.48176027599034266,0.14935788589684396,9.842879202881866,0.9931221552424823,0.0,0.0,0.5627807460239085,0.5803143772352508,0.16618738087525028,0.14004259446424225,1.3784223405697091,9.842879202881866,0.9931221552424823,5910
361,2.139396531505069,-29.767204155555913,0.12704360946057705,0.05609467206004412,-27.444669342530222,-29.767204155555913,nan,0.10738633816931245,0.01965727129126452,2.1564759749401556,-29.686875554188696,0.12687543928109452,0.05276307341000266,-27.350761066557443,-29.686875554188696,nan,55.137784518656765,0.11955264704185882,0.0,0.03623704134793695,461.2008674249717,46.0,46.0,,0.00019884363415881463,,,,,,,0.4949738861322923,,0,0.14004259446424225,1.3784223405697091,inf,-inf,-0.07855074409394663,0.07894301375967003,-0.06398754700682864,0.0709888641414122,inf,-inf,2.8218081378884725,0.24217116342817074,0.24217116342817074,0.24217116342817074,784,1.7320252550524893,1.237243647979818,1.8193924009249993,,,-3.1214975867030974,0.48176027599034266,0.14935788589684396,9.842879202881866,0.9931221552424823,0.0,0.0,0.5627807460239085,0.5803143772352508,0.16618738087525028,0.14004259446424225,1.3784223405697091,9.842879202881866,0.9931221552424823,5910
362,2.1208363152875864,-29.768967480168236,0.1272569474607894,0.05571299290500077,-27.46516122451486,-29.768967480168236,nan,0.10759439425226094,0.019662553208528416,2.1564759749401556,-29.686875554188696,0.12687543928109452,0.05276307341000266,-27.350761066557443,-29.686875554188696,nan,43.52378014244238,0.11456846594043003,0.0,0.03541414589435601,379.8931912475166,46.0,46.0,,0.00019836091487713273,,,,,,,0.4949738861322923,,0,0.14004259446424225,1.3784223405697091,inf,-inf,-0.07782035461436196,0.07759874986762963,-0.06367196451845174,0.06979117983709607,inf,-inf,2.8171729859712262,0.24180293630116736,0.24180293630116736,0.24180293630116736,784,1.7320252550524893,1.237243647979818,1.8193924009249993,,,-3.1214975867030974,0.48176027599034266,0.14935788589684396,9.842879202881866,0.9931221552424823,0.0,0.0,0.5627807460239085,0.5803143772352508,0.16618738087525028,0.14004259446424225,1.3784223405697091,9.842879202881866,0.9931221552424823,5910
363,2.132826331239326,-29.767656092709355,0.12740654102807836,0.05603357860386584,-27.451389641838084,-29.767656092709355,nan,0.10776991322393932,0.019636627804139026,2.1564759749401556,-29.686875554188696,0.12687543928109452,0.05276307341000266,-27.350761066557443,-29.686875554188696,nan,43.476458071243435,0.11837309518238945,0.0,0.037628484114223884,367.283275006494,46.0,46.0,,0.00019787766725638692,,,,,,,0.4949738861322923,,0,0.14004259446424225,1.3784223405697091,inf,-inf,-0.07889860185263628,0.07707534181774865,-0.06268277124752478,0.06965622070971014,inf,-inf,2.812551078523751,0.24147426407425648,0.24147426407425648,0.24147426407425648,784,1.7320252550524893,1.237243647979818,1.8193924009249993,,,-3.1214975867030974,0.48176027599034266,0.14935788589684396,9.842879202881866,0.9931221552424823,0.0,0.0,0.5627807460239085,0.5803143772352508,0.16618738087525028,0.14004259446424225,1.3784223405697091,9.842879202881866,0.9931221552424823,5910
364,2.1230904822059773,-29.772378049327646,0.12759737445642955,0.05614293793090927,-27.465547254734332,-29.772378049327646,nan,0.1079692356709125,0.019628138785517023,2.1564759749401556,-29.686875554188696,0.12687543928109452,0.05276307341000266,-27.350761066557443,-29.686875554188696,nan,46.287310385557255,0.11658045774943417,0.0,0.03385694440785274,397.041762222639,46.0,46.0,,0.00019739389718479697,,,,,,,0.4949738861322923,,0,0.14004259446424225,1.3784223405697091,inf,-inf,-0.0773364806504862,0.07639853789055574,-0.06312400235238672,0.06887384602015711,inf,-inf,2.806838673144301,0.24120292746172287,0.24120292746172287,0.24120292746172287,784,1.7320252550524893,1.237243647979818,1.8193924009249993,,,-3.1214975867030974,0.48176027599034266,0.14935788589684396,9.842879202881866,0.9931221552424823,0.0,0.0,0.5627807460239085,0.5803143772352508,0.16618738087525028,0.14004259446424225,1.3784223405697091,9.842879202881866,0.9931221552424823,5910
365,2.1224192251008476,-29.768254506500448,0.12777824121236483,0.05578480868345221,-27.462272231503782,-29.768254506500448,nan,0.10817014538928924,0.019608095823075624,2.1491077529620948,-29.697777438260886,0.12778005118673624,0.054457504076974986,-27.36643213003508,-29.697777438260886,nan,51.12671797960835,0.11834641506066952,0.0,0.03293723114866505,432.0090131449995,46.0,46.0,,0.0001969096105569485,,,,,,,0.48782433389943797,,0,0.136100504492342,1.3865928681679822,inf,-inf,-0.07762038211267228,0.07668347656533159,-0.06281660524521851,0.06933317075351918,inf,-inf,2.7995927183612404,0.2408366720903884,0.2408366720903884,0.2408366720903884,784,1.7154726637109663,1.230263894347076,1.8150679084343504,,,-3.136129280383032,0.4749893391574248,0.14884154713756345,10.188006821429541,1.0080892270756585,0.0,0.0,0.5554785048040557,0.5731447505346221,0.16630944293137598,0.136100504492342,1.3865928681679822,10.188006821429541,1.0080892270756585,5910
366,2.1084958151399955,-29.76995897558681,0.12796083200231526,0.05539566948410596,-27.478106658960392,-29.76995897558681,nan,0.10835264854854439,0.01960818345377091,2.1491077529620948,-29.697777438260886,0.12778005118673624,0.054457504076974986,-27.36643213003508,-29.697777438260886,nan,42.32945130321128,0.11364803076926033,0.0,0.03455596653815186,372.4609306179074,46.0,46.0,,0.0001964248132737213,,,,,,,0.48782433389943797,,0,0.136100504492342,1.3865928681679822,inf,-inf,-0.07836027565674158,0.07476828351987687,-0.06212424220978422,0.06773953132628922,inf,-inf,2.7950328492871286,0.24064206778272976,0.24064206778272976,0.24064206778272976,784,1.7154726637109663,1.230263894347076,1.8150679084343504,,,-3.136129280383032,0.4749893391574248,0.14884154713756345,10.188006821429541,1.0080892270756585,0.0,0.0,0.5554785048040557,0.5731447505346221,0.16630944293137598,0.136100504492342,1.3865928681679822,10.188006821429541,1.0080892270756585,5910
367,2.1205174555255697,-29.769813721717505,0.12810966610613364,0.05470968892903475,-27.466476911156768,-29.769813721717505,nan,0.10852740913601676,0.019582256970116903,2.1491077529620948,-29.697777438260886,0.12778005118673624,0.054457504076974986,-27.36643213003508,-29.697777438260886,nan,42.6773808702938,0.11638477063121477,0.0,0.031273558544834004,366.6921422694078,46.0,46.0,,0.00019593951124221724,,,,,,,0.48782433389943797,,0,0.136100504492342,1.3865928681679822,inf,-inf,-0.07649769484020254,0.07558855318836447,-0.061617422075373754,0.0689145867200022,inf,-inf,2.790636061845032,0.24028178151240764,0.24028178151240764,0.24028178151240764,784,1.7154726637109663,1.230263894347076,1.8150679084343504,,,-3.136129280383032,0.4749893391574248,0.14884154713756345,10.188006821429541,1.0080892270756585,0.0,0.0,0.5554785048040557,0.5731447505346221,0.16630944293137598,0.136100504492342,1.3865928681679822,10.188006821429541,1.0080892270756585,5910
368,2.1056738638506753,-29.76752839633532,0.12831829984959733,0.05611903817921046,-27.477417194455835,-29.76752839633532,nan,0.10873568307078639,0.019582616778810978,2.1491077529620948,-29.697777438260886,0.12778005118673624,0.054457504076974986,-27.36643213003508,-29.697777438260886,nan,45.554940608649424,0.11809350281923277,0.0,0.029037643738278284,385.7531491667323,46.0,46.0,,0.0001954537103756884,,,,,,,0.48782433389943797,,0,0.136100504492342,1.3865928681679822,inf,-inf,-0.07694263764682369,0.07324296453828721,-0.061334803612086555,0.0666966398166498,inf,-inf,2.783882236257007,0.23994936330833302,0.23994936330833302,0.23994936330833302,784,1.7154726637109663,1.230263894347076,1.8150679084343504,,,-3.136129280383032,0.4749893391574248,0.14884154713756345,10.188006821429541,1.0080892270756585,0.0,0.0,0.5554785048040557,0.5731447505346221,0.16630944293137598,0.136100504492342,1.3865928681679822,10.188006821429541,1.0080892270756585,5910
369,2.110997854044697,-29.76933111275373,0.1284686830536579,0.05597384940942985,-27.473890726245944,-29.76933111275373,nan,0.1089076053244178,0.019561077729240043,2.1491077529620948,-29.697777438260886,0.12778005118673624,0.054457504076974986,-27.36643213003508,-29.697777438260886,nan,50.940767846947004,0.11725595791106802,0.0,0.03168745105966208,434.4407632197477,46.0,46.0,,0.00019496741659346504,,,,,,,0.48782433389943797,,0,0.136100504492342,1.3865928681679822,inf,-inf,-0.07663535704274002,0.07396080638833487,-0.06188730120767886,0.06766408235420289,inf,-inf,2.778955220025374,0.23963338974205856,0.23963338974205856,0.23963338974205856,784,1.7154726637109663,1.230263894347076,1.8150679084343504,,,-3.136129280383032,0.4749893391574248,0.14884154713756345,10.188006821429541,1.0080892270756585,0.0,0.0,0.5554785048040557,0.5731447505346221,0.16630944293137598,0.136100504492342,1.3865928681679822,10.188006821429541,1.0080892270756585,5910
370,2.1028928618798806,-29.77173471804736,0.1286372946573428,0.05589264031972505,-27.48431192119041,-29.77173471804736,nan,0.10908621112382964,0.01955108353351315,2.1292905405311373,-29.695683115779836,0.12862873406783368,0.05354154931936179,-27.3842222918615,-29.695683115779836,nan,42.54064535881762,0.11186713834888924,0.0,0.03078614641760221,380.27830144490343,46.0,46.0,,0.0001944806358208834,,,,,,,0.4813482123964953,,0,0.13237655954961963,1.3942161768713475,inf,-inf,-0.07706972644587487,0.07308658441131763,-0.06265153090254892,0.0668270169161821,inf,-inf,2.773581424204481,0.2392223796361749,0.2392223796361749,0.2392223796361749,784,1.699615440542646,1.2234769555742733,1.8110437367048773,,,-3.1497526179985913,0.46832609599086816,0.1484764562031624,10.532198310749598,1.0225190278413057,0.0,0.0,0.5489094532497015,0.5665883487624499,0.16657666318466646,0.13237655954961963,1.3942161768713475,10.532198310749598,1.0225190278413057,5910
371,2.107516695497337,-29.770228823298766,0.12880596443663062,0.05545466943079065,-27.478451493934006,-29.770228823298766,nan,0.10926038958038989,0.01954557485624074,2.1292905405311373,-29.695683115779836,0.12862873406783368,0.05354154931936179,-27.3842222918615,-29.695683115779836,nan,45.72498365244869,0.11387684183430449,0.0,0.026486332560308745,401.53013480107245,46.0,46.0,,0.0001939933739892137,,,,,,,0.4813482123964953,,0,0.13237655954961963,1.3942161768713475,inf,-inf,-0.0764314423676794,0.07298742233302624,-0.06144820359910558,0.06686300320138013,inf,-inf,2.7681467706736695,0.2390069193751137,0.2390069193751137,0.2390069193751137,784,1.699615440542646,1.2234769555742733,1.8110437367048773,,,-3.1497526179985913,0.46832609599086816,0.1484764562031624,10.532198310749598,1.0225190278413057,0.0,0.0,0.5489094532497015,0.5665883487624499,0.16657666318466646,0.13237655954961963,1.3942161768713475,10.532198310749598,1.0225190278413057,5910
372,2.105800188243055,-29.77221667808371,0.12896135324858388,0.055966434849656584,-27.48148870174241,-29.77221667808371,nan,0.10942956207003576,0.019531791178548134,2.1292905405311373,-29.695683115779836,0.12862873406783368,0.05354154931936179,-27.3842222918615,-29.695683115779836,nan,48.813714618618434,0.11224876470180206,0.0,0.02836710547950156,434.8708402118814,46.0,46.0,,0.00019350563703558743,,,,,,,0.4813482123964953,,0,0.13237655954961963,1.3942161768713475,inf,-inf,-0.07578564371314386,0.07291796528628915,-0.06103825789894376,0.06682898797404556,inf,-inf,2.7639193650483094,0.23861914872728446,0.23861914872728446,0.23861914872728446,784,1.699615440542646,1.2234769555742733,1.8110437367048773,,,-3.1497526179985913,0.46832609599086816,0.1484764562031624,10.532198310749598,1.0225190278413057,0.0,0.0,0.5489094532497015,0.5665883487624499,0.16657666318466646,0.13237655954961963,1.3942161768713475,10.532198310749598,1.0225190278413057,5910
373,2.1078383142611026,-29.77044381439617,0.1291318496824138,0.0559774423303145,-27.477496208122343,-29.77044381439617,nan,0.10960980763442485,0.019522042047988953,2.1292905405311373,-29.695683115779836,0.12862873406783368,0.05354154931936179,-27.3842222918615,-29.695683115779836,nan,47.30924400876486,0.11440448938758853,0.0,0.02908271383565891,413.526114770609,46.0,46.0,,0.00019301743090292554,,,,,,,0.4813482123964953,,0,0.13237655954961963,1.3942161768713475,inf,-inf,-0.07577161265808058,0.07232252284418499,-0.06116102938758887,0.06622322172489487,inf,-inf,2.758228583783424,0.23826029957324954,0.23826029957324954,0.23826029957324954,784,1.699615440542646,1.2234769555742733,1.8110437367048773,,,-3.1497526179985913,0.46832609599086816,0.1484764562031624,10.532198310749598,1.0225190278413057,0.0,0.0,0.5489094532497015,0.5665883487624499,0.16657666318466646,0.13237655954961963,1.3942161768713475,10.532198310749598,1.0225190278413057,5910
374,2.095392627765717,-29.770291287604255,0.12926207722928917,0.05570497716584767,-27.489931605443402,-29.770291287604255,nan,0.10975121478388337,0.019510862445405782,2.1292905405311373,-29.695683115779836,0.12862873406783368,0.05354154931936179,-27.3842222918615,-29.695683115779836,nan,52.18020460639292,0.11665402714215937,0.0,0.026003598001574507,447.30735736027344,46.0,46.0,,0.00019252876153986567,,,,,,,0.4813482123964953,,0,0.13237655954961963,1.3942161768713475,inf,-inf,-0.07574386862520462,0.07330793370210831,-0.06148897433250705,0.06767184370533949,inf,-inf,2.753081152776135,0.2380493557970901,0.2380493557970901,0.2380493557970901,784,1.699615440542646,1.2234769555742733,1.8110437367048773,,,-3.1497526179985913,0.46832609599086816,0.1484764562031624,10.532198310749598,1.0225190278413057,0.0,0.0,0.5489094532497015,0.5665883487624499,0.16657666318466646,0.13237655954961963,1.3942161768713475,10.532198310749598,1.0225190278413057,5910
375,2.0978072004002026,-29.77231255293822,0.12941748398089808,0.055032433566297154,-27.490055434990825,-29.77231255293822,nan,0.10990323315692438,0.019514250823973713,2.1271740307034994,-29.69974256719463,0.12940330727406554,0.05218638721305468,-27.39097884200401,-29.69974256719463,nan,40.929316648417704,0.11062167701807106,0.0,0.026614697498077208,369.9936373386522,46.0,46.0,,0.0001920396349006898,,,,,,,0.47584575355270337,,0,0.12895715750977121,1.4052187048093716,inf,-inf,-0.07541512989873034,0.06987034789304744,-0.05988353460849577,0.06409833862349185,inf,-inf,2.7471138449553045,0.23789859667503183,0.23789859667503183,0.23789859667503183,784,1.684320815922894,1.2168329722177729,1.8087542081663008,,,-3.1616913945802847,0.46300526654691376,0.1483927274249387,10.896787211697783,1.0372984702429884,0.0,0.0,0.5433757000213089,0.5618733154164444,0.16710617613118678,0.12895715750977121,1.4052187048093716,10.896787211697783,1.0372984702429884,5910
376,2.090300701485709,-29.773209106245037,0.12958175079352668,0.055201638573505976,-27.498125015392294,-29.773209106245037,nan,0.11006516636657002,0.019516584426956692,2.1271740307034994,-29.69974256719463,0.12940330727406554,0.05218638721305468,-27.39097884200401,-29.69974256719463,nan,46.267361243798106,0.11712836078543078,0.0,0.026575930333874297,395.0141616730724,46.0,46.0,,0.0001915500569452517,,,,,,,0.47584575355270337,,0,0.12895715750977121,1.4052187048093716,inf,-inf,-0.07521214093727299,0.07052633374781349,-0.060444502878456305,0.0649710113069452,inf,-inf,2.742599232262069,0.23740979074377977,0.23740979074377977,0.23740979074377977,784,1.684320815922894,1.2168329722177729,1.8087542081663008,,,-3.1616913945802847,0.46300526654691376,0.1483927274249387,10.896787211697783,1.0372984702429884,0.0,0.0,0.5433757000213089,0.5618733154164444,0.16710617613118678,0.12895715750977121,1.4052187048093716,10.896787211697783,1.0372984702429884,5910
377,2.092930973852125,-29.773229605377686,0.12969550559017903,0.054912082144768073,-27.495691043790615,-29.773229605377686,nan,0.11021178261860716,0.01948372297157184,2.1271740307034994,-29.69974256719463,0.12940330727406554,0.05218638721305468,-27.39097884200401,-29.69974256719463,nan,44.99484658884071,0.11297628698191892,0.0,0.023724052291828394,398.26805952687954,46.0,46.0,,0.0001910600336389041,,,,,,,0.47584575355270337,,0,0.12895715750977121,1.4052187048093716,inf,-inf,-0.07532447406135495,0.07066924356704575,-0.06181164872822433,0.06480897629935069,inf,-inf,2.7361473042809554,0.2371834662438509,0.2371834662438509,0.2371834662438509,784,1.684320815922894,1.2168329722177729,1.8087542081663008,,,-3.1616913945802847,0.46300526654691376,0.1483927274249387,10.896787211697783,1.0372984702429884,0.0,0.0,0.5433757000213089,0.5618733154164444,0.16710617613118678,0.12895715750977121,1.4052187048093716,10.896787211697783,1.0372984702429884,5910
378,2.090894995275049,-29.772233362716698,0.12983734484845993,0.05510671307083297,-27.49639430952235,-29.772233362716698,nan,0.11036331798531747,0.01947402686314251,2.1271740307034994,-29.69974256719463,0.12940330727406554,0.05218638721305468,-27.39097884200401,-29.69974256719463,nan,42.91403770048746,0.11475267010648979,0.0,0.022738240658043186,373.96984018466406,46.0,46.0,,0.00019056957095242658,,,,,,,0.47584575355270337,,0,0.12895715750977121,1.4052187048093716,inf,-inf,-0.07529163949287969,0.07030269571300443,-0.06108770480656608,0.06512329402587858,inf,-inf,2.7304786673773327,0.2368533690861538,0.2368533690861538,0.2368533690861538,784,1.684320815922894,1.2168329722177729,1.8087542081663008,,,-3.1616913945802847,0.46300526654691376,0.1483927274249387,10.896787211697783,1.0372984702429884,0.0,0.0,0.5433757000213089,0.5618733154164444,0.16710617613118678,0.12895715750977121,1.4052187048093716,10.896787211697783,1.0372984702429884,5910
379,2.092797203664952,-29.774965146929908,0.12997926018745307,0.05508983412372701,-27.497098848953776,-29.774965146929908,nan,0.11050701181037033,0.019472248377082734,2.1271740307034994,-29.69974256719463,0.12940330727406554,0.05218638721305468,-27.39097884200401,-29.69974256719463,nan,45.8808854780521,0.11497908908629079,0.0,0.023950671613721018,399.0367800150069,46.0,46.0,,0.000190078674861952,,,,,,,0.47584575355270337,,0,0.12895715750977121,1.4052187048093716,inf,-inf,-0.07475526715820577,0.07054942193564316,-0.06031994509092713,0.06576870550946248,inf,-inf,2.7258832352641584,0.2366161627277118,0.2366161627277118,0.2366161627277118,784,1.684320815922894,1.2168329722177729,1.8087542081663008,,,-3.1616913945802847,0.46300526654691376,0.1483927274249387,10.896787211697783,1.0372984702429884,0.0,0.0,0.5433757000213089,0.5618733154164444,0.16710617613118678,0.12895715750977121,1.4052187048093716,10.896787211697783,1.0372984702429884,5910
380,2.084697905425405,-29.77313118566185,0.13012685804314475,0.05537604990743533,-27.502930372285867,-29.77313118566185,nan,0.11065006217023819,0.019476795872906547,2.093353355122117,-29.686264749689208,0.13008827309347787,0.05440183468913486,-27.408421286784478,-29.686264749689208,nan,45.767028291828,0.11426186092656039,0.0,0.02288068361146942,400.5450980817114,46.0,46.0,,0.0001895873513488945,,,,,,,0.4708815986620339,,0,0.12574406435201838,1.4153435440231381,inf,-inf,-0.07590177786266865,0.069393038571346,-0.06066251736371632,0.06379767913463814,inf,-inf,2.72088042588994,0.23625773869362954,0.23625773869362954,0.23625773869362954,784,1.6689779877232387,1.2101598412323293,1.8084108758408906,,,-3.172748037886367,0.45841124966888064,0.1484277017065054,11.25574834340417,1.0513743745570479,0.0,0.0,0.5384105865663614,0.5581309935053105,0.16773923167952162,0.12574406435201838,1.4153435440231381,11.25574834340417,1.0513743745570479,5910
381,2.0793184448107764,-29.77325846477926,0.1302525977517541,0.05540653619996818,-27.508280886016763,-29.77325846477926,nan,0.11079462480807377,0.019457972943680315,2.093353355122117,-29.686264749689208,0.13008827309347787,0.05440183468913486,-27.408421286784478,-29.686264749689208,nan,53.045692163822416,0.11590392249942343,0.0,0.024100831616537508,457.6695164401041,46.0,46.0,,0.00018909560639987575,,,,,,,0.4708815986620339,,0,0.12574406435201838,1.4153435440231381,inf,-inf,-0.07650102423599976,0.06787225320244089,-0.0602449611616954,0.06405314612705834,inf,-inf,2.715225650924314,0.23596828015250712,0.23596828015250712,0.23596828015250712,784,1.6689779877232387,1.2101598412323293,1.8084108758408906,,,-3.172748037886367,0.45841124966888064,0.1484277017065054,11.25574834340417,1.0513743745570479,0.0,0.0,0.5384105865663614,0.5581309935053105,0.16773923167952162,0.12574406435201838,1.4153435440231381,11.25574834340417,1.0513743745570479,5910
382,2.082786933930267,-29.774310500721185,0.13040607245353603,0.05539556456457317,-27.50572192977281,-29.774310500721185,nan,0.11094285369859377,0.01946321875494232,2.093353355122117,-29.686264749689208,0.13008827309347787,0.05440183468913486,-27.408421286784478,-29.686264749689208,nan,44.741949191504645,0.115210268914678,0.0,0.02245602124539814,388.3503581146874,46.0,46.0,,0.00018860344600665302,,,,,,,0.4708815986620339,,0,0.12574406435201838,1.4153435440231381,inf,-inf,-0.07579972454200892,0.06846538148459845,-0.05884232781676436,0.06420209825419212,inf,-inf,2.7092484077691408,0.23555401596954387,0.23555401596954387,0.23555401596954387,784,1.6689779877232387,1.2101598412323293,1.8084108758408906,,,-3.172748037886367,0.45841124966888064,0.1484277017065054,11.25574834340417,1.0513743745570479,0.0,0.0,0.5384105865663614,0.5581309935053105,0.16773923167952162,0.12574406435201838,1.4153435440231381,11.25574834340417,1.0513743745570479,5910
383,2.0860690470333694,-29.773688314012777,0.1305466599395785,0.05546870386180365,-27.501603903178026,-29.773688314012777,nan,0.11108731677403352,0.019459343165544988,2.093353355122117,-29.686264749689208,0.13008827309347787,0.05440183468913486,-27.408421286784478,-29.686264749689208,nan,50.089037129952146,0.11128691189004326,0.0,0.02298394369524533,450.08919988221515,46.0,46.0,,0.00018811087616604527,,,,,,,0.4708815986620339,,0,0.12574406435201838,1.4153435440231381,inf,-inf,-0.07633804848999111,0.06798165838653829,-0.05935794061016477,0.06399932309674682,inf,-inf,2.704635725251348,0.2354331660749612,0.2354331660749612,0.2354331660749612,784,1.6689779877232387,1.2101598412323293,1.8084108758408906,,,-3.172748037886367,0.45841124966888064,0.1484277017065054,11.25574834340417,1.0513743745570479,0.0,0.0,0.5384105865663614,0.5581309935053105,0.16773923167952162,0.12574406435201838,1.4153435440231381,11.25574834340417,1.0513743745570479,5910
384,2.0833887481857296,-29.77251859116154,0.13070622567069506,0.05384941697099522,-27.50457420033412,-29.77251859116154,nan,0.11123700817153918,0.01946921749915591,2.093353355122117,-29.686264749689208,0.13008827309347787,0.05440183468913486,-27.408421286784478,-29.686264749689208,nan,46.1281958720181,0.11506448486464756,0.0,0.021169641533627995,400.8899525016736,46.0,46.0,,0.0001876179028798606,,,,,,,0.4708815986620339,,0,0.12574406435201838,1.4153435440231381,inf,-inf,-0.0753925222422618,0.06780676998769025,-0.058472847669175314,0.06430173621855599,inf,-inf,2.7013877732926197,0.23500313443619447,0.23500313443619447,0.23500313443619447,784,1.6689779877232387,1.2101598412323293,1.8084108758408906,,,-3.172748037886367,0.45841124966888064,0.1484277017065054,11.25574834340417,1.0513743745570479,0.0,0.0,0.5384105865663614,0.5581309935053105,0.16773923167952162,0.12574406435201838,1.4153435440231381,11.25574834340417,1.0513743745570479,5910
385,2.0855865345877045,-29.77447448327762,0.13077825060698955,0.05512549542671781,-27.502984202656204,-29.77447448327762,nan,0.11134143864129539,0.01943681196569414,2.0949906103528892,-29.697065811012305,0.13072652198570509,0.0525924349166129,-27.418756243757098,-29.697065811012305,nan,43.39653485950716,0.11267601556427084,0.0,0.021148624628476265,385.1443862492068,46.0,46.0,,0.00018712453215482297,,,,,,,0.4665368613463811,,0,0.12289057539672728,1.4271482099386827,inf,-inf,-0.0760158580713847,0.06849088761719117,-0.058614175088249246,0.06410791969824507,inf,-inf,2.694742061118703,0.2347875858997964,0.2347875858997964,0.2347875858997964,784,1.653584291829823,1.2034389784038437,1.8070007271341255,,,-3.1826841872807132,0.4544425775003902,0.14863452393184493,11.613162403474998,1.0649504994425496,0.0,0.0,0.534117585678675,0.5538622878941173,0.16855276623210014,0.12289057539672728,1.4271482099386827,11.613162403474998,1.0649504994425496,5910
386,2.070321205127399,-29.775653001961295,0.13093855509531688,0.05461369414204764,-27.51977954759653,-29.775653001961295,nan,0.11147516419252455,0.019463390902792387,2.0949906103528892,-29.697065811012305,0.13072652198570509,0.0525924349166129,-27.418756243757098,-29.697065811012305,nan,41.69738154900989,0.11338961624937602,0.0,0.020202966833826812,367.73544993137193,46.0,46.0,,0.00018663077000249885,,,,,,,0.4665368613463811,,0,0.12289057539672728,1.4271482099386827,inf,-inf,-0.0760952914893864,0.06642757555663444,-0.05848236765424865,0.06415173524593748,inf,-inf,2.6892413357813747,0.2344882161396399,0.2344882161396399,0.2344882161396399,784,1.653584291829823,1.2034389784038437,1.8070007271341255,,,-3.1826841872807132,0.4544425775003902,0.14863452393184493,11.613162403474998,1.0649504994425496,0.0,0.0,0.534117585678675,0.5538622878941173,0.16855276623210014,0.12289057539672728,1.4271482099386827,11.613162403474998,1.0649504994425496,5910
387,2.0695426363814518,-29.774721105885078,0.13101645476190488,0.054152869001739684,-27.52000914573998,-29.774721105885078,nan,0.11158499705603797,0.019431457705866878,2.0949906103528892,-29.697065811012305,0.13072652198570509,0.0525924349166129,-27.418756243757098,-29.697065811012305,nan,46.67778982774912,0.11216034493307746,0.0,0.021331651069615896,416.1701700864088,46.0,46.0,,0.00018613662243922437,,,,,,,0.4665368613463811,,0,0.12289057539672728,1.4271482099386827,inf,-inf,-0.07578577579183203,0.06740143552989944,-0.05862360951420214,0.06449688621641142,inf,-inf,2.6862027589569286,0.23403149249077942,0.23403149249077942,0.23403149249077942,784,1.653584291829823,1.2034389784038437,1.8070007271341255,,,-3.1826841872807132,0.4544425775003902,0.14863452393184493,11.613162403474998,1.0649504994425496,0.0,0.0,0.534117585678675,0.5538622878941173,0.16855276623210014,0.12289057539672728,1.4271482099386827,11.613162403474998,1.0649504994425496,5910
388,2.072961006883545,-29.77632437307666,0.1311701288097698,0.054191471735835314,-27.518001765647508,-29.77632437307666,nan,0.11171505101787475,0.019455077791895047,2.0949906103528892,-29.697065811012305,0.13072652198570509,0.0525924349166129,-27.418756243757098,-29.697065811012305,nan,46.796109402027476,0.11183112240308767,0.0,0.022507424406734897,418.4533642911504,46.0,46.0,,0.00018564209548603154,,,,,,,0.4665368613463811,,0,0.12289057539672728,1.4271482099386827,inf,-inf,-0.076654079750307,0.06692906736844595,-0.05860265438970991,0.06405418880351693,inf,-inf,2.6820965834099235,0.2338445140056802,0.2338445140056802,0.2338445140056802,784,1.653584291829823,1.2034389784038437,1.8070007271341255,,,-3.1826841872807132,0.4544425775003902,0.14863452393184493,11.613162403474998,1.0649504994425496,0.0,0.0,0.534117585678675,0.5538622878941173,0.16855276623210014,0.12289057539672728,1.4271482099386827,11.613162403474998,1.0649504994425496,5910
389,2.052640836424943,-29.775336769089503,0.1312650988585203,0.054140420460636204,-27.537290413345403,-29.775336769089503,nan,0.11182958611616896,0.01943551274235133,2.0949906103528892,-29.697065811012305,0.13072652198570509,0.0525924349166129,-27.418756243757098,-29.697065811012305,nan,42.065186279561914,0.11011999689762782,0.0,0.01951553263156893,381.9940743248248,46.0,46.0,,0.00018514719516857532,,,,,,,0.4665368613463811,,0,0.12289057539672728,1.4271482099386827,inf,-inf,-0.07586186633083425,0.06660013308175305,-0.05864160560097759,0.06401211486353127,inf,-inf,2.675531658498146,0.23347330608287853,0.23347330608287853,0.23347330608287853,784,1.653584291829823,1.2034389784038437,1.8070007271341255,,,-3.1826841872807132,0.4544425775003902,0.14863452393184493,11.613162403474998,1.0649504994425496,0.0,0.0,0.534117585678675,0.5538622878941173,0.16855276623210014,0.12289057539672728,1.4271482099386827,11.613162403474998,1.0649504994425496,5910
390,2.058189710519933,-29.77535827912684,0.13137107423384667,0.05409949775541417,-27.53169799661765,-29.77535827912684,nan,0.1119407284901227,0.019430345743723956,2.0822573065521386,-29.68536565369282,0.13129801513644818,0.058572370821867586,-27.413237961182368,-29.68536565369282,nan,41.62435976598827,0.11266649600681328,0.0,0.022294578665699234,369.4475397856619,46.0,46.0,,0.0001846519275170598,,,,,,,0.4628352206971026,,0,0.1202552240731257,1.439064173335061,inf,-inf,-0.07758262512740266,0.06641580229961279,-0.05828408218752292,0.06380266051407375,inf,-inf,2.6690471184636553,0.23327899689793022,0.23327899689793022,0.23327899689793022,784,1.6384715426383112,1.1967627766586568,1.80317760044395,,,-3.191421665070007,0.4511583189107896,0.1490137138603328,11.966749756002153,1.0779762093278458,0.0,0.0,0.5305236785065546,0.5498245512565305,0.1695048003497051,0.1202552240731257,1.439064173335061,11.966749756002153,1.0779762093278458,5910
391,2.057676618914641,-29.777197530981436,0.13148563326645699,0.055292417618879056,-27.532742861181458,-29.777197530981436,nan,0.1120599033986747,0.01942572986778227,2.0822573065521386,-29.68536565369282,0.13129801513644818,0.058572370821867586,-27.413237961182368,-29.68536565369282,nan,45.21723254417111,0.11219459005076945,0.0,0.01991589379523645,403.02507031497464,46.0,46.0,,0.0001841562985661651,,,,,,,0.4628352206971026,,0,0.1202552240731257,1.439064173335061,inf,-inf,-0.0764282034926639,0.06609867891085133,-0.058251179510871796,0.06412655936506312,inf,-inf,2.6647322249011314,0.23288351901365162,0.23288351901365162,0.23288351901365162,784,1.6384715426383112,1.1967627766586568,1.80317760044395,,,-3.191421665070007,0.4511583189107896,0.1490137138603328,11.966749756002153,1.0779762093278458,0.0,0.0,0.5305236785065546,0.5498245512565305,0.1695048003497051,0.1202552240731257,1.439064173335061,11.966749756002153,1.0779762093278458,5910
392,2.062798920714425,-29.77676235421318,0.13161677540931513,0.05443042520538834,-27.52791623288405,-29.77676235421318,nan,0.1121725118970377,0.019444263512277432,2.0822573065521386,-29.68536565369282,0.13129801513644818,0.058572370821867586,-27.413237961182368,-29.68536565369282,nan,47.02882469638009,0.10992619252149509,0.0,0.02275327006510705,427.8218286072632,46.0,46.0,,0.00018366031435497352,,,,,,,0.4628352206971026,,0,0.1202552240731257,1.439064173335061,inf,-inf,-0.07607716708165849,0.06612321561799937,-0.05784581247463625,0.06370411553393412,inf,-inf,2.6609116316532293,0.23257539638724223,0.23257539638724223,0.23257539638724223,784,1.6384715426383112,1.1967627766586568,1.80317760044395,,,-3.191421665070007,0.4511583189107896,0.1490137138603328,11.966749756002153,1.0779762093278458,0.0,0.0,0.5305236785065546,0.5498245512565305,0.1695048003497051,0.1202552240731257,1.439064173335061,11.966749756002153,1.0779762093278458,5910
393,2.058595235433896,-29.776700411589015,0.131721692476274,0.05490115289067244,-27.531482330788176,-29.776700411589015,nan,0.11229598185869195,0.019425710617582016,2.0822573065521386,-29.68536565369282,0.13129801513644818,0.058572370821867586,-27.413237961182368,-29.68536565369282,nan,52.03213791874491,0.11128228912201527,0.0,0.020379021268255207,467.5689036347407,46.0,46.0,,0.00018316398092689616,,,,,,,0.4628352206971026,,0,0.1202552240731257,1.439064173335061,inf,-inf,-0.0773080163562018,0.06434858075250315,-0.05763974810637552,0.0639648827859448,inf,-inf,2.655585961466824,0.23226827204218314,0.23226827204218314,0.23226827204218314,784,1.6384715426383112,1.1967627766586568,1.80317760044395,,,-3.191421665070007,0.4511583189107896,0.1490137138603328,11.966749756002153,1.0779762093278458,0.0,0.0,0.5305236785065546,0.5498245512565305,0.1695048003497051,0.1202552240731257,1.439064173335061,11.966749756002153,1.0779762093278458,5910
394,2.060824090090658,-29.77771242175614,0.1318145858231868,0.05413676003005271,-27.530936985812243,-29.77771242175614,nan,0.1123899628715573,0.019424622951629486,2.0822573065521386,-29.68536565369282,0.13129801513644818,0.058572370821867586,-27.413237961182368,-29.68536565369282,nan,48.90803650486423,0.10924831037083642,0.0,0.02017633405483841,447.6777383453256,46.0,46.0,,0.00018266730432959922,,,,,,,0.4628352206971026,,0,0.1202552240731257,1.439064173335061,inf,-inf,-0.0768115222291126,0.06509315232247824,-0.05873573939745213,0.06395341001073099,inf,-inf,2.65101174918451,0.23192502426084588,0.23192502426084588,0.23192502426084588,784,1.6384715426383112,1.1967627766586568,1.80317760044395,,,-3.191421665070007,0.4511583189107896,0.1490137138603328,11.966749756002153,1.0779762093278458,0.0,0.0,0.5305236785065546,0.5498245512565305,0.1695048003497051,0.1202552240731257,1.439064173335061,11.966749756002153,1.0779762093278458,5910
395,2.050267549635812,-29.777842280841025,0.13191679750988317,0.05461954572133252,-27.541038387973995,-29.777842280841025,nan,0.11248620656852788,0.01943059094135525,2.0696627287034066,-29.70020696040602,0.1318024810238913,0.053900998055213055,-27.444840752623513,-29.70020696040602,nan,48.08846811423693,0.10878308043796729,0.0,0.0191559725175177,442.05834143168073,46.0,46.0,,0.00018217029061493029,,,,,,,0.45962829967854707,,0,0.11779428995991699,1.4518792416541066,inf,-inf,-0.07733502567956997,0.06404105129172584,-0.059293914873338883,0.06379955790126501,inf,-inf,2.6458037077585033,0.2317977462970659,0.2317977462970659,0.2317977462970659,784,1.623768486041096,1.1901906474856605,1.8029155279932185,,,-3.199246337950677,0.4484843889257079,0.14951103604691338,12.325548565623611,1.0908062572573114,0.0,0.0,0.5274648145291646,0.547560598946073,0.17058157646131572,0.11779428995991699,1.4518792416541066,12.325548565623611,1.0908062572573114,5910
396,2.0543396239292946,-29.77703092538142,0.13199353140885187,0.0534858120047482,-27.537211958038526,-29.77703092538142,nan,0.11255875954064551,0.01943477186820637,2.0696627287034066,-29.70020696040602,0.1318024810238913,0.053900998055213055,-27.444840752623513,-29.70020696040602,nan,46.832311687515904,0.11184536247652291,0.0,0.018886619430252213,418.72376869757403,46.0,46.0,,0.00018167294583884463,,,,,,,0.45962829967854707,,0,0.11779428995991699,1.4518792416541066,inf,-inf,-0.07861018925411611,0.06468037139838596,-0.05724472718766246,0.06399416039455269,inf,-inf,2.641392027712364,0.2313987795701646,0.2313987795701646,0.2313987795701646,784,1.623768486041096,1.1901906474856605,1.8029155279932185,,,-3.199246337950677,0.4484843889257079,0.14951103604691338,12.325548565623611,1.0908062572573114,0.0,0.0,0.5274648145291646,0.547560598946073,0.17058157646131572,0.11779428995991699,1.4518792416541066,12.325548565623611,1.0908062572573114,5910
397,2.0490486622010895,-29.773879295602608,0.13209123273422774,0.053089685865334024,-27.539649714801953,-29.773879295602608,nan,0.1126717930090929,0.0194194397251348,2.0696627287034066,-29.70020696040602,0.1318024810238913,0.053900998055213055,-27.444840752623513,-29.70020696040602,nan,50.861233072299626,0.1169396571098029,0.0,0.015649705655916498,434.9357123951751,46.0,46.0,,0.0001811752760613314,,,,,,,0.45962829967854707,,0,0.11779428995991699,1.4518792416541066,inf,-inf,-0.07741459996589983,0.06449445191417826,-0.05961894871045088,0.06409762123321443,inf,-inf,2.6348913526352815,0.23114968616323184,0.23114968616323184,0.23114968616323184,784,1.623768486041096,1.1901906474856605,1.8029155279932185,,,-3.199246337950677,0.4484843889257079,0.14951103604691338,12.325548565623611,1.0908062572573114,0.0,0.0,0.5274648145291646,0.547560598946073,0.17058157646131572,0.11779428995991699,1.4518792416541066,12.325548565623611,1.0908062572573114,5910
398,2.0428524378663324,-29.780380043680612,0.13217449379063848,0.05446614264804409,-27.550886969375597,-29.780380043680612,nan,0.11274440653568407,0.019430087254954365,2.0696627287034066,-29.70020696040602,0.1318024810238913,0.053900998055213055,-27.444840752623513,-29.70020696040602,nan,42.227981473886246,0.11182647466385631,0.0,0.01819230409331796,377.62060908046175,46.0,46.0,,0.0001806772873463398,,,,,,,0.45962829967854707,,0,0.11779428995991699,1.4518792416541066,inf,-inf,-0.07669362688673503,0.06336686558937007,-0.05642823054531451,0.06402018673273745,inf,-inf,2.631624624397647,0.23087141716944148,0.23087141716944148,0.23087141716944148,784,1.623768486041096,1.1901906474856605,1.8029155279932185,,,-3.199246337950677,0.4484843889257079,0.14951103604691338,12.325548565623611,1.0908062572573114,0.0,0.0,0.5274648145291646,0.547560598946073,0.17058157646131572,0.11779428995991699,1.4518792416541066,12.325548565623611,1.0908062572573114,5910
399,2.031708383665864,-29.77970284019072,0.1322640337684618,0.05401917269566692,-27.561711250060725,-29.77970284019072,nan,0.11283438015213754,0.01942965361632429,2.0696627287034066,-29.70020696040602,0.1318024810238913,0.053900998055213055,-27.444840752623513,-29.70020696040602,nan,42.736517028729565,0.11345374224821667,0.0,0.018701661091286324,376.6867110934926,46.0,46.0,,0.00018017898576170511,,,,,,,0.45962829967854707,,0,0.11779428995991699,1.4518792416541066,inf,-inf,-0.0772731021832787,0.062669356552528,-0.058580822519100566,0.06394817821105585,inf,-inf,2.6264998831415514,0.23061682654368898,0.23061682654368898,0.23061682654368898,784,1.623768486041096,1.1901906474856605,1.8029155279932185,,,-3.199246337950677,0.4484843889257079,0.14951103604691338,12.325548565623611,1.0908062572573114,0.0,0.0,0.5274648145291646,0.547560598946073,0.17058157646131572,0.11779428995991699,1.4518792416541066,12.325548565623611,1.0908062572573114,5910
400,2.0480366495212317,-29.77934399470266,0.13235021785403817,0.0535468270558002,-27.545410300271588,-29.77934399470266,nan,0.11290559677693636,0.019444621077101775,2.068571669466741,-29.69734010826815,0.13221699659861108,0.05348016538056084,-27.443071276822238,-29.69734010826815,nan,51.68585759941903,0.11199558359678888,0.0,0.021252795478526904,461.49906933384614,46.0,46.0,,0.00017968037737907492,,,,,,,0.4572523173554255,,0,0.11547399255367538,1.4663333467598232,inf,-inf,-0.07788616673307845,0.0632499958731508,-0.05926860328738614,0.06405089982058756,inf,-inf,2.6215955475242607,0.23019226493221356,0.23019226493221356,0.23019226493221356,784,1.6091277390411167,1.1835968993209038,1.7997492010612262,,,-3.205397611974408,0.446349267438449,0.1502793852061466,12.698386141608747,1.103748529276381,0.0,0.0,0.5253381896506456,0.5467820204754341,0.17192993226462042,0.11547399255367538,1.4663333467598232,12.698386141608747,1.103748529276381,5910
401,2.038205027298524,-29.777014695997007,0.1324329857699153,0.05381606008778914,-27.552560622840776,-29.777014695997007,nan,0.11300838037756422,0.019424605392351083,2.068571669466741,-29.69734010826815,0.13221699659861108,0.05348016538056084,-27.443071276822238,-29.69734010826815,nan,44.40658391347695,0.11194023885486064,0.0,0.018068419144552685,396.6990276932819,46.0,46.0,,0.000179181468273835,,,,,,,0.4572523173554255,,0,0.11547399255367538,1.4663333467598232,inf,-inf,-0.0779799852591814,0.06254328736044333,-0.05835889358835964,0.06407614205411286,inf,-inf,2.615216099158962,0.22994546973683527,0.22994546973683527,0.22994546973683527,784,1.6091277390411167,1.1835968993209038,1.7997492010612262,,,-3.205397611974408,0.446349267438449,0.1502793852061466,12.698386141608747,1.103748529276381,0.0,0.0,0.5253381896506456,0.5467820204754341,0.17192993226462042,0.11547399255367538,1.4663333467598232,12.698386141608747,1.103748529276381,5910
402,2.0335169093700087,-29.778643798474015,0.1325235572069691,0.053482659809998494,-27.55912067208704,-29.778643798474015,nan,0.11308429921738493,0.0194392579895842,2.068571669466741,-29.69734010826815,0.13221699659861108,0.05348016538056084,-27.443071276822238,-29.69734010826815,nan,48.19036611111712,0.1112224703363321,0.0,0.020793805834215327,433.2790484278174,46.0,46.0,,0.0001786822645250354,,,,,,,0.4572523173554255,,0,0.11547399255367538,1.4663333467598232,inf,-inf,-0.07757622491912351,0.06197565599099516,-0.05819967314720055,0.06382206200931229,inf,-inf,2.6115350415865803,0.22968034165066875,0.22968034165066875,0.22968034165066875,784,1.6091277390411167,1.1835968993209038,1.7997492010612262,,,-3.205397611974408,0.446349267438449,0.1502793852061466,12.698386141608747,1.103748529276381,0.0,0.0,0.5253381896506456,0.5467820204754341,0.17192993226462042,0.11547399255367538,1.4663333467598232,12.698386141608747,1.103748529276381,5910
403,2.033748426955408,-29.778261723574722,0.1325870910544387,0.053379421447892025,-27.55854678411698,-29.778261723574722,nan,0.11314954998250248,0.019437541071936217,2.068571669466741,-29.69734010826815,0.13221699659861108,0.05348016538056084,-27.443071276822238,-29.69734010826815,nan,41.07146106221947,0.10665488843025614,0.0,0.01589228308796197,385.08746918878415,46.0,46.0,,0.0001781827722153162,,,,,,,0.4572523173554255,,0,0.11547399255367538,1.4663333467598232,inf,-inf,-0.07736537749722702,0.0611197737913154,-0.058421103518378925,0.06423683372591506,inf,-inf,2.6073843613947942,0.2293260364384116,0.2293260364384116,0.2293260364384116,784,1.6091277390411167,1.1835968993209038,1.7997492010612262,,,-3.205397611974408,0.446349267438449,0.1502793852061466,12.698386141608747,1.103748529276381,0.0,0.0,0.5253381896506456,0.5467820204754341,0.17192993226462042,0.11547399255367538,1.4663333467598232,12.698386141608747,1.103748529276381,5910
404,2.0271554279581694,-29.777512643782455,0.13267058245137245,0.05307951433122573,-27.564607119041685,-29.777512643782455,nan,0.11322353147065609,0.019447050980716366,2.068571669466741,-29.69734010826815,0.13221699659861108,0.05348016538056084,-27.443071276822238,-29.69734010826815,nan,48.820671908169665,0.10926491314055634,0.0,0.01859105745617122,446.81014705395563,46.0,46.0,,0.00017768299743083364,,,,,,,0.4572523173554255,,0,0.11547399255367538,1.4663333467598232,inf,-inf,-0.07733858963387333,0.06222782384849312,-0.05972237412264721,0.06425905239605927,inf,-inf,2.601510851580972,0.2289559235816199,0.2289559235816199,0.2289559235816199,784,1.6091277390411167,1.1835968993209038,1.7997492010612262,,,-3.205397611974408,0.446349267438449,0.1502793852061466,12.698386141608747,1.103748529276381,0.0,0.0,0.5253381896506456,0.5467820204754341,0.17192993226462042,0.11547399255367538,1.4663333467598232,12.698386141608747,1.103748529276381,5910
405,2.03463202227733,-29.779565770415285,0.1327349869264544,0.054257082676456125,-27.557941678535045,-29.779565770415285,nan,0.11328656387532338,0.019448423051131026,2.0483767762781713,-29.700312881339865,0.1325909684125161,0.05011035742843581,-27.46923477922074,-29.700312881339865,nan,40.10257060148051,0.11008200429040961,0.0,0.017387645879573664,364.297242405626,46.0,46.0,,0.00017718294626118566,,,,,,,0.4553151906921529,,0,0.11335555542317502,1.481298829188232,inf,-inf,-0.07896808458783634,0.061954632106458185,-0.05755861446066764,0.06357913095366655,inf,-inf,2.596853319232375,0.22874747870045128,0.22874747870045128,0.22874747870045128,784,1.594883137454155,1.1770916512061702,1.7988481722579692,,,-3.2106944891552103,0.44451635790979094,0.1511680273500135,13.067721503884822,1.1161998703232296,0.0,0.0,0.523665452429852,0.5454166251696447,0.17337749796859814,0.11341552628476696,1.481298829188232,13.060811669373596,1.115970167182288,5910
406,2.0271432802696574,-29.77979182855998,0.13280658921439237,0.054269883007157585,-27.56557207606877,-29.77979182855998,nan,0.11334897564865633,0.019457613565736036,2.0483767762781713,-29.700312881339865,0.1325909684125161,0.05011035742843581,-27.46923477922074,-29.700312881339865,nan,42.93907004984981,0.11345615784536844,0.0,0.019199898189456225,378.4639887803383,46.0,46.0,,0.00017668262479933803,,,,,,,0.4553151906921529,,0,0.11335555542317502,1.481298829188232,inf,-inf,-0.07840493571647347,0.06209190280436222,-0.05910577662014348,0.06388633829898636,inf,-inf,2.593375889218455,0.22845826415375833,0.22845826415375833,0.22845826415375833,784,1.594883137454155,1.1770916512061702,1.7988481722579692,,,-3.2106944891552103,0.44451635790979094,0.1511680273500135,13.067721503884822,1.1161998703232296,0.0,0.0,0.523665452429852,0.5454166251696447,0.17337749796859814,0.11341552628476696,1.481298829188232,13.060811669373596,1.115970167182288,5910
407,2.0218221666191214,-29.77967494908294,0.1328955149597127,0.054440116538118095,-27.570517150965987,-29.77967494908294,nan,0.11342835067545176,0.01946716428426095,2.0483767762781713,-29.700312881339865,0.1325909684125161,0.05011035742843581,-27.46923477922074,-29.700312881339865,nan,46.121497257394864,0.10632321447334717,0.0,0.018923812016802787,433.78576810200263,46.0,46.0,,0.00017618203914154983,,,,,,,0.4553151906921529,,0,0.11335555542317502,1.481298829188232,inf,-inf,-0.07893340646169811,0.061449108913594765,-0.06022847758136539,0.06382367220323742,inf,-inf,2.588754983504841,0.22820157753440692,0.22820157753440692,0.22820157753440692,784,1.594883137454155,1.1770916512061702,1.7988481722579692,,,-3.2106944891552103,0.44451635790979094,0.1511680273500135,13.067721503884822,1.1161998703232296,0.0,0.0,0.523665452429852,0.5454166251696447,0.17337749796859814,0.11341552628476696,1.481298829188232,13.060811669373596,1.115970167182288,5910
408,2.0255536012884394,-29.77938932870475,0.1329233105712241,0.05324312972219457,-27.56766928712289,-29.77938932870475,nan,0.11346497151006955,0.019458339061154486,2.0483767762781713,-29.700312881339865,0.1325909684125161,0.05011035742843581,-27.46923477922074,-29.700312881339865,nan,41.377406527672505,0.10986223511748762,0.0,0.016303256758233194,376.62993551353793,46.0,46.0,,0.00017568119538729934,,,,,,,0.4553151906921529,,0,0.11335555542317502,1.481298829188232,inf,-inf,-0.0780571525248578,0.06040454412480511,-0.058391573618083795,0.06388876249266474,inf,-inf,2.5832401523927184,0.22788450849747466,0.22788450849747466,0.22788450849747466,784,1.594883137454155,1.1770916512061702,1.7988481722579692,,,-3.2106944891552103,0.44451635790979094,0.1511680273500135,13.067721503884822,1.1161998703232296,0.0,0.0,0.523665452429852,0.5454166251696447,0.17337749796859814,0.11341552628476696,1.481298829188232,13.060811669373596,1.115970167182288,5910
409,2.016881283906243,-29.779223019301554,0.13299410385911575,0.05312687650036032,-27.576220755035834,-29.779223019301554,nan,0.11352486804959566,0.019469235809520053,2.0483767762781713,-29.700312881339865,0.1325909684125161,0.05011035742843581,-27.46923477922074,-29.700312881339865,nan,44.34467190360043,0.10602796818199564,0.0,0.01756302517818175,418.2356095656136,46.0,46.0,,0.00017518009963920963,,,,,,,0.4553151906921529,,0,0.11335555542317502,1.481298829188232,inf,-inf,-0.07804570650176101,0.061071474996218025,-0.058409571746010476,0.06387090401128734,inf,-inf,2.579663312048105,0.22760125481742022,0.22760125481742022,0.22760125481742022,784,1.594883137454155,1.1770916512061702,1.7988481722579692,,,-3.2106944891552103,0.44451635790979094,0.1511680273500135,13.067721503884822,1.1161998703232296,0.0,0.0,0.523665452429852,0.5454166251696447,0.17337749796859814,0.11341552628476696,1.481298829188232,13.060811669373596,1.115970167182288,5910
410,2.028207253908938,-29.780963651130545,0.13303765516609842,0.05357520037154881,-27.56614354168396,-29.780963651130545,nan,0.11357148862955765,0.019466166536540815,2.037630817949477,-29.696345793062342,0.13287640224816943,0.05474327426529406,-27.4710952985994,-29.696345793062342,nan,45.67824354839667,0.11040201315491154,0.0,0.014632505616628521,413.7446613795244,46.0,46.0,,0.0001746787580029743,,,,,,,0.4540580419851838,,0,0.11139911777806591,1.4972445818486178,inf,-inf,-0.07824932715274455,0.060019442759647025,-0.06006270800042489,0.0640039062289043,inf,-inf,2.5741128843697147,0.2272975429015017,0.2272975429015017,0.2272975429015017,784,1.5803452343847955,1.1704433189931793,1.7965014873055152,,,-3.214562526183044,0.4429607524198851,0.15228479861555427,13.440363009260922,1.1284109986872903,0.0,0.0,0.5227709409739507,0.5449488349071869,0.17506665482929712,0.1115572272901544,1.4972445818486178,13.421314048567776,1.127795038642502,5910
411,2.017686812034581,-29.77936227090149,0.13308519714254688,0.05340804912806529,-27.5751822125963,-29.77936227090149,nan,0.11361263803106755,0.01947255911147936,2.037630817949477,-29.696345793062342,0.13287640224816943,0.05474327426529406,-27.4710952985994,-29.696345793062342,nan,41.57066195029321,0.10985362633578621,0.0,0.01676410099106184,378.4186588727207,46.0,46.0,,0.00017417717658728296,,,,,,,0.4540580419851838,,0,0.11139911777806591,1.4972445818486178,inf,-inf,-0.07911529463473198,0.06040074907952506,-0.05919279963686726,0.06370279999131168,inf,-inf,2.5690750003294656,0.22708519862933124,0.22708519862933124,0.22708519862933124,784,1.5803452343847955,1.1704433189931793,1.7965014873055152,,,-3.214562526183044,0.4429607524198851,0.15228479861555427,13.440363009260922,1.1284109986872903,0.0,0.0,0.5227709409739507,0.5449488349071869,0.17506665482929712,0.1115572272901544,1.4972445818486178,13.421314048567776,1.127795038642502,5910
412,2.0176648568076105,-29.7823174937736,0.1331794301309467,0.0529882259275572,-27.578484980907486,-29.7823174937736,nan,0.1136803707251761,0.019499059405770604,2.037630817949477,-29.696345793062342,0.13287640224816943,0.05474327426529406,-27.4710952985994,-29.696345793062342,nan,42.024407744880975,0.11332062726808646,0.0,0.019465377365315516,370.8451740693458,46.0,46.0,,0.00017367536150374678,,,,,,,0.4540580419851838,,0,0.11139911777806591,1.4972445818486178,inf,-inf,-0.07811864516574428,0.05912793616264584,-0.05940421674044961,0.06367545184272519,inf,-inf,2.5648912013604988,0.2268670080636008,0.2268670080636008,0.2268670080636008,784,1.5803452343847955,1.1704433189931793,1.7965014873055152,,,-3.214562526183044,0.4429607524198851,0.15228479861555427,13.440363009260922,1.1284109986872903,0.0,0.0,0.5227709409739507,0.5449488349071869,0.17506665482929712,0.1115572272901544,1.4972445818486178,13.421314048567776,1.127795038642502,5910
413,2.006610453498029,-29.780656904830774,0.1332294866230538,0.05345428712952272,-27.587362677580167,-29.780656904830774,nan,0.11372801542465799,0.019501471198395837,2.037630817949477,-29.696345793062342,0.13287640224816943,0.05474327426529406,-27.4710952985994,-29.696345793062342,nan,40.81180128833347,0.1082902227942162,0.0,0.017145659764984666,376.87429423696074,46.0,46.0,,0.00017317331886682432,,,,,,,0.4540580419851838,,0,0.11139911777806591,1.4972445818486178,inf,-inf,-0.07851403200665324,0.05980058279971404,-0.058673067897122066,0.06340846473401611,inf,-inf,2.5615479466041293,0.22658253109638002,0.22658253109638002,0.22658253109638002,784,1.5803452343847955,1.1704433189931793,1.7965014873055152,,,-3.214562526183044,0.4429607524198851,0.15228479861555427,13.440363009260922,1.1284109986872903,0.0,0.0,0.5227709409739507,0.5449488349071869,0.17506665482929712,0.1115572272901544,1.4972445818486178,13.421314048567776,1.127795038642502,5910
414,2.0143093509304375,-29.780625442517426,0.13329029108081017,0.05297529737057783,-27.5800505031356,-29.780625442517426,nan,0.11377759218017083,0.019512698900639298,2.037630817949477,-29.696345793062342,0.13287640224816943,0.05474327426529406,-27.4710952985994,-29.696345793062342,nan,44.62568452397912,0.1084541729846057,0.0,0.015909476569962645,411.47042382881307,46.0,46.0,,0.00017267105479374655,,,,,,,0.4540580419851838,,0,0.11139911777806591,1.4972445818486178,inf,-inf,-0.07829576540237282,0.05998619729706247,-0.05955111200214833,0.06363568318432901,inf,-inf,2.557232049481234,0.22624824968676552,0.22624824968676552,0.22624824968676552,784,1.5803452343847955,1.1704433189931793,1.7965014873055152,,,-3.214562526183044,0.4429607524198851,0.15228479861555427,13.440363009260922,1.1284109986872903,0.0,0.0,0.5227709409739507,0.5449488349071869,0.17506665482929712,0.1115572272901544,1.4972445818486178,13.421314048567776,1.127795038642502,5910
415,2.00394261993132,-29.780778645603476,0.13332467076508592,0.05396654369436985,-27.589544811212704,-29.780778645603476,nan,0.11380691615187688,0.019517754613209055,2.042033187525802,-29.702268329558272,0.13314906326201892,0.05237244671164742,-27.474713632058805,-29.702268329558272,nan,42.386811321468414,0.115003586713274,0.0,0.014571229969107738,368.5694727691134,46.0,46.0,,0.0001721685754044428,,,,,,,0.453032974347667,,0,0.10961326322649607,1.5145964827111513,inf,-inf,-0.08023595887475016,0.060032569500546654,-0.05942563438893816,0.06376571172253091,inf,-inf,2.5524018610443764,0.22592435758974222,0.22592435758974222,0.22592435758974222,784,1.5663097831133421,1.1639395109804203,1.794588159007444,,,-3.2179821331695146,0.4418448038494309,0.15345613541543124,13.81763883428514,1.1404338368985403,0.0,0.0,0.5221276383818847,0.5448466625665966,0.1767970318771562,0.10986614886220816,1.5145964827111513,13.785833929709566,1.1394330424850825,5910
416,2.009339391237042,-29.77950973826856,0.13338140640450677,0.053561911820260134,-27.58322702880675,-29.77950973826856,nan,0.11386129850961534,0.01952010789489141,2.042033187525802,-29.702268329558272,0.13314906326201892,0.05237244671164742,-27.474713632058805,-29.702268329558272,nan,49.75222149705527,0.11039104720765787,0.0,0.01962052393351522,450.6907286010775,46.0,46.0,,0.00017166588682146583,,,,,,,0.453032974347667,,0,0.10961326322649607,1.5145964827111513,inf,-inf,-0.07894507630612677,0.05934723542626894,-0.06021970295580417,0.06349836957600785,inf,-inf,2.5483982090773067,0.22566577372345906,0.22566577372345906,0.22566577372345906,784,1.5663097831133421,1.1639395109804203,1.794588159007444,,,-3.2179821331695146,0.4418448038494309,0.15345613541543124,13.81763883428514,1.1404338368985403,0.0,0.0,0.5221276383818847,0.5448466625665966,0.1767970318771562,0.10986614886220816,1.5145964827111513,13.785833929709566,1.1394330424850825,5910
417,2.0067661933234846,-29.781298751052447,0.13342159490619834,0.0537875731300204,-27.58732338969274,-29.781298751052447,nan,0.1138840189928344,0.01953757591336395,2.042033187525802,-29.702268329558272,0.13314906326201892,0.05237244671164742,-27.474713632058805,-29.702268329558272,nan,46.548110530687616,0.10937905508818874,0.0,0.014957189407510302,425.5669469182871,46.0,46.0,,0.00017116299516991735,,,,,,,0.453032974347667,,0,0.10961326322649607,1.5145964827111513,inf,-inf,-0.08096506209494872,0.05961688637359685,-0.0597292212475931,0.06364999063002326,inf,-inf,2.543693265769901,0.2254484309250522,0.2254484309250522,0.2254484309250522,784,1.5663097831133421,1.1639395109804203,1.794588159007444,,,-3.2179821331695146,0.4418448038494309,0.15345613541543124,13.81763883428514,1.1404338368985403,0.0,0.0,0.5221276383818847,0.5448466625665966,0.1767970318771562,0.10986614886220816,1.5145964827111513,13.785833929709566,1.1394330424850825,5910
418,1.994152825107038,-29.780026674009136,0.13347818787182836,0.052458356920859525,-27.599937304109414,-29.780026674009136,nan,0.1139294417774865,0.01954874609434184,2.042033187525802,-29.702268329558272,0.13314906326201892,0.05237244671164742,-27.474713632058805,-29.702268329558272,nan,42.3669850773998,0.11046423103385693,0.0,0.01493273407791488,383.5357805950277,46.0,46.0,,0.00017065990657737348,,,,,,,0.453032974347667,,0,0.10961326322649607,1.5145964827111513,inf,-inf,-0.07896587284363685,0.059585670154129924,-0.060885908409446236,0.06341806901591547,inf,-inf,2.5409794144223796,0.22523736797827348,0.22523736797827348,0.22523736797827348,784,1.5663097831133421,1.1639395109804203,1.794588159007444,,,-3.2179821331695146,0.4418448038494309,0.15345613541543124,13.81763883428514,1.1404338368985403,0.0,0.0,0.5221276383818847,0.5448466625665966,0.1767970318771562,0.10986614886220816,1.5145964827111513,13.785833929709566,1.1394330424850825,5910
419,1.9980755606595983,-29.7823448427094,0.13352483680696384,0.05247652206271073,-27.598267923180128,-29.7823448427094,nan,0.11396100452913395,0.01956383227782983,2.042033187525802,-29.702268329558272,0.13314906326201892,0.05237244671164742,-27.474713632058805,-29.702268329558272,nan,40.9445328706836,0.11393068483790383,0.0,0.01727445890691398,359.3810827077701,46.0,46.0,,0.00017015662717380993,,,,,,,0.453032974347667,,0,0.10961326322649607,1.5145964827111513,inf,-inf,-0.07954463209147203,0.05894534209121319,-0.05932647787644843,0.06364291549937996,inf,-inf,2.5366236383981664,0.22492088808493127,0.22492088808493127,0.22492088808493127,784,1.5663097831133421,1.1639395109804203,1.794588159007444,,,-3.2179821331695146,0.4418448038494309,0.15345613541543124,13.81763883428514,1.1404338368985403,0.0,0.0,0.5221276383818847,0.5448466625665966,0.1767970318771562,0.10986614886220816,1.5145964827111513,13.785833929709566,1.1394330424850825,5910
420,1.9980340634495375,-29.780021237567166,0.1335775156099541,0.05272571842041097,-27.595683940087262,-29.780021237567166,nan,0.11401450599057107,0.019563009619383013,2.0174174228259902,-29.697097642731716,0.13337242524246723,0.05060570972054716,-27.495702084942714,-29.697097642731716,nan,45.99169413903185,0.1103162736172638,0.0,0.013954950844999951,416.9076114608211,46.0,46.0,,0.00016965316309152742,,,,,,,0.4524669932670871,,0,0.10787538441807175,1.532148964989014,inf,-inf,-0.07967260091161861,0.0582956946170986,-0.06059024635412231,0.06377304480867531,inf,-inf,2.53191575742342,0.2246444195034117,0.2246444195034117,0.2246444195034117,784,1.5521126303303168,1.15734871941899,1.7911087171505593,,,-3.2204028519804466,0.4413687204242672,0.15477373518212947,14.202952538747494,1.152378635791213,0.0,0.0,0.521997228684405,0.5455792978692007,0.17866971816558175,0.10819885598571866,1.532148964989014,14.16049135668537,1.1510783232545112,5910
421,2.002156490284423,-29.779492058794528,0.133636363762468,0.05302883177393215,-27.590670372973705,-29.779492058794528,nan,0.11404261619545093,0.019593747567017115,2.0174174228259902,-29.697097642731716,0.13337242524246723,0.05060570972054716,-27.495702084942714,-29.697097642731716,nan,37.77099849986778,0.11127033557562098,0.0,0.018704698117066768,339.452544152687,46.0,46.0,,0.00016914952046507686,,,,,,,0.4524669932670871,,0,0.10787538441807175,1.532148964989014,inf,-inf,-0.08061931318054567,0.05884301227872585,-0.05983179016422428,0.06363403625393346,inf,-inf,2.5283872053739356,0.22449853941775647,0.22449853941775647,0.22449853941775647,784,1.5521126303303168,1.15734871941899,1.7911087171505593,,,-3.2204028519804466,0.4413687204242672,0.15477373518212947,14.202952538747494,1.152378635791213,0.0,0.0,0.521997228684405,0.5455792978692007,0.17866971816558175,0.10819885598571866,1.532148964989014,14.16049135668537,1.1510783232545112,5910
422,1.9935248665184246,-29.77952378482587,0.13366251543861268,0.053014087383530875,-27.599322315485303,-29.77952378482587,nan,0.11406224008107345,0.01960027535753926,2.0174174228259902,-29.697097642731716,0.13337242524246723,0.05060570972054716,-27.495702084942714,-29.697097642731716,nan,43.94991193328365,0.10695444060672629,0.0,0.017764025494610012,410.92180636882944,46.0,46.0,,0.0001686457054311848,,,,,,,0.4524669932670871,,0,0.10787538441807175,1.532148964989014,inf,-inf,-0.08082316959482763,0.05886851652588312,-0.06013663826414485,0.06330274965630715,inf,-inf,2.5248012934077635,0.22414730371944996,0.22414730371944996,0.22414730371944996,784,1.5521126303303168,1.15734871941899,1.7911087171505593,,,-3.2204028519804466,0.4413687204242672,0.15477373518212947,14.202952538747494,1.152378635791213,0.0,0.0,0.521997228684405,0.5455792978692007,0.17866971816558175,0.10819885598571866,1.532148964989014,14.16049135668537,1.1510783232545112,5910
423,2.001332470863097,-29.781177460735293,0.13369713314964798,0.05244347004689922,-27.593704386675647,-29.781177460735293,nan,0.11410369613838366,0.019593437011264335,2.0174174228259902,-29.697097642731716,0.13337242524246723,0.05060570972054716,-27.495702084942714,-29.697097642731716,nan,44.27700759219557,0.11263542507903913,0.0,0.016158135222572124,393.100195263837,46.0,46.0,,0.00016814172412867829,,,,,,,0.4524669932670871,,0,0.10787538441807175,1.532148964989014,inf,-inf,-0.08049829369760424,0.05748179859564047,-0.059477426075833194,0.06386715307409939,inf,-inf,2.518755437481234,0.22397142447842164,0.22397142447842164,0.22397142447842164,784,1.5521126303303168,1.15734871941899,1.7911087171505593,,,-3.2204028519804466,0.4413687204242672,0.15477373518212947,14.202952538747494,1.152378635791213,0.0,0.0,0.521997228684405,0.5455792978692007,0.17866971816558175,0.10819885598571866,1.532148964989014,14.16049135668537,1.1510783232545112,5910
424,1.9837491600074935,-29.7821875277566,0.133750342132498,0.052229591225249505,-27.61245843439136,-29.7821875277566,nan,0.11413584504038816,0.019614497092109898,2.0174174228259902,-29.697097642731716,0.13337242524246723,0.05060570972054716,-27.495702084942714,-29.697097642731716,nan,45.61521746141858,0.10978051304866042,0.0,0.016195227244497654,415.51288288477525,46.0,46.0,,0.00016763758269841065,,,,,,,0.4524669932670871,,0,0.10787538441807175,1.532148964989014,inf,-inf,-0.08015796607440617,0.05793342462669542,-0.05906601550433143,0.06383737103040095,inf,-inf,2.5157107649735315,0.2237184715219732,0.2237184715219732,0.2237184715219732,784,1.5521126303303168,1.15734871941899,1.7911087171505593,,,-3.2204028519804466,0.4413687204242672,0.15477373518212947,14.202952538747494,1.152378635791213,0.0,0.0,0.521997228684405,0.5455792978692007,0.17866971816558175,0.10819885598571866,1.532148964989014,14.16049135668537,1.1510783232545112,5910
425,1.9883857466776267,-29.780848150767937,0.13379205461743968,0.05259763782178934,-27.60607271165108,-29.780848150767937,nan,0.11416705834832187,0.019624996269117824,2.0041985379494593,-29.700599719943774,0.13356797629053382,0.05065405400532631,-27.512179151698454,-29.700599719943774,nan,41.0309130948363,0.11346512137960493,0.0,0.018837573586500324,361.616967363607,46.0,46.0,,0.00016713328728318593,,,,,,,0.4522018528965342,,0,0.10628241733179335,1.54747864468264,inf,-inf,-0.08029485607810107,0.057469934886727,-0.06071729565889081,0.06344214111819792,inf,-inf,2.510866056651763,0.22345705949693948,0.22345705949693948,0.22345705949693948,784,1.5383561560669095,1.1508319221516536,1.788617726152935,,,-3.2221719184575477,0.4407566053543444,0.1561740949464521,14.560062553448594,1.1631632408121277,0.0,0.0,0.522205013269597,0.5469318990678418,0.18060208076310205,0.10664702232582576,1.54747864468264,14.510284590551581,1.1616759303491142,5910
426,1.9828421300923098,-29.785485165504372,0.13383130745713268,0.0527974979283534,-27.61601423002658,-29.785485165504372,nan,0.11418175023280284,0.01964955722432977,2.0041985379494593,-29.700599719943774,0.13356797629053382,0.05065405400532631,-27.512179151698454,-29.700599719943774,nan,48.9070271246384,0.1094282782305555,0.0,0.01876148394072343,446.9322547650408,46.0,46.0,,0.0001666288440276847,,,,,,,0.4522018528965342,,0,0.10628241733179335,1.54747864468264,inf,-inf,-0.08053141725900563,0.05804832360213293,-0.060209415350339544,0.06323393729571965,inf,-inf,2.506799379005093,0.223244534845681,0.223244534845681,0.223244534845681,784,1.5383561560669095,1.1508319221516536,1.788617726152935,,,-3.2221719184575477,0.4407566053543444,0.1561740949464521,14.560062553448594,1.1631632408121277,0.0,0.0,0.522205013269597,0.5469318990678418,0.18060208076310205,0.10664702232582576,1.54747864468264,14.510284590551581,1.1616759303491142,5910
427,1.990389587815195,-29.78379116639967,0.13386952606390712,0.05270466208312603,-27.60682739043744,-29.78379116639967,nan,0.11421861690057586,0.019650909163331266,2.0041985379494593,-29.700599719943774,0.13356797629053382,0.05065405400532631,-27.512179151698454,-29.700599719943774,nan,43.45935840755407,0.10702200681785277,0.0,0.019762438810981487,406.078709414599,46.0,46.0,,0.0001661242590783889,,,,,,,0.4522018528965342,,0,0.10628241733179335,1.54747864468264,inf,-inf,-0.08035268648762846,0.060471792872578756,-0.05982115386830866,0.06323770794194211,inf,-inf,2.5036987659159067,0.22282480662129886,0.22282480662129886,0.22282480662129886,784,1.5383561560669095,1.1508319221516536,1.788617726152935,,,-3.2221719184575477,0.4407566053543444,0.1561740949464521,14.560062553448594,1.1631632408121277,0.0,0.0,0.522205013269597,0.5469318990678418,0.18060208076310205,0.10664702232582576,1.54747864468264,14.510284590551581,1.1616759303491142,5910
428,1.9814855481018012,-29.78297720641251,0.1338901851111295,0.05215842594741594,-27.615443047252164,-29.78297720641251,nan,0.11423836833750779,0.01965181677362169,2.0041985379494593,-29.700599719943774,0.13356797629053382,0.05065405400532631,-27.512179151698454,-29.700599719943774,nan,41.76139889832074,0.1069624779451002,0.0,0.017624880816565224,390.43036119409356,46.0,46.0,,0.00016561953858350675,,,,,,,0.4522018528965342,,0,0.10628241733179335,1.54747864468264,inf,-inf,-0.08077080628712803,0.058605837628960517,-0.06053420350090816,0.06327368250332562,inf,-inf,2.499579509480901,0.22255046660570035,0.22255046660570035,0.22255046660570035,784,1.5383561560669095,1.1508319221516536,1.788617726152935,,,-3.2221719184575477,0.4407566053543444,0.1561740949464521,14.560062553448594,1.1631632408121277,0.0,0.0,0.522205013269597,0.5469318990678418,0.18060208076310205,0.10664702232582576,1.54747864468264,14.510284590551581,1.1616759303491142,5910
429,1.9827629673273868,-29.782438710551826,0.13393911865101532,0.05196157664903461,-27.613775047924392,-29.782438710551826,nan,0.11425932305156704,0.019679795599448283,2.0041985379494593,-29.700599719943774,0.13356797629053382,0.05065405400532631,-27.512179151698454,-29.700599719943774,nan,46.016050218989555,0.10756307316916722,0.0,0.019779637567980003,427.8052761343005,46.0,46.0,,0.00016511468869289834,,,,,,,0.4522018528965342,,0,0.10628241733179335,1.54747864468264,inf,-inf,-0.08058333914783126,0.057496980164905856,-0.05969751039083616,0.06346639371524222,inf,-inf,2.4966298778112734,0.22229824824911382,0.22229824824911382,0.22229824824911382,784,1.5383561560669095,1.1508319221516536,1.788617726152935,,,-3.2221719184575477,0.4407566053543444,0.1561740949464521,14.560062553448594,1.1631632408121277,0.0,0.0,0.522205013269597,0.5469318990678418,0.18060208076310205,0.10664702232582576,1.54747864468264,14.510284590551581,1.1616759303491142,5910
430,1.9746038868868039,-29.78399979824957,0.13393591234814378,0.05217908280437927,-27.623280916210245,-29.78399979824957,nan,0.11425222389130588,0.019683688456837923,2.0091740509364664,-29.69941420478129,0.1336829274294003,0.05138595471871266,-27.505171271696714,-29.69941420478129,nan,51.857890118424976,0.11111333121950018,0.0,0.017094791866475844,466.71168571106625,46.0,46.0,,0.0001646097155580002,,,,,,,0.45237252393036304,,0,0.1048178832842228,1.5647122631851202,inf,-inf,-0.08105132673978806,0.056213100571677714,-0.059051604245613745,0.06368198960776385,inf,-inf,2.4924031937762643,0.22207727565743532,0.22207727565743532,0.22207727565743532,784,1.5246853971739198,1.1443822613566166,1.7850739436890453,,,-3.2230305285936485,0.4404579580719439,0.1577143042860522,14.927913197238174,1.173999101076187,0.0,0.0,0.5228984714935664,0.5485047556024326,0.18267302145187173,0.10525654041194295,1.5647122631851202,14.865701048707278,1.1721853948329835,5910
431,1.9759492013339057,-29.78445589746236,0.13397857935186067,0.052478930827542625,-27.622049185949052,-29.78445589746236,nan,0.11426180301637082,0.01971677633548992,2.0091740509364664,-29.69941420478129,0.1336829274294003,0.05138595471871266,-27.505171271696714,-29.69941420478129,nan,42.4573770401231,0.1117813985247549,0.0,0.013978283315343558,379.82506571270505,46.0,46.0,,0.00016410462533175061,,,,,,,0.45237252393036304,,0,0.1048178832842228,1.5647122631851202,inf,-inf,-0.08142742111839388,0.0567317628610227,-0.06113202810311632,0.0631942298400744,inf,-inf,2.4881911315387812,0.22200161080509986,0.22200161080509986,0.22200161080509986,784,1.5246853971739198,1.1443822613566166,1.7850739436890453,,,-3.2230305285936485,0.4404579580719439,0.1577143042860522,14.927913197238174,1.173999101076187,0.0,0.0,0.5228984714935664,0.5485047556024326,0.18267302145187173,0.10525654041194295,1.5647122631851202,14.865701048707278,1.1721853948329835,5910
432,1.9697329799962073,-29.784159824288004,0.13401076859753602,0.052951283801885095,-27.627464791892372,-29.784159824288004,nan,0.114275369919038,0.019735398678498026,2.0091740509364664,-29.69941420478129,0.1336829274294003,0.05138595471871266,-27.505171271696714,-29.69941420478129,nan,47.40368577816647,0.10901255496952307,0.0,0.016538089185773184,434.8461128300244,46.0,46.0,,0.0001635994241685146,,,,,,,0.45237252393036304,,0,0.1048178832842228,1.5647122631851202,inf,-inf,-0.08107441317197789,0.05773472439143352,-0.06125613646209422,0.06312611698062759,inf,-inf,2.486670801361055,0.22161644536957423,0.22161644536957423,0.22161644536957423,784,1.5246853971739198,1.1443822613566166,1.7850739436890453,,,-3.2230305285936485,0.4404579580719439,0.1577143042860522,14.927913197238174,1.173999101076187,0.0,0.0,0.5228984714935664,0.5485047556024326,0.18267302145187173,0.10525654041194295,1.5647122631851202,14.865701048707278,1.1721853948329835,5910
433,1.9725311739095133,-29.78315446777971,0.13400222482908533,0.05200008439405446,-27.624620984647056,-29.78315446777971,nan,0.11427426648229903,0.01972795834678631,2.0091740509364664,-29.69941420478129,0.1336829274294003,0.05138595471871266,-27.505171271696714,-29.69941420478129,nan,49.791073400570845,0.10491595045530024,0.0,0.01496665977946055,474.5805874559034,46.0,46.0,,0.00016309411822400895,,,,,,,0.45237252393036304,,0,0.1048178832842228,1.5647122631851202,inf,-inf,-0.08004635543946355,0.0574895885355392,-0.06111902630590345,0.06397797482598114,inf,-inf,2.4815350291656815,0.22146778907015655,0.22146778907015655,0.22146778907015655,784,1.5246853971739198,1.1443822613566166,1.7850739436890453,,,-3.2230305285936485,0.4404579580719439,0.1577143042860522,14.927913197238174,1.173999101076187,0.0,0.0,0.5228984714935664,0.5485047556024326,0.18267302145187173,0.10525654041194295,1.5647122631851202,14.865701048707278,1.1721853948329835,5910
434,1.9698923611632129,-29.783476254814456,0.13403563495229884,0.05218783233263734,-27.627360426366305,-29.783476254814456,nan,0.11428328880823295,0.019752346144065857,2.0091740509364664,-29.69941420478129,0.1336829274294003,0.05138595471871266,-27.505171271696714,-29.69941420478129,nan,47.79270007051037,0.10916681894702565,0.0,0.01679672035745024,437.7951151411885,46.0,46.0,,0.00016258871365522706,,,,,,,0.45237252393036304,,0,0.1048178832842228,1.5647122631851202,inf,-inf,-0.0811167992703783,0.05660124140344933,-0.0601729022287325,0.06379932583243801,inf,-inf,2.477235707314617,0.22121209754749052,0.22121209754749052,0.22121209754749052,784,1.5246853971739198,1.1443822613566166,1.7850739436890453,,,-3.2230305285936485,0.4404579580719439,0.1577143042860522,14.927913197238174,1.173999101076187,0.0,0.0,0.5228984714935664,0.5485047556024326,0.18267302145187173,0.10525654041194295,1.5647122631851202,14.865701048707278,1.1721853948329835,5910
435,1.974292383026476,-29.782181722219487,0.13406043362716,0.05237347703129484,-27.621455428534556,-29.782181722219487,nan,0.1142963887639215,0.019764044863238482,1.9877175871222372,-29.701513403623434,0.13378668415059586,0.049533887722779474,-27.53047524462782,-29.701513403623434,nan,46.14426031940407,0.11178938964442997,0.0,0.019740401000214455,412.77853350998464,46.0,46.0,,0.00016208321662036413,,,,,,,0.45284763311341303,,0,0.1034763344151203,1.582895381505757,inf,-inf,-0.08157661163369911,0.05649656905675986,-0.06172049338440448,0.0637597302972166,inf,-inf,2.473437184646838,0.2209793183837004,0.2209793183837004,0.2209793183837004,784,1.5111594870203064,1.137944414920716,1.7811381933166055,,,-3.2232283827849924,0.4408916849687353,0.15935216438875965,15.297172928020332,1.1846111762289089,0.0,0.0,0.5239445336155515,0.5506378670592549,0.18484185583301907,0.10394719198297206,1.582895381505757,15.227880150577386,1.1826394500869233,5910
436,1.9702696134212294,-29.784290820440987,0.13404133138087143,0.05267269861230107,-27.627307177026584,-29.784290820440987,nan,0.11426035483454046,0.019780976546330997,1.9877175871222372,-29.701513403623434,0.13378668415059586,0.049533887722779474,-27.53047524462782,-29.701513403623434,nan,45.58095144769845,0.1086776765296655,0.0,0.017755875877583597,419.41411431681024,46.0,46.0,,0.000161577633278742,,,,,,,0.45284763311341303,,0,0.1034763344151203,1.582895381505757,inf,-inf,-0.0817244182075685,0.057731317706164006,-0.06158140131663841,0.0634969245183958,inf,-inf,2.4711495764042897,0.22075433272525324,0.22075433272525324,0.22075433272525324,784,1.5111594870203064,1.137944414920716,1.7811381933166055,,,-3.2232283827849924,0.4408916849687353,0.15935216438875965,15.297172928020332,1.1846111762289089,0.0,0.0,0.5239445336155515,0.5506378670592549,0.18484185583301907,0.10394719198297206,1.582895381505757,15.227880150577386,1.1826394500869233,5910
437,1.971613360765091,-29.785530355884852,0.1340930337658825,0.05278219428047736,-27.6270417670734,-29.785530355884852,nan,0.11429198855441468,0.019801045211467833,1.9877175871222372,-29.701513403623434,0.13378668415059586,0.049533887722779474,-27.53047524462782,-29.701513403623434,nan,44.99280449670072,0.10764873434383392,0.0,0.016285417552916046,417.95943789726397,46.0,46.0,,0.00016107196979073412,,,,,,,0.45284763311341303,,0,0.1034763344151203,1.582895381505757,inf,-inf,-0.08058203921008057,0.055970651334977695,-0.06210762800597637,0.06301053907441842,inf,-inf,2.466497122251397,0.2204429970133662,0.2204429970133662,0.2204429970133662,784,1.5111594870203064,1.137944414920716,1.7811381933166055,,,-3.2232283827849924,0.4408916849687353,0.15935216438875965,15.297172928020332,1.1846111762289089,0.0,0.0,0.5239445336155515,0.5506378670592549,0.18484185583301907,0.10394719198297206,1.582895381505757,15.227880150577386,1.1826394500869233,5910
438,1.9675922273670692,-29.784580635231414,0.1340908921306749,0.05159882920154112,-27.631298686532126,-29.784580635231414,nan,0.11427997845314213,0.019810913677532717,1.9877175871222372,-29.701513403623434,0.13378668415059586,0.049533887722779474,-27.53047524462782,-29.701513403623434,nan,42.672318957800734,0.1107784899597144,0.0,0.018520427695706162,385.20401364307196,46.0,46.0,,0.0001605662323176906,,,,,,,0.45284763311341303,,0,0.1034763344151203,1.582895381505757,inf,-inf,-0.08076170989025688,0.056546668933292174,-0.061538747626693764,0.06351055323424411,inf,-inf,2.4631750534871704,0.22032216921310416,0.22032216921310416,0.22032216921310416,784,1.5111594870203064,1.137944414920716,1.7811381933166055,,,-3.2232283827849924,0.4408916849687353,0.15935216438875965,15.297172928020332,1.1846111762289089,0.0,0.0,0.5239445336155515,0.5506378670592549,0.18484185583301907,0.10394719198297206,1.582895381505757,15.227880150577386,1.1826394500869233,5910
439,1.9592102409250096,-29.784144456678654,0.13411173203734286,0.051906762514108744,-27.638915721202192,-29.784144456678654,nan,0.11428210553826378,0.019829626499079066,1.9877175871222372,-29.701513403623434,0.13378668415059586,0.049533887722779474,-27.53047524462782,-29.701513403623434,nan,48.238938809251856,0.11158028323077025,0.0,0.01630377087067835,432.32493602372494,46.0,46.0,,0.0001600604270218628,,,,,,,0.45284763311341303,,0,0.1034763344151203,1.582895381505757,inf,-inf,-0.08118652002976973,0.057050359278476286,-0.061761665854377444,0.06303313380500206,inf,-inf,2.4591309887639925,0.22014159691623172,0.22014159691623172,0.22014159691623172,784,1.5111594870203064,1.137944414920716,1.7811381933166055,,,-3.2232283827849924,0.4408916849687353,0.15935216438875965,15.297172928020332,1.1846111762289089,0.0,0.0,0.5239445336155515,0.5506378670592549,0.18484185583301907,0.10394719198297206,1.582895381505757,15.227880150577386,1.1826394500869233,5910
440,1.96108467830755,-29.784967598675827,0.13414233930619507,0.05210111896184953,-27.637639462100232,-29.784967598675827,nan,0.1142917618609247,0.019850577445270384,1.9893670572777995,-29.70676118646231,0.13386473972738347,0.051320775143544814,-27.532208614313582,-29.70676118646231,nan,37.99776651127981,0.10989916593680002,0.0,0.01685605353179088,345.75118188914445,46.0,46.0,,0.00015955456006632877,,,,,,,0.4535112773294977,,0,0.1022352597950574,1.599801704548844,inf,-inf,-0.08156909990337137,0.05548090392067861,-0.06241393352076666,0.06332056955128985,inf,-inf,2.4559403699879563,0.2198294427828561,0.2198294427828561,0.2198294427828561,784,1.4979580210244292,1.1315739855237017,1.7773042376125194,,,-3.2230055406646496,0.4412919690358519,0.16105223794541482,15.648238266874213,1.1944654502503314,0.0,0.0,0.5251848329497399,0.5523177519268924,0.187073374822257,0.10277299647850316,1.599801704548844,15.566362365268503,1.1921871360578122,5910
441,1.9480225796005264,-29.78589028172382,0.13413826146674868,0.052273255024166465,-27.65145618563238,-29.78589028172382,nan,0.11427165110125254,0.019866610365496154,1.9893670572777995,-29.70676118646231,0.13386473972738347,0.051320775143544814,-27.532208614313582,-29.70676118646231,nan,41.85389114805813,0.10835841824314167,0.0,0.017847864502745333,386.2541722798467,46.0,46.0,,0.00015904863761491766,,,,,,,0.4535112773294977,,0,0.1022352597950574,1.599801704548844,inf,-inf,-0.08078442433405655,0.05625670255115481,-0.06219510946315222,0.0632328459289132,inf,-inf,2.452009203311971,0.2196924335103903,0.2196924335103903,0.2196924335103903,784,1.4979580210244292,1.1315739855237017,1.7773042376125194,,,-3.2230055406646496,0.4412919690358519,0.16105223794541482,15.648238266874213,1.1944654502503314,0.0,0.0,0.5251848329497399,0.5523177519268924,0.187073374822257,0.10277299647850316,1.599801704548844,15.566362365268503,1.1921871360578122,5910
442,1.9567684594677883,-29.78459026559631,0.13414593654878085,0.05178188745038008,-27.64189398212936,-29.78459026559631,nan,0.11427809984740542,0.019867836701375395,1.9893670572777995,-29.70676118646231,0.13386473972738347,0.051320775143544814,-27.532208614313582,-29.70676118646231,nan,43.8547707480275,0.10736635386716185,0.0,0.016275590494825177,408.4591603276987,46.0,46.0,,0.00015854266583213488,,,,,,,0.4535112773294977,,0,0.1022352597950574,1.599801704548844,inf,-inf,-0.08214101888061388,0.055382873336036455,-0.062236488622900904,0.06350345901702355,inf,-inf,2.449355163116422,0.21929754418258707,0.21929754418258707,0.21929754418258707,784,1.4979580210244292,1.1315739855237017,1.7773042376125194,,,-3.2230055406646496,0.4412919690358519,0.16105223794541482,15.648238266874213,1.1944654502503314,0.0,0.0,0.5251848329497399,0.5523177519268924,0.187073374822257,0.10277299647850316,1.599801704548844,15.566362365268503,1.1921871360578122,5910
443,1.9604460819361043,-29.785432360186824,0.13417993366515465,0.05216973215837435,-27.638636612427188,-29.785432360186824,nan,0.11427975611250756,0.019900177552647093,1.9893670572777995,-29.70676118646231,0.13386473972738347,0.051320775143544814,-27.532208614313582,-29.70676118646231,nan,49.6281963911056,0.10956948421224198,0.0,0.017750989711763195,452.9381218494477,46.0,46.0,,0.00015803665088308692,,,,,,,0.4535112773294977,,0,0.1022352597950574,1.599801704548844,inf,-inf,-0.08223294360544112,0.05619458380449555,-0.06278868423465443,0.06297670985294111,inf,-inf,2.4451823591173634,0.21915554482769148,0.21915554482769148,0.21915554482769148,784,1.4979580210244292,1.1315739855237017,1.7773042376125194,,,-3.2230055406646496,0.4412919690358519,0.16105223794541482,15.648238266874213,1.1944654502503314,0.0,0.0,0.5251848329497399,0.5523177519268924,0.187073374822257,0.10277299647850316,1.599801704548844,15.566362365268503,1.1921871360578122,5910
444,1.954561768471987,-29.785853996979228,0.13420495348502803,0.051607698608083334,-27.64547957641413,-29.785853996979228,nan,0.11429125904728021,0.01991369443774772,1.9893670572777995,-29.70676118646231,0.13386473972738347,0.051320775143544814,-27.532208614313582,-29.70676118646231,nan,53.67022011661712,0.10934868208180745,0.0,0.01779758420389004,490.8172562744251,46.0,46.0,,0.00015753059893340628,,,,,,,0.4535112773294977,,0,0.1022352597950574,1.599801704548844,inf,-inf,-0.08213127597586177,0.05409646581969714,-0.06140491209953125,0.06307446912141297,inf,-inf,2.4415342977798824,0.2189506465866368,0.2189506465866368,0.2189506465866368,784,1.4979580210244292,1.1315739855237017,1.7773042376125194,,,-3.2230055406646496,0.4412919690358519,0.16105223794541482,15.648238266874213,1.1944654502503314,0.0,0.0,0.5251848329497399,0.5523177519268924,0.187073374822257,0.10277299647850316,1.599801704548844,15.566362365268503,1.1921871360578122,5910
445,1.9533253972392501,-29.787644837731985,0.13421729196953844,0.05212286997902931,-27.647979278544167,-29.787644837731985,nan,0.11428671677483408,0.01993057519470439,1.977969319659467,-29.708252456304237,0.13393745498972068,0.04825759913120071,-27.548088082523847,-29.708252456304237,nan,45.48276246004224,0.10897304734585869,0.0,0.015096091982021493,417.3762555771156,46.0,46.0,,0.00015702451614917624,,,,,,,0.454251284564518,,0,0.10102086718471086,1.6171427304326975,inf,-inf,-0.0821729622470518,0.055645873282429814,-0.062167762477526214,0.0632118758784993,inf,-inf,2.4380184863057432,0.21875271036076724,0.21875271036076724,0.21875271036076724,784,1.4846727923493348,1.1251745671062883,1.7733399938380527,,,-3.2226038576422202,0.44138775104019956,0.16275900154915612,16.00800681581801,1.2043372605401692,0.0,0.0,0.5265248227689756,0.5543220261396427,0.18930473840914425,0.10160958182564271,1.6171427304326975,15.915258200822427,1.2018136887806339,5910
446,1.948158859617847,-29.785906509251,0.13422831690436024,0.05140716965618592,-27.652112163072605,-29.785906509251,nan,0.11427749647119953,0.019950820433160717,1.977969319659467,-29.708252456304237,0.13393745498972068,0.04825759913120071,-27.548088082523847,-29.708252456304237,nan,40.300796660853536,0.10983143941988428,0.0,0.017771716191595,366.93315569491966,46.0,46.0,,0.0001565184086968558,,,,,,,0.454251284564518,,0,0.10102086718471086,1.6171427304326975,inf,-inf,-0.081633882593316,0.054316029097573514,-0.06183765298743104,0.06344557583806429,inf,-inf,2.435978202653281,0.2185082161435258,0.2185082161435258,0.2185082161435258,784,1.4846727923493348,1.1251745671062883,1.7733399938380527,,,-3.2226038576422202,0.44138775104019956,0.16275900154915612,16.00800681581801,1.2043372605401692,0.0,0.0,0.5265248227689756,0.5543220261396427,0.18930473840914425,0.10160958182564271,1.6171427304326975,15.915258200822427,1.2018136887806339,5910
447,1.9549525185394485,-29.785830022179947,0.13422773924800113,0.05240796052065261,-27.644241803871843,-29.785830022179947,nan,0.11426455158369449,0.019963187664306697,1.977969319659467,-29.708252456304237,0.13393745498972068,0.04825759913120071,-27.548088082523847,-29.708252456304237,nan,42.32237226930693,0.10796145538163628,0.0,0.01864939409801496,392.0137248956146,46.0,46.0,,0.00015601228274320458,,,,,,,0.454251284564518,,0,0.10102086718471086,1.6171427304326975,inf,-inf,-0.08232889550014237,0.05588471962499284,-0.06265313532414105,0.06328524799514684,inf,-inf,2.432178180569609,0.2182723007386061,0.2182723007386061,0.2182723007386061,784,1.4846727923493348,1.1251745671062883,1.7733399938380527,,,-3.2226038576422202,0.44138775104019956,0.16275900154915612,16.00800681581801,1.2043372605401692,0.0,0.0,0.5265248227689756,0.5543220261396427,0.18930473840914425,0.10160958182564271,1.6171427304326975,15.915258200822427,1.2018136887806339,5910
448,1.9484459116150217,-29.785013324039415,0.13426135797831967,0.05129115146123893,-27.651014902984834,-29.785013324039415,nan,0.11428042564523755,0.019980932333082107,1.977969319659467,-29.708252456304237,0.13393745498972068,0.04825759913120071,-27.548088082523847,-29.708252456304237,nan,37.51694755558582,0.10813726307968277,0.0,0.01629664728385863,346.938201385223,46.0,46.0,,0.00015550614445520756,,,,,,,0.454251284564518,,0,0.10102086718471086,1.6171427304326975,inf,-inf,-0.08218358182128249,0.05322892278060817,-0.06208928413021015,0.06333430979630765,inf,-inf,2.428341479017695,0.21803299982357302,0.21803299982357302,0.21803299982357302,784,1.4846727923493348,1.1251745671062883,1.7733399938380527,,,-3.2226038576422202,0.44138775104019956,0.16275900154915612,16.00800681581801,1.2043372605401692,0.0,0.0,0.5265248227689756,0.5543220261396427,0.18930473840914425,0.10160958182564271,1.6171427304326975,15.915258200822427,1.2018136887806339,5910
449,1.943129745606952,-29.787547058782135,0.1342194233850177,0.051736999994680156,-27.65846088979548,-29.787547058782135,nan,0.11422114496421389,0.019998278420803768,1.977969319659467,-29.708252456304237,0.13393745498972068,0.04825759913120071,-27.548088082523847,-29.708252456304237,nan,41.508394618894684,0.11065072469687208,0.0,0.01814543999939168,375.12989393071786,46.0,46.0,,0.00015500000000000016,,,,,,,0.454251284564518,,0,0.10102086718471086,1.6171427304326975,inf,-inf,-0.0822080591515184,0.054419232450560004,-0.06298101678658205,0.06319231057102201,inf,-inf,2.4253593098149824,0.21783593153386327,0.21783593153386327,0.21783593153386327,784,1.4846727923493348,1.1251745671062883,1.7733399938380527,,,-3.2226038576422202,0.44138775104019956,0.16275900154915612,16.00800681581801,1.2043372605401692,0.0,0.0,0.5265248227689756,0.5543220261396427,0.18930473840914425,0.10160958182564271,1.6171427304326975,15.915258200822427,1.2018136887806339,5910
450,1.9499334719392514,-29.786604696221854,0.1342581437646645,0.05215892134090084,-27.650254159177038,-29.786604696221854,nan,0.11422417202825068,0.020033971736413827,1.9789312739149425,-29.705500322531165,0.13395246473874528,0.049407836060622094,-27.543208747816855,-29.705500322531165,nan,43.78789568267935,0.1069680429907655,0.0,0.020404677189077052,409.35492936389926,46.0,46.0,,0.00015449385554479274,,,,,,,0.45549574708153595,,0,0.09997881478425824,1.6335169151849178,inf,-inf,-0.08218489870848553,0.05452040221262789,-0.06286947723341066,0.0632061970341261,inf,-inf,2.4222088528657735,0.2176435405525984,0.2176435405525984,0.2176435405525984,784,1.4717218408589876,1.1188641504888726,1.769764081774158,,,-3.2211002495584347,0.44220512457350286,0.1646611972306099,16.338630525975354,1.213215651955457,0.0,0.0,0.5284429834024739,0.5564609354051864,0.191728814962509,0.10062525995514283,1.6335169151849178,16.233666535749713,1.210416620652201,5910
451,1.9386776985580882,-29.785374784273362,0.13427238542031059,0.05110955636712548,-27.661315143927837,-29.785374784273362,nan,0.11423018156384526,0.02004220385646531,1.9789312739149425,-29.705500322531165,0.13395246473874528,0.049407836060622094,-27.543208747816855,-29.705500322531165,nan,44.06431617354465,0.11095556579510708,0.0,0.015626724636102905,397.13479768031425,46.0,46.0,,0.00015398771725679575,,,,,,,0.45549574708153595,,0,0.09997881478425824,1.6335169151849178,inf,-inf,-0.08257615126665399,0.053485523302972564,-0.060999861798028555,0.06356016036904341,inf,-inf,2.4197283792456883,0.21739450950254655,0.21739450950254655,0.21739450950254655,784,1.4717218408589876,1.1188641504888726,1.769764081774158,,,-3.2211002495584347,0.44220512457350286,0.1646611972306099,16.338630525975354,1.213215651955457,0.0,0.0,0.5284429834024739,0.5564609354051864,0.191728814962509,0.10062525995514283,1.6335169151849178,16.233666535749713,1.210416620652201,5910
452,1.9428909767902176,-29.787332439260734,0.13424897234854494,0.05121261572773954,-27.658979874394234,-29.787332439260734,nan,0.11419012118896488,0.020058851159580046,1.9789312739149425,-29.705500322531165,0.13395246473874528,0.049407836060622094,-27.543208747816855,-29.705500322531165,nan,42.066364802863006,0.10741643806988325,0.0,0.013333565838139888,391.6194351510275,46.0,46.0,,0.00015348159130314454,,,,,,,0.45549574708153595,,0,0.09997881478425824,1.6335169151849178,inf,-inf,-0.08226904235703464,0.05438289629807657,-0.06330289839901379,0.0630852877228138,inf,-inf,2.4160363682141064,0.2171488410465375,0.2171488410465375,0.2171488410465375,784,1.4717218408589876,1.1188641504888726,1.769764081774158,,,-3.2211002495584347,0.44220512457350286,0.1646611972306099,16.338630525975354,1.213215651955457,0.0,0.0,0.5284429834024739,0.5564609354051864,0.191728814962509,0.10062525995514283,1.6335169151849178,16.233666535749713,1.210416620652201,5910
453,1.9434411346542513,-29.785473327780892,0.13425790112132405,0.052193477925914375,-27.655580814079403,-29.785473327780892,nan,0.11417056754025758,0.020087333581066468,1.9789312739149425,-29.705500322531165,0.13395246473874528,0.049407836060622094,-27.543208747816855,-29.705500322531165,nan,46.96643969962912,0.11275475132663118,0.0,0.016713424888471412,416.53623591945495,46.0,46.0,,0.00015297548385082412,,,,,,,0.45549574708153595,,0,0.09997881478425824,1.6335169151849178,inf,-inf,-0.08224836336507076,0.05382949088356483,-0.06145609012060948,0.06310494167149587,inf,-inf,2.4125068509921466,0.21697937558541489,0.21697937558541489,0.21697937558541489,784,1.4717218408589876,1.1188641504888726,1.769764081774158,,,-3.2211002495584347,0.44220512457350286,0.1646611972306099,16.338630525975354,1.213215651955457,0.0,0.0,0.5284429834024739,0.5564609354051864,0.191728814962509,0.10062525995514283,1.6335169151849178,16.233666535749713,1.210416620652201,5910
454,1.9388837374446537,-29.787646882153034,0.13424059021796259,0.05126399396641683,-27.663258560524,-29.787646882153034,nan,0.11415043606780387,0.02009015415015867,1.9789312739149425,-29.705500322531165,0.13395246473874528,0.049407836060622094,-27.543208747816855,-29.705500322531165,nan,45.436949471946996,0.10941963046953507,0.0,0.014350200363389035,415.25409359335833,46.0,46.0,,0.00015246940106659407,,,,,,,0.45549574708153595,,0,0.09997881478425824,1.6335169151849178,inf,-inf,-0.08222743111049442,0.0536707454995809,-0.06316595689366397,0.06345008562021691,inf,-inf,2.4088257163935185,0.21674551160561933,0.21674551160561933,0.21674551160561933,784,1.4717218408589876,1.1188641504888726,1.769764081774158,,,-3.2211002495584347,0.44220512457350286,0.1646611972306099,16.338630525975354,1.213215651955457,0.0,0.0,0.5284429834024739,0.5564609354051864,0.191728814962509,0.10062525995514283,1.6335169151849178,16.233666535749713,1.210416620652201,5910
455,1.9322687804600134,-29.786323901977855,0.13425957432101746,0.05136396717332471,-27.6684315800235,-29.786323901977855,nan,0.11414432834299527,0.020115245978022164,1.9600255220619853,-29.70385321833889,0.13400433497878672,0.04839358455739942,-27.561429776740717,-29.70385321833889,nan,47.34040852826756,0.10658264086639715,0.0,0.01566234999562901,444.16621828323275,46.0,46.0,,0.00015196334911691346,,,,,,,0.4565784257686517,,0,0.09890944670111589,1.65057530019953,inf,-inf,-0.08336205053704156,0.054031865141925296,-0.062038507607324836,0.06334703930448032,inf,-inf,2.4040153342919997,0.2166498803222968,0.2166498803222968,0.2166498803222968,784,1.4588612960317648,1.1125733156971824,1.7668684478588232,,,-3.219918300947103,0.44285413154847403,0.1664599678388995,16.687741719830168,1.2223975694549043,0.0,0.0,0.5301764079256208,0.5586192842433156,0.19405839532582564,0.09961731898529055,1.65057530019953,16.56916003173357,1.21930049255757,5910
456,1.9261278437875204,-29.788265489410467,0.13431010810732533,0.05067247682803856,-27.677155060687586,-29.788265489410467,nan,0.11416567295154527,0.02014443515578013,1.9600255220619853,-29.70385321833889,0.13400433497878672,0.04839358455739942,-27.561429776740717,-29.70385321833889,nan,38.298517507699096,0.11054031795194305,0.0,0.019003640179425792,346.4665039623752,46.0,46.0,,0.00015145733416786547,,,,,,,0.4565784257686517,,0,0.09890944670111589,1.65057530019953,inf,-inf,-0.08277962952680733,0.05392873903688318,-0.06176303854908732,0.06310747191361676,inf,-inf,2.403793351396759,0.21635296126281053,0.21635296126281053,0.21635296126281053,784,1.4588612960317648,1.1125733156971824,1.7668684478588232,,,-3.219918300947103,0.44285413154847403,0.1664599678388995,16.687741719830168,1.2223975694549043,0.0,0.0,0.5301764079256208,0.5586192842433156,0.19405839532582564,0.09961731898529055,1.65057530019953,16.56916003173357,1.21930049255757,5910
457,1.9367811148290772,-29.787729977468594,0.13431213352294102,0.05110974229626612,-27.66552698682031,-29.787729977468594,nan,0.11415855370940689,0.020153579813534075,1.9600255220619853,-29.70385321833889,0.13400433497878672,0.04839358455739942,-27.561429776740717,-29.70385321833889,nan,44.62136249535885,0.11186943294520818,0.0,0.014218353903723013,398.8700158801526,46.0,46.0,,0.00015095136238508272,,,,,,,0.4565784257686517,,0,0.09890944670111589,1.65057530019953,inf,-inf,-0.08227696335424618,0.05350180053783676,-0.06315246899590342,0.06352593009903719,inf,-inf,2.398467653667262,0.2162332632212742,0.2162332632212742,0.2162332632212742,784,1.4588612960317648,1.1125733156971824,1.7668684478588232,,,-3.219918300947103,0.44285413154847403,0.1664599678388995,16.687741719830168,1.2223975694549043,0.0,0.0,0.5301764079256208,0.5586192842433156,0.19405839532582564,0.09961731898529055,1.65057530019953,16.56916003173357,1.21930049255757,5910
458,1.9314795978606842,-29.78908868127587,0.13429601893962598,0.05060641628525118,-27.67270664819031,-29.78908868127587,nan,0.11410500730486674,0.020191011634759254,1.9600255220619853,-29.70385321833889,0.13400433497878672,0.04839358455739942,-27.561429776740717,-29.70385321833889,nan,43.55555552344401,0.11099078181606394,0.0,0.015233328388269475,392.42498170366184,46.0,46.0,,0.00015044543993367158,,,,,,,0.4565784257686517,,0,0.09890944670111589,1.65057530019953,inf,-inf,-0.08282753368322912,0.05356639279719267,-0.061026929685749666,0.0633717308444977,inf,-inf,2.3969872527970186,0.21593807638592724,0.21593807638592724,0.21593807638592724,784,1.4588612960317648,1.1125733156971824,1.7668684478588232,,,-3.219918300947103,0.44285413154847403,0.1664599678388995,16.687741719830168,1.2223975694549043,0.0,0.0,0.5301764079256208,0.5586192842433156,0.19405839532582564,0.09961731898529055,1.65057530019953,16.56916003173357,1.21930049255757,5910
459,1.9280728156829232,-29.78718662716666,0.1342550971985127,0.050399290653471096,-27.674459423631752,-29.78718662716666,nan,0.11405361339109725,0.020201483807415443,1.9600255220619853,-29.70385321833889,0.13400433497878672,0.04839358455739942,-27.561429776740717,-29.70385321833889,nan,40.70689329142032,0.11265458260560252,0.0,0.019733900097383895,361.3425423973467,46.0,46.0,,0.00014993957297813754,,,,,,,0.4565784257686517,,0,0.09890944670111589,1.65057530019953,inf,-inf,-0.08331562923987439,0.0539599341811776,-0.06323582836152125,0.06350746910791721,inf,-inf,2.393135237982468,0.21576618705811265,0.21576618705811265,0.21576618705811265,784,1.4588612960317648,1.1125733156971824,1.7668684478588232,,,-3.219918300947103,0.44285413154847403,0.1664599678388995,16.687741719830168,1.2223975694549043,0.0,0.0,0.5301764079256208,0.5586192842433156,0.19405839532582564,0.09961731898529055,1.65057530019953,16.56916003173357,1.21930049255757,5910
460,1.929195860208321,-29.78597752908431,0.13426031936785668,0.05142322879641643,-27.671098120711715,-29.78597752908431,nan,0.11402757436539301,0.020232745002463654,1.9538708125459483,-29.702969466679228,0.1339523585970398,0.05020508095177123,-27.564941214584472,-29.702969466679228,nan,40.681788087937306,0.10835521988662719,0.0,0.015131995851139102,375.4483460095687,46.0,46.0,,0.0001494337676823098,,,,,,,0.45834741328083756,,0,0.09805794989540804,1.6691941342908039,inf,-inf,-0.08390191854991501,0.05373063579898591,-0.06361554328923294,0.06298397270769797,inf,-inf,2.388968515442934,0.21567858501920964,0.21567858501920964,0.21567858501920964,784,1.4463201489106186,1.106404696675492,1.7635279801020645,,,-3.217261004400641,0.4440738317697881,0.16853357452806614,17.02252735317456,1.2310240407104616,0.0,0.0,0.5327155559415285,0.561192542700081,0.19668766240769692,0.09880717348900303,1.6691941342908039,16.89345090391216,1.227718373990317,5910
461,1.923530609270063,-29.78701950097162,0.13426698955914676,0.05062282561786606,-27.678599076524545,-29.78701950097162,nan,0.11401961308006989,0.020247376479076797,1.9538708125459483,-29.702969466679228,0.1339523585970398,0.05020508095177123,-27.564941214584472,-29.702969466679228,nan,42.83086091427141,0.11062435407655853,0.0,0.018530998024346684,387.17388473635697,46.0,46.0,,0.00014892803020926624,,,,,,,0.45834741328083756,,0,0.09805794989540804,1.6691941342908039,inf,-inf,-0.08312935428568588,0.05461303094731938,-0.06272757390624957,0.06328951722898947,inf,-inf,2.38724223814748,0.21540160269735045,0.21540160269735045,0.21540160269735045,784,1.4463201489106186,1.106404696675492,1.7635279801020645,,,-3.217261004400641,0.4440738317697881,0.16853357452806614,17.02252735317456,1.2310240407104616,0.0,0.0,0.5327155559415285,0.561192542700081,0.19668766240769692,0.09880717348900303,1.6691941342908039,16.89345090391216,1.227718373990317,5910
462,1.9259579871818822,-29.787985479570796,0.13428563723413606,0.05035515721497632,-27.677386697939802,-29.787985479570796,nan,0.11400570491108825,0.0202799323230478,1.9538708125459483,-29.702969466679228,0.1339523585970398,0.05020508095177123,-27.564941214584472,-29.702969466679228,nan,44.576333795621274,0.10829382111207038,0.0,0.015315515248508247,411.62398129335946,46.0,46.0,,0.00014842236672125842,,,,,,,0.45834741328083756,,0,0.09805794989540804,1.6691941342908039,inf,-inf,-0.08236383320594566,0.05383990719011957,-0.06358990354597276,0.06326869849561449,inf,-inf,2.384798616240257,0.21526444256792743,0.21526444256792743,0.21526444256792743,784,1.4463201489106186,1.106404696675492,1.7635279801020645,,,-3.217261004400641,0.4440738317697881,0.16853357452806614,17.02252735317456,1.2310240407104616,0.0,0.0,0.5327155559415285,0.561192542700081,0.19668766240769692,0.09880717348900303,1.6691941342908039,16.89345090391216,1.227718373990317,5910
463,1.9104961677257573,-29.787146328845754,0.13429443296233481,0.051068181424744806,-27.691287546732916,-29.787146328845754,nan,0.11399807383548527,0.020296359126849513,1.9538708125459483,-29.702969466679228,0.1339523585970398,0.05020508095177123,-27.564941214584472,-29.702969466679228,nan,46.95154827970433,0.10872427551723639,0.0,0.01929346909729181,431.84052555274064,46.0,46.0,,0.00014791678337963625,,,,,,,0.45834741328083756,,0,0.09805794989540804,1.6691941342908039,inf,-inf,-0.08326143779725122,0.05470963135568582,-0.062313796936716154,0.06321689520088826,inf,-inf,2.381597518955808,0.2149767696428559,0.2149767696428559,0.2149767696428559,784,1.4463201489106186,1.106404696675492,1.7635279801020645,,,-3.217261004400641,0.4440738317697881,0.16853357452806614,17.02252735317456,1.2310240407104616,0.0,0.0,0.5327155559415285,0.561192542700081,0.19668766240769692,0.09880717348900303,1.6691941342908039,16.89345090391216,1.227718373990317,5910
464,1.9168190636925133,-29.788549569595443,0.13426269863140378,0.05158550650187446,-27.68588230076965,-29.788549569595443,nan,0.11395194516052405,0.020310753470879742,1.9538708125459483,-29.702969466679228,0.1339523585970398,0.05020508095177123,-27.564941214584472,-29.702969466679228,nan,40.089176334428764,0.10918685700668684,0.0,0.014524979201032325,367.161189848826,46.0,46.0,,0.00014741128634477335,,,,,,,0.45834741328083756,,0,0.09805794989540804,1.6691941342908039,inf,-inf,-0.08341596032488834,0.052370432089297675,-0.06323890231697708,0.06337747815299444,inf,-inf,2.3782158319009574,0.21479981018244876,0.21479981018244876,0.21479981018244876,784,1.4463201489106186,1.106404696675492,1.7635279801020645,,,-3.217261004400641,0.4440738317697881,0.16853357452806614,17.02252735317456,1.2310240407104616,0.0,0.0,0.5327155559415285,0.561192542700081,0.19668766240769692,0.09880717348900303,1.6691941342908039,16.89345090391216,1.227718373990317,5910
465,1.9286237006252016,-29.787824592422666,0.13432444524918485,0.051061185412430474,-27.67381526113585,-29.787824592422666,nan,0.11398799880483804,0.020336446444346762,1.958298253451875,-29.719182552432187,0.1339719330406392,0.0579399924888247,-27.568972373450848,-29.719182552432187,nan,44.05726063986551,0.11298288710745459,0.0,0.016133256614999276,389.9463163652739,46.0,46.0,,0.0001469058817759914,,,,,,,0.45962492700775165,,0,0.09715188219113996,1.6803379336925635,inf,-inf,-0.08423642225360142,0.053535927544296064,-0.06231793846376116,0.06321366637332697,inf,-inf,2.3753901253453176,0.21464014412977644,0.21464014412977644,0.21464014412977644,784,1.4342459721641247,1.1003672238924076,1.7602126923066324,,,-3.2156822803249727,0.4448540400774477,0.1704017065786384,17.295989493920548,1.237945412806407,0.0,0.0,0.5346908144965007,0.5643515787803308,0.19903213910720166,0.09793296075268319,1.6803379336925635,17.158042816003857,1.2344677472256045,5910
466,1.9191864751582224,-29.788997039741414,0.1343064634372034,0.050888517507030155,-27.68461558363896,-29.788997039741414,nan,0.11394859274439012,0.020357870692813303,1.958298253451875,-29.719182552432187,0.1339719330406392,0.0579399924888247,-27.568972373450848,-29.719182552432187,nan,47.92189977698543,0.11016895963334913,0.0,0.017399387245437093,434.9854980610985,46.0,46.0,,0.00014640057583148575,,,,,,,0.45962492700775165,,0,0.09715188219113996,1.6803379336925635,inf,-inf,-0.07052062766352213,0.05340200966166515,-0.0633199774916087,0.06312165455595746,inf,-inf,2.3732135721357857,0.21443369870153356,0.21443369870153356,0.21443369870153356,784,1.4342459721641247,1.1003672238924076,1.7602126923066324,,,-3.2156822803249727,0.4448540400774477,0.1704017065786384,17.295989493920548,1.237945412806407,0.0,0.0,0.5346908144965007,0.5643515787803308,0.19903213910720166,0.09793296075268319,1.6803379336925635,17.158042816003857,1.2344677472256045,5910
467,1.9199055046106475,-29.790315772204536,0.13427814620620254,0.05078351895949264,-27.685348602428196,-29.790315772204536,nan,0.11390417672929104,0.02037396947691149,1.958298253451875,-29.719182552432187,0.1339719330406392,0.0579399924888247,-27.568972373450848,-29.719182552432187,nan,49.36088567528694,0.11373300591640483,0.0,0.01618397387356593,434.0066920553195,46.0,46.0,,0.0001458953746682497,,,,,,,0.45962492700775165,,0,0.09715188219113996,1.6803379336925635,inf,-inf,-0.0830793674881148,0.05338655871023864,-0.06293432340239238,0.0630181217557764,inf,-inf,2.3693799718918918,0.21422234857695208,0.21422234857695208,0.21422234857695208,784,1.4342459721641247,1.1003672238924076,1.7602126923066324,,,-3.2156822803249727,0.4448540400774477,0.1704017065786384,17.295989493920548,1.237945412806407,0.0,0.0,0.5346908144965007,0.5643515787803308,0.19903213910720166,0.09793296075268319,1.6803379336925635,17.158042816003857,1.2344677472256045,5910
468,1.912394132930659,-29.789064498289857,0.13428971231086298,0.05065788626963264,-27.691722766778703,-29.789064498289857,nan,0.11389104749621706,0.0203986648146459,1.958298253451875,-29.719182552432187,0.1339719330406392,0.0579399924888247,-27.568972373450848,-29.719182552432187,nan,38.92104993046453,0.10876926185505997,0.0,0.01764476931486267,357.83133273744755,46.0,46.0,,0.00014539028444200016,,,,,,,0.45962492700775165,,0,0.09715188219113996,1.6803379336925635,inf,-inf,-0.08387232629779402,0.05356685109419424,-0.06303728323654462,0.06330924192356979,inf,-inf,2.3666985708430843,0.21408063743593303,0.21408063743593303,0.21408063743593303,784,1.4342459721641247,1.1003672238924076,1.7602126923066324,,,-3.2156822803249727,0.4448540400774477,0.1704017065786384,17.295989493920548,1.237945412806407,0.0,0.0,0.5346908144965007,0.5643515787803308,0.19903213910720166,0.09793296075268319,1.6803379336925635,17.158042816003857,1.2344677472256045,5910
469,1.9051787191619025,-29.78901456492444,0.1342807056040322,0.051316377775081655,-27.698238762383426,-29.78901456492444,nan,0.11386052984893456,0.020420175755097605,1.958298253451875,-29.719182552432187,0.1339719330406392,0.0579399924888247,-27.568972373450848,-29.719182552432187,nan,45.549994376151666,0.11302038132094072,0.0,0.017206348700896844,403.02460356070344,46.0,46.0,,0.00014488531130710198,,,,,,,0.45962492700775165,,0,0.09715188219113996,1.6803379336925635,inf,-inf,-0.08356741598098527,0.05196638596711594,-0.06290085110533535,0.06269333834590554,inf,-inf,2.363218287228516,0.21386314817363045,0.21386314817363045,0.21386314817363045,784,1.4342459721641247,1.1003672238924076,1.7602126923066324,,,-3.2156822803249727,0.4448540400774477,0.1704017065786384,17.295989493920548,1.237945412806407,0.0,0.0,0.5346908144965007,0.5643515787803308,0.19903213910720166,0.09793296075268319,1.6803379336925635,17.158042816003857,1.2344677472256045,5910
470,1.9160159982280798,-29.790818393980167,0.1343151351732922,0.05173187042313482,-27.68875539015566,-29.790818393980167,nan,0.11386298928241115,0.02045214589088101,1.931842717630368,-29.70047437155825,0.13393399510761037,0.04520200144364496,-27.589495657376627,-29.70047437155825,nan,42.465751154409894,0.11118553753954555,0.0,0.015644562795215148,381.9359252484257,46.0,46.0,,0.00014438046141649355,,,,,,,0.46126835037513475,,0,0.09625687528793093,1.6950310845433518,inf,-inf,-0.0833229003438296,0.05241556619155587,-0.06217535390081235,0.06275838654393723,inf,-inf,2.3614197424757766,0.21354680620650776,0.21354680620650776,0.21354680620650776,784,1.4223948470760615,1.0944522418402773,1.7574585362979462,,,-3.213310938874202,0.44603928588606656,0.17240409087840572,17.609454695813106,1.2457459075705661,0.0,0.0,0.5370541915226021,0.5669335702889843,0.20152897271525683,0.09708065492970218,1.6950310845433518,17.460029351581465,1.242044969450831,5910
471,1.9130578236616522,-29.789846953291708,0.13428281043645232,0.05042311087319539,-27.69208320832041,-29.789846953291708,nan,0.11382231591881936,0.02046049451763304,1.931842717630368,-29.70047437155825,0.13393399510761037,0.04520200144364496,-27.589495657376627,-29.70047437155825,nan,39.21183508567259,0.1125311197768029,0.0,0.017606357008576653,348.4532559832902,46.0,46.0,,0.00014387574092161149,,,,,,,0.46126835037513475,,0,0.09625687528793093,1.6950310845433518,inf,-inf,-0.08228653345366742,0.052666574709249445,-0.06381339735140952,0.06313237109247039,inf,-inf,2.357747878406031,0.2134123576597438,0.2134123576597438,0.2134123576597438,784,1.4223948470760615,1.0944522418402773,1.7574585362979462,,,-3.213310938874202,0.44603928588606656,0.17240409087840572,17.609454695813106,1.2457459075705661,0.0,0.0,0.5370541915226021,0.5669335702889843,0.20152897271525683,0.09708065492970218,1.6950310845433518,17.460029351581465,1.242044969450831,5910
472,1.9158324339760562,-29.791222478733644,0.13425236500028556,0.05021969980600086,-27.6909179799513,-29.791222478733644,nan,0.11378042709573162,0.020471937904553948,1.931842717630368,-29.70047437155825,0.13393399510761037,0.04520200144364496,-27.589495657376627,-29.70047437155825,nan,45.90030184834846,0.11065394281621573,0.0,0.016962868816087127,414.80945622140115,46.0,46.0,,0.0001433711559723156,,,,,,,0.46126835037513475,,0,0.09625687528793093,1.6950310845433518,inf,-inf,-0.08459248860385316,0.05291301835355544,-0.0622021774048641,0.06308622567408785,inf,-inf,2.3542805334899617,0.21323260672111655,0.21323260672111655,0.21323260672111655,784,1.4223948470760615,1.0944522418402773,1.7574585362979462,,,-3.213310938874202,0.44603928588606656,0.17240409087840572,17.609454695813106,1.2457459075705661,0.0,0.0,0.5370541915226021,0.5669335702889843,0.20152897271525683,0.09708065492970218,1.6950310845433518,17.460029351581465,1.242044969450831,5910
473,1.9067893237254665,-29.78858573205489,0.1342236166363611,0.04982612725203753,-27.697746664441027,-29.78858573205489,nan,0.11373142354741896,0.020492193088942127,1.931842717630368,-29.70047437155825,0.13393399510761037,0.04520200144364496,-27.589495657376627,-29.70047437155825,nan,44.38606924834061,0.10791920071727024,0.0,0.016595595357537917,411.28982565970335,46.0,46.0,,0.00014286671271681442,,,,,,,0.46126835037513475,,0,0.09625687528793093,1.6950310845433518,inf,-inf,-0.08467036796550308,0.053908852428016636,-0.06158040928095897,0.06330550049124897,inf,-inf,2.3516097870620793,0.21312494604338586,0.21312494604338586,0.21312494604338586,784,1.4223948470760615,1.0944522418402773,1.7574585362979462,,,-3.213310938874202,0.44603928588606656,0.17240409087840572,17.609454695813106,1.2457459075705661,0.0,0.0,0.5370541915226021,0.5669335702889843,0.20152897271525683,0.09708065492970218,1.6950310845433518,17.460029351581465,1.242044969450831,5910
474,1.9023382395597261,-29.791297132880143,0.1342353513670304,0.05071755938951365,-27.70400598256387,-29.791297132880143,nan,0.1137103832496727,0.020524968117357743,1.931842717630368,-29.70047437155825,0.13393399510761037,0.04520200144364496,-27.589495657376627,-29.70047437155825,nan,45.96130444101684,0.10986868355401098,0.0,0.018340134454028583,418.3294361438531,46.0,46.0,,0.0001423624173015897,,,,,,,0.46126835037513475,,0,0.09625687528793093,1.6950310845433518,inf,-inf,-0.08437364352386921,0.05341785544440037,-0.06257743964266255,0.06312610459195328,inf,-inf,2.3482426070224625,0.21285295852016664,0.21285295852016664,0.21285295852016664,784,1.4223948470760615,1.0944522418402773,1.7574585362979462,,,-3.213310938874202,0.44603928588606656,0.17240409087840572,17.609454695813106,1.2457459075705661,0.0,0.0,0.5370541915226021,0.5669335702889843,0.20152897271525683,0.09708065492970218,1.6950310845433518,17.460029351581465,1.242044969450831,5910
475,1.8954713215500743,-29.792424227237554,0.13423095832179308,0.05048481281677734,-27.712237134548907,-29.792424227237554,nan,0.11368568371195754,0.020545274609835545,1.9451563321155227,-29.70185535327167,0.13385389014813728,0.04580224326038761,-27.577042887747623,-29.70185535327167,nan,37.73221947991768,0.10969001338792585,0.0,0.016327763602251057,343.989560348354,46.0,46.0,,0.00014185827587132207,,,,,,,0.46330158934294485,,0,0.095516342078525,1.713623406204475,inf,-inf,-0.08456869796145665,0.05265416844959264,-0.06284077746786808,0.06289548092085949,inf,-inf,2.345823460184686,0.21270918498274968,0.21270918498274968,0.21270918498274968,784,1.4104841491461473,1.0885085070137115,1.754381078304383,,,-3.2100848377192923,0.44771020145683965,0.17455043205197984,17.94063056556005,1.2538377032749952,0.0,0.0,0.5399032402392234,0.5706469490187295,0.2042128746508116,0.09637675670340483,1.713623406204475,17.78046351443507,1.2499430782954752,5910
476,1.907626571180868,-29.79032083382794,0.13425024781727932,0.05011599447760297,-27.698328020352193,-29.79032083382794,nan,0.11368260108354891,0.020567646733730377,1.9451563321155227,-29.70185535327167,0.13385389014813728,0.04580224326038761,-27.577042887747623,-29.70185535327167,nan,60.88554734200546,0.10839683591299472,0.0,0.014385939087008639,561.6911861788619,46.0,46.0,,0.00014135429456881558,,,,,,,0.46330158934294485,,0,0.095516342078525,1.713623406204475,inf,-inf,-0.08421885480826162,0.05347384793631388,-0.06168615602286383,0.0631136726898501,inf,-inf,2.3435973173706905,0.2126066218376978,0.2126066218376978,0.2126066218376978,784,1.4104841491461473,1.0885085070137115,1.754381078304383,,,-3.2100848377192923,0.44771020145683965,0.17455043205197984,17.94063056556005,1.2538377032749952,0.0,0.0,0.5399032402392234,0.5706469490187295,0.2042128746508116,0.09637675670340483,1.713623406204475,17.78046351443507,1.2499430782954752,5910
477,1.8948351015131308,-29.79116914014242,0.13422043089950084,0.05053340903138784,-27.7115801986984,-29.79116914014242,nan,0.11363515500188474,0.02058527589761606,1.9451563321155227,-29.70185535327167,0.13385389014813728,0.04580224326038761,-27.577042887747623,-29.70185535327167,nan,42.23489263245268,0.11215027596411066,0.0,0.01787556450310066,376.59196350054737,46.0,46.0,,0.0001408504795349235,,,,,,,0.46330158934294485,,0,0.095516342078525,1.713623406204475,inf,-inf,-0.084551451973547,0.05452397764509685,-0.06360605776743386,0.06290177310564801,inf,-inf,2.3401296588182365,0.21235716438378985,0.21235716438378985,0.21235716438378985,784,1.4104841491461473,1.0885085070137115,1.754381078304383,,,-3.2100848377192923,0.44771020145683965,0.17455043205197984,17.94063056556005,1.2538377032749952,0.0,0.0,0.5399032402392234,0.5706469490187295,0.2042128746508116,0.09637675670340483,1.713623406204475,17.78046351443507,1.2499430782954752,5910
478,1.8945552738304605,-29.790551549244764,0.13423833869454152,0.04989383529011872,-27.711864101429647,-29.790551549244764,nan,0.1136222036559561,0.02061613503858542,1.9451563321155227,-29.70185535327167,0.13385389014813728,0.04580224326038761,-27.577042887747623,-29.70185535327167,nan,43.95715621930859,0.11295468936737374,0.0,0.018720598071837912,389.15742644683274,46.0,46.0,,0.00014034683690847296,,,,,,,0.46330158934294485,,0,0.095516342078525,1.713623406204475,inf,-inf,-0.0849207152921623,0.052579671915739645,-0.06295425009403699,0.06288954763023194,inf,-inf,2.338374322198695,0.21219585306325386,0.21219585306325386,0.21219585306325386,784,1.4104841491461473,1.0885085070137115,1.754381078304383,,,-3.2100848377192923,0.44771020145683965,0.17455043205197984,17.94063056556005,1.2538377032749952,0.0,0.0,0.5399032402392234,0.5706469490187295,0.2042128746508116,0.09637675670340483,1.713623406204475,17.78046351443507,1.2499430782954752,5910
479,1.895491827609985,-29.7907916376443,0.13420802108086588,0.0500642299770492,-27.7110275589764,-29.7907916376443,nan,0.11355960284686509,0.02064841823400084,1.9451563321155227,-29.70185535327167,0.13385389014813728,0.04580224326038761,-27.577042887747623,-29.70185535327167,nan,41.91023985011717,0.11274005536556364,0.0,0.019983008299145656,371.742232290216,46.0,46.0,,0.00013984337282619042,,,,,,,0.46330158934294485,,0,0.095516342078525,1.713623406204475,inf,-inf,-0.08402196158092508,0.05276474378042843,-0.06426297238733966,0.06319501657709226,inf,-inf,2.336629215742161,0.21197269146631942,0.21197269146631942,0.21197269146631942,784,1.4104841491461473,1.0885085070137115,1.754381078304383,,,-3.2100848377192923,0.44771020145683965,0.17455043205197984,17.94063056556005,1.2538377032749952,0.0,0.0,0.5399032402392234,0.5706469490187295,0.2042128746508116,0.09637675670340483,1.713623406204475,17.78046351443507,1.2499430782954752,5910
480,1.9023164682461908,-29.79120624336718,0.13419538665030817,0.050204753448593646,-27.70448963502209,-29.79120624336718,nan,0.11353890854676575,0.02065647810354246,1.9340190780252828,-29.707057561871274,0.13384802653256922,0.05065797183152569,-27.588532485481895,-29.707057561871274,nan,44.86127367794787,0.11310615481002814,0.0,0.016791533881095815,396.62981871584594,46.0,46.0,,0.00013934009342262684,,,,,,,0.4649474952524308,,0,0.09469804230809194,1.7279646586956232,inf,-inf,-0.08415895618007134,0.053378660385753125,-0.0652411696790668,0.06299866278686098,inf,-inf,2.332308772173884,0.21183671828120126,0.21183671828120126,0.21183671828120126,784,1.3991937173590083,1.0827471128816604,1.7509484806743794,,,-3.207682843642804,0.4485937218201921,0.17653402566908813,18.247100115056643,1.2611938548693196,0.0,0.0,0.5422960767560966,0.5733949089060323,0.20666841102254618,0.09557885358474154,1.7279646586956232,18.07894313320661,1.2571730387039366,5910
481,1.8957637994874121,-29.792027069952624,0.13418755245431874,0.0508632563530919,-27.7112124616578,-29.792027069952624,nan,0.11349761709513528,0.020689935359183488,1.9340190780252828,-29.707057561871274,0.13384802653256922,0.05065797183152569,-27.588532485481895,-29.707057561871274,nan,39.33255416644956,0.11064035386535885,0.0,0.021244916075128163,355.49917179688686,46.0,46.0,,0.00013883700483008292,,,,,,,0.4649474952524308,,0,0.09469804230809194,1.7279646586956232,inf,-inf,-0.08477495024259088,0.05225716575282564,-0.06370053362494127,0.06284293714946249,inf,-inf,2.328997099744667,0.21173632775941179,0.21173632775941179,0.21173632775941179,784,1.3991937173590083,1.0827471128816604,1.7509484806743794,,,-3.207682843642804,0.4485937218201921,0.17653402566908813,18.247100115056643,1.2611938548693196,0.0,0.0,0.5422960767560966,0.5733949089060323,0.20666841102254618,0.09557885358474154,1.7279646586956232,18.07894313320661,1.2571730387039366,5910
482,1.8916632039233947,-29.793707122139118,0.13418248386288462,0.05094122578998582,-27.716920208562854,-29.793707122139118,nan,0.11348286705437162,0.02069961680851301,1.9340190780252828,-29.707057561871274,0.13384802653256922,0.05065797183152569,-27.588532485481895,-29.707057561871274,nan,44.17407637486904,0.11227956772435987,0.0,0.017682562541090928,393.42934133228897,46.0,46.0,,0.0001383341131785345,,,,,,,0.4649474952524308,,0,0.09469804230809194,1.7279646586956232,inf,-inf,-0.08453613577622232,0.05229024067914454,-0.06409419968883898,0.0628553291051626,inf,-inf,2.326251890102541,0.21145595732157738,0.21145595732157738,0.21145595732157738,784,1.3991937173590083,1.0827471128816604,1.7509484806743794,,,-3.207682843642804,0.4485937218201921,0.17653402566908813,18.247100115056643,1.2611938548693196,0.0,0.0,0.5422960767560966,0.5733949089060323,0.20666841102254618,0.09557885358474154,1.7279646586956232,18.07894313320661,1.2571730387039366,5910
483,1.899732595239006,-29.793883972717964,0.1341873357736405,0.050962115503569716,-27.70900192620175,-29.793883972717964,nan,0.11345872041301294,0.020728615360627655,1.9340190780252828,-29.707057561871274,0.13384802653256922,0.05065797183152569,-27.588532485481895,-29.707057561871274,nan,46.71198068633343,0.10896663432272533,0.0,0.016860299192639504,428.68150399127734,46.0,46.0,,0.0001378314245955575,,,,,,,0.4649474952524308,,0,0.09469804230809194,1.7279646586956232,inf,-inf,-0.08329933704293027,0.054111528959720254,-0.06460662274312412,0.0627674746193761,inf,-inf,2.3242238746880064,0.21135189318795833,0.21135189318795833,0.21135189318795833,784,1.3991937173590083,1.0827471128816604,1.7509484806743794,,,-3.207682843642804,0.4485937218201921,0.17653402566908813,18.247100115056643,1.2611938548693196,0.0,0.0,0.5422960767560966,0.5733949089060323,0.20666841102254618,0.09557885358474154,1.7279646586956232,18.07894313320661,1.2571730387039366,5910
484,1.892908140673713,-29.793082171330134,0.1342164575400448,0.05064621023365018,-27.715311362882726,-29.793082171330134,nan,0.11345840213826389,0.0207580554017809,1.9340190780252828,-29.707057561871274,0.13384802653256922,0.05065797183152569,-27.588532485481895,-29.707057561871274,nan,37.40247420423825,0.10872156966209136,0.0,0.01935481929015259,344.0207340685554,46.0,46.0,,0.00013732894520625377,,,,,,,0.4649474952524308,,0,0.09469804230809194,1.7279646586956232,inf,-inf,-0.08424986832891286,0.052518940108134175,-0.06384236532917906,0.06277263865812588,inf,-inf,2.3214736396592803,0.21117220061123607,0.21117220061123607,0.21117220061123607,784,1.3991937173590083,1.0827471128816604,1.7509484806743794,,,-3.207682843642804,0.4485937218201921,0.17653402566908813,18.247100115056643,1.2611938548693196,0.0,0.0,0.5422960767560966,0.5733949089060323,0.20666841102254618,0.09557885358474154,1.7279646586956232,18.07894313320661,1.2571730387039366,5910
485,1.874747611636361,-29.792149523599257,0.13418718176256944,0.05041511481240077,-27.732799615387922,-29.792149523599257,nan,0.11340998516264378,0.020777196599925715,1.9186893886249992,-29.71013715926287,0.13378108652131243,0.04682887316026186,-27.610837810956298,-29.71013715926287,nan,41.911398619781686,0.10682254235378486,0.0,0.01512191668002885,392.3460132691432,46.0,46.0,,0.00013682668113317603,,,,,,,0.46692918956965695,,0,0.0939996819989192,1.7425555369857677,inf,-inf,-0.08429026482812838,0.05098814206951369,-0.06289001521905767,0.0629077394715998,inf,-inf,2.3194632645916777,0.21095084783021353,0.21095084783021353,0.21095084783021353,784,1.3881882795605165,1.0771388251896281,1.7492014941830656,,,-3.204560061865941,0.4502063192136763,0.17862938799636668,18.53788757504311,1.2680602440063895,0.0,0.0,0.545086257183381,0.5761504011113346,0.20927993517639223,0.09491112674152928,1.7425555369857677,18.35986566392005,1.2638694992164394,5910
486,1.8863868281456677,-29.79262573074296,0.13418039252373556,0.05001075644402993,-27.722047753629525,-29.79262573074296,nan,0.11338711973797795,0.020793272785757606,1.9186893886249992,-29.71013715926287,0.13378108652131243,0.04682887316026186,-27.610837810956298,-29.71013715926287,nan,42.8300739077205,0.11191961348188065,0.0,0.017690034112477947,382.6860420193867,46.0,46.0,,0.00013632463849625354,,,,,,,0.46692918956965695,,0,0.0939996819989192,1.7425555369857677,inf,-inf,-0.08373814146568077,0.05223926690267559,-0.06433478342511144,0.06309584486878549,inf,-inf,2.3163902966429695,0.21083835268820655,0.21083835268820655,0.21083835268820655,784,1.3881882795605165,1.0771388251896281,1.7492014941830656,,,-3.204560061865941,0.4502063192136763,0.17862938799636668,18.53788757504311,1.2680602440063895,0.0,0.0,0.545086257183381,0.5761504011113346,0.20927993517639223,0.09491112674152928,1.7425555369857677,18.35986566392005,1.2638694992164394,5910
487,1.889073313301652,-29.792545960829187,0.1341428367258066,0.050297554314356646,-27.719032256487374,-29.792545960829187,nan,0.11331271805933012,0.020830118666476466,1.9186893886249992,-29.71013715926287,0.13378108652131243,0.04682887316026186,-27.610837810956298,-29.71013715926287,nan,43.752887982077574,0.11053553624042817,0.0,0.017228080856724753,395.82644161520824,46.0,46.0,,0.0001358228234127174,,,,,,,0.46692918956965695,,0,0.0939996819989192,1.7425555369857677,inf,-inf,-0.08496458124988811,0.051479536415901535,-0.0632954918100535,0.0626508318370862,inf,-inf,2.313757915132836,0.2107112957631955,0.2107112957631955,0.2107112957631955,784,1.3881882795605165,1.0771388251896281,1.7492014941830656,,,-3.204560061865941,0.4502063192136763,0.17862938799636668,18.53788757504311,1.2680602440063895,0.0,0.0,0.545086257183381,0.5761504011113346,0.20927993517639223,0.09491112674152928,1.7425555369857677,18.35986566392005,1.2638694992164394,5910
488,1.8813616677508649,-29.792554658232408,0.13414213965901783,0.05005998128398659,-27.726990869538536,-29.792554658232408,nan,0.11329193123594307,0.020850208423074817,1.9186893886249992,-29.71013715926287,0.13378108652131243,0.04682887316026186,-27.610837810956298,-29.71013715926287,nan,41.465281189500885,0.11202028336862978,0.0,0.01592291611487385,370.1586886104311,46.0,46.0,,0.000135321241997026,,,,,,,0.46692918956965695,,0,0.0939996819989192,1.7425555369857677,inf,-inf,-0.08519736874050862,0.05230330344947292,-0.06450465521472747,0.06294778222192673,inf,-inf,2.311711683380098,0.2104092297519088,0.2104092297519088,0.2104092297519088,784,1.3881882795605165,1.0771388251896281,1.7492014941830656,,,-3.204560061865941,0.4502063192136763,0.17862938799636668,18.53788757504311,1.2680602440063895,0.0,0.0,0.545086257183381,0.5761504011113346,0.20927993517639223,0.09491112674152928,1.7425555369857677,18.35986566392005,1.2638694992164394,5910
489,1.883609931338403,-29.79193234909568,0.13414007051315693,0.05033625032043619,-27.723846096923683,-29.79193234909568,nan,0.11327042583288117,0.020869644680275704,1.9186893886249992,-29.71013715926287,0.13378108652131243,0.04682887316026186,-27.610837810956298,-29.71013715926287,nan,41.1535398977706,0.1123911521178386,0.0,0.017673619037622004,366.16352019082785,46.0,46.0,,0.00013481990036079064,,,,,,,0.46692918956965695,,0,0.0939996819989192,1.7425555369857677,inf,-inf,-0.08458141620401495,0.05251541905983476,-0.0643189721230731,0.06307682311639294,inf,-inf,2.3092594375866873,0.21029695919438654,0.21029695919438654,0.21029695919438654,784,1.3881882795605165,1.0771388251896281,1.7492014941830656,,,-3.204560061865941,0.4502063192136763,0.17862938799636668,18.53788757504311,1.2680602440063895,0.0,0.0,0.545086257183381,0.5761504011113346,0.20927993517639223,0.09491112674152928,1.7425555369857677,18.35986566392005,1.2638694992164394,5910
490,1.8970229658372144,-29.793543438397645,0.1341078465113933,0.04987369330945089,-27.712538932739587,-29.793543438397645,nan,0.11322327703763922,0.02088456947375409,1.9027963153247933,-29.70929238594752,0.13373743649154962,0.04794322432484426,-27.624815409806335,-29.70929238594752,nan,44.25348724255066,0.1161087890190275,0.0,0.019944157768678857,381.1381344723056,46.0,46.0,,0.00013431880461270093,,,,,,,0.46884379445729346,,0,0.09331041067462859,1.7573126627330942,inf,-inf,-0.08478903409571285,0.051785585769758655,-0.06368738632366666,0.06296074280238527,inf,-inf,2.306036832944089,0.21017194925085594,0.21017194925085594,0.21017194925085594,784,1.3772763741605578,1.0715654921229303,1.746151846545864,,,-3.2015811780515127,0.45145874302723643,0.18070030777411772,18.832975334990284,1.2749189376210515,0.0,0.0,0.5477915955957949,0.5794798424395153,0.2118322603314328,0.094241971311018,1.7573126627330942,18.64681562033119,1.2706046765415977,5910
491,1.8757299384026307,-29.79181770688131,0.13413259361071808,0.05026182294801259,-27.731693351919947,-29.79181770688131,nan,0.11321272849420685,0.020919865116511158,1.9027963153247933,-29.70929238594752,0.13373743649154962,0.04794322432484426,-27.624815409806335,-29.70929238594752,nan,42.370299823086285,0.11528398635774367,0.0,0.01834444020318003,367.5297945683872,46.0,46.0,,0.00013381796085845047,,,,,,,0.46884379445729346,,0,0.09331041067462859,1.7573126627330942,inf,-inf,-0.08467366953193467,0.05244055378372107,-0.06509909245667356,0.06301303089619348,inf,-inf,2.3044539111542885,0.20999492577496068,0.20999492577496068,0.20999492577496068,784,1.3772763741605578,1.0715654921229303,1.746151846545864,,,-3.2015811780515127,0.45145874302723643,0.18070030777411772,18.832975334990284,1.2749189376210515,0.0,0.0,0.5477915955957949,0.5794798424395153,0.2118322603314328,0.094241971311018,1.7573126627330942,18.64681562033119,1.2706046765415977,5910
492,1.8748909665940792,-29.794462433329635,0.1341359244515469,0.05000777493578308,-27.735427767348227,-29.794462433329635,nan,0.11319440498035123,0.02094151947119565,1.9027963153247933,-29.70929238594752,0.13373743649154962,0.04794322432484426,-27.624815409806335,-29.70929238594752,nan,42.23783682647648,0.11116063159291686,0.0,0.014555919667909834,379.97118423324855,46.0,46.0,,0.00013331737520066227,,,,,,,0.46884379445729346,,0,0.09331041067462859,1.7573126627330942,inf,-inf,-0.083011092403636,0.05242861792378975,-0.0629623616486998,0.06279408341561378,inf,-inf,2.301891209612202,0.20986710762037478,0.20986710762037478,0.20986710762037478,784,1.3772763741605578,1.0715654921229303,1.746151846545864,,,-3.2015811780515127,0.45145874302723643,0.18070030777411772,18.832975334990284,1.2749189376210515,0.0,0.0,0.5477915955957949,0.5794798424395153,0.2118322603314328,0.094241971311018,1.7573126627330942,18.64681562033119,1.2706046765415977,5910
493,1.8752071697380284,-29.792406503021713,0.13414694050706322,0.050317469252676515,-27.732734923523946,-29.792406503021713,nan,0.11318460272691105,0.020962337780152215,1.9027963153247933,-29.70929238594752,0.13373743649154962,0.04794322432484426,-27.624815409806335,-29.70929238594752,nan,43.10918415853482,0.1077991564366492,0.0,0.021926922979304455,399.9027968634336,46.0,46.0,,0.00013281705373881464,,,,,,,0.46884379445729346,,0,0.09331041067462859,1.7573126627330942,inf,-inf,-0.08565690868101082,0.05133807572656726,-0.06402921548371646,0.06289763036149432,inf,-inf,2.2995258255311684,0.2096822002374621,0.2096822002374621,0.2096822002374621,784,1.3772763741605578,1.0715654921229303,1.746151846545864,,,-3.2015811780515127,0.45145874302723643,0.18070030777411772,18.832975334990284,1.2749189376210515,0.0,0.0,0.5477915955957949,0.5794798424395153,0.2118322603314328,0.094241971311018,1.7573126627330942,18.64681562033119,1.2706046765415977,5910
494,1.8780676463085384,-29.795024119350867,0.13412001217492234,0.05036442315360259,-27.732472037713805,-29.795024119350867,nan,0.11312604187959514,0.020993970295327156,1.9027963153247933,-29.70929238594752,0.13373743649154962,0.04794322432484426,-27.624815409806335,-29.70929238594752,nan,44.06897249601496,0.11147778420400521,0.0,0.01763339557252096,395.31618618619467,46.0,46.0,,0.00013231700256916665,,,,,,,0.46884379445729346,,0,0.09331041067462859,1.7573126627330942,inf,-inf,-0.08380901549940095,0.052520215830047685,-0.06420685397360541,0.06274545512712593,inf,-inf,2.2960192953708436,0.20949466279937665,0.20949466279937665,0.20949466279937665,784,1.3772763741605578,1.0715654921229303,1.746151846545864,,,-3.2015811780515127,0.45145874302723643,0.18070030777411772,18.832975334990284,1.2749189376210515,0.0,0.0,0.5477915955957949,0.5794798424395153,0.2118322603314328,0.094241971311018,1.7573126627330942,18.64681562033119,1.2706046765415977,5910
495,1.8699270357470996,-29.7936823222121,0.13411949322204575,0.050262858158654763,-27.7393729350843,-29.7936823222121,nan,0.11311494341092168,0.021004549811124044,1.9023717364963908,-29.708977949050283,0.13370364667937445,0.05038694973587446,-27.622515616138642,-29.708977949050283,nan,43.755147080554565,0.11577280247184225,0.0,0.01640838368496288,377.93977640989124,46.0,46.0,,0.00013181722778468407,,,,,,,0.47058438866605673,,0,0.09260862089551011,1.7695107286186047,inf,-inf,-0.08408906159950184,0.053049014722165076,-0.06360198289765175,0.06263456786812246,inf,-inf,2.2929663348848117,0.2093574698874076,0.2093574698874076,0.2093574698874076,784,1.3667781976555886,1.0661173578723042,1.7434073540177686,,,-3.1989454012140364,0.45271562065905036,0.18267948470978368,19.10740826834184,1.2812017832825993,0.0,0.0,0.5502995375960265,0.582093334696548,0.2142646259021343,0.09357055789691096,1.7695107286186047,18.910977644999395,1.2767139812434192,5910
496,1.8709049939798816,-29.79434868129733,0.13411895128167556,0.04983905860412692,-27.739485677431645,-29.79434868129733,nan,0.11307643672378064,0.021042514557894874,1.9023717364963908,-29.708977949050283,0.13370364667937445,0.05038694973587446,-27.622515616138642,-29.708977949050283,nan,43.749388881965324,0.11322768402259022,0.0,0.01871694749221188,386.3842068273411,46.0,46.0,,0.0001313177354749649,,,,,,,0.47058438866605673,,0,0.09260862089551011,1.7695107286186047,inf,-inf,-0.08585784422756004,0.05168224905057572,-0.06299802599938654,0.06270411881728075,inf,-inf,2.2919175306076602,0.2092218335230085,0.2092218335230085,0.2092218335230085,784,1.3667781976555886,1.0661173578723042,1.7434073540177686,,,-3.1989454012140364,0.45271562065905036,0.18267948470978368,19.10740826834184,1.2812017832825993,0.0,0.0,0.5502995375960265,0.582093334696548,0.2142646259021343,0.09357055789691096,1.7695107286186047,18.910977644999395,1.2767139812434192,5910
497,1.8658322044786542,-29.796926937570266,0.1340989509457705,0.05138588154085014,-27.745609900604993,-29.796926937570266,nan,0.11303567669120511,0.021063274254565414,1.9023717364963908,-29.708977949050283,0.13370364667937445,0.05038694973587446,-27.622515616138642,-29.708977949050283,nan,39.59100027086273,0.11209335299672891,0.0,0.016449935401831137,353.1966812699239,46.0,46.0,,0.00013081853172616532,,,,,,,0.47058438866605673,,0,0.09260862089551011,1.7695107286186047,inf,-inf,-0.08447673125631147,0.052351176080426845,-0.06526276990571572,0.06252309648118395,inf,-inf,2.289399923308957,0.20911012997368042,0.20911012997368042,0.20911012997368042,784,1.3667781976555886,1.0661173578723042,1.7434073540177686,,,-3.1989454012140364,0.45271562065905036,0.18267948470978368,19.10740826834184,1.2812017832825993,0.0,0.0,0.5502995375960265,0.582093334696548,0.2142646259021343,0.09357055789691096,1.7695107286186047,18.910977644999395,1.2767139812434192,5910
498,1.8759527178270232,-29.794566216408413,0.13411381102189365,0.05078213729487791,-27.73371755026462,-29.794566216408413,nan,0.11302383751947509,0.02108997350241854,1.9023717364963908,-29.708977949050283,0.13370364667937445,0.05038694973587446,-27.622515616138642,-29.708977949050283,nan,47.82235677025642,0.11137070411632502,0.0,0.018085474473619804,429.3979924945674,46.0,46.0,,0.00013031962262092544,,,,,,,0.47058438866605673,,0,0.09260862089551011,1.7695107286186047,inf,-inf,-0.08519925523124813,0.052660980331706,-0.06386207125501536,0.062388846905880035,inf,-inf,2.2866207247433574,0.20894934270757776,0.20894934270757776,0.20894934270757776,784,1.3667781976555886,1.0661173578723042,1.7434073540177686,,,-3.1989454012140364,0.45271562065905036,0.18267948470978368,19.10740826834184,1.2812017832825993,0.0,0.0,0.5502995375960265,0.582093334696548,0.2142646259021343,0.09357055789691096,1.7695107286186047,18.910977644999395,1.2767139812434192,5910
499,1.8692337515454482,-29.795426642590137,0.1340836589273604,0.05021019198329367,-27.741899040134037,-29.795426642590137,nan,0.11296941331408893,0.021114245613271476,1.9023717364963908,-29.708977949050283,0.13370364667937445,0.05038694973587446,-27.622515616138642,-29.708977949050283,nan,42.99685593973906,0.11229499869388483,0.0,0.019816388932614365,382.89199376499494,46.0,46.0,,0.0001298210142382953,,,,,,,0.47058438866605673,,0,0.09260862089551011,1.7695107286186047,inf,-inf,-0.08519265108697575,0.05129395562443954,-0.06481644460639288,0.06290982070580733,inf,-inf,2.2849357950651843,0.2087916858335436,0.2087916858335436,0.2087916858335436,784,1.3667781976555886,1.0661173578723042,1.7434073540177686,,,-3.1989454012140364,0.45271562065905036,0.18267948470978368,19.10740826834184,1.2812017832825993,0.0,0.0,0.5502995375960265,0.582093334696548,0.2142646259021343,0.09357055789691096,1.7695107286186047,18.910977644999395,1.2767139812434192,5910
500,1.8641748906891216,-29.794925341062623,0.13411096608022174,0.050010817359216156,-27.746628666934065,-29.794925341062623,nan,0.11297097376750218,0.02113999231271954,1.8955351361141803,-29.710747489620452,0.13368289202132336,0.045958528209567945,-27.635570933275382,-29.710747489620452,nan,41.70440402024694,0.11152805582340544,0.0,0.01846942657305633,373.9364387942177,46.0,46.0,,0.0001293227126536606,,,,,,,0.4723749166055919,,0,0.0919389720658271,1.781883976709195,inf,-inf,-0.08505898976186578,0.052964678742292805,-0.06367313279679963,0.062222051597293125,inf,-inf,2.282314454050936,0.20864630806953832,0.20864630806953832,0.20864630806953832,784,1.3566930623563145,1.0608479932942096,1.7398409693562857,,,-3.196191935976558,0.45392646323484565,0.1846357182617483,19.381160531503326,1.2873797787693233,0.0,0.0,0.5528497732158829,0.5842087933695927,0.2166564831975275,0.09290942913272121,1.781883976709195,19.17872053829727,1.2828196309007684,5910
501,1.8716165211080962,-29.79422782233457,0.13409492205034687,0.050189782044553675,-27.73832659713157,-29.79422782233457,nan,0.11293534653469416,0.0211595755156527,1.8955351361141803,-29.710747489620452,0.13368289202132336,0.045958528209567945,-27.635570933275382,-29.710747489620452,nan,42.703713507055916,0.10975352450838273,0.0,0.017525952618100322,389.08740013897506,46.0,46.0,,0.00012882472393866898,,,,,,,0.4723749166055919,,0,0.0919389720658271,1.781883976709195,inf,-inf,-0.08567394768954244,0.05206931183424768,-0.0627629839993016,0.06253377172441348,inf,-inf,2.2803134668902745,0.20846044416583873,0.20846044416583873,0.20846044416583873,784,1.3566930623563145,1.0608479932942096,1.7398409693562857,,,-3.196191935976558,0.45392646323484565,0.1846357182617483,19.381160531503326,1.2873797787693233,0.0,0.0,0.5528497732158829,0.5842087933695927,0.2166564831975275,0.09290942913272121,1.781883976709195,19.17872053829727,1.2828196309007684,5910
502,1.8721616734054856,-29.795387580249532,0.13408922609444368,0.04991021886463498,-27.739226461884968,-29.795387580249532,nan,0.11290332427891679,0.021185901815526927,1.8955351361141803,-29.710747489620452,0.13368289202132336,0.045958528209567945,-27.635570933275382,-29.710747489620452,nan,45.241986887275054,0.10941454564930866,0.0,0.017633619751490737,413.49152088318266,46.0,46.0,,0.00012832705416115575,,,,,,,0.4723749166055919,,0,0.0919389720658271,1.781883976709195,inf,-inf,-0.08496012383407808,0.05170136926520915,-0.06258379804593912,0.06293498106167777,inf,-inf,2.278649786267422,0.20832511564905148,0.20832511564905148,0.20832511564905148,784,1.3566930623563145,1.0608479932942096,1.7398409693562857,,,-3.196191935976558,0.45392646323484565,0.1846357182617483,19.381160531503326,1.2873797787693233,0.0,0.0,0.5528497732158829,0.5842087933695927,0.2166564831975275,0.09290942913272121,1.781883976709195,19.17872053829727,1.2828196309007684,5910
503,1.8579835105697498,-29.79638346614123,0.13404627809624517,0.0497822623504044,-27.75457141512483,-29.79638346614123,nan,0.1128415897746862,0.021204688321558945,1.8955351361141803,-29.710747489620452,0.13368289202132336,0.045958528209567945,-27.635570933275382,-29.710747489620452,nan,48.64125230719038,0.11110330558429472,0.0,0.017857557645132825,437.80202624381843,46.0,46.0,,0.00012782970938507012,,,,,,,0.4723749166055919,,0,0.0919389720658271,1.781883976709195,inf,-inf,-0.08435801374193536,0.051134752760752085,-0.06331582444274077,0.06289184900891881,inf,-inf,2.275998219986258,0.20817049618777714,0.20817049618777714,0.20817049618777714,784,1.3566930623563145,1.0608479932942096,1.7398409693562857,,,-3.196191935976558,0.45392646323484565,0.1846357182617483,19.381160531503326,1.2873797787693233,0.0,0.0,0.5528497732158829,0.5842087933695927,0.2166564831975275,0.09290942913272121,1.781883976709195,19.17872053829727,1.2828196309007684,5910
504,1.8652661450302366,-29.796345597785177,0.13404030974987116,0.04973530122676542,-27.747303841778304,-29.796345597785177,nan,0.1128058229660911,0.021234486783780062,1.8955351361141803,-29.710747489620452,0.13368289202132336,0.045958528209567945,-27.635570933275382,-29.710747489620452,nan,42.69383466804347,0.10877411101286173,0.0,0.017563928712440936,392.4999641044664,46.0,46.0,,0.0001273326956704012,,,,,,,0.4723749166055919,,0,0.0919389720658271,1.781883976709195,inf,-inf,-0.08586408571194304,0.0517164434323485,-0.062462352703083195,0.06228776736600817,inf,-inf,2.273357408777241,0.20802371364232689,0.20802371364232689,0.20802371364232689,784,1.3566930623563145,1.0608479932942096,1.7398409693562857,,,-3.196191935976558,0.45392646323484565,0.1846357182617483,19.381160531503326,1.2873797787693233,0.0,0.0,0.5528497732158829,0.5842087933695927,0.2166564831975275,0.09290942913272121,1.781883976709195,19.17872053829727,1.2828196309007684,5910
505,1.8562484236739614,-29.796289904262995,0.13406282622766658,0.049478825401595844,-27.75649982895977,-29.796289904262995,nan,0.11280351424384384,0.021259311983822728,1.8862134597413514,-29.716686813685676,0.13361827227793943,0.050056495531672435,-27.64679858613471,-29.716686813685676,nan,42.253847100555284,0.11085398275988836,0.0,0.02037675398665133,381.1667027974795,46.0,46.0,,0.00012683601907310425,,,,,,,0.47444292040587727,,0,0.0913650088084154,1.7937651796395362,inf,-inf,-0.08542347918093944,0.051607968953555176,-0.06348025119983103,0.06265789876595068,inf,-inf,2.2714814723050325,0.20791886872472032,0.20791886872472032,0.20791886872472032,784,1.346695696014403,1.055647697465851,1.7365185047419462,,,-3.1928594881287644,0.45557563340058116,0.18672522543844872,19.63295580040832,1.2929856888598414,0.0,0.0,0.5557411122938596,0.5873095534789311,0.21920327685168647,0.09236543241675056,1.7937651796395362,19.420308363264212,1.2882561215246555,5910
506,1.860704602911195,-29.79662420066974,0.13401684154527257,0.04942343891904797,-27.752479317294224,-29.79662420066974,nan,0.11274009538139194,0.021276746163880627,1.8862134597413514,-29.716686813685676,0.13361827227793943,0.050056495531672435,-27.64679858613471,-29.716686813685676,nan,43.11503161030806,0.11257826277824468,0.0,0.018586050153619305,382.97829924090706,46.0,46.0,,0.00012633968564502694,,,,,,,0.47444292040587727,,0,0.0913650088084154,1.7937651796395362,inf,-inf,-0.08573304878009347,0.05179265265969207,-0.06418869071420212,0.06266538519274777,inf,-inf,2.268695387850949,0.20779543782607057,0.20779543782607057,0.20779543782607057,784,1.346695696014403,1.055647697465851,1.7365185047419462,,,-3.1928594881287644,0.45557563340058116,0.18672522543844872,19.63295580040832,1.2929856888598414,0.0,0.0,0.5557411122938596,0.5873095534789311,0.21920327685168647,0.09236543241675056,1.7937651796395362,19.420308363264212,1.2882561215246555,5910
507,1.8643796208745498,-29.795778498160086,0.13401259258877973,0.049275386099250376,-27.748110898597506,-29.795778498160086,nan,0.11271880784742071,0.021293784741359022,1.8862134597413514,-29.716686813685676,0.13361827227793943,0.050056495531672435,-27.64679858613471,-29.716686813685676,nan,44.211424328538115,0.11137221334108963,0.0,0.019107844744310255,396.96997125428203,46.0,46.0,,0.00012584370143383533,,,,,,,0.47444292040587727,,0,0.0913650088084154,1.7937651796395362,inf,-inf,-0.08543377288436911,0.05101248651472083,-0.0642104691099262,0.06268131724642631,inf,-inf,2.267232605971176,0.20757372237367808,0.20757372237367808,0.20757372237367808,784,1.346695696014403,1.055647697465851,1.7365185047419462,,,-3.1928594881287644,0.45557563340058116,0.18672522543844872,19.63295580040832,1.2929856888598414,0.0,0.0,0.5557411122938596,0.5873095534789311,0.21920327685168647,0.09236543241675056,1.7937651796395362,19.420308363264212,1.2882561215246555,5910
508,1.8508381193975816,-29.796789137159077,0.13402530412977973,0.050076723207911546,-27.761848990423804,-29.796789137159077,nan,0.11269068991591297,0.02133461421386673,1.8862134597413514,-29.716686813685676,0.13361827227793943,0.050056495531672435,-27.64679858613471,-29.716686813685676,nan,50.03577979865534,0.10809543616756434,0.0,0.016963280274959806,462.8852204369876,46.0,46.0,,0.00012534807248294066,,,,,,,0.47444292040587727,,0,0.0913650088084154,1.7937651796395362,inf,-inf,-0.08473635250113627,0.0520546024664652,-0.06373907541933412,0.06262498960046434,inf,-inf,2.2648923839667767,0.20751959582376583,0.20751959582376583,0.20751959582376583,784,1.346695696014403,1.055647697465851,1.7365185047419462,,,-3.1928594881287644,0.45557563340058116,0.18672522543844872,19.63295580040832,1.2929856888598414,0.0,0.0,0.5557411122938596,0.5873095534789311,0.21920327685168647,0.09236543241675056,1.7937651796395362,19.420308363264212,1.2882561215246555,5910
509,1.8495882333961426,-29.796068089503606,0.13397983437646904,0.049685878182998425,-27.762814143547995,-29.796068089503606,nan,0.1126262963748474,0.021353538001621545,1.8862134597413514,-29.716686813685676,0.13361827227793943,0.050056495531672435,-27.64679858613471,-29.716686813685676,nan,43.55344381542463,0.11617873004946651,0.0,0.020135872530435528,374.88311153754626,46.0,46.0,,0.00012485280483142511,,,,,,,0.47444292040587727,,0,0.0913650088084154,1.7937651796395362,inf,-inf,-0.08527319657415133,0.0519229000597244,-0.06482190506697014,0.0627515818549581,inf,-inf,2.263047795058518,0.20737524055502404,0.20737524055502404,0.20737524055502404,784,1.346695696014403,1.055647697465851,1.7365185047419462,,,-3.1928594881287644,0.45557563340058116,0.18672522543844872,19.63295580040832,1.2929856888598414,0.0,0.0,0.5557411122938596,0.5873095534789311,0.21920327685168647,0.09236543241675056,1.7937651796395362,19.420308363264212,1.2882561215246555,5910
510,1.8579134821551444,-29.79720553750656,0.13398004242262848,0.049375821952279624,-27.75593619097651,-29.79720553750656,nan,0.11260758210829354,0.021372460314334957,1.8905053495653388,-29.713814377260512,0.1335300267204375,0.05066192678786928,-27.63911707418687,-29.713814377260512,nan,43.66317012634976,0.11045137877729852,0.0,0.01479774335494541,395.3157544043625,46.0,46.0,,0.00012435790451396892,,,,,,,0.4765585122942466,,0,0.09080694296086037,1.8061283388428069,inf,-inf,-0.08587163508509076,0.05182345133638433,-0.06509177861670169,0.06227016179215684,inf,-inf,2.260530768044321,0.2071010113478944,0.2071010113478944,0.2071010113478944,784,1.3370568061864105,1.0505962169187752,1.7340798971398972,,,-3.1894213194927103,0.4569282526477473,0.18881170434511482,19.889760407651703,1.298629551638187,0.0,0.0,0.5586801963707734,0.5903678719936769,0.22174112289926085,0.09183031025213934,1.8061283388428069,19.668106683770354,1.2937625553252174,5910
511,1.8562057419973754,-29.79687493341713,0.13397139586873952,0.050176759389937396,-27.756521036161075,-29.79687493341713,nan,0.1125765082316823,0.021394887637057266,1.8905053495653388,-29.713814377260512,0.1335300267204375,0.05066192678786928,-27.63911707418687,-29.713814377260512,nan,39.93794407277407,0.11177630291346617,0.0,0.015921103348578384,357.3024248591655,46.0,46.0,,0.00012386337756077606,,,,,,,0.4765585122942466,,0,0.09080694296086037,1.8061283388428069,inf,-inf,-0.08461523451297531,0.05170645763517566,-0.06488944475834536,0.06261713149487648,inf,-inf,2.258092389778698,0.20703532367039146,0.20703532367039146,0.20703532367039146,784,1.3370568061864105,1.0505962169187752,1.7340798971398972,,,-3.1894213194927103,0.4569282526477473,0.18881170434511482,19.889760407651703,1.298629551638187,0.0,0.0,0.5586801963707734,0.5903678719936769,0.22174112289926085,0.09183031025213934,1.8061283388428069,19.668106683770354,1.2937625553252174,5910
512,1.8522013207312327,-29.796467441392867,0.13396898253863457,0.04953089188295564,-27.760766246240046,-29.796467441392867,nan,0.11254923433006081,0.02141974820857379,1.8905053495653388,-29.713814377260512,0.1335300267204375,0.05066192678786928,-27.63911707418687,-29.713814377260512,nan,40.5460554219535,0.10770603616996766,0.0,0.01481509322065047,376.4510965566404,46.0,46.0,,0.00012336922999750156,,,,,,,0.4765585122942466,,0,0.09080694296086037,1.8061283388428069,inf,-inf,-0.08581492955134064,0.050869174054527545,-0.06416070794489542,0.06234950508664439,inf,-inf,2.2563882029341342,0.20699829546071,0.20699829546071,0.20699829546071,784,1.3370568061864105,1.0505962169187752,1.7340798971398972,,,-3.1894213194927103,0.4569282526477473,0.18881170434511482,19.889760407651703,1.298629551638187,0.0,0.0,0.5586801963707734,0.5903678719936769,0.22174112289926085,0.09183031025213934,1.8061283388428069,19.668106683770354,1.2937625553252174,5910
513,1.8493152434709084,-29.79657242401889,0.13397299755911082,0.049549065838040064,-27.763735117150834,-29.79657242401889,nan,0.11252067444476384,0.021452323114346968,1.8905053495653388,-29.713814377260512,0.1335300267204375,0.05066192678786928,-27.63911707418687,-29.713814377260512,nan,45.11897883237133,0.11274493300432133,0.0,0.018209234532643056,400.18631108363866,46.0,46.0,,0.00012287546784517752,,,,,,,0.4765585122942466,,0,0.09080694296086037,1.8061283388428069,inf,-inf,-0.08441096277179315,0.05282862206936525,-0.0655586186336239,0.0626675102652486,inf,-inf,2.2543866670933053,0.20678310631829622,0.20678310631829622,0.20678310631829622,784,1.3370568061864105,1.0505962169187752,1.7340798971398972,,,-3.1894213194927103,0.4569282526477473,0.18881170434511482,19.889760407651703,1.298629551638187,0.0,0.0,0.5586801963707734,0.5903678719936769,0.22174112289926085,0.09183031025213934,1.8061283388428069,19.668106683770354,1.2937625553252174,5910
514,1.8517692781458293,-29.796691054319798,0.13393657789879984,0.05034662746123662,-27.760638570813928,-29.796691054319798,nan,0.11246827946883382,0.02146829842996607,1.8905053495653388,-29.713814377260512,0.1335300267204375,0.05066192678786928,-27.63911707418687,-29.713814377260512,nan,41.15640454108358,0.11497712480322662,0.0,0.016687846085971684,357.9529807474243,46.0,46.0,,0.0001223820971201398,,,,,,,0.4765585122942466,,0,0.09080694296086037,1.8061283388428069,inf,-inf,-0.084174814097053,0.051844705119004665,-0.0650645991260758,0.062489358732778624,inf,-inf,2.2528600494082265,0.20666906190017004,0.20666906190017004,0.20666906190017004,784,1.3370568061864105,1.0505962169187752,1.7340798971398972,,,-3.1894213194927103,0.4569282526477473,0.18881170434511482,19.889760407651703,1.298629551638187,0.0,0.0,0.5586801963707734,0.5903678719936769,0.22174112289926085,0.09183031025213934,1.8061283388428069,19.668106683770354,1.2937625553252174,5910
515,1.8518901011032691,-29.796114224594238,0.1339445047199469,0.04929295636069251,-27.760986662410332,-29.796114224594238,nan,0.11244640784321205,0.021498096876734787,1.8790853971990176,-29.714375890104243,0.13348798872530881,0.048278471288237486,-27.653524032891678,-29.714375890104243,nan,47.99817782984765,0.11342726394804498,0.0,0.01827494879638476,423.1626168099503,46.0,46.0,,0.00012188912383395517,,,,,,,0.4785526138496735,,0,0.09025809336486347,1.8180447271683302,inf,-inf,-0.08545921312119177,0.051646788303771576,-0.06350459881949032,0.06266756487031903,inf,-inf,2.249441555975708,0.20656059309442903,0.20656059309442903,0.20656059309442903,784,1.3275531538516943,1.0456011697641467,1.7309501435566257,,,-3.186222936249683,0.45856534979652097,0.19083024210242489,20.142733569819413,1.3041184083094128,0.0,0.0,0.5614779904060446,0.5936197134946917,0.22420308539554756,0.09128518420047213,1.8180447271683302,19.916098577132818,1.2992042672016784,5910
516,1.8416934165358747,-29.79971576995869,0.13391399084853606,0.04988520330580617,-27.774223159268473,-29.79971576995869,nan,0.11239917582817827,0.02151481502035778,1.8790853971990176,-29.714375890104243,0.13348798872530881,0.048278471288237486,-27.653524032891678,-29.714375890104243,nan,51.040104064492745,0.11174033367680704,0.0,0.01699842766163095,456.77422274502027,46.0,46.0,,0.0001213965539933474,,,,,,,0.4785526138496735,,0,0.09025809336486347,1.8180447271683302,inf,-inf,-0.08588144924977248,0.051257575305049596,-0.06506235182342157,0.06206929712615484,inf,-inf,2.2477599616009143,0.2063268728464845,0.2063268728464845,0.2063268728464845,784,1.3275531538516943,1.0456011697641467,1.7309501435566257,,,-3.186222936249683,0.45856534979652097,0.19083024210242489,20.142733569819413,1.3041184083094128,0.0,0.0,0.5614779904060446,0.5936197134946917,0.22420308539554756,0.09128518420047213,1.8180447271683302,19.916098577132818,1.2992042672016784,5910
517,1.850725143635421,-29.796473590662437,0.13390676919098007,0.04945929541986854,-27.762382382416167,-29.796473590662437,nan,0.11237842564544086,0.02152834354553927,1.8790853971990176,-29.714375890104243,0.13348798872530881,0.048278471288237486,-27.653524032891678,-29.714375890104243,nan,48.59833789994292,0.11242222963836915,0.0,0.021378698566005213,432.2840603345991,46.0,46.0,,0.00012090439360012471,,,,,,,0.4785526138496735,,0,0.09025809336486347,1.8180447271683302,inf,-inf,-0.08565751738206574,0.05117149859965397,-0.06462303005555801,0.06276246543658144,inf,-inf,2.245506870553061,0.20622049060094608,0.20622049060094608,0.20622049060094608,784,1.3275531538516943,1.0456011697641467,1.7309501435566257,,,-3.186222936249683,0.45856534979652097,0.19083024210242489,20.142733569819413,1.3041184083094128,0.0,0.0,0.5614779904060446,0.5936197134946917,0.22420308539554756,0.09128518420047213,1.8180447271683302,19.916098577132818,1.2992042672016784,5910
518,1.8447399089549434,-29.79748663640885,0.1339325151568276,0.049293085488927774,-27.76952112680815,-29.79748663640885,nan,0.11236281414890012,0.02156970100792754,1.8790853971990176,-29.714375890104243,0.13348798872530881,0.048278471288237486,-27.653524032891678,-29.714375890104243,nan,41.797176425529834,0.11317255921343176,0.0,0.01633050595947404,369.3225346853266,46.0,46.0,,0.000120412648651106,,,,,,,0.4785526138496735,,0,0.09025809336486347,1.8180447271683302,inf,-inf,-0.0852307907372977,0.052019476871454993,-0.06477045901887757,0.062185137080443854,inf,-inf,2.2437270842994343,0.20615447395667663,0.20615447395667663,0.20615447395667663,784,1.3275531538516943,1.0456011697641467,1.7309501435566257,,,-3.186222936249683,0.45856534979652097,0.19083024210242489,20.142733569819413,1.3041184083094128,0.0,0.0,0.5614779904060446,0.5936197134946917,0.22420308539554756,0.09128518420047213,1.8180447271683302,19.916098577132818,1.2992042672016784,5910
519,1.845151409522913,-29.79585106505925,0.13389089668269288,0.0489430013921935,-27.76786575746145,-29.79585106505925,nan,0.11230759472933557,0.021583301953357295,1.8790853971990176,-29.714375890104243,0.13348798872530881,0.048278471288237486,-27.653524032891678,-29.714375890104243,nan,48.39009960429302,0.11357839036382854,0.0,0.015566466954251668,426.05023234863415,46.0,46.0,,0.00011992132513804842,,,,,,,0.4785526138496735,,0,0.09025809336486347,1.8180447271683302,inf,-inf,-0.08526852338715804,0.050613580678560074,-0.065052979564199,0.06283846470972422,inf,-inf,2.24217198177763,0.20593188279604407,0.20593188279604407,0.20593188279604407,784,1.3275531538516943,1.0456011697641467,1.7309501435566257,,,-3.186222936249683,0.45856534979652097,0.19083024210242489,20.142733569819413,1.3041184083094128,0.0,0.0,0.5614779904060446,0.5936197134946917,0.22420308539554756,0.09128518420047213,1.8180447271683302,19.916098577132818,1.2992042672016784,5910
520,1.8400451595718863,-29.79633210455105,0.13391202614193193,0.0503311113946185,-27.77204380744261,-29.79633210455105,nan,0.11230377013394098,0.021608256007990972,1.8634610387099122,-29.70590801818095,0.13345761474480014,0.04541368110779477,-27.663575683618443,-29.70590801818095,nan,42.40815526057288,0.11363186236322426,0.0,0.017682431472230076,373.2065494536665,46.0,46.0,,0.00011943042904757384,,,,,,,0.4802572472809952,,0,0.089681735130762,1.828599813601811,inf,-inf,-0.08582599758589597,0.050343077983583104,-0.06350560120749348,0.06195991184050957,inf,-inf,2.2387814640393042,0.2057694346669242,0.2057694346669242,0.2057694346669242,784,1.3184062282925462,1.040767030983921,1.728864099307402,,,-3.183613429634302,0.45950976937546917,0.19270958618786913,20.389879956443632,1.3094146689165613,0.0,0.0,0.5639636093798328,0.5970140290448539,0.22650978212986006,0.09072015415021226,1.828599813601811,20.156489268901144,1.304414891666516,5910
521,1.8393930650591925,-29.799300865382076,0.13390461619329305,0.049030906772503366,-27.77697227735709,-29.799300865382076,nan,0.11227744406235585,0.021627172130937226,1.8634610387099122,-29.70590801818095,0.13345761474480014,0.04541368110779477,-27.663575683618443,-29.70590801818095,nan,43.580879505168504,0.11277298482686889,0.0,0.01608480707129561,386.44786756397957,46.0,46.0,,0.0001189399663610963,,,,,,,0.4802572472809952,,0,0.089681735130762,1.828599813601811,inf,-inf,-0.08550636420308237,0.05125121542398835,-0.06339868246991942,0.0622735947664656,inf,-inf,2.237370251950881,0.20563787017232277,0.20563787017232277,0.20563787017232277,784,1.3184062282925462,1.040767030983921,1.728864099307402,,,-3.183613429634302,0.45950976937546917,0.19270958618786913,20.389879956443632,1.3094146689165613,0.0,0.0,0.5639636093798328,0.5970140290448539,0.22650978212986006,0.09072015415021226,1.828599813601811,20.156489268901144,1.304414891666516,5910
522,1.845946204627285,-29.799311005676977,0.13388878630318235,0.049801002250521934,-27.769675012495988,-29.799311005676977,nan,0.1122397025888163,0.02164908371436604,1.8634610387099122,-29.70590801818095,0.13345761474480014,0.04541368110779477,-27.663575683618443,-29.70590801818095,nan,48.67171986061273,0.11397238535993914,0.0,0.01942517853066993,427.04835655497874,46.0,46.0,,0.00011844994305474876,,,,,,,0.4802572472809952,,0,0.089681735130762,1.828599813601811,inf,-inf,-0.08561859286330144,0.05135575855771214,-0.06407152205654797,0.06263337930994269,inf,-inf,2.2350071747179627,0.20559410968308275,0.20559410968308275,0.20559410968308275,784,1.3184062282925462,1.040767030983921,1.728864099307402,,,-3.183613429634302,0.45950976937546917,0.19270958618786913,20.389879956443632,1.3094146689165613,0.0,0.0,0.5639636093798328,0.5970140290448539,0.22650978212986006,0.09072015415021226,1.828599813601811,20.156489268901144,1.304414891666516,5910
523,1.843441362225581,-29.796695345978492,0.13385623457902665,0.0496190581096947,-27.76977869106419,-29.796695345978492,nan,0.11218473862728419,0.021671495951742427,1.8634610387099122,-29.70590801818095,0.13345761474480014,0.04541368110779477,-27.663575683618443,-29.70590801818095,nan,45.709098468451145,0.1132217519311648,0.0,0.02288924749748275,403.7130470851645,46.0,46.0,,0.00011796036509931057,,,,,,,0.4802572472809952,,0,0.089681735130762,1.828599813601811,inf,-inf,-0.0858406320550335,0.05141948470985205,-0.06453270403187093,0.062468982718987986,inf,-inf,2.233089958050259,0.20543158509287085,0.20543158509287085,0.20543158509287085,784,1.3184062282925462,1.040767030983921,1.728864099307402,,,-3.183613429634302,0.45950976937546917,0.19270958618786913,20.389879956443632,1.3094146689165613,0.0,0.0,0.5639636093798328,0.5970140290448539,0.22650978212986006,0.09072015415021226,1.828599813601811,20.156489268901144,1.304414891666516,5910
524,1.8450236684123202,-29.79986877665537,0.1338280457127194,0.04998868733268067,-27.77102837519765,-29.79986877665537,nan,0.11213961359314789,0.021688432119571503,1.8634610387099122,-29.70590801818095,0.13345761474480014,0.04541368110779477,-27.663575683618443,-29.70590801818095,nan,40.30274918454999,0.11216706770105074,0.0,0.015890541839926716,359.310000792438,46.0,46.0,,0.00011747123846013471,,,,,,,0.4802572472809952,,0,0.089681735130762,1.828599813601811,inf,-inf,-0.08591297334469043,0.05250752016075517,-0.06582742732217721,0.06237459851116026,inf,-inf,2.2306490816745947,0.20531909451092237,0.20531909451092237,0.20531909451092237,784,1.3184062282925462,1.040767030983921,1.728864099307402,,,-3.183613429634302,0.45950976937546917,0.19270958618786913,20.389879956443632,1.3094146689165613,0.0,0.0,0.5639636093798328,0.5970140290448539,0.22650978212986006,0.09072015415021226,1.828599813601811,20.156489268901144,1.304414891666516,5910
525,1.8336138044075174,-29.798819237227768,0.1338557546398556,0.049323863462979296,-27.782025814717414,-29.798819237227768,nan,0.11212757697179933,0.021728177668056278,1.8722149982459153,-29.71466789992605,0.133369880775716,0.04562066147478584,-27.66346235942963,-29.71466789992605,nan,48.18746352481667,0.11341646813590957,0.0,0.01497825611125079,424.87184019054905,46.0,46.0,,0.00011698256909707482,,,,,,,0.48245624105140517,,0,0.08917806409679953,1.8412589716721965,inf,-inf,-0.0868494627055127,0.05073131262519802,-0.06509009468998092,0.06221941183463597,inf,-inf,2.229543020111355,0.20514758214311934,0.20514758214311934,0.20514758214311934,784,1.309562507457571,1.0360771952576124,1.7266008143304814,,,-3.179987398178965,0.461085965538306,0.19479072000543401,20.64699419437472,1.3148568356624901,0.0,0.0,0.5669777698907091,0.600475689288698,0.22904260143270921,0.09022650345530671,1.8412589716721965,20.407074431120517,1.309780748494101,5910
526,1.8392189507108607,-29.799785265377228,0.13384195108339164,0.049800049568191965,-27.776924314014785,-29.799785265377228,nan,0.11209852271630005,0.021743428367091543,1.8722149982459153,-29.71466789992605,0.133369880775716,0.04562066147478584,-27.66346235942963,-29.71466789992605,nan,46.11078473400734,0.10939689822867868,0.0,0.01534861033738419,421.49992806577836,46.0,46.0,,0.00011649436296441296,,,,,,,0.48245624105140517,,0,0.08917806409679953,1.8412589716721965,inf,-inf,-0.08559895731429028,0.051290277476364304,-0.06575825793700071,0.062193174038689375,inf,-inf,2.2274293061870365,0.20500465475376253,0.20500465475376253,0.20500465475376253,784,1.309562507457571,1.0360771952576124,1.7266008143304814,,,-3.179987398178965,0.461085965538306,0.19479072000543401,20.64699419437472,1.3148568356624901,0.0,0.0,0.5669777698907091,0.600475689288698,0.22904260143270921,0.09022650345530671,1.8412589716721965,20.407074431120517,1.309780748494101,5910
527,1.8342499407604247,-29.79948527927629,0.13380727690068825,0.050479232933303246,-27.780948828681872,-29.79948527927629,nan,0.11203340988068636,0.021773867020001947,1.8722149982459153,-29.71466789992605,0.133369880775716,0.04562066147478584,-27.66346235942963,-29.71466789992605,nan,40.1495545786689,0.11307228369523105,0.0,0.019222012329536416,355.0786564715174,46.0,46.0,,0.00011600662601078665,,,,,,,0.48245624105140517,,0,0.08917806409679953,1.8412589716721965,inf,-inf,-0.08467638417087012,0.0508584582443889,-0.06481081804200554,0.062471548419116084,inf,-inf,2.2256048288001145,0.20495626923509513,0.20495626923509513,0.20495626923509513,784,1.309562507457571,1.0360771952576124,1.7266008143304814,,,-3.179987398178965,0.461085965538306,0.19479072000543401,20.64699419437472,1.3148568356624901,0.0,0.0,0.5669777698907091,0.600475689288698,0.22904260143270921,0.09022650345530671,1.8412589716721965,20.407074431120517,1.309780748494101,5910
528,1.8294444952222215,-29.79783640475652,0.13379548445808756,0.04885866370997748,-27.78573776136623,-29.79783640475652,nan,0.11200532996252442,0.02179015449556318,1.8722149982459153,-29.71466789992605,0.133369880775716,0.04562066147478584,-27.66346235942963,-29.71466789992605,nan,45.05847485255789,0.1163350278583376,0.0,0.020473250808596685,387.31649170554266,46.0,46.0,,0.00011551936417911693,,,,,,,0.48245624105140517,,0,0.08917806409679953,1.8412589716721965,inf,-inf,-0.08721049465939305,0.05102630384677021,-0.0638544148232739,0.0628750467327585,inf,-inf,2.2235585464271113,0.2048342311491272,0.2048342311491272,0.2048342311491272,784,1.309562507457571,1.0360771952576124,1.7266008143304814,,,-3.179987398178965,0.461085965538306,0.19479072000543401,20.64699419437472,1.3148568356624901,0.0,0.0,0.5669777698907091,0.600475689288698,0.22904260143270921,0.09022650345530671,1.8412589716721965,20.407074431120517,1.309780748494101,5910
529,1.8312314218785763,-29.798372623754783,0.13374693835476228,0.04950861458614596,-27.7838856489353,-29.798372623754783,nan,0.11193104653043197,0.021815891824330323,1.8722149982459153,-29.71466789992605,0.133369880775716,0.04562066147478584,-27.66346235942963,-29.71466789992605,nan,44.51497697600269,0.11805241303901524,0.0,0.01816836368109079,377.07807769495486,46.0,46.0,,0.00011503258340653534,,,,,,,0.48245624105140517,,0,0.08917806409679953,1.8412589716721965,inf,-inf,-0.08681488076280076,0.050721258486670084,-0.06457540052777581,0.06223826174521859,inf,-inf,2.221653706720391,0.20469113256484048,0.20469113256484048,0.20469113256484048,784,1.309562507457571,1.0360771952576124,1.7266008143304814,,,-3.179987398178965,0.461085965538306,0.19479072000543401,20.64699419437472,1.3148568356624901,0.0,0.0,0.5669777698907091,0.600475689288698,0.22904260143270921,0.09022650345530671,1.8412589716721965,20.407074431120517,1.309780748494101,5910
530,1.8340037157656184,-29.799600693965782,0.1337541571563944,0.050075013534474626,-27.781767807509294,-29.799600693965782,nan,0.1119096427978208,0.021844514358573583,1.8461700614025434,-29.713380285361055,0.13328664645570848,0.043730188609758754,-27.690193388893046,-29.713380285361055,nan,45.79509713735822,0.11401984413011687,0.0,0.019620994677956465,401.641464139329,46.0,46.0,,0.00011454628962431198,,,,,,,0.48466595091843884,,0,0.08875731789854988,1.8520696998381685,inf,-inf,-0.08616402803895362,0.05116402286903639,-0.06531843432781752,0.062319261070305,inf,-inf,2.220439000077694,0.20454692403307717,0.20454692403307717,0.20454692403307717,784,1.300949005243933,1.0314918958861934,1.7235144338703507,,,-3.176325682683102,0.46251888704814914,0.19684292331451086,20.866670418715163,1.3194531565815248,0.0,0.0,0.5700194412628257,0.6039486904562328,0.23152078129866885,0.08982555484053517,1.8520696998381685,20.61851666962811,1.3142574182041764,5910
531,1.8241723836109018,-29.79883841560568,0.13377198710584143,0.04915401545497675,-27.79174002943396,-29.79883841560568,nan,0.11190528082857633,0.02186670627726513,1.8461700614025434,-29.713380285361055,0.13328664645570848,0.043730188609758754,-27.690193388893046,-29.713380285361055,nan,44.887531808365246,0.11118263089687459,0.0,0.014618503383803142,403.7279154690974,46.0,46.0,,0.00011406048875778315,,,,,,,0.48466595091843884,,0,0.08875731789854988,1.8520696998381685,inf,-inf,-0.08668192300846526,0.05130061054552198,-0.06489622721897988,0.062794259408621,inf,-inf,2.2179649065277713,0.2044503650954546,0.2044503650954546,0.2044503650954546,784,1.300949005243933,1.0314918958861934,1.7235144338703507,,,-3.176325682683102,0.46251888704814914,0.19684292331451086,20.866670418715163,1.3194531565815248,0.0,0.0,0.5700194412628257,0.6039486904562328,0.23152078129866885,0.08982555484053517,1.8520696998381685,20.61851666962811,1.3142574182041764,5910
532,1.822478486267543,-29.7973182604645,0.13376509751551433,0.04926591290549082,-27.791808763775954,-29.7973182604645,nan,0.1118756598433007,0.021889437672213664,1.8461700614025434,-29.713380285361055,0.13328664645570848,0.043730188609758754,-27.690193388893046,-29.713380285361055,nan,38.962964769634226,0.11600459686413248,0.0,0.018058334401637628,335.8743172502779,46.0,46.0,,0.00011357518672627906,,,,,,,0.48466595091843884,,0,0.08875731789854988,1.8520696998381685,inf,-inf,-0.08696358988535392,0.050277491973051286,-0.06347355160207994,0.06193481850798501,inf,-inf,2.215979832081811,0.20437523805257002,0.20437523805257002,0.20437523805257002,784,1.300949005243933,1.0314918958861934,1.7235144338703507,,,-3.176325682683102,0.46251888704814914,0.19684292331451086,20.866670418715163,1.3194531565815248,0.0,0.0,0.5700194412628257,0.6039486904562328,0.23152078129866885,0.08982555484053517,1.8520696998381685,20.61851666962811,1.3142574182041764,5910
533,1.8212668616637777,-29.80063820949381,0.13375821818737266,0.04926433742940484,-27.79634879221325,-29.80063820949381,nan,0.1118435598487243,0.021914658338648335,1.8461700614025434,-29.713380285361055,0.13328664645570848,0.043730188609758754,-27.690193388893046,-29.713380285361055,nan,43.6387493616141,0.118644766480173,0.0,0.02086613152958177,367.81015004911046,46.0,46.0,,0.00011309038944305184,,,,,,,0.48466595091843884,,0,0.08875731789854988,1.8520696998381685,inf,-inf,-0.08452869774075132,0.0512158030096561,-0.06469067620150219,0.062205996277130304,inf,-inf,2.214099409791448,0.20421807683270324,0.20421807683270324,0.20421807683270324,784,1.300949005243933,1.0314918958861934,1.7235144338703507,,,-3.176325682683102,0.46251888704814914,0.19684292331451086,20.866670418715163,1.3194531565815248,0.0,0.0,0.5700194412628257,0.6039486904562328,0.23152078129866885,0.08982555484053517,1.8520696998381685,20.61851666962811,1.3142574182041764,5910
534,1.8227157589485474,-29.80061400044774,0.1337410359224315,0.049289350897235976,-27.794867854679527,-29.80061400044774,nan,0.11180477172471834,0.021936264197713204,1.8461700614025434,-29.713380285361055,0.13328664645570848,0.043730188609758754,-27.690193388893046,-29.713380285361055,nan,47.63083253821752,0.115684787300082,0.0,0.017850222904983597,411.7294386742911,46.0,46.0,,0.00011260610281520339,,,,,,,0.48466595091843884,,0,0.08875731789854988,1.8520696998381685,inf,-inf,-0.08730010387564752,0.050482864915336795,-0.06416095366839603,0.06250325958433918,inf,-inf,2.2126566464406774,0.20410006997111596,0.20410006997111596,0.20410006997111596,784,1.300949005243933,1.0314918958861934,1.7235144338703507,,,-3.176325682683102,0.46251888704814914,0.19684292331451086,20.866670418715163,1.3194531565815248,0.0,0.0,0.5700194412628257,0.6039486904562328,0.23152078129866885,0.08982555484053517,1.8520696998381685,20.61851666962811,1.3142574182041764,5910
535,1.8222358523847402,-29.800474954628616,0.1337423972369258,0.04925390336067951,-27.79524280164627,-29.800474954628616,nan,0.11178952968379044,0.0219528675531353,1.8538720658812005,-29.713719246148585,0.13323243952016411,0.045201065857383524,-27.681413674889836,-29.713719246148585,nan,43.692495957805434,0.11502033033914147,0.0,0.014844935897121757,379.86759235499136,46.0,46.0,,0.00011212233274361347,,,,,,,0.4865704067528167,,0,0.0882439695658782,1.8623745715161582,inf,-inf,-0.0866831483792572,0.05115552924029512,-0.06484795624071447,0.06227739807811737,inf,-inf,2.210367579134049,0.20396974118228103,0.20396974118228103,0.20396974118228103,784,1.2923745194370957,1.0269473853758855,1.7214453416911,,,-3.173265271618769,0.463950054760984,0.19875854830232126,21.104836746105462,1.324381997071343,0.0,0.0,0.5727100414473905,0.6068804037990284,0.2338624023952416,0.08933217031691254,1.8623745715161582,20.847747960328796,1.3190591479799791,5910
536,1.8228844290134325,-29.798975909177738,0.13372072402590549,0.04911557994453526,-27.793255176193867,-29.798975909177738,nan,0.11174054034705953,0.02198018367884595,1.8538720658812005,-29.713719246148585,0.13323243952016411,0.045201065857383524,-27.681413674889836,-29.713719246148585,nan,41.36511545877174,0.11309282369142111,0.0,0.018809349896677593,365.7625135582283,46.0,46.0,,0.00011163908512286766,,,,,,,0.4865704067528167,,0,0.0882439695658782,1.8623745715161582,inf,-inf,-0.08553182359901668,0.05056634779463054,-0.0640895194514299,0.06233116522069165,inf,-inf,2.2077336292051246,0.20386129354454002,0.20386129354454002,0.20386129354454002,784,1.2923745194370957,1.0269473853758855,1.7214453416911,,,-3.173265271618769,0.463950054760984,0.19875854830232126,21.104836746105462,1.324381997071343,0.0,0.0,0.5727100414473905,0.6068804037990284,0.2338624023952416,0.08933217031691254,1.8623745715161582,20.847747960328796,1.3190591479799791,5910
537,1.8203697383190436,-29.79947594574571,0.13374465769783286,0.049687360273081335,-27.79567418945575,-29.79947594574571,nan,0.11172892417064487,0.022015733527187952,1.8538720658812005,-29.713719246148585,0.13323243952016411,0.045201065857383524,-27.681413674889836,-29.713719246148585,nan,44.16088490253933,0.1154722062878035,0.0,0.01972745523395889,382.4373528680358,46.0,46.0,,0.00011115636584118579,,,,,,,0.4865704067528167,,0,0.0882439695658782,1.8623745715161582,inf,-inf,-0.0867733187561663,0.05081988408023264,-0.06432116745162629,0.06236895853376989,inf,-inf,2.2071036413313903,0.2037692863220567,0.2037692863220567,0.2037692863220567,784,1.2923745194370957,1.0269473853758855,1.7214453416911,,,-3.173265271618769,0.463950054760984,0.19875854830232126,21.104836746105462,1.324381997071343,0.0,0.0,0.5727100414473905,0.6068804037990284,0.2338624023952416,0.08933217031691254,1.8623745715161582,20.847747960328796,1.3190591479799791,5910
538,1.8300837122575748,-29.799831275449392,0.13371984679566085,0.0495515331747274,-27.786476183221428,-29.799831275449392,nan,0.11169086381948887,0.022028982976171986,1.8538720658812005,-29.713719246148585,0.13323243952016411,0.045201065857383524,-27.681413674889836,-29.713719246148585,nan,42.36649792862615,0.11147852962688547,0.0,0.020704095851852858,380.0417719037492,46.0,46.0,,0.00011067418078034991,,,,,,,0.4865704067528167,,0,0.0882439695658782,1.8623745715161582,inf,-inf,-0.08659724104688872,0.05169651232108454,-0.06286715878427114,0.062123581463151625,inf,-inf,2.205025685015112,0.20367365527218928,0.20367365527218928,0.20367365527218928,784,1.2923745194370957,1.0269473853758855,1.7214453416911,,,-3.173265271618769,0.463950054760984,0.19875854830232126,21.104836746105462,1.324381997071343,0.0,0.0,0.5727100414473905,0.6068804037990284,0.2338624023952416,0.08933217031691254,1.8623745715161582,20.847747960328796,1.3190591479799791,5910
539,1.8228946678964595,-29.80106074322274,0.13372084342156212,0.04957311727190832,-27.794872114632813,-29.80106074322274,nan,0.11165724511951343,0.022063598302048713,1.8538720658812005,-29.713719246148585,0.13323243952016411,0.045201065857383524,-27.681413674889836,-29.713719246148585,nan,42.15149346658746,0.11071755524667397,0.0,0.018442678069590383,380.711923892067,46.0,46.0,,0.00011019253581563285,,,,,,,0.4865704067528167,,0,0.0882439695658782,1.8623745715161582,inf,-inf,-0.087550675249999,0.05113596976929714,-0.06428907279394452,0.06208866184175998,inf,-inf,2.203390264848547,0.20356231726796706,0.20356231726796706,0.20356231726796706,784,1.2923745194370957,1.0269473853758855,1.7214453416911,,,-3.173265271618769,0.463950054760984,0.19875854830232126,21.104836746105462,1.324381997071343,0.0,0.0,0.5727100414473905,0.6068804037990284,0.2338624023952416,0.08933217031691254,1.8623745715161582,20.847747960328796,1.3190591479799791,5910
540,1.8192529344933166,-29.79934239738293,0.1337072741358572,0.049316698685530895,-27.797065490068224,-29.79934239738293,nan,0.11163059479491158,0.022076679340945666,1.8561952376175936,-29.729112989646538,0.13319590175950996,0.05481478058479035,-27.68490706968464,-29.729112989646538,nan,37.50475903773894,0.1153383661282296,0.0,0.017950796199423077,325.17158250744006,46.0,46.0,,0.0001097114368157265,,,,,,,0.48842920575031273,,0,0.08776621200626025,1.8727062845280706,inf,-inf,-0.0872192280406833,0.05186786826163367,-0.06409165714549873,0.0623697335388528,inf,-inf,2.2020052888623436,0.2033960547897622,0.2033960547897622,0.2033960547897622,784,1.2843173970199515,1.0226087233903358,1.7183544880320503,,,-3.170314504915224,0.4649855047239976,0.20065931266324735,21.337440020705152,1.3291423133277864,0.0,0.0,0.5753464551670574,0.6098170057595687,0.23617884245629533,0.08885178598700502,1.8727062845280706,21.07674329474888,1.3238035060478228,5910
541,1.8184896698068387,-29.801860774787603,0.13368514550357152,0.05079672208991203,-27.798889237387282,-29.801860774787603,nan,0.11159423402111596,0.02209091148245557,1.8561952376175936,-29.729112989646538,0.13319590175950996,0.05481478058479035,-27.68490706968464,-29.729112989646538,nan,46.7676300427074,0.1137521069306096,0.0,0.01481498563048534,411.136385115366,46.0,46.0,,0.0001092308896426704,,,,,,,0.48842920575031273,,0,0.08776621200626025,1.8727062845280706,inf,-inf,-0.08685190316272279,0.0515051333670343,-0.06263572256067226,0.0621138631463463,inf,-inf,2.1993280030599807,0.20333394051438292,0.20333394051438292,0.20333394051438292,784,1.2843173970199515,1.0226087233903358,1.7183544880320503,,,-3.170314504915224,0.4649855047239976,0.20065931266324735,21.337440020705152,1.3291423133277864,0.0,0.0,0.5753464551670574,0.6098170057595687,0.23617884245629533,0.08885178598700502,1.8727062845280706,21.07674329474888,1.3238035060478228,5910
542,1.8114509467792572,-29.799830856607258,0.13369238561004138,0.04909721897696406,-27.805590305240997,-29.799830856607258,nan,0.11156060651878269,0.022131779091258675,1.8561952376175936,-29.729112989646538,0.13319590175950996,0.05481478058479035,-27.68490706968464,-29.729112989646538,nan,43.50087743354497,0.11370600474593888,0.0,0.015492718297717286,382.57326454079504,46.0,46.0,,0.00010875090015178006,,,,,,,0.48842920575031273,,0,0.08776621200626025,1.8727062845280706,inf,-inf,-0.0869637299251685,0.05158017354798271,-0.06390078632606659,0.06209168115042061,inf,-inf,2.1974975698503103,0.20325772004285403,0.20325772004285403,0.20325772004285403,784,1.2843173970199515,1.0226087233903358,1.7183544880320503,,,-3.170314504915224,0.4649855047239976,0.20065931266324735,21.337440020705152,1.3291423133277864,0.0,0.0,0.5753464551670574,0.6098170057595687,0.23617884245629533,0.08885178598700502,1.8727062845280706,21.07674329474888,1.3238035060478228,5910
543,1.8123984144310337,-29.800047855049733,0.13369449878577847,0.04885694553140365,-27.805097996301516,-29.800047855049733,nan,0.11154891800219058,0.02214558078358788,1.8561952376175936,-29.729112989646538,0.13319590175950996,0.05481478058479035,-27.68490706968464,-29.729112989646538,nan,45.49441586494711,0.11430846987909984,0.0,0.017938288652658906,397.9968930829447,46.0,46.0,,0.00010827147419157611,,,,,,,0.48842920575031273,,0,0.08776621200626025,1.8727062845280706,inf,-inf,-0.08659400634266283,0.05127291588839084,-0.06518786471022271,0.06210338123942362,inf,-inf,2.1966468428295265,0.20307207742943484,0.20307207742943484,0.20307207742943484,784,1.2843173970199515,1.0226087233903358,1.7183544880320503,,,-3.170314504915224,0.4649855047239976,0.20065931266324735,21.337440020705152,1.3291423133277864,0.0,0.0,0.5753464551670574,0.6098170057595687,0.23617884245629533,0.08885178598700502,1.8727062845280706,21.07674329474888,1.3238035060478228,5910
544,1.809550478970932,-29.802161415810346,0.13364887345462764,0.04899973095105008,-27.809962332433734,-29.802161415810346,nan,0.11148496027863672,0.022163913175990868,1.8561952376175936,-29.729112989646538,0.13319590175950996,0.05481478058479035,-27.68490706968464,-29.729112989646538,nan,39.14433946404164,0.11429138816986638,0.0,0.021159806686964943,342.49596658904073,46.0,46.0,,0.00010779261760371248,,,,,,,0.48842920575031273,,0,0.08776621200626025,1.8727062845280706,inf,-inf,-0.0870651131542436,0.051124793015382336,-0.06487590291821237,0.06249911660854719,inf,-inf,2.19389276939324,0.20303039110838395,0.20303039110838395,0.20303039110838395,784,1.2843173970199515,1.0226087233903358,1.7183544880320503,,,-3.170314504915224,0.4649855047239976,0.20065931266324735,21.337440020705152,1.3291423133277864,0.0,0.0,0.5753464551670574,0.6098170057595687,0.23617884245629533,0.08885178598700502,1.8727062845280706,21.07674329474888,1.3238035060478228,5910
545,1.8146076349473497,-29.80045465196663,0.13366421706360937,0.04883371881257941,-27.803349081143086,-29.80045465196663,nan,0.1114570615235842,0.022207155540025125,1.843229616709714,-29.714742074528985,0.13317007457960517,0.047621687676598606,-27.690720695563066,-29.714742074528985,nan,43.244199200131625,0.10944471870602385,0.0,0.01939721348843306,395.1236725847737,46.0,46.0,,0.00010731433622290563,,,,,,,0.49026639114693243,,0,0.0873226386978582,1.8814034661407961,inf,-inf,-0.08753461377085452,0.05200676224239047,-0.06532829123337133,0.06246133895247973,inf,-inf,2.1929170395600965,0.20299041767703366,0.20299041767703366,0.20299041767703366,784,1.2764354591933817,1.0183391060774545,1.7168625620870248,,,-3.1673726371328668,0.46620934059963415,0.20249176020175627,21.545426182671484,1.3333550891392583,0.0,0.0,0.5779556358498458,0.6127864350154547,0.23841584280351474,0.08844210301790709,1.8814034661407961,21.272712904168095,1.3278228789097435,5910
546,1.8163612937505074,-29.80226240673033,0.1336871245470608,0.048724547004581724,-27.803489441428177,-29.80226240673033,nan,0.11146570842114134,0.02222141612591945,1.843229616709714,-29.714742074528985,0.13317007457960517,0.047621687676598606,-27.690720695563066,-29.714742074528985,nan,41.048199272085974,0.11220757858371429,0.0,0.016657369867657784,365.8237686811974,46.0,46.0,,0.00010683663587686324,,,,,,,0.49026639114693243,,0,0.0873226386978582,1.8814034661407961,inf,-inf,-0.08603480851698836,0.05180011882367816,-0.06414476510312812,0.06203205212139077,inf,-inf,2.1914858822469543,0.20279562056729764,0.20279562056729764,0.20279562056729764,784,1.2764354591933817,1.0183391060774545,1.7168625620870248,,,-3.1673726371328668,0.46620934059963415,0.20249176020175627,21.545426182671484,1.3333550891392583,0.0,0.0,0.5779556358498458,0.6127864350154547,0.23841584280351474,0.08844210301790709,1.8814034661407961,21.272712904168095,1.3278228789097435,5910
547,1.8122406702057123,-29.800764900981715,0.1336641352696115,0.049086734119658845,-27.80577336138673,-29.800764900981715,nan,0.11143471013563448,0.022229425133976993,1.843229616709714,-29.714742074528985,0.13317007457960517,0.047621687676598606,-27.690720695563066,-29.714742074528985,nan,40.156272233852434,0.11355494944964577,0.0,0.0176580259122439,353.6285510096513,46.0,46.0,,0.00010635952238621324,,,,,,,0.49026639114693243,,0,0.0873226386978582,1.8814034661407961,inf,-inf,-0.08724758579857254,0.05074416833750677,-0.06540534108266274,0.06227127895437007,inf,-inf,2.1901348204061684,0.20268422874703407,0.20268422874703407,0.20268422874703407,784,1.2764354591933817,1.0183391060774545,1.7168625620870248,,,-3.1673726371328668,0.46620934059963415,0.20249176020175627,21.545426182671484,1.3333550891392583,0.0,0.0,0.5779556358498458,0.6127864350154547,0.23841584280351474,0.08844210301790709,1.8814034661407961,21.272712904168095,1.3278228789097435,5910
548,1.8023315694709747,-29.802114402430767,0.13364673451582315,0.05020394067812803,-27.81593215776584,-29.802114402430767,nan,0.11138679660079534,0.022259937915027804,1.843229616709714,-29.714742074528985,0.13317007457960517,0.047621687676598606,-27.690720695563066,-29.714742074528985,nan,44.63396608370534,0.11307600225459306,0.0,0.019408836852913544,394.7253634171732,46.0,46.0,,0.00010588300156443295,,,,,,,0.49026639114693243,,0,0.0873226386978582,1.8814034661407961,inf,-inf,-0.08619362483780048,0.05172879956180904,-0.06384586871661282,0.06229924632670412,inf,-inf,2.1883658333847045,0.2025217332692544,0.2025217332692544,0.2025217332692544,784,1.2764354591933817,1.0183391060774545,1.7168625620870248,,,-3.1673726371328668,0.46620934059963415,0.20249176020175627,21.545426182671484,1.3333550891392583,0.0,0.0,0.5779556358498458,0.6127864350154547,0.23841584280351474,0.08844210301790709,1.8814034661407961,21.272712904168095,1.3278228789097435,5910
549,1.7985469236810185,-29.802482184831522,0.13363535681855798,0.04927277006457239,-27.82102713426737,-29.802482184831522,nan,0.11135886072019312,0.022276496098364896,1.843229616709714,-29.714742074528985,0.13317007457960517,0.047621687676598606,-27.690720695563066,-29.714742074528985,nan,40.74450886220943,0.11468846603354349,0.0,0.017017932841542727,355.2624799279527,46.0,46.0,,0.00010540707921777824,,,,,,,0.49026639114693243,,0,0.0873226386978582,1.8814034661407961,inf,-inf,-0.08756233072367485,0.05164584428465222,-0.06526342340509964,0.06244090046200277,inf,-inf,2.1870651860614654,0.2023681298969347,0.2023681298969347,0.2023681298969347,784,1.2764354591933817,1.0183391060774545,1.7168625620870248,,,-3.1673726371328668,0.46620934059963415,0.20249176020175627,21.545426182671484,1.3333550891392583,0.0,0.0,0.5779556358498458,0.6127864350154547,0.23841584280351474,0.08844210301790709,1.8814034661407961,21.272712904168095,1.3278228789097435,5910
550,1.8135055414972838,-29.801759267047068,0.13362642535968242,0.04977214176716272,-27.804855158422935,-29.801759267047068,nan,0.11132321229199998,0.02230321306768243,1.8291704294737716,-29.719969269702986,0.13310904368523233,0.04973117205111992,-27.707958624492864,-29.719969269702986,nan,45.91806179318074,0.1168308556356662,0.0,0.018269647012163347,393.0302619401757,46.0,46.0,,0.00010493176114521271,,,,,,,0.4921305271248868,,0,0.08684449293972332,1.8912401774492078,inf,-inf,-0.08774497614591559,0.05179918671065882,-0.06404020557854236,0.06212655910329392,inf,-inf,2.1853113448813337,0.20235609086981424,0.20235609086981424,0.20235609086981424,784,1.2688881853102079,1.0142515978877595,1.7139655530287092,,,-3.1643850880441664,0.4676392735097623,0.2043385918435731,21.777318439315113,1.3380044016499495,0.0,0.0,0.5805964632130408,0.6153464525546197,0.24066135712352438,0.08802025125944224,1.8912401774492078,21.48642102684668,1.3321640814879212,5910
551,1.8030828158823964,-29.80272892938861,0.13359868529536484,0.049050294943062796,-27.816997133267787,-29.80272892938861,nan,0.1112757358916609,0.02232294940370394,1.8291704294737716,-29.719969269702986,0.13310904368523233,0.04973117205111992,-27.707958624492864,-29.719969269702986,nan,42.71615041873469,0.11187716025312758,0.0,0.020873866556372394,381.81296631133023,46.0,46.0,,0.000104457053138337,,,,,,,0.4921305271248868,,0,0.08684449293972332,1.8912401774492078,inf,-inf,-0.08791441202270901,0.05121835989448202,-0.06286699099656287,0.06229453842018768,inf,-inf,2.1833029153012347,0.20228813137820575,0.20228813137820575,0.20228813137820575,784,1.2688881853102079,1.0142515978877595,1.7139655530287092,,,-3.1643850880441664,0.4676392735097623,0.2043385918435731,21.777318439315113,1.3380044016499495,0.0,0.0,0.5805964632130408,0.6153464525546197,0.24066135712352438,0.08802025125944224,1.8912401774492078,21.48642102684668,1.3321640814879212,5910
552,1.7966362403531149,-29.799715927930354,0.1335762120718252,0.048553821621415326,-27.820949653883996,-29.799715927930354,nan,0.11122354410370215,0.02235266796812305,1.8291704294737716,-29.719969269702986,0.13310904368523233,0.04973117205111992,-27.707958624492864,-29.719969269702986,nan,43.943154732290516,0.11250317765949497,0.0,0.018326503288618633,390.5947871560571,46.0,46.0,,0.00010398296098131848,,,,,,,0.4921305271248868,,0,0.08684449293972332,1.8912401774492078,inf,-inf,-0.086215256195899,0.05103484290389998,-0.06444519192579622,0.06258331654115165,inf,-inf,2.181780237972516,0.2021478756025738,0.2021478756025738,0.2021478756025738,784,1.2688881853102079,1.0142515978877595,1.7139655530287092,,,-3.1643850880441664,0.4676392735097623,0.2043385918435731,21.777318439315113,1.3380044016499495,0.0,0.0,0.5805964632130408,0.6153464525546197,0.24066135712352438,0.08802025125944224,1.8912401774492078,21.48642102684668,1.3321640814879212,5910
553,1.8030627067257676,-29.803177172993504,0.13357457742693563,0.04956851706009468,-27.816971371780706,-29.803177172993504,nan,0.11120096163021549,0.02237361579672009,1.8291704294737716,-29.719969269702986,0.13310904368523233,0.04973117205111992,-27.707958624492864,-29.719969269702986,nan,44.71089600476545,0.11218941591985547,0.0,0.01955630035621317,398.5304285451088,46.0,46.0,,0.00010350949045082032,,,,,,,0.4921305271248868,,0,0.08684449293972332,1.8912401774492078,inf,-inf,-0.08739306060864918,0.05160729131324871,-0.06482745933488392,0.0619930936312425,inf,-inf,2.1810398014149452,0.20204760193912838,0.20204760193912838,0.20204760193912838,784,1.2688881853102079,1.0142515978877595,1.7139655530287092,,,-3.1643850880441664,0.4676392735097623,0.2043385918435731,21.777318439315113,1.3380044016499495,0.0,0.0,0.5805964632130408,0.6153464525546197,0.24066135712352438,0.08802025125944224,1.8912401774492078,21.48642102684668,1.3321640814879212,5910
554,1.8016352802744755,-29.802296892470196,0.133551557584591,0.049470467292813625,-27.817639587318315,-29.802296892470196,nan,0.11116557356501126,0.02238598401957972,1.8291704294737716,-29.719969269702986,0.13310904368523233,0.04973117205111992,-27.707958624492864,-29.719969269702986,nan,42.507725696407306,0.11310971225694673,0.0,0.01946274498583157,375.80968820647547,46.0,46.0,,0.00010303664731593167,,,,,,,0.4921305271248868,,0,0.08684449293972332,1.8912401774492078,inf,-inf,-0.08813101763682973,0.051940630467270175,-0.06448041792105191,0.06223962417328607,inf,-inf,2.1781766125581044,0.20196573291334755,0.20196573291334755,0.20196573291334755,784,1.2688881853102079,1.0142515978877595,1.7139655530287092,,,-3.1643850880441664,0.4676392735097623,0.2043385918435731,21.777318439315113,1.3380044016499495,0.0,0.0,0.5805964632130408,0.6153464525546197,0.24066135712352438,0.08802025125944224,1.8912401774492078,21.48642102684668,1.3321640814879212,5910
555,1.80039068135549,-29.802594746003376,0.13356436191127574,0.04964488584858337,-27.818994816888026,-29.802594746003376,nan,0.1111405116100551,0.022423850301220564,1.824357407122657,-29.7180996170331,0.13302466142963715,0.04545194617122824,-27.71526560230958,-29.7180996170331,nan,42.36240078189012,0.1117731431393321,0.0,0.01820378580482535,379.00339555704164,46.0,46.0,,0.00010256443733809681,,,,,,,0.4943464632250334,,0,0.08647634676040852,1.902760746290178,inf,-inf,-0.08740774563148396,0.051840069997524565,-0.06296701422137685,0.06192944001084926,inf,-inf,2.177054755791052,0.20189304751903586,0.20189304751903586,0.20189304751903586,784,1.26150787557749,1.0102523497174118,1.7116931897689756,,,-3.160697312501447,0.4692825322150054,0.20631876429602156,22.003250802927298,1.3424868490711375,0.0,0.0,0.5836067900149411,0.618247605251006,0.24303336590235766,0.08768949670197534,1.902760746290178,21.69884442097973,1.3364366059704156,5910
556,1.8013456679314699,-29.802821028223196,0.13354713497603404,0.0488515152226674,-27.81907671009302,-29.802821028223196,nan,0.11110496795027029,0.022442167025763786,1.824357407122657,-29.7180996170331,0.13302466142963715,0.04545194617122824,-27.71526560230958,-29.7180996170331,nan,44.86687344446945,0.11617487048704135,0.0,0.02318488983312006,386.20119184444536,46.0,46.0,,0.00010209286627104535,,,,,,,0.4943464632250334,,0,0.08647634676040852,1.902760746290178,inf,-inf,-0.08759801221423813,0.052507089192414654,-0.06467251200443037,0.06215508837876086,inf,-inf,2.1751771057750804,0.20180754808399542,0.20180754808399542,0.20180754808399542,784,1.26150787557749,1.0102523497174118,1.7116931897689756,,,-3.160697312501447,0.4692825322150054,0.20631876429602156,22.003250802927298,1.3424868490711375,0.0,0.0,0.5836067900149411,0.618247605251006,0.24303336590235766,0.08768949670197534,1.902760746290178,21.69884442097973,1.3364366059704156,5910
557,1.8013586816216953,-29.801007602451953,0.13354736433290784,0.048569523915696744,-27.817532032581653,-29.801007602451953,nan,0.11108651108623677,0.02246085324667103,1.824357407122657,-29.7180996170331,0.13302466142963715,0.04545194617122824,-27.71526560230958,-29.7180996170331,nan,50.23967509227931,0.11154603873269531,0.0,0.01571326147042439,450.3940764106537,46.0,46.0,,0.00010162193986072193,,,,,,,0.4943464632250334,,0,0.08647634676040852,1.902760746290178,inf,-inf,-0.08865665335562695,0.05242969345731832,-0.06298392931373054,0.062137886997081414,inf,-inf,2.174348962635854,0.20167133339664356,0.20167133339664356,0.20167133339664356,784,1.26150787557749,1.0102523497174118,1.7116931897689756,,,-3.160697312501447,0.4692825322150054,0.20631876429602156,22.003250802927298,1.3424868490711375,0.0,0.0,0.5836067900149411,0.618247605251006,0.24303336590235766,0.08768949670197534,1.902760746290178,21.69884442097973,1.3364366059704156,5910
558,1.7883556763166244,-29.80345716603011,0.1335366180131953,0.049223675071595155,-27.832341196628697,-29.80345716603011,nan,0.11105411288762208,0.022482505125573236,1.824357407122657,-29.7180996170331,0.13302466142963715,0.04545194617122824,-27.71526560230958,-29.7180996170331,nan,41.70732006763119,0.11239502299481449,0.0,0.021576590191799028,371.07799755114974,46.0,46.0,,0.00010115166384521615,,,,,,,0.4943464632250334,,0,0.08647634676040852,1.902760746290178,inf,-inf,-0.08724663855980995,0.052592117771669715,-0.06433777316433593,0.0620526545517919,inf,-inf,2.172440423526567,0.2015606086295239,0.2015606086295239,0.2015606086295239,784,1.26150787557749,1.0102523497174118,1.7116931897689756,,,-3.160697312501447,0.4692825322150054,0.20631876429602156,22.003250802927298,1.3424868490711375,0.0,0.0,0.5836067900149411,0.618247605251006,0.24303336590235766,0.08768949670197534,1.902760746290178,21.69884442097973,1.3364366059704156,5910
559,1.7975024475694357,-29.80345545538943,0.13352756602505597,0.04892567700917125,-27.823499764785765,-29.80345545538943,nan,0.11102021652488078,0.022507349500175255,1.824357407122657,-29.7180996170331,0.13302466142963715,0.04545194617122824,-27.71526560230958,-29.7180996170331,nan,38.85088916248222,0.11797655714737099,0.0,0.01617367831434463,329.31024689889404,46.0,46.0,,0.00010068204395469298,,,,,,,0.4943464632250334,,0,0.08647634676040852,1.902760746290178,inf,-inf,-0.0876235716457945,0.05133893276444346,-0.06396775583686597,0.06224214418792729,inf,-inf,2.1707219417869967,0.20143746484675118,0.20143746484675118,0.20143746484675118,784,1.26150787557749,1.0102523497174118,1.7116931897689756,,,-3.160697312501447,0.4692825322150054,0.20631876429602156,22.003250802927298,1.3424868490711375,0.0,0.0,0.5836067900149411,0.618247605251006,0.24303336590235766,0.08768949670197534,1.902760746290178,21.69884442097973,1.3364366059704156,5910
560,1.7958098070482846,-29.803909133305684,0.13352148184517262,0.04901817442694112,-27.825559669985285,-29.803909133305684,nan,0.11099631837232544,0.0225251634728472,1.8284549554492462,-29.725884802564757,0.13297273226391038,0.04628287580033429,-27.71817423905127,-29.725884802564757,nan,44.05771460284491,0.1164827354018929,0.0,0.017723379046970193,378.2338597289582,46.0,46.0,,0.00010021308591132245,,,,,,,0.4961553600168839,,0,0.08605048339964501,1.912101771752322,inf,-inf,-0.087550099946196,0.05239655684519269,-0.06414340300091492,0.06237667705834386,inf,-inf,2.1691007203122052,0.20132706542289333,0.20132706542289333,0.20132706542289333,784,1.2543247046784773,1.0063525270539968,1.7095639567862961,,,-3.157793653704628,0.4706284604789483,0.20809680160484859,22.220697620859738,1.3467576895343658,0.0,0.0,0.5861434411401664,0.6207110532331231,0.24516490781154157,0.08731608390848648,1.912101771752322,21.89862034761364,1.3404167543701409,5910
561,1.7890257770738143,-29.80247987888284,0.13350179397891662,0.04841944653195439,-27.831532861298154,-29.80247987888284,nan,0.11095350649071052,0.022548287488206142,1.8284549554492462,-29.725884802564757,0.13297273226391038,0.04628287580033429,-27.71817423905127,-29.725884802564757,nan,48.10650136162245,0.1109939207559286,0.0,0.0199643958789856,433.41564145127205,46.0,46.0,,9.974479542921048e-05,,,,,,,0.4961553600168839,,0,0.08605048339964501,1.912101771752322,inf,-inf,-0.08693137934088077,0.051529494215360044,-0.06470024893956954,0.06225483404161684,inf,-inf,2.1677115307099664,0.20126811234923594,0.20126811234923594,0.20126811234923594,784,1.2543247046784773,1.0063525270539968,1.7095639567862961,,,-3.157793653704628,0.4706284604789483,0.20809680160484859,22.220697620859738,1.3467576895343658,0.0,0.0,0.5861434411401664,0.6207110532331231,0.24516490781154157,0.08731608390848648,1.912101771752322,21.89862034761364,1.3404167543701409,5910
562,1.79302651631563,-29.803145844470844,0.1334932898518028,0.04858804586042762,-27.828037992442983,-29.803145844470844,nan,0.11092381326831025,0.0225694765834926,1.8284549554492462,-29.725884802564757,0.13297273226391038,0.04628287580033429,-27.71817423905127,-29.725884802564757,nan,42.43598353116515,0.11356858571807261,0.0,0.017555311755855115,373.65952268270735,46.0,46.0,,9.927717821432863e-05,,,,,,,0.4961553600168839,,0,0.08605048339964501,1.912101771752322,inf,-inf,-0.08891870990955501,0.05198846690226237,-0.06473398007834591,0.06251371974957362,inf,-inf,2.166353275363475,0.20118362122994896,0.20118362122994896,0.20118362122994896,784,1.2543247046784773,1.0063525270539968,1.7095639567862961,,,-3.157793653704628,0.4706284604789483,0.20809680160484859,22.220697620859738,1.3467576895343658,0.0,0.0,0.5861434411401664,0.6207110532331231,0.24516490781154157,0.08731608390848648,1.912101771752322,21.89862034761364,1.3404167543701409,5910
563,1.7915164965508688,-29.802490748980542,0.13348829842021914,0.04879422667476832,-27.828691727334686,-29.802490748980542,nan,0.11090351904531205,0.022584779374907077,1.8284549554492462,-29.725884802564757,0.13297273226391038,0.04628287580033429,-27.71817423905127,-29.725884802564757,nan,36.21909066498411,0.1108740443334744,0.0,0.01781366666765003,326.66879685608313,46.0,46.0,,9.881023996444527e-05,,,,,,,0.4961553600168839,,0,0.08605048339964501,1.912101771752322,inf,-inf,-0.08930892646754722,0.05136160404686389,-0.06523959375067022,0.06241133763079766,inf,-inf,2.165377996471685,0.201087967013828,0.201087967013828,0.201087967013828,784,1.2543247046784773,1.0063525270539968,1.7095639567862961,,,-3.157793653704628,0.4706284604789483,0.20809680160484859,22.220697620859738,1.3467576895343658,0.0,0.0,0.5861434411401664,0.6207110532331231,0.24516490781154157,0.08731608390848648,1.912101771752322,21.89862034761364,1.3404167543701409,5910
564,1.7832219809836056,-29.80268055336564,0.13351466423962396,0.04885676270773356,-27.83708714543468,-29.80268055336564,nan,0.11089697884267244,0.022617685396951536,1.8284549554492462,-29.725884802564757,0.13297273226391038,0.04628287580033429,-27.71817423905127,-29.725884802564757,nan,45.84136228281176,0.11551623063022705,0.0,0.021434458019226464,396.83914574352883,46.0,46.0,,9.83439863690555e-05,,,,,,,0.4961553600168839,,0,0.08605048339964501,1.912101771752322,inf,-inf,-0.08650296154504412,0.05247912709501454,-0.06463236785524917,0.062247243598408025,inf,-inf,2.163720614160184,0.20104988718854025,0.20104988718854025,0.20104988718854025,784,1.2543247046784773,1.0063525270539968,1.7095639567862961,,,-3.157793653704628,0.4706284604789483,0.20809680160484859,22.220697620859738,1.3467576895343658,0.0,0.0,0.5861434411401664,0.6207110532331231,0.24516490781154157,0.08731608390848648,1.912101771752322,21.89862034761364,1.3404167543701409,5910
565,1.7903398715485033,-29.80450005294857,0.13349043391536328,0.04871638505860197,-27.831953362426102,-29.80450005294857,nan,0.11085328681956477,0.02263714709579846,1.8156864167633098,-29.71614569056713,0.13293806072802,0.04449737540898742,-27.723023837666815,-29.71614569056713,nan,45.06691182019088,0.11705551437251006,0.0,0.01825889969202018,385.004602831207,46.0,46.0,,9.787842310931226e-05,,,,,,,0.49785760965286374,,0,0.08560713257891792,1.920185961105012,inf,-inf,-0.08680229560904124,0.05234584672929339,-0.0636172561865319,0.062294569336306685,inf,-inf,2.162905311475128,0.20091580883705532,0.20091580883705532,0.20091580883705532,784,1.2472321426156403,1.0025273490706286,1.707497302980196,,,-3.1551007969843146,0.4717323236486801,0.20982887173217432,22.43020999838847,1.350833339597876,0.0,0.0,0.5885502406758216,0.6230563322470402,0.24724432401142224,0.08694524486725186,1.920185961105012,22.085002624775573,1.3440974552097815,5910
566,1.7898760406065641,-29.8032596249983,0.13348982856013505,0.04885524924463286,-27.83103850658697,-29.8032596249983,nan,0.1108363459750708,0.022653482585064288,1.8156864167633098,-29.71614569056713,0.13293806072802,0.04449737540898742,-27.723023837666815,-29.71614569056713,nan,38.23940700300185,0.11761382884301953,0.0,0.01660109152343884,325.12679316001527,46.0,46.0,,9.741355585795699e-05,,,,,,,0.49785760965286374,,0,0.08560713257891792,1.920185961105012,inf,-inf,-0.088002613648051,0.05282910983925116,-0.06451204891417538,0.06237442550461501,inf,-inf,2.1606485880349666,0.20079302768078552,0.20079302768078552,0.20079302768078552,784,1.2472321426156403,1.0025273490706286,1.707497302980196,,,-3.1551007969843146,0.4717323236486801,0.20982887173217432,22.43020999838847,1.350833339597876,0.0,0.0,0.5885502406758216,0.6230563322470402,0.24724432401142224,0.08694524486725186,1.920185961105012,22.085002624775573,1.3440974552097815,5910
567,1.7876187969256123,-29.804099450935677,0.13350576584899002,0.04905158901035458,-27.83392329915072,-29.804099450935677,nan,0.11082936821867247,0.02267639763031759,1.8156864167633098,-29.71614569056713,0.13293806072802,0.04449737540898742,-27.723023837666815,-29.71614569056713,nan,45.55964448692767,0.11560720888052942,0.0,0.02019233597438362,394.0899960140879,46.0,46.0,,9.694939027925039e-05,,,,,,,0.49785760965286374,,0,0.08560713257891792,1.920185961105012,inf,-inf,-0.08783313061787258,0.05196624823740646,-0.06407244376376006,0.06189648285903063,inf,-inf,2.1592107971109136,0.2007808392416533,0.2007808392416533,0.2007808392416533,784,1.2472321426156403,1.0025273490706286,1.707497302980196,,,-3.1551007969843146,0.4717323236486801,0.20982887173217432,22.43020999838847,1.350833339597876,0.0,0.0,0.5885502406758216,0.6230563322470402,0.24724432401142224,0.08694524486725186,1.920185961105012,22.085002624775573,1.3440974552097815,5910
568,1.7784682292306067,-29.804458817706237,0.1334702798309607,0.048500215253647075,-27.844020093391023,-29.804458817706237,nan,0.1107748660813418,0.022695413749618924,1.8156864167633098,-29.71614569056713,0.13293806072802,0.04449737540898742,-27.723023837666815,-29.71614569056713,nan,39.63542934712755,0.1123844834218529,0.0,0.016309137226751515,352.6770612838937,46.0,46.0,,9.648593202890364e-05,,,,,,,0.49785760965286374,,0,0.08560713257891792,1.920185961105012,inf,-inf,-0.0885080560090109,0.05215392263454319,-0.06437949956085082,0.06226478377527438,inf,-inf,2.1586807821453142,0.20060803436602262,0.20060803436602262,0.20060803436602262,784,1.2472321426156403,1.0025273490706286,1.707497302980196,,,-3.1551007969843146,0.4717323236486801,0.20982887173217432,22.43020999838847,1.350833339597876,0.0,0.0,0.5885502406758216,0.6230563322470402,0.24724432401142224,0.08694524486725186,1.920185961105012,22.085002624775573,1.3440974552097815,5910
569,1.7885274811283844,-29.803914487151747,0.13348261824308563,0.049196675311018526,-27.832707712469258,-29.803914487151747,nan,0.11076512886298866,0.02271748938009699,1.8156864167633098,-29.71614569056713,0.13293806072802,0.04449737540898742,-27.723023837666815,-29.71614569056713,nan,42.11923680361728,0.11443576960823351,0.0,0.01629692253514229,368.06006502871327,46.0,46.0,,9.602318675400913e-05,,,,,,,0.49785760965286374,,0,0.08560713257891792,1.920185961105012,inf,-inf,-0.08873530824704336,0.05261536709716474,-0.06561280510544418,0.0618660362190552,inf,-inf,2.156267356709182,0.20056347396534674,0.20056347396534674,0.20056347396534674,784,1.2472321426156403,1.0025273490706286,1.707497302980196,,,-3.1551007969843146,0.4717323236486801,0.20982887173217432,22.43020999838847,1.350833339597876,0.0,0.0,0.5885502406758216,0.6230563322470402,0.24724432401142224,0.08694524486725186,1.920185961105012,22.085002624775573,1.3440974552097815,5910
570,1.785452965773889,-29.805670130291304,0.13349392522578243,0.0488452953569247,-27.83787794393471,-29.805670130291304,nan,0.1107527184856227,0.022741206740159742,1.813178103506947,-29.72292597886945,0.13293025094409602,0.04923246120925535,-27.727585163209156,-29.72292597886945,nan,43.81534233801063,0.1170793491745025,0.0,0.016206725652862793,374.23629911629814,46.0,46.0,,9.556116009297212e-05,,,,,,,0.49931974062331047,,0,0.08516094882533705,1.9282669718429661,inf,-inf,-0.08654512712207008,0.05234141873124267,-0.06365250542758343,0.06204877771448315,inf,-inf,2.154923386692804,0.20039536631338684,0.20039536631338684,0.20039536631338684,784,1.240732426701135,0.9989154126690715,1.7055359488461415,,,-3.152886994285096,0.4726538654318252,0.2114146878324308,22.642619633064363,1.3549266710307832,0.0,0.0,0.5906515295517563,0.625236061001541,0.24910952860679672,0.08652682173744773,1.9282669718429661,22.285193574935576,1.3480164108323918,5910
571,1.7868873289389662,-29.80434212509471,0.13350501657726135,0.04886685415306035,-27.83508292542542,-29.80434212509471,nan,0.110742187011176,0.022762829566085354,1.813178103506947,-29.72292597886945,0.13293025094409602,0.04923246120925535,-27.727585163209156,-29.72292597886945,nan,39.167551157953625,0.11491706544305538,0.0,0.02041385179792805,340.83320007298863,46.0,46.0,,9.509985767544159e-05,,,,,,,0.49931974062331047,,0,0.08516094882533705,1.9282669718429661,inf,-inf,-0.08743991763813484,0.052106541136876766,-0.064511411228191,0.06213996946845301,inf,-inf,2.153504272525279,0.20038437576765425,0.20038437576765425,0.20038437576765425,784,1.240732426701135,0.9989154126690715,1.7055359488461415,,,-3.152886994285096,0.4726538654318252,0.2114146878324308,22.642619633064363,1.3549266710307832,0.0,0.0,0.5906515295517563,0.625236061001541,0.24910952860679672,0.08652682173744773,1.9282669718429661,22.285193574935576,1.3480164108323918,5910
572,1.7767597695835418,-29.80379732017371,0.1335123610784872,0.049189040135408535,-27.84433614937627,-29.80379732017371,nan,0.11072499467185012,0.022787366406637012,1.813178103506947,-29.72292597886945,0.13293025094409602,0.04923246120925535,-27.727585163209156,-29.72292597886945,nan,40.937627246523675,0.11835848872310593,0.0,0.01622744064905199,345.8782524867761,46.0,46.0,,9.4639285122242e-05,,,,,,,0.49931974062331047,,0,0.08516094882533705,1.9282669718429661,inf,-inf,-0.08891716414840155,0.05244204393797612,-0.06534693774692805,0.06184869360710481,inf,-inf,2.1521076672109545,0.20031364486767408,0.20031364486767408,0.20031364486767408,784,1.240732426701135,0.9989154126690715,1.7055359488461415,,,-3.152886994285096,0.4726538654318252,0.2114146878324308,22.642619633064363,1.3549266710307832,0.0,0.0,0.5906515295517563,0.625236061001541,0.24910952860679672,0.08652682173744773,1.9282669718429661,22.285193574935576,1.3480164108323918,5910
573,1.7855694512317148,-29.806163184664367,0.1334980031828485,0.04929748234284852,-27.837798247906957,-29.806163184664367,nan,0.11069272493577248,0.02280527824707604,1.813178103506947,-29.72292597886945,0.13293025094409602,0.04923246120925535,-27.727585163209156,-29.72292597886945,nan,44.755178430047806,0.11541452509041751,0.0,0.020275572045955963,387.7776943152165,46.0,46.0,,9.417944804530446e-05,,,,,,,0.49931974062331047,,0,0.08516094882533705,1.9282669718429661,inf,-inf,-0.0880690172841647,0.05217884398626108,-0.06462545034487681,0.0621096717292163,inf,-inf,2.150857838103789,0.2002352733605932,0.2002352733605932,0.2002352733605932,784,1.240732426701135,0.9989154126690715,1.7055359488461415,,,-3.152886994285096,0.4726538654318252,0.2114146878324308,22.642619633064363,1.3549266710307832,0.0,0.0,0.5906515295517563,0.625236061001541,0.24910952860679672,0.08652682173744773,1.9282669718429661,22.285193574935576,1.3480164108323918,5910
574,1.7767813682311075,-29.804510532710573,0.13347869241798874,0.048561771884186,-27.845688700177295,-29.804510532710573,nan,0.11065155553333175,0.022827136884656995,1.813178103506947,-29.72292597886945,0.13293025094409602,0.04923246120925535,-27.727585163209156,-29.72292597886945,nan,44.43536921668223,0.11506002710463091,0.0,0.017475392170983272,386.19293194042547,46.0,46.0,,9.372035204759876e-05,,,,,,,0.49931974062331047,,0,0.08516094882533705,1.9282669718429661,inf,-inf,-0.08837630984185516,0.05251857787758552,-0.0648700290896363,0.0621427777624763,inf,-inf,2.1501153833057782,0.20015961904452595,0.20015961904452595,0.20015961904452595,784,1.240732426701135,0.9989154126690715,1.7055359488461415,,,-3.152886994285096,0.4726538654318252,0.2114146878324308,22.642619633064363,1.3549266710307832,0.0,0.0,0.5906515295517563,0.625236061001541,0.24910952860679672,0.08652682173744773,1.9282669718429661,22.285193574935576,1.3480164108323918,5910
575,1.7884353140602174,-29.804765106178248,0.13348514963135388,0.04931799832850607,-27.833526644158173,-29.804765106178248,nan,0.11063860324165811,0.022846546389695802,1.8083362570985515,-29.720678997628195,0.13290485807425023,0.04751381228558859,-27.7319240701698,-29.720678997628195,nan,43.759251612374904,0.11179105787950366,0.0,0.017213886786791904,391.43785238656324,46.0,46.0,,9.326200272306461e-05,,,,,,,0.501007064180101,,0,0.08476354303840364,1.9367898072926257,inf,-inf,-0.08825058553454972,0.052258952774470124,-0.06339979031867729,0.062023382360530704,inf,-inf,2.1481355675263187,0.20003137516115715,0.20003137516115715,0.20003137516115715,784,1.2342197803384238,0.9953241289979659,1.7033018300447567,,,-3.1502123891823763,0.4736485317035035,0.2130936879747518,22.84932575806946,1.3588733893568472,0.0,0.0,0.5930243210798742,0.6278918468656187,0.2511081703190278,0.08619669414549243,1.9367898072926257,22.46942097365701,1.3515918810000938,5910
576,1.7798327240573126,-29.805535343868222,0.1334371435627761,0.049749316054213434,-27.842516160193917,-29.805535343868222,nan,0.11057543014165691,0.022861713421119204,1.8083362570985515,-29.720678997628195,0.13290485807425023,0.04751381228558859,-27.7319240701698,-29.720678997628195,nan,48.59055559414555,0.11490108245302713,0.0,0.01976969663091665,422.89032058518615,46.0,46.0,,9.280440565654402e-05,,,,,,,0.501007064180101,,0,0.08476354303840364,1.9367898072926257,inf,-inf,-0.08851500553871858,0.05304466716385508,-0.0652747033473198,0.061582867984689586,inf,-inf,2.1462466193853915,0.1999964046582518,0.1999964046582518,0.1999964046582518,784,1.2342197803384238,0.9953241289979659,1.7033018300447567,,,-3.1502123891823763,0.4736485317035035,0.2130936879747518,22.84932575806946,1.3588733893568472,0.0,0.0,0.5930243210798742,0.6278918468656187,0.2511081703190278,0.08619669414549243,1.9367898072926257,22.46942097365701,1.3515918810000938,5910
577,1.771226877685875,-29.805202770291647,0.13348820377427031,0.04922378142339086,-27.85126390740811,-29.805202770291647,nan,0.11059029960735413,0.022897904166916193,1.8083362570985515,-29.720678997628195,0.13290485807425023,0.04751381228558859,-27.7319240701698,-29.720678997628195,nan,41.641944140346574,0.11822043663483454,0.0,0.01613493797221682,352.2398100167096,46.0,46.0,,9.234756642371269e-05,,,,,,,0.501007064180101,,0,0.08476354303840364,1.9367898072926257,inf,-inf,-0.08771052413226552,0.05203949157194355,-0.0647698559309932,0.06210293457895498,inf,-inf,2.145380334976875,0.19988921623732006,0.19988921623732006,0.19988921623732006,784,1.2342197803384238,0.9953241289979659,1.7033018300447567,,,-3.1502123891823763,0.4736485317035035,0.2130936879747518,22.84932575806946,1.3588733893568472,0.0,0.0,0.5930243210798742,0.6278918468656187,0.2511081703190278,0.08619669414549243,1.9367898072926257,22.46942097365701,1.3515918810000938,5910
578,1.774286056878358,-29.804873144734202,0.13346885629164265,0.049344956867625515,-27.847773274696575,-29.804873144734202,nan,0.11055291229821297,0.022915943993429687,1.8083362570985515,-29.720678997628195,0.13290485807425023,0.04751381228558859,-27.7319240701698,-29.720678997628195,nan,43.428857888361996,0.11384947788004551,0.0,0.0170644389959919,381.4585599955027,46.0,46.0,,9.189149059101267e-05,,,,,,,0.501007064180101,,0,0.08476354303840364,1.9367898072926257,inf,-inf,-0.08813901838365025,0.05191238742526447,-0.06382810985307476,0.06204837611697094,inf,-inf,2.1442018013201123,0.19978469762351078,0.19978469762351078,0.19978469762351078,784,1.2342197803384238,0.9953241289979659,1.7033018300447567,,,-3.1502123891823763,0.4736485317035035,0.2130936879747518,22.84932575806946,1.3588733893568472,0.0,0.0,0.5930243210798742,0.6278918468656187,0.2511081703190278,0.08619669414549243,1.9367898072926257,22.46942097365701,1.3515918810000938,5910
579,1.769056227292818,-29.803735677055922,0.1334564658733764,0.04901777197090265,-27.852205211918825,-29.803735677055922,nan,0.11052986713635936,0.022926598737017093,1.8083362570985515,-29.720678997628195,0.13290485807425023,0.04751381228558859,-27.7319240701698,-29.720678997628195,nan,41.96359518624235,0.11627189227762665,0.0,0.020482834498094685,360.9091962315737,46.0,46.0,,9.143618371558396e-05,,,,,,,0.501007064180101,,0,0.08476354303840364,1.9367898072926257,inf,-inf,-0.08927846464826711,0.05108781389954696,-0.06459496554864658,0.062007507086945496,inf,-inf,2.143417185095877,0.19972433270481785,0.19972433270481785,0.19972433270481785,784,1.2342197803384238,0.9953241289979659,1.7033018300447567,,,-3.1502123891823763,0.4736485317035035,0.2130936879747518,22.84932575806946,1.3588733893568472,0.0,0.0,0.5930243210798742,0.6278918468656187,0.2511081703190278,0.08619669414549243,1.9367898072926257,22.46942097365701,1.3515918810000938,5910
580,1.771967379612253,-29.806664020222023,0.1334316735629194,0.048960516438781305,-27.852304450608067,-29.806664020222023,nan,0.11048176006384501,0.022949913499074357,1.8028975258636284,-29.723911789780658,0.13286143360073627,0.04919964213683154,-27.73895318817946,-29.723911789780658,nan,47.3396649773921,0.1149439084390585,0.0,0.019139882459280288,411.85014169316213,46.0,46.0,,9.098165134519711e-05,,,,,,,0.5027593188872914,,0,0.08440531078711688,1.9461411542636864,inf,-inf,-0.0892604338993199,0.05182804774948576,-0.06443872412988194,0.062002914693304045,inf,-inf,2.141513702720094,0.1996462410368449,0.1996462410368449,0.1996462410368449,784,1.2279197055616384,0.9918640698780519,1.7010054205502698,,,-3.1473756705962197,0.47435162309145995,0.21475473700738373,23.057093636822835,1.3628045632779076,0.0,0.0,0.595475338127444,0.6304636564012535,0.2531069307318119,0.08589037417770372,1.9461411542636864,22.658431435368986,1.3552298418670772,5910
581,1.7720701936249335,-29.80487154918712,0.13342353868542742,0.04897524418342126,-27.850402572693337,-29.80487154918712,nan,0.11045299661336798,0.02297054207205946,1.8028975258636284,-29.723911789780658,0.13286143360073627,0.04919964213683154,-27.73895318817946,-29.723911789780658,nan,42.86288791584888,0.11388658291097642,0.0,0.022631690786407855,376.364685112681,46.0,46.0,,9.052789901818571e-05,,,,,,,0.5027593188872914,,0,0.08440531078711688,1.9461411542636864,inf,-inf,-0.0896356212729481,0.05246667350459514,-0.06374675905390681,0.06180338847011725,inf,-inf,2.14001827054319,0.19953385563227205,0.19953385563227205,0.19953385563227205,784,1.2279197055616384,0.9918640698780519,1.7010054205502698,,,-3.1473756705962197,0.47435162309145995,0.21475473700738373,23.057093636822835,1.3628045632779076,0.0,0.0,0.595475338127444,0.6304636564012535,0.2531069307318119,0.08589037417770372,1.9461411542636864,22.658431435368986,1.3552298418670772,5910
582,1.76801277244452,-29.806968890241972,0.1334317079679456,0.048964594273729865,-27.856559815555773,-29.806968890241972,nan,0.11044029452304205,0.022991413444903547,1.8028975258636284,-29.723911789780658,0.13286143360073627,0.04919964213683154,-27.73895318817946,-29.723911789780658,nan,42.22455600008844,0.11552641451322762,0.0,0.018161554920758098,365.49698333495655,46.0,46.0,,9.007493226337857e-05,,,,,,,0.5027593188872914,,0,0.08440531078711688,1.9461411542636864,inf,-inf,-0.08822627781850409,0.052602405451903894,-0.06466141553576564,0.062121279650316295,inf,-inf,2.138656839717797,0.19947964647141916,0.19947964647141916,0.19947964647141916,784,1.2279197055616384,0.9918640698780519,1.7010054205502698,,,-3.1473756705962197,0.47435162309145995,0.21475473700738373,23.057093636822835,1.3628045632779076,0.0,0.0,0.595475338127444,0.6304636564012535,0.2531069307318119,0.08589037417770372,1.9461411542636864,22.658431435368986,1.3552298418670772,5910
583,1.762458671563937,-29.805512165008285,0.13341332439511117,0.04900845910749909,-27.86063170994174,-29.805512165008285,nan,0.11039979373878238,0.02301353065632874,1.8028975258636284,-29.723911789780658,0.13286143360073627,0.04919964213683154,-27.73895318817946,-29.723911789780658,nan,46.83065094345216,0.11615460387472801,0.0,0.01898583193208536,403.175159496551,46.0,46.0,,8.962275660003274e-05,,,,,,,0.5027593188872914,,0,0.08440531078711688,1.9461411542636864,inf,-inf,-0.08843093333208002,0.05267327755284789,-0.06428248308700718,0.062254421494061005,inf,-inf,2.137239402240648,0.1993426762717171,0.1993426762717171,0.1993426762717171,784,1.2279197055616384,0.9918640698780519,1.7010054205502698,,,-3.1473756705962197,0.47435162309145995,0.21475473700738373,23.057093636822835,1.3628045632779076,0.0,0.0,0.595475338127444,0.6304636564012535,0.2531069307318119,0.08589037417770372,1.9461411542636864,22.658431435368986,1.3552298418670772,5910
584,1.7685993608224968,-29.804826950414462,0.13340599664342703,0.048917376669344204,-27.853904216279197,-29.804826950414462,nan,0.11037542917452281,0.023030567468904268,1.8028975258636284,-29.723911789780658,0.13286143360073627,0.04919964213683154,-27.73895318817946,-29.723911789780658,nan,43.51086453029834,0.11465115446918128,0.0,0.022867939555227604,379.5065538742067,46.0,46.0,,8.917137753776589e-05,,,,,,,0.5027593188872914,,0,0.08440531078711688,1.9461411542636864,inf,-inf,-0.08954731079727124,0.052704321142384276,-0.06354531765082043,0.061894468923685074,inf,-inf,2.1363270208647984,0.19929938917608545,0.19929938917608545,0.19929938917608545,784,1.2279197055616384,0.9918640698780519,1.7010054205502698,,,-3.1473756705962197,0.47435162309145995,0.21475473700738373,23.057093636822835,1.3628045632779076,0.0,0.0,0.595475338127444,0.6304636564012535,0.2531069307318119,0.08589037417770372,1.9461411542636864,22.658431435368986,1.3552298418670772,5910
585,1.77558708391498,-29.806726308972237,0.1334015918041508,0.049539365267935946,-27.84819826798517,-29.806726308972237,nan,0.11034826001687226,0.023053331787278503,1.8095153811505726,-29.723197112015853,0.13283176010322387,0.04750179238883079,-27.733348178373227,-29.723197112015853,nan,45.68868191724518,0.11824979443022032,0.0,0.016456064890419297,386.3743031215691,46.0,46.0,,8.872080057648955e-05,,,,,,,0.5043566808728115,,0,0.0840441891406285,1.9540377459983445,inf,-inf,-0.08861268203240968,0.05277038364820806,-0.06415086704426742,0.06172307629488028,inf,-inf,2.1345169781962103,0.1992064838684103,0.1992064838684103,0.1992064838684103,784,1.221875535670847,0.9885123779317302,1.6982369558237385,,,-3.144857919229455,0.4755184592626615,0.21634338714407425,23.250123131400727,1.3664252572322644,0.0,0.0,0.5977398290922723,0.6329225195597458,0.25500370967288266,0.08554967737902691,1.9540377459983445,22.840971536818326,1.3587145726082066,5910
586,1.7723538043936258,-29.805977475680756,0.13339502149517993,0.0493146378059193,-27.85091401198603,-29.805977475680756,nan,0.11032490860634454,0.02307011288883543,1.8095153811505726,-29.723197112015853,0.13283176010322387,0.04750179238883079,-27.733348178373227,-29.723197112015853,nan,43.05147828624376,0.11440390908279556,0.0,0.016819335860311417,376.31125222379296,46.0,46.0,,8.827103120634168e-05,,,,,,,0.5043566808728115,,0,0.0840441891406285,1.9540377459983445,inf,-inf,-0.08820203123627886,0.05220227208847715,-0.06431578176862998,0.061881772337141205,inf,-inf,2.1328186393709863,0.19911990750491662,0.19911990750491662,0.19911990750491662,784,1.221875535670847,0.9885123779317302,1.6982369558237385,,,-3.144857919229455,0.4755184592626615,0.21634338714407425,23.250123131400727,1.3664252572322644,0.0,0.0,0.5977398290922723,0.6329225195597458,0.25500370967288266,0.08554967737902691,1.9540377459983445,22.840971536818326,1.3587145726082066,5910
587,1.7691436115761452,-29.804895110719936,0.13337993881098684,0.04899305871762105,-27.853378501615186,-29.804895110719936,nan,0.11028827448438086,0.02309166432660597,1.8095153811505726,-29.723197112015853,0.13283176010322387,0.04750179238883079,-27.733348178373227,-29.723197112015853,nan,41.39595841938758,0.11415333297599546,0.0,0.022716161691560176,362.634689151761,46.0,46.0,,8.78220749076202e-05,,,,,,,0.5043566808728115,,0,0.0840441891406285,1.9540377459983445,inf,-inf,-0.0882713623082574,0.05269136972296758,-0.06272778358242208,0.06191542555088701,inf,-inf,2.1325235808901564,0.19907994904592102,0.19907994904592102,0.19907994904592102,784,1.221875535670847,0.9885123779317302,1.6982369558237385,,,-3.144857919229455,0.4755184592626615,0.21634338714407425,23.250123131400727,1.3664252572322644,0.0,0.0,0.5977398290922723,0.6329225195597458,0.25500370967288266,0.08554967737902691,1.9540377459983445,22.840971536818326,1.3587145726082066,5910
588,1.7680420687201828,-29.80771905461187,0.13339274466136403,0.049653378252603624,-27.85663086297772,-29.80771905461187,nan,0.1102831038072808,0.02310964085408313,1.8095153811505726,-29.723197112015853,0.13283176010322387,0.04750179238883079,-27.733348178373227,-29.723197112015853,nan,47.98632195578314,0.1176586877601848,0.0,0.01945983002369415,407.843422948845,46.0,46.0,,8.737393715071596e-05,,,,,,,0.5043566808728115,,0,0.0840441891406285,1.9540377459983445,inf,-inf,-0.08935664640117813,0.052622571855472894,-0.06483978097527071,0.06171539001328504,inf,-inf,2.1304187329289994,0.19894974189307146,0.19894974189307146,0.19894974189307146,784,1.221875535670847,0.9885123779317302,1.6982369558237385,,,-3.144857919229455,0.4755184592626615,0.21634338714407425,23.250123131400727,1.3664252572322644,0.0,0.0,0.5977398290922723,0.6329225195597458,0.25500370967288266,0.08554967737902691,1.9540377459983445,22.840971536818326,1.3587145726082066,5910
589,1.7548322734145088,-29.806617225347786,0.13339642422432613,0.049284503063202784,-27.86910402464575,-29.806617225347786,nan,0.11026090087867695,0.023135523345649153,1.8095153811505726,-29.723197112015853,0.13283176010322387,0.04750179238883079,-27.733348178373227,-29.723197112015853,nan,41.35583720247455,0.11633194692851866,0.0,0.01913911285534146,355.49853926098274,46.0,46.0,,8.692662339604598e-05,,,,,,,0.5043566808728115,,0,0.0840441891406285,1.9540377459983445,inf,-inf,-0.08916750553642333,0.052583369955803545,-0.06417660514735707,0.06185667122718052,inf,-inf,2.130442114461536,0.19891938123297787,0.19891938123297787,0.19891938123297787,784,1.221875535670847,0.9885123779317302,1.6982369558237385,,,-3.144857919229455,0.4755184592626615,0.21634338714407425,23.250123131400727,1.3664252572322644,0.0,0.0,0.5977398290922723,0.6329225195597458,0.25500370967288266,0.08554967737902691,1.9540377459983445,22.840971536818326,1.3587145726082066,5910
590,1.767514564519332,-29.807060440038978,0.133388166766655,0.04897558745898787,-27.857182121294006,-29.807060440038978,nan,0.11023058673313157,0.02315758003352339,1.7962262844033403,-29.72199553035636,0.13280303816824324,0.05023688506472835,-27.74272932272005,-29.72199553035636,nan,44.26386633602483,0.11434099696320066,0.0,0.018877650480145735,387.1215706669993,46.0,46.0,,8.648013909398736e-05,,,,,,,0.5059446665555356,,0,0.08368453850938695,1.961839467052638,inf,-inf,-0.08856495025726378,0.052513734869538815,-0.06380498455576832,0.06176734110774807,inf,-inf,2.1286856201552244,0.19882637708772044,0.19882637708772044,0.19882637708772044,784,1.215891862067937,0.9852348097214783,1.6966933595973908,,,-3.142336393869573,0.47664753683039146,0.21790663363171808,23.443272819537352,1.3700182416568496,0.0,0.0,0.5999567418895413,0.6348865786499147,0.25686210353414146,0.08523239709591138,1.961839467052638,23.017532462978775,1.362058764334986,5910
591,1.759811721426189,-29.80586675362516,0.13339206908946094,0.04984712754096612,-27.862815835568544,-29.80586675362516,nan,0.11021642765433937,0.023175641435121595,1.7962262844033403,-29.72199553035636,0.13280303816824324,0.05023688506472835,-27.74272932272005,-29.72199553035636,nan,39.63247438878716,0.11305032295325568,0.0,0.019006304347428345,350.5737387868807,46.0,46.0,,8.603448968481023e-05,,,,,,,0.5059446665555356,,0,0.08368453850938695,1.961839467052638,inf,-inf,-0.0890068149317154,0.05257144230789991,-0.06399435609069985,0.06181579073432604,inf,-inf,2.1275109493415303,0.19880649720465007,0.19880649720465007,0.19880649720465007,784,1.215891862067937,0.9852348097214783,1.6966933595973908,,,-3.142336393869573,0.47664753683039146,0.21790663363171808,23.443272819537352,1.3700182416568496,0.0,0.0,0.5999567418895413,0.6348865786499147,0.25686210353414146,0.08523239709591138,1.961839467052638,23.017532462978775,1.362058764334986,5910
592,1.7542719820063797,-29.805293285187382,0.13338369770362427,0.0492522495166718,-27.868385355960704,-29.805293285187382,nan,0.11018685450647793,0.023196843197146343,1.7962262844033403,-29.72199553035636,0.13280303816824324,0.05023688506472835,-27.74272932272005,-29.72199553035636,nan,39.830918841710975,0.1172953748153866,0.0,0.02292272007902816,339.5779151940271,46.0,46.0,,8.558968059861219e-05,,,,,,,0.5059446665555356,,0,0.08368453850938695,1.961839467052638,inf,-inf,-0.08930830770718286,0.052769054239390184,-0.06439393481976857,0.061845106263904076,inf,-inf,2.126513440226139,0.1987281467671332,0.1987281467671332,0.1987281467671332,784,1.215891862067937,0.9852348097214783,1.6966933595973908,,,-3.142336393869573,0.47664753683039146,0.21790663363171808,23.443272819537352,1.3700182416568496,0.0,0.0,0.5999567418895413,0.6348865786499147,0.25686210353414146,0.08523239709591138,1.961839467052638,23.017532462978775,1.362058764334986,5910
593,1.7599620897158061,-29.806286092912806,0.13337575631736878,0.04850143437080452,-27.864446812508824,-29.806286092912806,nan,0.11015502295498204,0.02322073336238677,1.7962262844033403,-29.72199553035636,0.13280303816824324,0.05023688506472835,-27.74272932272005,-29.72199553035636,nan,44.93767808430721,0.11561838643429763,0.0,0.01766452582867007,388.6724202801767,46.0,46.0,,8.514571725525149e-05,,,,,,,0.5059446665555356,,0,0.08368453850938695,1.961839467052638,inf,-inf,-0.08929867200355952,0.053085929869086425,-0.06368495253146184,0.06184670887821223,inf,-inf,2.1257250394206353,0.19862027500115698,0.19862027500115698,0.19862027500115698,784,1.215891862067937,0.9852348097214783,1.6966933595973908,,,-3.142336393869573,0.47664753683039146,0.21790663363171808,23.443272819537352,1.3700182416568496,0.0,0.0,0.5999567418895413,0.6348865786499147,0.25686210353414146,0.08523239709591138,1.961839467052638,23.017532462978775,1.362058764334986,5910
594,1.7624192880343688,-29.808758753471075,0.13333844273568135,0.04930011369567935,-27.863700909005345,-29.808758753471075,nan,0.11010673426594607,0.023231708469735286,1.7962262844033403,-29.72199553035636,0.13280303816824324,0.05023688506472835,-27.74272932272005,-29.72199553035636,nan,45.842434808068944,0.11358175964972238,0.0,0.019309943856833076,403.60736573762875,46.0,46.0,,8.470260506428129e-05,,,,,,,0.5059446665555356,,0,0.08368453850938695,1.961839467052638,inf,-inf,-0.08961201107678501,0.051863062340209494,-0.06429282408189858,0.06180067893279835,inf,-inf,2.124412051490103,0.19854347826796548,0.19854347826796548,0.19854347826796548,784,1.215891862067937,0.9852348097214783,1.6966933595973908,,,-3.142336393869573,0.47664753683039146,0.21790663363171808,23.443272819537352,1.3700182416568496,0.0,0.0,0.5999567418895413,0.6348865786499147,0.25686210353414146,0.08523239709591138,1.961839467052638,23.017532462978775,1.362058764334986,5910
595,1.7609231378127657,-29.80561441178874,0.13337251281397333,0.04904586889847131,-27.862272892263526,-29.80561441178874,nan,0.1101160604900876,0.02325645232388569,1.7925239185564923,-29.725504126956935,0.13276259154984207,0.04693371639635625,-27.753283900454246,-29.725504126956935,nan,42.00709252090127,0.11418859213964659,0.0,0.01789823600538911,367.8746863743518,46.0,46.0,,8.426034942488393e-05,,,,,,,0.5075990972500447,,0,0.08335226052277081,1.969708699204664,inf,-inf,-0.08745639025898819,0.05225757062577138,-0.06456782865459681,0.06171321882833424,inf,-inf,2.1236809584156764,0.198468726495199,0.198468726495199,0.198468726495199,784,1.2102308305733234,0.9820913854677661,1.693566049912493,,,-3.1396829123984986,0.47786149299291414,0.219483069188151,23.631137138345082,1.3734846205331754,0.0,0.0,0.6022824725256942,0.6377036757725553,0.2587329798255124,0.08496635046273596,1.969708699204664,23.182220825978952,1.3651550384553557,5910
596,1.7684887331977834,-29.806856065098717,0.13334593630544397,0.049315194252691236,-27.855706201342798,-29.806856065098717,nan,0.1100761187566583,0.02326981754878565,1.7925239185564923,-29.725504126956935,0.13276259154984207,0.04693371639635625,-27.753283900454246,-29.725504126956935,nan,45.816002516458774,0.11689821384085633,0.0,0.01885757776153305,391.9307319685147,46.0,46.0,,8.381895572580473e-05,,,,,,,0.5075990972500447,,0,0.08335226052277081,1.969708699204664,inf,-inf,-0.08991125728555112,0.052510536338332726,-0.06344343803364572,0.06190042786242132,inf,-inf,2.1218650291025316,0.19842394457452564,0.19842394457452564,0.19842394457452564,784,1.2102308305733234,0.9820913854677661,1.693566049912493,,,-3.1396829123984986,0.47786149299291414,0.219483069188151,23.631137138345082,1.3734846205331754,0.0,0.0,0.6022824725256942,0.6377036757725553,0.2587329798255124,0.08496635046273596,1.969708699204664,23.182220825978952,1.3651550384553557,5910
597,1.7604462755502859,-29.808046806452957,0.1333465044910926,0.04907593052734868,-27.86517809588423,-29.808046806452957,nan,0.1100562639873139,0.02329024050377869,1.7925239185564923,-29.725504126956935,0.13276259154984207,0.04693371639635625,-27.753283900454246,-29.725504126956935,nan,46.75473832737005,0.1152796017193577,0.0,0.017507087346869885,405.5768551420925,46.0,46.0,,8.337842934528669e-05,,,,,,,0.5075990972500447,,0,0.08335226052277081,1.969708699204664,inf,-inf,-0.08856533755636942,0.053131937161615336,-0.06487659611933819,0.06171136931827591,inf,-inf,2.120924785260385,0.1982918918969861,0.1982918918969861,0.1982918918969861,784,1.2102308305733234,0.9820913854677661,1.693566049912493,,,-3.1396829123984986,0.47786149299291414,0.219483069188151,23.631137138345082,1.3734846205331754,0.0,0.0,0.6022824725256942,0.6377036757725553,0.2587329798255124,0.08496635046273596,1.969708699204664,23.182220825978952,1.3651550384553557,5910
598,1.7578572613955143,-29.807172967339614,0.13331531945241185,0.048719584024147264,-27.86728080246754,-29.807172967339614,nan,0.11000890191738906,0.023306417535022824,1.7925239185564923,-29.725504126956935,0.13276259154984207,0.04693371639635625,-27.753283900454246,-29.725504126956935,nan,47.14649582539181,0.11372257160729662,0.0,0.015839293658778546,414.57465443356904,46.0,46.0,,8.293877565100463e-05,,,,,,,0.5075990972500447,,0,0.08335226052277081,1.969708699204664,inf,-inf,-0.08921749739261622,0.053168431711057416,-0.06352609436321487,0.06198054054989047,inf,-inf,2.120040281565427,0.19826131935394078,0.19826131935394078,0.19826131935394078,784,1.2102308305733234,0.9820913854677661,1.693566049912493,,,-3.1396829123984986,0.47786149299291414,0.219483069188151,23.631137138345082,1.3734846205331754,0.0,0.0,0.6022824725256942,0.6377036757725553,0.2587329798255124,0.08496635046273596,1.969708699204664,23.182220825978952,1.3651550384553557,5910
599,1.762037139512412,-29.80643332915201,0.1333277170388413,0.04876627153540981,-27.862302201065347,-29.80643332915201,nan,0.11000291999899633,0.023324797039845028,1.7925239185564923,-29.725504126956935,0.13276259154984207,0.04693371639635625,-27.753283900454246,-29.725504126956935,nan,43.16788712814447,0.12109745143484327,0.0,0.02024950001776646,356.47230075168875,46.0,46.0,,8.250000000000018e-05,,,,,,,0.5075990972500447,,0,0.08335226052277081,1.969708699204664,inf,-inf,-0.0895624334038694,0.05324827295994577,-0.0633734806922179,0.06203226838324563,inf,-inf,2.118351377266533,0.19814374648120348,0.19814374648120348,0.19814374648120348,784,1.2102308305733234,0.9820913854677661,1.693566049912493,,,-3.1396829123984986,0.47786149299291414,0.219483069188151,23.631137138345082,1.3734846205331754,0.0,0.0,0.6022824725256942,0.6377036757725553,0.2587329798255124,0.08496635046273596,1.969708699204664,23.182220825978952,1.3651550384553557,5910
600,1.750183062349872,-29.807715459644314,0.13332743147599627,0.04920774300149922,-27.874997222816944,-29.807715459644314,nan,0.10998358909543472,0.023343842380561593,1.7929407867175247,-29.72578755381747,0.13273081815612411,0.04892729394278361,-27.75118865500104,-29.72578755381747,nan,43.89339341274447,0.11443189715304167,0.0,0.01952792029641465,383.57655955001144,46.0,46.0,,8.206210773861606e-05,,,,,,,0.5091534093914142,,0,0.08300357441641441,1.9768141379223443,inf,-inf,-0.0893609160763941,0.052228935501309914,-0.06220985856622162,0.06189232671161948,inf,-inf,2.116881885486103,0.1981245509425967,0.1981245509425967,0.1981245509425967,784,1.2047262633161553,0.979029573461025,1.6922434759972909,,,-3.137207070293217,0.47891513158920446,0.22099506823025353,23.81601216358483,1.3768690434465465,0.0,0.0,0.6044630733389506,0.6397437856846948,0.2605166759917189,0.08465519239476779,1.9768141379223443,23.3513631237642,1.3683122373582273,5910
601,1.74542652854068,-29.80698097827616,0.13331743368694562,0.04870692464922834,-27.87953009139931,-29.80698097827616,nan,0.1099501109853031,0.02336732270164251,1.7929407867175247,-29.72578755381747,0.13273081815612411,0.04892729394278361,-27.75118865500104,-29.72578755381747,nan,36.969928543328464,0.11331541757500416,0.0,0.018397949467620012,326.25682660400423,46.0,46.0,,8.162510420243141e-05,,,,,,,0.5091534093914142,,0,0.08300357441641441,1.9768141379223443,inf,-inf,-0.08894635954339955,0.054208340440953434,-0.0650339997181251,0.06183673107287443,inf,-inf,2.115596704404781,0.1981103905933823,0.1981103905933823,0.1981103905933823,784,1.2047262633161553,0.979029573461025,1.6922434759972909,,,-3.137207070293217,0.47891513158920446,0.22099506823025353,23.81601216358483,1.3768690434465465,0.0,0.0,0.6044630733389506,0.6397437856846948,0.2605166759917189,0.08465519239476779,1.9768141379223443,23.3513631237642,1.3683122373582273,5910
602,1.7499973075734803,-29.807326673114204,0.1333222826767279,0.04904882972469622,-27.8749582531393,-29.807326673114204,nan,0.10993377069136237,0.02338851198536549,1.7929407867175247,-29.72578755381747,0.13273081815612411,0.04892729394278361,-27.75118865500104,-29.72578755381747,nan,38.5938974342621,0.11271286955815964,0.0,0.018846848702072216,342.40896878548295,46.0,46.0,,8.11889947161963e-05,,,,,,,0.5091534093914142,,0,0.08300357441641441,1.9768141379223443,inf,-inf,-0.08858768079003503,0.0533361015027572,-0.06517077218925073,0.0619200013756738,inf,-inf,2.1148039995072176,0.1980022887390941,0.1980022887390941,0.1980022887390941,784,1.2047262633161553,0.979029573461025,1.6922434759972909,,,-3.137207070293217,0.47891513158920446,0.22099506823025353,23.81601216358483,1.3768690434465465,0.0,0.0,0.6044630733389506,0.6397437856846948,0.2605166759917189,0.08465519239476779,1.9768141379223443,23.3513631237642,1.3683122373582273,5910
603,1.7609982110424915,-29.808061830725403,0.13332829277486286,0.049663603584928544,-27.86407172332312,-29.808061830725403,nan,0.1099186721970069,0.02340962057785593,1.7929407867175247,-29.72578755381747,0.13273081815612411,0.04892729394278361,-27.75118865500104,-29.72578755381747,nan,46.621660765187414,0.11105342743180764,0.0,0.02136899287254986,419.8128940578214,46.0,46.0,,8.075378459376729e-05,,,,,,,0.5091534093914142,,0,0.08300357441641441,1.9768141379223443,inf,-inf,-0.08883037010391515,0.05421211502847799,-0.0649935891785553,0.06165520107967366,inf,-inf,2.1143254964502787,0.1979291347424419,0.1979291347424419,0.1979291347424419,784,1.2047262633161553,0.979029573461025,1.6922434759972909,,,-3.137207070293217,0.47891513158920446,0.22099506823025353,23.81601216358483,1.3768690434465465,0.0,0.0,0.6044630733389506,0.6397437856846948,0.2605166759917189,0.08465519239476779,1.9768141379223443,23.3513631237642,1.3683122373582273,5910
604,1.755409305140159,-29.807106947502263,0.13333738674204107,0.049155163416445595,-27.869205092203615,-29.807106947502263,nan,0.10991273222012167,0.02342465452191943,1.7929407867175247,-29.72578755381747,0.13273081815612411,0.04892729394278361,-27.75118865500104,-29.72578755381747,nan,44.93778161865338,0.11316369909368994,0.0,0.01686217945153486,397.1042125571444,46.0,46.0,,8.031947913804227e-05,,,,,,,0.5091534093914142,,0,0.08300357441641441,1.9768141379223443,inf,-inf,-0.08934646109217628,0.05310954343203118,-0.06496996117772162,0.062319363849003204,inf,-inf,2.1132692495196346,0.19787184848471168,0.19787184848471168,0.19787184848471168,784,1.2047262633161553,0.979029573461025,1.6922434759972909,,,-3.137207070293217,0.47891513158920446,0.22099506823025353,23.81601216358483,1.3768690434465465,0.0,0.0,0.6044630733389506,0.6397437856846948,0.2605166759917189,0.08465519239476779,1.9768141379223443,23.3513631237642,1.3683122373582273,5910
605,1.748422186152011,-29.807519037888976,0.13333677788150275,0.04915508141284613,-27.876604992442616,-29.807519037888976,nan,0.10989144448433741,0.023445333397165348,1.7815098683424986,-29.728895991475405,0.1327312176456435,0.0505469677809732,-27.764107937706285,-29.728895991475405,nan,38.81101759728123,0.1178162455447159,0.0,0.017366395936204645,329.4199150366824,46.0,46.0,,7.988608364089628e-05,,,,,,,0.5104534562074812,,0,0.08265927184976479,1.984187025848458,inf,-inf,-0.08940859816957579,0.05280110541091249,-0.06525895144001351,0.061748995099298785,inf,-inf,2.1121387045022377,0.1977866756560043,0.1977866756560043,0.1977866756560043,784,1.1993784056196803,0.9760635992599348,1.6902754378343188,,,-3.1352150993132164,0.4796769545837898,0.222370895312806,24.004409686245065,1.380291030315239,0.0,0.0,0.6063220114890491,0.6415879781193359,0.2621235298400617,0.0843590051061637,1.984187025848458,23.52074948431893,1.3714511563376885,5910
606,1.746550448025449,-29.80840794440069,0.13334954400561394,0.049041507764026514,-27.8794664446056,-29.80840794440069,nan,0.1098813200689853,0.02346822393662857,1.7815098683424986,-29.728895991475405,0.1327312176456435,0.0505469677809732,-27.764107937706285,-29.728895991475405,nan,42.08097247390081,0.1154998163769451,0.0,0.02068284666503155,364.33800324465784,46.0,46.0,,7.945360338311657e-05,,,,,,,0.5104534562074812,,0,0.08265927184976479,1.984187025848458,inf,-inf,-0.08971024364285432,0.05267712249648992,-0.06471318625079213,0.06192110590919525,inf,-inf,2.1115552501625388,0.1977203480270149,0.1977203480270149,0.1977203480270149,784,1.1993784056196803,0.9760635992599348,1.6902754378343188,,,-3.1352150993132164,0.4796769545837898,0.222370895312806,24.004409686245065,1.380291030315239,0.0,0.0,0.6063220114890491,0.6415879781193359,0.2621235298400617,0.0843590051061637,1.984187025848458,23.52074948431893,1.3714511563376885,5910
607,1.7422687474593572,-29.808945697777116,0.13331848107383376,0.04892015051221055,-27.884438318731718,-29.808945697777116,nan,0.10983748299259913,0.023480998081234713,1.7815098683424986,-29.728895991475405,0.1327312176456435,0.0505469677809732,-27.764107937706285,-29.728895991475405,nan,43.65989535948122,0.11240559322511014,0.0,0.0155025887208827,388.4139045647427,46.0,46.0,,7.902204363433869e-05,,,,,,,0.5104534562074812,,0,0.08265927184976479,1.984187025848458,inf,-inf,-0.08935745303438346,0.05389510108670237,-0.0645557448668313,0.06180079737583446,inf,-inf,2.1100011292288525,0.19765039476732668,0.19765039476732668,0.19765039476732668,784,1.1993784056196803,0.9760635992599348,1.6902754378343188,,,-3.1352150993132164,0.4796769545837898,0.222370895312806,24.004409686245065,1.380291030315239,0.0,0.0,0.6063220114890491,0.6415879781193359,0.2621235298400617,0.0843590051061637,1.984187025848458,23.52074948431893,1.3714511563376885,5910
608,1.7510432358685235,-29.806593950861892,0.133324299272087,0.05039792049462088,-27.871828495226662,-29.806593950861892,nan,0.10982377618163204,0.023500523090454917,1.7815098683424986,-29.728895991475405,0.1327312176456435,0.0505469677809732,-27.764107937706285,-29.728895991475405,nan,44.498506425299254,0.1161319895430296,0.0,0.020891067873466413,383.17182544101274,46.0,46.0,,7.859140965298189e-05,,,,,,,0.5104534562074812,,0,0.08265927184976479,1.984187025848458,inf,-inf,-0.08999637441254824,0.0529353558478308,-0.06388193186946226,0.061853000102405686,inf,-inf,2.108778210951245,0.19758763862045567,0.19758763862045567,0.19758763862045567,784,1.1993784056196803,0.9760635992599348,1.6902754378343188,,,-3.1352150993132164,0.4796769545837898,0.222370895312806,24.004409686245065,1.380291030315239,0.0,0.0,0.6063220114890491,0.6415879781193359,0.2621235298400617,0.0843590051061637,1.984187025848458,23.52074948431893,1.3714511563376885,5910
609,1.7438848609670312,-29.80788797660995,0.1333188905198708,0.04947980342982032,-27.881204421693226,-29.80788797660995,nan,0.10979983718482873,0.023519053335042103,1.7815098683424986,-29.728895991475405,0.1327312176456435,0.0505469677809732,-27.764107937706285,-29.728895991475405,nan,43.831431900991596,0.11730877149540044,0.0,0.018366116889015113,373.6415558891961,46.0,46.0,,7.816170668618544e-05,,,,,,,0.5104534562074812,,0,0.08265927184976479,1.984187025848458,inf,-inf,-0.0879489537276662,0.05333053779832843,-0.06443085480174195,0.06212377722706282,inf,-inf,2.1079088133664117,0.19752924843250344,0.19752924843250344,0.19752924843250344,784,1.1993784056196803,0.9760635992599348,1.6902754378343188,,,-3.1352150993132164,0.4796769545837898,0.222370895312806,24.004409686245065,1.380291030315239,0.0,0.0,0.6063220114890491,0.6415879781193359,0.2621235298400617,0.0843590051061637,1.984187025848458,23.52074948431893,1.3714511563376885,5910
610,1.7511031440545506,-29.808753386596347,0.13333622968217237,0.049242412495150975,-27.875071600364475,-29.808753386596347,nan,0.10979942143442196,0.023536808247750347,1.7796159909269471,-29.72943968807332,0.13271626235875733,0.05220521398330928,-27.764902220804306,-29.72943968807332,nan,51.73237350971865,0.11611396851998038,0.0,0.0192379616142919,445.5310086212131,46.0,46.0,,7.773293996974427e-05,,,,,,,0.5118312669340981,,0,0.08231330185970653,1.991771055607006,inf,-inf,-0.08825518701084106,0.05373900629434734,-0.0640911602025649,0.061851691742978464,inf,-inf,2.1068963630185453,0.19747444002194198,0.19747444002194198,0.19747444002194198,784,1.1943277625652697,0.9732206700138075,1.6893764367599042,,,-3.1330848339877657,0.48067546161727215,0.22377275476142247,24.197438452921602,1.38376939388778,0.0,0.0,0.6082794814306034,0.6434745787866704,0.26378686961716696,0.08407980643373082,1.991771055607006,23.68905377032308,1.3745477137183548,5910
611,1.739141290268248,-29.80930801782551,0.13330855177531117,0.04961888268351644,-27.887239293098435,-29.80930801782551,nan,0.1097546624214924,0.023553889353818806,1.7796159909269471,-29.72943968807332,0.13271626235875733,0.05220521398330928,-27.764902220804306,-29.72943968807332,nan,47.20131333482722,0.11643964644529806,0.0,0.020108808942107672,405.37149309365026,46.0,46.0,,7.730511472804565e-05,,,,,,,0.5118312669340981,,0,0.08231330185970653,1.991771055607006,inf,-inf,-0.0883888658320017,0.052716370295178144,-0.06351492849874965,0.06159897184435319,inf,-inf,2.1054895091587817,0.1974363336231744,0.1974363336231744,0.1974363336231744,784,1.1943277625652697,0.9732206700138075,1.6893764367599042,,,-3.1330848339877657,0.48067546161727215,0.22377275476142247,24.197438452921602,1.38376939388778,0.0,0.0,0.6082794814306034,0.6434745787866704,0.26378686961716696,0.08407980643373082,1.991771055607006,23.68905377032308,1.3745477137183548,5910
612,1.7402480967159273,-29.80872877424992,0.1333328566909126,0.049361827799328115,-27.885785993043754,-29.80872877424992,nan,0.10975203319341878,0.023580823497493842,1.7796159909269471,-29.72943968807332,0.13271626235875733,0.05220521398330928,-27.764902220804306,-29.72943968807332,nan,44.12137138267757,0.1129459045340829,0.0,0.019556939012340693,390.6416223295938,46.0,46.0,,7.687823617400497e-05,,,,,,,0.5118312669340981,,0,0.08231330185970653,1.991771055607006,inf,-inf,-0.08886451899858272,0.05412617910936638,-0.06365493439209684,0.06202681859240854,inf,-inf,2.1050197590335857,0.19736217470299952,0.19736217470299952,0.19736217470299952,784,1.1943277625652697,0.9732206700138075,1.6893764367599042,,,-3.1330848339877657,0.48067546161727215,0.22377275476142247,24.197438452921602,1.38376939388778,0.0,0.0,0.6082794814306034,0.6434745787866704,0.26378686961716696,0.08407980643373082,1.991771055607006,23.68905377032308,1.3745477137183548,5910
613,1.7430029253560448,-29.808743656909634,0.13331520536287292,0.04905448931827796,-27.88337103687244,-29.808743656909634,nan,0.10972511501669037,0.02359009034618253,1.7796159909269471,-29.72943968807332,0.13271626235875733,0.05220521398330928,-27.764902220804306,-29.72943968807332,nan,47.064451670066546,0.11721702806177338,0.0,0.01824090665908131,401.51548327316044,46.0,46.0,,7.645230950900287e-05,,,,,,,0.5118312669340981,,0,0.08231330185970653,1.991771055607006,inf,-inf,-0.08814759892106264,0.053801769413091796,-0.06617477081165644,0.06151263991570801,inf,-inf,2.10425776574923,0.19727385031614444,0.19727385031614444,0.19727385031614444,784,1.1943277625652697,0.9732206700138075,1.6893764367599042,,,-3.1330848339877657,0.48067546161727215,0.22377275476142247,24.197438452921602,1.38376939388778,0.0,0.0,0.6082794814306034,0.6434745787866704,0.26378686961716696,0.08407980643373082,1.991771055607006,23.68905377032308,1.3745477137183548,5910
614,1.7389353061891089,-29.80868480699073,0.1333209788911471,0.0498922038561545,-27.886536318054322,-29.80868480699073,nan,0.10970945770685553,0.023611521184291617,1.7796159909269471,-29.72943968807332,0.13271626235875733,0.05220521398330928,-27.764902220804306,-29.72943968807332,nan,46.627982770502065,0.119150966832673,0.0,0.016159391088212984,391.33532870096667,46.0,46.0,,7.602733992282125e-05,,,,,,,0.5118312669340981,,0,0.08231330185970653,1.991771055607006,inf,-inf,-0.09008947322522573,0.05424407025428823,-0.06594269284270529,0.06171714368302597,inf,-inf,2.1025579902751517,0.1972459250931384,0.1972459250931384,0.1972459250931384,784,1.1943277625652697,0.9732206700138075,1.6893764367599042,,,-3.1330848339877657,0.48067546161727215,0.22377275476142247,24.197438452921602,1.38376939388778,0.0,0.0,0.6082794814306034,0.6434745787866704,0.26378686961716696,0.08407980643373082,1.991771055607006,23.68905377032308,1.3745477137183548,5910
615,1.7383105876188296,-29.809826192396052,0.13333714082729256,0.0488314133999849,-27.889347050549944,-29.809826192396052,nan,0.10970825646809103,0.023628884359201567,1.7704830347068015,-29.73001064538829,0.1327099919492572,0.05256526504228429,-27.77425235368995,-29.73001064538829,nan,38.41470518181107,0.11270908311080498,0.0,0.017583676374212803,340.83060674041104,46.0,46.0,,7.560333259358035e-05,,,,,,,0.5130691664733993,,0,0.08198510183795858,1.9983793203705198,inf,-inf,-0.08973216075412424,0.0541123293372634,-0.06410871525857793,0.0616724189466704,inf,-inf,2.102002751293381,0.19714073427163054,0.19714073427163054,0.19714073427163054,784,1.1893748090161753,0.970467918481601,1.6885989434107196,,,-3.1312016859174143,0.4816539881740324,0.22507996612284545,24.37490806952054,1.3869429864228722,0.0,0.0,0.6100432357491424,0.6452315488325457,0.2653047900049122,0.0837670659161414,1.9983793203705198,23.856384350038986,1.3776046230805998,5910
616,1.7327076943483204,-29.80800536210096,0.13330731110995397,0.04865561558316772,-27.89333474105952,-29.80800536210096,nan,0.1096715265988002,0.023635784511153776,1.7704830347068015,-29.73001064538829,0.1327099919492572,0.05256526504228429,-27.77425235368995,-29.73001064538829,nan,39.549137938011334,0.11354429324621998,0.0,0.01606897677856465,348.31462513267235,46.0,46.0,,7.518029268767581e-05,,,,,,,0.5130691664733993,,0,0.08198510183795858,1.9983793203705198,inf,-inf,-0.08878524644889117,0.05412536775233283,-0.06544133012672206,0.0617883359605309,inf,-inf,2.1012408079450084,0.19706853015646877,0.19706853015646877,0.19706853015646877,784,1.1893748090161753,0.970467918481601,1.6885989434107196,,,-3.1312016859174143,0.4816539881740324,0.22507996612284545,24.37490806952054,1.3869429864228722,0.0,0.0,0.6100432357491424,0.6452315488325457,0.2653047900049122,0.0837670659161414,1.9983793203705198,23.856384350038986,1.3776046230805998,5910
617,1.7407238535062717,-29.809310018204087,0.13330987474850017,0.048827940134296935,-27.886448349815016,-29.809310018204087,nan,0.10964802778079098,0.023661846967709208,1.7704830347068015,-29.73001064538829,0.1327099919492572,0.05256526504228429,-27.77425235368995,-29.73001064538829,nan,39.63004056495397,0.11479743540216025,0.0,0.01717559994263989,345.21712463454753,46.0,46.0,,7.475822535971524e-05,,,,,,,0.5130691664733993,,0,0.08198510183795858,1.9983793203705198,inf,-inf,-0.08893582477551518,0.054175053618892334,-0.06411182974451993,0.06197670836769925,inf,-inf,2.0998308088398185,0.1970525492324469,0.1970525492324469,0.1970525492324469,784,1.1893748090161753,0.970467918481601,1.6885989434107196,,,-3.1312016859174143,0.4816539881740324,0.22507996612284545,24.37490806952054,1.3869429864228722,0.0,0.0,0.6100432357491424,0.6452315488325457,0.2653047900049122,0.0837670659161414,1.9983793203705198,23.856384350038986,1.3776046230805998,5910
618,1.738610671823799,-29.810162258101478,0.1333003840686076,0.04954175341809928,-27.88870944879097,-29.810162258101478,nan,0.10962015722319347,0.02368022684541414,1.7704830347068015,-29.73001064538829,0.1327099919492572,0.05256526504228429,-27.77425235368995,-29.73001064538829,nan,48.014329506260886,0.11421941158561273,0.0,0.0193212029049046,420.3692598282379,46.0,46.0,,7.433713575245592e-05,,,,,,,0.5130691664733993,,0,0.08198510183795858,1.9983793203705198,inf,-inf,-0.08874831579790167,0.05411368518827986,-0.06304569893454938,0.061524830283117594,inf,-inf,2.0987823539157993,0.19697231996841,0.19697231996841,0.19697231996841,784,1.1893748090161753,0.970467918481601,1.6885989434107196,,,-3.1312016859174143,0.4816539881740324,0.22507996612284545,24.37490806952054,1.3869429864228722,0.0,0.0,0.6100432357491424,0.6452315488325457,0.2653047900049122,0.0837670659161414,1.9983793203705198,23.856384350038986,1.3776046230805998,5910
619,1.733508094176083,-29.808789340808794,0.13333058626422653,0.049265406668511307,-27.892685253699973,-29.808789340808794,nan,0.10963271899648387,0.02369786726774268,1.7704830347068015,-29.73001064538829,0.1327099919492572,0.05256526504228429,-27.77425235368995,-29.73001064538829,nan,39.47719766042476,0.11598030426976705,0.0,0.018699317305925806,340.37846261035725,46.0,46.0,,7.391702899674186e-05,,,,,,,0.5130691664733993,,0,0.08198510183795858,1.9983793203705198,inf,-inf,-0.08982149338463429,0.05404688917452029,-0.0627326143550248,0.061785868781974305,inf,-inf,2.0980028767730023,0.1968881253442273,0.1968881253442273,0.1968881253442273,784,1.1893748090161753,0.970467918481601,1.6885989434107196,,,-3.1312016859174143,0.4816539881740324,0.22507996612284545,24.37490806952054,1.3869429864228722,0.0,0.0,0.6100432357491424,0.6452315488325457,0.2653047900049122,0.0837670659161414,1.9983793203705198,23.856384350038986,1.3776046230805998,5910
620,1.7358328283712516,-29.809294479885924,0.1333213810846512,0.0490260558654734,-27.89111421456455,-29.809294479885924,nan,0.10960319150487682,0.023718189579774403,1.7684928818037333,-29.72474706284094,0.1326948885773221,0.051353271621235874,-27.77220602083865,-29.72474706284094,nan,39.8248591927336,0.11465413629931918,0.0,0.01873819949006068,347.34777547637486,46.0,46.0,,7.349791021144118e-05,,,,,,,0.5143981840218609,,0,0.08168303403047568,2.0044200642973973,inf,-inf,-0.09027644640761891,0.05429522209009592,-0.06549868103440377,0.06149723422491115,inf,-inf,2.096655684144456,0.19684628933550208,0.19684628933550208,0.19684628933550208,784,1.1846161449710126,0.9678013048074383,1.687006642866404,,,-3.129150943469017,0.4826029003874557,0.22641331774069592,24.539001129041736,1.3898568806006724,0.0,0.0,0.6119154704587055,0.6470932870133828,0.26686318196109493,0.08351388534821655,2.0044200642973973,24.001039538992085,1.3802300523895576,5910
621,1.7338437615926778,-29.80893288038072,0.13329677857573333,0.048660530829509406,-27.8931318093828,-29.80893288038072,nan,0.10957652707637208,0.023720251499361255,1.7684928818037333,-29.72474706284094,0.1326948885773221,0.051353271621235874,-27.77220602083865,-29.72474706284094,nan,44.18462213479417,0.11684949831157393,0.0,0.018227782079416426,378.13275001812895,46.0,46.0,,7.307978450338414e-05,,,,,,,0.5143981840218609,,0,0.08168303403047568,2.0044200642973973,inf,-inf,-0.09004206837258277,0.054668255345281656,-0.06415830092619117,0.06206823394567625,inf,-inf,2.095462179589538,0.196781715876571,0.196781715876571,0.196781715876571,784,1.1846161449710126,0.9678013048074383,1.687006642866404,,,-3.129150943469017,0.4826029003874557,0.22641331774069592,24.539001129041736,1.3898568806006724,0.0,0.0,0.6119154704587055,0.6470932870133828,0.26686318196109493,0.08351388534821655,2.0044200642973973,24.001039538992085,1.3802300523895576,5910
622,1.7390479160759025,-29.80837427910387,0.13331267535122432,0.04885744226045848,-27.887156245416286,-29.80837427910387,nan,0.10956579804717015,0.023746877304054104,1.7684928818037333,-29.72474706284094,0.1326948885773221,0.051353271621235874,-27.77220602083865,-29.72474706284094,nan,43.28632790544107,0.11650681168967805,0.0,0.016956209827454743,371.53473927976376,46.0,46.0,,7.266265696730044e-05,,,,,,,0.5143981840218609,,0,0.08168303403047568,2.0044200642973973,inf,-inf,-0.0897253198533723,0.053749283465291335,-0.06384482617677187,0.06170003814868189,inf,-inf,2.0946149008965387,0.19676435555000182,0.19676435555000182,0.19676435555000182,784,1.1846161449710126,0.9678013048074383,1.687006642866404,,,-3.129150943469017,0.4826029003874557,0.22641331774069592,24.539001129041736,1.3898568806006724,0.0,0.0,0.6119154704587055,0.6470932870133828,0.26686318196109493,0.08351388534821655,2.0044200642973973,24.001039538992085,1.3802300523895576,5910
623,1.7299418085739948,-29.809422622132196,0.13330350894884266,0.0484741147790868,-27.897703189830274,-29.809422622132196,nan,0.10953759431617556,0.023765914632667123,1.7684928818037333,-29.72474706284094,0.1326948885773221,0.051353271621235874,-27.77220602083865,-29.72474706284094,nan,47.71645483130149,0.11565761087049267,0.0,0.016939858379336106,412.5664923576182,46.0,46.0,,7.224653268575755e-05,,,,,,,0.5143981840218609,,0,0.08168303403047568,2.0044200642973973,inf,-inf,-0.08964921885537733,0.05363194266038389,-0.06433394651548631,0.061908497937012516,inf,-inf,2.0941948530434416,0.19669105742258142,0.19669105742258142,0.19669105742258142,784,1.1846161449710126,0.9678013048074383,1.687006642866404,,,-3.129150943469017,0.4826029003874557,0.22641331774069592,24.539001129041736,1.3898568806006724,0.0,0.0,0.6119154704587055,0.6470932870133828,0.26686318196109493,0.08351388534821655,2.0044200642973973,24.001039538992085,1.3802300523895576,5910
624,1.7340568169825925,-29.809059002712576,0.1332996283998233,0.049270912353291084,-27.892431644976874,-29.809059002712576,nan,0.1095219486011482,0.023777679798675063,1.7684928818037333,-29.72474706284094,0.1326948885773221,0.051353271621235874,-27.77220602083865,-29.72474706284094,nan,48.13593425300302,0.11153447095321774,0.0,0.02078794335200707,431.5789893618921,46.0,46.0,,7.183141672909844e-05,,,,,,,0.5143981840218609,,0,0.08168303403047568,2.0044200642973973,inf,-inf,-0.08933737281936084,0.053251626532376944,-0.06430838999010724,0.06190663345425492,inf,-inf,2.0928955953792423,0.19661935297634114,0.19661935297634114,0.19661935297634114,784,1.1846161449710126,0.9678013048074383,1.687006642866404,,,-3.129150943469017,0.4826029003874557,0.22641331774069592,24.539001129041736,1.3898568806006724,0.0,0.0,0.6119154704587055,0.6470932870133828,0.26686318196109493,0.08351388534821655,2.0044200642973973,24.001039538992085,1.3802300523895576,5910
625,1.7320844010910543,-29.810256901488778,0.13329376042439242,0.0491339061669609,-27.89574483380637,-29.810256901488778,nan,0.10949653036561276,0.023797230058779675,1.7697393564252186,-29.726334640327764,0.13266918037621345,0.049016742532055305,-27.77490936099428,-29.726334640327764,nan,40.84007707805984,0.11334993021660918,0.0,0.017405393055942558,360.3008577068849,46.0,46.0,,7.141731415538012e-05,,,,,,,0.5158191549183121,,0,0.08140523949655694,2.011919847035977,inf,-inf,-0.08890812988777866,0.054983056739533784,-0.06547866682574066,0.061739711084615186,inf,-inf,2.0919746497266463,0.19659316503885682,0.19659316503885682,0.19659316503885682,784,1.1799798952380962,0.9652143590965961,1.686378472360788,,,-3.1268894210869944,0.4837771796246173,0.22776050756416796,24.71486920840116,1.3929583165074995,0.0,0.0,0.6138941959919487,0.6487291144446681,0.26845803933246576,0.08327855808162726,2.011919847035977,24.158917894134895,1.383077477832755,5910
626,1.7310210562742043,-29.80869194578952,0.13329204853388327,0.049693141757402685,-27.89468569922403,-29.80869194578952,nan,0.10947769777216183,0.023814350761721375,1.7697393564252186,-29.726334640327764,0.13266918037621345,0.049016742532055305,-27.77490936099428,-29.726334640327764,nan,45.968442960547826,0.11553846338724272,0.0,0.019254567985212346,397.86268237338766,46.0,46.0,,7.100423001031169e-05,,,,,,,0.5158191549183121,,0,0.08140523949655694,2.011919847035977,inf,-inf,-0.08910644929814276,0.05405705279444813,-0.06455056862622867,0.06160635404978416,inf,-inf,2.0911981726592384,0.19651775852867895,0.19651775852867895,0.19651775852867895,784,1.1799798952380962,0.9652143590965961,1.686378472360788,,,-3.1268894210869944,0.4837771796246173,0.22776050756416796,24.71486920840116,1.3929583165074995,0.0,0.0,0.6138941959919487,0.6487291144446681,0.26845803933246576,0.08327855808162726,2.011919847035977,24.158917894134895,1.383077477832755,5910
627,1.7310885991165454,-29.810299030886327,0.13328892942887452,0.049091590825820215,-27.896829911515084,-29.810299030886327,nan,0.10945838964316089,0.0238305397857136,1.7697393564252186,-29.726334640327764,0.13266918037621345,0.049016742532055305,-27.77490936099428,-29.726334640327764,nan,43.88863475394157,0.11994394388678098,0.0,0.023288780068365652,365.90955184339686,46.0,46.0,,7.05921693271932e-05,,,,,,,0.5158191549183121,,0,0.08140523949655694,2.011919847035977,inf,-inf,-0.09016440593266505,0.05310112809581444,-0.0635239404355119,0.06155680044464195,inf,-inf,2.090022137040834,0.19646382312217503,0.19646382312217503,0.19646382312217503,784,1.1799798952380962,0.9652143590965961,1.686378472360788,,,-3.1268894210869944,0.4837771796246173,0.22776050756416796,24.71486920840116,1.3929583165074995,0.0,0.0,0.6138941959919487,0.6487291144446681,0.26845803933246576,0.08327855808162726,2.011919847035977,24.158917894134895,1.383077477832755,5910
628,1.7285682440078072,-29.81059920341215,0.13328229518005355,0.049439299220259025,-27.89930936500403,-29.81059920341215,nan,0.10943141903743121,0.023850876142622282,1.7697393564252186,-29.726334640327764,0.13266918037621345,0.049016742532055305,-27.77490936099428,-29.726334640327764,nan,47.71559240111433,0.1165300140563132,0.0,0.01685838611564974,409.47040801055545,46.0,46.0,,7.01811371268539e-05,,,,,,,0.5158191549183121,,0,0.08140523949655694,2.011919847035977,inf,-inf,-0.08924606734660634,0.05349963508991929,-0.06570438416080093,0.061747586656325765,inf,-inf,2.0893049124443226,0.19638581077874426,0.19638581077874426,0.19638581077874426,784,1.1799798952380962,0.9652143590965961,1.686378472360788,,,-3.1268894210869944,0.4837771796246173,0.22776050756416796,24.71486920840116,1.3929583165074995,0.0,0.0,0.6138941959919487,0.6487291144446681,0.26845803933246576,0.08327855808162726,2.011919847035977,24.158917894134895,1.383077477832755,5910
629,1.7250178365243962,-29.80909247229087,0.13327859610357268,0.04829262584140606,-27.902503413821496,-29.80909247229087,nan,0.10941346934915601,0.02386512675441664,1.7697393564252186,-29.726334640327764,0.13266918037621345,0.049016742532055305,-27.77490936099428,-29.726334640327764,nan,41.123718401745755,0.11917786607348262,0.0,0.020099212680406407,345.06171117705463,46.0,46.0,,6.977113841759156e-05,,,,,,,0.5158191549183121,,0,0.08140523949655694,2.011919847035977,inf,-inf,-0.09001922463392802,0.05416846409197283,-0.06477025199496428,0.061792407284264474,inf,-inf,2.088283026534153,0.19633968317264539,0.19633968317264539,0.19633968317264539,784,1.1799798952380962,0.9652143590965961,1.686378472360788,,,-3.1268894210869944,0.4837771796246173,0.22776050756416796,24.71486920840116,1.3929583165074995,0.0,0.0,0.6138941959919487,0.6487291144446681,0.26845803933246576,0.08327855808162726,2.011919847035977,24.158917894134895,1.383077477832755,5910
630,1.7255790682636203,-29.81124113401851,0.1333054254397317,0.04962539359584589,-27.90273124671931,-29.81124113401851,nan,0.1094194436749454,0.023885981764786315,1.7624693039015882,-29.723218828222855,0.132655075461863,0.047309247254672226,-27.78078520160473,-29.723218828222855,nan,44.990277567416925,0.11560826653401711,0.0,0.020058074144712567,389.1614234539083,46.0,46.0,,6.9362178195111e-05,,,,,,,0.5170643647473927,,0,0.08111431440321296,2.017959674446731,inf,-inf,-0.09037158838487089,0.05445415981388722,-0.06397033937535927,0.06174479168004912,inf,-inf,2.0876093550381984,0.19628323386355492,0.19628323386355492,0.19628323386355492,784,1.1755445993351403,0.9627265417603296,1.6854653453554587,,,-3.124954879683145,0.48438173501314996,0.22901297603748333,24.877972393572982,1.3958149815587237,0.0,0.0,0.6156467967191708,0.6498509734170022,0.26992158104713926,0.08302041686396398,2.017959674446731,24.306788024846103,1.3857275736007457,5910
631,1.7270198512532673,-29.810508619645567,0.13328723060485853,0.049018936913419076,-27.901182600874023,-29.810508619645567,nan,0.10939413950249405,0.023893091102364483,1.7624693039015882,-29.723218828222855,0.132655075461863,0.047309247254672226,-27.78078520160473,-29.723218828222855,nan,43.99387768734767,0.11502197187760224,0.0,0.017375089733757187,382.4823811416019,46.0,46.0,,6.895426144246345e-05,,,,,,,0.5170643647473927,,0,0.08111431440321296,2.017959674446731,inf,-inf,-0.09113722271526946,0.054707010264378846,-0.06499626593140306,0.06178525382627849,inf,-inf,2.086720239240355,0.19620785039288113,0.19620785039288113,0.19620785039288113,784,1.1755445993351403,0.9627265417603296,1.6854653453554587,,,-3.124954879683145,0.48438173501314996,0.22901297603748333,24.877972393572982,1.3958149815587237,0.0,0.0,0.6156467967191708,0.6498509734170022,0.26992158104713926,0.08302041686396398,2.017959674446731,24.306788024846103,1.3857275736007457,5910
632,1.7231481766730719,-29.80832688662658,0.13327365089994705,0.04858469004052218,-27.90332036901304,-29.80832688662658,nan,0.10935923413551919,0.02391441676442785,1.7624693039015882,-29.723218828222855,0.132655075461863,0.047309247254672226,-27.78078520160473,-29.723218828222855,nan,46.509366988286956,0.11618276003820775,0.0,0.019245305271706023,400.31212008556116,46.0,46.0,,6.854739312998589e-05,,,,,,,0.5170643647473927,,0,0.08111431440321296,2.017959674446731,inf,-inf,-0.08995085425321163,0.05435126875742244,-0.06429264159532494,0.0622484004001289,inf,-inf,2.085919218381989,0.19621006811355804,0.19621006811355804,0.19621006811355804,784,1.1755445993351403,0.9627265417603296,1.6854653453554587,,,-3.124954879683145,0.48438173501314996,0.22901297603748333,24.877972393572982,1.3958149815587237,0.0,0.0,0.6156467967191708,0.6498509734170022,0.26992158104713926,0.08302041686396398,2.017959674446731,24.306788024846103,1.3857275736007457,5910
633,1.726250295381678,-29.809397096106398,0.133252023436198,0.048430917902006924,-27.901463859386514,-29.809397096106398,nan,0.10931704116392899,0.023934982272269027,1.7624693039015882,-29.723218828222855,0.132655075461863,0.047309247254672226,-27.78078520160473,-29.723218828222855,nan,45.011149079139216,0.11500825540789662,0.0,0.01797194176635958,391.37320116281575,46.0,46.0,,6.814157821524022e-05,,,,,,,0.5170643647473927,,0,0.08111431440321296,2.017959674446731,inf,-inf,-0.09084323525133163,0.05478239777032751,-0.06370588535333555,0.06179531506480691,inf,-inf,2.0851162371003924,0.19612301874225452,0.19612301874225452,0.19612301874225452,784,1.1755445993351403,0.9627265417603296,1.6854653453554587,,,-3.124954879683145,0.48438173501314996,0.22901297603748333,24.877972393572982,1.3958149815587237,0.0,0.0,0.6156467967191708,0.6498509734170022,0.26992158104713926,0.08302041686396398,2.017959674446731,24.306788024846103,1.3857275736007457,5910
634,1.7197246397932495,-29.810753268599345,0.1332520298838781,0.04880956974134185,-27.90896702918088,-29.810753268599345,nan,0.10930965600945146,0.023942373874426638,1.7624693039015882,-29.723218828222855,0.132655075461863,0.047309247254672226,-27.78078520160473,-29.723218828222855,nan,41.97346846082808,0.11615610722946408,0.0,0.01896652454763879,361.3539525555064,46.0,46.0,,6.77368216429532e-05,,,,,,,0.5170643647473927,,0,0.08111431440321296,2.017959674446731,inf,-inf,-0.0903179715445721,0.054868995453967034,-0.06584132131298455,0.06160653114024154,inf,-inf,2.083835388769827,0.19606942134457678,0.19606942134457678,0.19606942134457678,784,1.1755445993351403,0.9627265417603296,1.6854653453554587,,,-3.124954879683145,0.48438173501314996,0.22901297603748333,24.877972393572982,1.3958149815587237,0.0,0.0,0.6156467967191708,0.6498509734170022,0.26992158104713926,0.08302041686396398,2.017959674446731,24.306788024846103,1.3857275736007457,5910
635,1.7244733552108196,-29.809757343281802,0.13325920152082346,0.048593992491109066,-27.90343079405905,-29.809757343281802,nan,0.10929797305168486,0.023961228469138535,1.7727540381162914,-29.739595382082996,0.13260776717309541,0.06053637548402191,-27.773697201309588,-29.739595382082996,nan,42.71257142230902,0.11880327971508493,0.0,0.01830167943805645,359.5235041047914,46.0,46.0,,6.733312834495581e-05,,,,,,,0.5185388557490934,,0,0.08087976220943312,2.0263332822054267,inf,-inf,-0.08978463781467594,0.054396521668885034,-0.06546753748928773,0.061908247727470556,inf,-inf,2.0834575435009923,0.19600642003659025,0.19600642003659025,0.19600642003659025,784,1.1712279665523204,0.9603061543954292,1.684149229230785,,,-3.122581729811321,0.48536657794744703,0.23035567085881592,25.0536503428183,1.398871011969563,0.0,0.0,0.6176925284904902,0.6515517929549244,0.2715236733720009,0.08285301345747682,2.0263332822054267,24.456965385398018,1.38840256888439,5910
636,1.7214923395031574,-29.81172571844416,0.1332471543545791,0.049882989430581004,-27.90710323515584,-29.81172571844416,nan,0.10926764752490366,0.02397950682967541,1.7727540381162914,-29.739595382082996,0.13260776717309541,0.06053637548402191,-27.773697201309588,-29.739595382082996,nan,44.67584606686235,0.1199162403168141,0.0,0.01874116643832479,372.5587622563089,46.0,46.0,,6.693050324012363e-05,,,,,,,0.5185388557490934,,0,0.08087976220943312,2.0263332822054267,inf,-inf,-0.08971893470774495,0.054570003098439915,-0.06483037046797215,0.0618699147705374,inf,-inf,2.081981521878846,0.1960175846203845,0.1960175846203845,0.1960175846203845,784,1.1712279665523204,0.9603061543954292,1.684149229230785,,,-3.122581729811321,0.48536657794744703,0.23035567085881592,25.0536503428183,1.398871011969563,0.0,0.0,0.6176925284904902,0.6515517929549244,0.2715236733720009,0.08285301345747682,2.0263332822054267,24.456965385398018,1.38840256888439,5910
637,1.721927134445312,-29.809765786442632,0.13326511039888647,0.04926871916250891,-27.905304822435923,-29.809765786442632,nan,0.10926393812149701,0.024001172277389453,1.7727540381162914,-29.739595382082996,0.13260776717309541,0.06053637548402191,-27.773697201309588,-29.739595382082996,nan,46.383287163429365,0.11336308250928233,0.0,0.018024795356470138,409.1568977901729,46.0,46.0,,6.652895123431637e-05,,,,,,,0.5185388557490934,,0,0.08087976220943312,2.0263332822054267,inf,-inf,-0.08958019622043066,0.055433181978493805,-0.06485040006464715,0.061860421209756884,inf,-inf,2.0815732480239775,0.19594386337434377,0.19594386337434377,0.19594386337434377,784,1.1712279665523204,0.9603061543954292,1.684149229230785,,,-3.122581729811321,0.48536657794744703,0.23035567085881592,25.0536503428183,1.398871011969563,0.0,0.0,0.6176925284904902,0.6515517929549244,0.2715236733720009,0.08285301345747682,2.0263332822054267,24.456965385398018,1.38840256888439,5910
638,1.7269604450566982,-29.8110421581711,0.1332276611946269,0.049148501078179904,-27.901705550841598,-29.8110421581711,nan,0.10922433905438333,0.024003322140243585,1.7727540381162914,-29.739595382082996,0.13260776717309541,0.06053637548402191,-27.773697201309588,-29.739595382082996,nan,41.23377211164655,0.11467174120108029,0.0,0.015068849642597717,359.58093667856593,46.0,46.0,,6.612847722031862e-05,,,,,,,0.5185388557490934,,0,0.08087976220943312,2.0263332822054267,inf,-inf,-0.08959062753372865,0.05528517942643315,-0.06521241794278143,0.061750388791878115,inf,-inf,2.080524416277288,0.19587737108834824,0.19587737108834824,0.19587737108834824,784,1.1712279665523204,0.9603061543954292,1.684149229230785,,,-3.122581729811321,0.48536657794744703,0.23035567085881592,25.0536503428183,1.398871011969563,0.0,0.0,0.6176925284904902,0.6515517929549244,0.2715236733720009,0.08285301345747682,2.0263332822054267,24.456965385398018,1.38840256888439,5910
639,1.7186168022784156,-29.81041849921569,0.1332471349920737,0.04887093385881998,-27.90968362808638,-29.81041849921569,nan,0.10921633044303788,0.024030804549035844,1.7727540381162914,-29.739595382082996,0.13260776717309541,0.06053637548402191,-27.773697201309588,-29.739595382082996,nan,41.35082088333623,0.1178955079099581,0.0,0.018680364374832958,350.74127603672264,46.0,46.0,,6.572908607777972e-05,,,,,,,0.5185388557490934,,0,0.08087976220943312,2.0263332822054267,inf,-inf,-0.08954500051632053,0.05344660333471394,-0.06473827079353615,0.06205222988923589,inf,-inf,2.0795302844084533,0.19583490094395084,0.19583490094395084,0.19583490094395084,784,1.1712279665523204,0.9603061543954292,1.684149229230785,,,-3.122581729811321,0.48536657794744703,0.23035567085881592,25.0536503428183,1.398871011969563,0.0,0.0,0.6176925284904902,0.6515517929549244,0.2715236733720009,0.08285301345747682,2.0263332822054267,24.456965385398018,1.38840256888439,5910
640,1.718644549571068,-29.810348988813438,0.13323498969225,0.04925247082647252,-27.909216978723645,-29.810348988813438,nan,0.10919114188624579,0.02404384780600423,1.7537998158580868,-29.729785698215743,0.13257640066885917,0.04940034152173624,-27.79400914016706,-29.729785698215743,nan,38.68027287540438,0.12181782972916845,0.0,0.021524294964387135,317.5255458203476,46.0,46.0,,6.533078267315479e-05,,,,,,,0.5198847027321523,,0,0.08065083209463088,2.032415667720916,inf,-inf,-0.09012675916026829,0.053291510063362454,-0.06525366864549902,0.0621038581434489,inf,-inf,2.07872137538629,0.19574871946043298,0.19574871946043298,0.19574871946043298,784,1.1670395584363624,0.9579716248070274,1.683275140221804,,,-3.1204361934276976,0.48646385642422263,0.23160426812798382,25.200182253993372,1.4014036817187427,0.0,0.0,0.6195572406664497,0.6530381824549053,0.27299151269733285,0.08264097531471322,2.032415667720916,24.593316571846767,1.390817100179379,5910
641,1.7124465166313085,-29.81227877011694,0.13322036762476888,0.049194706730619917,-27.91741717913024,-29.81227877011694,nan,0.10916758813131511,0.024052779493453805,1.7537998158580868,-29.729785698215743,0.13257640066885917,0.04940034152173624,-27.79400914016706,-29.729785698215743,nan,45.01074720121493,0.11444997788982611,0.0,0.019362634846937014,393.27877585563175,46.0,46.0,,6.493357185964518e-05,,,,,,,0.5198847027321523,,0,0.08065083209463088,2.032415667720916,inf,-inf,-0.08929971038044152,0.05454500917052022,-0.06484290118840078,0.06136155966328387,inf,-inf,2.077769436955542,0.19569806919460814,0.19569806919460814,0.19569806919460814,784,1.1670395584363624,0.9579716248070274,1.683275140221804,,,-3.1204361934276976,0.48646385642422263,0.23160426812798382,25.200182253993372,1.4014036817187427,0.0,0.0,0.6195572406664497,0.6530381824549053,0.27299151269733285,0.08264097531471322,2.032415667720916,24.593316571846767,1.390817100179379,5910
642,1.7220978505919726,-29.810532412599187,0.13320869451294093,0.049559786276940104,-27.905666081217333,-29.810532412599187,nan,0.10913808807278874,0.024070606440152208,1.7537998158580868,-29.729785698215743,0.13257640066885917,0.04940034152173624,-27.79400914016706,-29.729785698215743,nan,39.15313367643251,0.12004593745582447,0.0,0.019466717653395284,326.15125931138164,46.0,46.0,,6.453745847713916e-05,,,,,,,0.5198847027321523,,0,0.08065083209463088,2.032415667720916,inf,-inf,-0.09026831741515234,0.055340619977548425,-0.06566100736271116,0.0616033318463803,inf,-inf,2.0767070147487856,0.19569044687312812,0.19569044687312812,0.19569044687312812,784,1.1670395584363624,0.9579716248070274,1.683275140221804,,,-3.1204361934276976,0.48646385642422263,0.23160426812798382,25.200182253993372,1.4014036817187427,0.0,0.0,0.6195572406664497,0.6530381824549053,0.27299151269733285,0.08264097531471322,2.032415667720916,24.593316571846767,1.390817100179379,5910
643,1.7165705641200222,-29.810076654166824,0.13322965052654867,0.048912722292771084,-27.91136371722748,-29.810076654166824,nan,0.10914021800884967,0.024089432517698968,1.7537998158580868,-29.729785698215743,0.13257640066885917,0.04940034152173624,-27.79400914016706,-29.729785698215743,nan,47.038460406471984,0.11430756368948244,0.0,0.02154750651798206,411.50785554534605,46.0,46.0,,6.414244735215339e-05,,,,,,,0.5198847027321523,,0,0.08065083209463088,2.032415667720916,inf,-inf,-0.09100683010709014,0.05530209647927551,-0.06475943167024918,0.062323488475391806,inf,-inf,2.0760711440512796,0.19559952641599565,0.19559952641599565,0.19559952641599565,784,1.1670395584363624,0.9579716248070274,1.683275140221804,,,-3.1204361934276976,0.48646385642422263,0.23160426812798382,25.200182253993372,1.4014036817187427,0.0,0.0,0.6195572406664497,0.6530381824549053,0.27299151269733285,0.08264097531471322,2.032415667720916,24.593316571846767,1.390817100179379,5910
644,1.7124011485178305,-29.810015142056603,0.13323639149476757,0.04856728757985564,-27.915810314464146,-29.810015142056603,nan,0.10913370030782518,0.024102691186942426,1.7537998158580868,-29.729785698215743,0.13257640066885917,0.04940034152173624,-27.79400914016706,-29.729785698215743,nan,42.72857173296217,0.11600612394334063,0.0,0.0186803657307603,368.3303111983255,46.0,46.0,,6.374854329777377e-05,,,,,,,0.5198847027321523,,0,0.08065083209463088,2.032415667720916,inf,-inf,-0.09057900266973086,0.05493724578515938,-0.06557446563959303,0.06187946603362396,inf,-inf,2.0752728192162384,0.1955201319218393,0.1955201319218393,0.1955201319218393,784,1.1670395584363624,0.9579716248070274,1.683275140221804,,,-3.1204361934276976,0.48646385642422263,0.23160426812798382,25.200182253993372,1.4014036817187427,0.0,0.0,0.6195572406664497,0.6530381824549053,0.27299151269733285,0.08264097531471322,2.032415667720916,24.593316571846767,1.390817100179379,5910
645,1.7192573432441025,-29.810889008102105,0.1331985871792494,0.04908188355986394,-27.909351194118887,-29.810889008102105,nan,0.10908009226582348,0.024118494913425954,1.7453801712994452,-29.728282350870973,0.132568765283424,0.046876021904648124,-27.803457392383457,-29.728282350870973,nan,45.290809483421434,0.11700610872524925,0.0,0.017510251034994765,387.0807257574231,46.0,46.0,,6.33557511135968e-05,,,,,,,0.5210515098048407,,0,0.08038413105576708,2.0375721012011474,inf,-inf,-0.09011969131504252,0.05485032146715638,-0.06498567313143278,0.06156619844202745,inf,-inf,2.0743180387421885,0.19552702941958852,0.19552702941958852,0.19552702941958852,784,1.1630119664469682,0.9557001397999267,1.6829445704737513,,,-3.118619592508934,0.48732521990755256,0.23276153311569345,25.347939629870066,1.4039426641133912,0.0,0.0,0.6211899905656734,0.6545298018693491,0.2743185845233768,0.08241368793447855,2.0375721012011474,24.723709765555945,1.393113636717339,5910
646,1.7101746599815604,-29.81379191264288,0.13322687981270648,0.04930003472131479,-27.921090338127296,-29.81379191264288,nan,0.10908713768200949,0.024139742130696994,1.7453801712994452,-29.728282350870973,0.132568765283424,0.046876021904648124,-27.803457392383457,-29.728282350870973,nan,47.71600226104568,0.11476471987059995,0.0,0.019822649194005115,415.772393422357,46.0,46.0,,6.296407558567139e-05,,,,,,,0.5210515098048407,,0,0.08038413105576708,2.0375721012011474,inf,-inf,-0.08976327734173611,0.05475442635824016,-0.06497028076340675,0.06144416318015019,inf,-inf,2.073580484938534,0.19544505060064443,0.19544505060064443,0.19544505060064443,784,1.1630119664469682,0.9557001397999267,1.6829445704737513,,,-3.118619592508934,0.48732521990755256,0.23276153311569345,25.347939629870066,1.4039426641133912,0.0,0.0,0.6211899905656734,0.6545298018693491,0.2743185845233768,0.08241368793447855,2.0375721012011474,24.723709765555945,1.393113636717339,5910
647,1.711505492261207,-29.811168013611628,0.13322876559849747,0.04856994581979555,-27.917863809932125,-29.811168013611628,nan,0.10907937687796725,0.02414938872053018,1.7453801712994452,-29.728282350870973,0.132568765283424,0.046876021904648124,-27.803457392383457,-29.728282350870973,nan,52.26180236901243,0.11726913100342316,0.0,0.019912773912105,445.65694246925796,46.0,46.0,,6.257352148644017e-05,,,,,,,0.5210515098048407,,0,0.08038413105576708,2.0375721012011474,inf,-inf,-0.08956720585569716,0.05467801850820252,-0.06554912000171094,0.062108624516543726,inf,-inf,2.0726123695373624,0.19539423326272096,0.19539423326272096,0.19539423326272096,784,1.1630119664469682,0.9557001397999267,1.6829445704737513,,,-3.118619592508934,0.48732521990755256,0.23276153311569345,25.347939629870066,1.4039426641133912,0.0,0.0,0.6211899905656734,0.6545298018693491,0.2743185845233768,0.08241368793447855,2.0375721012011474,24.723709765555945,1.393113636717339,5910
648,1.708210997118949,-29.81108203348949,0.13322583389571305,0.04866795361188494,-27.92097724886294,-29.81108203348949,nan,0.10906538970630629,0.024160444189406736,1.7453801712994452,-29.728282350870973,0.132568765283424,0.046876021904648124,-27.803457392383457,-29.728282350870973,nan,43.05860488199017,0.11648054582785909,0.0,0.01620545976066098,369.663488232828,46.0,46.0,,6.218409357468167e-05,,,,,,,0.5210515098048407,,0,0.08038413105576708,2.0375721012011474,inf,-inf,-0.09133847450479761,0.0549140369408042,-0.06419555906005282,0.061654206319387755,inf,-inf,2.072136037732522,0.19534215437784158,0.19534215437784158,0.19534215437784158,784,1.1630119664469682,0.9557001397999267,1.6829445704737513,,,-3.118619592508934,0.48732521990755256,0.23276153311569345,25.347939629870066,1.4039426641133912,0.0,0.0,0.6211899905656734,0.6545298018693491,0.2743185845233768,0.08241368793447855,2.0375721012011474,24.723709765555945,1.393113636717339,5910
649,1.7138170085902242,-29.810339421104484,0.13322630305749952,0.0495498662989493,-27.913746243157814,-29.810339421104484,nan,0.10905163285461365,0.02417467020288587,1.7453801712994452,-29.728282350870973,0.132568765283424,0.046876021904648124,-27.803457392383457,-29.728282350870973,nan,44.18454712277769,0.11570661626306722,0.0,0.01595176428980195,381.8670751058952,46.0,46.0,,6.179579659545198e-05,,,,,,,0.5210515098048407,,0,0.08038413105576708,2.0375721012011474,inf,-inf,-0.09076202328192877,0.0554852900947182,-0.064621755329812,0.061642912435287744,inf,-inf,2.0708169416259636,0.1953175668424352,0.1953175668424352,0.1953175668424352,784,1.1630119664469682,0.9557001397999267,1.6829445704737513,,,-3.118619592508934,0.48732521990755256,0.23276153311569345,25.347939629870066,1.4039426641133912,0.0,0.0,0.6211899905656734,0.6545298018693491,0.2743185845233768,0.08241368793447855,2.0375721012011474,24.723709765555945,1.393113636717339,5910
650,1.7073535508999274,-29.811055542283484,0.1332200062193023,0.04923763897783634,-27.921244346186416,-29.811055542283484,nan,0.10902765353656872,0.02419235268273356,1.7438092126128384,-29.723160422334388,0.13256916440594102,0.04645112243549341,-27.800330922880118,-29.723160422334388,nan,47.76654350964669,0.11511129231111594,0.0,0.018553494424962312,414.95966686349175,46.0,46.0,,6.140863528002739e-05,,,,,,,0.5220266995885617,,0,0.08013326883460183,2.0419342591966685,inf,-inf,-0.09207652440717726,0.05685999025867696,-0.06464443302088611,0.06150632044993684,inf,-inf,2.069910302068285,0.19525277465582078,0.19525277465582078,0.19525277465582078,784,1.159143455562733,0.9535231766886616,1.6816857046200182,,,-3.1171739012901907,0.48807167812600516,0.23381972687385544,25.481729235472724,1.4062288966594325,0.0,0.0,0.6225824227042316,0.6560787882275554,0.2755256956121745,0.08219922553013448,2.0419342591966685,24.84128343092587,1.3951740300138018,5910
651,1.7108887019940169,-29.811752216754954,0.13321833044643408,0.0493544187073308,-27.91829076560717,-29.811752216754954,nan,0.10901532477035199,0.02420300567608211,1.7438092126128384,-29.723160422334388,0.13256916440594102,0.04645112243549341,-27.800330922880118,-29.723160422334388,nan,40.42686641301188,0.1158464930886994,0.0,0.01922105362641631,348.96927248422196,46.0,46.0,,6.102261434584626e-05,,,,,,,0.5220266995885617,,0,0.08013326883460183,2.0419342591966685,inf,-inf,-0.08950342071491685,0.054389994215082296,-0.06410679476369449,0.061539739080104364,inf,-inf,2.068733232794369,0.19519353928867808,0.19519353928867808,0.19519353928867808,784,1.159143455562733,0.9535231766886616,1.6816857046200182,,,-3.1171739012901907,0.48807167812600516,0.23381972687385544,25.481729235472724,1.4062288966594325,0.0,0.0,0.6225824227042316,0.6560787882275554,0.2755256956121745,0.08219922553013448,2.0419342591966685,24.84128343092587,1.3951740300138018,5910
652,1.7139630395924592,-29.812313426643122,0.13322494268053792,0.05029551610890213,-27.91482992826122,-29.812313426643122,nan,0.1090064301796314,0.024218512500906505,1.7438092126128384,-29.723160422334388,0.13256916440594102,0.04645112243549341,-27.800330922880118,-29.723160422334388,nan,39.132632249932186,0.11683275251857121,0.0,0.02037662064533877,334.94573573204,46.0,46.0,,6.063773849645177e-05,,,,,,,0.5220266995885617,,0,0.08013326883460183,2.0419342591966685,inf,-inf,-0.09035740132250539,0.05603785122676016,-0.06274937106037054,0.061462450949708404,inf,-inf,2.0687010898417317,0.19513703298067417,0.19513703298067417,0.19513703298067417,784,1.159143455562733,0.9535231766886616,1.6816857046200182,,,-3.1171739012901907,0.48807167812600516,0.23381972687385544,25.481729235472724,1.4062288966594325,0.0,0.0,0.6225824227042316,0.6560787882275554,0.2755256956121745,0.08219922553013448,2.0419342591966685,24.84128343092587,1.3951740300138018,5910
653,1.7148560717890806,-29.811368941456614,0.1332315000060493,0.050609293182372374,-27.912672076479115,-29.811368941456614,nan,0.10899717496171477,0.024234325044334513,1.7438092126128384,-29.723160422334388,0.13256916440594102,0.04645112243549341,-27.800330922880118,-29.723160422334388,nan,42.8807577640933,0.11888685443305785,0.0,0.02437057397492554,360.68544305071475,46.0,46.0,,6.025401242143489e-05,,,,,,,0.5220266995885617,,0,0.08013326883460183,2.0419342591966685,inf,-inf,-0.09126756320567268,0.05452545656677431,-0.06325180998041874,0.061520735201135046,inf,-inf,2.0674828594285093,0.1951187078676879,0.1951187078676879,0.1951187078676879,784,1.159143455562733,0.9535231766886616,1.6816857046200182,,,-3.1171739012901907,0.48807167812600516,0.23381972687385544,25.481729235472724,1.4062288966594325,0.0,0.0,0.6225824227042316,0.6560787882275554,0.2755256956121745,0.08219922553013448,2.0419342591966685,24.84128343092587,1.3951740300138018,5910
654,1.7137373033926395,-29.812217339803134,0.13324779365501496,0.0514520421897644,-27.91378020056571,-29.812217339803134,nan,0.1090000524751416,0.024247741179873297,1.7438092126128384,-29.723160422334388,0.13256916440594102,0.04645112243549341,-27.800330922880118,-29.723160422334388,nan,43.471425071061645,0.11998955733410331,0.0,0.017573863588715176,362.29340316689576,46.0,46.0,,5.9871440796376643e-05,,,,,,,0.5220266995885617,,0,0.08013326883460183,2.0419342591966685,inf,-inf,-0.08939316544020189,0.050480401176956465,-0.061628027447884016,0.06180298472576443,inf,-inf,2.0664581214333846,0.19504981345026887,0.19504981345026887,0.19504981345026887,784,1.159143455562733,0.9535231766886616,1.6816857046200182,,,-3.1171739012901907,0.48807167812600516,0.23381972687385544,25.481729235472724,1.4062288966594325,0.0,0.0,0.6225824227042316,0.6560787882275554,0.2755256956121745,0.08219922553013448,2.0419342591966685,24.84128343092587,1.3951740300138018,5910
655,1.702103407888999,-29.810861339864736,0.13325668687486233,0.05016888202724186,-27.925332363073633,-29.810861339864736,nan,0.10899432272687942,0.02426236414798295,1.737740599603495,-29.73057022970636,0.13260442664110533,0.04967669092816989,-27.81054851253359,-29.73057022970636,nan,43.225924504318435,0.11699753806441136,0.0,0.02416633146835586,369.46012043878227,46.0,46.0,,5.949002828279155e-05,,,,,,,0.5227453519433605,,0,0.07981360177282673,2.046549406143145,inf,-inf,-0.09153273295524149,0.05059809878840479,-0.06233429716474128,0.06143677213447676,inf,-inf,2.0656903349883904,0.1950103278994117,0.1950103278994117,0.1950103278994117,784,1.1554096198135515,0.9514124599874029,1.6805917433194437,,,-3.1162135233948476,0.48860967057163407,0.23474010930204267,25.641611964439768,1.4089453237038714,0.0,0.0,0.623667322058109,0.65735112670624,0.276582866571593,0.08191756814534817,2.046549406143145,24.983034194959338,1.3976451824010099,5910
656,1.7097602500454163,-29.811069061230125,0.13327941417770842,0.05110914867834714,-27.916920248328655,-29.811069061230125,nan,0.10900306153983921,0.024276352637869224,1.737740599603495,-29.73057022970636,0.13260442664110533,0.04967669092816989,-27.81054851253359,-29.73057022970636,nan,42.675763093720334,0.11371977713304825,0.0,0.020927201406754182,375.2712515765059,46.0,46.0,,5.910977952807064e-05,,,,,,,0.5227453519433605,,0,0.07981360177282673,2.046549406143145,inf,-inf,-0.09022875537983528,0.052213572877272546,-0.0641063699203707,0.06192553101364076,inf,-inf,2.0649564470089885,0.19494917679983703,0.19494917679983703,0.19494917679983703,784,1.1554096198135515,0.9514124599874029,1.6805917433194437,,,-3.1162135233948476,0.48860967057163407,0.23474010930204267,25.641611964439768,1.4089453237038714,0.0,0.0,0.623667322058109,0.65735112670624,0.276582866571593,0.08191756814534817,2.046549406143145,24.983034194959338,1.3976451824010099,5910
657,1.7050936667146774,-29.81074758387313,0.133286873543627,0.05015198918620766,-27.922215054428616,-29.81074758387313,nan,0.10899168521768755,0.02429518832593944,1.737740599603495,-29.73057022970636,0.13260442664110533,0.04967669092816989,-27.81054851253359,-29.73057022970636,nan,39.17266903655469,0.1160727106011513,0.0,0.019794905366263816,337.4838825911432,46.0,46.0,,5.873069916542515e-05,,,,,,,0.5227453519433605,,0,0.07981360177282673,2.046549406143145,inf,-inf,-0.08999436595195161,0.051073129493668525,-0.063321462258902,0.06187535815941632,inf,-inf,2.064092761549556,0.19493123819172217,0.19493123819172217,0.19493123819172217,784,1.1554096198135515,0.9514124599874029,1.6805917433194437,,,-3.1162135233948476,0.48860967057163407,0.23474010930204267,25.641611964439768,1.4089453237038714,0.0,0.0,0.623667322058109,0.65735112670624,0.276582866571593,0.08191756814534817,2.046549406143145,24.983034194959338,1.3976451824010099,5910
658,1.7043864223836593,-29.810657916270088,0.1333087072752003,0.04962803631099935,-27.923334750300228,-29.810657916270088,nan,0.10899739925540229,0.024311308019797993,1.737740599603495,-29.73057022970636,0.13260442664110533,0.04967669092816989,-27.81054851253359,-29.73057022970636,nan,44.985557640436866,0.11507988383503673,0.0,0.021118885280726148,390.9072214994777,46.0,46.0,,5.8352791813829584e-05,,,,,,,0.5227453519433605,,0,0.07981360177282673,2.046549406143145,inf,-inf,-0.0911959171398818,0.05138956610557701,-0.06389428667118412,0.06181073734178729,inf,-inf,2.063102263231233,0.19486626097686216,0.19486626097686216,0.19486626097686216,784,1.1554096198135515,0.9514124599874029,1.6805917433194437,,,-3.1162135233948476,0.48860967057163407,0.23474010930204267,25.641611964439768,1.4089453237038714,0.0,0.0,0.623667322058109,0.65735112670624,0.276582866571593,0.08191756814534817,2.046549406143145,24.983034194959338,1.3976451824010099,5910
659,1.7051657421681687,-29.811582618181436,0.13329382807713508,0.050868347394811,-27.92225470054132,-29.811582618181436,nan,0.10897246520422821,0.02432136287290685,1.737740599603495,-29.73057022970636,0.13260442664110533,0.04967669092816989,-27.81054851253359,-29.73057022970636,nan,48.56354896492096,0.11620050758556787,0.0,0.02123496501454495,417.9288883842412,46.0,46.0,,5.797606207796578e-05,,,,,,,0.5227453519433605,,0,0.07981360177282673,2.046549406143145,inf,-inf,-0.08987476319868379,0.05068346091896795,-0.0632277552047653,0.061703912469183365,inf,-inf,2.062629981823623,0.1948174862284755,0.1948174862284755,0.1948174862284755,784,1.1554096198135515,0.9514124599874029,1.6805917433194437,,,-3.1162135233948476,0.48860967057163407,0.23474010930204267,25.641611964439768,1.4089453237038714,0.0,0.0,0.623667322058109,0.65735112670624,0.276582866571593,0.08191756814534817,2.046549406143145,24.983034194959338,1.3976451824010099,5910
660,1.7040227599472089,-29.81248322127902,0.13329563038336117,0.05053024034343588,-27.924634590605017,-29.81248322127902,nan,0.10895626910895108,0.024339361274410137,1.7296694427573833,-29.722876242864206,0.13264369027305237,0.04657415683162257,-27.81398895300215,-29.722876242864206,nan,41.97716277032512,0.11410576110258397,0.0,0.01868301690741972,367.8794336474088,46.0,46.0,,5.760051454816662e-05,,,,,,,0.5234428938565612,,0,0.07953839031760822,2.051630211019468,inf,-inf,-0.08996500079529487,0.05064305829839024,-0.06290994614144586,0.06163215558622711,inf,-inf,2.0614970003029303,0.1948013152154515,0.1948013152154515,0.1948013152154515,784,1.1518531233152587,0.9494024822293117,1.6796303444790148,,,-3.1152816257860287,0.4891343892136779,0.23564520786766258,25.79421337076365,1.4115222880168166,0.0,0.0,0.6247388839470388,0.6582355610023408,0.2776458261284535,0.08166677951851775,2.051630211019468,25.12196786888438,1.4000536558105348,5910
661,1.7016274354202157,-29.8102762102358,0.1332970634580673,0.050380416582246595,-27.924971294775272,-29.8102762102358,nan,0.10894306298045454,0.024354000477612704,1.7296694427573833,-29.722876242864206,0.13264369027305237,0.04657415683162257,-27.81398895300215,-29.722876242864206,nan,41.33649203254695,0.11611641184890051,0.0,0.01831592922233879,355.9918135115743,46.0,46.0,,5.722615380036028e-05,,,,,,,0.5234428938565612,,0,0.07953839031760822,2.051630211019468,inf,-inf,-0.09141332434497568,0.050211717592376845,-0.06430161113049263,0.0619075446072567,inf,-inf,2.06089047880405,0.19477532803076036,0.19477532803076036,0.19477532803076036,784,1.1518531233152587,0.9494024822293117,1.6796303444790148,,,-3.1152816257860287,0.4891343892136779,0.23564520786766258,25.79421337076365,1.4115222880168166,0.0,0.0,0.6247388839470388,0.6582355610023408,0.2776458261284535,0.08166677951851775,2.051630211019468,25.12196786888438,1.4000536558105348,5910
662,1.6990539056837375,-29.81184307599067,0.13331189003633412,0.05053551335593554,-27.92894176691466,-29.81184307599067,nan,0.10894473413666414,0.02436715589967004,1.7296694427573833,-29.722876242864206,0.13264369027305237,0.04657415683162257,-27.81398895300215,-29.722876242864206,nan,54.43452466193897,0.11704975978417917,0.0,0.019247974171304492,465.05456108844163,46.0,46.0,,5.685298439601439e-05,,,,,,,0.5234428938565612,,0,0.07953839031760822,2.051630211019468,inf,-inf,-0.090396241885331,0.05105371279859161,-0.06450578259178176,0.06167361334263561,inf,-inf,2.0604289962349354,0.19470639953159824,0.19470639953159824,0.19470639953159824,784,1.1518531233152587,0.9494024822293117,1.6796303444790148,,,-3.1152816257860287,0.4891343892136779,0.23564520786766258,25.79421337076365,1.4115222880168166,0.0,0.0,0.6247388839470388,0.6582355610023408,0.2776458261284535,0.08166677951851775,2.051630211019468,25.12196786888438,1.4000536558105348,5910
663,1.7021421800337888,-29.81115312186442,0.1333243081234288,0.0495403886956137,-27.92614624501159,-29.81115312186442,nan,0.10894428182403498,0.024380026299393797,1.7296694427573833,-29.722876242864206,0.13264369027305237,0.04657415683162257,-27.81398895300215,-29.722876242864206,nan,47.60771117350711,0.11342914723800208,0.0,0.018262810565662292,419.71320716724153,46.0,46.0,,5.648101088208027e-05,,,,,,,0.5234428938565612,,0,0.07953839031760822,2.051630211019468,inf,-inf,-0.09049153907506494,0.05215834156640143,-0.06483183940728766,0.061766103363171745,inf,-inf,2.0595373516365876,0.1946612516292205,0.1946612516292205,0.1946612516292205,784,1.1518531233152587,0.9494024822293117,1.6796303444790148,,,-3.1152816257860287,0.4891343892136779,0.23564520786766258,25.79421337076365,1.4115222880168166,0.0,0.0,0.6247388839470388,0.6582355610023408,0.2776458261284535,0.08166677951851775,2.051630211019468,25.12196786888438,1.4000536558105348,5910
664,1.7039817943335311,-29.813117633107808,0.13333951946617018,0.049718089040787165,-27.926078230267322,-29.813117633107808,nan,0.10894615714188056,0.024393362324289652,1.7296694427573833,-29.722876242864206,0.13264369027305237,0.04657415683162257,-27.81398895300215,-29.722876242864206,nan,48.50449526049637,0.11590205989089127,0.0,0.016647143494327415,418.49554102970984,46.0,46.0,,5.611023779093791e-05,,,,,,,0.5234428938565612,,0,0.07953839031760822,2.051630211019468,inf,-inf,-0.09065728754476589,0.052532182271962526,-0.06483514160880949,0.061650115115329494,inf,-inf,2.058766453559007,0.19464721470385088,0.19464721470385088,0.19464721470385088,784,1.1518531233152587,0.9494024822293117,1.6796303444790148,,,-3.1152816257860287,0.4891343892136779,0.23564520786766258,25.79421337076365,1.4115222880168166,0.0,0.0,0.6247388839470388,0.6582355610023408,0.2776458261284535,0.08166677951851775,2.051630211019468,25.12196786888438,1.4000536558105348,5910
665,1.692177809380641,-29.81040379833693,0.13333943182309144,0.04993242742747089,-27.934954129705726,-29.81040379833693,nan,0.10893198024079996,0.02440745158229149,1.73701023020267,-29.737065949918843,0.13266820586923966,0.0498069580273822,-27.81758055581955,-29.737065949918843,nan,39.33385715811847,0.11543534702783281,0.0,0.023532912307602284,340.7436125144113,46.0,46.0,,5.5740669640340355e-05,,,,,,,0.5241312047865418,,0,0.07924379414798122,2.054540261515565,inf,-inf,-0.0901382603627583,0.05354307029964305,-0.06483084662678361,0.06178464360728992,inf,-inf,2.0587340380195296,0.19458239797745797,0.19458239797745797,0.19458239797745797,784,1.1484360856984819,0.9474733052218529,1.6795759458269899,,,-3.1143602065839797,0.48948172091540876,0.2365170092244085,25.926828512007912,1.4137493951352051,0.0,0.0,0.6257879123115649,0.6591267146104121,0.27865221155311787,0.08141597650919334,2.054540261515565,25.23509941913637,1.4020050200701908,5910
666,1.692937604546195,-29.81173804023711,0.1333555786697502,0.05005595056072718,-27.93538890646044,-29.81173804023711,nan,0.10893395643874454,0.024421622231005646,1.73701023020267,-29.737065949918843,0.13266820586923966,0.0498069580273822,-27.81758055581955,-29.737065949918843,nan,41.43464632052901,0.12016863395424521,0.0,0.019856518085845355,344.80417191315877,46.0,46.0,,5.537231093335885e-05,,,,,,,0.5241312047865418,,0,0.07924379414798122,2.054540261515565,inf,-inf,-0.09097540257985284,0.05167812266664021,-0.06576796369740612,0.06192565967291837,inf,-inf,2.057944725696994,0.19455869800891024,0.19455869800891024,0.19455869800891024,784,1.1484360856984819,0.9474733052218529,1.6795759458269899,,,-3.1143602065839797,0.48948172091540876,0.2365170092244085,25.926828512007912,1.4137493951352051,0.0,0.0,0.6257879123115649,0.6591267146104121,0.27865221155311787,0.08141597650919334,2.054540261515565,25.23509941913637,1.4020050200701908,5910
667,1.6945132864454435,-29.81167042728522,0.13335391420398715,0.05039895000493242,-27.93340427663086,-29.81167042728522,nan,0.10892151220296424,0.024432402001022976,1.73701023020267,-29.737065949918843,0.13266820586923966,0.0498069580273822,-27.81758055581955,-29.737065949918843,nan,40.395402625746954,0.11304436099346774,0.0,0.019073722410696346,357.3411559032228,46.0,46.0,,5.500516615832805e-05,,,,,,,0.5241312047865418,,0,0.07924379414798122,2.054540261515565,inf,-inf,-0.09049883573980559,0.05215376731117402,-0.06511133790772576,0.06172817033207759,inf,-inf,2.0572240726400177,0.19447713740206685,0.19447713740206685,0.19447713740206685,784,1.1484360856984819,0.9474733052218529,1.6795759458269899,,,-3.1143602065839797,0.48948172091540876,0.2365170092244085,25.926828512007912,1.4137493951352051,0.0,0.0,0.6257879123115649,0.6591267146104121,0.27865221155311787,0.08141597650919334,2.054540261515565,25.23509941913637,1.4020050200701908,5910
668,1.7024691946347628,-29.811827608145816,0.1333647310249179,0.05037061959298796,-27.925623062893145,-29.811827608145816,nan,0.10891846101702986,0.024446270007888037,1.73701023020267,-29.737065949918843,0.13266820586923966,0.0498069580273822,-27.81758055581955,-29.737065949918843,nan,49.2907385936171,0.11805003594827662,0.0,0.021054121798696854,417.54107228915825,46.0,46.0,,5.46392397887912e-05,,,,,,,0.5241312047865418,,0,0.07924379414798122,2.054540261515565,inf,-inf,-0.09033217271161312,0.05136056830785474,-0.0645034019320574,0.061665486909423355,inf,-inf,2.0565123987756055,0.19446794200450446,0.19446794200450446,0.19446794200450446,784,1.1484360856984819,0.9474733052218529,1.6795759458269899,,,-3.1143602065839797,0.48948172091540876,0.2365170092244085,25.926828512007912,1.4137493951352051,0.0,0.0,0.6257879123115649,0.6591267146104121,0.27865221155311787,0.08141597650919334,2.054540261515565,25.23509941913637,1.4020050200701908,5910
669,1.695773111431075,-29.812801823627098,0.13336622452448846,0.05010418279712881,-27.933558304874406,-29.812801823627098,nan,0.1089058046618634,0.024460419862625,1.73701023020267,-29.737065949918843,0.13266820586923966,0.0498069580273822,-27.81758055581955,-29.737065949918843,nan,41.03503205717546,0.11814643436864136,0.0,0.02253339071547988,347.32349119515237,46.0,46.0,,5.42745362834456e-05,,,,,,,0.5241312047865418,,0,0.07924379414798122,2.054540261515565,inf,-inf,-0.09081441835588788,0.051941411285323,-0.0651279842514179,0.061901463604383644,inf,-inf,2.0557368493569785,0.19443486992048273,0.19443486992048273,0.19443486992048273,784,1.1484360856984819,0.9474733052218529,1.6795759458269899,,,-3.1143602065839797,0.48948172091540876,0.2365170092244085,25.926828512007912,1.4137493951352051,0.0,0.0,0.6257879123115649,0.6591267146104121,0.27865221155311787,0.08141597650919334,2.054540261515565,25.23509941913637,1.4020050200701908,5910
670,1.697660340272037,-29.812172724763297,0.13336906845771757,0.05119346671280652,-27.929949849320735,-29.812172724763297,nan,0.10889042552929437,0.02447864292842319,1.7268506936543204,-29.726160735051913,0.13269347422737515,0.04732768558787211,-27.819288881582345,-29.726160735051913,nan,45.10624354198375,0.11849897187521273,0.0,0.01725247053547727,380.64670796877135,46.0,46.0,,5.391106008608832e-05,,,,,,,0.5248835552058948,,0,0.07898605402267625,2.058321510975335,inf,-inf,-0.09089079569770463,0.05028656419552977,-0.06506546859781649,0.06168793358102773,inf,-inf,2.0553550115944343,0.19438595516098792,0.19438595516098792,0.19438595516098792,784,1.145133187589866,0.9455940802981436,1.6792484395461693,,,-3.113309886103495,0.4899904823392534,0.23741066424298513,26.05930295472676,1.4159627948391733,0.0,0.0,0.6269051192787759,0.6603752229513982,0.27969560906381213,0.08119134298596632,2.058321510975335,25.351489891368214,1.404003487637247,5910
671,1.6900106802970616,-29.813341049237955,0.13337659781562552,0.04971228905747608,-27.940241482067794,-29.813341049237955,nan,0.10888963666264015,0.02448696115298536,1.7268506936543204,-29.726160735051913,0.13269347422737515,0.04732768558787211,-27.819288881582345,-29.726160735051913,nan,43.21456041570208,0.11683557296790179,0.0,0.021810717208383283,369.8750245147889,46.0,46.0,,5.3548815625562155e-05,,,,,,,0.5248835552058948,,0,0.07898605402267625,2.058321510975335,inf,-inf,-0.09124179244785716,0.05051846538692177,-0.06610277421358292,0.06157394843040402,inf,-inf,2.0542227691699786,0.1943504521498569,0.1943504521498569,0.1943504521498569,784,1.145133187589866,0.9455940802981436,1.6792484395461693,,,-3.113309886103495,0.4899904823392534,0.23741066424298513,26.05930295472676,1.4159627948391733,0.0,0.0,0.6269051192787759,0.6603752229513982,0.27969560906381213,0.08119134298596632,2.058321510975335,25.351489891368214,1.404003487637247,5910
672,1.6955336791805506,-29.812365046021345,0.13338751438368912,0.050524737319120515,-27.932919115137988,-29.812365046021345,nan,0.10888664562317478,0.024500868760514306,1.7268506936543204,-29.726160735051913,0.13269347422737515,0.04732768558787211,-27.819288881582345,-29.726160735051913,nan,49.571520085422286,0.11979077834716352,0.0,0.018838754278980428,413.81749721802413,46.0,46.0,,5.3187807315701605e-05,,,,,,,0.5248835552058948,,0,0.07898605402267625,2.058321510975335,inf,-inf,-0.09221595139836165,0.05013032045486704,-0.066518780873143,0.06187824441450812,inf,-inf,2.0536854348769653,0.19431607063207915,0.19431607063207915,0.19431607063207915,784,1.145133187589866,0.9455940802981436,1.6792484395461693,,,-3.113309886103495,0.4899904823392534,0.23741066424298513,26.05930295472676,1.4159627948391733,0.0,0.0,0.6269051192787759,0.6603752229513982,0.27969560906381213,0.08119134298596632,2.058321510975335,25.351489891368214,1.404003487637247,5910
673,1.6916558117227216,-29.81300978635833,0.13339153064596246,0.05061530846465711,-27.937347135524988,-29.81300978635833,nan,0.10887588072399935,0.02451564992196311,1.7268506936543204,-29.726160735051913,0.13269347422737515,0.04732768558787211,-27.819288881582345,-29.726160735051913,nan,42.620668021585296,0.11944143449054787,0.0,0.022013084125212044,356.8331894486593,46.0,46.0,,5.282803955527895e-05,,,,,,,0.5248835552058948,,0,0.07898605402267625,2.058321510975335,inf,-inf,-0.08970641269288758,0.051646402569414336,-0.0649014368705134,0.06158383001641072,inf,-inf,2.05326753935462,0.19425934403576442,0.19425934403576442,0.19425934403576442,784,1.145133187589866,0.9455940802981436,1.6792484395461693,,,-3.113309886103495,0.4899904823392534,0.23741066424298513,26.05930295472676,1.4159627948391733,0.0,0.0,0.6269051192787759,0.6603752229513982,0.27969560906381213,0.08119134298596632,2.058321510975335,25.351489891368214,1.404003487637247,5910
674,1.6955860688887203,-29.812012448069115,0.13338735564869766,0.049738954613346376,-27.933300068918353,-29.812012448069115,nan,0.10886587591341625,0.024521479735281432,1.7268506936543204,-29.726160735051913,0.13269347422737515,0.04732768558787211,-27.819288881582345,-29.726160735051913,nan,47.29624771491262,0.11476524656030183,0.0,0.019806677955823443,412.11297960364203,46.0,46.0,,5.246951672795077e-05,,,,,,,0.5248835552058948,,0,0.07898605402267625,2.058321510975335,inf,-inf,-0.0902652132914987,0.050828109136187856,-0.06618868866373415,0.06188031363889998,inf,-inf,2.052338382583712,0.1942508618218664,0.1942508618218664,0.1942508618218664,784,1.145133187589866,0.9455940802981436,1.6792484395461693,,,-3.113309886103495,0.4899904823392534,0.23741066424298513,26.05930295472676,1.4159627948391733,0.0,0.0,0.6269051192787759,0.6603752229513982,0.27969560906381213,0.08119134298596632,2.058321510975335,25.351489891368214,1.404003487637247,5910
675,1.6951202036831754,-29.811679022687283,0.13338804407459187,0.049944989489379116,-27.933225785440136,-29.811679022687283,nan,0.10885056044383778,0.024537483630754114,1.722667890688594,-29.731472820631016,0.13271245046682761,0.05472018051939706,-27.8213722989562,-29.731472820631016,nan,43.13962849764361,0.11379226729982314,0.0,0.01574422116377703,379.1086118705947,46.0,46.0,,5.2112243202204596e-05,,,,,,,0.5256127082652418,,0,0.07874006241943536,2.061979357925622,inf,-inf,-0.09192574800993615,0.05150093016179298,-0.06577002698046491,0.06188313683143423,inf,-inf,2.0517808429155053,0.19420292454924074,0.19420292454924074,0.19420292454924074,784,1.1419670502204922,0.9437902749858935,1.6784569162270215,,,-3.1122867614245475,0.49062633993457516,0.23826065074458708,26.18716946072251,1.4180885586000038,0.0,0.0,0.6279782781446948,0.6616610239077877,0.28067010392942027,0.08099067260757256,2.061979357925622,25.459467016857797,1.4058493076420486,5910
676,1.6913434321746563,-29.81415100160733,0.1334152260161126,0.0512782408277474,-27.938114102588813,-29.81415100160733,nan,0.1088570047910087,0.024558221225103954,1.722667890688594,-29.731472820631016,0.13271245046682761,0.05472018051939706,-27.8213722989562,-29.731472820631016,nan,41.64607741832233,0.11746254873572928,0.0,0.018232915253955866,354.5477078998082,46.0,46.0,,5.175622333130567e-05,,,,,,,0.5256127082652418,,0,0.07874006241943536,2.061979357925622,inf,-inf,-0.09009691513501339,0.050592631296210624,-0.0652934342216295,0.06171842858714004,inf,-inf,2.0512441000530726,0.19416454671182087,0.19416454671182087,0.19416454671182087,784,1.1419670502204922,0.9437902749858935,1.6784569162270215,,,-3.1122867614245475,0.49062633993457516,0.23826065074458708,26.18716946072251,1.4180885586000038,0.0,0.0,0.6279782781446948,0.6616610239077877,0.28067010392942027,0.08099067260757256,2.061979357925622,25.459467016857797,1.4058493076420486,5910
677,1.6959392271631806,-29.813910609181704,0.13341921829329143,0.05005549369312979,-27.934496670032104,-29.813910609181704,nan,0.10885225554396645,0.024566962749325013,1.722667890688594,-29.731472820631016,0.13271245046682761,0.05472018051939706,-27.8213722989562,-29.731472820631016,nan,39.45445996308621,0.11819000070090137,0.0,0.021239483442313068,333.8223177012411,46.0,46.0,,5.140146145324369e-05,,,,,,,0.5256127082652418,,0,0.07874006241943536,2.061979357925622,inf,-inf,-0.09182066327498523,0.051314328593974466,-0.06505120813729803,0.06151135377970364,inf,-inf,2.0505874089138962,0.19415950883541655,0.19415950883541655,0.19415950883541655,784,1.1419670502204922,0.9437902749858935,1.6784569162270215,,,-3.1122867614245475,0.49062633993457516,0.23826065074458708,26.18716946072251,1.4180885586000038,0.0,0.0,0.6279782781446948,0.6616610239077877,0.28067010392942027,0.08099067260757256,2.061979357925622,25.459467016857797,1.4058493076420486,5910
678,1.6916539134374537,-29.813843682021865,0.13342317210095958,0.04966090471543238,-27.939105691768024,-29.813843682021865,nan,0.10884804512921213,0.024575126971747425,1.722667890688594,-29.731472820631016,0.13271245046682761,0.05472018051939706,-27.8213722989562,-29.731472820631016,nan,44.85698866586714,0.11584411724794237,0.0,0.022354612680059324,387.2185289293479,46.0,46.0,,5.1047961890680145e-05,,,,,,,0.5256127082652418,,0,0.07874006241943536,2.061979357925622,inf,-inf,-0.09111183640546107,0.052954213253803464,-0.06669466572700458,0.061524295599333874,inf,-inf,2.0500765460274777,0.19409265797712588,0.19409265797712588,0.19409265797712588,784,1.1419670502204922,0.9437902749858935,1.6784569162270215,,,-3.1122867614245475,0.49062633993457516,0.23826065074458708,26.18716946072251,1.4180885586000038,0.0,0.0,0.6279782781446948,0.6616610239077877,0.28067010392942027,0.08099067260757256,2.061979357925622,25.459467016857797,1.4058493076420486,5910
679,1.6840657215946992,-29.813497120147936,0.1334323500691558,0.05036373442862477,-27.945635314055455,-29.813497120147936,nan,0.10884068086616021,0.02459166920299553,1.722667890688594,-29.731472820631016,0.13271245046682761,0.05472018051939706,-27.8213722989562,-29.731472820631016,nan,36.56761470393938,0.1140817364456148,0.0,0.019296104467419556,320.5387281370138,46.0,46.0,,5.069572895089572e-05,,,,,,,0.5256127082652418,,0,0.07874006241943536,2.061979357925622,inf,-inf,-0.09288405620296247,0.051654658131033426,-0.064606224283195,0.061633770272700526,inf,-inf,2.049233863582901,0.19404197449619004,0.19404197449619004,0.19404197449619004,784,1.1419670502204922,0.9437902749858935,1.6784569162270215,,,-3.1122867614245475,0.49062633993457516,0.23826065074458708,26.18716946072251,1.4180885586000038,0.0,0.0,0.6279782781446948,0.6616610239077877,0.28067010392942027,0.08099067260757256,2.061979357925622,25.459467016857797,1.4058493076420486,5910
680,1.6898362618930738,-29.810978720029425,0.13343702253451345,0.05003617847819906,-27.93766925712364,-29.810978720029425,nan,0.10883405234379698,0.024602970190716417,1.7247199194441323,-29.734762785682356,0.13275082130948074,0.05247600417046103,-27.82481604075828,-29.734762785682356,nan,44.84620092495825,0.11896359134411714,0.0,0.021752318841116603,376.97416846835915,46.0,46.0,,5.034476692573763e-05,,,,,,,0.5261605556742729,,0,0.07847563255981498,2.064677117555704,inf,-inf,-0.09138319173925596,0.050686459281785404,-0.06521014060772075,0.06233597035769499,inf,-inf,2.048872194645151,0.19401980323820103,0.19401980323820103,0.19401980323820103,784,1.1389683779367623,0.9420744459122352,1.6772876397567493,,,-3.1116011920350486,0.49084365979216477,0.23900729669908408,26.309786238192917,1.4201173195433088,0.0,0.0,0.6288227011516775,0.6626902605618716,0.2815233582742658,0.08076744106763525,2.064677117555704,25.563235510045786,1.4076158211307386,5910
681,1.6844049533950511,-29.811509922632187,0.13342807700137693,0.04999737509052158,-27.943679517145238,-29.811509922632187,nan,0.1088170006208083,0.02461107638056856,1.7247199194441323,-29.734762785682356,0.13275082130948074,0.05247600417046103,-27.82481604075828,-29.734762785682356,nan,41.65354750170742,0.11670326148503463,0.0,0.020453271420250815,356.9184525922512,46.0,46.0,,4.999508009156739e-05,,,,,,,0.5261605556742729,,0,0.07847563255981498,2.064677117555704,inf,-inf,-0.09161214709777604,0.051012749415556384,-0.0651625471610722,0.06181155926629342,inf,-inf,2.0484453614324223,0.19395757544968745,0.19395757544968745,0.19395757544968745,784,1.1389683779367623,0.9420744459122352,1.6772876397567493,,,-3.1116011920350486,0.49084365979216477,0.23900729669908408,26.309786238192917,1.4201173195433088,0.0,0.0,0.6288227011516775,0.6626902605618716,0.2815233582742658,0.08076744106763525,2.064677117555704,25.563235510045786,1.4076158211307386,5910
682,1.6957810336405565,-29.81365404909766,0.1334346368870762,0.05069133294282407,-27.9337470456272,-29.81365404909766,nan,0.10880526829062656,0.02462936859644965,1.7247199194441323,-29.734762785682356,0.13275082130948074,0.05247600417046103,-27.82481604075828,-29.734762785682356,nan,41.777224280583475,0.11734473032869334,0.0,0.01959960724546282,356.0213071653209,46.0,46.0,,4.964667270920864e-05,,,,,,,0.5261605556742729,,0,0.07847563255981498,2.064677117555704,inf,-inf,-0.09150562034022425,0.05224542841119449,-0.06345416490983218,0.061687695838438715,inf,-inf,2.047485015395604,0.19394843577360188,0.19394843577360188,0.19394843577360188,784,1.1389683779367623,0.9420744459122352,1.6772876397567493,,,-3.1116011920350486,0.49084365979216477,0.23900729669908408,26.309786238192917,1.4201173195433088,0.0,0.0,0.6288227011516775,0.6626902605618716,0.2815233582742658,0.08076744106763525,2.064677117555704,25.563235510045786,1.4076158211307386,5910
683,1.6829747349898085,-29.812695632675617,0.13342802473092816,0.049633782611094954,-27.946659090343783,-29.812695632675617,nan,0.10878685809767168,0.024641166633256516,1.7247199194441323,-29.734762785682356,0.13275082130948074,0.05247600417046103,-27.82481604075828,-29.734762785682356,nan,43.88219762055248,0.11754214438634322,0.0,0.02036036383487892,373.3316067156164,46.0,46.0,,4.9299549023895496e-05,,,,,,,0.5261605556742729,,0,0.07847563255981498,2.064677117555704,inf,-inf,-0.09148653736643995,0.05247796542417261,-0.06573588445029793,0.06211101223367239,inf,-inf,2.0467453505286493,0.19390926508652617,0.19390926508652617,0.19390926508652617,784,1.1389683779367623,0.9420744459122352,1.6772876397567493,,,-3.1116011920350486,0.49084365979216477,0.23900729669908408,26.309786238192917,1.4201173195433088,0.0,0.0,0.6288227011516775,0.6626902605618716,0.2815233582742658,0.08076744106763525,2.064677117555704,25.563235510045786,1.4076158211307386,5910
684,1.6802578392777199,-29.81242429293979,0.13345086743073092,0.05114138815306579,-27.947574198078275,-29.81242429293979,nan,0.10879778018282352,0.024653087247907438,1.7247199194441323,-29.734762785682356,0.13275082130948074,0.05247600417046103,-27.82481604075828,-29.734762785682356,nan,44.93821626487071,0.11187166342836137,0.0,0.017743918445766064,401.69436019557844,46.0,46.0,,4.895371326522042e-05,,,,,,,0.5261605556742729,,0,0.07847563255981498,2.064677117555704,inf,-inf,-0.09300577071856758,0.04936598642115782,-0.06444153046805422,0.061943749430818755,inf,-inf,2.046145808531609,0.19388449821548423,0.19388449821548423,0.19388449821548423,784,1.1389683779367623,0.9420744459122352,1.6772876397567493,,,-3.1116011920350486,0.49084365979216477,0.23900729669908408,26.309786238192917,1.4201173195433088,0.0,0.0,0.6288227011516775,0.6626902605618716,0.2815233582742658,0.08076744106763525,2.064677117555704,25.563235510045786,1.4076158211307386,5910
685,1.6870175132843739,-29.81111492700951,0.13346780709055142,0.050943892647738055,-27.939685713986847,-29.81111492700951,nan,0.10880541103149623,0.024662396059055177,1.7115032536107067,-29.730775124712164,0.13277014840780843,0.04998160214659514,-27.836520120547053,-29.730775124712164,nan,41.316990938758984,0.12024001540128558,0.0,0.02014052957791006,343.6209717777301,46.0,46.0,,4.860916964708305e-05,,,,,,,0.5268251655991164,,0,0.07822882170826934,2.0676981374505825,inf,-inf,-0.09180608818469943,0.04957837951577226,-0.06722446297025739,0.06185992166187354,inf,-inf,2.045571210468372,0.19381405703804264,0.19381405703804264,0.19381405703804264,784,1.136074886920955,0.9404264843089586,1.6763540361606926,,,-3.1107018259485066,0.4913315381828145,0.2398029053423391,26.431410985089812,1.422120347644847,0.0,0.0,0.6298060492370738,0.663375000693786,0.2824370348774524,0.0805783253216916,2.0676981374505825,25.660723639958306,1.4092688994437983,5910
686,1.676852484126133,-29.813652105453446,0.13346173830825753,0.04955649595567042,-27.953781387063387,-29.813652105453446,nan,0.10878356380152607,0.024678174506731522,1.7115032536107067,-29.730775124712164,0.13277014840780843,0.04998160214659514,-27.836520120547053,-29.730775124712164,nan,40.71676857601301,0.11498405637250751,0.0,0.02051800300972359,354.1079507936747,46.0,46.0,,4.826592236763866e-05,,,,,,,0.5268251655991164,,0,0.07822882170826934,2.0676981374505825,inf,-inf,-0.09294848350018899,0.05151284382708957,-0.06682760229058829,0.061657355117041526,inf,-inf,2.045082645632357,0.19378253087615488,0.19378253087615488,0.19378253087615488,784,1.136074886920955,0.9404264843089586,1.6763540361606926,,,-3.1107018259485066,0.4913315381828145,0.2398029053423391,26.431410985089812,1.422120347644847,0.0,0.0,0.6298060492370738,0.663375000693786,0.2824370348774524,0.0805783253216916,2.0676981374505825,25.660723639958306,1.4092688994437983,5910
687,1.6811380583469986,-29.812997176677133,0.13346996998852692,0.050443668498320146,-27.947945479843284,-29.812997176677133,nan,0.10878224131634376,0.024687728672183176,1.7115032536107067,-29.730775124712164,0.13277014840780843,0.04998160214659514,-27.836520120547053,-29.730775124712164,nan,39.38829737410231,0.11729780566633627,0.0,0.02172040558529041,335.79739322784707,46.0,46.0,,4.7923975609247017e-05,,,,,,,0.5268251655991164,,0,0.07822882170826934,2.0676981374505825,inf,-inf,-0.09274315949147002,0.04992521324356588,-0.06556408248204465,0.06177534709949963,inf,-inf,2.0443654637481967,0.1937692383114693,0.1937692383114693,0.1937692383114693,784,1.136074886920955,0.9404264843089586,1.6763540361606926,,,-3.1107018259485066,0.4913315381828145,0.2398029053423391,26.431410985089812,1.422120347644847,0.0,0.0,0.6298060492370738,0.663375000693786,0.2824370348774524,0.0805783253216916,2.0676981374505825,25.660723639958306,1.4092688994437983,5910
688,1.6813461114532584,-29.811522396494503,0.1334803633024026,0.05084399042766661,-27.945851931311175,-29.811522396494503,nan,0.10878215393234031,0.024698209370062313,1.7115032536107067,-29.730775124712164,0.13277014840780843,0.04998160214659514,-27.836520120547053,-29.730775124712164,nan,44.457925811541635,0.12044970959537155,0.0,0.02122250626886942,369.0994852614406,46.0,46.0,,4.758333353842142e-05,,,,,,,0.5268251655991164,,0,0.07822882170826934,2.0676981374505825,inf,-inf,-0.0923238243347467,0.051324025528662845,-0.0659986097292902,0.06179271765654467,inf,-inf,2.043931446173165,0.1937268693215319,0.1937268693215319,0.1937268693215319,784,1.136074886920955,0.9404264843089586,1.6763540361606926,,,-3.1107018259485066,0.4913315381828145,0.2398029053423391,26.431410985089812,1.422120347644847,0.0,0.0,0.6298060492370738,0.663375000693786,0.2824370348774524,0.0805783253216916,2.0676981374505825,25.660723639958306,1.4092688994437983,5910
689,1.6800586119494476,-29.814181056202667,0.13348420466729752,0.050024120586869794,-27.950614118999052,-29.814181056202667,nan,0.10877021210337402,0.02471399256392353,1.7115032536107067,-29.730775124712164,0.13277014840780843,0.04998160214659514,-27.836520120547053,-29.730775124712164,nan,45.44994008414521,0.12201191213715303,0.0,0.021441447707876878,372.50412101611147,46.0,46.0,,4.724400030577795e-05,,,,,,,0.5268251655991164,,0,0.07822882170826934,2.0676981374505825,inf,-inf,-0.091810648539518,0.052106511035606734,-0.06537211795271057,0.061802306210361424,inf,-inf,2.0434132491671986,0.19369275019537127,0.19369275019537127,0.19369275019537127,784,1.136074886920955,0.9404264843089586,1.6763540361606926,,,-3.1107018259485066,0.4913315381828145,0.2398029053423391,26.431410985089812,1.422120347644847,0.0,0.0,0.6298060492370738,0.663375000693786,0.2824370348774524,0.0805783253216916,2.0676981374505825,25.660723639958306,1.4092688994437983,5910
690,1.6856188692830174,-29.812275352390984,0.13348709046115576,0.050135123669662995,-27.943034268977147,-29.812275352390984,nan,0.1087611970310687,0.024725893430087045,1.7181521356431184,-29.732984705370804,0.1328048611045322,0.049999108841946555,-27.832028599781207,-29.732984705370804,nan,51.51196866445334,0.11545974791868968,0.0,0.016155859641873545,446.14655404175716,46.0,46.0,,4.6905980045985114e-05,,,,,,,0.5273835271704089,,0,0.07800158675492831,2.0703947092983688,inf,-inf,-0.09113503136504221,0.05195299148907831,-0.06698447765496228,0.06170578070179575,inf,-inf,2.042804905926626,0.19366931478100535,0.19366931478100535,0.19366931478100535,784,1.1332931724241702,0.9388393196244049,1.6759543840598634,,,-3.10998090573218,0.4917789562197805,0.24051969053354613,26.542981949883945,1.423949711732329,0.0,0.0,0.6306424732976367,0.663716738370465,0.2832458808085092,0.08038264709735257,2.0703947092983688,25.756737107585973,1.4108908452590556,5910
691,1.6808796953268172,-29.812839024349337,0.13349556804141188,0.050684506411509664,-27.9477792545696,-29.812839024349337,nan,0.10875917069103283,0.0247363973503791,1.7181521356431184,-29.732984705370804,0.1328048611045322,0.049999108841946555,-27.832028599781207,-29.732984705370804,nan,43.15732659870099,0.12040023686385914,0.0,0.020321743885002866,358.4488512883951,46.0,46.0,,4.6569276877713025e-05,,,,,,,0.5273835271704089,,0,0.07800158675492831,2.0703947092983688,inf,-inf,-0.09214318487574838,0.05173427077143692,-0.06653865967777486,0.061790943744802804,inf,-inf,2.0424576072524085,0.19362942713314252,0.19362942713314252,0.19362942713314252,784,1.1332931724241702,0.9388393196244049,1.6759543840598634,,,-3.10998090573218,0.4917789562197805,0.24051969053354613,26.542981949883945,1.423949711732329,0.0,0.0,0.6306424732976367,0.663716738370465,0.2832458808085092,0.08038264709735257,2.0703947092983688,25.756737107585973,1.4108908452590556,5910
692,1.6839313012918888,-29.81396751467644,0.13350316346907729,0.04994182102923548,-27.946591228886238,-29.81396751467644,nan,0.10875901544474723,0.02474414802433,1.7181521356431184,-29.732984705370804,0.1328048611045322,0.049999108841946555,-27.832028599781207,-29.732984705370804,nan,44.59387973900352,0.113770213584914,0.0,0.02190587394684723,391.964454788689,46.0,46.0,,4.623389490358353e-05,,,,,,,0.5273835271704089,,0,0.07800158675492831,2.0703947092983688,inf,-inf,-0.09144276587458376,0.052151450742445135,-0.06653520362666274,0.061494947658801244,inf,-inf,2.0420390777414514,0.19358277850868988,0.19358277850868988,0.19358277850868988,784,1.1332931724241702,0.9388393196244049,1.6759543840598634,,,-3.10998090573218,0.4917789562197805,0.24051969053354613,26.542981949883945,1.423949711732329,0.0,0.0,0.6306424732976367,0.663716738370465,0.2832458808085092,0.08038264709735257,2.0703947092983688,25.756737107585973,1.4108908452590556,5910
693,1.6750897078631644,-29.81343814703919,0.13349934782729497,0.04930909064384028,-27.955540000704886,-29.81343814703919,nan,0.10874227727640552,0.024757070550889448,1.7181521356431184,-29.732984705370804,0.1328048611045322,0.049999108841946555,-27.832028599781207,-29.732984705370804,nan,40.790193351469085,0.11951907725370481,0.0,0.01984689781494459,341.28604645167377,46.0,46.0,,4.5899838210120076e-05,,,,,,,0.5273835271704089,,0,0.07800158675492831,2.0703947092983688,inf,-inf,-0.09253904359188671,0.05226409573263726,-0.06538114335746645,0.06222162211426968,inf,-inf,2.0409467011967104,0.19357279638067496,0.19357279638067496,0.19357279638067496,784,1.1332931724241702,0.9388393196244049,1.6759543840598634,,,-3.10998090573218,0.4917789562197805,0.24051969053354613,26.542981949883945,1.423949711732329,0.0,0.0,0.6306424732976367,0.663716738370465,0.2832458808085092,0.08038264709735257,2.0703947092983688,25.756737107585973,1.4108908452590556,5910
694,1.6869589842400199,-29.81311980636168,0.13351334869283535,0.050555958419669665,-27.942091515009157,-29.81311980636168,nan,0.10874454470605682,0.024768803986778488,1.7181521356431184,-29.732984705370804,0.1328048611045322,0.049999108841946555,-27.832028599781207,-29.732984705370804,nan,48.13469173613119,0.11765379618781541,0.0,0.022737216164464356,409.1214503550049,46.0,46.0,,4.556711086769818e-05,,,,,,,0.5273835271704089,,0,0.07800158675492831,2.0703947092983688,inf,-inf,-0.09195137074675919,0.053285207865567584,-0.06505103636324022,0.06142629052887858,inf,-inf,2.0408520149637757,0.19352006006496925,0.19352006006496925,0.19352006006496925,784,1.1332931724241702,0.9388393196244049,1.6759543840598634,,,-3.10998090573218,0.4917789562197805,0.24051969053354613,26.542981949883945,1.423949711732329,0.0,0.0,0.6306424732976367,0.663716738370465,0.2832458808085092,0.08038264709735257,2.0703947092983688,25.756737107585973,1.4108908452590556,5910
695,1.6776312136955023,-29.81364566062751,0.1335106232730563,0.0510939439074625,-27.951409879751488,-29.81364566062751,nan,0.10872859723710172,0.024782026035954575,1.7117953835979076,-29.737370548995955,0.13281785854676526,0.051203018750239075,-27.84155428810104,-29.737370548995955,nan,41.248252981879226,0.11390273090939257,0.0,0.020745521249899628,362.1357684100781,46.0,46.0,,4.523571693049546e-05,,,,,,,0.5280422279632807,,0,0.07778875288414117,2.074419379266476,inf,-inf,-0.0912976298170543,0.05070256251665707,-0.06478311341371241,0.061297934140399524,inf,-inf,2.0398471870696726,0.19351804343325218,0.19351804343325218,0.19351804343325218,784,1.1305892558582047,0.9373046333746498,1.6759212723907946,,,-3.109064051969154,0.49235439939186687,0.24127770858990852,26.66734331576344,1.4259797520688058,0.0,0.0,0.6316014687769088,0.6646531408990219,0.28412279952995123,0.08021243129051378,2.074419379266476,25.861569658116128,1.4126548806824384,5910
696,1.677210825567725,-29.81285557974238,0.1335114859804778,0.05040857122985742,-27.95172469696432,-29.81285557974238,nan,0.10871859742353544,0.024792888556942404,1.7117953835979076,-29.737370548995955,0.13281785854676526,0.051203018750239075,-27.84155428810104,-29.737370548995955,nan,41.43614673934649,0.11992493008981657,0.0,0.02123693549548635,345.51737247887746,46.0,46.0,,4.49056604364424e-05,,,,,,,0.5280422279632807,,0,0.07778875288414117,2.074419379266476,inf,-inf,-0.09131277791330814,0.05142783143896826,-0.06534264818418983,0.0617952472604611,inf,-inf,2.0396628877402816,0.1934661481013032,0.1934661481013032,0.1934661481013032,784,1.1305892558582047,0.9373046333746498,1.6759212723907946,,,-3.109064051969154,0.49235439939186687,0.24127770858990852,26.66734331576344,1.4259797520688058,0.0,0.0,0.6316014687769088,0.6646531408990219,0.28412279952995123,0.08021243129051378,2.074419379266476,25.861569658116128,1.4126548806824384,5910
697,1.6770889168611731,-29.811943216719744,0.13350518754582066,0.05081874168197814,-27.95053037063077,-29.811943216719744,nan,0.10870851630308265,0.024796671242737992,1.7117953835979076,-29.737370548995955,0.13281785854676526,0.051203018750239075,-27.84155428810104,-29.737370548995955,nan,40.9052309371915,0.11798518181100012,0.0,0.025480285176335923,346.69803706975154,46.0,46.0,,4.457694540717331e-05,,,,,,,0.5280422279632807,,0,0.07778875288414117,2.074419379266476,inf,-inf,-0.09264450637076485,0.052580461656328674,-0.06498979903897734,0.0613514808995055,inf,-inf,2.039198509954061,0.19338019812750423,0.19338019812750423,0.19338019812750423,784,1.1305892558582047,0.9373046333746498,1.6759212723907946,,,-3.109064051969154,0.49235439939186687,0.24127770858990852,26.66734331576344,1.4259797520688058,0.0,0.0,0.6316014687769088,0.6646531408990219,0.28412279952995123,0.08021243129051378,2.074419379266476,25.861569658116128,1.4126548806824384,5910
698,1.6847677340174203,-29.812840796932743,0.1335053767052522,0.04995995457528777,-27.944607731634783,-29.812840796932743,nan,0.10869653901210316,0.02480883769314902,1.7117953835979076,-29.737370548995955,0.13281785854676526,0.051203018750239075,-27.84155428810104,-29.737370548995955,nan,47.239540341869095,0.11705656219986817,0.0,0.0168273757209485,403.5616581769245,46.0,46.0,,4.4249575847976985e-05,,,,,,,0.5280422279632807,,0,0.07778875288414117,2.074419379266476,inf,-inf,-0.0917634257948027,0.05175402984454791,-0.06601694967173774,0.061412646776758256,inf,-inf,2.0384355980824953,0.19337013030668054,0.19337013030668054,0.19337013030668054,784,1.1305892558582047,0.9373046333746498,1.6759212723907946,,,-3.109064051969154,0.49235439939186687,0.24127770858990852,26.66734331576344,1.4259797520688058,0.0,0.0,0.6316014687769088,0.6646531408990219,0.28412279952995123,0.08021243129051378,2.074419379266476,25.861569658116128,1.4126548806824384,5910
699,1.6701350504983175,-29.81378224266112,0.13350446605320335,0.05013824347178578,-27.960004482637814,-29.81378224266112,nan,0.10868231865524666,0.02482214739795672,1.7117953835979076,-29.737370548995955,0.13281785854676526,0.051203018750239075,-27.84155428810104,-29.737370548995955,nan,42.047369904199215,0.11698852676559929,0.0,0.022003926582030094,359.41447479244033,46.0,46.0,,4.392355574774831e-05,,,,,,,0.5280422279632807,,0,0.07778875288414117,2.074419379266476,inf,-inf,-0.09145634460627315,0.05088187970012403,-0.06608479843106882,0.06131829826215083,inf,-inf,2.0376950334064903,0.1933392109066906,0.1933392109066906,0.1933392109066906,784,1.1305892558582047,0.9373046333746498,1.6759212723907946,,,-3.109064051969154,0.49235439939186687,0.24127770858990852,26.66734331576344,1.4259797520688058,0.0,0.0,0.6316014687769088,0.6646531408990219,0.28412279952995123,0.08021243129051378,2.074419379266476,25.861569658116128,1.4126548806824384,5910
700,1.6814064990591322,-29.81433525563697,0.1335291957946266,0.050634546529580396,-27.94876501425363,-29.81433525563697,nan,0.1086943503167821,0.024834845477844498,1.7087267184538828,-29.729996719571638,0.132826160203877,0.050266336857888595,-27.83817750405599,-29.729996719571638,nan,43.08636784545892,0.11427730333755633,0.0,0.0180936790433813,377.033466726012,46.0,46.0,,4.359888907893922e-05,,,,,,,0.5287085159663986,,0,0.07760110799773326,2.077559991497913,inf,-inf,-0.0925334089703345,0.05256838174562437,-0.06627955626609251,0.061835078756974984,inf,-inf,2.037378297230966,0.19330279260682556,0.19330279260682556,0.19330279260682556,784,1.1281553646708766,0.9358823399064066,1.6754590110790744,,,-3.1081267196356666,0.49279032927972255,0.24201833678991327,26.772298039334682,1.4276856510885958,0.0,0.0,0.6325673435880296,0.6655167765271739,0.28496915569402714,0.0800678635611007,2.077559991497913,25.947488781344884,1.4140953328519894,5910
701,1.6714104130941483,-29.81214014865788,0.13352758479180307,0.050775363633690736,-27.956426787138238,-29.81214014865788,nan,0.10868150600585694,0.02484607878594606,1.7087267184538828,-29.729996719571638,0.132826160203877,0.050266336857888595,-27.83817750405599,-29.729996719571638,nan,41.686274753672244,0.12035801173598734,0.0,0.01879418101046203,346.35230469836637,46.0,46.0,,4.3275579797510684e-05,,,,,,,0.5287085159663986,,0,0.07760110799773326,2.077559991497913,inf,-inf,-0.09279888440112,0.05266209437920727,-0.06583341163373256,0.061791897284058137,inf,-inf,2.0364590363288904,0.19327796127663793,0.19327796127663793,0.19327796127663793,784,1.1281553646708766,0.9358823399064066,1.6754590110790744,,,-3.1081267196356666,0.49279032927972255,0.24201833678991327,26.772298039334682,1.4276856510885958,0.0,0.0,0.6325673435880296,0.6655167765271739,0.28496915569402714,0.0800678635611007,2.077559991497913,25.947488781344884,1.4140953328519894,5910
702,1.6732452016110417,-29.813255267516716,0.13353823573495482,0.050960507187848725,-27.95551132298287,-29.813255267516716,nan,0.10868412839188946,0.024854107343065382,1.7087267184538828,-29.729996719571638,0.132826160203877,0.050266336857888595,-27.83817750405599,-29.729996719571638,nan,41.2783119877478,0.1163355938594362,0.0,0.020989634877515973,354.8210020539611,46.0,46.0,,4.2953631842884254e-05,,,,,,,0.5287085159663986,,0,0.07760110799773326,2.077559991497913,inf,-inf,-0.0925077382086826,0.05203176917942528,-0.06681460785553398,0.0615939809499322,inf,-inf,2.0360930691845933,0.19323976275982913,0.19323976275982913,0.19323976275982913,784,1.1281553646708766,0.9358823399064066,1.6754590110790744,,,-3.1081267196356666,0.49279032927972255,0.24201833678991327,26.772298039334682,1.4276856510885958,0.0,0.0,0.6325673435880296,0.6655167765271739,0.28496915569402714,0.0800678635611007,2.077559991497913,25.947488781344884,1.4140953328519894,5910
703,1.6714621673440646,-29.813473629595578,0.13354880134933128,0.050682558175796595,-27.957780102726385,-29.813473629595578,nan,0.10868674349650033,0.024862057852830945,1.7087267184538828,-29.729996719571638,0.132826160203877,0.050266336857888595,-27.83817750405599,-29.729996719571638,nan,46.04197088273594,0.11369030404222406,0.0,0.0166999804575002,404.9771110264263,46.0,46.0,,4.2633049137894074e-05,,,,,,,0.5287085159663986,,0,0.07760110799773326,2.077559991497913,inf,-inf,-0.0917609613260016,0.05109776763276423,-0.06465538746863968,0.06155036767496827,inf,-inf,2.0354628680437123,0.19319879654498168,0.19319879654498168,0.19319879654498168,784,1.1281553646708766,0.9358823399064066,1.6754590110790744,,,-3.1081267196356666,0.49279032927972255,0.24201833678991327,26.772298039334682,1.4276856510885958,0.0,0.0,0.6325673435880296,0.6655167765271739,0.28496915569402714,0.0800678635611007,2.077559991497913,25.947488781344884,1.4140953328519894,5910
704,1.6768996153483864,-29.814123969117205,0.1335609970485355,0.05112157247270222,-27.95254178424758,-29.814123969117205,nan,0.10868596591672124,0.024875031131814253,1.7087267184538828,-29.729996719571638,0.132826160203877,0.050266336857888595,-27.83817750405599,-29.729996719571638,nan,45.26281531638963,0.11644687763854052,0.0,0.016473121940098163,388.69926127936776,46.0,46.0,,4.231383558873933e-05,,,,,,,0.5287085159663986,,0,0.07760110799773326,2.077559991497913,inf,-inf,-0.09065356632354894,0.05101427039504632,-0.0667445157571648,0.061379217652090354,inf,-inf,2.03487493512208,0.19318247514298661,0.19318247514298661,0.19318247514298661,784,1.1281553646708766,0.9358823399064066,1.6754590110790744,,,-3.1081267196356666,0.49279032927972255,0.24201833678991327,26.772298039334682,1.4276856510885958,0.0,0.0,0.6325673435880296,0.6655167765271739,0.28496915569402714,0.0800678635611007,2.077559991497913,25.947488781344884,1.4140953328519894,5910
705,1.66884994486591,-29.81493738123027,0.13355287133384827,0.05079687526246648,-27.961737689768043,-29.81493738123027,nan,0.10867199433958957,0.024880876994258692,1.7086143525454238,-29.73228252309394,0.13284410921055995,0.05240404584345371,-27.838420015494503,-29.73228252309394,nan,40.49591830945725,0.11459006285118893,0.0,0.020555149844304038,353.3981682342457,46.0,46.0,,4.199599508493638e-05,,,,,,,0.5292425931179644,,0,0.07738865794731783,2.080337965534745,inf,-inf,-0.0921160822701388,0.05205033824008189,-0.06710684794171845,0.061684624799889495,inf,-inf,2.0345548279859624,0.19312963835934044,0.19312963835934044,0.19312963835934044,784,1.1256895329504766,0.9344711587388912,1.675270135102889,,,-3.10741794317312,0.4932932418620608,0.24267394871058964,26.88169068587455,1.429456579577304,0.0,0.0,0.6333582642100831,0.6666351857174484,0.28572246250010425,0.07989514107544046,2.080337965534745,26.03835399164512,1.4156135269414758,5910
706,1.6752022176170438,-29.81417304098346,0.13355137891518462,0.05068091822080101,-27.954738526230425,-29.81417304098346,nan,0.10865628682989667,0.024895092085287965,1.7086143525454238,-29.73228252309394,0.13284410921055995,0.05240404584345371,-27.838420015494503,-29.73228252309394,nan,43.51617740561964,0.11732159926027957,0.0,0.017837228755417697,370.9136056786816,46.0,46.0,,4.1679531499271425e-05,,,,,,,0.5292425931179644,,0,0.07738865794731783,2.080337965534745,inf,-inf,-0.09245879549572443,0.051192298772713266,-0.0657827963635037,0.06163236764282099,inf,-inf,2.033599616305649,0.1931288445156593,0.1931288445156593,0.1931288445156593,784,1.1256895329504766,0.9344711587388912,1.675270135102889,,,-3.10741794317312,0.4932932418620608,0.24267394871058964,26.88169068587455,1.429456579577304,0.0,0.0,0.6333582642100831,0.6666351857174484,0.28572246250010425,0.07989514107544046,2.080337965534745,26.03835399164512,1.4156135269414758,5910
707,1.6756263634535584,-29.81452894473388,0.1335681874407815,0.050834465784633596,-27.954499928054904,-29.81452894473388,nan,0.10866059246107725,0.02490759497970428,1.7086143525454238,-29.73228252309394,0.13284410921055995,0.05240404584345371,-27.838420015494503,-29.73228252309394,nan,40.364509678670515,0.11476764467870633,0.0,0.024433611769241102,351.7063523580321,46.0,46.0,,4.136444868775331e-05,,,,,,,0.5292425931179644,,0,0.07738865794731783,2.080337965534745,inf,-inf,-0.09211215903481179,0.0518681417713352,-0.06662460348347721,0.06171528921542114,inf,-inf,2.0331048859532865,0.19309353733006096,0.19309353733006096,0.19309353733006096,784,1.1256895329504766,0.9344711587388912,1.675270135102889,,,-3.10741794317312,0.4932932418620608,0.24267394871058964,26.88169068587455,1.429456579577304,0.0,0.0,0.6333582642100831,0.6666351857174484,0.28572246250010425,0.07989514107544046,2.080337965534745,26.03835399164512,1.4156135269414758,5910
708,1.6715762675783388,-29.81408986521217,0.13354216229611743,0.050281108824916265,-27.9586903265128,-29.81408986521217,nan,0.10862855764141778,0.02491360465469964,1.7086143525454238,-29.73228252309394,0.13284410921055995,0.05240404584345371,-27.838420015494503,-29.73228252309394,nan,39.63238057858793,0.1153549253543882,0.0,0.01928305365380964,343.5690366651542,46.0,46.0,,4.1050750489566815e-05,,,,,,,0.5292425931179644,,0,0.07738865794731783,2.080337965534745,inf,-inf,-0.09235855969076472,0.05309117736773101,-0.0662621601785467,0.06163759584588072,inf,-inf,2.032787239909233,0.19303117351876836,0.19303117351876836,0.19303117351876836,784,1.1256895329504766,0.9344711587388912,1.675270135102889,,,-3.10741794317312,0.4932932418620608,0.24267394871058964,26.88169068587455,1.429456579577304,0.0,0.0,0.6333582642100831,0.6666351857174484,0.28572246250010425,0.07989514107544046,2.080337965534745,26.03835399164512,1.4156135269414758,5910
709,1.6712444323237607,-29.81299648990531,0.13354704299501127,0.052181024009199384,-27.956023990577336,-29.81299648990531,nan,0.10861926104327503,0.02492778195173621,1.7086143525454238,-29.73228252309394,0.13284410921055995,0.05240404584345371,-27.838420015494503,-29.73228252309394,nan,47.30223503768608,0.11687444121372605,0.0,0.02198874375884236,404.7269406934352,46.0,46.0,,4.0738440727025427e-05,,,,,,,0.5292425931179644,,0,0.07738865794731783,2.080337965534745,inf,-inf,-0.09215720458371539,0.05199291014599288,-0.06442952447792694,0.061208506649439116,inf,-inf,2.032163707489051,0.19301828620153366,0.19301828620153366,0.19301828620153366,784,1.1256895329504766,0.9344711587388912,1.675270135102889,,,-3.10741794317312,0.4932932418620608,0.24267394871058964,26.88169068587455,1.429456579577304,0.0,0.0,0.6333582642100831,0.6666351857174484,0.28572246250010425,0.07989514107544046,2.080337965534745,26.03835399164512,1.4156135269414758,5910
710,1.670247622844869,-29.814501487837056,0.1335706854183401,0.05051265003287628,-27.96017052954097,-29.814501487837056,nan,0.10863691593383908,0.024933769484501028,1.7113433959694992,-29.733136150357723,0.13286175221313576,0.05026080481502292,-27.838670197360067,-29.733136150357723,nan,56.586078363633405,0.11692033738716129,0.0,0.023916857544203363,483.971220304116,46.0,46.0,,4.0427523205525025e-05,,,,,,,0.529827971793866,,0,0.07720318711332985,2.083447668066639,inf,-inf,-0.09164189158955151,0.05237443810704303,-0.06491214415356021,0.06141500157824201,inf,-inf,2.0316169102914663,0.1929861996113528,0.1929861996113528,0.1929861996113528,784,1.12332640848792,0.9331172582157662,1.6751504389702614,,,-3.1066090684803283,0.49361903080300273,0.24334352929630887,26.986549985407432,1.4311473670289059,0.0,0.0,0.6342042411794476,0.6673293988793159,0.286480290410585,0.07974479272276758,2.083447668066639,26.126441576062973,1.417080262803582,5910
711,1.6691267668210648,-29.814509717552834,0.1335813904243505,0.05017090032033081,-27.961630659987087,-29.814509717552834,nan,0.10863467509991469,0.02494671532443582,1.7113433959694992,-29.733136150357723,0.13286175221313576,0.05026080481502292,-27.838670197360067,-29.733136150357723,nan,41.590891524577806,0.11570000156580203,0.0,0.018677613252883737,359.47183199408886,46.0,46.0,,4.011800171349747e-05,,,,,,,0.529827971793866,,0,0.07720318711332985,2.083447668066639,inf,-inf,-0.0933697161346578,0.052044904910178325,-0.06653550272716748,0.061296186114393164,inf,-inf,2.0311222815150844,0.19297616289184724,0.19297616289184724,0.19297616289184724,784,1.12332640848792,0.9331172582157662,1.6751504389702614,,,-3.1066090684803283,0.49361903080300273,0.24334352929630887,26.986549985407432,1.4311473670289059,0.0,0.0,0.6342042411794476,0.6673293988793159,0.286480290410585,0.07974479272276758,2.083447668066639,26.126441576062973,1.417080262803582,5910
712,1.6645615374288516,-29.81393349774359,0.13358588451923553,0.050325188094462625,-27.96546088770104,-29.81393349774359,nan,0.10862920361438069,0.024956680904854887,1.7113433959694992,-29.733136150357723,0.13286175221313576,0.05026080481502292,-27.838670197360067,-29.733136150357723,nan,44.33592752898398,0.11633826751972806,0.0,0.01857259271450894,381.09496104938745,46.0,46.0,,3.980988002236447e-05,,,,,,,0.529827971793866,,0,0.07720318711332985,2.083447668066639,inf,-inf,-0.09112897208385844,0.05146730273749233,-0.06704888691985866,0.061636280348165075,inf,-inf,2.0306852117312264,0.19292839035616016,0.19292839035616016,0.19292839035616016,784,1.12332640848792,0.9331172582157662,1.6751504389702614,,,-3.1066090684803283,0.49361903080300273,0.24334352929630887,26.986549985407432,1.4311473670289059,0.0,0.0,0.6342042411794476,0.6673293988793159,0.286480290410585,0.07974479272276758,2.083447668066639,26.126441576062973,1.417080262803582,5910
713,1.663443740554039,-29.813842921011418,0.13358377016033537,0.050777260827635555,-27.966038149469405,-29.813842921011418,nan,0.10861617165668067,0.024967598503654723,1.7113433959694992,-29.733136150357723,0.13286175221313576,0.05026080481502292,-27.838670197360067,-29.733136150357723,nan,40.32176382599337,0.11539603058123146,0.0,0.022268187522517,349.420717704925,46.0,46.0,,3.950316188649165e-05,,,,,,,0.529827971793866,,0,0.07720318711332985,2.083447668066639,inf,-inf,-0.09205764367603282,0.05407139566390444,-0.06414368121644198,0.06154247605200641,inf,-inf,2.030161575415106,0.19291335186018285,0.19291335186018285,0.19291335186018285,784,1.12332640848792,0.9331172582157662,1.6751504389702614,,,-3.1066090684803283,0.49361903080300273,0.24334352929630887,26.986549985407432,1.4311473670289059,0.0,0.0,0.6342042411794476,0.6673293988793159,0.286480290410585,0.07974479272276758,2.083447668066639,26.126441576062973,1.417080262803582,5910
714,1.6663790106617022,-29.813429584198758,0.1335930975370267,0.0502398307005776,-27.96321764529945,-29.813429584198758,nan,0.10861461454204129,0.024978482994985406,1.7113433959694992,-29.733136150357723,0.13286175221313576,0.05026080481502292,-27.838670197360067,-29.733136150357723,nan,38.83928244188539,0.12014993527223661,0.0,0.020297543477854233,323.25679039179715,46.0,46.0,,3.919785104314263e-05,,,,,,,0.529827971793866,,0,0.07720318711332985,2.083447668066639,inf,-inf,-0.09150013762835801,0.0508644686653401,-0.06679423963016773,0.06151683064008672,inf,-inf,2.029585448150279,0.19289141080781055,0.19289141080781055,0.19289141080781055,784,1.12332640848792,0.9331172582157662,1.6751504389702614,,,-3.1066090684803283,0.49361903080300273,0.24334352929630887,26.986549985407432,1.4311473670289059,0.0,0.0,0.6342042411794476,0.6673293988793159,0.286480290410585,0.07974479272276758,2.083447668066639,26.126441576062973,1.417080262803582,5910
715,1.6677182032043547,-29.815164084441513,0.13358472959116194,0.05029010241660162,-27.963571049229394,-29.815164084441513,nan,0.10859529299543168,0.024989436595730326,1.6967541438449136,-29.73338457777374,0.13288127601084204,0.05852764841861796,-27.845221509499368,-29.73338457777374,nan,40.32067701554089,0.11722524788440801,0.0,0.01973063048270025,343.9589827551467,46.0,46.0,,3.889395121243377e-05,,,,,,,0.5303895213897033,,0,0.0770257874621276,2.085678462846974,inf,-inf,-0.09140303252331071,0.05207918982785571,-0.0662735594756415,0.06130630995530353,inf,-inf,2.02917812439955,0.19286168467141065,0.19286168467141065,0.19286168467141065,784,1.1210710414760585,0.9318229591159161,1.6754232801938107,,,-3.105840159998581,0.4942129661582948,0.24398620992380643,27.077664916732854,1.4326112095883186,0.0,0.0,0.6350095006139533,0.6680274623163217,0.2872008281851121,0.07961211983036906,2.085678462846974,26.19800185312193,1.4182681685237262,5910
716,1.659440265930659,-29.813107826368185,0.13357569727404997,0.05081005259958754,-27.96928181056389,-29.813107826368185,nan,0.10857876900862261,0.02499692826542735,1.6967541438449136,-29.73338457777374,0.13288127601084204,0.05852764841861796,-27.845221509499368,-29.73338457777374,nan,40.2605921554329,0.11697898110738214,0.0,0.02072092761279776,344.1694548397139,46.0,46.0,,3.859146609728853e-05,,,,,,,0.5303895213897033,,0,0.0770257874621276,2.085678462846974,inf,-inf,-0.09318584499523723,0.05242356809121658,-0.06593223531426459,0.0615572567058384,inf,-inf,2.0288161960924507,0.19281792067175088,0.19281792067175088,0.19281792067175088,784,1.1210710414760585,0.9318229591159161,1.6754232801938107,,,-3.105840159998581,0.4942129661582948,0.24398620992380643,27.077664916732854,1.4326112095883186,0.0,0.0,0.6350095006139533,0.6680274623163217,0.2872008281851121,0.07961211983036906,2.085678462846974,26.19800185312193,1.4182681685237262,5910
717,1.662874531634303,-29.81336394199079,0.13357529808914573,0.050037493106730946,-27.96687661916061,-29.81336394199079,nan,0.10856851373023588,0.02500678435890984,1.6967541438449136,-29.73338457777374,0.13288127601084204,0.05852764841861796,-27.845221509499368,-29.73338457777374,nan,44.041259374657734,0.1157989952136326,0.0,0.01599206229738368,380.32505630474515,46.0,46.0,,3.8290399383392576e-05,,,,,,,0.5303895213897033,,0,0.0770257874621276,2.085678462846974,inf,-inf,-0.09235300201013422,0.051618572197708525,-0.06590502208987654,0.061364052585188227,inf,-inf,2.028406361677458,0.192775980248584,0.192775980248584,0.192775980248584,784,1.1210710414760585,0.9318229591159161,1.6754232801938107,,,-3.105840159998581,0.4942129661582948,0.24398620992380643,27.077664916732854,1.4326112095883186,0.0,0.0,0.6350095006139533,0.6680274623163217,0.2872008281851121,0.07961211983036906,2.085678462846974,26.19800185312193,1.4182681685237262,5910
718,1.6585877537995184,-29.8137988606207,0.13359350230121722,0.05002832616535212,-27.97158927835461,-29.8137988606207,nan,0.10857844306820254,0.02501505923301468,1.6967541438449136,-29.73338457777374,0.13288127601084204,0.05852764841861796,-27.845221509499368,-29.73338457777374,nan,46.51082745678099,0.11459730253567689,0.0,0.023512369414226943,405.86319597096144,46.0,46.0,,3.799075473914882e-05,,,,,,,0.5303895213897033,,0,0.0770257874621276,2.085678462846974,inf,-inf,-0.09273352573686403,0.05158925402742766,-0.0661051026748616,0.06160466000098149,inf,-inf,2.0279011504192903,0.19274764137142242,0.19274764137142242,0.19274764137142242,784,1.1210710414760585,0.9318229591159161,1.6754232801938107,,,-3.105840159998581,0.4942129661582948,0.24398620992380643,27.077664916732854,1.4326112095883186,0.0,0.0,0.6350095006139533,0.6680274623163217,0.2872008281851121,0.07961211983036906,2.085678462846974,26.19800185312193,1.4182681685237262,5910
719,1.6670728466354152,-29.814137660680018,0.13358614535204433,0.05085262293054793,-27.96262604576201,-29.814137660680018,nan,0.10856163949793797,0.02502450585410628,1.6967541438449136,-29.73338457777374,0.13288127601084204,0.05852764841861796,-27.845221509499368,-29.73338457777374,nan,47.35285041975108,0.11999147113788598,0.0,0.024436826065975314,394.63513507002864,46.0,46.0,,3.7692535815632746e-05,,,,,,,0.5303895213897033,,0,0.0770257874621276,2.085678462846974,inf,-inf,-0.09279075033578925,0.05238527178825072,-0.06448447462230955,0.061167700325847056,inf,-inf,2.0274575208783827,0.1927356594976788,0.1927356594976788,0.1927356594976788,784,1.1210710414760585,0.9318229591159161,1.6754232801938107,,,-3.105840159998581,0.4942129661582948,0.24398620992380643,27.077664916732854,1.4326112095883186,0.0,0.0,0.6350095006139533,0.6680274623163217,0.2872008281851121,0.07961211983036906,2.085678462846974,26.19800185312193,1.4182681685237262,5910
720,1.6588477295179838,-29.813724424837776,0.13360530625712952,0.05062476317755343,-27.97064662588511,-29.813724424837776,nan,0.1085682135116633,0.025037092745466272,1.6943289036233817,-29.728184688365317,0.13288481521589326,0.047977051604380434,-27.852993917921662,-29.728184688365317,nan,40.0116573367685,0.11934509262018098,0.0,0.02161789087200879,335.26018086145103,46.0,46.0,,3.7395746246547775e-05,,,,,,,0.531014875108209,,0,0.07686192775686795,2.0882282245749297,inf,-inf,-0.09315791936418023,0.05207723349116367,-0.06522465713369234,0.06156900213576963,inf,-inf,2.027059648727142,0.19272020413116142,0.19272020413116142,0.19272020413116142,784,1.1189328151118656,0.9305821269464055,1.6753734376005047,,,-3.10494118005086,0.49476737908989665,0.24465173792448458,27.168564275156854,1.4340666886993851,0.0,0.0,0.6359000835143956,0.6687403167316672,0.28796005145951503,0.0794882942379839,2.0882282245749297,26.27088987873964,1.4194747839729998,5910
721,1.6597372412580513,-29.815794911962392,0.1335924448386763,0.05065900908834813,-27.971806216777317,-29.815794911962392,nan,0.1085453776593995,0.02504706717927676,1.6943289036233817,-29.728184688365317,0.13288481521589326,0.047977051604380434,-27.852993917921662,-29.728184688365317,nan,40.37668254712088,0.11846590836077979,0.0,0.022127714075749844,340.82955261826436,46.0,46.0,,3.7100389648181146e-05,,,,,,,0.531014875108209,,0,0.07686192775686795,2.0882282245749297,inf,-inf,-0.09157836685651329,0.05073496521542129,-0.0652005682383852,0.06151764816797156,inf,-inf,2.026237107616248,0.19267844256179767,0.19267844256179767,0.19267844256179767,784,1.1189328151118656,0.9305821269464055,1.6753734376005047,,,-3.10494118005086,0.49476737908989665,0.24465173792448458,27.168564275156854,1.4340666886993851,0.0,0.0,0.6359000835143956,0.6687403167316672,0.28796005145951503,0.0794882942379839,2.0882282245749297,26.27088987873964,1.4194747839729998,5910
722,1.6620012274325144,-29.81411029002628,0.13362622587404333,0.05071775994712039,-27.967765076772604,-29.81411029002628,nan,0.10856854645773668,0.025057679416306676,1.6943289036233817,-29.728184688365317,0.13288481521589326,0.047977051604380434,-27.852993917921662,-29.728184688365317,nan,40.77061658193826,0.11341675742863364,0.0,0.01704048912676101,359.47612598246576,46.0,46.0,,3.6806469619359736e-05,,,,,,,0.531014875108209,,0,0.07686192775686795,2.0882282245749297,inf,-inf,-0.09268503586712026,0.0508719916890316,-0.06406991104426527,0.06153079401415277,inf,-inf,2.0260924981487314,0.19265948935677935,0.19265948935677935,0.19265948935677935,784,1.1189328151118656,0.9305821269464055,1.6753734376005047,,,-3.10494118005086,0.49476737908989665,0.24465173792448458,27.168564275156854,1.4340666886993851,0.0,0.0,0.6359000835143956,0.6687403167316672,0.28796005145951503,0.0794882942379839,2.0882282245749297,26.27088987873964,1.4194747839729998,5910
723,1.662001739735927,-29.8162072750769,0.13360761904175544,0.05031725999555708,-27.97028065630366,-29.8162072750769,nan,0.10854418261198834,0.025063436429767137,1.6943289036233817,-29.728184688365317,0.13288481521589326,0.047977051604380434,-27.852993917921662,-29.728184688365317,nan,48.48528764111896,0.11503510403744549,0.0,0.022284222644893874,421.4825382809785,46.0,46.0,,3.651398974140648e-05,,,,,,,0.531014875108209,,0,0.07686192775686795,2.0882282245749297,inf,-inf,-0.09246978597627992,0.053278259111203534,-0.0655730347749996,0.06151740601320638,inf,-inf,2.0256968457759545,0.19262568790372456,0.19262568790372456,0.19262568790372456,784,1.1189328151118656,0.9305821269464055,1.6753734376005047,,,-3.10494118005086,0.49476737908989665,0.24465173792448458,27.168564275156854,1.4340666886993851,0.0,0.0,0.6359000835143956,0.6687403167316672,0.28796005145951503,0.0794882942379839,2.0882282245749297,26.27088987873964,1.4194747839729998,5910
724,1.6520136652237087,-29.814937473352348,0.1336139947788749,0.05012722763167986,-27.979182585718082,-29.814937473352348,nan,0.10853795165375496,0.025076043125119886,1.6943289036233817,-29.728184688365317,0.13288481521589326,0.047977051604380434,-27.852993917921662,-29.728184688365317,nan,43.34202475301944,0.11629647435976001,0.0,0.026624763093977776,372.6856294795494,46.0,46.0,,3.6222953578096334e-05,,,,,,,0.531014875108209,,0,0.07686192775686795,2.0882282245749297,inf,-inf,-0.09326086830109882,0.05206469209936912,-0.064725234550934,0.061421843467733786,inf,-inf,2.0248408317494473,0.19264406796511305,0.19264406796511305,0.19264406796511305,784,1.1189328151118656,0.9305821269464055,1.6753734376005047,,,-3.10494118005086,0.49476737908989665,0.24465173792448458,27.168564275156854,1.4340666886993851,0.0,0.0,0.6359000835143956,0.6687403167316672,0.28796005145951503,0.0794882942379839,2.0882282245749297,26.27088987873964,1.4194747839729998,5910
725,1.658421365529021,-29.81380535768772,0.13362522575294195,0.05098438566836941,-27.97077438073739,-29.81380535768772,nan,0.10853954939535014,0.025085676357591825,1.6926830301463185,-29.736360556876775,0.1329083330972597,0.05012238698415005,-27.860646806649047,-29.736360556876775,nan,45.48719935780984,0.11614286326489891,0.0,0.0219884243952846,391.6486823134585,46.0,46.0,,3.593336467561303e-05,,,,,,,0.5314773378906951,,0,0.07669346649264928,2.0914629287627813,inf,-inf,-0.09119381529786913,0.05238406641397696,-0.06554840392358341,0.06170548850034298,inf,-inf,2.0246566883044155,0.19259121306102803,0.19259121306102803,0.19259121306102803,784,1.1168080917439185,0.9293743991395363,1.6748752098470812,,,-3.1043249036389975,0.49503961995354034,0.24521808828451816,27.27041851685291,1.4356918030741956,0.0,0.0,0.636582278860427,0.6695188729375887,0.2886135461942284,0.07935751593519766,2.0914629287627813,26.354944507973805,1.4208621061170494,5910
726,1.6563134585424715,-29.814999537035245,0.13361290014696883,0.05064972870325168,-27.974423449642554,-29.814999537035245,nan,0.10851655600233363,0.025096344144635237,1.6926830301463185,-29.736360556876775,0.1329083330972597,0.05012238698415005,-27.860646806649047,-29.736360556876775,nan,44.67406634328886,0.1166252257443877,0.0,0.01934879465042065,383.0566334011035,46.0,46.0,,3.564522656250603e-05,,,,,,,0.5314773378906951,,0,0.07669346649264928,2.0914629287627813,inf,-inf,-0.09257668447306804,0.05233373548467655,-0.06656784845748816,0.061536673929567964,inf,-inf,2.0242374573600506,0.1925696708216528,0.1925696708216528,0.1925696708216528,784,1.1168080917439185,0.9293743991395363,1.6748752098470812,,,-3.1043249036389975,0.49503961995354034,0.24521808828451816,27.27041851685291,1.4356918030741956,0.0,0.0,0.636582278860427,0.6695188729375887,0.2886135461942284,0.07935751593519766,2.0914629287627813,26.354944507973805,1.4208621061170494,5910
727,1.654927927061301,-29.814566116083622,0.1336260317201152,0.051066305139965226,-27.97494585216224,-29.814566116083622,nan,0.1085267266885344,0.025099305031580744,1.6926830301463185,-29.736360556876775,0.1329083330972597,0.05012238698415005,-27.860646806649047,-29.736360556876775,nan,44.830547525422915,0.11842014025954242,0.0,0.021279909080205942,378.5719846908425,46.0,46.0,,3.5358542749647325e-05,,,,,,,0.5314773378906951,,0,0.07669346649264928,2.0914629287627813,inf,-inf,-0.0931194765667473,0.052120815039720804,-0.0657545910170306,0.06138909569842534,inf,-inf,2.0238946440175702,0.1925333708198383,0.1925333708198383,0.1925333708198383,784,1.1168080917439185,0.9293743991395363,1.6748752098470812,,,-3.1043249036389975,0.49503961995354034,0.24521808828451816,27.27041851685291,1.4356918030741956,0.0,0.0,0.636582278860427,0.6695188729375887,0.2886135461942284,0.07935751593519766,2.0914629287627813,26.354944507973805,1.4208621061170494,5910
728,1.6483990303468263,-29.81421378196454,0.13364090005761298,0.05052333077449059,-27.981650520785607,-29.81421378196454,nan,0.10853046722226815,0.025110432835344806,1.6926830301463185,-29.736360556876775,0.1329083330972597,0.05012238698415005,-27.860646806649047,-29.736360556876775,nan,42.97296852962345,0.11813103951454614,0.0,0.02134116841509101,363.77372709339403,46.0,46.0,,3.507331673018866e-05,,,,,,,0.5314773378906951,,0,0.07669346649264928,2.0914629287627813,inf,-inf,-0.09158125221934449,0.05202197119848002,-0.06652066070049208,0.06164305074127163,inf,-inf,2.0233147723371183,0.19251397063616182,0.19251397063616182,0.19251397063616182,784,1.1168080917439185,0.9293743991395363,1.6748752098470812,,,-3.1043249036389975,0.49503961995354034,0.24521808828451816,27.27041851685291,1.4356918030741956,0.0,0.0,0.636582278860427,0.6695188729375887,0.2886135461942284,0.07935751593519766,2.0914629287627813,26.354944507973805,1.4208621061170494,5910
729,1.6575602404691347,-29.814231666362563,0.13365180079568284,0.05130558194972083,-27.971714043148026,-29.814231666362563,nan,0.10852962045319262,0.025122180342490256,1.6926830301463185,-29.736360556876775,0.1329083330972597,0.05012238698415005,-27.860646806649047,-29.736360556876775,nan,41.04228398581884,0.11739358803007445,0.0,0.017166249777344,349.6126549544123,46.0,46.0,,3.4789551979519074e-05,,,,,,,0.5314773378906951,,0,0.07669346649264928,2.0914629287627813,inf,-inf,-0.09209542059939417,0.0521409983970303,-0.06709160876858616,0.0617233482414638,inf,-inf,2.0230192572930665,0.19248896969032467,0.19248896969032467,0.19248896969032467,784,1.1168080917439185,0.9293743991395363,1.6748752098470812,,,-3.1043249036389975,0.49503961995354034,0.24521808828451816,27.27041851685291,1.4356918030741956,0.0,0.0,0.636582278860427,0.6695188729375887,0.2886135461942284,0.07935751593519766,2.0914629287627813,26.354944507973805,1.4208621061170494,5910
730,1.6512825893094656,-29.814175600857876,0.13364780285336436,0.050483465993771744,-27.978761742701273,-29.814175600857876,nan,0.10852020551997531,0.025127597333389085,1.6941979285160929,-29.736456897928022,0.13293752852866092,0.05414321233003354,-27.855178228553235,-29.736456897928022,nan,42.78871386939218,0.11450929308613346,0.0,0.02270789425649482,373.6702298669041,46.0,46.0,,3.45072519552225e-05,,,,,,,0.5318318549409682,,0,0.07652074388534517,2.09375873444977,inf,-inf,-0.09370271503768493,0.05272457057556511,-0.06651878147567264,0.06100284281971219,inf,-inf,2.022516359685588,0.19244826310107818,0.19244826310107818,0.19244826310107818,784,1.1149016167799608,0.9282585699027939,1.673997523479332,,,-3.103906449246387,0.49517850309759787,0.24571539169102755,27.3619756962498,1.4371474528068833,0.0,0.0,0.6371281046967572,0.6699594951164219,0.2891625010023905,0.07922233609340937,2.09375873444977,26.428894143957884,1.4220789914622225,5910
731,1.6516140988804375,-29.814481259657835,0.13364247555299452,0.05042697431986928,-27.978797710904534,-29.814481259657835,nan,0.10850380004324625,0.025138675509748222,1.6941979285160929,-29.736456897928022,0.13293752852866092,0.05414321233003354,-27.855178228553235,-29.736456897928022,nan,40.50054219766521,0.11643101620032138,0.0,0.022105481729016968,347.850113478211,46.0,46.0,,3.422642009703569e-05,,,,,,,0.5318318549409682,,0,0.07652074388534517,2.09375873444977,inf,-inf,-0.09299107781628985,0.05159299970851446,-0.06405039422163246,0.061709244507460646,inf,-inf,2.0220709759172424,0.1924190447224865,0.1924190447224865,0.1924190447224865,784,1.1149016167799608,0.9282585699027939,1.673997523479332,,,-3.103906449246387,0.49517850309759787,0.24571539169102755,27.3619756962498,1.4371474528068833,0.0,0.0,0.6371281046967572,0.6699594951164219,0.2891625010023905,0.07922233609340937,2.09375873444977,26.428894143957884,1.4220789914622225,5910
732,1.6526601221862423,-29.81362939642798,0.13365775161609314,0.050545281102326964,-27.976766241523322,-29.81362939642798,nan,0.10850970330812013,0.025148048307973066,1.6941979285160929,-29.736456897928022,0.13293752852866092,0.05414321233003354,-27.855178228553235,-29.736456897928022,nan,38.55188788529163,0.11458671183979599,0.0,0.020059569891831455,336.4429196571338,46.0,46.0,,3.394705982680617e-05,,,,,,,0.5318318549409682,,0,0.07652074388534517,2.09375873444977,inf,-inf,-0.09315136957423771,0.053526124749771954,-0.0662564049155358,0.06126074933746746,inf,-inf,2.0217027130581435,0.19238844251052387,0.19238844251052387,0.19238844251052387,784,1.1149016167799608,0.9282585699027939,1.673997523479332,,,-3.103906449246387,0.49517850309759787,0.24571539169102755,27.3619756962498,1.4371474528068833,0.0,0.0,0.6371281046967572,0.6699594951164219,0.2891625010023905,0.07922233609340937,2.09375873444977,26.428894143957884,1.4220789914622225,5910
733,1.6510921283970585,-29.815329796265864,0.13365521313579287,0.05135678932251775,-27.979225665410492,-29.815329796265864,nan,0.10849942270928628,0.02515579042650661,1.6941979285160929,-29.736456897928022,0.13293752852866092,0.05414321233003354,-27.855178228553235,-29.736456897928022,nan,44.14686822936075,0.11727342544417965,0.0,0.021427594096683975,376.44392207486067,46.0,46.0,,3.366917454845067e-05,,,,,,,0.5318318549409682,,0,0.07652074388534517,2.09375873444977,inf,-inf,-0.09192726858901695,0.05146832568106334,-0.06486080302286484,0.06147974550504261,inf,-inf,2.02118897914531,0.19236191097460126,0.19236191097460126,0.19236191097460126,784,1.1149016167799608,0.9282585699027939,1.673997523479332,,,-3.103906449246387,0.49517850309759787,0.24571539169102755,27.3619756962498,1.4371474528068833,0.0,0.0,0.6371281046967572,0.6699594951164219,0.2891625010023905,0.07922233609340937,2.09375873444977,26.428894143957884,1.4220789914622225,5910
734,1.6560370664074302,-29.815674998462818,0.1336577691668919,0.05078348709509759,-27.975196675793402,-29.815674998462818,nan,0.10849714680180911,0.02516062236508273,1.6941979285160929,-29.736456897928022,0.13293752852866092,0.05414321233003354,-27.855178228553235,-29.736456897928022,nan,42.62478152789646,0.11417490777426313,0.0,0.022539303437421537,373.328801913031,46.0,46.0,,3.3392767647913634e-05,,,,,,,0.5318318549409682,,0,0.07652074388534517,2.09375873444977,inf,-inf,-0.09288138823372134,0.05220661021901653,-0.0676079079903399,0.06116482529261035,inf,-inf,2.0207781722336287,0.19233301368609462,0.19233301368609462,0.19233301368609462,784,1.1149016167799608,0.9282585699027939,1.673997523479332,,,-3.103906449246387,0.49517850309759787,0.24571539169102755,27.3619756962498,1.4371474528068833,0.0,0.0,0.6371281046967572,0.6699594951164219,0.2891625010023905,0.07922233609340937,2.09375873444977,26.428894143957884,1.4220789914622225,5910
735,1.6524210340650172,-29.81543147184594,0.13366756399225002,0.05078532895071628,-27.978557544837955,-29.81543147184594,nan,0.10849510726725224,0.025172456724997728,1.687947631914947,-29.730624611569375,0.13294651614329125,0.04882742323636258,-27.86090304027477,-29.730624611569375,nan,43.66625836697442,0.12027287373466669,0.0,0.022031943915276585,363.05990711842725,46.0,46.0,,3.311784249312589e-05,,,,,,,0.5323292662418475,,0,0.07636414327209197,2.095287308241328,inf,-inf,-0.09282846882782744,0.053155007041585225,-0.06515435383778129,0.06167133468545462,inf,-inf,2.020347889106799,0.1923006322459344,0.1923006322459344,0.1923006322459344,784,1.113057834503743,0.9271824786348634,1.6739101259178242,,,-3.1032182164774307,0.49575934954747747,0.2462713604971936,27.438104042831203,1.4383540985731966,0.0,0.0,0.6378448112814863,0.6705944176360118,0.2897891626420528,0.07910074780619714,2.095287308241328,26.488843232872355,1.4230629930820695,5910
736,1.6557766314999611,-29.815888747078915,0.1336737917338148,0.051130239564552704,-27.975308084280584,-29.815888747078915,nan,0.1084958210614643,0.025177970672350503,1.687947631914947,-29.730624611569375,0.13294651614329125,0.04882742323636258,-27.86090304027477,-29.730624611569375,nan,44.71794506486112,0.11898959534960711,0.0,0.018552912322555706,375.8139098924902,46.0,46.0,,3.284440243396369e-05,,,,,,,0.5323292662418475,,0,0.07636414327209197,2.095287308241328,inf,-inf,-0.09289744751933854,0.05367408518493941,-0.06485239156170086,0.06151905723107774,inf,-inf,2.0198672475964456,0.1922864931643457,0.1922864931643457,0.1922864931643457,784,1.113057834503743,0.9271824786348634,1.6739101259178242,,,-3.1032182164774307,0.49575934954747747,0.2462713604971936,27.438104042831203,1.4383540985731966,0.0,0.0,0.6378448112814863,0.6705944176360118,0.2897891626420528,0.07910074780619714,2.095287308241328,26.488843232872355,1.4230629930820695,5910
737,1.6493118228019983,-29.815748323075947,0.13368177414021368,0.050892007685201676,-27.981862718448532,-29.815748323075947,nan,0.10849159050259753,0.02519018363761614,1.687947631914947,-29.730624611569375,0.13294651614329125,0.04882742323636258,-27.86090304027477,-29.730624611569375,nan,38.49243426412263,0.11673612194177103,0.0,0.01702620767582395,329.7388471010111,46.0,46.0,,3.257245080220792e-05,,,,,,,0.5323292662418475,,0,0.07636414327209197,2.095287308241328,inf,-inf,-0.09245888204427176,0.05062226599962609,-0.0636858740357649,0.06129667402929822,inf,-inf,2.0191546162005127,0.1922834897624892,0.1922834897624892,0.1922834897624892,784,1.113057834503743,0.9271824786348634,1.6739101259178242,,,-3.1032182164774307,0.49575934954747747,0.2462713604971936,27.438104042831203,1.4383540985731966,0.0,0.0,0.6378448112814863,0.6705944176360118,0.2897891626420528,0.07910074780619714,2.095287308241328,26.488843232872355,1.4230629930820695,5910
738,1.6460846794012511,-29.81395845205077,0.13369213413386347,0.050470783270600214,-27.983710855245054,-29.81395845205077,nan,0.10849318158081242,0.02519895255305108,1.687947631914947,-29.730624611569375,0.13294651614329125,0.04882742323636258,-27.86090304027477,-29.730624611569375,nan,38.347440198926144,0.11485920572072096,0.0,0.020561439664642717,333.86475170451354,46.0,46.0,,3.230199091150334e-05,,,,,,,0.5323292662418475,,0,0.07636414327209197,2.095287308241328,inf,-inf,-0.0942639312217514,0.05292942440322795,-0.06469595226167477,0.061305319704300025,inf,-inf,2.0189276123534774,0.19224136535292943,0.19224136535292943,0.19224136535292943,784,1.113057834503743,0.9271824786348634,1.6739101259178242,,,-3.1032182164774307,0.49575934954747747,0.2462713604971936,27.438104042831203,1.4383540985731966,0.0,0.0,0.6378448112814863,0.6705944176360118,0.2897891626420528,0.07910074780619714,2.095287308241328,26.488843232872355,1.4230629930820695,5910
739,1.6517240246532174,-29.814556123975688,0.1336967226101592,0.05100712435478049,-27.978128252357532,-29.814556123975688,nan,0.1084940750914846,0.025202647518674553,1.687947631914947,-29.730624611569375,0.13294651614329125,0.04882742323636258,-27.86090304027477,-29.730624611569375,nan,47.21314984592309,0.11356050390680332,0.0,0.02051298917768276,415.75326122777614,46.0,46.0,,3.2033026057318375e-05,,,,,,,0.5323292662418475,,0,0.07636414327209197,2.095287308241328,inf,-inf,-0.09445889898493776,0.05307908196275538,-0.06558549509807413,0.06167598280906247,inf,-inf,2.018573534840455,0.19221982277233615,0.19221982277233615,0.19221982277233615,784,1.113057834503743,0.9271824786348634,1.6739101259178242,,,-3.1032182164774307,0.49575934954747747,0.2462713604971936,27.438104042831203,1.4383540985731966,0.0,0.0,0.6378448112814863,0.6705944176360118,0.2897891626420528,0.07910074780619714,2.095287308241328,26.488843232872355,1.4230629930820695,5910
740,1.6443478442916641,-29.814071321406715,0.13370362625161714,0.05126226854684914,-27.984757582316583,-29.814071321406715,nan,0.10848778538456452,0.025215840867052575,1.6805197157284795,-29.735160158791846,0.13298287384771285,0.05221245079359094,-27.869445118422064,-29.735160158791846,nan,41.5980217075933,0.12051830846640854,0.0,0.019317146802113605,345.1593557603549,46.0,46.0,,3.176555951690481e-05,,,,,,,0.5326100040488977,,0,0.07619793294288008,2.096936872005337,inf,-inf,-0.09329493027912998,0.05162397542534237,-0.06514888673624522,0.06153327970905357,inf,-inf,2.01803465280064,0.1921977617779095,0.1921977617779095,0.1921977617779095,784,1.1112847669094328,0.9261396228915588,1.6731627780498946,,,-3.102921789786747,0.4959078269568274,0.24670928140832074,27.519603104945837,1.4396421660978165,0.0,0.0,0.6382878415885989,0.6709693795803415,0.2902721999318699,0.0789562640049993,2.096936872005337,26.558207869011692,1.4241987657690787,5910
741,1.6520573014829012,-29.815664452830546,0.1337143413154144,0.050355743267960315,-27.97953706676427,-29.815664452830546,nan,0.10849156198508654,0.025222779330327877,1.6805197157284795,-29.735160158791846,0.13298287384771285,0.05221245079359094,-27.869445118422064,-29.735160158791846,nan,44.03971765989041,0.11508524871002869,0.0,0.02027395210123877,382.6703956721147,46.0,46.0,,3.149959454925819e-05,,,,,,,0.5326100040488977,,0,0.07619793294288008,2.096936872005337,inf,-inf,-0.09302517403758473,0.053054132576815335,-0.06372436928563366,0.06126099566030677,inf,-inf,2.01761842991424,0.1921531105069371,0.1921531105069371,0.1921531105069371,784,1.1112847669094328,0.9261396228915588,1.6731627780498946,,,-3.102921789786747,0.4959078269568274,0.24670928140832074,27.519603104945837,1.4396421660978165,0.0,0.0,0.6382878415885989,0.6709693795803415,0.2902721999318699,0.0789562640049993,2.096936872005337,26.558207869011692,1.4241987657690787,5910
742,1.6491341470502554,-29.815477629851813,0.1336994898236729,0.05084264589103221,-27.981801347086854,-29.815477629851813,nan,0.10847097427084013,0.025228515552832724,1.6805197157284795,-29.735160158791846,0.13298287384771285,0.05221245079359094,-27.869445118422064,-29.735160158791846,nan,45.8211186412843,0.11271906359935677,0.0,0.01808554399789432,406.5072684080191,46.0,46.0,,3.123513439507764e-05,,,,,,,0.5326100040488977,,0,0.07619793294288008,2.096936872005337,inf,-inf,-0.09288368844815259,0.05259305828800233,-0.0653642831131865,0.061551338100365956,inf,-inf,2.0173757741693983,0.19211950159499627,0.19211950159499627,0.19211950159499627,784,1.1112847669094328,0.9261396228915588,1.6731627780498946,,,-3.102921789786747,0.4959078269568274,0.24670928140832074,27.519603104945837,1.4396421660978165,0.0,0.0,0.6382878415885989,0.6709693795803415,0.2902721999318699,0.0789562640049993,2.096936872005337,26.558207869011692,1.4241987657690787,5910
743,1.6453217871072676,-29.814513776786637,0.1336965599160605,0.05047750205057007,-27.98501792771274,-29.814513776786637,nan,0.10846498560578895,0.025231574310271527,1.6805197157284795,-29.735160158791846,0.13298287384771285,0.05221245079359094,-27.869445118422064,-29.735160158791846,nan,43.882009302875396,0.11899278019924657,0.0,0.018873718341393585,368.77875472274445,46.0,46.0,,3.0972182276726686e-05,,,,,,,0.5326100040488977,,0,0.07619793294288008,2.096936872005337,inf,-inf,-0.09268096791834324,0.053433253835446226,-0.06580643749779123,0.061141050020093325,inf,-inf,2.0170699815043815,0.19209241899327587,0.19209241899327587,0.19209241899327587,784,1.1112847669094328,0.9261396228915588,1.6731627780498946,,,-3.102921789786747,0.4959078269568274,0.24670928140832074,27.519603104945837,1.4396421660978165,0.0,0.0,0.6382878415885989,0.6709693795803415,0.2902721999318699,0.0789562640049993,2.096936872005337,26.558207869011692,1.4241987657690787,5910
744,1.649137242892231,-29.81553000287196,0.13372017199875494,0.050902008627667326,-27.98177057935331,-29.81553000287196,nan,0.10847945261065847,0.025240719388096366,1.6805197157284795,-29.735160158791846,0.13298287384771285,0.05221245079359094,-27.869445118422064,-29.735160158791846,nan,42.69597586471813,0.11879904016948886,0.0,0.02351961301860498,359.3966399375315,46.0,46.0,,3.07107413981938e-05,,,,,,,0.5326100040488977,,0,0.07619793294288008,2.096936872005337,inf,-inf,-0.09282574679293669,0.05299371497323024,-0.06495784367550687,0.06121662040142196,inf,-inf,2.0165512883674306,0.19207638955049944,0.19207638955049944,0.19207638955049944,784,1.1112847669094328,0.9261396228915588,1.6731627780498946,,,-3.102921789786747,0.4959078269568274,0.24670928140832074,27.519603104945837,1.4396421660978165,0.0,0.0,0.6382878415885989,0.6709693795803415,0.2902721999318699,0.0789562640049993,2.096936872005337,26.558207869011692,1.4241987657690787,5910
745,1.6502536507183092,-29.81360192556762,0.13370592068145723,0.049975722980200914,-27.979666631187655,-29.81360192556762,nan,0.10845842085292326,0.025247499828533936,1.6902198749736819,-29.736745560742676,0.13298325988781956,0.05266633281939116,-27.860876093061783,-29.736745560742676,nan,48.83457856249721,0.1164279336932698,0.0,0.02113700000644485,419.440395559645,46.0,46.0,,3.0450814945053763e-05,,,,,,,0.533100241952575,,0,0.07607817372603579,2.0990163606965964,inf,-inf,-0.09331638456930157,0.05229458911748579,-0.06507344025169015,0.061719052823183906,inf,-inf,2.016102271097945,0.19203238731534705,0.19203238731534705,0.19203238731534705,784,1.1095711469891267,0.9251557551515142,1.6731499823993372,,,-3.1022300657759114,0.4962532644666121,0.24723735868649982,27.59025694091106,1.4407557449699522,0.0,0.0,0.638985731718476,0.6716266616243635,0.2908769043180969,0.07886356273650871,2.0990163606965964,26.615794263690905,1.4251394308390837,5910
746,1.6423723797634113,-29.816023914206475,0.1337174125610806,0.05069594945636193,-27.989238172425623,-29.816023914206475,nan,0.10845951058598588,0.02525790197509471,1.6902198749736819,-29.736745560742676,0.13298325988781956,0.05266633281939116,-27.860876093061783,-29.736745560742676,nan,43.90811656868116,0.11881112886262461,0.0,0.02428325546926924,369.56232121529564,46.0,46.0,,3.0192406084428296e-05,,,,,,,0.533100241952575,,0,0.07607817372603579,2.0990163606965964,inf,-inf,-0.0925243721661335,0.05212838405709626,-0.06386853366570819,0.06140611758671469,inf,-inf,2.015595309088082,0.1920137466789339,0.1920137466789339,0.1920137466789339,784,1.1095711469891267,0.9251557551515142,1.6731499823993372,,,-3.1022300657759114,0.4962532644666121,0.24723735868649982,27.59025694091106,1.4407557449699522,0.0,0.0,0.638985731718476,0.6716266616243635,0.2908769043180969,0.07886356273650871,2.0990163606965964,26.615794263690905,1.4251394308390837,5910
747,1.6437964574402237,-29.812975317370043,0.13370030984266493,0.05026814267620788,-27.985210407410943,-29.812975317370043,nan,0.10843456554879807,0.025265744293866875,1.6902198749736819,-29.736745560742676,0.13298325988781956,0.05266633281939116,-27.860876093061783,-29.736745560742676,nan,53.82117724468539,0.11894858171896432,0.0,0.01908476359447068,452.47430836835713,46.0,46.0,,2.993551796494778e-05,,,,,,,0.533100241952575,,0,0.07607817372603579,2.0990163606965964,inf,-inf,-0.09475329712403519,0.0525300250737527,-0.06515955716584165,0.06173366260691037,inf,-inf,2.015350649798549,0.19199181432959309,0.19199181432959309,0.19199181432959309,784,1.1095711469891267,0.9251557551515142,1.6731499823993372,,,-3.1022300657759114,0.4962532644666121,0.24723735868649982,27.59025694091106,1.4407557449699522,0.0,0.0,0.638985731718476,0.6716266616243635,0.2908769043180969,0.07886356273650871,2.0990163606965964,26.615794263690905,1.4251394308390837,5910
748,1.643228463856784,-29.815104153928598,0.1337099459537072,0.05069308598035795,-27.987472658137747,-29.815104153928598,nan,0.10843699123350892,0.025272954720198294,1.6902198749736819,-29.736745560742676,0.13298325988781956,0.05266633281939116,-27.860876093061783,-29.736745560742676,nan,47.58284921078677,0.11459449754521878,0.0,0.02218447619433571,415.2280452384781,46.0,46.0,,2.9680153716712936e-05,,,,,,,0.533100241952575,,0,0.07607817372603579,2.0990163606965964,inf,-inf,-0.0920781673688201,0.05261934825700614,-0.06640707668103475,0.06131230530148012,inf,-inf,2.014754660431916,0.19199231137911543,0.19199231137911543,0.19199231137911543,784,1.1095711469891267,0.9251557551515142,1.6731499823993372,,,-3.1022300657759114,0.4962532644666121,0.24723735868649982,27.59025694091106,1.4407557449699522,0.0,0.0,0.638985731718476,0.6716266616243635,0.2908769043180969,0.07886356273650871,2.0990163606965964,26.615794263690905,1.4251394308390837,5910
749,1.6360785283063477,-29.81430347263599,0.13372335538031982,0.050137718367256785,-27.994363870582067,-29.81430347263599,nan,0.10844009691139636,0.025283258468923434,1.6902198749736819,-29.736745560742676,0.13298325988781956,0.05266633281939116,-27.860876093061783,-29.736745560742676,nan,38.40556704737152,0.11537316566118302,0.0,0.021947754639214504,332.8812798650021,46.0,46.0,,2.94263164512565e-05,,,,,,,0.533100241952575,,0,0.07607817372603579,2.0990163606965964,inf,-inf,-0.09235555963967493,0.05252351043302142,-0.06552977355785634,0.061418176544340244,inf,-inf,2.014575113983562,0.19196332381636058,0.19196332381636058,0.19196332381636058,784,1.1095711469891267,0.9251557551515142,1.6731499823993372,,,-3.1022300657759114,0.4962532644666121,0.24723735868649982,27.59025694091106,1.4407557449699522,0.0,0.0,0.638985731718476,0.6716266616243635,0.2908769043180969,0.07886356273650871,2.0990163606965964,26.615794263690905,1.4251394308390837,5910
750,1.6380557481753595,-29.815351491130965,0.13370471061287317,0.05048077496237667,-27.99311025738036,-29.815351491130965,nan,0.10841842199679884,0.02528628861607429,1.6870870364031154,-29.742280990397756,0.13298900252411364,0.05208665747434063,-27.870118293996185,-29.742280990397756,nan,34.98449038739493,0.11666478155850797,0.0,0.021633734287348907,299.8719058146098,46.0,46.0,,2.9174009261505512e-05,,,,,,,0.5335874686374081,,0,0.07594677723477135,2.101370624794343,inf,-inf,-0.09380567082560798,0.05248532178013207,-0.06533213859770469,0.06202069946345461,inf,-inf,2.0142074180739025,0.1919193321324044,0.1919193321324044,0.1919193321324044,784,1.10795575268945,0.9242086127941489,1.6725929337036711,,,-3.1015332794600297,0.4965137702397439,0.24775670821403925,27.668990065219713,1.4419933074204312,0.0,0.0,0.6396790101715847,0.6722801860897822,0.29147321440935314,0.07876014496769378,2.101370624794343,26.68063429360489,1.4261961500922635,5910
751,1.6472086024951211,-29.817440616743855,0.13372715321107034,0.05053916721679017,-27.985965693820877,-29.817440616743855,nan,0.10842912501197798,0.025298028199092385,1.6870870364031154,-29.742280990397756,0.13298900252411364,0.05208665747434063,-27.870118293996185,-29.742280990397756,nan,38.18953123851106,0.11479539747245796,0.0,0.019394053762805948,332.67475943600965,46.0,46.0,,2.8923235221743356e-05,,,,,,,0.5335874686374081,,0,0.07594677723477135,2.101370624794343,inf,-inf,-0.09237437034626508,0.05204441316434041,-0.06505988637809751,0.06115332310779847,inf,-inf,2.013569129878295,0.19193164251228245,0.19193164251228245,0.19193164251228245,784,1.10795575268945,0.9242086127941489,1.6725929337036711,,,-3.1015332794600297,0.4965137702397439,0.24775670821403925,27.668990065219713,1.4419933074204312,0.0,0.0,0.6396790101715847,0.6722801860897822,0.29147321440935314,0.07876014496769378,2.101370624794343,26.68063429360489,1.4261961500922635,5910
752,1.6388076531453866,-29.812226193082775,0.1337387031808276,0.051449948162828954,-27.98822988859373,-29.812226193082775,nan,0.10843143999882619,0.025307263182001456,1.6870870364031154,-29.742280990397756,0.13298900252411364,0.05208665747434063,-27.870118293996185,-29.742280990397756,nan,45.2941027594427,0.11920619641714378,0.0,0.020753924312193365,379.9643317277144,46.0,46.0,,2.8673997387572653e-05,,,,,,,0.5335874686374081,,0,0.07594677723477135,2.101370624794343,inf,-inf,-0.09267248948400761,0.053296907910061406,-0.0657288385240607,0.06211331826160366,inf,-inf,2.0130466594005805,0.19191955543014508,0.19191955543014508,0.19191955543014508,784,1.10795575268945,0.9242086127941489,1.6725929337036711,,,-3.1015332794600297,0.4965137702397439,0.24775670821403925,27.668990065219713,1.4419933074204312,0.0,0.0,0.6396790101715847,0.6722801860897822,0.29147321440935314,0.07876014496769378,2.101370624794343,26.68063429360489,1.4261961500922635,5910
753,1.6446997050025565,-29.814726239313295,0.13374861827192913,0.05171279381630842,-27.984565122222502,-29.814726239313295,nan,0.10843675755318753,0.025311860718741613,1.6870870364031154,-29.742280990397756,0.13298900252411364,0.05208665747434063,-27.870118293996185,-29.742280990397756,nan,44.42444677566799,0.11298517550399091,0.0,0.020924780729523067,393.18827959070444,46.0,46.0,,2.842629879587773e-05,,,,,,,0.5335874686374081,,0,0.07594677723477135,2.101370624794343,inf,-inf,-0.09263808244547617,0.054281587443449554,-0.06512233855833745,0.06137936448319668,inf,-inf,2.0131121390673092,0.19186842587857916,0.19186842587857916,0.19186842587857916,784,1.10795575268945,0.9242086127941489,1.6725929337036711,,,-3.1015332794600297,0.4965137702397439,0.24775670821403925,27.668990065219713,1.4419933074204312,0.0,0.0,0.6396790101715847,0.6722801860897822,0.29147321440935314,0.07876014496769378,2.101370624794343,26.68063429360489,1.4261961500922635,5910
754,1.64549975610586,-29.81498249247123,0.13374826647329288,0.05111506842580166,-27.984619401466276,-29.81498249247123,nan,0.10842972673653817,0.02531853973675475,1.6870870364031154,-29.742280990397756,0.13298900252411364,0.05208665747434063,-27.870118293996185,-29.742280990397756,nan,40.71553035912132,0.116755311936127,0.0,0.021075282693342374,348.72529295622496,46.0,46.0,,2.8180142464787727e-05,,,,,,,0.5335874686374081,,0,0.07594677723477135,2.101370624794343,inf,-inf,-0.0908007564399241,0.0535308724258379,-0.0655342274132233,0.06161081909002742,inf,-inf,2.0127056048840335,0.19185423953522093,0.19185423953522093,0.19185423953522093,784,1.10795575268945,0.9242086127941489,1.6725929337036711,,,-3.1015332794600297,0.4965137702397439,0.24775670821403925,27.668990065219713,1.4419933074204312,0.0,0.0,0.6396790101715847,0.6722801860897822,0.29147321440935314,0.07876014496769378,2.101370624794343,26.68063429360489,1.4261961500922635,5910
755,1.6392753639154867,-29.814344129141734,0.1337465985089389,0.05105353081948468,-27.990268635897824,-29.814344129141734,nan,0.10842156641029473,0.02532503209864418,1.686046311944948,-29.744375725055605,0.13301290371484203,0.054717228132618506,-27.870599281263196,-29.744375725055605,nan,46.527518889602206,0.11654524205187107,0.0,0.01855576481067261,399.22280884614827,46.0,46.0,,2.793553139363989e-05,,,,,,,0.5339091955811477,,0,0.0758027548618018,2.1026033604103374,inf,-inf,-0.09256282147416539,0.05295687448847519,-0.06536924099151502,0.0614275513400015,inf,-inf,2.012299351296641,0.19183892441224104,0.19183892441224104,0.19183892441224104,784,1.1064459735410404,0.9233088303191437,1.672466442561734,,,-3.1011380019841734,0.4966507693010629,0.2481813621528124,27.737822513755003,1.4430723649067558,0.0,0.0,0.6401558117890639,0.6724364646874146,0.2919466778424747,0.07863810734055351,2.1026033604103374,26.737715740089143,1.4271243018096822,5910
756,1.638698908541644,-29.81716035416412,0.1337413264749287,0.051490356780466075,-27.99322976236708,-29.81716035416412,nan,0.10840660986333849,0.025334716611590303,1.686046311944948,-29.744375725055605,0.13301290371484203,0.054717228132618506,-27.870599281263196,-29.744375725055605,nan,48.30604827506327,0.11830690971385953,0.0,0.019918500393834478,408.31130144382655,46.0,46.0,,2.7692468562942934e-05,,,,,,,0.5339091955811477,,0,0.0758027548618018,2.1026033604103374,inf,-inf,-0.09230420778395931,0.05234722008688003,-0.06517638472710159,0.061321799793241025,inf,-inf,2.0117719830332605,0.19182384002824152,0.19182384002824152,0.19182384002824152,784,1.1064459735410404,0.9233088303191437,1.672466442561734,,,-3.1011380019841734,0.4966507693010629,0.2481813621528124,27.737822513755003,1.4430723649067558,0.0,0.0,0.6401558117890639,0.6724364646874146,0.2919466778424747,0.07863810734055351,2.1026033604103374,26.737715740089143,1.4271243018096822,5910
757,1.6396107376095188,-29.815358798473202,0.13375149602000133,0.05114477244021051,-27.990851792403472,-29.815358798473202,nan,0.10841293424210763,0.025338561777893728,1.686046311944948,-29.744375725055605,0.13301290371484203,0.054717228132618506,-27.870599281263196,-29.744375725055605,nan,40.42191421360071,0.11745655880844563,0.0,0.02002196645314373,344.1435252630115,46.0,46.0,,2.7450956934340745e-05,,,,,,,0.5339091955811477,,0,0.0758027548618018,2.1026033604103374,inf,-inf,-0.09407197739946463,0.051465676316700515,-0.0661395094227428,0.061065145831602566,inf,-inf,2.0114151647153484,0.19179592542538362,0.19179592542538362,0.19179592542538362,784,1.1064459735410404,0.9233088303191437,1.672466442561734,,,-3.1011380019841734,0.4966507693010629,0.2481813621528124,27.737822513755003,1.4430723649067558,0.0,0.0,0.6401558117890639,0.6724364646874146,0.2919466778424747,0.07863810734055351,2.1026033604103374,26.737715740089143,1.4271243018096822,5910
758,1.6382343367103507,-29.814691878924375,0.1337520745491023,0.05079312403611791,-27.991912343628805,-29.814691878924375,nan,0.10840402947723594,0.02534804507186641,1.686046311944948,-29.744375725055605,0.13301290371484203,0.054717228132618506,-27.870599281263196,-29.744375725055605,nan,43.07033130721956,0.11673585728392326,0.0,0.021512599058145364,368.9554547277151,46.0,46.0,,2.721099945057622e-05,,,,,,,0.5339091955811477,,0,0.0758027548618018,2.1026033604103374,inf,-inf,-0.09304564700695726,0.052136504460902545,-0.06653322504550517,0.06129788754461314,inf,-inf,2.0110723947434765,0.19179304939714653,0.19179304939714653,0.19179304939714653,784,1.1064459735410404,0.9233088303191437,1.672466442561734,,,-3.1011380019841734,0.4966507693010629,0.2481813621528124,27.737822513755003,1.4430723649067558,0.0,0.0,0.6401558117890639,0.6724364646874146,0.2919466778424747,0.07863810734055351,2.1026033604103374,26.737715740089143,1.4271243018096822,5910
759,1.639848742761208,-29.814122570768202,0.13375265020429108,0.05022237792221471,-27.990298799880488,-29.814122570768202,nan,0.10839745198766249,0.02535519821662863,1.686046311944948,-29.744375725055605,0.13301290371484203,0.054717228132618506,-27.870599281263196,-29.744375725055605,nan,47.31569094369313,0.11597765474962408,0.0,0.019624373657803305,407.9724757828533,46.0,46.0,,2.6972599035455705e-05,,,,,,,0.5339091955811477,,0,0.0758027548618018,2.1026033604103374,inf,-inf,-0.09393765828862762,0.05264895213215636,-0.06532076028198963,0.06192361918380813,inf,-inf,2.0106710432965667,0.19176375942062987,0.19176375942062987,0.19176375942062987,784,1.1064459735410404,0.9233088303191437,1.672466442561734,,,-3.1011380019841734,0.4966507693010629,0.2481813621528124,27.737822513755003,1.4430723649067558,0.0,0.0,0.6401558117890639,0.6724364646874146,0.2919466778424747,0.07863810734055351,2.1026033604103374,26.737715740089143,1.4271243018096822,5910
760,1.6369608913160325,-29.81340272189885,0.13375773841290844,0.051269812787852365,-27.99141427938206,-29.81340272189885,nan,0.10839495519783701,0.025362783215071447,1.6684091132884413,-29.731378267468425,0.13302926051091923,0.04936109189986018,-27.880578801769204,-29.731378267468425,nan,43.63656419747723,0.11474388889330625,0.0,0.02237072378095378,380.2953222027568,46.0,46.0,,2.673575859381295e-05,,,,,,,0.5342604239317139,,0,0.07566882074573389,2.103622085153651,inf,-inf,-0.09323027596328633,0.05387042734537825,-0.06544032472359675,0.06174357816213278,inf,-inf,2.010346261924133,0.191737640577337,0.191737640577337,0.191737640577337,784,1.1049314205500615,0.9224307087697212,1.6723727029941686,,,-3.100679498444781,0.4968619172850556,0.24860957875355372,27.80038151013805,1.4440507558681073,0.0,0.0,0.6406693383697635,0.6730345390694772,0.2924298484692511,0.07853047981312536,2.103622085153651,26.787332640263042,1.4279294707083152,5910
761,1.634556244898572,-29.81563214999455,0.13376633595484702,0.051085661268381606,-27.99622390787275,-29.81563214999455,nan,0.10839783362245634,0.025368502332390658,1.6684091132884413,-29.731378267468425,0.13302926051091923,0.04936109189986018,-27.880578801769204,-29.731378267468425,nan,35.66220587393753,0.11339808133274071,0.0,0.021350361626377667,314.4868542289966,46.0,46.0,,2.650048101147402e-05,,,,,,,0.5342604239317139,,0,0.07566882074573389,2.103622085153651,inf,-inf,-0.09162950017805356,0.05348453014122784,-0.06676611962006579,0.06140441378289533,inf,-inf,2.010092861502502,0.19172003288145717,0.19172003288145717,0.19172003288145717,784,1.1049314205500615,0.9224307087697212,1.6723727029941686,,,-3.100679498444781,0.4968619172850556,0.24860957875355372,27.80038151013805,1.4440507558681073,0.0,0.0,0.6406693383697635,0.6730345390694772,0.2924298484692511,0.07853047981312536,2.103622085153651,26.787332640263042,1.4279294707083152,5910
762,1.6340507873534467,-29.814401392241212,0.1337669970861268,0.05106192609197895,-27.995521681709658,-29.814401392241212,nan,0.10839316600481169,0.025373831081315076,1.6684091132884413,-29.731378267468425,0.13302926051091923,0.04936109189986018,-27.880578801769204,-29.731378267468425,nan,42.05478703653966,0.11719663614014764,0.0,0.02049351538913577,358.83954029405027,46.0,46.0,,2.6266769155221944e-05,,,,,,,0.5342604239317139,,0,0.07566882074573389,2.103622085153651,inf,-inf,-0.094822482785352,0.05271572471013591,-0.06503970997818039,0.06124510095938919,inf,-inf,2.009710511896595,0.19168261976048281,0.19168261976048281,0.19168261976048281,784,1.1049314205500615,0.9224307087697212,1.6723727029941686,,,-3.100679498444781,0.4968619172850556,0.24860957875355372,27.80038151013805,1.4440507558681073,0.0,0.0,0.6406693383697635,0.6730345390694772,0.2924298484692511,0.07853047981312536,2.103622085153651,26.787332640263042,1.4279294707083152,5910
763,1.630432596213639,-29.814556548311746,0.13377146135968607,0.05111530119681801,-27.999237189541603,-29.814556548311746,nan,0.10839115489133952,0.02538030646834655,1.6684091132884413,-29.731378267468425,0.13302926051091923,0.04936109189986018,-27.880578801769204,-29.731378267468425,nan,39.42610630517957,0.11454052931710965,0.0,0.01916977234663163,344.21096654815483,46.0,46.0,,2.6034625872761984e-05,,,,,,,0.5342604239317139,,0,0.07566882074573389,2.103622085153651,inf,-inf,-0.09337095153147487,0.05308372848527447,-0.06595707925322201,0.061486602483336,inf,-inf,2.0093884114287452,0.19166463025148348,0.19166463025148348,0.19166463025148348,784,1.1049314205500615,0.9224307087697212,1.6723727029941686,,,-3.100679498444781,0.4968619172850556,0.24860957875355372,27.80038151013805,1.4440507558681073,0.0,0.0,0.6406693383697635,0.6730345390694772,0.2924298484692511,0.07853047981312536,2.103622085153651,26.787332640263042,1.4279294707083152,5910
764,1.6371260865543171,-29.81410046532286,0.13378304126774396,0.051094473662204265,-27.992096863838594,-29.81410046532286,nan,0.10839541127870789,0.02538762998903612,1.6684091132884413,-29.731378267468425,0.13302926051091923,0.04936109189986018,-27.880578801769204,-29.731378267468425,nan,44.46441078033448,0.11491813555604603,0.0,0.02116531437580165,386.92248673534226,46.0,46.0,,2.5804053992686792e-05,,,,,,,0.5342604239317139,,0,0.07566882074573389,2.103622085153651,inf,-inf,-0.09340723663592104,0.053584665769411365,-0.06493514448584423,0.0619586713322954,inf,-inf,2.0090490226444913,0.19164810369399043,0.19164810369399043,0.19164810369399043,784,1.1049314205500615,0.9224307087697212,1.6723727029941686,,,-3.100679498444781,0.4968619172850556,0.24860957875355372,27.80038151013805,1.4440507558681073,0.0,0.0,0.6406693383697635,0.6730345390694772,0.2924298484692511,0.07853047981312536,2.103622085153651,26.787332640263042,1.4279294707083152,5910
765,1.6276366074115827,-29.81533266076968,0.13377797129486765,0.05127911077816333,-28.002638971285066,-29.81533266076968,nan,0.10838350984736866,0.025394461447498972,1.6697071958298197,-29.731025418595994,0.1330467777926399,0.049405662949572035,-27.878865782023965,-29.731025418595994,nan,40.578739987901955,0.11882257471334491,0.0,0.020444123193525912,341.5069912918204,46.0,46.0,,2.557505632444194e-05,,,,,,,0.5345643970994556,,0,0.07554664347999651,2.105060964501963,inf,-inf,-0.09314174689791326,0.053043155945504426,-0.06359428608866062,0.06143876831182342,inf,-inf,2.0086553640600067,0.19162845620691557,0.19162845620691557,0.19162845620691557,784,1.1035468290009802,0.9216111185103424,1.6719746512525875,,,-3.100294187153403,0.49709494372096175,0.24899443449813297,27.86438771511203,1.445049504421836,0.0,0.0,0.6411263879486938,0.6734294797506255,0.29286686943303875,0.07843140502415778,2.105060964501963,26.839516184283323,1.4287746828684216,5910
766,1.63671483134125,-29.815857799881677,0.13379135959222485,0.05108731992669139,-27.994264289021512,-29.815857799881677,nan,0.10838638846290678,0.02540497112931807,1.6697071958298197,-29.731025418595994,0.1330467777926399,0.049405662949572035,-27.878865782023965,-29.731025418595994,nan,44.56666535890473,0.1177550341366228,0.0,0.02087290704645664,378.46930015066016,46.0,46.0,,2.5347635658291743e-05,,,,,,,0.5345643970994556,,0,0.07554664347999651,2.105060964501963,inf,-inf,-0.09354245844004816,0.053908223440149124,-0.06432008181361103,0.06149080322891016,inf,-inf,2.0082697651909407,0.19162414813063625,0.19162414813063625,0.19162414813063625,784,1.1035468290009802,0.9216111185103424,1.6719746512525875,,,-3.100294187153403,0.49709494372096175,0.24899443449813297,27.86438771511203,1.445049504421836,0.0,0.0,0.6411263879486938,0.6734294797506255,0.29286686943303875,0.07843140502415778,2.105060964501963,26.839516184283323,1.4287746828684216,5910
767,1.6302602638883612,-29.813329877034068,0.13377902691360716,0.05088236376645301,-27.99840822246565,-29.813329877034068,nan,0.10837038559192283,0.02540864132168432,1.6697071958298197,-29.731025418595994,0.1330467777926399,0.049405662949572035,-27.878865782023965,-29.731025418595994,nan,42.11219853938325,0.1183294330077715,0.0,0.020497922157287744,355.8894644295089,46.0,46.0,,2.5121794765285283e-05,,,,,,,0.5345643970994556,,0,0.07554664347999651,2.105060964501963,inf,-inf,-0.09424305926050176,0.05323355091004036,-0.06282844652528291,0.06149521433800479,inf,-inf,2.0080331611510034,0.19158152416052357,0.19158152416052357,0.19158152416052357,784,1.1035468290009802,0.9216111185103424,1.6719746512525875,,,-3.100294187153403,0.49709494372096175,0.24899443449813297,27.86438771511203,1.445049504421836,0.0,0.0,0.6411263879486938,0.6734294797506255,0.29286686943303875,0.07843140502415778,2.105060964501963,26.839516184283323,1.4287746828684216,5910
768,1.6289934938018842,-29.813903275852972,0.13377242773776302,0.051735698675696946,-27.999401655637627,-29.813903275852972,nan,0.10836032483496959,0.02541210290279341,1.6697071958298197,-29.731025418595994,0.1330467777926399,0.049405662949572035,-27.878865782023965,-29.731025418595994,nan,44.66254384932039,0.11810724761550201,0.0,0.019684069772151924,378.1524398461917,46.0,46.0,,2.4897536397222506e-05,,,,,,,0.5345643970994556,,0,0.07554664347999651,2.105060964501963,inf,-inf,-0.09362083412535825,0.05415802667507316,-0.06458567516670304,0.06141630427988736,inf,-inf,2.007627813000369,0.1915583070408971,0.1915583070408971,0.1915583070408971,784,1.1035468290009802,0.9216111185103424,1.6719746512525875,,,-3.100294187153403,0.49709494372096175,0.24899443449813297,27.86438771511203,1.445049504421836,0.0,0.0,0.6411263879486938,0.6734294797506255,0.29286686943303875,0.07843140502415778,2.105060964501963,26.839516184283323,1.4287746828684216,5910
769,1.6311492736269242,-29.814670937521445,0.13379740424721795,0.05093211696487874,-27.998792142682422,-29.814670937521445,nan,0.1083770361672003,0.025420368080017647,1.6697071958298197,-29.731025418595994,0.1330467777926399,0.049405662949572035,-27.878865782023965,-29.731025418595994,nan,44.84227026402459,0.12116814701553824,0.0,0.020272074145119258,370.0829910213462,46.0,46.0,,2.4674863286620898e-05,,,,,,,0.5345643970994556,,0,0.07554664347999651,2.105060964501963,inf,-inf,-0.09456683788758637,0.05153443226069367,-0.06447500726637484,0.061477026129235814,inf,-inf,2.0072031145019196,0.19154639666013631,0.19154639666013631,0.19154639666013631,784,1.1035468290009802,0.9216111185103424,1.6719746512525875,,,-3.100294187153403,0.49709494372096175,0.24899443449813297,27.86438771511203,1.445049504421836,0.0,0.0,0.6411263879486938,0.6734294797506255,0.29286686943303875,0.07843140502415778,2.105060964501963,26.839516184283323,1.4287746828684216,5910
770,1.6325180406729478,-29.817304742801337,0.13379418063612802,0.05119495001939019,-27.99979757147287,-29.817304742801337,nan,0.1083682062136662,0.025425974422461847,1.674933095881834,-29.732507784987515,0.13306653704280197,0.05051447470781585,-27.873993677355067,-29.732507784987515,nan,45.851364883564194,0.11514989974410472,0.0,0.021995943502373612,398.18849157019457,46.0,46.0,,2.4453778146682057e-05,,,,,,,0.5348420763341891,,0,0.07541963843154545,2.1059699463079387,inf,-inf,-0.09290472741058133,0.052679733848614636,-0.06522940794689572,0.06143409856738229,inf,-inf,2.0070241257894015,0.1915139533255598,0.1915139533255598,0.1915139533255598,784,1.1021921893146862,0.9208176962687324,1.6710035177205755,,,-3.0999546477946986,0.49712753377592933,0.24936784808413726,27.923363067026898,1.4459677231736918,0.0,0.0,0.6415459886260444,0.6739852560844903,0.2932888802023223,0.07832416169531727,2.1059699463079387,26.887870878212635,1.4295564138836765,5910
771,1.628859420770203,-29.814559622710714,0.1338012002319754,0.05153051452995193,-28.000368487178587,-29.814559622710714,nan,0.10836792218925213,0.025433278042723242,1.674933095881834,-29.732507784987515,0.13306653704280197,0.05051447470781585,-27.873993677355067,-29.732507784987515,nan,45.854419616336706,0.12041669908559324,0.0,0.019348907316414966,380.7978458514544,46.0,46.0,,2.4234283671258628e-05,,,,,,,0.5348420763341891,,0,0.07541963843154545,2.1059699463079387,inf,-inf,-0.09442411156556206,0.0532249658097638,-0.06702973218895646,0.06178637044768807,inf,-inf,2.006559319122702,0.19151300476481362,0.19151300476481362,0.19151300476481362,784,1.1021921893146862,0.9208176962687324,1.6710035177205755,,,-3.0999546477946986,0.49712753377592933,0.24936784808413726,27.923363067026898,1.4459677231736918,0.0,0.0,0.6415459886260444,0.6739852560844903,0.2932888802023223,0.07832416169531727,2.1059699463079387,26.887870878212635,1.4295564138836765,5910
772,1.6299122600097464,-29.81429245479152,0.13380747884720923,0.05130067063384557,-27.999272045300717,-29.81429245479152,nan,0.10836558429851383,0.0254418945486954,1.674933095881834,-29.732507784987515,0.13306653704280197,0.05051447470781585,-27.873993677355067,-29.732507784987515,nan,44.086435768540866,0.11737292077710132,0.0,0.022863934702606396,375.60994032229826,46.0,46.0,,2.4016382534821523e-05,,,,,,,0.5348420763341891,,0,0.07541963843154545,2.1059699463079387,inf,-inf,-0.09337390967885298,0.0519793856054118,-0.06568430328962205,0.06152387651038123,inf,-inf,2.0061303936681125,0.19150395621236,0.19150395621236,0.19150395621236,784,1.1021921893146862,0.9208176962687324,1.6710035177205755,,,-3.0999546477946986,0.49712753377592933,0.24936784808413726,27.923363067026898,1.4459677231736918,0.0,0.0,0.6415459886260444,0.6739852560844903,0.2932888802023223,0.07832416169531727,2.1059699463079387,26.887870878212635,1.4295564138836765,5910
773,1.6249145415135813,-29.812998719412693,0.13381805857277912,0.05132546901204748,-28.002940650314283,-29.812998719412693,nan,0.10837015589585357,0.025447902676925583,1.674933095881834,-29.732507784987515,0.13306653704280197,0.05051447470781585,-27.873993677355067,-29.732507784987515,nan,42.909291739579835,0.11689837063299742,0.0,0.019441045251574477,367.0649257746595,46.0,46.0,,2.380007739242727e-05,,,,,,,0.5348420763341891,,0,0.07541963843154545,2.1059699463079387,inf,-inf,-0.09358797973829525,0.05283882535309905,-0.06525392510737801,0.061091891699690315,inf,-inf,2.0058626662970243,0.19147361457542533,0.19147361457542533,0.19147361457542533,784,1.1021921893146862,0.9208176962687324,1.6710035177205755,,,-3.0999546477946986,0.49712753377592933,0.24936784808413726,27.923363067026898,1.4459677231736918,0.0,0.0,0.6415459886260444,0.6739852560844903,0.2932888802023223,0.07832416169531727,2.1059699463079387,26.887870878212635,1.4295564138836765,5910
774,1.6378698398079776,-29.81475375321381,0.13382159256236703,0.05080417679156997,-27.9922581440519,-29.81475375321381,nan,0.10836601254033672,0.025455580022030265,1.674933095881834,-29.732507784987515,0.13306653704280197,0.05051447470781585,-27.873993677355067,-29.732507784987515,nan,45.13518588144894,0.12138728137635164,0.0,0.01923794035838572,371.82796557994305,46.0,46.0,,2.3585370879685868e-05,,,,,,,0.5348420763341891,,0,0.07541963843154545,2.1059699463079387,inf,-inf,-0.09372814666907797,0.053797040497197454,-0.06495102075440289,0.061145435828092766,inf,-inf,2.0054603512526383,0.19146076050533406,0.19146076050533406,0.19146076050533406,784,1.1021921893146862,0.9208176962687324,1.6710035177205755,,,-3.0999546477946986,0.49712753377592933,0.24936784808413726,27.923363067026898,1.4459677231736918,0.0,0.0,0.6415459886260444,0.6739852560844903,0.2932888802023223,0.07832416169531727,2.1059699463079387,26.887870878212635,1.4295564138836765,5910
775,1.6281391494282225,-29.81465167849165,0.13384036181006592,0.05140394363372175,-28.00126822361964,-29.81465167849165,nan,0.10838050669723204,0.025459855112833947,1.6695383399624686,-29.72910684851415,0.13309491413875535,0.04758920680315243,-27.878884387609773,-29.72910684851415,nan,41.474395610702636,0.11795261376209919,0.0,0.020767761738173195,351.61913151287274,46.0,46.0,,2.3372265612728364e-05,,,,,,,0.5350386111234043,,0,0.07530263589512776,2.1068245846281446,inf,-inf,-0.09404246260879508,0.05229961924644226,-0.06518913167085495,0.0619350866223079,inf,-inf,2.0052373696397425,0.19144037889843207,0.19144037889843207,0.19144037889843207,784,1.1008918902125786,0.9200611613396992,1.6709742078970506,,,-3.0997580342587936,0.497359189626454,0.24968297261750075,27.978098768843505,1.4468181989959028,0.0,0.0,0.6418542736013095,0.6742473443417535,0.2936316606183874,0.07822531841126816,2.1068245846281446,26.932770967470574,1.430281037925933,5910
776,1.6320794060339368,-29.81322900809188,0.1338310762931113,0.05158785347425315,-27.995730672290577,-29.81322900809188,nan,0.10836544307757068,0.025465633215540687,1.6695383399624686,-29.72910684851415,0.13309491413875535,0.04758920680315243,-27.878884387609773,-29.72910684851415,nan,37.33702104424782,0.11812776367024061,0.0,0.019268550123283355,316.07320653657615,46.0,46.0,,2.3160764188175205e-05,,,,,,,0.5350386111234043,,0,0.07530263589512776,2.1068245846281446,inf,-inf,-0.09297979219768662,0.05379353729289421,-0.06426388946240824,0.06116055213138627,inf,-inf,2.0047673781872564,0.19142834666140218,0.19142834666140218,0.19142834666140218,784,1.1008918902125786,0.9200611613396992,1.6709742078970506,,,-3.0997580342587936,0.497359189626454,0.24968297261750075,27.978098768843505,1.4468181989959028,0.0,0.0,0.6418542736013095,0.6742473443417535,0.2936316606183874,0.07822531841126816,2.1068245846281446,26.932770967470574,1.430281037925933,5910
777,1.6216606975449808,-29.813312191140348,0.13384382183582808,0.05102508006842128,-28.006782591691117,-29.813312191140348,nan,0.10837080965580523,0.025473012180022892,1.6695383399624686,-29.72910684851415,0.13309491413875535,0.04758920680315243,-27.878884387609773,-29.72910684851415,nan,38.90554710507948,0.1201755584748359,0.0,0.021038263217281666,323.73926611063837,46.0,46.0,,2.2950869183104426e-05,,,,,,,0.5350386111234043,,0,0.07530263589512776,2.1068245846281446,inf,-inf,-0.09313720155058379,0.052456103313890404,-0.06580846127448736,0.06173663025751674,inf,-inf,2.0045585781764417,0.1913982951281368,0.1913982951281368,0.1913982951281368,784,1.1008918902125786,0.9200611613396992,1.6709742078970506,,,-3.0997580342587936,0.497359189626454,0.24968297261750075,27.978098768843505,1.4468181989959028,0.0,0.0,0.6418542736013095,0.6742473443417535,0.2936316606183874,0.07822531841126816,2.1068245846281446,26.932770967470574,1.430281037925933,5910
778,1.6249958587356572,-29.814131398037144,0.1338379468611863,0.05179254791124451,-28.003505044529057,-29.814131398037144,nan,0.1083576172565688,0.025480329604617512,1.6695383399624686,-29.72910684851415,0.13309491413875535,0.04758920680315243,-27.878884387609773,-29.72910684851415,nan,43.585585517545404,0.11747800027335452,0.0,0.022239869240243362,371.0106182955785,46.0,46.0,,2.274258315502053e-05,,,,,,,0.5350386111234043,,0,0.07530263589512776,2.1068245846281446,inf,-inf,-0.09455110902718149,0.05467850679666283,-0.06483926131488339,0.06138296918130554,inf,-inf,2.0041814307299397,0.19139409868200766,0.19139409868200766,0.19139409868200766,784,1.1008918902125786,0.9200611613396992,1.6709742078970506,,,-3.0997580342587936,0.497359189626454,0.24968297261750075,27.978098768843505,1.4468181989959028,0.0,0.0,0.6418542736013095,0.6742473443417535,0.2936316606183874,0.07822531841126816,2.1068245846281446,26.932770967470574,1.430281037925933,5910
779,1.6228985171720474,-29.81621378931653,0.1338402889945813,0.05263693458105601,-28.00683804856885,-29.81621378931653,nan,0.10835510274980888,0.025485186244772445,1.6695383399624686,-29.72910684851415,0.13309491413875535,0.04758920680315243,-27.878884387609773,-29.72910684851415,nan,37.317732097666656,0.1197640220907644,0.0,0.02442053972998264,311.59384468054213,46.0,46.0,,2.2535908641822998e-05,,,,,,,0.5350386111234043,,0,0.07530263589512776,2.1068245846281446,inf,-inf,-0.09443713985562628,0.053093002654894264,-0.06617183143986136,0.06150307370761934,inf,-inf,2.0038537494726834,0.19137861502975223,0.19137861502975223,0.19137861502975223,784,1.1008918902125786,0.9200611613396992,1.6709742078970506,,,-3.0997580342587936,0.497359189626454,0.24968297261750075,27.978098768843505,1.4468181989959028,0.0,0.0,0.6418542736013095,0.6742473443417535,0.2936316606183874,0.07822531841126816,2.1068245846281446,26.932770967470574,1.430281037925933,5910
780,1.6286262831947662,-29.814952099588346,0.13383740232766553,0.051730304551761246,-28.000758109514155,-29.814952099588346,nan,0.10834614559255484,0.025491256735110667,1.6569947356414123,-29.72398126935581,0.13311060086612414,0.04853079790608718,-27.885345134942188,-29.72398126935581,nan,42.84955229017897,0.11402999883912024,0.0,0.021074603307057068,375.77438153475265,46.0,46.0,,2.2330848161775518e-05,,,,,,,0.5353209554966037,,0,0.07520493977224046,2.1076375272464825,inf,-inf,-0.09452352064384686,0.05374555195161732,-0.06475716124033667,0.06143745687831445,inf,-inf,2.003454187536441,0.19134832344514804,0.19134832344514804,0.19134832344514804,784,1.0996854776642908,0.9193426806758678,1.6710919028180442,,,-3.0993957113818325,0.4975501833257999,0.2500322816542984,28.025253841429848,1.4475495549488306,0.0,0.0,0.6422706205374791,0.674506954410055,0.29402557549249597,0.07814914287585514,2.1076375272464825,26.9694260191004,1.4308717036130683,5910
781,1.6271190252532695,-29.813861900615333,0.13386172549225303,0.050686381498487254,-28.002194768371325,-29.813861900615333,nan,0.10836484927494969,0.025496876217303253,1.6569947356414123,-29.72398126935581,0.13311060086612414,0.04853079790608718,-27.885345134942188,-29.72398126935581,nan,45.58668835191207,0.11857520246752251,0.0,0.018177275355669122,384.4538099304377,46.0,46.0,,2.2127404213475357e-05,,,,,,,0.5353209554966037,,0,0.07520493977224046,2.1076375272464825,inf,-inf,-0.09446180702839416,0.0542757810072493,-0.06490001027749008,0.06118128296989302,inf,-inf,2.003361754064229,0.1913148801541507,0.1913148801541507,0.1913148801541507,784,1.0996854776642908,0.9193426806758678,1.6710919028180442,,,-3.0993957113818325,0.4975501833257999,0.2500322816542984,28.025253841429848,1.4475495549488306,0.0,0.0,0.6422706205374791,0.674506954410055,0.29402557549249597,0.07814914287585514,2.1076375272464825,26.9694260191004,1.4308717036130683,5910
782,1.619393942865673,-29.814851096805846,0.13385188177019539,0.05069341246539661,-28.01091185970458,-29.814851096805846,nan,0.10835118449720729,0.025500697272988104,1.6569947356414123,-29.72398126935581,0.13311060086612414,0.04853079790608718,-27.885345134942188,-29.72398126935581,nan,42.27565366638459,0.11495668293755981,0.0,0.027354922526339656,367.7529012327813,46.0,46.0,,2.1925579275822837e-05,,,,,,,0.5353209554966037,,0,0.07520493977224046,2.1076375272464825,inf,-inf,-0.09454551533040516,0.052886773851287545,-0.0660948026120457,0.061188245261364536,inf,-inf,2.0030552331180393,0.1913026411508744,0.1913026411508744,0.1913026411508744,784,1.0996854776642908,0.9193426806758678,1.6710919028180442,,,-3.0993957113818325,0.4975501833257999,0.2500322816542984,28.025253841429848,1.4475495549488306,0.0,0.0,0.6422706205374791,0.674506954410055,0.29402557549249597,0.07814914287585514,2.1076375272464825,26.9694260191004,1.4308717036130683,5910
783,1.6259000345631727,-29.81631903263022,0.13387263280774378,0.05110933270831527,-28.005437032550986,-29.81631903263022,nan,0.10836631151806594,0.025506321289677867,1.6569947356414123,-29.72398126935581,0.13311060086612414,0.04853079790608718,-27.885345134942188,-29.72398126935581,nan,56.69749685653516,0.11577159035556273,0.0,0.01723866156302241,489.7358383209849,46.0,46.0,,2.1725375807991114e-05,,,,,,,0.5353209554966037,,0,0.07520493977224046,2.1076375272464825,inf,-inf,-0.09376408159499834,0.054758413393914726,-0.06505729213310549,0.06134769697181138,inf,-inf,2.0026939480752377,0.19129001532545756,0.19129001532545756,0.19129001532545756,784,1.0996854776642908,0.9193426806758678,1.6710919028180442,,,-3.0993957113818325,0.4975501833257999,0.2500322816542984,28.025253841429848,1.4475495549488306,0.0,0.0,0.6422706205374791,0.674506954410055,0.29402557549249597,0.07814914287585514,2.1076375272464825,26.9694260191004,1.4308717036130683,5910
784,1.6282324630804732,-29.817292090120972,0.1338617598076168,0.051432151015323134,-28.00376571621756,-29.817292090120972,nan,0.10834821931814431,0.02551354048947249,1.6569947356414123,-29.72398126935581,0.13311060086612414,0.04853079790608718,-27.885345134942188,-29.72398126935581,nan,47.751378566444956,0.12007467520148646,0.0,0.019971281341648668,397.6806806790664,46.0,46.0,,2.1526796249396242e-05,,,,,,,0.5353209554966037,,0,0.07520493977224046,2.1076375272464825,inf,-inf,-0.09380046813114058,0.055103894365641976,-0.06606313080618882,0.06116194715949732,inf,-inf,2.002372481306446,0.19127354883805836,0.19127354883805836,0.19127354883805836,784,1.0996854776642908,0.9193426806758678,1.6710919028180442,,,-3.0993957113818325,0.4975501833257999,0.2500322816542984,28.025253841429848,1.4475495549488306,0.0,0.0,0.6422706205374791,0.674506954410055,0.29402557549249597,0.07814914287585514,2.1076375272464825,26.9694260191004,1.4308717036130683,5910
785,1.6206847082811677,-29.81336530849972,0.1338617446613011,0.05013903347962402,-28.008679822077625,-29.81336530849972,nan,0.10834299603044627,0.02551874863085482,1.655888582788294,-29.732085024957485,0.13312464547417452,0.05012056810083801,-27.89295122859418,-29.732085024957485,nan,39.9121056871378,0.11477000655345766,0.0,0.01720127872419315,347.7572833329718,46.0,46.0,,2.1329843019667534e-05,,,,,,,0.5355911380218857,,0,0.07510072981905373,2.109348308934251,inf,-inf,-0.09472755559163899,0.0546079024543007,-0.06434098659123111,0.06139351171075584,inf,-inf,2.0022060427603567,0.19125495510821572,0.19125495510821572,0.19125495510821572,784,1.0985193441860266,0.9186639825284445,1.6709852451555576,,,-3.0990484519558117,0.4977111172237627,0.25037034996078944,28.086921578744633,1.4485041416712063,0.0,0.0,0.6426655210562283,0.6748095568906471,0.29440547762402136,0.07806766641149913,2.109348308934251,27.019487143573055,1.4316771014280532,5910
786,1.6242936001979809,-29.816138040786317,0.13386160388455046,0.051415245924251,-28.006567590779536,-29.816138040786317,nan,0.10833744621902461,0.025524157665525925,1.655888582788294,-29.732085024957485,0.13312464547417452,0.05012056810083801,-27.89295122859418,-29.732085024957485,nan,37.1668775149828,0.11862143730651657,0.0,0.018453822110532484,313.3234460727699,46.0,46.0,,2.113451851861786e-05,,,,,,,0.5355911380218857,,0,0.07510072981905373,2.109348308934251,inf,-inf,-0.09397117087240903,0.055057402820529205,-0.06432758494994736,0.061028764352822604,inf,-inf,2.0019004261549482,0.1912353557047622,0.1912353557047622,0.1912353557047622,784,1.0985193441860266,0.9186639825284445,1.6709852451555576,,,-3.0990484519558117,0.4977111172237627,0.25037034996078944,28.086921578744633,1.4485041416712063,0.0,0.0,0.6426655210562283,0.6748095568906471,0.29440547762402136,0.07806766641149913,2.109348308934251,27.019487143573055,1.4316771014280532,5910
787,1.6273759843551066,-29.81564705608409,0.13388095890289414,0.05150818516477517,-28.002881927661317,-29.81564705608409,nan,0.10835216456763141,0.025528794335262724,1.655888582788294,-29.732085024957485,0.13312464547417452,0.05012056810083801,-27.89295122859418,-29.732085024957485,nan,39.82122958456032,0.11411206749025,0.0,0.022394425106869037,348.96598107787975,46.0,46.0,,2.0940825126214702e-05,,,,,,,0.5355911380218857,,0,0.07510072981905373,2.109348308934251,inf,-inf,-0.093343716769526,0.0532494130866706,-0.06446328207179865,0.06142818974506338,inf,-inf,2.001518627496267,0.1912054138870423,0.1912054138870423,0.1912054138870423,784,1.0985193441860266,0.9186639825284445,1.6709852451555576,,,-3.0990484519558117,0.4977111172237627,0.25037034996078944,28.086921578744633,1.4485041416712063,0.0,0.0,0.6426655210562283,0.6748095568906471,0.29440547762402136,0.07806766641149913,2.109348308934251,27.019487143573055,1.4316771014280532,5910
788,1.6204797776238404,-29.813950220829657,0.13388071335998378,0.0513494575751106,-28.008240272270726,-29.813950220829657,nan,0.10834589703003258,0.02553481632995119,1.655888582788294,-29.732085024957485,0.13312464547417452,0.05012056810083801,-27.89295122859418,-29.732085024957485,nan,37.07656029641566,0.1177241679301952,0.0,0.02516506413628124,314.94433936793916,46.0,46.0,,2.074876520255085e-05,,,,,,,0.5355911380218857,,0,0.07510072981905373,2.109348308934251,inf,-inf,-0.09474778088756405,0.053454065241587106,-0.06375677269886709,0.06137380661568086,inf,-inf,2.0011626599972354,0.19119748366776357,0.19119748366776357,0.19119748366776357,784,1.0985193441860266,0.9186639825284445,1.6709852451555576,,,-3.0990484519558117,0.4977111172237627,0.25037034996078944,28.086921578744633,1.4485041416712063,0.0,0.0,0.6426655210562283,0.6748095568906471,0.29440547762402136,0.07806766641149913,2.109348308934251,27.019487143573055,1.4316771014280532,5910
789,1.618326718256425,-29.815468420828413,0.1338745233961612,0.05227175360583892,-28.010995425569984,-29.815468420828413,nan,0.1083352467176895,0.025539276678471782,1.655888582788294,-29.732085024957485,0.13312464547417452,0.05012056810083801,-27.89295122859418,-29.732085024957485,nan,42.33120600913374,0.11585740471087354,0.0,0.019946134759294087,365.3733321126331,46.0,46.0,,2.0558341087815925e-05,,,,,,,0.5355911380218857,,0,0.07510072981905373,2.109348308934251,inf,-inf,-0.09436209018428267,0.05141400463620839,-0.06268742089077743,0.06153105714864321,inf,-inf,2.0008320753281943,0.19118070840544896,0.19118070840544896,0.19118070840544896,784,1.0985193441860266,0.9186639825284445,1.6709852451555576,,,-3.0990484519558117,0.4977111172237627,0.25037034996078944,28.086921578744633,1.4485041416712063,0.0,0.0,0.6426655210562283,0.6748095568906471,0.29440547762402136,0.07806766641149913,2.109348308934251,27.019487143573055,1.4316771014280532,5910
790,1.6260760500847593,-29.815139827467952,0.1338993984587092,0.051891871575603224,-28.003272507348882,-29.815139827467952,nan,0.10835217270982343,0.02554722574888583,1.6707097891649096,-29.739847119862695,0.1331519833566642,0.05238554251326667,-27.883599804827853,-29.739847119862695,nan,47.9688534571125,0.11610690630806016,0.0,0.02509879672606441,413.14384288079594,46.0,46.0,,2.036955510226764e-05,,,,,,,0.5357403289623667,,0,0.07498270875748436,2.109378549662709,inf,-inf,-0.09359745766523858,0.053355412669861636,-0.0637348630116471,0.06134613143054915,inf,-inf,2.0005983430553638,0.19117274444010784,0.19117274444010784,0.19117274444010784,784,1.0974018557055059,0.9180072663561536,1.6708166956427144,,,-3.0989172353521006,0.49785551430194674,0.25063339311564103,28.131533050973736,1.449193400044209,0.0,0.0,0.642910114769353,0.6750027272487047,0.2946926267838209,0.077967648052831,2.109378549662709,27.0545361100721,1.4322400917129512,5910
791,1.6178281444058806,-29.814764764062623,0.13389447744989488,0.05143579430604281,-28.011606347900806,-29.814764764062623,nan,0.10834183419353666,0.02555264325635825,1.6707097891649096,-29.739847119862695,0.1331519833566642,0.05238554251326667,-27.883599804827853,-29.739847119862695,nan,43.58823006077407,0.1183562808848906,0.0,0.021679131876234107,368.2798220329899,46.0,46.0,,2.0182409546203622e-05,,,,,,,0.5357403289623667,,0,0.07498270875748436,2.109378549662709,inf,-inf,-0.0946170972183291,0.05679124127571139,-0.06409495243671687,0.061297216324628506,inf,-inf,2.000297475476175,0.19114185555531482,0.19114185555531482,0.19114185555531482,784,1.0974018557055059,0.9180072663561536,1.6708166956427144,,,-3.0989172353521006,0.49785551430194674,0.25063339311564103,28.131533050973736,1.449193400044209,0.0,0.0,0.642910114769353,0.6750027272487047,0.2946926267838209,0.077967648052831,2.109378549662709,27.0545361100721,1.4322400917129512,5910
792,1.6264044294325481,-29.815877752689808,0.13388815723262296,0.05187962289923522,-28.003705543125402,-29.815877752689808,nan,0.10833008128634869,0.025558075946274274,1.6707097891649096,-29.739847119862695,0.1331519833566642,0.05238554251326667,-27.883599804827853,-29.739847119862695,nan,46.6085979227413,0.11875735339516724,0.0,0.02603559391885513,392.4691531955108,46.0,46.0,,1.999690669993348e-05,,,,,,,0.5357403289623667,,0,0.07498270875748436,2.109378549662709,inf,-inf,-0.09547489859170787,0.055415785942915845,-0.06414746134532112,0.061408832060352074,inf,-inf,1.999947882900748,0.1911347409288275,0.1911347409288275,0.1911347409288275,784,1.0974018557055059,0.9180072663561536,1.6708166956427144,,,-3.0989172353521006,0.49785551430194674,0.25063339311564103,28.131533050973736,1.449193400044209,0.0,0.0,0.642910114769353,0.6750027272487047,0.2946926267838209,0.077967648052831,2.109378549662709,27.0545361100721,1.4322400917129512,5910
793,1.6224473444768053,-29.81537498238597,0.1339103919028199,0.051659497961973264,-28.00735774804437,-29.81537498238597,nan,0.10834876484813073,0.02556162705468914,1.6707097891649096,-29.739847119862695,0.1331519833566642,0.05238554251326667,-27.883599804827853,-29.739847119862695,nan,45.36129014028671,0.11297860935909174,0.0,0.021886638926864942,401.50335003779503,46.0,46.0,,1.9813048823750816e-05,,,,,,,0.5357403289623667,,0,0.07498270875748436,2.109378549662709,inf,-inf,-0.09436060836744155,0.05558364324915525,-0.0671131659969897,0.06132674773613843,inf,-inf,1.9995675446521646,0.19112083372383284,0.19112083372383284,0.19112083372383284,784,1.0974018557055059,0.9180072663561536,1.6708166956427144,,,-3.0989172353521006,0.49785551430194674,0.25063339311564103,28.131533050973736,1.449193400044209,0.0,0.0,0.642910114769353,0.6750027272487047,0.2946926267838209,0.077967648052831,2.109378549662709,27.0545361100721,1.4322400917129512,5910
794,1.6185698684522516,-29.814705195937364,0.13390967674361773,0.05135338645418893,-28.010872264287308,-29.814705195937364,nan,0.10834213799903539,0.025567538744582344,1.6707097891649096,-29.739847119862695,0.1331519833566642,0.05238554251326667,-27.883599804827853,-29.739847119862695,nan,42.818281274980066,0.11587791249538389,0.0,0.028881261627677825,369.5120178893952,46.0,46.0,,1.9630838157905843e-05,,,,,,,0.5357403289623667,,0,0.07498270875748436,2.109378549662709,inf,-inf,-0.09429756425198912,0.05317179227075769,-0.06355249289552618,0.061396135110961314,inf,-inf,1.9993721713807304,0.1910974922202859,0.1910974922202859,0.1910974922202859,784,1.0974018557055059,0.9180072663561536,1.6708166956427144,,,-3.0989172353521006,0.49785551430194674,0.25063339311564103,28.131533050973736,1.449193400044209,0.0,0.0,0.642910114769353,0.6750027272487047,0.2946926267838209,0.077967648052831,2.109378549662709,27.0545361100721,1.4322400917129512,5910
795,1.6192799238799112,-29.81445263009041,0.13390950082259784,0.05112841588703922,-28.010134789500864,-29.81445263009041,nan,0.10834015574599028,0.025569345076607634,1.6634053863239047,-29.73493387088733,0.13315918970088128,0.04925084521113077,-27.889118449651413,-29.73493387088733,nan,44.02280546262932,0.11739293967370162,0.0,0.021959281822406806,375.0038595591223,46.0,46.0,,1.9450276922577966e-05,,,,,,,0.5359982552671153,,0,0.07489354399422754,2.1104305183842396,inf,-inf,-0.09221602221760569,0.05591732269739448,-0.06363310485846418,0.06149343531544884,inf,-inf,1.9992237321163784,0.191061262518966,0.191061262518966,0.191061262518966,784,1.0963542300981741,0.9173940212906931,1.6708799950301745,,,-3.0985788318119583,0.4980868832709524,0.25094383015714855,28.179071330192386,1.4499266763951002,0.0,0.0,0.6432887175361915,0.6751082007483358,0.2950537296530735,0.07789712635503403,2.1104305183842396,27.092533667615264,1.4328496217334443,5910
796,1.616742226980532,-29.814575837105732,0.13390203653400803,0.05114632448084031,-28.012785249110355,-29.814575837105732,nan,0.10832755190500655,0.025574484629001523,1.6634053863239047,-29.73493387088733,0.13315918970088128,0.04925084521113077,-27.889118449651413,-29.73493387088733,nan,44.873087720969046,0.11852655227269715,0.0,0.01816307871625843,378.59101492911356,46.0,46.0,,1.927136731784895e-05,,,,,,,0.5359982552671153,,0,0.07489354399422754,2.1104305183842396,inf,-inf,-0.0930882786298772,0.05410686758565265,-0.06608357440633887,0.061495237879903644,inf,-inf,1.9989137018111995,0.19105347145922882,0.19105347145922882,0.19105347145922882,784,1.0963542300981741,0.9173940212906931,1.6708799950301745,,,-3.0985788318119583,0.4980868832709524,0.25094383015714855,28.179071330192386,1.4499266763951002,0.0,0.0,0.6432887175361915,0.6751082007483358,0.2950537296530735,0.07789712635503403,2.1104305183842396,27.092533667615264,1.4328496217334443,5910
797,1.6171025815539832,-29.815026312601038,0.1339146351334327,0.05176050089367901,-28.012248595019944,-29.815026312601038,nan,0.10833335522589235,0.025581279907540336,1.6634053863239047,-29.73493387088733,0.13315918970088128,0.04925084521113077,-27.889118449651413,-29.73493387088733,nan,45.56636822538291,0.1167033985211114,0.0,0.018448519622298196,390.4459407593006,46.0,46.0,,1.909411152367581e-05,,,,,,,0.5359982552671153,,0,0.07489354399422754,2.1104305183842396,inf,-inf,-0.09454747234963468,0.054997467396114066,-0.0639423581023399,0.06115614221728906,inf,-inf,1.9985565788596007,0.1910420497417506,0.1910420497417506,0.1910420497417506,784,1.0963542300981741,0.9173940212906931,1.6708799950301745,,,-3.0985788318119583,0.4980868832709524,0.25094383015714855,28.179071330192386,1.4499266763951002,0.0,0.0,0.6432887175361915,0.6751082007483358,0.2950537296530735,0.07789712635503403,2.1104305183842396,27.092533667615264,1.4328496217334443,5910
798,1.615489163385959,-29.817482538094797,0.13391174493985417,0.05155215366862329,-28.01652947610036,-29.817482538094797,nan,0.1083261019375218,0.025585643002332358,1.6634053863239047,-29.73493387088733,0.13315918970088128,0.04925084521113077,-27.889118449651413,-29.73493387088733,nan,45.6121129337194,0.11681152444842892,0.0,0.01960180735235951,390.47613794182337,46.0,46.0,,1.8918511699864478e-05,,,,,,,0.5359982552671153,,0,0.07489354399422754,2.1104305183842396,inf,-inf,-0.09403766743636287,0.053336667579421834,-0.06328004705789776,0.0612084141204328,inf,-inf,1.9981293394807516,0.19101604588939106,0.19101604588939106,0.19101604588939106,784,1.0963542300981741,0.9173940212906931,1.6708799950301745,,,-3.0985788318119583,0.4980868832709524,0.25094383015714855,28.179071330192386,1.4499266763951002,0.0,0.0,0.6432887175361915,0.6751082007483358,0.2950537296530735,0.07789712635503403,2.1104305183842396,27.092533667615264,1.4328496217334443,5910
799,1.6133990905525928,-29.815008830184237,0.13390679632676647,0.05148602006040321,-28.016216923244475,-29.815008830184237,nan,0.10831527332693472,0.025591522999831803,1.6634053863239047,-29.73493387088733,0.13315918970088128,0.04925084521113077,-27.889118449651413,-29.73493387088733,nan,43.01169864571804,0.12064852779753614,0.0,0.022166587126744117,356.5041317196779,46.0,46.0,,1.8744569986043365e-05,,,,,,,0.5359982552671153,,0,0.07489354399422754,2.1104305183842396,inf,-inf,-0.09459249726776475,0.05502642982157098,-0.06485487758891942,0.06150169074186352,inf,-inf,1.9978224454813205,0.19100621057192574,0.19100621057192574,0.19100621057192574,784,1.0963542300981741,0.9173940212906931,1.6708799950301745,,,-3.0985788318119583,0.4980868832709524,0.25094383015714855,28.179071330192386,1.4499266763951002,0.0,0.0,0.6432887175361915,0.6751082007483358,0.2950537296530735,0.07789712635503403,2.1104305183842396,27.092533667615264,1.4328496217334443,5910
800,1.615289723714208,-29.814275262349703,0.13393173311834464,0.052261991222192064,-28.012791814294957,-29.814275262349703,nan,0.10833552169736149,0.02559621142098314,1.6450435215369925,-29.727389342408962,0.13317854462089482,0.048606157370854705,-27.900561118880223,-29.727389342408962,nan,44.90663474069729,0.11943629697680536,0.0,0.01917649972502349,375.9881700737775,46.0,46.0,,1.857228850163738e-05,,,,,,,0.5361881964889,,0,0.0747971830234525,2.111229479224684,inf,-inf,-0.09616823872113861,0.05400197129262943,-0.06333580833454663,0.061138472981804096,inf,-inf,1.9976303867928757,0.1909853427134426,0.1909853427134426,0.1909853427134426,784,1.0953669564112218,0.916802685943102,1.6707159166721262,,,-3.0983636092553093,0.49819351136848344,0.2512141611773384,28.226056034258843,1.4506501993577405,0.0,0.0,0.6435768250265893,0.6752418410421552,0.295358390506249,0.07781607278409863,2.111229479224684,27.131020670784924,1.4334661322559445,5910
801,1.6111694663284324,-29.813757984893112,0.1339200069463865,0.051183290837439756,-28.017485220780852,-29.813757984893112,nan,0.10831930542353145,0.02560070152285503,1.6450435215369925,-29.727389342408962,0.13317854462089482,0.048606157370854705,-27.900561118880223,-29.727389342408962,nan,40.186797423884265,0.11977727040150656,0.0,0.02402640601398989,335.5127169718738,46.0,46.0,,1.8401669345842047e-05,,,,,,,0.5361881964889,,0,0.0747971830234525,2.111229479224684,inf,-inf,-0.0936430386785925,0.051658538519356915,-0.06624615409886275,0.06161196324217458,inf,-inf,1.9972994328415106,0.1909711364539466,0.1909711364539466,0.1909711364539466,784,1.0953669564112218,0.916802685943102,1.6707159166721262,,,-3.0983636092553093,0.49819351136848344,0.2512141611773384,28.226056034258843,1.4506501993577405,0.0,0.0,0.6435768250265893,0.6752418410421552,0.295358390506249,0.07781607278409863,2.111229479224684,27.131020670784924,1.4334661322559445,5910
802,1.6180900356354526,-29.817585104482394,0.13391441450088457,0.051902572334456804,-28.013678082011598,-29.817585104482394,nan,0.10830691102540785,0.025607503475476703,1.6450435215369925,-29.727389342408962,0.13317854462089482,0.048606157370854705,-27.900561118880223,-29.727389342408962,nan,41.63064152004652,0.11732582604638457,0.0,0.0244412537312775,354.82930675116586,46.0,46.0,,1.8232714597597927e-05,,,,,,,0.5361881964889,,0,0.0747971830234525,2.111229479224684,inf,-inf,-0.09499599533795888,0.05454533419451859,-0.06457236706447494,0.061589146456513165,inf,-inf,1.9969823859564546,0.19096369228183926,0.19096369228183926,0.19096369228183926,784,1.0953669564112218,0.916802685943102,1.6707159166721262,,,-3.0983636092553093,0.49819351136848344,0.2512141611773384,28.226056034258843,1.4506501993577405,0.0,0.0,0.6435768250265893,0.6752418410421552,0.295358390506249,0.07781607278409863,2.111229479224684,27.131020670784924,1.4334661322559445,5910
803,1.611176243406396,-29.81593599056867,0.1339284193872935,0.05191658496543376,-28.018914742809546,-29.81593599056867,nan,0.10831667187819496,0.025611747509098545,1.6450435215369925,-29.727389342408962,0.13317854462089482,0.048606157370854705,-27.900561118880223,-29.727389342408962,nan,42.68466549460325,0.11554754082627619,0.0,0.02083070265544587,369.41215009308536,46.0,46.0,,1.806542631556532e-05,,,,,,,0.5361881964889,,0,0.0747971830234525,2.111229479224684,inf,-inf,-0.09327424458868726,0.056638564990507484,-0.0639197790698958,0.061083668446517726,inf,-inf,1.9967769624102256,0.1909375579725076,0.1909375579725076,0.1909375579725076,784,1.0953669564112218,0.916802685943102,1.6707159166721262,,,-3.0983636092553093,0.49819351136848344,0.2512141611773384,28.226056034258843,1.4506501993577405,0.0,0.0,0.6435768250265893,0.6752418410421552,0.295358390506249,0.07781607278409863,2.111229479224684,27.131020670784924,1.4334661322559445,5910
804,1.6132359996305887,-29.81658530895022,0.13393960341440975,0.05233434258761886,-28.017075363317602,-29.81658530895022,nan,0.10832363949342647,0.02561596392098328,1.6450435215369925,-29.727389342408962,0.13317854462089482,0.048606157370854705,-27.900561118880223,-29.727389342408962,nan,42.0290822880159,0.11611384621650626,0.0,0.01833427157306299,361.9644310950507,46.0,46.0,,1.7899806538099137e-05,,,,,,,0.5361881964889,,0,0.0747971830234525,2.111229479224684,inf,-inf,-0.09559213495532783,0.05443491242430737,-0.06440885502720009,0.061165099689297564,inf,-inf,1.9964948562734945,0.19091687668330812,0.19091687668330812,0.19091687668330812,784,1.0953669564112218,0.916802685943102,1.6707159166721262,,,-3.0983636092553093,0.49819351136848344,0.2512141611773384,28.226056034258843,1.4506501993577405,0.0,0.0,0.6435768250265893,0.6752418410421552,0.295358390506249,0.07781607278409863,2.111229479224684,27.131020670784924,1.4334661322559445,5910
805,1.609330833537601,-29.815118366047667,0.13393620068711193,0.05138225329239702,-28.020469078530557,-29.815118366047667,nan,0.10831445838657876,0.025621742300533153,1.6531183072729259,-29.74291845633431,0.13319833969732808,0.055924729232952164,-27.900677080131103,-29.74291845633431,nan,45.24453147141852,0.12306258543176198,0.0,0.017972761964928044,367.65464753303553,46.0,46.0,,1.7735857283224104e-05,,,,,,,0.5363554894324456,,0,0.07470149746749644,2.1119111463749047,inf,-inf,-0.09368607478965829,0.05533287477734064,-0.06468382132633219,0.06170204955407562,inf,-inf,1.9961290450875886,0.19091443730724003,0.19091443730724003,0.19091443730724003,784,1.0943829184053997,0.9162266462694691,1.6704999151026538,,,-3.098177963766243,0.4983833009169631,0.25145994312567105,28.27133615753585,1.4513463345642224,0.0,0.0,0.6438375600021521,0.6756126991625974,0.29563400977696513,0.07773872399211386,2.1119111463749047,27.16678429902124,1.4340382345223466,5910
806,1.607195535171991,-29.815131558863577,0.13394538001047085,0.05182585902135433,-28.022164784659765,-29.815131558863577,nan,0.10831979974250026,0.025625580267970585,1.6531183072729259,-29.74291845633431,0.13319833969732808,0.055924729232952164,-27.900677080131103,-29.74291845633431,nan,45.33906499669535,0.11765306898376149,0.0,0.01875340516049517,385.36236571060516,46.0,46.0,,1.7573580548610124e-05,,,,,,,0.5363554894324456,,0,0.07470149746749644,2.1119111463749047,inf,-inf,-0.0931237817790983,0.053823134888755564,-0.06475448871506538,0.06118805528540185,inf,-inf,1.9958486498772496,0.19089571254595822,0.19089571254595822,0.19089571254595822,784,1.0943829184053997,0.9162266462694691,1.6704999151026538,,,-3.098177963766243,0.4983833009169631,0.25145994312567105,28.27133615753585,1.4513463345642224,0.0,0.0,0.6438375600021521,0.6756126991625974,0.29563400977696513,0.07773872399211386,2.1119111463749047,27.16678429902124,1.4340382345223466,5910
807,1.6112871167835612,-29.815484995706015,0.13396353483547038,0.05255470867148294,-28.0176796354155,-29.815484995706015,nan,0.1083332705009045,0.0256302643345659,1.6531183072729259,-29.74291845633431,0.13319833969732808,0.055924729232952164,-27.900677080131103,-29.74291845633431,nan,47.87875034045459,0.11542131910000611,0.0,0.022648633371397445,414.81721673073525,46.0,46.0,,1.7412978311548063e-05,,,,,,,0.5363554894324456,,0,0.07470149746749644,2.1119111463749047,inf,-inf,-0.09513111406335756,0.05347459003748008,-0.06514481456974561,0.06156195805255854,inf,-inf,1.9955978696916212,0.19088175710637476,0.19088175710637476,0.19088175710637476,784,1.0943829184053997,0.9162266462694691,1.6704999151026538,,,-3.098177963766243,0.4983833009169631,0.25145994312567105,28.27133615753585,1.4513463345642224,0.0,0.0,0.6438375600021521,0.6756126991625974,0.29563400977696513,0.07773872399211386,2.1119111463749047,27.16678429902124,1.4340382345223466,5910
808,1.6132940404813876,-29.81525708516329,0.13395315956734047,0.05168378528039721,-28.016326099834163,-29.81525708516329,nan,0.10831733575996634,0.025635823807374107,1.6531183072729259,-29.74291845633431,0.13319833969732808,0.055924729232952164,-27.900677080131103,-29.74291845633431,nan,48.47951605059035,0.11607741440121262,0.0,0.022398130529271334,417.64813853472515,46.0,46.0,,1.7254052528925465e-05,,,,,,,0.5363554894324456,,0,0.07470149746749644,2.1119111463749047,inf,-inf,-0.09429307154532199,0.053821880595396616,-0.0638621418942779,0.06140681009330944,inf,-inf,1.9953626749785258,0.1908644240091027,0.1908644240091027,0.1908644240091027,784,1.0943829184053997,0.9162266462694691,1.6704999151026538,,,-3.098177963766243,0.4983833009169631,0.25145994312567105,28.27133615753585,1.4513463345642224,0.0,0.0,0.6438375600021521,0.6756126991625974,0.29563400977696513,0.07773872399211386,2.1119111463749047,27.16678429902124,1.4340382345223466,5910
809,1.6130646769099115,-29.815007450970366,0.1339604284492325,0.05195231512230227,-28.01603003048892,-29.815007450970366,nan,0.10832091964727765,0.025639508801954796,1.6531183072729259,-29.74291845633431,0.13319833969732808,0.055924729232952164,-27.900677080131103,-29.74291845633431,nan,41.02939547783908,0.11460561608466305,0.0,0.019777648153524657,358.0051037597431,46.0,46.0,,1.709680513720281e-05,,,,,,,0.5363554894324456,,0,0.07470149746749644,2.1119111463749047,inf,-inf,-0.0939329078897858,0.05384976260769939,-0.06322607048235787,0.06117685121413265,inf,-inf,1.9951814819500737,0.19084261825716228,0.19084261825716228,0.19084261825716228,784,1.0943829184053997,0.9162266462694691,1.6704999151026538,,,-3.098177963766243,0.4983833009169631,0.25145994312567105,28.27133615753585,1.4513463345642224,0.0,0.0,0.6438375600021521,0.6756126991625974,0.29563400977696513,0.07773872399211386,2.1119111463749047,27.16678429902124,1.4340382345223466,5910
810,1.6157967306800483,-29.81429150309001,0.13395318561047045,0.05178092284930777,-28.012760663950186,-29.81429150309001,nan,0.10830990732585839,0.025643278284612065,1.6477165481798124,-29.735718040313408,0.13321167989065016,0.05114788226085727,-27.90364192998209,-29.735718040313408,nan,42.758774668729465,0.11785862238825595,0.0,0.01944148550997643,362.79717005236415,46.0,46.0,,1.694123805238994e-05,,,,,,,0.5365433650330691,,0,0.07461434779611215,2.1129741367355246,inf,-inf,-0.09561411258577085,0.054858662241813516,-0.06473778340926532,0.06159879009745737,inf,-inf,1.994980169443565,0.19082930122256062,0.19082930122256062,0.19082930122256062,784,1.0935056578218307,0.9156981928122153,1.6702144835662485,,,-3.097955409367987,0.49839854753860824,0.2517154935209535,28.31860358157045,1.4520718340540792,0.0,0.0,0.6441179887841479,0.6758109277436272,0.2959227439030975,0.07766667325085067,2.1129741367355246,27.20567327392746,1.4346594781020001,5910
811,1.6056676372365686,-29.813542868737578,0.13396648497839872,0.051735420870761904,-28.02217332565185,-29.813542868737578,nan,0.10831888898966194,0.025647595988736796,1.6477165481798124,-29.735718040313408,0.13321167989065016,0.05114788226085727,-27.90364192998209,-29.735718040313408,nan,42.65213664237026,0.11854009896140724,0.0,0.02486007434041196,359.81188657735464,46.0,46.0,,1.6787353170022748e-05,,,,,,,0.5365433650330691,,0,0.07461434779611215,2.1129741367355246,inf,-inf,-0.0946258457128076,0.05535189843529883,-0.06505361346545002,0.06111470523822785,inf,-inf,1.9946752998022563,0.19081532711025015,0.19081532711025015,0.19081532711025015,784,1.0935056578218307,0.9156981928122153,1.6702144835662485,,,-3.097955409367987,0.49839854753860824,0.2517154935209535,28.31860358157045,1.4520718340540792,0.0,0.0,0.6441179887841479,0.6758109277436272,0.2959227439030975,0.07766667325085067,2.1129741367355246,27.20567327392746,1.4346594781020001,5910
812,1.6016227945537171,-29.816210888486715,0.13397225427234632,0.051790558671161294,-28.02882528098949,-29.816210888486715,nan,0.10832081332363243,0.02565144094871383,1.6477165481798124,-29.735718040313408,0.13321167989065016,0.05114788226085727,-27.90364192998209,-29.735718040313408,nan,40.05690365855083,0.11978719082656243,0.0,0.024286949181259423,334.400559710499,46.0,46.0,,1.663515236513991e-05,,,,,,,0.5365433650330691,,0,0.07461434779611215,2.1129741367355246,inf,-inf,-0.09347419152785988,0.053120582640802494,-0.06279346575087708,0.061335795215327775,inf,-inf,1.994538049235675,0.19079719726028488,0.19079719726028488,0.19079719726028488,784,1.0935056578218307,0.9156981928122153,1.6702144835662485,,,-3.097955409367987,0.49839854753860824,0.2517154935209535,28.31860358157045,1.4520718340540792,0.0,0.0,0.6441179887841479,0.6758109277436272,0.2959227439030975,0.07766667325085067,2.1129741367355246,27.20567327392746,1.4346594781020001,5910
813,1.6049032501355516,-29.814114259003414,0.1339698484872596,0.05140228811045917,-28.02383887227014,-29.814114259003414,nan,0.10831430566928442,0.02565554281797524,1.6477165481798124,-29.735718040313408,0.13321167989065016,0.05114788226085727,-27.90364192998209,-29.735718040313408,nan,41.199325434227454,0.11689350639620186,0.0,0.024359460811375053,352.4517888494627,46.0,46.0,,1.6484637492260224e-05,,,,,,,0.5365433650330691,,0,0.07461434779611215,2.1129741367355246,inf,-inf,-0.09438954698855427,0.054096586504613485,-0.0661926070838173,0.06161290691001574,inf,-inf,1.9942470135784802,0.19078225646230756,0.19078225646230756,0.19078225646230756,784,1.0935056578218307,0.9156981928122153,1.6702144835662485,,,-3.097955409367987,0.49839854753860824,0.2517154935209535,28.31860358157045,1.4520718340540792,0.0,0.0,0.6441179887841479,0.6758109277436272,0.2959227439030975,0.07766667325085067,2.1129741367355246,27.20567327392746,1.4346594781020001,5910
814,1.6083938383416496,-29.81550800505795,0.13396825113552432,0.05176561865265169,-28.021380296928125,-29.81550800505795,nan,0.10830495987340016,0.02566329126212415,1.6477165481798124,-29.735718040313408,0.13321167989065016,0.05114788226085727,-27.90364192998209,-29.735718040313408,nan,43.604388425346194,0.11777541180567082,0.0,0.021753634196765567,370.2333768723589,46.0,46.0,,1.6335810385359894e-05,,,,,,,0.5365433650330691,,0,0.07461434779611215,2.1129741367355246,inf,-inf,-0.09562205849491584,0.05490787585664017,-0.06672728204857005,0.0613718696835015,inf,-inf,1.9938638187414366,0.19077521526858998,0.19077521526858998,0.19077521526858998,784,1.0935056578218307,0.9156981928122153,1.6702144835662485,,,-3.097955409367987,0.49839854753860824,0.2517154935209535,28.31860358157045,1.4520718340540792,0.0,0.0,0.6441179887841479,0.6758109277436272,0.2959227439030975,0.07766667325085067,2.1129741367355246,27.20567327392746,1.4346594781020001,5910
815,1.6085558339984416,-29.814079856902776,0.13396610780897614,0.05115208629952907,-28.02040582879583,-29.814079856902776,nan,0.1082989591005729,0.025667148708403257,1.6575373041277317,-29.733565949447534,0.1332302771553977,0.0531566470920138,-27.88964172107239,-29.733565949447534,nan,43.98668465547042,0.11845711233056393,0.0,0.021880098695087957,371.33004333857224,46.0,46.0,,1.6188672857850296e-05,,,,,,,0.5367017268963217,,0,0.07452512401769361,2.1133946146167815,inf,-inf,-0.09535319850918104,0.05303664859049187,-0.06500741150918946,0.06156341472766674,inf,-inf,1.9936409601091885,0.19076339868277364,0.19076339868277364,0.19076339868277364,784,1.0926474473632857,0.9151841580284167,1.6704747579777137,,,-3.097780998548836,0.49834152205431714,0.25194806883499204,28.358149583421337,1.4526778889959469,0.0,0.0,0.6443618361779911,0.6760337250166977,0.29618131768287104,0.07759537082934222,2.1133946146167815,27.236091432114325,1.4351447834441842,5910
816,1.604465772507504,-29.815283253094748,0.1339840551589753,0.052460415643626204,-28.024373009784643,-29.815283253094748,nan,0.10831389124325093,0.025670163915724364,1.6575373041277317,-29.733565949447534,0.1332302771553977,0.0531566470920138,-27.88964172107239,-29.733565949447534,nan,43.7750375872551,0.11579990428064205,0.0,0.021662776120900038,378.0230895628888,46.0,46.0,,1.604322670255574e-05,,,,,,,0.5367017268963217,,0,0.07452512401769361,2.1133946146167815,inf,-inf,-0.09429107867577566,0.056111708085803486,-0.06725341580455312,0.061331023960776276,inf,-inf,1.9934879908341196,0.19073798897892716,0.19073798897892716,0.19073798897892716,784,1.0926474473632857,0.9151841580284167,1.6704747579777137,,,-3.097780998548836,0.49834152205431714,0.25194806883499204,28.358149583421337,1.4526778889959469,0.0,0.0,0.6443618361779911,0.6760337250166977,0.29618131768287104,0.07759537082934222,2.1133946146167815,27.236091432114325,1.4351447834441842,5910
817,1.6020480176973795,-29.81535150941585,0.13399463621464108,0.05242723596059151,-28.026881619543236,-29.81535150941585,nan,0.10831905879569821,0.025675577418942885,1.6575373041277317,-29.733565949447534,0.1332302771553977,0.0531566470920138,-27.88964172107239,-29.733565949447534,nan,46.34379099269156,0.11861277945055083,0.0,0.019633980876524616,390.7149904704163,46.0,46.0,,1.5899473691691704e-05,,,,,,,0.5367017268963217,,0,0.07452512401769361,2.1133946146167815,inf,-inf,-0.09534719947321507,0.05255740443796636,-0.06435741136020784,0.06132304221772648,inf,-inf,1.9932473878209709,0.19073129690625382,0.19073129690625382,0.19073129690625382,784,1.0926474473632857,0.9151841580284167,1.6704747579777137,,,-3.097780998548836,0.49834152205431714,0.25194806883499204,28.358149583421337,1.4526778889959469,0.0,0.0,0.6443618361779911,0.6760337250166977,0.29618131768287104,0.07759537082934222,2.1133946146167815,27.236091432114325,1.4351447834441842,5910
818,1.6042125901195905,-29.815129445731596,0.1339931650951052,0.053012838124417185,-28.023910852392483,-29.815129445731596,nan,0.10831407760303464,0.025679087492070523,1.6575373041277317,-29.733565949447534,0.1332302771553977,0.0531566470920138,-27.88964172107239,-29.733565949447534,nan,39.17685220961618,0.11662149579945864,0.0,0.019409225469760608,335.93165600434736,46.0,46.0,,1.5757415576843315e-05,,,,,,,0.5367017268963217,,0,0.07452512401769361,2.1133946146167815,inf,-inf,-0.0955815291703602,0.056036387869807955,-0.0648922424486943,0.061194525307941686,inf,-inf,1.992973063610651,0.19071694196058125,0.19071694196058125,0.19071694196058125,784,1.0926474473632857,0.9151841580284167,1.6704747579777137,,,-3.097780998548836,0.49834152205431714,0.25194806883499204,28.358149583421337,1.4526778889959469,0.0,0.0,0.6443618361779911,0.6760337250166977,0.29618131768287104,0.07759537082934222,2.1133946146167815,27.236091432114325,1.4351447834441842,5910
819,1.6079977663456737,-29.8145792857784,0.1339856077970001,0.051882676069487536,-28.020713235566237,-29.8145792857784,nan,0.10830186531529916,0.025683742481700984,1.6575373041277317,-29.733565949447534,0.1332302771553977,0.0531566470920138,-27.88964172107239,-29.733565949447534,nan,43.21269195445319,0.11436782807772584,0.0,0.01981532091080639,377.83957849654445,46.0,46.0,,1.5617054088943803e-05,,,,,,,0.5367017268963217,,0,0.07452512401769361,2.1133946146167815,inf,-inf,-0.09462708843518546,0.05294392224114964,-0.06580970505054409,0.061516724692837976,inf,-inf,1.9927048654962,0.19071434491907222,0.19071434491907222,0.19071434491907222,784,1.0926474473632857,0.9151841580284167,1.6704747579777137,,,-3.097780998548836,0.49834152205431714,0.25194806883499204,28.358149583421337,1.4526778889959469,0.0,0.0,0.6443618361779911,0.6760337250166977,0.29618131768287104,0.07759537082934222,2.1133946146167815,27.236091432114325,1.4351447834441842,5910
820,1.6128092752019834,-29.81640725479014,0.13400290387545216,0.051390707927199825,-28.018204367785504,-29.81640725479014,nan,0.10831235688614295,0.025690546989309254,1.6447386072939894,-29.732702134063366,0.13325320151810854,0.05237416696614634,-27.902336158285124,-29.732702134063366,nan,49.156133483413946,0.11262919655136647,0.0,0.023026335035676294,436.44219250907514,46.0,46.0,,1.5478390938253676e-05,,,,,,,0.5368181997760425,,0,0.07443805381467322,2.1140891140165587,inf,-inf,-0.0956056233118974,0.05405826052759854,-0.06602038165024762,0.061067023353743186,inf,-inf,1.992459104667926,0.19071080522690848,0.19071080522690848,0.19071080522690848,784,1.0918193487240073,0.9146921582341169,1.670488568916225,,,-3.0976769191222893,0.4983356151030147,0.2521519247863779,28.400650012693234,1.4533282799658866,0.0,0.0,0.6445514482185682,0.6762066315848202,0.29640768861137906,0.07752470693480265,2.1140891140165587,27.26987559971665,1.4356831567725856,5910
821,1.6014688836578101,-29.814506217610518,0.133995432656313,0.05159082823329544,-28.0274510730631,-29.814506217610518,nan,0.10830185262923342,0.02569358002707955,1.6447386072939894,-29.732702134063366,0.13325320151810854,0.05237416696614634,-27.902336158285124,-29.732702134063366,nan,39.4818471383029,0.11805773093263182,0.0,0.02260408306050031,334.42830745944735,46.0,46.0,,1.5341427814339616e-05,,,,,,,0.5368181997760425,,0,0.07443805381467322,2.1140891140165587,inf,-inf,-0.0947493017785376,0.05602210641689806,-0.06533778640577655,0.06131656360316036,inf,-inf,1.9921667332522741,0.19069325177955518,0.19069325177955518,0.19069325177955518,784,1.0918193487240073,0.9146921582341169,1.670488568916225,,,-3.0976769191222893,0.4983356151030147,0.2521519247863779,28.400650012693234,1.4533282799658866,0.0,0.0,0.6445514482185682,0.6762066315848202,0.29640768861137906,0.07752470693480265,2.1140891140165587,27.26987559971665,1.4356831567725856,5910
822,1.6028034908798867,-29.81375494119145,0.13401069156517703,0.05286560758333642,-28.024075151163053,-29.81375494119145,nan,0.10831219731502437,0.025698494250152634,1.6447386072939894,-29.732702134063366,0.13325320151810854,0.05237416696614634,-27.902336158285124,-29.732702134063366,nan,40.03101197356064,0.11841924930309763,0.0,0.02252322906508385,338.04480444813544,46.0,46.0,,1.520616638605409e-05,,,,,,,0.5368181997760425,,0,0.07443805381467322,2.1140891140165587,inf,-inf,-0.09599712769585843,0.0546171796394989,-0.06381997002509511,0.061279325854796035,inf,-inf,1.9920094293417507,0.19068317541120705,0.19068317541120705,0.19068317541120705,784,1.0918193487240073,0.9146921582341169,1.670488568916225,,,-3.0976769191222893,0.4983356151030147,0.2521519247863779,28.400650012693234,1.4533282799658866,0.0,0.0,0.6445514482185682,0.6762066315848202,0.29640768861137906,0.07752470693480265,2.1140891140165587,27.26987559971665,1.4356831567725856,5910
823,1.5977236430919763,-29.814165792056507,0.1340056422629684,0.05142991003169052,-28.031006596669872,-29.814165792056507,nan,0.10830352073429544,0.025702121528673003,1.6447386072939894,-29.732702134063366,0.13325320151810854,0.05237416696614634,-27.902336158285124,-29.732702134063366,nan,40.87089937257787,0.11986247423530239,0.0,0.027613841415907135,340.9816094096646,46.0,46.0,,1.50726083015149e-05,,,,,,,0.5368181997760425,,0,0.07443805381467322,2.1140891140165587,inf,-inf,-0.09571183944593324,0.054064926216257546,-0.06257929967464794,0.06178321944637216,inf,-inf,1.9917709019800611,0.1906695824621203,0.1906695824621203,0.1906695824621203,784,1.0918193487240073,0.9146921582341169,1.670488568916225,,,-3.0976769191222893,0.4983356151030147,0.2521519247863779,28.400650012693234,1.4533282799658866,0.0,0.0,0.6445514482185682,0.6762066315848202,0.29640768861137906,0.07752470693480265,2.1140891140165587,27.26987559971665,1.4356831567725856,5910
824,1.5992847141453064,-29.813180368067844,0.13400543774738996,0.05135292794952499,-28.02853728822562,-29.813180368067844,nan,0.10829915597876426,0.025706281768625727,1.6447386072939894,-29.732702134063366,0.13325320151810854,0.05237416696614634,-27.902336158285124,-29.732702134063366,nan,41.644377198183705,0.11658615488210486,0.0,0.019700693224745353,357.19830746880405,46.0,46.0,,1.4940755188085134e-05,,,,,,,0.5368181997760425,,0,0.07443805381467322,2.1140891140165587,inf,-inf,-0.09528472159833089,0.05326542704454706,-0.0657560002209715,0.06131238383786395,inf,-inf,1.9915826030351589,0.19065553277656758,0.19065553277656758,0.19065553277656758,784,1.0918193487240073,0.9146921582341169,1.670488568916225,,,-3.0976769191222893,0.4983356151030147,0.2521519247863779,28.400650012693234,1.4533282799658866,0.0,0.0,0.6445514482185682,0.6762066315848202,0.29640768861137906,0.07752470693480265,2.1140891140165587,27.26987559971665,1.4356831567725856,5910
825,1.6025342238459297,-29.81584436429959,0.1340094135274257,0.051906897862159226,-28.027393829064074,-29.81584436429959,nan,0.10829767312760642,0.025711740399819247,1.638200096721396,-29.726825671254932,0.13326828200112611,0.04737326286113742,-27.907984029671276,-29.726825671254932,nan,42.47076320207568,0.11322908280798764,0.0,0.021781046273775587,375.0870549229568,46.0,46.0,,1.481060865235343e-05,,,,,,,0.536968431974402,,0,0.07436255569933699,2.1145709787932945,inf,-inf,-0.09465885438273826,0.05485145472799482,-0.06519016537103489,0.06132674007199931,inf,-inf,1.991337010316228,0.19064264366997635,0.19064264366997635,0.19064264366997635,784,1.0910548157871598,0.91423238344848,1.6706180498581957,,,-3.097506870656722,0.4984732317609668,0.252363187154152,28.435964295564787,1.4538679602527491,0.0,0.0,0.6447799938718256,0.6762490561949889,0.2966440598801647,0.07745985682553752,2.1145709787932945,27.298927024302834,1.4361455775688834,5910
826,1.6013321897243553,-29.812755403251334,0.13402161031576676,0.051366343479819596,-28.02603525973139,-29.812755403251334,nan,0.1083053439899728,0.025716266325794025,1.638200096721396,-29.726825671254932,0.13326828200112611,0.04737326286113742,-27.907984029671276,-29.726825671254932,nan,42.63286500470927,0.11852578359628352,0.0,0.02384124294539749,359.692749637692,46.0,46.0,,1.4682170280114224e-05,,,,,,,0.536968431974402,,0,0.07436255569933699,2.1145709787932945,inf,-inf,-0.09524713939409259,0.053792229704930146,-0.06523687105174407,0.061495386271231085,inf,-inf,1.9910676747826714,0.19063649530936475,0.19063649530936475,0.19063649530936475,784,1.0910548157871598,0.91423238344848,1.6706180498581957,,,-3.097506870656722,0.4984732317609668,0.252363187154152,28.435964295564787,1.4538679602527491,0.0,0.0,0.6447799938718256,0.6762490561949889,0.2966440598801647,0.07745985682553752,2.1145709787932945,27.298927024302834,1.4361455775688834,5910
827,1.6011025770100573,-29.815015553554918,0.13402079388589253,0.05137950414348149,-28.028512678515487,-29.815015553554918,nan,0.10830160322604639,0.02571919065984613,1.638200096721396,-29.726825671254932,0.13326828200112611,0.04737326286113742,-27.907984029671276,-29.726825671254932,nan,38.92703096081275,0.11745119098960771,0.0,0.02191429456257458,331.43155580480305,46.0,46.0,,1.4555441636348547e-05,,,,,,,0.536968431974402,,0,0.07436255569933699,2.1145709787932945,inf,-inf,-0.09446962138237562,0.05471004783055025,-0.06584447206880183,0.06161548185295854,inf,-inf,1.9909721021881748,0.19061223200648023,0.19061223200648023,0.19061223200648023,784,1.0910548157871598,0.91423238344848,1.6706180498581957,,,-3.097506870656722,0.4984732317609668,0.252363187154152,28.435964295564787,1.4538679602527491,0.0,0.0,0.6447799938718256,0.6762490561949889,0.2966440598801647,0.07745985682553752,2.1145709787932945,27.298927024302834,1.4361455775688834,5910
828,1.5965923506514161,-29.81364753104338,0.13402839870713987,0.051575031047789356,-28.031451750637032,-29.81364753104338,nan,0.10830448447302249,0.025723914234117337,1.638200096721396,-29.726825671254932,0.13326828200112611,0.04737326286113742,-27.907984029671276,-29.726825671254932,nan,41.28041392315074,0.11498297754857642,0.0,0.022283951738182317,359.01326268674126,46.0,46.0,,1.4430424265204883e-05,,,,,,,0.536968431974402,,0,0.07436255569933699,2.1145709787932945,inf,-inf,-0.09656755371612692,0.053541043818200795,-0.06385728561948689,0.061721471746360335,inf,-inf,1.9906413971917138,0.19060791682869396,0.19060791682869396,0.19060791682869396,784,1.0910548157871598,0.91423238344848,1.6706180498581957,,,-3.097506870656722,0.4984732317609668,0.252363187154152,28.435964295564787,1.4538679602527491,0.0,0.0,0.6447799938718256,0.6762490561949889,0.2966440598801647,0.07745985682553752,2.1145709787932945,27.298927024302834,1.4361455775688834,5910
829,1.6018496556077455,-29.814860168048334,0.1340227943946304,0.05148484960444377,-28.027502868441516,-29.814860168048334,nan,0.10829431299357845,0.02572848140105192,1.638200096721396,-29.726825671254932,0.13326828200112611,0.04737326286113742,-27.907984029671276,-29.726825671254932,nan,39.27982589923733,0.11495919726582189,0.0,0.02336721070094313,341.6849354681035,46.0,46.0,,1.4307119689980544e-05,,,,,,,0.536968431974402,,0,0.07436255569933699,2.1145709787932945,inf,-inf,-0.0957153813022655,0.056331749808394796,-0.064676751930154,0.061636088548674695,inf,-inf,1.990420298266879,0.19059252407744057,0.19059252407744057,0.19059252407744057,784,1.0910548157871598,0.91423238344848,1.6706180498581957,,,-3.097506870656722,0.4984732317609668,0.252363187154152,28.435964295564787,1.4538679602527491,0.0,0.0,0.6447799938718256,0.6762490561949889,0.2966440598801647,0.07745985682553752,2.1145709787932945,27.298927024302834,1.4361455775688834,5910
830,1.593790390331074,-29.815396106501122,0.13402941269888527,0.05156178189903367,-28.03601452157213,-29.815396106501122,nan,0.10829977199328913,0.025729640705596163,1.6448358418977478,-29.73545448895527,0.13327794640727758,0.051657303959550656,-27.90568339669069,-29.73545448895527,nan,39.001664304926685,0.12020289251116766,0.0,0.022694368635223686,324.4652727579178,46.0,46.0,,1.4185529413102818e-05,,,,,,,0.5371406384889509,,0,0.07428886988075505,2.1150571611624573,inf,-inf,-0.09786504871334124,0.05595336134708514,-0.06510650095302767,0.061447697152316134,inf,-inf,1.9903394380609605,0.190571409976501,0.190571409976501,0.190571409976501,784,1.090316383558371,0.9137919729107733,1.6708352406870712,,,-3.0972900370631495,0.49855022730159637,0.25258015275068774,28.47071391121505,1.4543983573406314,0.0,0.0,0.6450348594549201,0.6764722330460035,0.2968923434437824,0.07740233018917343,2.1150571611624573,27.325497255614906,1.4365680737655542,5910
831,1.6028675515251998,-29.815939501221987,0.1340340072016244,0.051632086224174416,-28.02740585627099,-29.815939501221987,nan,0.10830026642467065,0.025733740776953694,1.6448358418977478,-29.73545448895527,0.13327794640727758,0.051657303959550656,-27.90568339669069,-29.73545448895527,nan,38.78334273546203,0.11858740287980214,0.0,0.019261135772181515,327.0443722827125,46.0,46.0,,1.4065654916110821e-05,,,,,,,0.5371406384889509,,0,0.07428886988075505,2.1150571611624573,inf,-inf,-0.09556903742837208,0.0569475231787718,-0.0654472824324873,0.061248452966939745,inf,-inf,1.990106727433794,0.19056025849075034,0.19056025849075034,0.19056025849075034,784,1.090316383558371,0.9137919729107733,1.6708352406870712,,,-3.0972900370631495,0.49855022730159637,0.25258015275068774,28.47071391121505,1.4543983573406314,0.0,0.0,0.6450348594549201,0.6764722330460035,0.2968923434437824,0.07740233018917343,2.1150571611624573,27.325497255614906,1.4365680737655542,5910
832,1.593115019405183,-29.8147667355324,0.1340413607667757,0.05184966900139472,-28.035760686359048,-29.8147667355324,nan,0.10830110509880223,0.02574025566797352,1.6448358418977478,-29.73545448895527,0.13327794640727758,0.051657303959550656,-27.90568339669069,-29.73545448895527,nan,35.758903836424125,0.11609274605953812,0.0,0.021532483015597646,308.02013950195635,46.0,46.0,,1.3947497659637526e-05,,,,,,,0.5371406384889509,,0,0.07428886988075505,2.1150571611624573,inf,-inf,-0.09514760261260903,0.05378228380609898,-0.06482726423206737,0.06156773761082507,inf,-inf,1.9897664581563599,0.1905574755811077,0.1905574755811077,0.1905574755811077,784,1.090316383558371,0.9137919729107733,1.6708352406870712,,,-3.0972900370631495,0.49855022730159637,0.25258015275068774,28.47071391121505,1.4543983573406314,0.0,0.0,0.6450348594549201,0.6764722330460035,0.2968923434437824,0.07740233018917343,2.1150571611624573,27.325497255614906,1.4365680737655542,5910
833,1.5948961632910437,-29.813024895163426,0.1340505804404442,0.05123831091155351,-28.032839840520385,-29.813024895163426,nan,0.1083079927436963,0.02574258769674786,1.6448358418977478,-29.73545448895527,0.13327794640727758,0.051657303959550656,-27.90568339669069,-29.73545448895527,nan,41.17099562451384,0.11816683354968109,0.0,0.020402075620522365,348.4141394649815,46.0,46.0,,1.3831059083391788e-05,,,,,,,0.5371406384889509,,0,0.07428886988075505,2.1150571611624573,inf,-inf,-0.09532404809049048,0.05429441721870757,-0.06455830673051535,0.06165184324380699,inf,-inf,1.9896802651800776,0.1905317830380498,0.1905317830380498,0.1905317830380498,784,1.090316383558371,0.9137919729107733,1.6708352406870712,,,-3.0972900370631495,0.49855022730159637,0.25258015275068774,28.47071391121505,1.4543983573406314,0.0,0.0,0.6450348594549201,0.6764722330460035,0.2968923434437824,0.07740233018917343,2.1150571611624573,27.325497255614906,1.4365680737655542,5910
834,1.593294943405473,-29.8147321909585,0.13403629453246846,0.051613222502925576,-28.035787730517633,-29.8147321909585,nan,0.10829098090154346,0.025745313630925047,1.6448358418977478,-29.73545448895527,0.13327794640727758,0.051657303959550656,-27.90568339669069,-29.73545448895527,nan,40.1967717496119,0.11865747084945688,0.0,0.021801690886666673,338.76309230128754,46.0,46.0,,1.3716340606140935e-05,,,,,,,0.5371406384889509,,0,0.07428886988075505,2.1150571611624573,inf,-inf,-0.0947847012752641,0.05643764423632502,-0.06498576889370339,0.061877125545986,inf,-inf,1.9893796755935138,0.19052328162777765,0.19052328162777765,0.19052328162777765,784,1.090316383558371,0.9137919729107733,1.6708352406870712,,,-3.0972900370631495,0.49855022730159637,0.25258015275068774,28.47071391121505,1.4543983573406314,0.0,0.0,0.6450348594549201,0.6764722330460035,0.2968923434437824,0.07740233018917343,2.1150571611624573,27.325497255614906,1.4365680737655542,5910
835,1.5961726372785476,-29.81426761585773,0.1340548234348829,0.051969573351237044,-28.03207058179306,-29.81426761585773,nan,0.10830605391488594,0.025748769519996967,1.6410608784596001,-29.73315175770022,0.133295051172381,0.052364275330397225,-27.90643155273784,-29.73315175770022,nan,38.45640310140609,0.11905210186387015,0.0,0.02288618366952085,323.0216224605507,46.0,46.0,,1.3603343625693355e-05,,,,,,,0.5372472997308615,,0,0.07421327727179279,2.11490558425636,inf,-inf,-0.09381585422582218,0.052394679443621785,-0.06659371524314692,0.06172642505944349,inf,-inf,1.9891379586950944,0.19051937495201376,0.19051937495201376,0.19051937495201376,784,1.0895758129311344,0.9133562501151887,1.6708594934360157,,,-3.097188586954769,0.498599746081475,0.2527586590406531,28.49767133326963,1.4548093733969314,0.0,0.0,0.6452053051209171,0.6766485486124478,0.2970897831061402,0.07734844417102599,2.11490558425636,27.342574332588633,1.4368394014463193,5910
836,1.5946330230172487,-29.815169371362863,0.1340473671472193,0.051202422407133685,-28.035286558791263,-29.815169371362863,nan,0.1082951421523601,0.02575222499485921,1.6410608784596001,-29.73315175770022,0.133295051172381,0.052364275330397225,-27.90643155273784,-29.73315175770022,nan,41.10974064179174,0.1210816969579861,0.0,0.020749235982207345,339.5206845841971,46.0,46.0,,1.3492069518881666e-05,,,,,,,0.5372472997308615,,0,0.07421327727179279,2.11490558425636,inf,-inf,-0.09622689596615111,0.055317416735479324,-0.06375833489730529,0.061655469778073936,inf,-inf,1.9889627726584513,0.19049947842292028,0.19049947842292028,0.19049947842292028,784,1.0895758129311344,0.9133562501151887,1.6708594934360157,,,-3.097188586954769,0.498599746081475,0.2527586590406531,28.49767133326963,1.4548093733969314,0.0,0.0,0.6452053051209171,0.6766485486124478,0.2970897831061402,0.07734844417102599,2.11490558425636,27.342574332588633,1.4368394014463193,5910
837,1.5978906148765892,-29.814758253646716,0.13404803228370382,0.0513599923327495,-28.031459614153672,-29.814758253646716,nan,0.10829069294416642,0.025757339339537434,1.6410608784596001,-29.73315175770022,0.133295051172381,0.052364275330397225,-27.90643155273784,-29.73315175770022,nan,39.815401546481844,0.11941835617041167,0.0,0.01650665209057833,333.4110669691744,46.0,46.0,,1.338251964154568e-05,,,,,,,0.5372472997308615,,0,0.07421327727179279,2.11490558425636,inf,-inf,-0.09486676264541836,0.05621692666254588,-0.06511761617261304,0.061281322727997675,inf,-inf,1.988736861163512,0.19049011735871874,0.19049011735871874,0.19049011735871874,784,1.0895758129311344,0.9133562501151887,1.6708594934360157,,,-3.097188586954769,0.498599746081475,0.2527586590406531,28.49767133326963,1.4548093733969314,0.0,0.0,0.6452053051209171,0.6766485486124478,0.2970897831061402,0.07734844417102599,2.11490558425636,27.342574332588633,1.4368394014463193,5910
838,1.5938773385358063,-29.813425240240186,0.13405309359708434,0.051283202907213436,-28.03421160520008,-29.813425240240186,nan,0.1082927970969854,0.02576029650009895,1.6410608784596001,-29.73315175770022,0.133295051172381,0.052364275330397225,-27.90643155273784,-29.73315175770022,nan,42.358324922256095,0.11764555492802231,0.0,0.018619774964931165,360.0503644032423,46.0,46.0,,1.3274695328516124e-05,,,,,,,0.5372472997308615,,0,0.07421327727179279,2.11490558425636,inf,-inf,-0.09641534980491975,0.05622507609684761,-0.06425546728048084,0.061235215528538695,inf,-inf,1.9885624141949143,0.19047722827763788,0.19047722827763788,0.19047722827763788,784,1.0895758129311344,0.9133562501151887,1.6708594934360157,,,-3.097188586954769,0.498599746081475,0.2527586590406531,28.49767133326963,1.4548093733969314,0.0,0.0,0.6452053051209171,0.6766485486124478,0.2970897831061402,0.07734844417102599,2.11490558425636,27.342574332588633,1.4368394014463193,5910
839,1.5921444188376137,-29.81543674349674,0.13406747867309338,0.051806807643065354,-28.03741803834297,-29.81543674349674,nan,0.10830256295702093,0.025764915716072468,1.6410608784596001,-29.73315175770022,0.133295051172381,0.052364275330397225,-27.90643155273784,-29.73315175770022,nan,42.272037811596775,0.11775424606094922,0.0,0.022788295775888666,358.98525297947134,46.0,46.0,,1.31685978935982e-05,,,,,,,0.5372472997308615,,0,0.07421327727179279,2.11490558425636,inf,-inf,-0.09600721739357174,0.054194258535041825,-0.06520962879943008,0.06151204989534638,inf,-inf,1.9882056049533063,0.19047799369476154,0.19047799369476154,0.19047799369476154,784,1.0895758129311344,0.9133562501151887,1.6708594934360157,,,-3.097188586954769,0.498599746081475,0.2527586590406531,28.49767133326963,1.4548093733969314,0.0,0.0,0.6452053051209171,0.6766485486124478,0.2970897831061402,0.07734844417102599,2.11490558425636,27.342574332588633,1.4368394014463193,5910
840,1.595350646085,-29.815779208588314,0.13405226291419764,0.05127183644052745,-28.03510446314859,-29.815779208588314,nan,0.1082852103890753,0.025767052525122347,1.63585309151732,-29.740936300033464,0.13331573072623887,0.057791852316274116,-27.913975625473633,-29.740936300033464,nan,36.34419735724154,0.11916396558153049,0.0,0.020604707784078583,304.9931846416717,46.0,46.0,,1.3064228629555699e-05,,,,,,,0.5373148274791696,,0,0.07413648448801687,2.1150795695103306,inf,-inf,-0.09438704073383178,0.05528591801194847,-0.06362102264405559,0.0620423129075533,inf,-inf,1.9881134986254159,0.1904539529666692,0.1904539529666692,0.1904539529666692,784,1.0888836894132958,0.9129452160325596,1.6709426074317513,,,-3.0971552327950795,0.49877191819907035,0.2529127575131573,28.529536895591587,1.455294722048893,0.0,0.0,0.6453262622641192,0.6766616249879236,0.2972599840574489,0.07727882894184777,2.1150795695103306,27.369456790059868,1.4372661779208793,5910
841,1.593601976773889,-29.81359333923042,0.13406682382737026,0.05189126022140167,-28.034033278407755,-29.81359333923042,nan,0.1082946435913027,0.025772180236067498,1.63585309151732,-29.740936300033464,0.13331573072623887,0.057791852316274116,-27.913975625473633,-29.740936300033464,nan,47.89572066183097,0.11814878411395272,0.0,0.022594032921403436,405.3847952902865,46.0,46.0,,1.2961588808095151e-05,,,,,,,0.5373148274791696,,0,0.07413648448801687,2.1150795695103306,inf,-inf,-0.09544720609928944,0.05634984352197476,-0.06437341483522331,0.06167210042780986,inf,-inf,1.9879055564408337,0.1904462625013784,0.1904462625013784,0.1904462625013784,784,1.0888836894132958,0.9129452160325596,1.6709426074317513,,,-3.0971552327950795,0.49877191819907035,0.2529127575131573,28.529536895591587,1.455294722048893,0.0,0.0,0.6453262622641192,0.6766616249879236,0.2972599840574489,0.07727882894184777,2.1150795695103306,27.369456790059868,1.4372661779208793,5910
842,1.593813676306782,-29.814747894994163,0.13407371740961874,0.05282818917253827,-28.034032312105225,-29.814747894994163,nan,0.10829829968642808,0.025775417723190718,1.63585309151732,-29.740936300033464,0.13331573072623887,0.057791852316274116,-27.913975625473633,-29.740936300033464,nan,46.79083572243089,0.11570386246115172,0.0,0.022080351716033536,404.4016744742744,46.0,46.0,,1.2860679679850353e-05,,,,,,,0.5373148274791696,,0,0.07413648448801687,2.1150795695103306,inf,-inf,-0.09497588711807275,0.054389339533013274,-0.06461728286488871,0.061554375952162635,inf,-inf,1.9876281798878048,0.19044166429695852,0.19044166429695852,0.19044166429695852,784,1.0888836894132958,0.9129452160325596,1.6709426074317513,,,-3.0971552327950795,0.49877191819907035,0.2529127575131573,28.529536895591587,1.455294722048893,0.0,0.0,0.6453262622641192,0.6766616249879236,0.2972599840574489,0.07727882894184777,2.1150795695103306,27.369456790059868,1.4372661779208793,5910
843,1.5942214298688582,-29.815353314467316,0.13406990683459083,0.05174744908968148,-28.035314528674185,-29.815353314467316,nan,0.10829066286062898,0.025779243973961873,1.63585309151732,-29.740936300033464,0.13331573072623887,0.057791852316274116,-27.913975625473633,-29.740936300033464,nan,41.13354235266923,0.11792270959655997,0.0,0.02133845969715869,348.81781883571284,46.0,46.0,,1.276150247436725e-05,,,,,,,0.5373148274791696,,0,0.07413648448801687,2.1150795695103306,inf,-inf,-0.09577394840046384,0.054229385272666096,-0.06579000342703555,0.061449288901469716,inf,-inf,1.9874881559564985,0.19043203405589548,0.19043203405589548,0.19043203405589548,784,1.0888836894132958,0.9129452160325596,1.6709426074317513,,,-3.0971552327950795,0.49877191819907035,0.2529127575131573,28.529536895591587,1.455294722048893,0.0,0.0,0.6453262622641192,0.6766616249879236,0.2972599840574489,0.07727882894184777,2.1150795695103306,27.369456790059868,1.4372661779208793,5910
844,1.5909870239888826,-29.81440507791409,0.1340779796792995,0.05251595046266404,-28.03682412378324,-29.81440507791409,nan,0.10829324069074757,0.025784738988551957,1.63585309151732,-29.740936300033464,0.13331573072623887,0.057791852316274116,-27.913975625473633,-29.740936300033464,nan,41.022617877300334,0.11946005183030174,0.0,0.026919187370395014,343.4003020153948,46.0,46.0,,1.2664058400088745e-05,,,,,,,0.5373148274791696,,0,0.07413648448801687,2.1150795695103306,inf,-inf,-0.09577746536851675,0.055381616069499665,-0.066284791328043,0.061602442205539294,inf,-inf,1.9871748369357902,0.19042410758194206,0.19042410758194206,0.19042410758194206,784,1.0888836894132958,0.9129452160325596,1.6709426074317513,,,-3.0971552327950795,0.49877191819907035,0.2529127575131573,28.529536895591587,1.455294722048893,0.0,0.0,0.6453262622641192,0.6766616249879236,0.2972599840574489,0.07727882894184777,2.1150795695103306,27.369456790059868,1.4372661779208793,5910
845,1.5975053514406639,-29.815450748998828,0.13408760487480698,0.05222067403419617,-28.03163711864916,-29.815450748998828,nan,0.10829922210661955,0.02578838276818743,1.6327047863688113,-29.7264928829213,0.13333624426982138,0.04809857101173408,-27.91235328127093,-29.7264928829213,nan,39.29911871126135,0.11791026065316208,0.0,0.01943742334828065,333.29685214471147,46.0,46.0,,1.2568348644340173e-05,,,,,,,0.5373970456592704,,0,0.07406760500025514,2.1156393316959834,inf,-inf,-0.09498320918673236,0.05395073775525311,-0.06417767198867225,0.06135412976478113,inf,-inf,1.9869848101624472,0.19041087175692994,0.19041087175692994,0.19041087175692994,784,1.088200908749038,0.912542847944672,1.6709123382774134,,,-3.097093641038487,0.4988755447055876,0.2530718240628893,28.5636255106223,1.4558133305315502,0.0,0.0,0.6454639382018976,0.6765864562661239,0.2974421959111948,0.07722197951184902,2.1156393316959834,27.396854432763636,1.4377007022030643,5910
846,1.5895647896609024,-29.81274157079189,0.13409677748459925,0.051323635793940024,-28.03775636785245,-29.81274157079189,nan,0.10830661648010033,0.025790161004498914,1.6327047863688113,-29.7264928829213,0.13333624426982138,0.04809857101173408,-27.91235328127093,-29.7264928829213,nan,41.74652380235409,0.11726345691890373,0.0,0.02210049174000092,356.00625206900446,46.0,46.0,,1.2474374373314651e-05,,,,,,,0.5373970456592704,,0,0.07406760500025514,2.1156393316959834,inf,-inf,-0.09642448052133482,0.055902404459462825,-0.06387687463450573,0.061268575192976425,inf,-inf,1.986863939986147,0.19039697754153248,0.19039697754153248,0.19039697754153248,784,1.088200908749038,0.912542847944672,1.6709123382774134,,,-3.097093641038487,0.4988755447055876,0.2530718240628893,28.5636255106223,1.4558133305315502,0.0,0.0,0.6454639382018976,0.6765864562661239,0.2974421959111948,0.07722197951184902,2.1156393316959834,27.396854432763636,1.4377007022030643,5910
847,1.5895069079511466,-29.815263988634857,0.1340976500139577,0.05172134557796484,-28.03993808509179,-29.815263988634857,nan,0.1083032534983869,0.02579439651557077,1.6327047863688113,-29.7264928829213,0.13333624426982138,0.04809857101173408,-27.91235328127093,-29.7264928829213,nan,39.60260426131976,0.117974128317485,0.0,0.0244542967559884,335.68889065866693,46.0,46.0,,1.2382136732059061e-05,,,,,,,0.5373970456592704,,0,0.07406760500025514,2.1156393316959834,inf,-inf,-0.09557049724540116,0.055195091759767584,-0.0660401594071246,0.06158565204542539,inf,-inf,1.9865542697715346,0.1903826292105829,0.1903826292105829,0.1903826292105829,784,1.088200908749038,0.912542847944672,1.6709123382774134,,,-3.097093641038487,0.4988755447055876,0.2530718240628893,28.5636255106223,1.4558133305315502,0.0,0.0,0.6454639382018976,0.6765864562661239,0.2974421959111948,0.07722197951184902,2.1156393316959834,27.396854432763636,1.4377007022030643,5910
848,1.5905445680309893,-29.814658861094873,0.13409734139728863,0.052752799644177895,-28.037264152022416,-29.814658861094873,nan,0.10829919335267185,0.02579814804461679,1.6327047863688113,-29.7264928829213,0.13333624426982138,0.04809857101173408,-27.91235328127093,-29.7264928829213,nan,46.01491243945022,0.11555706231683077,0.0,0.0263991278528769,398.20078078212094,46.0,46.0,,1.2291636844459947e-05,,,,,,,0.5373970456592704,,0,0.07406760500025514,2.1156393316959834,inf,-inf,-0.09657348946721954,0.05462998481431141,-0.06518113054841333,0.06146848682589107,inf,-inf,1.9863418319844683,0.19036791959734767,0.19036791959734767,0.19036791959734767,784,1.088200908749038,0.912542847944672,1.6709123382774134,,,-3.097093641038487,0.4988755447055876,0.2530718240628893,28.5636255106223,1.4558133305315502,0.0,0.0,0.6454639382018976,0.6765864562661239,0.2974421959111948,0.07722197951184902,2.1156393316959834,27.396854432763636,1.4377007022030643,5910
849,1.5908150474095768,-29.816191688895163,0.1341133153410752,0.05221932680405771,-28.039043999340453,-29.816191688895163,nan,0.10831169517404643,0.025801620167028784,1.6327047863688113,-29.7264928829213,0.13333624426982138,0.04809857101173408,-27.91235328127093,-29.7264928829213,nan,45.51242241764294,0.11740811552895153,0.0,0.022310685334041805,387.64290025948065,46.0,46.0,,1.2202875813229856e-05,,,,,,,0.5373970456592704,,0,0.07406760500025514,2.1156393316959834,inf,-inf,-0.09660674638485503,0.05310633184986339,-0.06433640274504526,0.06145977761418128,inf,-inf,1.9861254357150457,0.1903571286948537,0.1903571286948537,0.1903571286948537,784,1.088200908749038,0.912542847944672,1.6709123382774134,,,-3.097093641038487,0.4988755447055876,0.2530718240628893,28.5636255106223,1.4558133305315502,0.0,0.0,0.6454639382018976,0.6765864562661239,0.2974421959111948,0.07722197951184902,2.1156393316959834,27.396854432763636,1.4377007022030643,5910
850,1.5863185756858165,-29.811934481612234,0.13411953454515704,0.053258492928576484,-28.038237878452684,-29.811934481612234,nan,0.10831367043642103,0.025805864108736015,1.6265928343934346,-29.728273090234254,0.13335705552808877,0.048024352527947976,-27.920298847784785,-29.728273090234254,nan,39.55926663769954,0.11750306799805316,0.0,0.025294463445669067,336.6658191286969,46.0,46.0,,1.2115854719893955e-05,,,,,,,0.5374538801510694,,0,0.07399931845153623,2.115501996610497,inf,-inf,-0.09590075895008762,0.052977740932764146,-0.06474679363411799,0.06182525866200741,inf,-inf,1.9859302237823098,0.1903496209449841,0.1903496209449841,0.1903496209449841,784,1.0875849852989106,0.9121688798284092,1.6710812422064263,,,-3.0970764530946755,0.49894379306356457,0.2532108108514857,28.588128118990518,1.4561857197438743,0.0,0.0,0.6455665787417865,0.67662839041862,0.2975914387017416,0.07716498651830031,2.115501996610497,27.41530961207112,1.4379931549087117,5910
851,1.5879428880113766,-29.814611608900133,0.13411775901897227,0.05206350499914006,-28.040487456870643,-29.814611608900133,nan,0.1083087065695341,0.025809052449438173,1.6265928343934346,-29.728273090234254,0.13335705552808877,0.048024352527947976,-27.920298847784785,-29.728273090234254,nan,39.65809660150096,0.11927220710035775,0.0,0.019820613434288183,332.5007356335071,46.0,46.0,,1.2030574624776794e-05,,,,,,,0.5374538801510694,,0,0.07399931845153623,2.115501996610497,inf,-inf,-0.09564637427863273,0.05487632385499378,-0.06415014970550481,0.06169158233557431,inf,-inf,1.9857455799141257,0.19034229874917083,0.19034229874917083,0.19034229874917083,784,1.0875849852989106,0.9121688798284092,1.6710812422064263,,,-3.0970764530946755,0.49894379306356457,0.2532108108514857,28.588128118990518,1.4561857197438743,0.0,0.0,0.6455665787417865,0.67662839041862,0.2975914387017416,0.07716498651830031,2.115501996610497,27.41530961207112,1.4379931549087117,5910
852,1.5885501815241168,-29.81565699751109,0.1341237028323984,0.052287869337389506,-28.040695243817186,-29.81565699751109,nan,0.10831296357085597,0.025810739261542398,1.6265928343934346,-29.728273090234254,0.13335705552808877,0.048024352527947976,-27.920298847784785,-29.728273090234254,nan,40.37995000045348,0.11521813395553214,0.0,0.021618041909366562,350.4652315931269,46.0,46.0,,1.1947036566989458e-05,,,,,,,0.5374538801510694,,0,0.07399931845153623,2.115501996610497,inf,-inf,-0.09694019762232506,0.05177899450168214,-0.06511089163345181,0.06158614830973071,inf,-inf,1.985633085685212,0.1903227448693984,0.1903227448693984,0.1903227448693984,784,1.0875849852989106,0.9121688798284092,1.6710812422064263,,,-3.0970764530946755,0.49894379306356457,0.2532108108514857,28.588128118990518,1.4561857197438743,0.0,0.0,0.6455665787417865,0.67662839041862,0.2975914387017416,0.07716498651830031,2.115501996610497,27.41530961207112,1.4379931549087117,5910
853,1.588215527417832,-29.813077156076137,0.1341327167127538,0.05158136209148203,-28.039147549854068,-29.813077156076137,nan,0.10831816918686674,0.02581454752588708,1.6265928343934346,-29.728273090234254,0.13335705552808877,0.048024352527947976,-27.920298847784785,-29.728273090234254,nan,52.25649743806149,0.1144256729774343,0.0,0.02092450788083482,456.68507842961867,46.0,46.0,,1.1865241564416769e-05,,,,,,,0.5374538801510694,,0,0.07399931845153623,2.115501996610497,inf,-inf,-0.09525100515345152,0.056273113922099896,-0.06535912612219567,0.061593392540812524,inf,-inf,1.9853726309142388,0.19031550432589672,0.19031550432589672,0.19031550432589672,784,1.0875849852989106,0.9121688798284092,1.6710812422064263,,,-3.0970764530946755,0.49894379306356457,0.2532108108514857,28.588128118990518,1.4561857197438743,0.0,0.0,0.6455665787417865,0.67662839041862,0.2975914387017416,0.07716498651830031,2.115501996610497,27.41530961207112,1.4379931549087117,5910
854,1.5949650690132529,-29.814448306042895,0.1341142770324843,0.05125951858602226,-28.034109441411136,-29.814448306042895,nan,0.10829548207724328,0.025818794955241014,1.6265928343934346,-29.728273090234254,0.13335705552808877,0.048024352527947976,-27.920298847784785,-29.728273090234254,nan,47.448360430758704,0.11653590949166052,0.0,0.01723742265672923,407.15656348101163,46.0,46.0,,1.1785190613705053e-05,,,,,,,0.5374538801510694,,0,0.07399931845153623,2.115501996610497,inf,-inf,-0.09454438873068079,0.05494416473120085,-0.06452121810703683,0.06146081068014018,inf,-inf,1.9852238716149089,0.19030452701783618,0.19030452701783618,0.19030452701783618,784,1.0875849852989106,0.9121688798284092,1.6710812422064263,,,-3.0970764530946755,0.49894379306356457,0.2532108108514857,28.588128118990518,1.4561857197438743,0.0,0.0,0.6455665787417865,0.67662839041862,0.2975914387017416,0.07716498651830031,2.115501996610497,27.41530961207112,1.4379931549087117,5910
855,1.5887155426587294,-29.813795324427105,0.13412956416960634,0.05193063259252672,-28.039019585006244,-29.813795324427105,nan,0.10830857021354372,0.025820993956062594,1.6360831665434057,-29.743934527902418,0.13337254648624275,0.054587279162159316,-27.91989153571061,-29.743934527902418,nan,42.069115342570726,0.11786852410771835,0.0,0.029428222919070986,356.9156028807518,46.0,46.0,,1.170688469024986e-05,,,,,,,0.5375333586257852,,0,0.07393555928401765,2.115559901545023,inf,-inf,-0.09539801186946625,0.05545988539007742,-0.06725046505539836,0.0613729870360211,inf,-inf,1.9850263415928833,0.19029001457555264,0.19029001457555264,0.19029001457555264,784,1.0870080358064718,0.911812856379053,1.6707466848868575,,,-3.097012921497497,0.498837679599313,0.253358642844431,28.613564596411116,1.4565719643456183,0.0,0.0,0.6456983514418304,0.6766843070483485,0.2977578229110618,0.07711103386559445,2.115559901545023,27.435242344597164,1.4383088008162759,5910
856,1.582990467327137,-29.814315231587408,0.13412763087385873,0.05177704129081848,-28.045420092095593,-29.814315231587408,nan,0.10830266855673112,0.025824962317127623,1.6360831665434057,-29.743934527902418,0.13337254648624275,0.054587279162159316,-27.91989153571061,-29.743934527902418,nan,43.1723147182583,0.1178647316917881,0.0,0.020914168835884504,366.28696386593657,46.0,46.0,,1.1630324748184172e-05,,,,,,,0.5375333586257852,,0,0.07393555928401765,2.115559901545023,inf,-inf,-0.0962772818910448,0.05288208524993278,-0.06515824681862183,0.061611680419565495,inf,-inf,1.9848442449611694,0.1902856655814062,0.1902856655814062,0.1902856655814062,784,1.0870080358064718,0.911812856379053,1.6707466848868575,,,-3.097012921497497,0.498837679599313,0.253358642844431,28.613564596411116,1.4565719643456183,0.0,0.0,0.6456983514418304,0.6766843070483485,0.2977578229110618,0.07711103386559445,2.115559901545023,27.435242344597164,1.4383088008162759,5910
857,1.5878063225351504,-29.81430149662049,0.13413091964628113,0.05206404543733277,-28.040300209001725,-29.81430149662049,nan,0.10830226214123295,0.02582865750504817,1.6360831665434057,-29.743934527902418,0.13337254648624275,0.054587279162159316,-27.91989153571061,-29.743934527902418,nan,48.59244768422818,0.11695551436039286,0.0,0.020735918756614003,415.47803838041244,46.0,46.0,,1.1555511720366705e-05,,,,,,,0.5375333586257852,,0,0.07393555928401765,2.115559901545023,inf,-inf,-0.0955205676959349,0.05535865633511704,-0.06416736884564678,0.06108865909919855,inf,-inf,1.984661480220454,0.19026856859737984,0.19026856859737984,0.19026856859737984,784,1.0870080358064718,0.911812856379053,1.6707466848868575,,,-3.097012921497497,0.498837679599313,0.253358642844431,28.613564596411116,1.4565719643456183,0.0,0.0,0.6456983514418304,0.6766843070483485,0.2977578229110618,0.07711103386559445,2.115559901545023,27.435242344597164,1.4383088008162759,5910
858,1.5827698423164633,-29.81336051068959,0.13413313827504214,0.05190472995747103,-28.044552800140615,-29.81336051068959,nan,0.1083010444958508,0.025832093779191316,1.6360831665434057,-29.743934527902418,0.13337254648624275,0.054587279162159316,-27.91989153571061,-29.743934527902418,nan,44.563576035409646,0.11712802207518493,0.0,0.022030683375981228,380.4689539349014,46.0,46.0,,1.1482446518370609e-05,,,,,,,0.5375333586257852,,0,0.07393555928401765,2.115559901545023,inf,-inf,-0.09627393598393497,0.05324386593677619,-0.06411182203796728,0.061262087895046946,inf,-inf,1.9843730523878313,0.19026535943883757,0.19026535943883757,0.19026535943883757,784,1.0870080358064718,0.911812856379053,1.6707466848868575,,,-3.097012921497497,0.498837679599313,0.253358642844431,28.613564596411116,1.4565719643456183,0.0,0.0,0.6456983514418304,0.6766843070483485,0.2977578229110618,0.07711103386559445,2.115559901545023,27.435242344597164,1.4383088008162759,5910
859,1.5877893582036946,-29.814564929601403,0.13414210500003765,0.051824218347522114,-28.04080924805015,-29.814564929601403,nan,0.10830731749743823,0.025834787502599415,1.6360831665434057,-29.743934527902418,0.13337254648624275,0.054587279162159316,-27.91989153571061,-29.743934527902418,nan,43.16443011953703,0.11928950301022671,0.0,0.023422368037781627,361.84600514126157,46.0,46.0,,1.1411130032472325e-05,,,,,,,0.5375333586257852,,0,0.07393555928401765,2.115559901545023,inf,-inf,-0.0947302489859675,0.052604042740061606,-0.06415103329060912,0.06099550363812916,inf,-inf,1.9842925855133764,0.19024236557953064,0.19024236557953064,0.19024236557953064,784,1.0870080358064718,0.911812856379053,1.6707466848868575,,,-3.097012921497497,0.498837679599313,0.253358642844431,28.613564596411116,1.4565719643456183,0.0,0.0,0.6456983514418304,0.6766843070483485,0.2977578229110618,0.07711103386559445,2.115559901545023,27.435242344597164,1.4383088008162759,5910
860,1.5880070336908754,-29.81269945115174,0.13414796291450565,0.05197910242964686,-28.038565352116713,-29.81269945115174,nan,0.10830836717414241,0.025839595740363305,1.6328920136632918,-29.73428871167916,0.13339777378581247,0.052731082119437486,-27.91526784211062,-29.73428871167916,nan,43.08310920315581,0.11876377493701126,0.0,0.022859674098150352,362.7630498104813,46.0,46.0,,1.1341563131640704e-05,,,,,,,0.537553906703108,,0,0.07386683012949646,2.1154425858739696,inf,-inf,-0.09640131712427168,0.05401797724267599,-0.06443191578552315,0.06112709744259735,inf,-inf,1.9840362524667896,0.19024468392419555,0.19024468392419555,0.19024468392419555,784,1.0864532121747437,0.9114674769757528,1.6705790589314409,,,-3.0970584849555935,0.498764709598413,0.2534754293878613,28.63859979053348,1.4569517804615726,0.0,0.0,0.6457591751584226,0.6765642340793255,0.29788774533313833,0.0770503619595166,2.1154425858739696,27.45532314287445,1.4386265596222072,5910
861,1.5911174070086178,-29.815053436121048,0.13415878279288557,0.052261941104349036,-28.037515305215198,-29.815053436121048,nan,0.10831709178688066,0.025841691006004877,1.6328920136632918,-29.73428871167916,0.13339777378581247,0.052731082119437486,-27.91526784211062,-29.73428871167916,nan,49.012936954425136,0.11720106212669472,0.0,0.02121124319587542,418.1953308703124,46.0,46.0,,1.127374666352645e-05,,,,,,,0.537553906703108,,0,0.07386683012949646,2.1154425858739696,inf,-inf,-0.09519547702892205,0.05334684097042141,-0.0656402000112886,0.061477792700824076,inf,-inf,1.9838238349168917,0.19023307170450257,0.19023307170450257,0.19023307170450257,784,1.0864532121747437,0.9114674769757528,1.6705790589314409,,,-3.0970584849555935,0.498764709598413,0.2534754293878613,28.63859979053348,1.4569517804615726,0.0,0.0,0.6457591751584226,0.6765642340793255,0.29788774533313833,0.0770503619595166,2.1154425858739696,27.45532314287445,1.4386265596222072,5910
862,1.582684148145355,-29.81409653551849,0.13415827762100127,0.051640388255668024,-28.04561372149647,-29.81409653551849,nan,0.10831466307445804,0.02584361454654323,1.6328920136632918,-29.73428871167916,0.13339777378581247,0.052731082119437486,-27.91526784211062,-29.73428871167916,nan,40.67347562549188,0.11530976221349047,0.0,0.019038901216591776,352.7322825467882,46.0,46.0,,1.1207681454451903e-05,,,,,,,0.537553906703108,,0,0.07386683012949646,2.1154425858739696,inf,-inf,-0.09536016083480353,0.05476316995152907,-0.06645463500931718,0.06150959030560286,inf,-inf,1.9837185402456288,0.19021753513742498,0.19021753513742498,0.19021753513742498,784,1.0864532121747437,0.9114674769757528,1.6705790589314409,,,-3.0970584849555935,0.498764709598413,0.2534754293878613,28.63859979053348,1.4569517804615726,0.0,0.0,0.6457591751584226,0.6765642340793255,0.29788774533313833,0.0770503619595166,2.1154425858739696,27.45532314287445,1.4386265596222072,5910
863,1.5910545784244952,-29.81484600530873,0.1341736045625672,0.05220800071678209,-28.03740982160489,-29.81484600530873,nan,0.10832576292322128,0.025847841639345927,1.6328920136632918,-29.73428871167916,0.13339777378581247,0.052731082119437486,-27.91526784211062,-29.73428871167916,nan,44.63189577564941,0.1154729677656137,0.0,0.02701234281020242,386.5138017950916,46.0,46.0,,1.1143368309400734e-05,,,,,,,0.537553906703108,,0,0.07386683012949646,2.1154425858739696,inf,-inf,-0.09642897686192917,0.05406124736570006,-0.06519694851362555,0.061155251691937425,inf,-inf,1.9835500011337588,0.1902089201150259,0.1902089201150259,0.1902089201150259,784,1.0864532121747437,0.9114674769757528,1.6705790589314409,,,-3.0970584849555935,0.498764709598413,0.2534754293878613,28.63859979053348,1.4569517804615726,0.0,0.0,0.6457591751584226,0.6765642340793255,0.29788774533313833,0.0770503619595166,2.1154425858739696,27.45532314287445,1.4386265596222072,5910
864,1.583491547708868,-29.812825741118495,0.1341675722569873,0.05126361107188555,-28.043903010080754,-29.812825741118495,nan,0.1083158159846074,0.02585175627237992,1.6328920136632918,-29.73428871167916,0.13339777378581247,0.052731082119437486,-27.91526784211062,-29.73428871167916,nan,39.7383417402498,0.11801011647871515,0.0,0.022752093088188857,336.73673856103,46.0,46.0,,1.1080808012008321e-05,,,,,,,0.537553906703108,,0,0.07386683012949646,2.1154425858739696,inf,-inf,-0.09546960445077611,0.05586963929936149,-0.06637351166085625,0.06155219022519943,inf,-inf,1.9832738839703465,0.19020493738076158,0.19020493738076158,0.19020493738076158,784,1.0864532121747437,0.9114674769757528,1.6705790589314409,,,-3.0970584849555935,0.498764709598413,0.2534754293878613,28.63859979053348,1.4569517804615726,0.0,0.0,0.6457591751584226,0.6765642340793255,0.29788774533313833,0.0770503619595166,2.1154425858739696,27.45532314287445,1.4386265596222072,5910
865,1.5798415762921987,-29.813670421911286,0.13417791838602874,0.05194674651594708,-28.04770418071711,-29.813670421911286,nan,0.10832330421000794,0.02585461417602086,1.6281254389694155,-29.73789866689449,0.13341365046920023,0.05125912605814682,-27.92510045139773,-29.73789866689449,nan,36.980455415212134,0.11900224012459043,0.0,0.02450836114809416,310.75427972192057,46.0,46.0,,1.1020001324552152e-05,,,,,,,0.5376215499086415,,0,0.0738058460648146,2.1156813351348664,inf,-inf,-0.09522750347326064,0.05378652601285405,-0.06520509564498547,0.061931200044875886,inf,-inf,1.983136263319182,0.1901944940566259,0.1901944940566259,0.1901944940566259,784,1.0858832198999389,0.9111263064704579,1.670414322587482,,,-3.0970103421203947,0.49883186883003905,0.2536097880768792,28.66549803218736,1.457359491575611,0.0,0.0,0.6458751803720105,0.6765095478922398,0.2980431709167177,0.07699782453553218,2.1156813351348664,27.47715728200273,1.4389717996902518,5910
866,1.5831406772221337,-29.815087079413782,0.13415720817783985,0.05245272852721607,-28.045336465486592,-29.815087079413782,nan,0.10829918223701723,0.02585802594082259,1.6281254389694155,-29.73789866689449,0.13341365046920023,0.05125912605814682,-27.92510045139773,-29.73789866689449,nan,41.41525060032189,0.1186159332349529,0.0,0.023840617234628336,349.15419430446246,46.0,46.0,,1.0960948987942523e-05,,,,,,,0.5376215499086415,,0,0.0738058460648146,2.1156813351348664,inf,-inf,-0.09621784934875317,0.051228359634614445,-0.06376232692193784,0.061573764807581054,inf,-inf,1.9829447248408631,0.19018405486276166,0.19018405486276166,0.19018405486276166,784,1.0858832198999389,0.9111263064704579,1.670414322587482,,,-3.0970103421203947,0.49883186883003905,0.2536097880768792,28.66549803218736,1.457359491575611,0.0,0.0,0.6458751803720105,0.6765095478922398,0.2980431709167177,0.07699782453553218,2.1156813351348664,27.47715728200273,1.4389717996902518,5910
867,1.580514074730872,-29.81540619260985,0.13417924998050884,0.05176666802670504,-28.048946199871764,-29.81540619260985,nan,0.10831909791244204,0.025860152068066834,1.6281254389694155,-29.73789866689449,0.13341365046920023,0.05125912605814682,-27.92510045139773,-29.73789866689449,nan,44.284398736094865,0.11560393612802977,0.0,0.01967383280762314,383.06999068829714,46.0,46.0,,1.0903651721713533e-05,,,,,,,0.5376215499086415,,0,0.0738058460648146,2.1156813351348664,inf,-inf,-0.09720281856845826,0.05414511586555278,-0.06560403297594258,0.06148860927280675,inf,-inf,1.982732952847612,0.19017332483266564,0.19017332483266564,0.19017332483266564,784,1.0858832198999389,0.9111263064704579,1.670414322587482,,,-3.0970103421203947,0.49883186883003905,0.2536097880768792,28.66549803218736,1.457359491575611,0.0,0.0,0.6458751803720105,0.6765095478922398,0.2980431709167177,0.07699782453553218,2.1156813351348664,27.47715728200273,1.4389717996902518,5910
868,1.5826383170710854,-29.813737181901516,0.13417969905316313,0.05262338979179444,-28.04429577598547,-29.813737181901516,nan,0.10831648989301751,0.02586320916014564,1.6281254389694155,-29.73789866689449,0.13341365046920023,0.05125912605814682,-27.92510045139773,-29.73789866689449,nan,38.60736111987466,0.11820747629408823,0.0,0.024259910041493405,326.6067623660576,46.0,46.0,,1.0848110224014274e-05,,,,,,,0.5376215499086415,,0,0.0738058460648146,2.1156813351348664,inf,-inf,-0.09619381027857565,0.05297775084412143,-0.06472125601487212,0.0616408634178406,inf,-inf,1.9825577254452875,0.1901608129543456,0.1901608129543456,0.1901608129543456,784,1.0858832198999389,0.9111263064704579,1.670414322587482,,,-3.0970103421203947,0.49883186883003905,0.2536097880768792,28.66549803218736,1.457359491575611,0.0,0.0,0.6458751803720105,0.6765095478922398,0.2980431709167177,0.07699782453553218,2.1156813351348664,27.47715728200273,1.4389717996902518,5910
869,1.585995271282601,-29.81372830078435,0.13418501765996416,0.052216400724620415,-28.041331611117165,-29.81372830078435,nan,0.10831755795295041,0.02586745970701381,1.6281254389694155,-29.73789866689449,0.13341365046920023,0.05125912605814682,-27.92510045139773,-29.73789866689449,nan,54.539300033420325,0.11806572393606825,0.0,0.01893217652438327,461.94016531803055,46.0,46.0,,1.0794325171600379e-05,,,,,,,0.5376215499086415,,0,0.0738058460648146,2.1156813351348664,inf,-inf,-0.09526167355705088,0.05539951332018909,-0.06535860993833838,0.061410449927787,inf,-inf,1.9823157274941523,0.19016101173738006,0.19016101173738006,0.19016101173738006,784,1.0858832198999389,0.9111263064704579,1.670414322587482,,,-3.0970103421203947,0.49883186883003905,0.2536097880768792,28.66549803218736,1.457359491575611,0.0,0.0,0.6458751803720105,0.6765095478922398,0.2980431709167177,0.07699782453553218,2.1156813351348664,27.47715728200273,1.4389717996902518,5910
870,1.5800608556029894,-29.814850024546597,0.1341845753063076,0.05278461781049772,-28.0478199758268,-29.814850024546597,nan,0.10831432687876118,0.025870248427546396,1.6271542967267196,-29.737400585415084,0.1334275505603919,0.05110180260663027,-27.925716935521343,-29.737400585415084,nan,52.38942275742297,0.11684429082713575,0.0,0.019895206221321248,448.3695556416191,46.0,46.0,,1.0742297219825715e-05,,,,,,,0.537700519762313,,0,0.0737517343575534,2.1159434989482837,inf,-inf,-0.09613225836026958,0.05423508135145746,-0.06586779607047347,0.06151995588132506,inf,-inf,1.982162366553112,0.1901442561793843,0.1901442561793843,0.1901442561793843,784,1.0853413637178833,0.9107985200497518,1.6707479845980264,,,-3.096941753089064,0.49889419064351126,0.2537453768009696,28.690084611299394,1.4577318290464951,0.0,0.0,0.6459996538101191,0.6764804978106219,0.29819216959753453,0.07695297355771137,2.1159434989482837,27.496578769128636,1.4392786605895076,5910
871,1.5785099254829458,-29.813310168292823,0.13419518052997503,0.05159521434576919,-28.04900984793413,-29.813310168292823,nan,0.10832249481968706,0.02587268571028799,1.6271542967267196,-29.737400585415084,0.1334275505603919,0.05110180260663027,-27.925716935521343,-29.737400585415084,nan,41.20312085830703,0.11581206212640809,0.0,0.02189388189602516,355.7757292442829,46.0,46.0,,1.0692027002634483e-05,,,,,,,0.537700519762313,,0,0.0737517343575534,2.1159434989482837,inf,-inf,-0.09692129297642199,0.05359233757701592,-0.06556811755957728,0.06147623296370995,inf,-inf,1.982037597488327,0.19013188240876103,0.19013188240876103,0.19013188240876103,784,1.0853413637178833,0.9107985200497518,1.6707479845980264,,,-3.096941753089064,0.49889419064351126,0.2537453768009696,28.690084611299394,1.4577318290464951,0.0,0.0,0.6459996538101191,0.6764804978106219,0.29819216959753453,0.07695297355771137,2.1159434989482837,27.496578769128636,1.4392786605895076,5910
872,1.5812170439476687,-29.814180987633453,0.13419201936987507,0.05230855250818369,-28.04646337180773,-29.814180987633453,nan,0.10831660816496334,0.025875411204911672,1.6271542967267196,-29.737400585415084,0.1334275505603919,0.05110180260663027,-27.925716935521343,-29.737400585415084,nan,40.693263003120734,0.11742833925151328,0.0,0.018901260450865022,346.5369881112095,46.0,46.0,,1.0643515132553406e-05,,,,,,,0.537700519762313,,0,0.0737517343575534,2.1159434989482837,inf,-inf,-0.09588634426108951,0.054348132478026244,-0.06551377879730375,0.061856218294809896,inf,-inf,1.9819045900357146,0.19012039407162556,0.19012039407162556,0.19012039407162556,784,1.0853413637178833,0.9107985200497518,1.6707479845980264,,,-3.096941753089064,0.49889419064351126,0.2537453768009696,28.690084611299394,1.4577318290464951,0.0,0.0,0.6459996538101191,0.6764804978106219,0.29819216959753453,0.07695297355771137,2.1159434989482837,27.496578769128636,1.4392786605895076,5910
873,1.579680621664539,-29.813568083626013,0.1341982129067353,0.051561489276928045,-28.04812775977781,-29.813568083626013,nan,0.10831968851141911,0.025878524395316214,1.6271542967267196,-29.737400585415084,0.1334275505603919,0.05110180260663027,-27.925716935521343,-29.737400585415084,nan,39.557571001673445,0.12110723898580024,0.0,0.025613187782304665,326.63258887696674,46.0,46.0,,1.0596762200684307e-05,,,,,,,0.537700519762313,,0,0.0737517343575534,2.1159434989482837,inf,-inf,-0.09589589042618285,0.05438412556289544,-0.06645384842381033,0.06175844103680942,inf,-inf,1.981673637477041,0.19011644418142853,0.19011644418142853,0.19011644418142853,784,1.0853413637178833,0.9107985200497518,1.6707479845980264,,,-3.096941753089064,0.49889419064351126,0.2537453768009696,28.690084611299394,1.4577318290464951,0.0,0.0,0.6459996538101191,0.6764804978106219,0.29819216959753453,0.07695297355771137,2.1159434989482837,27.496578769128636,1.4392786605895076,5910
874,1.5806200171134035,-29.81495860831198,0.13420785211670333,0.05208153458013712,-28.048049204501737,-29.81495860831198,nan,0.1083257368011239,0.025882115315579504,1.6271542967267196,-29.737400585415084,0.1334275505603919,0.05110180260663027,-27.925716935521343,-29.737400585415084,nan,46.18426302062651,0.11697013519247046,0.0,0.021652588815713872,394.8380750747346,46.0,46.0,,1.05517687766969e-05,,,,,,,0.537700519762313,,0,0.0737517343575534,2.1159434989482837,inf,-inf,-0.0953305750431432,0.05481229755327055,-0.06413389967264609,0.06174784576253246,inf,-inf,1.981516968665327,0.19010578774076503,0.19010578774076503,0.19010578774076503,784,1.0853413637178833,0.9107985200497518,1.6707479845980264,,,-3.096941753089064,0.49889419064351126,0.2537453768009696,28.690084611299394,1.4577318290464951,0.0,0.0,0.6459996538101191,0.6764804978106219,0.29819216959753453,0.07695297355771137,2.1159434989482837,27.496578769128636,1.4392786605895076,5910
875,1.5871587473398179,-29.814148773762533,0.13421217269199473,0.05205812746227469,-28.040719726268446,-29.814148773762533,nan,0.10832577190053018,0.025886400791464582,1.635584607377548,-29.742173121493877,0.13344816337209406,0.05928223805700425,-27.91385811268723,-29.742173121493877,nan,44.808810657212895,0.11933315936950538,0.0,0.021921945185919466,375.49337412970084,46.0,46.0,,1.050853540882187e-05,,,,,,,0.5377327907410505,,0,0.07369113036376265,2.1155225738824046,inf,-inf,-0.096089834343552,0.056370598257813286,-0.06692957413480234,0.061323509186220725,inf,-inf,1.9813436604471726,0.19009418669792777,0.19009418669792777,0.19009418669792777,784,1.084831925543606,0.910483974876165,1.6706341626561423,,,-3.096955796695814,0.49897640832600976,0.25385518303000265,28.707967477761816,1.4580024455637415,0.0,0.0,0.6460712232995378,0.6763560923772943,0.29831331657840576,0.07689836611182933,2.1155225738824046,27.510630990597498,1.4395005515889538,5910
876,1.5834504282520885,-29.813324650545905,0.13421187712159288,0.05239570692569398,-28.04326663824653,-29.813324650545905,nan,0.10832310585484706,0.025888771266745852,1.635584607377548,-29.742173121493877,0.13344816337209406,0.05928223805700425,-27.91385811268723,-29.742173121493877,nan,41.442326680406275,0.11948555626898298,0.0,0.022189505625448473,346.83963463426755,46.0,46.0,,1.046706262384417e-05,,,,,,,0.5377327907410505,,0,0.07369113036376265,2.1155225738824046,inf,-inf,-0.09664928649060396,0.054417304570687206,-0.06531525844749292,0.06154024978064494,inf,-inf,1.9811530937647757,0.19009012753349325,0.19009012753349325,0.19009012753349325,784,1.084831925543606,0.910483974876165,1.6706341626561423,,,-3.096955796695814,0.49897640832600976,0.25385518303000265,28.707967477761816,1.4580024455637415,0.0,0.0,0.6460712232995378,0.6763560923772943,0.29831331657840576,0.07689836611182933,2.1155225738824046,27.510630990597498,1.4395005515889538,5910
877,1.581933385361036,-29.815045808450286,0.13420690917367353,0.0528765978339454,-28.046028916081628,-29.815045808450286,nan,0.10831564316898314,0.025891266004690397,1.635584607377548,-29.742173121493877,0.13344816337209406,0.05928223805700425,-27.91385811268723,-29.742173121493877,nan,39.86395358482916,0.1177544888153389,0.0,0.020783138449579342,338.534471049705,46.0,46.0,,1.0427350927096568e-05,,,,,,,0.5377327907410505,,0,0.07369113036376265,2.1155225738824046,inf,-inf,-0.09394491833414384,0.054698086768380415,-0.06470160389684332,0.061481257877459006,inf,-inf,1.9809950504370641,0.19007636471209927,0.19007636471209927,0.19007636471209927,784,1.084831925543606,0.910483974876165,1.6706341626561423,,,-3.096955796695814,0.49897640832600976,0.25385518303000265,28.707967477761816,1.4580024455637415,0.0,0.0,0.6460712232995378,0.6763560923772943,0.29831331657840576,0.07689836611182933,2.1155225738824046,27.510630990597498,1.4395005515889538,5910
878,1.5790017602815363,-29.814223613449713,0.13421400305851447,0.051829547084876734,-28.049178303024785,-29.814223613449713,nan,0.10831941794789503,0.02589458511061948,1.635584607377548,-29.742173121493877,0.13344816337209406,0.05928223805700425,-27.91385811268723,-29.742173121493877,nan,49.442963200556825,0.12052292447252029,0.0,0.023961593518092916,410.2370019392453,46.0,46.0,,1.0389400802453579e-05,,,,,,,0.5377327907410505,,0,0.07369113036376265,2.1155225738824046,inf,-inf,-0.09636100505087572,0.05732662346374292,-0.06811975340003561,0.061419155366996034,inf,-inf,1.9808802407960502,0.190061959882169,0.190061959882169,0.190061959882169,784,1.084831925543606,0.910483974876165,1.6706341626561423,,,-3.096955796695814,0.49897640832600976,0.25385518303000265,28.707967477761816,1.4580024455637415,0.0,0.0,0.6460712232995378,0.6763560923772943,0.29831331657840576,0.07689836611182933,2.1155225738824046,27.510630990597498,1.4395005515889538,5910
879,1.5743980785455833,-29.81289133817199,0.13421975323156463,0.05238338025569873,-28.051890126139142,-29.81289133817199,nan,0.10832247767282614,0.025897275558738476,1.635584607377548,-29.742173121493877,0.13344816337209406,0.05928223805700425,-27.91385811268723,-29.742173121493877,nan,41.30432285605058,0.11977408930916025,0.0,0.022798935413627496,344.8519049010348,46.0,46.0,,1.0353212712325478e-05,,,,,,,0.5377327907410505,,0,0.07369113036376265,2.1155225738824046,inf,-inf,-0.09613835375343505,0.05579355440110505,-0.06543058701082446,0.0618960232555798,inf,-inf,1.9807022577825926,0.1900522936881778,0.1900522936881778,0.1900522936881778,784,1.084831925543606,0.910483974876165,1.6706341626561423,,,-3.096955796695814,0.49897640832600976,0.25385518303000265,28.707967477761816,1.4580024455637415,0.0,0.0,0.6460712232995378,0.6763560923772943,0.29831331657840576,0.07689836611182933,2.1155225738824046,27.510630990597498,1.4395005515889538,5910
880,1.5769008841292653,-29.81454103831936,0.13422603968659602,0.05280002110115444,-28.05061409340234,-29.81454103831936,nan,0.10832714415697421,0.025898895529621796,1.6239997157016695,-29.73852997568987,0.1334667942432861,0.052131240544724816,-27.928932225200192,-29.73852997568987,nan,37.98973044980343,0.11861582051375781,0.0,0.023045447006317162,320.27540917610685,46.0,46.0,,1.0318787097652758e-05,,,,,,,0.5377580311462432,,0,0.07362907983820605,2.115640330718086,inf,-inf,-0.09664496658608937,0.05544115086586446,-0.06385025474168618,0.061691722892946055,inf,-inf,1.9805160881167057,0.19004124296715866,0.19004124296715866,0.19004124296715866,784,1.0843247698598908,0.9101764943576223,1.6705481338891688,,,-3.0969823008868564,0.4989591403764506,0.25396202822980685,28.733760293718664,1.4583924644169421,0.0,0.0,0.6461321844597057,0.6762530090567291,0.2984343548937074,0.076844109995497,2.115640330718086,27.53158740262671,1.4398312524513184,5910
881,1.5721968551584373,-29.814816940844306,0.1342400751469209,0.05220861925467567,-28.056171391284273,-29.814816940844306,nan,0.1083360594981913,0.02590401564872966,1.6239997157016695,-29.73852997568987,0.1334667942432861,0.052131240544724816,-27.928932225200192,-29.73852997568987,nan,43.87798993022335,0.11570380584231348,0.0,0.024511732965272176,379.22685093023057,46.0,46.0,,1.0286124377900626e-05,,,,,,,0.5377580311462432,,0,0.07362907983820605,2.115640330718086,inf,-inf,-0.09579518685022381,0.0539899592261818,-0.06491686142233409,0.06161009776950045,inf,-inf,1.9803176858270906,0.19003300863920217,0.19003300863920217,0.19003300863920217,784,1.0843247698598908,0.9101764943576223,1.6705481338891688,,,-3.0969823008868564,0.4989591403764506,0.25396202822980685,28.733760293718664,1.4583924644169421,0.0,0.0,0.6461321844597057,0.6762530090567291,0.2984343548937074,0.076844109995497,2.115640330718086,27.53158740262671,1.4398312524513184,5910
882,1.577850214056303,-29.815100486542402,0.13423199205759961,0.052659743391117265,-28.050358537037383,-29.815100486542402,nan,0.10832560016694047,0.025906391890659117,1.6239997157016695,-29.73852997568987,0.1334667942432861,0.052131240544724816,-27.928932225200192,-29.73852997568987,nan,42.78245688361857,0.11680273424951575,0.0,0.023693707500433127,366.27958376578795,46.0,46.0,,1.0255224951054048e-05,,,,,,,0.5377580311462432,,0,0.07362907983820605,2.115640330718086,inf,-inf,-0.09479307604643476,0.054433774992583964,-0.06676122748128277,0.06156490690699151,inf,-inf,1.9801691813944557,0.19002137220582188,0.19002137220582188,0.19002137220582188,784,1.0843247698598908,0.9101764943576223,1.6705481338891688,,,-3.0969823008868564,0.4989591403764506,0.25396202822980685,28.733760293718664,1.4583924644169421,0.0,0.0,0.6461321844597057,0.6762530090567291,0.2984343548937074,0.076844109995497,2.115640330718086,27.53158740262671,1.4398312524513184,5910
883,1.5795584531588904,-29.813536304973464,0.13423836134428388,0.05191498674897287,-28.047824503721316,-29.813536304973464,nan,0.10832989777865461,0.025908463565629335,1.6239997157016695,-29.73852997568987,0.1334667942432861,0.052131240544724816,-27.928932225200192,-29.73852997568987,nan,37.286858119895015,0.11920048341815102,0.0,0.01915394739570096,312.807943815916,46.0,46.0,,1.0226089193612753e-05,,,,,,,0.5377580311462432,,0,0.07362907983820605,2.115640330718086,inf,-inf,-0.0963792380557595,0.05681092366705602,-0.06533836150396752,0.061829598273654404,inf,-inf,1.9799968965754127,0.19000984327843107,0.19000984327843107,0.19000984327843107,784,1.0843247698598908,0.9101764943576223,1.6705481338891688,,,-3.0969823008868564,0.4989591403764506,0.25396202822980685,28.733760293718664,1.4583924644169421,0.0,0.0,0.6461321844597057,0.6762530090567291,0.2984343548937074,0.076844109995497,2.115640330718086,27.53158740262671,1.4398312524513184,5910
884,1.5787403999506224,-29.815739910415733,0.13424524711281383,0.05233819880836046,-28.050416064543935,-29.815739910415733,nan,0.1083335999345987,0.02591164717821512,1.6239997157016695,-29.73852997568987,0.1334667942432861,0.052131240544724816,-27.928932225200192,-29.73852997568987,nan,45.42301549780591,0.1181497909147792,0.0,0.023117220412647313,384.4527793584441,46.0,46.0,,1.0198717460586795e-05,,,,,,,0.5377580311462432,,0,0.07362907983820605,2.115640330718086,inf,-inf,-0.09631717700704237,0.054592046443581704,-0.06468193326461806,0.06123915543606827,inf,-inf,1.9798238119575553,0.19000433009448836,0.19000433009448836,0.19000433009448836,784,1.0843247698598908,0.9101764943576223,1.6705481338891688,,,-3.0969823008868564,0.4989591403764506,0.25396202822980685,28.733760293718664,1.4583924644169421,0.0,0.0,0.6461321844597057,0.6762530090567291,0.2984343548937074,0.076844109995497,2.115640330718086,27.53158740262671,1.4398312524513184,5910
885,1.572396264914101,-29.813882390327173,0.13424860416091117,0.051963830376572324,-28.055273690875588,-29.813882390327173,nan,0.10833431816199551,0.025914285998915633,1.6196996529959675,-29.729078489974157,0.13348379736083332,0.04958678185411958,-27.926308257763235,-29.729078489974157,nan,40.718929764966326,0.11487057150912831,0.0,0.026171732433415997,354.47660118701987,46.0,46.0,,1.0173110085492075e-05,,,,,,,0.5378045073122448,,0,0.07357199709051675,2.1159017408671223,inf,-inf,-0.09572114639186348,0.05655963973483863,-0.06478681024249873,0.061569072142677546,inf,-inf,1.979604805481527,0.18999330741279666,0.18999330741279666,0.18999330741279666,784,1.0838316730766695,0.9098723263131849,1.6702061192445563,,,-3.0969681038339427,0.4989505014495758,0.2540763866516411,28.759607249262192,1.4587829508818162,0.0,0.0,0.646217977221683,0.6762375117082668,0.2985632059108482,0.07679803713387978,2.1159017408671223,27.5515080831888,1.4401453757570164,5910
886,1.5728251581149677,-29.815357968354498,0.13425399966881854,0.05238895068805662,-28.055889859882658,-29.815357968354498,nan,0.1083362162675491,0.025917783401269424,1.6196996529959675,-29.729078489974157,0.13348379736083332,0.04958678185411958,-27.926308257763235,-29.729078489974157,nan,45.24562819935455,0.11606239345134935,0.0,0.022797456267642745,389.83883456031316,46.0,46.0,,1.0149267380346363e-05,,,,,,,0.5378045073122448,,0,0.07357199709051675,2.1159017408671223,inf,-inf,-0.09441968927807311,0.05516517246429548,-0.06525955428877701,0.06163779919146787,inf,-inf,1.9794808292630546,0.18997825787052672,0.18997825787052672,0.18997825787052672,784,1.0838316730766695,0.9098723263131849,1.6702061192445563,,,-3.0969681038339427,0.4989505014495758,0.2540763866516411,28.759607249262192,1.4587829508818162,0.0,0.0,0.646217977221683,0.6762375117082668,0.2985632059108482,0.07679803713387978,2.1159017408671223,27.5515080831888,1.4401453757570164,5910
887,1.5653567084155378,-29.813061107113377,0.1342590942439741,0.05138122130087533,-28.06206408315299,-29.813061107113377,nan,0.10833841757442374,0.02592067666955045,1.6196996529959675,-29.729078489974157,0.13348379736083332,0.04958678185411958,-27.926308257763235,-29.729078489974157,nan,36.98954589186109,0.12002988782769072,0.0,0.022621149162117552,308.16946146747676,46.0,46.0,,1.0127189635665535e-05,,,,,,,0.5378045073122448,,0,0.07357199709051675,2.1159017408671223,inf,-inf,-0.09562358368685156,0.05551370689651591,-0.06759854330524265,0.0613265404362627,inf,-inf,1.979296253808517,0.18997318407005892,0.18997318407005892,0.18997318407005892,784,1.0838316730766695,0.9098723263131849,1.6702061192445563,,,-3.0969681038339427,0.4989505014495758,0.2540763866516411,28.759607249262192,1.4587829508818162,0.0,0.0,0.646217977221683,0.6762375117082668,0.2985632059108482,0.07679803713387978,2.1159017408671223,27.5515080831888,1.4401453757570164,5910
888,1.5730133691431634,-29.814671846844764,0.1342684315432144,0.05246786426871255,-28.054922181889673,-29.814671846844764,nan,0.1083445274651389,0.02592390407807559,1.6196996529959675,-29.729078489974157,0.13348379736083332,0.04958678185411958,-27.926308257763235,-29.729078489974157,nan,39.98673301934732,0.11699153735685325,0.0,0.026467144460799896,341.7916707716888,46.0,46.0,,1.0106877120459934e-05,,,,,,,0.5378045073122448,,0,0.07357199709051675,2.1159017408671223,inf,-inf,-0.09510784679279913,0.055046535534276096,-0.06546287245180392,0.0610593932546091,inf,-inf,1.9791175391322784,0.18996701798458143,0.18996701798458143,0.18996701798458143,784,1.0838316730766695,0.9098723263131849,1.6702061192445563,,,-3.0969681038339427,0.4989505014495758,0.2540763866516411,28.759607249262192,1.4587829508818162,0.0,0.0,0.646217977221683,0.6762375117082668,0.2985632059108482,0.07679803713387978,2.1159017408671223,27.5515080831888,1.4401453757570164,5910
889,1.5746818001161267,-29.813266891036427,0.13425378706438276,0.05349843898615268,-28.05083286486976,-29.813266891036427,nan,0.10832759741328435,0.025926189651098424,1.6196996529959675,-29.729078489974157,0.13348379736083332,0.04958678185411958,-27.926308257763235,-29.729078489974157,nan,46.43297069200848,0.12039669385111776,0.0,0.02106447372231214,385.66649304695505,46.0,46.0,,1.0088330082231116e-05,,,,,,,0.5378045073122448,,0,0.07357199709051675,2.1159017408671223,inf,-inf,-0.09776280558132489,0.05482074711023317,-0.06520090436679264,0.0616133362440161,inf,-inf,1.9790228632168732,0.18995119777436345,0.18995119777436345,0.18995119777436345,784,1.0838316730766695,0.9098723263131849,1.6702061192445563,,,-3.0969681038339427,0.4989505014495758,0.2540763866516411,28.759607249262192,1.4587829508818162,0.0,0.0,0.646217977221683,0.6762375117082668,0.2985632059108482,0.07679803713387978,2.1159017408671223,27.5515080831888,1.4401453757570164,5910
890,1.570950595302056,-29.81410292746298,0.13426522942077926,0.052701862753137735,-28.056185239987006,-29.81410292746298,nan,0.10833468174958004,0.02593054767119925,1.6266986580663108,-29.737310144176178,0.1335076138716956,0.051921710961983225,-27.925182161276187,-29.737310144176178,nan,46.98282919759246,0.1157710158294145,0.0,0.021407030896908402,405.8254897479729,46.0,46.0,,1.007154874696892e-05,,,,,,,0.5378045064363122,,0,0.07350973302984651,2.1156089057270453,inf,-inf,-0.09524039918345502,0.054723262680445216,-0.06353708710684308,0.061505204936883225,inf,-inf,1.97874537763577,0.18995437279351582,0.18995437279351582,0.18995437279351582,784,1.0833466197720234,0.9095708068440327,1.6702030590407548,,,-3.0970401349166448,0.4989071151502632,0.2541676366278224,28.77998352773317,1.459090541031558,0.0,0.0,0.6462458600989989,0.6760933598861616,0.298658702795614,0.07674043202051128,2.1156089057270453,27.56837367245447,1.4404111467400957,5910
891,1.5739951796576055,-29.813984217957618,0.13427275958751894,0.052620113421517234,-28.053096165290977,-29.813984217957618,nan,0.10834030089195418,0.02593245869556483,1.6266986580663108,-29.737310144176178,0.1335076138716956,0.051921710961983225,-27.925182161276187,-29.737310144176178,nan,42.02607849059354,0.11837274147201743,0.0,0.01973427992511703,355.0317240944212,46.0,46.0,,1.0056533319148621e-05,,,,,,,0.5378045064363122,,0,0.07350973302984651,2.1156089057270453,inf,-inf,-0.09849903356739155,0.0549966760069695,-0.06507068088531787,0.061567301035453555,inf,-inf,1.9786593710751712,0.18993466544421905,0.18993466544421905,0.18993466544421905,784,1.0833466197720234,0.9095708068440327,1.6702030590407548,,,-3.0970401349166448,0.4989071151502632,0.2541676366278224,28.77998352773317,1.459090541031558,0.0,0.0,0.6462458600989989,0.6760933598861616,0.298658702795614,0.07674043202051128,2.1156089057270453,27.56837367245447,1.4404111467400957,5910
892,1.572508045133977,-29.81500958591937,0.13425705656975578,0.05292442801177397,-28.055320056203865,-29.81500958591937,nan,0.1083218549181704,0.025935201651585395,1.6266986580663108,-29.737310144176178,0.1335076138716956,0.051921710961983225,-27.925182161276187,-29.737310144176178,nan,43.61228690864346,0.11682692101781757,0.0,0.02490565420690299,373.30682456308205,46.0,46.0,,1.004328398172845e-05,,,,,,,0.5378045064363122,,0,0.07350973302984651,2.1156089057270453,inf,-inf,-0.09556419366935306,0.05339636481252768,-0.06438263488231946,0.06160870817659585,inf,-inf,1.9784107299888103,0.1899274664611714,0.1899274664611714,0.1899274664611714,784,1.0833466197720234,0.9095708068440327,1.6702030590407548,,,-3.0970401349166448,0.4989071151502632,0.2541676366278224,28.77998352773317,1.459090541031558,0.0,0.0,0.6462458600989989,0.6760933598861616,0.298658702795614,0.07674043202051128,2.1156089057270453,27.56837367245447,1.4404111467400957,5910
893,1.572937834351445,-29.8155844521408,0.13427374015817103,0.05280660572396862,-28.055566271907214,-29.8155844521408,nan,0.1083367580728044,0.025936982085366683,1.6266986580663108,-29.737310144176178,0.1335076138716956,0.051921710961983225,-27.925182161276187,-29.737310144176178,nan,43.31713008245249,0.11525491557897725,0.0,0.02503401083459137,375.83759325883045,46.0,46.0,,1.0031800896147403e-05,,,,,,,0.5378045064363122,,0,0.07350973302984651,2.1156089057270453,inf,-inf,-0.0978214095165333,0.05493142571887663,-0.06583010871351558,0.06139810094797677,inf,-inf,1.9782943431335436,0.18991190863567692,0.18991190863567692,0.18991190863567692,784,1.0833466197720234,0.9095708068440327,1.6702030590407548,,,-3.0970401349166448,0.4989071151502632,0.2541676366278224,28.77998352773317,1.459090541031558,0.0,0.0,0.6462458600989989,0.6760933598861616,0.298658702795614,0.07674043202051128,2.1156089057270453,27.56837367245447,1.4404111467400957,5910
894,1.5664512057020388,-29.812473001027012,0.13427175106267772,0.05169086900705522,-28.060059175255244,-29.812473001027012,nan,0.10833200977800284,0.025939741284674883,1.6266986580663108,-29.737310144176178,0.1335076138716956,0.051921710961983225,-27.925182161276187,-29.737310144176178,nan,40.44962272190463,0.1148914307521556,0.0,0.022008365497699443,352.0682304771952,46.0,46.0,,1.0022084202323267e-05,,,,,,,0.5378045064363122,,0,0.07350973302984651,2.1156089057270453,inf,-inf,-0.09491058960280273,0.05551556660075404,-0.06663088809233159,0.06164150605747806,inf,-inf,1.9781239244519617,0.18990549014501565,0.18990549014501565,0.18990549014501565,784,1.0833466197720234,0.9095708068440327,1.6702030590407548,,,-3.0970401349166448,0.4989071151502632,0.2541676366278224,28.77998352773317,1.459090541031558,0.0,0.0,0.6462458600989989,0.6760933598861616,0.298658702795614,0.07674043202051128,2.1156089057270453,27.56837367245447,1.4404111467400957,5910
895,1.5710838610140414,-29.814495669076827,0.13428459099954626,0.0529905177691885,-28.05613669929405,-29.814495669076827,nan,0.10834201970908444,0.025942571290461812,1.6058019167550255,-29.726843866538317,0.133522809143666,0.049869859144770864,-27.937649281494853,-29.726843866538317,nan,39.46410642399237,0.12107174868626061,0.0,0.02126844400093012,325.9563593671858,46.0,46.0,,1.0014134018650887e-05,,,,,,,0.5378461208780824,,0,0.07345392610381647,2.1160359451615887,inf,-inf,-0.09430576909073149,0.054348481763838365,-0.06506334371155592,0.06157733303471351,inf,-inf,1.9779304962966613,0.18989485731894867,0.18989485731894867,0.18989485731894867,784,1.0828531244210204,0.9092726412171196,1.6702270987351842,,,-3.097034653792233,0.49891743123168497,0.2542807329430991,28.807662944671993,1.4595080270620142,0.0,0.0,0.6463258136012145,0.6760642708792113,0.2987892862486676,0.07669421354859693,2.1160359451615887,27.59055536596346,1.440760442412708,5910
896,1.5675459542926484,-29.813219061954214,0.13429651887210223,0.051909510241674665,-28.05946707854779,-29.813219061954214,nan,0.10835063764326364,0.025945881228838636,1.6058019167550255,-29.726843866538317,0.133522809143666,0.049869859144770864,-27.937649281494853,-29.726843866538317,nan,41.109288100105125,0.12066129184022127,0.0,0.02390004627857894,340.6998837252772,46.0,46.0,,1.0007950442000741e-05,,,,,,,0.5378461208780824,,0,0.07345392610381647,2.1160359451615887,inf,-inf,-0.09801352353732919,0.05509746008853782,-0.06477801207952644,0.06166646227637286,inf,-inf,1.9777551727862341,0.18988847660772212,0.18988847660772212,0.18988847660772212,784,1.0828531244210204,0.9092726412171196,1.6702270987351842,,,-3.097034653792233,0.49891743123168497,0.2542807329430991,28.807662944671993,1.4595080270620142,0.0,0.0,0.6463258136012145,0.6760642708792113,0.2987892862486676,0.07669421354859693,2.1160359451615887,27.59055536596346,1.440760442412708,5910
897,1.5684081537086236,-29.813274254470965,0.13429447100895892,0.05232062471276504,-28.058251005040614,-29.813274254470965,nan,0.10834674707643063,0.025947723932528335,1.6058019167550255,-29.726843866538317,0.133522809143666,0.049869859144770864,-27.937649281494853,-29.726843866538317,nan,39.54735054116319,0.11298636998426917,0.0,0.022560993905935186,350.01877258884656,46.0,46.0,,1.0003533547717764e-05,,,,,,,0.5378461208780824,,0,0.07345392610381647,2.1160359451615887,inf,-inf,-0.09611757002321356,0.05629217185843015,-0.06679794674949145,0.06163218221563635,inf,-inf,1.977588826142948,0.18987999912960957,0.18987999912960957,0.18987999912960957,784,1.0828531244210204,0.9092726412171196,1.6702270987351842,,,-3.097034653792233,0.49891743123168497,0.2542807329430991,28.807662944671993,1.4595080270620142,0.0,0.0,0.6463258136012145,0.6760642708792113,0.2987892862486676,0.07669421354859693,2.1160359451615887,27.59055536596346,1.440760442412708,5910
898,1.5707499630808333,-29.814693221211513,0.13428999440484607,0.05241808281303665,-28.057235180912798,-29.814693221211513,nan,0.10833837666952079,0.02595161773532532,1.6058019167550255,-29.726843866538317,0.133522809143666,0.049869859144770864,-27.937649281494853,-29.726843866538317,nan,42.95058919054955,0.12237637059973565,0.0,0.022589706292741832,350.97126169095856,46.0,46.0,,1.0000883389620395e-05,,,,,,,0.5378461208780824,,0,0.07345392610381647,2.1160359451615887,inf,-inf,-0.09547613780600278,0.057516075415814515,-0.06483457318262015,0.06139582811224454,inf,-inf,1.977426462876375,0.18987459664285303,0.18987459664285303,0.18987459664285303,784,1.0828531244210204,0.9092726412171196,1.6702270987351842,,,-3.097034653792233,0.49891743123168497,0.2542807329430991,28.807662944671993,1.4595080270620142,0.0,0.0,0.6463258136012145,0.6760642708792113,0.2987892862486676,0.07669421354859693,2.1160359451615887,27.59055536596346,1.440760442412708,5910
899,1.5678247075232918,-29.81334811335646,0.1343079950737329,0.051808293865654276,-28.05940711689378,-29.81334811335646,nan,0.1083542916814375,0.025953703392295385,1.6058019167550255,-29.726843866538317,0.133522809143666,0.049869859144770864,-27.937649281494853,-29.726843866538317,nan,41.749272703372945,0.12059238809106412,0.0,0.020396319823249385,346.2015585249577,46.0,46.0,,1e-05,,,,,,,0.5378461208780824,,0,0.07345392610381647,2.1160359451615887,inf,-inf,-0.09822426288825371,0.0561601511883841,-0.0659817335242329,0.06161583506701537,inf,-inf,1.9772803488679034,0.18985786363426446,0.18985786363426446,0.18985786363426446,784,1.0828531244210204,0.9092726412171196,1.6702270987351842,,,-3.097034653792233,0.49891743123168497,0.2542807329430991,28.807662944671993,1.4595080270620142,0.0,0.0,0.6463258136012145,0.6760642708792113,0.2987892862486676,0.07669421354859693,2.1160359451615887,27.59055536596346,1.440760442412708,5910
