epoch,train_data,train_phys,train_kl,train_state_reg,train_total,train_pde,train_bc,train_eta_prior,train_kl_only,test_data,test_phys,test_kl,test_state_reg,test_total,test_pde,test_bc,grad_mean_net,grad_vgp_eta,grad_vgp_lambda,grad_eta_log_shift,grad_ratio,vgp_updates,mean_updates,lr_mean_net,lr_vgp_eta,lr_vgp_lambda,mean_net_opt_kind,log10_eta_rmse,log10_eta_bias,log10_eta_r,rel_eta_rmse,eta_pred_mean,eta_ref_mean,mean_net_frozen,eta_min,eta_max,lambda_min,lambda_max,rux_min,rux_max,rvy_min,rvy_max,rh_min,rh_max,kernel_amplitude,kernel_length_scale,kernel_length_scale_x,kernel_length_scale_y,num_inducing,eta_post_var_mean,eta_post_std_mean,eta_post_std_p90,calibration_within_1sigma,calibration_within_2sigma,eta_log_shift,eta_median,eta_std,eta_max_over_min,eta_log10_range,eta_frac_at_floor,eta_frac_at_floor_grounded,eta_mean_grounded,eta_median_grounded,eta_min_grounded,eta_max_grounded
0,0.028606801058811204,-14.668498789570362,0.0018348272319100693,0.0,-14.63805716127964,-14.668498789570362,nan,7.129276570600641e-05,0.001763534466204064,0.030053780947161508,-14.772132692122078,0.003591787158328942,0.0,-14.738487124016586,-14.772132692122078,nan,0.0,0.4694102334036285,0.0,0.9154928815336366,0.0,362.0,0.0,,0.0002999920495579992,,,0.2875408321173857,-0.054101989866654224,0.342251656023657,0.806936263899092,10.857496500909033,15.037234792103117,1,9.386219579682908,12.559647185296901,inf,-inf,-0.1527658508753489,0.42885868191038495,-0.2696939785698625,0.29763011411847956,inf,-inf,1.8939103845578251,0.09390206964775892,0.09390206964775892,0.09390206964775892,784,3.840543260350336,1.9588166433479255,2.0283677999000864,1.0,1.0,-0.09235770826770748,10.87425830641628,0.347250130365288,1.3380943284645808,0.1264867299397764,0.0,0.0,10.843878114312673,10.863255429379272,9.386219579682908,12.559647185296901
1,0.028600035238141763,-14.839422569444412,0.0040051524754954534,0.0,-14.806817381730776,-14.839422569444412,nan,0.0003961402836447103,0.0036090121918507393,0.030053780947161508,-14.772132692122078,0.003591787158328942,0.0,-14.738487124016586,-14.772132692122078,nan,0.0,0.2548428320455707,0.0,0.5668210971854981,0.0,362.0,0.0,,0.00029996819910385256,,,0.2875408321173857,-0.054101989866654224,0.342251656023657,0.806936263899092,10.857496500909033,15.037234792103117,1,9.386219579682908,12.559647185296901,inf,-inf,-0.11129503864670057,0.33053622404268873,-0.17404501997353677,0.23138134524280987,inf,-inf,1.8769132823493688,0.09484533597942954,0.09484533597942954,0.09484533597942954,784,3.840543260350336,1.9588166433479255,2.0283677999000864,1.0,1.0,-0.09235770826770748,10.87425830641628,0.347250130365288,1.3380943284645808,0.1264867299397764,0.0,0.0,10.843878114312673,10.863255429379272,9.386219579682908,12.559647185296901
2,0.028588731946841507,-14.918827411831899,0.004330761324964156,0.0,-14.885907918560093,-14.918827411831899,nan,0.0008972454204532839,0.003433515904510873,0.030053780947161508,-14.772132692122078,0.003591787158328942,0.0,-14.738487124016586,-14.772132692122078,nan,0.0,0.17651741463980564,0.0,0.40335185948857655,0.0,362.0,0.0,,0.000299928451253031,,,0.2875408321173857,-0.054101989866654224,0.342251656023657,0.806936263899092,10.857496500909033,15.037234792103117,1,9.386219579682908,12.559647185296901,inf,-inf,-0.09053881921088049,0.26383589805606494,-0.15594489784915858,0.18692454093311853,inf,-inf,1.8731087447257306,0.09495953968559166,0.09495953968559166,0.09495953968559166,784,3.840543260350336,1.9588166433479255,2.0283677999000864,1.0,1.0,-0.09235770826770748,10.87425830641628,0.347250130365288,1.3380943284645808,0.1264867299397764,0.0,0.0,10.843878114312673,10.863255429379272,9.386219579682908,12.559647185296901
3,0.02860012878373592,-14.967340869397699,0.004564655404367889,0.0,-14.934176085209595,-14.967340869397699,nan,0.0015041449043885855,0.0030605104999793017,0.030053780947161508,-14.772132692122078,0.003591787158328942,0.0,-14.738487124016586,-14.772132692122078,nan,0.0,0.13251803729137282,0.0,0.3026188244759228,0.0,362.0,0.0,,0.0002998728103643344,,,0.2875408321173857,-0.054101989866654224,0.342251656023657,0.806936263899092,10.857496500909033,15.037234792103117,1,9.386219579682908,12.559647185296901,inf,-inf,-0.07401482558748546,0.22118943607264654,-0.13534332983928124,0.16053523005469383,inf,-inf,1.86806673791011,0.09507591550955433,0.09507591550955433,0.09507591550955433,784,3.840543260350336,1.9588166433479255,2.0283677999000864,1.0,1.0,-0.09235770826770748,10.87425830641628,0.347250130365288,1.3380943284645808,0.1264867299397764,0.0,0.0,10.843878114312673,10.863255429379272,9.386219579682908,12.559647185296901
4,0.028605572799915737,-15.000128763874855,0.005045649195770979,0.0,-14.966477541879167,-15.000128763874855,nan,0.0021867523713921056,0.0028588968243788765,0.030053780947161508,-14.772132692122078,0.003591787158328942,0.0,-14.738487124016586,-14.772132692122078,nan,0.0,0.1006966042310744,0.0,0.23392763495777452,0.0,362.0,0.0,,0.00029980128253941313,,,0.2875408321173857,-0.054101989866654224,0.342251656023657,0.806936263899092,10.857496500909033,15.037234792103117,1,9.386219579682908,12.559647185296901,inf,-inf,-0.06587577233920656,0.18401162913973138,-0.12067057580918374,0.13891011658571475,inf,-inf,1.863786121353527,0.09497429042359654,0.09497429042359654,0.09497429042359654,784,3.840543260350336,1.9588166433479255,2.0283677999000864,1.0,1.0,-0.09235770826770748,10.87425830641628,0.347250130365288,1.3380943284645808,0.1264867299397764,0.0,0.0,10.843878114312673,10.863255429379272,9.386219579682908,12.559647185296901
5,0.028602874601994132,-15.023466115642458,0.0055810322949042725,0.0,-14.98928220874556,-15.023466115642458,nan,0.0029163685569030865,0.0026646637380011813,0.030053780947161508,-15.031342270633546,0.005855181391681574,0.0,-14.995433308294704,-15.031342270633546,nan,0.0,0.07893530603205329,0.0,0.18460772203061046,0.0,362.0,0.0,,0.0002997138756220993,,,0.3289757202820094,-0.19217043234784348,0.519742752247033,0.5699726781446026,7.93496398652213,15.037234792103117,1,5.792090205067585,10.325531569659912,inf,-inf,-0.06358537753707207,0.16181297036689443,-0.10935597451801495,0.12160767725624921,inf,-inf,1.856498009211446,0.09483056598613238,0.09483056598613238,0.09483056598613238,784,3.412164445910119,1.843729802532408,1.9710576532513122,1.0,1.0,-0.3968832106759427,8.026071023251781,0.7705289585163487,1.782695228162357,0.2510771019858078,0.0,0.0,7.875887768990145,8.033792583074725,5.792090205067585,10.325531569659912
6,0.028603618733163288,-15.040844375883582,0.006181583761608126,0.0,-15.006059173388811,-15.040844375883582,nan,0.003667822227212835,0.002513761534395289,0.030053780947161508,-15.031342270633546,0.005855181391681574,0.0,-14.995433308294704,-15.031342270633546,nan,0.0,0.06411139636781785,0.0,0.14748993139472932,0.0,362.0,0.0,,0.0002996105991975463,,,0.3289757202820094,-0.19217043234784348,0.519742752247033,0.5699726781446026,7.93496398652213,15.037234792103117,1,5.792090205067585,10.325531569659912,inf,-inf,-0.05953141810682942,0.14388777566603425,-0.09758608417169322,0.10721344891307842,inf,-inf,1.846151670466852,0.09471378320403408,0.09471378320403408,0.09471378320403408,784,3.412164445910119,1.843729802532408,1.9710576532513122,1.0,1.0,-0.3968832106759427,8.026071023251781,0.7705289585163487,1.782695228162357,0.2510771019858078,0.0,0.0,7.875887768990145,8.033792583074725,5.792090205067585,10.325531569659912
7,0.02860392621361605,-15.054247740886078,0.0068528451370155445,0.0,-15.018790969535447,-15.054247740886078,nan,0.004438295245759678,0.0024145498912558606,0.030053780947161508,-15.031342270633546,0.005855181391681574,0.0,-14.995433308294704,-15.031342270633546,nan,0.0,0.05274741440049859,0.0,0.1185930047568716,0.0,362.0,0.0,,0.000299491464591178,,,0.3289757202820094,-0.19217043234784348,0.519742752247033,0.5699726781446026,7.93496398652213,15.037234792103117,1,5.792090205067585,10.325531569659912,inf,-inf,-0.05509714092675358,0.1279854739301944,-0.0875250571690623,0.09754497985092306,inf,-inf,1.833832448161332,0.09448239444867933,0.09448239444867933,0.09448239444867933,784,3.412164445910119,1.843729802532408,1.9710576532513122,1.0,1.0,-0.3968832106759427,8.026071023251781,0.7705289585163487,1.782695228162357,0.2510771019858078,0.0,0.0,7.875887768990145,8.033792583074725,5.792090205067585,10.325531569659912
8,0.028605639352259463,-15.06468129690443,0.007530048938950521,0.0,-15.028545608613221,-15.06468129690443,nan,0.005206831749106258,0.0023232171898442612,0.030053780947161508,-15.031342270633546,0.005855181391681574,0.0,-14.995433308294704,-15.031342270633546,nan,0.0,0.04380236779833633,0.0,0.09585045516170788,0.0,362.0,0.0,,0.00029935648486744646,,,0.3289757202820094,-0.19217043234784348,0.519742752247033,0.5699726781446026,7.93496398652213,15.037234792103117,1,5.792090205067585,10.325531569659912,inf,-inf,-0.05266981703009727,0.1151675369166024,-0.08068580040566242,0.08994966006825894,inf,-inf,1.8180557923003007,0.09420305036782882,0.09420305036782882,0.09420305036782882,784,3.412164445910119,1.843729802532408,1.9710576532513122,1.0,1.0,-0.3968832106759427,8.026071023251781,0.7705289585163487,1.782695228162357,0.2510771019858078,0.0,0.0,7.875887768990145,8.033792583074725,5.792090205067585,10.325531569659912
9,0.02860566533506059,-15.073056853904205,0.008233996453165351,0.0,-15.036217192115979,-15.073056853904205,nan,0.005971960886647232,0.0022620355665181092,0.030053780947161508,-15.031342270633546,0.005855181391681574,0.0,-14.995433308294704,-15.031342270633546,nan,0.0,0.0364884082936404,0.0,0.07743321523986979,0.0,362.0,0.0,,0.00029920567482839947,,,0.3289757202820094,-0.19217043234784348,0.519742752247033,0.5699726781446026,7.93496398652213,15.037234792103117,1,5.792090205067585,10.325531569659912,inf,-inf,-0.04998574377469749,0.10256138177091709,-0.07373575210217347,0.08045551330559618,inf,-inf,1.8022567456949774,0.09371172747292802,0.09371172747292802,0.09371172747292802,784,3.412164445910119,1.843729802532408,1.9710576532513122,1.0,1.0,-0.3968832106759427,8.026071023251781,0.7705289585163487,1.782695228162357,0.2510771019858078,0.0,0.0,7.875887768990145,8.033792583074725,5.792090205067585,10.325531569659912
10,0.02861182644920617,-15.079790144702995,0.008907930053314509,0.0,-15.042270388200475,-15.079790144702995,nan,0.006714697512905988,0.0021932325404085268,0.030053780947161508,-15.08242103748198,0.009234436658263026,0.0,-15.043132819876556,-15.08242103748198,nan,0.0,0.03113995130055836,0.0,0.062460605188768864,0.0,362.0,0.0,,0.00029903905101205734,,,0.37398082571855057,-0.27491953256850615,0.570866727161409,0.5393077361235502,6.610542186545512,15.037234792103117,1,4.3104438037321335,9.530772431786945,inf,-inf,-0.04651631845958856,0.09519130603718094,-0.06749620394560994,0.07299400904602836,inf,-inf,1.783393720656001,0.09324172365447535,0.09324172365447535,0.09324172365447535,784,3.0651486476656795,1.7463624488791887,1.888279935877771,0.99951171875,1.0,-0.6080400562834751,6.668157102692095,1.0457383652526129,2.211088432131946,0.3446061124651473,0.0,0.0,6.536583139136016,6.7096887419605284,4.3104438037321335,9.530772431786945
11,0.02861555098313758,-15.085323657758805,0.009560866171856185,0.0,-15.047147240603811,-15.085323657758805,nan,0.007419953059603464,0.0021409131122527153,0.030053780947161508,-15.08242103748198,0.009234436658263026,0.0,-15.043132819876556,-15.08242103748198,nan,0.0,0.026253622897233212,0.0,0.050041060603105716,0.0,362.0,0.0,,0.0002988566316905992,,,0.37398082571855057,-0.27491953256850615,0.570866727161409,0.5393077361235502,6.610542186545512,15.037234792103117,1,4.3104438037321335,9.530772431786945,inf,-inf,-0.04419713215495437,0.08649617849538578,-0.059941611555600065,0.06820849058180435,inf,-inf,1.7628264242595646,0.09271584041165803,0.09271584041165803,0.09271584041165803,784,3.0651486476656795,1.7463624488791887,1.888279935877771,0.99951171875,1.0,-0.6080400562834751,6.668157102692095,1.0457383652526129,2.211088432131946,0.3446061124651473,0.0,0.0,6.536583139136016,6.7096887419605284,4.3104438037321335,9.530772431786945
12,0.0286021509254915,-15.089794214063438,0.010173967797791079,0.0,-15.051018095340156,-15.089794214063438,nan,0.008077850847308091,0.002096116950482988,0.030053780947161508,-15.08242103748198,0.009234436658263026,0.0,-15.043132819876556,-15.08242103748198,nan,0.0,0.02276986088288787,0.0,0.039933325978557234,0.0,362.0,0.0,,0.00029865843686835924,,,0.37398082571855057,-0.27491953256850615,0.570866727161409,0.5393077361235502,6.610542186545512,15.037234792103117,1,4.3104438037321335,9.530772431786945,inf,-inf,-0.04189169616171,0.07653328754853887,-0.056793294032718857,0.060550586967651095,inf,-inf,1.7428122491135245,0.09213055409222116,0.09213055409222116,0.09213055409222116,784,3.0651486476656795,1.7463624488791887,1.888279935877771,0.99951171875,1.0,-0.6080400562834751,6.668157102692095,1.0457383652526129,2.211088432131946,0.3446061124651473,0.0,0.0,6.536583139136016,6.7096887419605284,4.3104438037321335,9.530772431786945
13,0.02858204098182046,-15.093546104721828,0.010751355867926764,0.0,-15.05421270787208,-15.093546104721828,nan,0.008689665683890378,0.0020616901840363805,0.030053780947161508,-15.08242103748198,0.009234436658263026,0.0,-15.043132819876556,-15.08242103748198,nan,0.0,0.01928981476058127,0.0,0.031404364488143585,0.0,362.0,0.0,,0.00029844448827963323,,,0.37398082571855057,-0.27491953256850615,0.570866727161409,0.5393077361235502,6.610542186545512,15.037234792103117,1,4.3104438037321335,9.530772431786945,inf,-inf,-0.03886064625544684,0.07006876797534355,-0.05266308288698947,0.05735106835373058,inf,-inf,1.721121105547775,0.09156510854261571,0.09156510854261571,0.09156510854261571,784,3.0651486476656795,1.7463624488791887,1.888279935877771,0.99951171875,1.0,-0.6080400562834751,6.668157102692095,1.0457383652526129,2.211088432131946,0.3446061124651473,0.0,0.0,6.536583139136016,6.7096887419605284,4.3104438037321335,9.530772431786945
14,0.028595406136762033,-15.096603440318818,0.011268259980877205,0.0,-15.056739774201178,-15.096603440318818,nan,0.00923424303334384,0.002034016947533364,0.030053780947161508,-15.08242103748198,0.009234436658263026,0.0,-15.043132819876556,-15.08242103748198,nan,0.0,0.01689822224249095,0.0,0.024404569144972257,0.0,362.0,0.0,,0.0002982148093862949,,,0.37398082571855057,-0.27491953256850615,0.570866727161409,0.5393077361235502,6.610542186545512,15.037234792103117,1,4.3104438037321335,9.530772431786945,inf,-inf,-0.03778409376653312,0.06685941825050805,-0.04844216363122996,0.05372700215235488,inf,-inf,1.6992115260530565,0.09103474103417454,0.09103474103417454,0.09103474103417454,784,3.0651486476656795,1.7463624488791887,1.888279935877771,0.99951171875,1.0,-0.6080400562834751,6.668157102692095,1.0457383652526129,2.211088432131946,0.3446061124651473,0.0,0.0,6.536583139136016,6.7096887419605284,4.3104438037321335,9.530772431786945
15,0.02861914255408242,-15.099156531444615,0.011722318169905713,0.0,-15.058815070720627,-15.099156531444615,nan,0.009704834926408211,0.0020174832434975087,0.030053780947161508,-15.10028381092407,0.011907986516896285,0.0,-15.058322043460013,-15.10028381092407,nan,0.0,0.014810181382554783,0.0,0.01854968301346111,0.0,362.0,0.0,,0.00029796942537522314,,,0.39959765240193895,-0.3194707296672954,0.6182038316274888,0.5448957355100791,6.029971620780879,15.037234792103117,1,3.3930841820000968,9.41778826688851,inf,-inf,-0.03596384260212269,0.060648278309686374,-0.04462960145945915,0.05026746564483725,inf,-inf,1.678469366401194,0.09050162398254238,0.09050162398254238,0.09050162398254238,784,2.725265600076032,1.6464797928572381,1.7890610310919273,0.9957275390625,1.0,-0.7604240855281039,6.077818028209129,1.2846065738607282,2.775583440236686,0.4433542877261262,0.0,0.0,5.968806651818913,6.142705364442017,3.3930841820000968,9.41778826688851
16,0.02860613089360035,-15.101274813423958,0.012080373391700122,0.0,-15.060588309138657,-15.101274813423958,nan,0.010076413470402596,0.002003959921297511,0.030053780947161508,-15.10028381092407,0.011907986516896285,0.0,-15.058322043460013,-15.10028381092407,nan,0.0,0.01312205523201774,0.0,0.013763769907392523,0.0,362.0,0.0,,0.00029770836315553997,,,0.39959765240193895,-0.3194707296672954,0.6182038316274888,0.5448957355100791,6.029971620780879,15.037234792103117,1,3.3930841820000968,9.41778826688851,inf,-inf,-0.033988620831689895,0.05692782639383772,-0.0420474353166953,0.046807603121035046,inf,-inf,1.6565403103356322,0.09008116204131421,0.09008116204131421,0.09008116204131421,784,2.725265600076032,1.6464797928572381,1.7890610310919273,0.9957275390625,1.0,-0.7604240855281039,6.077818028209129,1.2846065738607282,2.775583440236686,0.4433542877261262,0.0,0.0,5.968806651818913,6.142705364442017,3.3930841820000968,9.41778826688851
17,0.028615744818562674,-15.103022799076848,0.012357874308534288,0.0,-15.062049179949751,-15.103022799076848,nan,0.010358607456750267,0.0019992668517840127,0.030053780947161508,-15.10028381092407,0.011907986516896285,0.0,-15.058322043460013,-15.10028381092407,nan,0.0,0.0116530296743542,0.0,0.009850101153005011,0.0,362.0,0.0,,0.0002974316513556598,,,0.39959765240193895,-0.3194707296672954,0.6182038316274888,0.5448957355100791,6.029971620780879,15.037234792103117,1,3.3930841820000968,9.41778826688851,inf,-inf,-0.03279444375061968,0.050888284461937966,-0.039097014821446154,0.04470208981622594,inf,-inf,1.6356066875593747,0.08964656957587987,0.08964656957587987,0.08964656957587987,784,2.725265600076032,1.6464797928572381,1.7890610310919273,0.9957275390625,1.0,-0.7604240855281039,6.077818028209129,1.2846065738607282,2.775583440236686,0.4433542877261262,0.0,0.0,5.968806651818913,6.142705364442017,3.3930841820000968,9.41778826688851
18,0.02860314193384872,-15.104493675129383,0.012555704813840229,0.0,-15.063334828381695,-15.104493675129383,nan,0.010552197019711,0.0020035077941292375,0.030053780947161508,-15.10028381092407,0.011907986516896285,0.0,-15.058322043460013,-15.10028381092407,nan,0.0,0.010521712240605541,0.0,0.006666469208482665,0.0,362.0,0.0,,0.0002971393203201496,,,0.39959765240193895,-0.3194707296672954,0.6182038316274888,0.5448957355100791,6.029971620780879,15.037234792103117,1,3.3930841820000968,9.41778826688851,inf,-inf,-0.0311280737302164,0.04955373767457663,-0.036420347874045945,0.04195745473465164,inf,-inf,1.6154050953572163,0.0892601835398491,0.0892601835398491,0.0892601835398491,784,2.725265600076032,1.6464797928572381,1.7890610310919273,0.9957275390625,1.0,-0.7604240855281039,6.077818028209129,1.2846065738607282,2.775583440236686,0.4433542877261262,0.0,0.0,5.968806651818913,6.142705364442017,3.3930841820000968,9.41778826688851
19,0.028587412141537042,-15.105675474473186,0.012641669633077342,0.0,-15.06444639269857,-15.105675474473186,nan,0.010629884405506723,0.0020117852275706137,0.030053780947161508,-15.10028381092407,0.011907986516896285,0.0,-15.058322043460013,-15.10028381092407,nan,0.0,0.009469203023931616,0.0,0.004391606024929105,0.0,362.0,0.0,,0.00029683140210640173,,,0.39959765240193895,-0.3194707296672954,0.6182038316274888,0.5448957355100791,6.029971620780879,15.037234792103117,1,3.3930841820000968,9.41778826688851,inf,-inf,-0.02940712059592561,0.045564977298362376,-0.03471365347762276,0.03890840125335367,inf,-inf,1.5952484472256323,0.08887264271671906,0.08887264271671906,0.08887264271671906,784,2.725265600076032,1.6464797928572381,1.7890610310919273,0.9957275390625,1.0,-0.7604240855281039,6.077818028209129,1.2846065738607282,2.775583440236686,0.4433542877261262,0.0,0.0,5.968806651818913,6.142705364442017,3.3930841820000968,9.41778826688851
20,0.028617899493985646,-15.106653791094388,0.012629924559788808,0.0,-15.065405967040613,-15.106653791094388,nan,0.010605697489228589,0.0020242270705602286,0.030053780947161508,-15.107210873753983,0.01258819028121826,0.0,-15.064568902525604,-15.107210873753983,nan,0.0,0.008755929495885634,0.0,0.0028415374754588553,0.0,362.0,0.0,,0.00029650793048111826,,,0.3956102610730712,-0.32392703390772976,0.6693080359093103,0.5388970875737498,6.025084025055975,15.037234792103117,1,2.8084046655789057,9.485856035672676,inf,-inf,-0.02817564715351653,0.043602149694312475,-0.03253113070442734,0.03686705348015623,inf,-inf,1.5737814062841338,0.08863817176416112,0.08863817176416112,0.08863817176416112,784,2.387668855455495,1.5413235536960481,1.674613500604081,0.9866943359375,1.0,-0.8334711034433534,6.118117609033471,1.4951250049395008,3.377667097600169,0.5286168433404361,0.0,0.0,5.993772893669965,6.199470918080931,2.8084046655789057,9.485856035672676
21,0.028595171141453043,-15.107453409718994,0.01252860180471579,0.0,-15.066329636772826,-15.107453409718994,nan,0.010483603006156177,0.0020449987985596053,0.030053780947161508,-15.107210873753983,0.01258819028121826,0.0,-15.064568902525604,-15.107210873753983,nan,0.0,0.00809445747431158,0.0,0.0022263001961063235,0.0,362.0,0.0,,0.0002961689409166081,,,0.3956102610730712,-0.32392703390772976,0.6693080359093103,0.5388970875737498,6.025084025055975,15.037234792103117,1,2.8084046655789057,9.485856035672676,inf,-inf,-0.027329876356848047,0.04026193813685878,-0.031095608345074834,0.03643604889394604,inf,-inf,1.5523784868638522,0.08839600809649459,0.08839600809649459,0.08839600809649459,784,2.387668855455495,1.5413235536960481,1.674613500604081,0.9866943359375,1.0,-0.8334711034433534,6.118117609033471,1.4951250049395008,3.377667097600169,0.5286168433404361,0.0,0.0,5.993772893669965,6.199470918080931,2.8084046655789057,9.485856035672676
22,0.028618914266868602,-15.108093711714899,0.012341063244976755,0.0,-15.067133734203054,-15.108093711714899,nan,0.010273290944170552,0.00206777230080621,0.030053780947161508,-15.107210873753983,0.01258819028121826,0.0,-15.064568902525604,-15.107210873753983,nan,0.0,0.007553334262366151,0.0,0.0018737237919671695,0.0,362.0,0.0,,0.0002958144705868971,,,0.3956102610730712,-0.32392703390772976,0.6693080359093103,0.5388970875737498,6.025084025055975,15.037234792103117,1,2.8084046655789057,9.485856035672676,inf,-inf,-0.026004038138888613,0.03764101126579609,-0.0291981302712604,0.03464874152697656,inf,-inf,1.5319916505783948,0.08819441895785893,0.08819441895785893,0.08819441895785893,784,2.387668855455495,1.5413235536960481,1.674613500604081,0.9866943359375,1.0,-0.8334711034433534,6.118117609033471,1.4951250049395008,3.377667097600169,0.5286168433404361,0.0,0.0,5.993772893669965,6.199470918080931,2.8084046655789057,9.485856035672676
23,0.028579871570248737,-15.108637554536731,0.01209770280187491,0.0,-15.067959980164607,-15.108637554536731,nan,0.009999044345030895,0.0020986584568440116,0.030053780947161508,-15.107210873753983,0.01258819028121826,0.0,-15.064568902525604,-15.107210873753983,nan,0.0,0.007179805245156518,0.0,0.0018283091179414075,0.0,362.0,0.0,,0.0002954445583636514,,,0.3956102610730712,-0.32392703390772976,0.6693080359093103,0.5388970875737498,6.025084025055975,15.037234792103117,1,2.8084046655789057,9.485856035672676,inf,-inf,-0.02560067187735597,0.03616163721511324,-0.027969902063064468,0.03382604803020651,inf,-inf,1.5111741147658548,0.08806004453237792,0.08806004453237792,0.08806004453237792,784,2.387668855455495,1.5413235536960481,1.674613500604081,0.9866943359375,1.0,-0.8334711034433534,6.118117609033471,1.4951250049395008,3.377667097600169,0.5286168433404361,0.0,0.0,5.993772893669965,6.199470918080931,2.8084046655789057,9.485856035672676
24,0.028619501421090213,-15.109053453031022,0.011786428268275263,0.0,-15.068647523341657,-15.109053453031022,nan,0.009660664951601096,0.002125763316674179,0.030053780947161508,-15.107210873753983,0.01258819028121826,0.0,-15.064568902525604,-15.107210873753983,nan,0.0,0.006777852603420593,0.0,0.001925488846407586,0.0,362.0,0.0,,0.00029505924481191474,,,0.3956102610730712,-0.32392703390772976,0.6693080359093103,0.5388970875737498,6.025084025055975,15.037234792103117,1,2.8084046655789057,9.485856035672676,inf,-inf,-0.024335599868348604,0.03445252951439555,-0.027415931126938194,0.03243875049632111,inf,-inf,1.4897904656683276,0.08782875156883807,0.08782875156883807,0.08782875156883807,784,2.387668855455495,1.5413235536960481,1.674613500604081,0.9866943359375,1.0,-0.8334711034433534,6.118117609033471,1.4951250049395008,3.377667097600169,0.5286168433404361,0.0,0.0,5.993772893669965,6.199470918080931,2.8084046655789057,9.485856035672676
25,0.028583576857871332,-15.109423510657738,0.011459823451755911,0.0,-15.069380110348112,-15.109423510657738,nan,0.009301160055106152,0.002158663396649766,0.030053780947161508,-15.109757691052254,0.011276001833806776,0.0,-15.068427908271286,-15.109757691052254,nan,0.0,0.006480304548728249,0.0,0.0018730452258407398,0.0,362.0,0.0,,0.0002946585721856603,,,0.3648706457011736,-0.294073632898169,0.7184321758913154,0.5114962925460499,6.48622706585533,15.037234792103117,1,2.5377858088769383,9.841736010568845,inf,-inf,-0.023999654243689668,0.03312396173375663,-0.026126921519756083,0.03161957859010708,inf,-inf,1.467205362230908,0.08778286979906254,0.08778286979906254,0.08778286979906254,784,2.053881582686548,1.4296361176488073,1.5511225737342789,0.982421875,1.0,-0.8092252728138756,6.69658284795828,1.6880650633175547,3.8780798506096805,0.5886167470640216,0.0,0.0,6.498059927119169,6.803734210006545,2.5377858088769383,9.841736010568845
26,0.02862454441304439,-15.109734204751984,0.01110662085547075,0.0,-15.070003039483469,-15.109734204751984,nan,0.008916039395047377,0.0021905814604233653,0.030053780947161508,-15.109757691052254,0.011276001833806776,0.0,-15.068427908271286,-15.109757691052254,nan,0.0,0.006190840427704263,0.0,0.001905705187414526,0.0,362.0,0.0,,0.0002942425844231566,,,0.3648706457011736,-0.294073632898169,0.7184321758913154,0.5114962925460499,6.48622706585533,15.037234792103117,1,2.5377858088769383,9.841736010568845,inf,-inf,-0.023667463302847976,0.0319773525858695,-0.02529653199792134,0.03071165835031532,inf,-inf,1.4453033872921248,0.08762674343598449,0.08762674343598449,0.08762674343598449,784,2.053881582686548,1.4296361176488073,1.5511225737342789,0.982421875,1.0,-0.8092252728138756,6.69658284795828,1.6880650633175547,3.8780798506096805,0.5886167470640216,0.0,0.0,6.498059927119169,6.803734210006545,2.5377858088769383,9.841736010568845
27,0.02859970266667034,-15.109995793930526,0.010744195201934413,0.0,-15.070651896061923,-15.109995793930526,nan,0.00852376420824074,0.002220430993693669,0.030053780947161508,-15.109757691052254,0.011276001833806776,0.0,-15.068427908271286,-15.109757691052254,nan,0.0,0.006038934317580314,0.0,0.0016916233376657293,0.0,362.0,0.0,,0.0002938113271421496,,,0.3648706457011736,-0.294073632898169,0.7184321758913154,0.5114962925460499,6.48622706585533,15.037234792103117,1,2.5377858088769383,9.841736010568845,inf,-inf,-0.023618735945206977,0.03009992010318025,-0.024792818718114746,0.029912389183503398,inf,-inf,1.423084472297496,0.08751942579524301,0.08751942579524301,0.08751942579524301,784,2.053881582686548,1.4296361176488073,1.5511225737342789,0.982421875,1.0,-0.8092252728138756,6.69658284795828,1.6880650633175547,3.8780798506096805,0.5886167470640216,0.0,0.0,6.498059927119169,6.803734210006545,2.5377858088769383,9.841736010568845
28,0.02859301797571869,-15.110245232340809,0.010404388035360436,0.0,-15.07124782632973,-15.110245232340809,nan,0.008155533412938959,0.0022488546224214653,0.030053780947161508,-15.109757691052254,0.011276001833806776,0.0,-15.068427908271286,-15.109757691052254,nan,0.0,0.005788834688421413,0.0,0.0015889295874148167,0.0,362.0,0.0,,0.00029336484763486,,,0.3648706457011736,-0.294073632898169,0.7184321758913154,0.5114962925460499,6.48622706585533,15.037234792103117,1,2.5377858088769383,9.841736010568845,inf,-inf,-0.023527612863922943,0.02943047922156549,-0.024327718674642944,0.029011744909755114,inf,-inf,1.401469466709554,0.08748370630341677,0.08748370630341677,0.08748370630341677,784,2.053881582686548,1.4296361176488073,1.5511225737342789,0.982421875,1.0,-0.8092252728138756,6.69658284795828,1.6880650633175547,3.8780798506096805,0.5886167470640216,0.0,0.0,6.498059927119169,6.803734210006545,2.5377858088769383,9.841736010568845
29,0.02860113906787034,-15.11045741823827,0.010058776811610238,0.0,-15.07179750235879,-15.11045741823827,nan,0.007786394295426845,0.0022723825161833876,0.030053780947161508,-15.109757691052254,0.011276001833806776,0.0,-15.068427908271286,-15.109757691052254,nan,0.0,0.00561483896747333,0.0,0.00140871904245508,0.0,362.0,0.0,,0.00029290319486279713,,,0.3648706457011736,-0.294073632898169,0.7184321758913154,0.5114962925460499,6.48622706585533,15.037234792103117,1,2.5377858088769383,9.841736010568845,inf,-inf,-0.02368758311694015,0.028401210773756437,-0.02342308195445341,0.028890980813585928,inf,-inf,1.3781389757681988,0.08744461287336291,0.08744461287336291,0.08744461287336291,784,2.053881582686548,1.4296361176488073,1.5511225737342789,0.982421875,1.0,-0.8092252728138756,6.69658284795828,1.6880650633175547,3.8780798506096805,0.5886167470640216,0.0,0.0,6.498059927119169,6.803734210006545,2.5377858088769383,9.841736010568845
30,0.028612077160194715,-15.110666533881359,0.009752301428279177,0.0,-15.072302155292885,-15.110666533881359,nan,0.007458108846518053,0.00229419258176113,0.030053780947161508,-15.110966677247413,0.009591183321152833,0.0,-15.071321712979099,-15.110966677247413,nan,0.0,0.005510199030763638,0.0,0.0014143057588661958,0.0,362.0,0.0,,0.0002924264194513898,,,0.33043346037568466,-0.2569549731786737,0.7613003684868147,0.4801524535594182,7.069367128193484,15.037234792103117,1,2.422781155064517,10.160981704534162,inf,-inf,-0.023407143790434053,0.027654990685153497,-0.023306546770574452,0.028005864985188988,inf,-inf,1.3549293057404603,0.08735980366782153,0.08735980366782153,0.08735980366782153,784,1.7361542268714847,1.3143703549793844,1.4247003959738567,0.97705078125,1.0,-0.730896965054697,7.415146587919102,1.816402879789833,4.193932944910818,0.622621482426888,0.0,0.0,7.13422935751391,7.513775791689135,2.422781155064517,10.160981704534162
31,0.02857444144221796,-15.110876275129874,0.009470840533634757,0.0,-15.072830993154021,-15.110876275129874,nan,0.007159321426099524,0.0023115191075352283,0.030053780947161508,-15.110966677247413,0.009591183321152833,0.0,-15.071321712979099,-15.110966677247413,nan,0.0,0.005313812766504459,0.0,0.0012551137411303877,0.0,362.0,0.0,,0.00029193457368443463,,,0.33043346037568466,-0.2569549731786737,0.7613003684868147,0.4801524535594182,7.069367128193484,15.037234792103117,1,2.422781155064517,10.160981704534162,inf,-inf,-0.02307273709912263,0.026845598584722845,-0.022788021914451048,0.027312750568140837,inf,-inf,1.3318777381814866,0.08723194250490145,0.08723194250490145,0.08723194250490145,784,1.7361542268714847,1.3143703549793844,1.4247003959738567,0.97705078125,1.0,-0.730896965054697,7.415146587919102,1.816402879789833,4.193932944910818,0.622621482426888,0.0,0.0,7.13422935751391,7.513775791689135,2.422781155064517,10.160981704534162
32,0.02861642686220868,-15.111060951349744,0.009186948080562965,0.0,-15.073257576406972,-15.111060951349744,nan,0.006863071217867327,0.002323876862695638,0.030053780947161508,-15.110966677247413,0.009591183321152833,0.0,-15.071321712979099,-15.110966677247413,nan,0.0,0.005172062345221611,0.0,0.0012432253365156603,0.0,362.0,0.0,,0.0002914277114983626,,,0.33043346037568466,-0.2569549731786737,0.7613003684868147,0.4801524535594182,7.069367128193484,15.037234792103117,1,2.422781155064517,10.160981704534162,inf,-inf,-0.02335804021284034,0.026140012210595472,-0.02283284671347443,0.027099291667509153,inf,-inf,1.3089516828895944,0.08725843131332243,0.08725843131332243,0.08725843131332243,784,1.7361542268714847,1.3143703549793844,1.4247003959738567,0.97705078125,1.0,-0.730896965054697,7.415146587919102,1.816402879789833,4.193932944910818,0.622621482426888,0.0,0.0,7.13422935751391,7.513775791689135,2.422781155064517,10.160981704534162
33,0.028595245084410033,-15.111255976163319,0.008936236305263402,0.0,-15.073724494773645,-15.111255976163319,nan,0.0066039056764859464,0.0023323306287774616,0.030053780947161508,-15.110966677247413,0.009591183321152833,0.0,-15.071321712979099,-15.110966677247413,nan,0.0,0.005088587622850309,0.0,0.0011833737374105395,0.0,362.0,0.0,,0.00029090588847632414,,,0.33043346037568466,-0.2569549731786737,0.7613003684868147,0.4801524535594182,7.069367128193484,15.037234792103117,1,2.422781155064517,10.160981704534162,inf,-inf,-0.02310149999682947,0.025299709796415017,-0.022957558453680513,0.02622072641111793,inf,-inf,1.2870485197501513,0.08726473393826645,0.08726473393826645,0.08726473393826645,784,1.7361542268714847,1.3143703549793844,1.4247003959738567,0.97705078125,1.0,-0.730896965054697,7.415146587919102,1.816402879789833,4.193932944910818,0.622621482426888,0.0,0.0,7.13422935751391,7.513775791689135,2.422781155064517,10.160981704534162
34,0.028586064143597545,-15.111419322722917,0.008694584697934434,0.0,-15.074138673881384,-15.111419322722917,nan,0.0063522095637177775,0.002342375134216664,0.030053780947161508,-15.110966677247413,0.009591183321152833,0.0,-15.071321712979099,-15.110966677247413,nan,0.0,0.005018849072785485,0.0,0.0011957614282302404,0.0,362.0,0.0,,0.0002903691618420941,,,0.33043346037568466,-0.2569549731786737,0.7613003684868147,0.4801524535594182,7.069367128193484,15.037234792103117,1,2.422781155064517,10.160981704534162,inf,-inf,-0.022952299172887203,0.024794787733499836,-0.02228217139734109,0.026031780640984867,inf,-inf,1.2652510500424523,0.0872477944204413,0.0872477944204413,0.0872477944204413,784,1.7361542268714847,1.3143703549793844,1.4247003959738567,0.97705078125,1.0,-0.730896965054697,7.415146587919102,1.816402879789833,4.193932944910818,0.622621482426888,0.0,0.0,7.13422935751391,7.513775791689135,2.422781155064517,10.160981704534162
35,0.028593654529489507,-15.11159004485202,0.008477456368209936,0.0,-15.074518933954321,-15.11159004485202,nan,0.0061371497490403295,0.0023403066191696065,0.030053780947161508,-15.111877229105202,0.008354337487340189,0.0,-15.0734691106707,-15.111877229105202,nan,0.0,0.004905404910664165,0.0,0.0010604375500522605,0.0,362.0,0.0,,0.0002898175904537963,,,0.30619213506881177,-0.22911862651065673,0.7935420096803177,0.45828515610712045,7.523547734797263,15.037234792103117,1,2.4144930270655456,10.454336506671535,inf,-inf,-0.022980619713582666,0.024281123860252503,-0.022428849218641755,0.025472466645551202,inf,-inf,1.2418074330309,0.08727667342667485,0.08727667342667485,0.08727667342667485,784,1.4534307620778275,1.202587642022041,1.3017662493716078,0.9647216796875,1.0,-0.6477653273355,7.961376531787707,1.860796076425873,4.329826754305111,0.6364705196433114,0.0,0.0,7.638109335588299,8.083621065795217,2.4144930270655456,10.454336506671535
36,0.028595273474489705,-15.111748743132575,0.008264531960765271,0.0,-15.074888937697319,-15.111748743132575,nan,0.005922179253760189,0.002342352707005083,0.030053780947161508,-15.111877229105202,0.008354337487340189,0.0,-15.0734691106707,-15.111877229105202,nan,0.0,0.004842459740281826,0.0,0.00106164582660237,0.0,362.0,0.0,,0.00028925123479744914,,,0.30619213506881177,-0.22911862651065673,0.7935420096803177,0.45828515610712045,7.523547734797263,15.037234792103117,1,2.4144930270655456,10.454336506671535,inf,-inf,-0.022798775490161058,0.023552550160949835,-0.022327810647668613,0.02513655016144527,inf,-inf,1.2201136205227996,0.08726002394061859,0.08726002394061859,0.08726002394061859,784,1.4534307620778275,1.202587642022041,1.3017662493716078,0.9647216796875,1.0,-0.6477653273355,7.961376531787707,1.860796076425873,4.329826754305111,0.6364705196433114,0.0,0.0,7.638109335588299,8.083621065795217,2.4144930270655456,10.454336506671535
37,0.028602556620602244,-15.111897012422295,0.008065470679996273,0.0,-15.075228985121697,-15.111897012422295,nan,0.005727989779623425,0.0023374809003728477,0.030053780947161508,-15.111877229105202,0.008354337487340189,0.0,-15.0734691106707,-15.111877229105202,nan,0.0,0.004747948778774161,0.0,0.0008970927918269453,0.0,362.0,0.0,,0.0002886701569803325,,,0.30619213506881177,-0.22911862651065673,0.7935420096803177,0.45828515610712045,7.523547734797263,15.037234792103117,1,2.4144930270655456,10.454336506671535,inf,-inf,-0.022689669963529873,0.023385178289434264,-0.0221602092567957,0.024821944135055025,inf,-inf,1.1980602691021194,0.0871984247422112,0.0871984247422112,0.0871984247422112,784,1.4534307620778275,1.202587642022041,1.3017662493716078,0.9647216796875,1.0,-0.6477653273355,7.961376531787707,1.860796076425873,4.329826754305111,0.6364705196433114,0.0,0.0,7.638109335588299,8.083621065795217,2.4144930270655456,10.454336506671535
38,0.028603633873961542,-15.112059373414862,0.007885552530584287,0.0,-15.075570187010316,-15.112059373414862,nan,0.005552745597228694,0.0023328069333555883,0.030053780947161508,-15.111877229105202,0.008354337487340189,0.0,-15.0734691106707,-15.111877229105202,nan,0.0,0.004666319304577372,0.0,0.0010090193350245984,0.0,362.0,0.0,,0.00028807442072417716,,,0.30619213506881177,-0.22911862651065673,0.7935420096803177,0.45828515610712045,7.523547734797263,15.037234792103117,1,2.4144930270655456,10.454336506671535,inf,-inf,-0.022605573312114255,0.02306672027380342,-0.022158824186464872,0.024335506027995987,inf,-inf,1.1779463513690787,0.08726388650796638,0.08726388650796638,0.08726388650796638,784,1.4534307620778275,1.202587642022041,1.3017662493716078,0.9647216796875,1.0,-0.6477653273355,7.961376531787707,1.860796076425873,4.329826754305111,0.6364705196433114,0.0,0.0,7.638109335588299,8.083621065795217,2.4144930270655456,10.454336506671535
39,0.028605218269120908,-15.112176107712164,0.0076982340592689335,0.0,-15.075872655383774,-15.112176107712164,nan,0.005377865875875222,0.002320368183393712,0.030053780947161508,-15.111877229105202,0.008354337487340189,0.0,-15.0734691106707,-15.111877229105202,nan,0.0,0.004646867514699988,0.0,0.0009417237502530855,0.0,362.0,0.0,,0.000287464091358177,,,0.30619213506881177,-0.22911862651065673,0.7935420096803177,0.45828515610712045,7.523547734797263,15.037234792103117,1,2.4144930270655456,10.454336506671535,inf,-inf,-0.022628477907018208,0.022694227133585803,-0.022297460040815575,0.024411094095446093,inf,-inf,1.1567727812461444,0.0873241786221942,0.0873241786221942,0.0873241786221942,784,1.4534307620778275,1.202587642022041,1.3017662493716078,0.9647216796875,1.0,-0.6477653273355,7.961376531787707,1.860796076425873,4.329826754305111,0.6364705196433114,0.0,0.0,7.638109335588299,8.083621065795217,2.4144930270655456,10.454336506671535
40,0.02859791723725048,-15.112313843756608,0.007535473114217503,0.0,-15.07618045340514,-15.112313843756608,nan,0.0052235382293952725,0.0023119348848222275,0.030053780947161508,-15.112578770186063,0.007418726414746126,0.0,-15.075106262824155,-15.112578770186063,nan,0.0,0.004557795515965481,0.0,0.0009660813113860181,0.0,362.0,0.0,,0.00028683923581182487,,,0.2909663243538601,-0.20937893445454472,0.8145993108960303,0.4455816536588296,7.849753143037626,15.037234792103117,1,2.530616711272426,10.728007088394053,inf,-inf,-0.02246478337616842,0.02279052927147073,-0.022096117670969317,0.024165318154075664,inf,-inf,1.1354433126179198,0.08739203909988658,0.08739203909988658,0.08739203909988658,784,1.2128549509560254,1.0986707578330908,1.1839134338598531,0.940673828125,1.0,-0.5730651484280145,8.351663708965926,1.8473687826363019,4.239285641562003,0.6272926801621765,0.0,0.0,8.00005879892594,8.468478140629031,2.530616711272426,10.728007088394053
41,0.028603717091209336,-15.112443601211272,0.007376429131610227,0.0,-15.07646345498845,-15.112443601211272,nan,0.005077609945972415,0.0022988191856378104,0.030053780947161508,-15.112578770186063,0.007418726414746126,0.0,-15.075106262824155,-15.112578770186063,nan,0.0,0.004529288906366863,0.0,0.0009100067924989033,0.0,362.0,0.0,,0.00028619992260757275,,,0.2909663243538601,-0.20937893445454472,0.8145993108960303,0.4455816536588296,7.849753143037626,15.037234792103117,1,2.530616711272426,10.728007088394053,inf,-inf,-0.022368508820131423,0.02227945188553302,-0.02219240564436231,0.02389177264630176,inf,-inf,1.11588115815471,0.0874878740037679,0.0874878740037679,0.0874878740037679,784,1.2128549509560254,1.0986707578330908,1.1839134338598531,0.940673828125,1.0,-0.5730651484280145,8.351663708965926,1.8473687826363019,4.239285641562003,0.6272926801621765,0.0,0.0,8.00005879892594,8.468478140629031,2.530616711272426,10.728007088394053
42,0.028608467040954592,-15.112564996545013,0.007224054352221469,0.0,-15.076732475151836,-15.112564996545013,nan,0.004938303003667329,0.002285751348554145,0.030053780947161508,-15.112578770186063,0.007418726414746126,0.0,-15.075106262824155,-15.112578770186063,nan,0.0,0.0044674591691515044,0.0,0.000876648319441932,0.0,362.0,0.0,,0.00028554622185331796,,,0.2909663243538601,-0.20937893445454472,0.8145993108960303,0.4455816536588296,7.849753143037626,15.037234792103117,1,2.530616711272426,10.728007088394053,inf,-inf,-0.022405978897679493,0.02224569330851466,-0.022406416376802425,0.02366670246576186,inf,-inf,1.0948231414740803,0.08753673058714313,0.08753673058714313,0.08753673058714313,784,1.2128549509560254,1.0986707578330908,1.1839134338598531,0.940673828125,1.0,-0.5730651484280145,8.351663708965926,1.8473687826363019,4.239285641562003,0.6272926801621765,0.0,0.0,8.00005879892594,8.468478140629031,2.530616711272426,10.728007088394053
43,0.02861251249942555,-15.112664283390039,0.007072860957131616,0.0,-15.076978909933482,-15.112664283390039,nan,0.004802681965737363,0.0022701789913942513,0.030053780947161508,-15.112578770186063,0.007418726414746126,0.0,-15.075106262824155,-15.112578770186063,nan,0.0,0.004429552482864197,0.0,0.0009192347532274922,0.0,362.0,0.0,,0.00028487820523471477,,,0.2909663243538601,-0.20937893445454472,0.8145993108960303,0.4455816536588296,7.849753143037626,15.037234792103117,1,2.530616711272426,10.728007088394053,inf,-inf,-0.02214629854533804,0.021999425968303222,-0.02173224828903322,0.023461599913090134,inf,-inf,1.0757634637583358,0.08761771569486082,0.08761771569486082,0.08761771569486082,784,1.2128549509560254,1.0986707578330908,1.1839134338598531,0.940673828125,1.0,-0.5730651484280145,8.351663708965926,1.8473687826363019,4.239285641562003,0.6272926801621765,0.0,0.0,8.00005879892594,8.468478140629031,2.530616711272426,10.728007088394053
44,0.02860672782688767,-15.112775294210321,0.006937518768124472,0.0,-15.077231047615308,-15.112775294210321,nan,0.004684223639444012,0.0022532951286804597,0.030053780947161508,-15.112578770186063,0.007418726414746126,0.0,-15.075106262824155,-15.112578770186063,nan,0.0,0.004387466007441499,0.0,0.0008691704275898251,0.0,362.0,0.0,,0.00028419594600731323,,,0.2909663243538601,-0.20937893445454472,0.8145993108960303,0.4455816536588296,7.849753143037626,15.037234792103117,1,2.530616711272426,10.728007088394053,inf,-inf,-0.02189882696519004,0.02208449241020577,-0.02217626315246282,0.023399389105740135,inf,-inf,1.0565422569459577,0.08779094547594476,0.08779094547594476,0.08779094547594476,784,1.2128549509560254,1.0986707578330908,1.1839134338598531,0.940673828125,1.0,-0.5730651484280145,8.351663708965926,1.8473687826363019,4.239285641562003,0.6272926801621765,0.0,0.0,8.00005879892594,8.468478140629031,2.530616711272426,10.728007088394053
45,0.02861147386651176,-15.112881516147228,0.006802944517834828,0.0,-15.07746709776288,-15.112881516147228,nan,0.004566771298009465,0.0022361732198253603,0.030053780947161508,-15.11314213008315,0.006694509685202259,0.0,-15.076393839450786,-15.11314213008315,nan,0.0,0.004367602078809029,0.0,0.0008305824270678526,0.0,362.0,0.0,,0.00028349951898852603,,,0.2820597744766479,-0.19518998281921196,0.8264779344520068,0.43987751724277435,8.082945629015057,15.037234792103117,1,2.7071846570948006,10.913712071087758,inf,-inf,-0.021945709714743095,0.021773130081231933,-0.022069942522385477,0.023250700749564403,inf,-inf,1.0375611958702073,0.0879602378468942,0.0879602378468942,0.0879602378468942,784,1.0116684704959173,1.0035908048883007,1.0748074964414793,0.9010009765625,1.0,-0.5099977671881042,8.598502275571487,1.7983839029234827,4.031388122153346,0.6054546118953517,0.0,0.0,8.253654547028816,8.714239652673466,2.7071846570948006,10.913712071087758
46,0.028609114979614342,-15.112977730913798,0.006670919482957164,0.0,-15.077697696451226,-15.112977730913798,nan,0.004448729385060651,0.0022221900978965144,0.030053780947161508,-15.11314213008315,0.006694509685202259,0.0,-15.076393839450786,-15.11314213008315,nan,0.0,0.004313151274683362,0.0,0.000815086425542344,0.0,362.0,0.0,,0.00028278900054942377,,,0.2820597744766479,-0.19518998281921196,0.8264779344520068,0.43987751724277435,8.082945629015057,15.037234792103117,1,2.7071846570948006,10.913712071087758,inf,-inf,-0.021776536438014128,0.02192064830314288,-0.021962753440074135,0.023250693982690907,inf,-inf,1.0187135682745783,0.08810699395946775,0.08810699395946775,0.08810699395946775,784,1.0116684704959173,1.0035908048883007,1.0748074964414793,0.9010009765625,1.0,-0.5099977671881042,8.598502275571487,1.7983839029234827,4.031388122153346,0.6054546118953517,0.0,0.0,8.253654547028816,8.714239652673466,2.7071846570948006,10.913712071087758
47,0.028612758978940722,-15.113063601863255,0.006547555111790558,0.0,-15.077903287772523,-15.113063601863255,nan,0.004345668983649233,0.0022018861281413262,0.030053780947161508,-15.11314213008315,0.006694509685202259,0.0,-15.076393839450786,-15.11314213008315,nan,0.0,0.004299952075488446,0.0,0.0008609890219162152,0.0,362.0,0.0,,0.00028206446860636015,,,0.2820597744766479,-0.19518998281921196,0.8264779344520068,0.43987751724277435,8.082945629015057,15.037234792103117,1,2.7071846570948006,10.913712071087758,inf,-inf,-0.021641158230174908,0.021633583625871915,-0.022265043986613046,0.023261362888809114,inf,-inf,1.001194163899524,0.08830776563160145,0.08830776563160145,0.08830776563160145,784,1.0116684704959173,1.0035908048883007,1.0748074964414793,0.9010009765625,1.0,-0.5099977671881042,8.598502275571487,1.7983839029234827,4.031388122153346,0.6054546118953517,0.0,0.0,8.253654547028816,8.714239652673466,2.7071846570948006,10.913712071087758
48,0.028621315687844852,-15.113156912099548,0.00642489838643203,0.0,-15.07811069802527,-15.113156912099548,nan,0.004237971741228231,0.002186926645203802,0.030053780947161508,-15.11314213008315,0.006694509685202259,0.0,-15.076393839450786,-15.11314213008315,nan,0.0,0.0042361956532208965,0.0,0.0008538135174153105,0.0,362.0,0.0,,0.00028132600261242746,,,0.2820597744766479,-0.19518998281921196,0.8264779344520068,0.43987751724277435,8.082945629015057,15.037234792103117,1,2.7071846570948006,10.913712071087758,inf,-inf,-0.02168158053912713,0.021618111889932803,-0.021888843577858867,0.023167875919739615,inf,-inf,0.9837610427896315,0.08841802567692594,0.08841802567692594,0.08841802567692594,784,1.0116684704959173,1.0035908048883007,1.0748074964414793,0.9010009765625,1.0,-0.5099977671881042,8.598502275571487,1.7983839029234827,4.031388122153346,0.6054546118953517,0.0,0.0,8.253654547028816,8.714239652673466,2.7071846570948006,10.913712071087758
49,0.028596812894720148,-15.113244722431077,0.006317658820668019,0.0,-15.078330250715688,-15.113244722431077,nan,0.004149871051365124,0.002167787769302894,0.030053780947161508,-15.11314213008315,0.006694509685202259,0.0,-15.076393839450786,-15.11314213008315,nan,0.0,0.004229090964849937,0.0,0.0008596957504259742,0.0,362.0,0.0,,0.0002805736835487436,,,0.2820597744766479,-0.19518998281921196,0.8264779344520068,0.43987751724277435,8.082945629015057,15.037234792103117,1,2.7071846570948006,10.913712071087758,inf,-inf,-0.021492066703278346,0.021754914239082643,-0.0219694634199575,0.02293192643625558,inf,-inf,0.96557976808804,0.08867231512400339,0.08867231512400339,0.08867231512400339,784,1.0116684704959173,1.0035908048883007,1.0748074964414793,0.9010009765625,1.0,-0.5099977671881042,8.598502275571487,1.7983839029234827,4.031388122153346,0.6054546118953517,0.0,0.0,8.253654547028816,8.714239652673466,2.7071846570948006,10.913712071087758
50,0.028610960574533245,-15.113334858832799,0.006215075881769764,0.0,-15.078508822376497,-15.113334858832799,nan,0.004062704621984921,0.002152371259784841,0.030053780947161508,-15.113620626770869,0.006156365748703185,0.0,-15.077410480075004,-15.113620626770869,nan,0.0,0.004164175354037744,0.0,0.0008561741640182311,0.0,362.0,0.0,,0.0002798075939155718,,,0.2781944376987081,-0.18599879042987627,0.8313176965023963,0.4396550734865998,8.228016962919483,15.037234792103117,1,2.8611039352840715,10.925164690580244,inf,-inf,-0.021533508534151955,0.021566504982349,-0.021798509322733126,0.022774313255348136,inf,-inf,0.9494941568060049,0.08884594338371306,0.08884594338371306,0.08884594338371306,784,0.8464098525880628,0.9181657482897978,0.9762584269484196,0.8306884765625,1.0,-0.46134944225539687,8.746856728192135,1.7229224816988713,3.818513740744449,0.5818943577299635,0.0,0.0,8.406052393377394,8.87418736281143,2.8611039352840715,10.925164690580244
51,0.028614363010891434,-15.11341718661571,0.006108733942085575,0.0,-15.078694089662733,-15.11341718661571,nan,0.003973434381710232,0.0021352995603753505,0.030053780947161508,-15.113620626770869,0.006156365748703185,0.0,-15.077410480075004,-15.113620626770869,nan,0.0,0.0041671769302623896,0.0,0.00083999200204802,0.0,362.0,0.0,,0.0002790278177232734,,,0.2781944376987081,-0.18599879042987627,0.8313176965023963,0.4396550734865998,8.228016962919483,15.037234792103117,1,2.8611039352840715,10.925164690580244,inf,-inf,-0.021236261922925267,0.02185018307415446,-0.02192586434787879,0.022772197031165793,inf,-inf,0.933593307422895,0.08906179540136318,0.08906179540136318,0.08906179540136318,784,0.8464098525880628,0.9181657482897978,0.9762584269484196,0.8306884765625,1.0,-0.46134944225539687,8.746856728192135,1.7229224816988713,3.818513740744449,0.5818943577299635,0.0,0.0,8.406052393377394,8.87418736281143,2.8611039352840715,10.925164690580244
52,0.028616215960274673,-15.11348098376244,0.006000340086767034,0.0,-15.078864427715397,-15.11348098376244,nan,0.003882612085906572,0.002117728000860468,0.030053780947161508,-15.113620626770869,0.006156365748703185,0.0,-15.077410480075004,-15.113620626770869,nan,0.0,0.004135605829433469,0.0,0.0009074649120713074,0.0,362.0,0.0,,0.00027823444048309524,,,0.2781944376987081,-0.18599879042987627,0.8313176965023963,0.4396550734865998,8.228016962919483,15.037234792103117,1,2.8611039352840715,10.925164690580244,inf,-inf,-0.021269926323443288,0.021885914615790834,-0.022129768582370462,0.022669534110297554,inf,-inf,0.916791112452204,0.08934810185470479,0.08934810185470479,0.08934810185470479,784,0.8464098525880628,0.9181657482897978,0.9762584269484196,0.8306884765625,1.0,-0.46134944225539687,8.746856728192135,1.7229224816988713,3.818513740744449,0.5818943577299635,0.0,0.0,8.406052393377394,8.87418736281143,2.8611039352840715,10.925164690580244
53,0.028634162435212364,-15.113558454847972,0.005911352611683364,0.0,-15.079012939801077,-15.113558454847972,nan,0.003810061851158365,0.002101290760524999,0.030053780947161508,-15.113620626770869,0.006156365748703185,0.0,-15.077410480075004,-15.113620626770869,nan,0.0,0.004102017601621498,0.0,0.0009101762125967225,0.0,362.0,0.0,,0.0002774275491977922,,,0.2781944376987081,-0.18599879042987627,0.8313176965023963,0.4396550734865998,8.228016962919483,15.037234792103117,1,2.8611039352840715,10.925164690580244,inf,-inf,-0.021137293970987837,0.02200966304490736,-0.022008045166583338,0.022594593228079884,inf,-inf,0.9015764563439728,0.08965132470997793,0.08965132470997793,0.08965132470997793,784,0.8464098525880628,0.9181657482897978,0.9762584269484196,0.8306884765625,1.0,-0.46134944225539687,8.746856728192135,1.7229224816988713,3.818513740744449,0.5818943577299635,0.0,0.0,8.406052393377394,8.87418736281143,2.8611039352840715,10.925164690580244
54,0.02861659431969449,-15.113623056403595,0.005824880125046667,0.0,-15.079181581958853,-15.113623056403595,nan,0.0037376335202631153,0.0020872466047835484,0.030053780947161508,-15.113620626770869,0.006156365748703185,0.0,-15.077410480075004,-15.113620626770869,nan,0.0,0.004095485940686141,0.0,0.0008541389070588633,0.0,362.0,0.0,,0.00027660723235208647,,,0.2781944376987081,-0.18599879042987627,0.8313176965023963,0.4396550734865998,8.228016962919483,15.037234792103117,1,2.8611039352840715,10.925164690580244,inf,-inf,-0.02085810318482067,0.021590125207858735,-0.02184690198320652,0.02256822803992908,inf,-inf,0.8860070256067779,0.09000667554252821,0.09000667554252821,0.09000667554252821,784,0.8464098525880628,0.9181657482897978,0.9762584269484196,0.8306884765625,1.0,-0.46134944225539687,8.746856728192135,1.7229224816988713,3.818513740744449,0.5818943577299635,0.0,0.0,8.406052393377394,8.87418736281143,2.8611039352840715,10.925164690580244
55,0.028605770173637357,-15.113683616512438,0.0057312744914698645,0.0,-15.07934657184733,-15.113683616512438,nan,0.003659391354332364,0.002071883137137498,0.030053780947161508,-15.11395612638367,0.0056691624507084655,0.0,-15.0782331829858,-15.11395612638367,nan,0.0,0.004055574042654704,0.0,0.000829253143747352,0.0,362.0,0.0,,0.0002757735799029644,,,0.2755574289564323,-0.17721289034275717,0.8309260494645747,0.4420422500088655,8.370114793049673,15.037234792103117,1,3.011370586972456,10.845566712127988,inf,-inf,-0.02085327230127371,0.021888659249318813,-0.02189352360137935,0.022740738028092764,inf,-inf,0.8711664113388765,0.0902751314993577,0.0902751314993577,0.0902751314993577,784,0.7115959177837146,0.8420335170218481,0.8897718538002284,0.758544921875,1.0,-0.4182199588528174,8.899747185306172,1.646533078383027,3.6015383689563776,0.5564880458896819,0.0,0.0,8.547238782379923,9.027873333585621,3.011370586972456,10.845566712127988
56,0.02858471539112449,-15.113747266045744,0.0056481677939383725,0.0,-15.079514382860681,-15.113747266045744,nan,0.0035893368618782014,0.0020588309320601727,0.030053780947161508,-15.11395612638367,0.0056691624507084655,0.0,-15.0782331829858,-15.11395612638367,nan,0.0,0.0040451751437894585,0.0,0.0008335447865799821,0.0,362.0,0.0,,0.00027492668326981143,,,0.2755574289564323,-0.17721289034275717,0.8309260494645747,0.4420422500088655,8.370114793049673,15.037234792103117,1,3.011370586972456,10.845566712127988,inf,-inf,-0.020709175504250523,0.021937973731935324,-0.021844638837256732,0.02256154431321586,inf,-inf,0.857205171658152,0.09059019270914218,0.09059019270914218,0.09059019270914218,784,0.7115959177837146,0.8420335170218481,0.8897718538002284,0.758544921875,1.0,-0.4182199588528174,8.899747185306172,1.646533078383027,3.6015383689563776,0.5564880458896819,0.0,0.0,8.547238782379923,9.027873333585621,3.011370586972456,10.845566712127988
57,0.028640915008227075,-15.113810334647617,0.0055712824625814865,0.0,-15.07959813717681,-15.113810334647617,nan,0.0035288478775298907,0.0020424345850515967,0.030053780947161508,-15.11395612638367,0.0056691624507084655,0.0,-15.0782331829858,-15.11395612638367,nan,0.0,0.004043155527882481,0.0,0.0008330291979958268,0.0,362.0,0.0,,0.00027406663532438707,,,0.2755574289564323,-0.17721289034275717,0.8309260494645747,0.4420422500088655,8.370114793049673,15.037234792103117,1,3.011370586972456,10.845566712127988,inf,-inf,-0.020790688581450598,0.021760898730010657,-0.021868413505849126,0.02248229349449548,inf,-inf,0.842893198281877,0.09100323311413262,0.09100323311413262,0.09100323311413262,784,0.7115959177837146,0.8420335170218481,0.8897718538002284,0.758544921875,1.0,-0.4182199588528174,8.899747185306172,1.646533078383027,3.6015383689563776,0.5564880458896819,0.0,0.0,8.547238782379923,9.027873333585621,3.011370586972456,10.845566712127988
58,0.02860899976505936,-15.11386775112634,0.005496959938157719,0.0,-15.079761791423124,-15.11386775112634,nan,0.003466129366950429,0.002030830571207289,0.030053780947161508,-15.11395612638367,0.0056691624507084655,0.0,-15.0782331829858,-15.11395612638367,nan,0.0,0.00401618235698551,0.0,0.0008141572174921182,0.0,362.0,0.0,,0.0002731935303806403,,,0.2755574289564323,-0.17721289034275717,0.8309260494645747,0.4420422500088655,8.370114793049673,15.037234792103117,1,3.011370586972456,10.845566712127988,inf,-inf,-0.020490583261218227,0.02177418846284223,-0.021866069507129344,0.022633966584656745,inf,-inf,0.8290401048970804,0.09139701627818096,0.09139701627818096,0.09139701627818096,784,0.7115959177837146,0.8420335170218481,0.8897718538002284,0.758544921875,1.0,-0.4182199588528174,8.899747185306172,1.646533078383027,3.6015383689563776,0.5564880458896819,0.0,0.0,8.547238782379923,9.027873333585621,3.011370586972456,10.845566712127988
59,0.028598353620582204,-15.113921075037785,0.005422966161874278,0.0,-15.07989975525533,-15.113921075037785,nan,0.003405482189849572,0.002017483972024698,0.030053780947161508,-15.11395612638367,0.0056691624507084655,0.0,-15.0782331829858,-15.11395612638367,nan,0.0,0.004001432441540272,0.0,0.0008677950716693483,0.0,362.0,0.0,,0.00027230746418436733,,,0.2755574289564323,-0.17721289034275717,0.8309260494645747,0.4420422500088655,8.370114793049673,15.037234792103117,1,3.011370586972456,10.845566712127988,inf,-inf,-0.020452627036637725,0.02188904655760906,-0.02217653417733199,0.022566751798808425,inf,-inf,0.8161790487029128,0.09178392906002693,0.09178392906002693,0.09178392906002693,784,0.7115959177837146,0.8420335170218481,0.8897718538002284,0.758544921875,1.0,-0.4182199588528174,8.899747185306172,1.646533078383027,3.6015383689563776,0.5564880458896819,0.0,0.0,8.547238782379923,9.027873333585621,3.011370586972456,10.845566712127988
60,0.02860848894372534,-15.113972190887324,0.0053479297857387306,0.0,-15.08001577215786,-15.113972190887324,nan,0.0033435985974357043,0.0020043311883030275,0.030053780947161508,-15.114236911191767,0.005303517523697074,0.0,-15.07887961272091,-15.114236911191767,nan,0.0,0.004016049729995083,0.0,0.0008144546585571731,0.0,362.0,0.0,,0.00027140853390271154,,,0.2749585883280799,-0.17101137534686506,0.8275363614421897,0.4467808200991675,8.46771524439147,15.037234792103117,1,3.1643338273921215,10.703645890787065,inf,-inf,-0.020395161912369855,0.022072330687734974,-0.02194075849216169,0.022686133214793486,inf,-inf,0.8032670380363081,0.09225253887735947,0.09225253887735947,0.09225253887735947,784,0.6029822938776597,0.7752152779164608,0.8151269519160128,0.7132568359375,1.0,-0.38586966498550535,9.003704521275036,1.567860637741828,3.3825906097930414,0.5292494389152085,0.0,0.0,8.63811625161194,9.130373696771873,3.1643338273921215,10.703645890787065
61,0.02861922156212465,-15.114015417179665,0.005281822411187928,0.0,-15.080114373206353,-15.114015417179665,nan,0.0032895480469639733,0.001992274364223959,0.030053780947161508,-15.114236911191767,0.005303517523697074,0.0,-15.07887961272091,-15.114236911191767,nan,0.0,0.003989465095963445,0.0,0.0008691064752279007,0.0,362.0,0.0,,0.0002704968381135084,,,0.2749585883280799,-0.17101137534686506,0.8275363614421897,0.4467808200991675,8.46771524439147,15.037234792103117,1,3.1643338273921215,10.703645890787065,inf,-inf,-0.020341734661695036,0.021966687489503617,-0.02197182243827044,0.022586524631167188,inf,-inf,0.7904896318220247,0.0927182808136785,0.0927182808136785,0.0927182808136785,784,0.6029822938776597,0.7752152779164608,0.8151269519160128,0.7132568359375,1.0,-0.38586966498550535,9.003704521275036,1.567860637741828,3.3825906097930414,0.5292494389152085,0.0,0.0,8.63811625161194,9.130373696771873,3.1643338273921215,10.703645890787065
62,0.02860795276416675,-15.114073806561052,0.005234364970957427,0.0,-15.080231488825927,-15.114073806561052,nan,0.0032511266133577383,0.001983238357599689,0.030053780947161508,-15.114236911191767,0.005303517523697074,0.0,-15.07887961272091,-15.114236911191767,nan,0.0,0.00396955329236678,0.0,0.0008228877187992911,0.0,362.0,0.0,,0.00026957247679447504,,,0.2749585883280799,-0.17101137534686506,0.8275363614421897,0.4467808200991675,8.46771524439147,15.037234792103117,1,3.1643338273921215,10.703645890787065,inf,-inf,-0.020205008119575124,0.02194678386307824,-0.02151776341572721,0.022370834161462516,inf,-inf,0.7787901967727788,0.09323358831350435,0.09323358831350435,0.09323358831350435,784,0.6029822938776597,0.7752152779164608,0.8151269519160128,0.7132568359375,1.0,-0.38586966498550535,9.003704521275036,1.567860637741828,3.3825906097930414,0.5292494389152085,0.0,0.0,8.63811625161194,9.130373696771873,3.1643338273921215,10.703645890787065
63,0.028593534752452108,-15.114114057558698,0.005169448751999293,0.0,-15.080351074054246,-15.114114057558698,nan,0.0031966130561218308,0.0019728356958774625,0.030053780947161508,-15.114236911191767,0.005303517523697074,0.0,-15.07887961272091,-15.114236911191767,nan,0.0,0.003958769742583449,0.0,0.000797915572028951,0.0,362.0,0.0,,0.00026863555131224676,,,0.2749585883280799,-0.17101137534686506,0.8275363614421897,0.4467808200991675,8.46771524439147,15.037234792103117,1,3.1643338273921215,10.703645890787065,inf,-inf,-0.020144689429202577,0.021963361520346288,-0.02186848787247672,0.02239854440146699,inf,-inf,0.7668181245633716,0.09378397418590313,0.09378397418590313,0.09378397418590313,784,0.6029822938776597,0.7752152779164608,0.8151269519160128,0.7132568359375,1.0,-0.38586966498550535,9.003704521275036,1.567860637741828,3.3825906097930414,0.5292494389152085,0.0,0.0,8.63811625161194,9.130373696771873,3.1643338273921215,10.703645890787065
64,0.028592590485809196,-15.11414576412913,0.005102554370224833,0.0,-15.080450619273096,-15.11414576412913,nan,0.003144148623406589,0.001958405746818249,0.030053780947161508,-15.114236911191767,0.005303517523697074,0.0,-15.07887961272091,-15.114236911191767,nan,0.0,0.003958228992879788,0.0,0.000818205944831742,0.0,362.0,0.0,,0.00026768616441126075,,,0.2749585883280799,-0.17101137534686506,0.8275363614421897,0.4467808200991675,8.46771524439147,15.037234792103117,1,3.1643338273921215,10.703645890787065,inf,-inf,-0.020023558375904145,0.022129332951941375,-0.021615745092873735,0.022779764245295358,inf,-inf,0.7553645789460581,0.09437038647932006,0.09437038647932006,0.09437038647932006,784,0.6029822938776597,0.7752152779164608,0.8151269519160128,0.7132568359375,1.0,-0.38586966498550535,9.003704521275036,1.567860637741828,3.3825906097930414,0.5292494389152085,0.0,0.0,8.63811625161194,9.130373696771873,3.1643338273921215,10.703645890787065
65,0.028621767972841036,-15.114197253686166,0.005053825922992019,0.0,-15.080521659790334,-15.114197253686166,nan,0.003102233663223032,0.00195159225976899,0.030053780947161508,-15.114479289539853,0.005024157678864041,0.0,-15.079401350913827,-15.114479289539853,nan,0.0,0.003949133282872024,0.0,0.0008057537294108294,0.0,362.0,0.0,,0.0002667244202024894,,,0.27549194351820633,-0.16662016782813194,0.8221388585512385,0.45272410452972356,8.534720526476496,15.037234792103117,1,3.305910661692584,10.510326428172904,inf,-inf,-0.0199489566561524,0.02216489945009023,-0.02162057363612202,0.02255919500188584,inf,-inf,0.7444654376177222,0.09496521168209877,0.09496521168209877,0.09496521168209877,784,0.5165450374840881,0.7175645293090063,0.7521955848641547,0.6822509765625,0.999755859375,-0.3625136520375953,9.069693897687943,1.494188371878307,3.1792530118741174,0.5023250913901923,0.0,0.0,8.69577463821109,9.19271299849811,3.305910661692584,10.510326428172904
66,0.028592227624791054,-15.114236800355279,0.004999802594693209,0.0,-15.080644770135795,-15.114236800355279,nan,0.003060480495259972,0.0019393220994332367,0.030053780947161508,-15.114479289539853,0.005024157678864041,0.0,-15.079401350913827,-15.114479289539853,nan,0.0,0.003954533760405463,0.0,0.0008309351979788053,0.0,362.0,0.0,,0.0002657504241520231,,,0.27549194351820633,-0.16662016782813194,0.8221388585512385,0.45272410452972356,8.534720526476496,15.037234792103117,1,3.305910661692584,10.510326428172904,inf,-inf,-0.01987654214819382,0.022383225041435036,-0.02204474572610006,0.022516164183257012,inf,-inf,0.73390277464155,0.09553227550191394,0.09553227550191394,0.09553227550191394,784,0.5165450374840881,0.7175645293090063,0.7521955848641547,0.6822509765625,0.999755859375,-0.3625136520375953,9.069693897687943,1.494188371878307,3.1792530118741174,0.5023250913901923,0.0,0.0,8.69577463821109,9.19271299849811,3.305910661692584,10.510326428172904
67,0.028606395312527844,-15.114280606149684,0.0049539016514024556,0.0,-15.080720309185754,-15.114280606149684,nan,0.0030248986657766233,0.0019290029856258322,0.030053780947161508,-15.114479289539853,0.005024157678864041,0.0,-15.079401350913827,-15.114479289539853,nan,0.0,0.003905893509773309,0.0,0.0008230724465598952,0.0,362.0,0.0,,0.00026476428306950465,,,0.27549194351820633,-0.16662016782813194,0.8221388585512385,0.45272410452972356,8.534720526476496,15.037234792103117,1,3.305910661692584,10.510326428172904,inf,-inf,-0.019758473407007402,0.022591044711902184,-0.021642601572750126,0.02250164056124058,inf,-inf,0.7236435917651632,0.09618746769734254,0.09618746769734254,0.09618746769734254,784,0.5165450374840881,0.7175645293090063,0.7521955848641547,0.6822509765625,0.999755859375,-0.3625136520375953,9.069693897687943,1.494188371878307,3.1792530118741174,0.5023250913901923,0.0,0.0,8.69577463821109,9.19271299849811,3.305910661692584,10.510326428172904
68,0.028600152965695586,-15.1142987710538,0.004900824455701796,0.0,-15.080797793632403,-15.1142987710538,nan,0.0029812296202986906,0.0019195948354031008,0.030053780947161508,-15.114479289539853,0.005024157678864041,0.0,-15.079401350913827,-15.114479289539853,nan,0.0,0.003932660997782569,0.0,0.0008166785010042944,0.0,362.0,0.0,,0.0002637661050964166,,,0.27549194351820633,-0.16662016782813194,0.8221388585512385,0.45272410452972356,8.534720526476496,15.037234792103117,1,3.305910661692584,10.510326428172904,inf,-inf,-0.019672592211705104,0.022348809331084515,-0.021797970314671424,0.022378699483470495,inf,-inf,0.7137306868230601,0.09686562620250087,0.09686562620250087,0.09686562620250087,784,0.5165450374840881,0.7175645293090063,0.7521955848641547,0.6822509765625,0.999755859375,-0.3625136520375953,9.069693897687943,1.494188371878307,3.1792530118741174,0.5023250913901923,0.0,0.0,8.69577463821109,9.19271299849811,3.305910661692584,10.510326428172904
69,0.028612587206932688,-15.11433818452152,0.00485583817822308,0.0,-15.080869759136364,-15.11433818452152,nan,0.002947027347516862,0.0019088108307062156,0.030053780947161508,-15.114479289539853,0.005024157678864041,0.0,-15.079401350913827,-15.114479289539853,nan,0.0,0.00392571901324579,0.0,0.0008452763845690718,0.0,362.0,0.0,,0.00026275599969422214,,,0.27549194351820633,-0.16662016782813194,0.8221388585512385,0.45272410452972356,8.534720526476496,15.037234792103117,1,3.305910661692584,10.510326428172904,inf,-inf,-0.019657634626041625,0.022382935283648635,-0.021729593337201595,0.022704253236401264,inf,-inf,0.7042017201377365,0.09761050150576774,0.09761050150576774,0.09761050150576774,784,0.5165450374840881,0.7175645293090063,0.7521955848641547,0.6822509765625,0.999755859375,-0.3625136520375953,9.069693897687943,1.494188371878307,3.1792530118741174,0.5023250913901923,0.0,0.0,8.69577463821109,9.19271299849811,3.305910661692584,10.510326428172904
70,0.02861201330855484,-15.114365841648263,0.004812827603068158,0.0,-15.08094100073664,-15.114365841648263,nan,0.002912152628795025,0.0019006749742731335,0.030053780947161508,-15.11465518288532,0.004795388386645571,0.0,-15.079806013551513,-15.11465518288532,nan,0.0,0.003923067216568253,0.0,0.0008393647012384612,0.0,362.0,0.0,,0.00026173407763236143,,,0.276059615328432,-0.16280302209651595,0.8164214013170666,0.4588471768307687,8.594835038984844,15.037234792103117,1,3.456495157626521,10.375560275193072,inf,-inf,-0.019498234123528246,0.022584087206909964,-0.021874144777429317,0.022398662184167775,inf,-inf,0.6946791086844685,0.09833642670804597,0.09833642670804597,0.09833642670804597,784,0.44811871619995547,0.6683661235306844,0.6998595576521051,0.657958984375,0.991943359375,-0.3446331327437426,9.129448599773468,1.4331733338996258,3.001757503493128,0.47737560491303954,0.0,0.0,8.746336016647138,9.245886067679276,3.456495157626521,10.375560275193072
71,0.028625765605754146,-15.11440520995391,0.00477731806220708,0.0,-15.081002126285949,-15.11440520995391,nan,0.002885446964195132,0.0018918710980119471,0.030053780947161508,-15.11465518288532,0.004795388386645571,0.0,-15.079806013551513,-15.11465518288532,nan,0.0,0.003944326177333978,0.0,0.0008124860845060352,0.0,362.0,0.0,,0.00026070045097610465,,,0.276059615328432,-0.16280302209651595,0.8164214013170666,0.4588471768307687,8.594835038984844,15.037234792103117,1,3.456495157626521,10.375560275193072,inf,-inf,-0.01948775582814117,0.0225202504786912,-0.02150445138284866,0.022298005898632584,inf,-inf,0.6857616748618682,0.09910332709564228,0.09910332709564228,0.09910332709564228,784,0.44811871619995547,0.6683661235306844,0.6998595576521051,0.657958984375,0.991943359375,-0.3446331327437426,9.129448599773468,1.4331733338996258,3.001757503493128,0.47737560491303954,0.0,0.0,8.746336016647138,9.245886067679276,3.456495157626521,10.375560275193072
72,0.028604782704673253,-15.11443125246814,0.0047389583374295875,0.0,-15.081087511426036,-15.11443125246814,nan,0.0028553451536617994,0.00188361318376779,0.030053780947161508,-15.11465518288532,0.004795388386645571,0.0,-15.079806013551513,-15.11465518288532,nan,0.0,0.003923309913439,0.0,0.0008663716050797383,0.0,362.0,0.0,,0.0002596552330742625,,,0.276059615328432,-0.16280302209651595,0.8164214013170666,0.4588471768307687,8.594835038984844,15.037234792103117,1,3.456495157626521,10.375560275193072,inf,-inf,-0.019392417137769687,0.022237543259935624,-0.021659748272472426,0.022514175696560987,inf,-inf,0.6769981212867967,0.09987856693279039,0.09987856693279039,0.09987856693279039,784,0.44811871619995547,0.6683661235306844,0.6998595576521051,0.657958984375,0.991943359375,-0.3446331327437426,9.129448599773468,1.4331733338996258,3.001757503493128,0.47737560491303954,0.0,0.0,8.746336016647138,9.245886067679276,3.456495157626521,10.375560275193072
73,0.02859525927644099,-15.114449722975454,0.004685517888933424,0.0,-15.081168945810079,-15.114449722975454,nan,0.0028138021944026812,0.0018717156945307414,0.030053780947161508,-15.11465518288532,0.004795388386645571,0.0,-15.079806013551513,-15.11465518288532,nan,0.0,0.003939388937269961,0.0,0.0008140306483760181,0.0,362.0,0.0,,0.00025859853854675647,,,0.276059615328432,-0.16280302209651595,0.8164214013170666,0.4588471768307687,8.594835038984844,15.037234792103117,1,3.456495157626521,10.375560275193072,inf,-inf,-0.019419671450857722,0.022516491497641886,-0.021665315254334686,0.02255218060515008,inf,-inf,0.6686903735022087,0.10074611738118934,0.10074611738118934,0.10074611738118934,784,0.44811871619995547,0.6683661235306844,0.6998595576521051,0.657958984375,0.991943359375,-0.3446331327437426,9.129448599773468,1.4331733338996258,3.001757503493128,0.47737560491303954,0.0,0.0,8.746336016647138,9.245886067679276,3.456495157626521,10.375560275193072
74,0.0286216377308455,-15.114483881273614,0.004657641322864342,0.0,-15.081204602219904,-15.114483881273614,nan,0.002793003033740479,0.0018646382891238642,0.030053780947161508,-15.11465518288532,0.004795388386645571,0.0,-15.079806013551513,-15.11465518288532,nan,0.0,0.0039099068134395044,0.0,0.0008483308557357199,0.0,362.0,0.0,,0.0002575304832720494,,,0.276059615328432,-0.16280302209651595,0.8164214013170666,0.4588471768307687,8.594835038984844,15.037234792103117,1,3.456495157626521,10.375560275193072,inf,-inf,-0.019467415959627473,0.022637202142131167,-0.021637876299991757,0.022614865446595807,inf,-inf,0.660617998660425,0.10161062677787105,0.10161062677787105,0.10161062677787105,784,0.44811871619995547,0.6683661235306844,0.6998595576521051,0.657958984375,0.991943359375,-0.3446331327437426,9.129448599773468,1.4331733338996258,3.001757503493128,0.47737560491303954,0.0,0.0,8.746336016647138,9.245886067679276,3.456495157626521,10.375560275193072
75,0.02861581728772593,-15.114508139171097,0.0046275873174174255,0.0,-15.081264734565954,-15.114508139171097,nan,0.002773598557837936,0.0018539887595794909,0.030053780947161508,-15.114773978077102,0.004584248781962297,0.0,-15.080135948347978,-15.114773978077102,nan,0.0,0.003926225644437951,0.0,0.0008950609096915744,0.0,362.0,0.0,,0.000256451184374438,,,0.27619883867000844,-0.15900279634158576,0.8114777977327519,0.46460444042405447,8.658489082552169,15.037234792103117,1,3.5951770073173037,10.301197206896717,inf,-inf,-0.0193299000775813,0.022994905482096838,-0.02188332266710136,0.02237912561096954,inf,-inf,0.652711230321714,0.10244590925758906,0.10244590925758906,0.10244590925758906,784,0.3941094763233055,0.6267849346687249,0.6561745076500667,0.638427734375,0.9744873046875,-0.329953044737981,9.188262569867536,1.386031585352044,2.8652823451892844,0.4571674238307941,0.0,0.0,8.802337050705333,9.293388145072752,3.5951770073173037,10.301197206896717
76,0.02862814295625718,-15.114535371725607,0.004591255704258891,0.0,-15.08131597306509,-15.114535371725607,nan,0.002743378150250454,0.001847877554008433,0.030053780947161508,-15.114773978077102,0.004584248781962297,0.0,-15.080135948347978,-15.114773978077102,nan,0.0,0.003918944451411568,0.0,0.0008720605205066496,0.0,362.0,0.0,,0.000255360760211209,,,0.27619883867000844,-0.15900279634158576,0.8114777977327519,0.46460444042405447,8.658489082552169,15.037234792103117,1,3.5951770073173037,10.301197206896717,inf,-inf,-0.019310495789353253,0.022627797701181927,-0.021769866323149024,0.022172828700654342,inf,-inf,0.6453084760923746,0.10335824051053055,0.10335824051053055,0.10335824051053055,784,0.3941094763233055,0.6267849346687249,0.6561745076500667,0.638427734375,0.9744873046875,-0.329953044737981,9.188262569867536,1.386031585352044,2.8652823451892844,0.4571674238307941,0.0,0.0,8.802337050705333,9.293388145072752,3.5951770073173037,10.301197206896717
77,0.02861825804013024,-15.114554527084115,0.004557664640267331,0.0,-15.081378604403719,-15.114554527084115,nan,0.002722657179453946,0.0018350074608133834,0.030053780947161508,-15.114773978077102,0.004584248781962297,0.0,-15.080135948347978,-15.114773978077102,nan,0.0,0.003928776830904615,0.0,0.0008147791915347007,0.0,362.0,0.0,,0.0002542593303596599,,,0.27619883867000844,-0.15900279634158576,0.8114777977327519,0.46460444042405447,8.658489082552169,15.037234792103117,1,3.5951770073173037,10.301197206896717,inf,-inf,-0.01945454691080844,0.022889816161030623,-0.02164785022515479,0.022443334136264224,inf,-inf,0.6380395389412513,0.10426943448680774,0.10426943448680774,0.10426943448680774,784,0.3941094763233055,0.6267849346687249,0.6561745076500667,0.638427734375,0.9744873046875,-0.329953044737981,9.188262569867536,1.386031585352044,2.8652823451892844,0.4571674238307941,0.0,0.0,8.802337050705333,9.293388145072752,3.5951770073173037,10.301197206896717
78,0.028595810431793788,-15.114564402727588,0.004521506798769035,0.0,-15.081447085497025,-15.114564402727588,nan,0.0026936435217133825,0.0018278632770556517,0.030053780947161508,-15.114773978077102,0.004584248781962297,0.0,-15.080135948347978,-15.114773978077102,nan,0.0,0.003923127967153165,0.0,0.0007913510535388691,0.0,362.0,0.0,,0.0002531470156039858,,,0.27619883867000844,-0.15900279634158576,0.8114777977327519,0.46460444042405447,8.658489082552169,15.037234792103117,1,3.5951770073173037,10.301197206896717,inf,-inf,-0.019316388986625552,0.022990795763640385,-0.021642446965003777,0.02240504013121755,inf,-inf,0.6309820746889594,0.10523582212064733,0.10523582212064733,0.10523582212064733,784,0.3941094763233055,0.6267849346687249,0.6561745076500667,0.638427734375,0.9744873046875,-0.329953044737981,9.188262569867536,1.386031585352044,2.8652823451892844,0.4571674238307941,0.0,0.0,8.802337050705333,9.293388145072752,3.5951770073173037,10.301197206896717
79,0.028583536266093033,-15.114594218173163,0.004496458685195751,0.0,-15.081514223221875,-15.114594218173163,nan,0.0026757586576910057,0.0018207000275047497,0.030053780947161508,-15.114773978077102,0.004584248781962297,0.0,-15.080135948347978,-15.114773978077102,nan,0.0,0.003945583677612042,0.0,0.0007849736793651122,0.0,362.0,0.0,,0.0002520239379220344,,,0.27619883867000844,-0.15900279634158576,0.8114777977327519,0.46460444042405447,8.658489082552169,15.037234792103117,1,3.5951770073173037,10.301197206896717,inf,-inf,-0.01929503505452785,0.022869590951920066,-0.021863791385786435,0.02220817433066991,inf,-inf,0.6241877921147775,0.10619718249966252,0.10619718249966252,0.10619718249966252,784,0.3941094763233055,0.6267849346687249,0.6561745076500667,0.638427734375,0.9744873046875,-0.329953044737981,9.188262569867536,1.386031585352044,2.8652823451892844,0.4571674238307941,0.0,0.0,8.802337050705333,9.293388145072752,3.5951770073173037,10.301197206896717
80,0.028616777887894844,-15.114613256925946,0.004469537946885201,0.0,-15.081526941091166,-15.114613256925946,nan,0.002657015943299667,0.001812522003585534,0.030053780947161508,-15.114902045156862,0.004455812731299542,0.0,-15.080392451478401,-15.114902045156862,nan,0.0,0.003961298274210579,0.0,0.0008402926716134706,0.0,362.0,0.0,,0.0002508902204719295,,,0.2772098601083194,-0.1575116432094269,0.8077833282035647,0.4697448350329174,8.679179302373262,15.037234792103117,1,3.706083751490515,10.233492082400367,inf,-inf,-0.019315941924066896,0.022993179425015983,-0.021514434674003702,0.022326991368303538,inf,-inf,0.6176696926037617,0.10717835291268275,0.10717835291268275,0.10717835291268275,784,0.35123817143160596,0.5916791039801308,0.6197655913534549,0.6116943359375,0.9580078125,-0.3228304860319866,9.203806848022907,1.344320223118301,2.7612684355243333,0.44110862844300847,0.0,0.0,8.81693337061979,9.307796436272103,3.706083751490515,10.233492082400367
81,0.0285825107876792,-15.114636799250073,0.004447407556309628,0.0,-15.081606880906085,-15.114636799250073,nan,0.002644330859223506,0.0018030766970861263,0.030053780947161508,-15.114902045156862,0.004455812731299542,0.0,-15.080392451478401,-15.114902045156862,nan,0.0,0.0039381579904572825,0.0,0.0008293924477389817,0.0,362.0,0.0,,0.0002497459875785653,,,0.2772098601083194,-0.1575116432094269,0.8077833282035647,0.4697448350329174,8.679179302373262,15.037234792103117,1,3.706083751490515,10.233492082400367,inf,-inf,-0.01924273570648427,0.02300895250038674,-0.021537371387875152,0.022149400125833055,inf,-inf,0.6113890688542795,0.10821384436788721,0.10821384436788721,0.10821384436788721,784,0.35123817143160596,0.5916791039801308,0.6197655913534549,0.6116943359375,0.9580078125,-0.3228304860319866,9.203806848022907,1.344320223118301,2.7612684355243333,0.44110862844300847,0.0,0.0,8.81693337061979,9.307796436272103,3.706083751490515,10.233492082400367
82,0.028599712341999785,-15.114641488609779,0.004411760669588685,0.0,-15.08163001559819,-15.114641488609779,nan,0.0026189101891739685,0.0017928504804147181,0.030053780947161508,-15.114902045156862,0.004455812731299542,0.0,-15.080392451478401,-15.114902045156862,nan,0.0,0.003955109146962741,0.0,0.0008113664350420192,0.0,362.0,0.0,,0.00024859136471997286,,,0.2772098601083194,-0.1575116432094269,0.8077833282035647,0.4697448350329174,8.679179302373262,15.037234792103117,1,3.706083751490515,10.233492082400367,inf,-inf,-0.019178052883988012,0.02313060234006719,-0.02177724196127166,0.022294518780484312,inf,-inf,0.6052379179116787,0.1092448220602244,0.1092448220602244,0.1092448220602244,784,0.35123817143160596,0.5916791039801308,0.6197655913534549,0.6116943359375,0.9580078125,-0.3228304860319866,9.203806848022907,1.344320223118301,2.7612684355243333,0.44110862844300847,0.0,0.0,8.81693337061979,9.307796436272103,3.706083751490515,10.233492082400367
83,0.028599687692641613,-15.1146619005869,0.0043898509718770466,0.0,-15.08167236192238,-15.1146619005869,nan,0.002606459872941569,0.0017833910989354812,0.030053780947161508,-15.114902045156862,0.004455812731299542,0.0,-15.080392451478401,-15.114902045156862,nan,0.0,0.003950831009888849,0.0,0.0008010373853239911,0.0,362.0,0.0,,0.00024742647851356,,,0.2772098601083194,-0.1575116432094269,0.8077833282035647,0.4697448350329174,8.679179302373262,15.037234792103117,1,3.706083751490515,10.233492082400367,inf,-inf,-0.01923246241260769,0.02306283775753967,-0.021661918837599534,0.022095313499945608,inf,-inf,0.5992975172781574,0.1103055250939164,0.1103055250939164,0.1103055250939164,784,0.35123817143160596,0.5916791039801308,0.6197655913534549,0.6116943359375,0.9580078125,-0.3228304860319866,9.203806848022907,1.344320223118301,2.7612684355243333,0.44110862844300847,0.0,0.0,8.81693337061979,9.307796436272103,3.706083751490515,10.233492082400367
84,0.028606940193082846,-15.114679169296437,0.0043632238728357085,0.0,-15.081709005230518,-15.114679169296437,nan,0.0025873191073479914,0.0017759047654877184,0.030053780947161508,-15.114902045156862,0.004455812731299542,0.0,-15.080392451478401,-15.114902045156862,nan,0.0,0.003952569136995989,0.0,0.0008375378407860483,0.0,362.0,0.0,,0.00024625145670222645,,,0.2772098601083194,-0.1575116432094269,0.8077833282035647,0.4697448350329174,8.679179302373262,15.037234792103117,1,3.706083751490515,10.233492082400367,inf,-inf,-0.01914789538827294,0.023150629120748466,-0.021641795916806175,0.0222474461047474,inf,-inf,0.5936678284294685,0.11138969935816531,0.11138969935816531,0.11138969935816531,784,0.35123817143160596,0.5916791039801308,0.6197655913534549,0.6116943359375,0.9580078125,-0.3228304860319866,9.203806848022907,1.344320223118301,2.7612684355243333,0.44110862844300847,0.0,0.0,8.81693337061979,9.307796436272103,3.706083751490515,10.233492082400367
85,0.02863465674207403,-15.114679976279817,0.004335826410897759,0.0,-15.081709493126844,-15.114679976279817,nan,0.0025664591033129356,0.0017693673075848194,0.030053780947161508,-15.115009969349863,0.004354418667988171,0.0,-15.080601769734713,-15.115009969349863,nan,0.0,0.003955634486825347,0.0,0.0008582736911357712,0.0,362.0,0.0,,0.00024506642814035504,,,0.2780464438167392,-0.1564456008955659,0.8053138858799083,0.47407976606333185,8.693571542787483,15.037234792103117,1,3.8115073786850155,10.169068393100254,inf,-inf,-0.019185544587257634,0.023268980885023847,-0.021605108514855313,0.02220135434091832,inf,-inf,0.5880955470537026,0.112454782054055,0.112454782054055,0.112454782054055,784,0.3168861592974036,0.5619594523004487,0.5892250621736516,0.587158203125,0.935791015625,-0.31814878282113646,9.205755904256876,1.3115940148932237,2.667991265074927,0.4261844033794555,0.0,0.0,8.827343437785563,9.316888752403532,3.8115073786850155,10.169068393100254
86,0.028594232544615232,-15.114716869850659,0.0043232391828112,0.0,-15.081799398123232,-15.114716869850659,nan,0.0025634883627251377,0.0017597508200860599,0.030053780947161508,-15.115009969349863,0.004354418667988171,0.0,-15.080601769734713,-15.115009969349863,nan,0.0,0.003941496762810112,0.0,0.0007967183151469963,0.0,362.0,0.0,,0.00024387152277968163,,,0.2780464438167392,-0.1564456008955659,0.8053138858799083,0.47407976606333185,8.693571542787483,15.037234792103117,1,3.8115073786850155,10.169068393100254,inf,-inf,-0.019131079951195923,0.023010659706765465,-0.02152880449010082,0.022241144237402536,inf,-inf,0.5827858404513164,0.11360168330614005,0.11360168330614005,0.11360168330614005,784,0.3168861592974036,0.5619594523004487,0.5892250621736516,0.587158203125,0.935791015625,-0.31814878282113646,9.205755904256876,1.3115940148932237,2.667991265074927,0.4261844033794555,0.0,0.0,8.827343437785563,9.316888752403532,3.8115073786850155,10.169068393100254
87,0.028620755523561303,-15.1147190769005,0.004297136241863652,0.0,-15.081801185135074,-15.1147190769005,nan,0.0025448366591832813,0.0017522995826803642,0.030053780947161508,-15.115009969349863,0.004354418667988171,0.0,-15.080601769734713,-15.115009969349863,nan,0.0,0.00397520369726709,0.0,0.0008357607958115531,0.0,362.0,0.0,,0.0002426668716550444,,,0.2780464438167392,-0.1564456008955659,0.8053138858799083,0.47407976606333185,8.693571542787483,15.037234792103117,1,3.8115073786850155,10.169068393100254,inf,-inf,-0.019165271569808916,0.023422556351190584,-0.02170187934344751,0.02208316891089729,inf,-inf,0.5777260403531939,0.11472469197068878,0.11472469197068878,0.11472469197068878,784,0.3168861592974036,0.5619594523004487,0.5892250621736516,0.587158203125,0.935791015625,-0.31814878282113646,9.205755904256876,1.3115940148932237,2.667991265074927,0.4261844033794555,0.0,0.0,8.827343437785563,9.316888752403532,3.8115073786850155,10.169068393100254
88,0.028614907682919036,-15.114730169437664,0.004274472166547611,0.0,-15.081840789588197,-15.114730169437664,nan,0.0025298655837963286,0.0017446065827512785,0.030053780947161508,-15.115009969349863,0.004354418667988171,0.0,-15.080601769734713,-15.115009969349863,nan,0.0,0.003964475744426143,0.0,0.000860294125055057,0.0,362.0,0.0,,0.0002414526068700143,,,0.2780464438167392,-0.1564456008955659,0.8053138858799083,0.47407976606333185,8.693571542787483,15.037234792103117,1,3.8115073786850155,10.169068393100254,inf,-inf,-0.01906792157149395,0.023219948119553493,-0.021840938110966265,0.022132528954791758,inf,-inf,0.5726688293993597,0.11585520537173487,0.11585520537173487,0.11585520537173487,784,0.3168861592974036,0.5619594523004487,0.5892250621736516,0.587158203125,0.935791015625,-0.31814878282113646,9.205755904256876,1.3115940148932237,2.667991265074927,0.4261844033794555,0.0,0.0,8.827343437785563,9.316888752403532,3.8115073786850155,10.169068393100254
89,0.028614828932080522,-15.114740675862427,0.00425078906456946,0.0,-15.081875057865776,-15.114740675862427,nan,0.0025155829328683513,0.0017352061317011073,0.030053780947161508,-15.115009969349863,0.004354418667988171,0.0,-15.080601769734713,-15.115009969349863,nan,0.0,0.003981384702267391,0.0,0.0007964020188101938,0.0,362.0,0.0,,0.0002402288615824086,,,0.2780464438167392,-0.1564456008955659,0.8053138858799083,0.47407976606333185,8.693571542787483,15.037234792103117,1,3.8115073786850155,10.169068393100254,inf,-inf,-0.019199679382485662,0.023365188092462644,-0.021657769197327443,0.022160080813159615,inf,-inf,0.5681469952032537,0.11701066776938744,0.11701066776938744,0.11701066776938744,784,0.3168861592974036,0.5619594523004487,0.5892250621736516,0.587158203125,0.935791015625,-0.31814878282113646,9.205755904256876,1.3115940148932237,2.667991265074927,0.4261844033794555,0.0,0.0,8.827343437785563,9.316888752403532,3.8115073786850155,10.169068393100254
90,0.02860834632727394,-15.114770970921692,0.004245392758370909,0.0,-15.081917231836046,-15.114770970921692,nan,0.002515600615723316,0.0017297921426475934,0.030053780947161508,-15.115041651322326,0.004218595063914157,0.0,-15.08076927531125,-15.115041651322326,nan,0.0,0.003963966252190725,0.0,0.000863959838707719,0.0,362.0,0.0,,0.00023899576998968842,,,0.27771259665848375,-0.15390889939883937,0.8038915400207626,0.47797576992605206,8.739254275944944,15.037234792103117,1,3.9065860905926115,10.185172479021997,inf,-inf,-0.019077723542209764,0.023205205081036774,-0.021602097104771695,0.02192001500429273,inf,-inf,0.5633238694736498,0.11817328840176286,0.11817328840176286,0.11817328840176286,784,0.2893002003267974,0.536895647715889,0.5638241438602984,0.567626953125,0.91796875,-0.31110482915976506,9.231221162436507,1.2918052769824744,2.6071798349839903,0.41617098845545863,0.0,0.0,8.871330204764643,9.355343774220339,3.9065860905926115,10.185172479021997
91,0.028592959254579258,-15.11477236855628,0.004218680753757369,0.0,-15.081960728547942,-15.11477236855628,nan,0.0024988881655534775,0.0017197925882038924,0.030053780947161508,-15.115041651322326,0.004218595063914157,0.0,-15.08076927531125,-15.115041651322326,nan,0.0,0.0039921199972197405,0.0,0.0008371391388280531,0.0,362.0,0.0,,0.00023775346731424264,,,0.27771259665848375,-0.15390889939883937,0.8038915400207626,0.47797576992605206,8.739254275944944,15.037234792103117,1,3.9065860905926115,10.185172479021997,inf,-inf,-0.01900129939334527,0.023469330357468784,-0.021690728274367455,0.0221030126886685,inf,-inf,0.5587363551203935,0.11937609133719394,0.11937609133719394,0.11937609133719394,784,0.2893002003267974,0.536895647715889,0.5638241438602984,0.567626953125,0.91796875,-0.31110482915976506,9.231221162436507,1.2918052769824744,2.6071798349839903,0.41617098845545863,0.0,0.0,8.871330204764643,9.355343774220339,3.9065860905926115,10.185172479021997
92,0.028627292737284822,-15.11478304791531,0.004199218382795902,0.0,-15.081956536795229,-15.11478304791531,nan,0.002485763525819767,0.0017134548569761332,0.030053780947161508,-15.115041651322326,0.004218595063914157,0.0,-15.08076927531125,-15.115041651322326,nan,0.0,0.003977179591695083,0.0,0.0008458961898516915,0.0,362.0,0.0,,0.00023650208978855897,,,0.27771259665848375,-0.15390889939883937,0.8038915400207626,0.47797576992605206,8.739254275944944,15.037234792103117,1,3.9065860905926115,10.185172479021997,inf,-inf,-0.018968825702049844,0.023568335761883198,-0.021601173958409634,0.022107259419423098,inf,-inf,0.5544187006599954,0.12055118737509112,0.12055118737509112,0.12055118737509112,784,0.2893002003267974,0.536895647715889,0.5638241438602984,0.567626953125,0.91796875,-0.31110482915976506,9.231221162436507,1.2918052769824744,2.6071798349839903,0.41617098845545863,0.0,0.0,8.871330204764643,9.355343774220339,3.9065860905926115,10.185172479021997
93,0.028585047865780568,-15.114791868392984,0.004179830346133816,0.0,-15.08202699018107,-15.114791868392984,nan,0.0024735855541767318,0.0017062447919570839,0.030053780947161508,-15.115041651322326,0.004218595063914157,0.0,-15.08076927531125,-15.115041651322326,nan,0.0,0.004000499304391898,0.0,0.0008177395635589942,0.0,362.0,0.0,,0.00023524177464028488,,,0.27771259665848375,-0.15390889939883937,0.8038915400207626,0.47797576992605206,8.739254275944944,15.037234792103117,1,3.9065860905926115,10.185172479021997,inf,-inf,-0.01902791900720435,0.023683102906711634,-0.02155441162576736,0.02202220090566689,inf,-inf,0.5502238222672251,0.12174357504620335,0.12174357504620335,0.12174357504620335,784,0.2893002003267974,0.536895647715889,0.5638241438602984,0.567626953125,0.91796875,-0.31110482915976506,9.231221162436507,1.2918052769824744,2.6071798349839903,0.41617098845545863,0.0,0.0,8.871330204764643,9.355343774220339,3.9065860905926115,10.185172479021997
94,0.028581543562692872,-15.114805645738992,0.004172706480525365,0.0,-15.082051395695773,-15.114805645738992,nan,0.002475130941800723,0.0016975755387246348,0.030053780947161508,-15.115041651322326,0.004218595063914157,0.0,-15.08076927531125,-15.115041651322326,nan,0.0,0.004022863851888027,0.0,0.0009205919810647201,0.0,362.0,0.0,,0.0002339726600771789,,,0.27771259665848375,-0.15390889939883937,0.8038915400207626,0.47797576992605206,8.739254275944944,15.037234792103117,1,3.9065860905926115,10.185172479021997,inf,-inf,-0.01899213151315267,0.02337991692058026,-0.02175538727757643,0.02193867272037791,inf,-inf,0.546242798171466,0.12296398461370628,0.12296398461370628,0.12296398461370628,784,0.2893002003267974,0.536895647715889,0.5638241438602984,0.567626953125,0.91796875,-0.31110482915976506,9.231221162436507,1.2918052769824744,2.6071798349839903,0.41617098845545863,0.0,0.0,8.871330204764643,9.355343774220339,3.9065860905926115,10.185172479021997
95,0.02858029171020861,-15.114807406736546,0.004151614940718044,0.0,-15.08207550008562,-15.114807406736546,nan,0.002458352824777199,0.0016932621159408447,0.030053780947161508,-15.115087694260552,0.004126079540170746,0.0,-15.08090783377322,-15.115087694260552,nan,0.0,0.003995137182102622,0.0,0.000856683522695972,0.0,362.0,0.0,,0.0002326948852719545,,,0.2777555796137899,-0.15256329005650884,0.8034780762877101,0.48115771075993274,8.762452367501691,15.037234792103117,1,4.00084110090161,10.186418318227803,inf,-inf,-0.018966562716190277,0.023588294401266106,-0.021652188383880368,0.02201178326748353,inf,-inf,0.5423285108208525,0.12420930039164096,0.12420930039164096,0.12420930039164096,784,0.26679396013284407,0.5155439865825432,0.5422978362370219,0.552734375,0.9027099609375,-0.30734682904873284,9.240655459856654,1.2753883437776083,2.54606920428113,0.4058702039637303,0.0,0.0,8.893851093292147,9.377858702324605,4.00084110090161,10.186418318227803
96,0.028595942212778776,-15.114811555808718,0.004129823106848256,0.0,-15.082085790489092,-15.114811555808718,nan,0.0024474235237963507,0.0016823995830519086,0.030053780947161508,-15.115087694260552,0.004126079540170746,0.0,-15.08090783377322,-15.115087694260552,nan,0.0,0.0040397502888213244,0.0,0.0008710402607415491,0.0,362.0,0.0,,0.00023140859034701826,,,0.2777555796137899,-0.15256329005650884,0.8034780762877101,0.48115771075993274,8.762452367501691,15.037234792103117,1,4.00084110090161,10.186418318227803,inf,-inf,-0.018987576263215733,0.0237109400977814,-0.02166195809814703,0.02193082987025809,inf,-inf,0.5385373937635303,0.1254253359618464,0.1254253359618464,0.1254253359618464,784,0.26679396013284407,0.5155439865825432,0.5422978362370219,0.552734375,0.9027099609375,-0.30734682904873284,9.240655459856654,1.2753883437776083,2.54606920428113,0.4058702039637303,0.0,0.0,8.893851093292147,9.377858702324605,4.00084110090161,10.186418318227803
97,0.028621726113609382,-15.114834858533886,0.004126028560894341,0.0,-15.082087103859383,-15.114834858533886,nan,0.002446549610523115,0.0016794789503712234,0.030053780947161508,-15.115087694260552,0.004126079540170746,0.0,-15.08090783377322,-15.115087694260552,nan,0.0,0.004021977769967637,0.0,0.0008347271643145361,0.0,362.0,0.0,,0.00023011391635910388,,,0.2777555796137899,-0.15256329005650884,0.8034780762877101,0.48115771075993274,8.762452367501691,15.037234792103117,1,4.00084110090161,10.186418318227803,inf,-inf,-0.018914046157514637,0.023633403552377592,-0.0215406308267137,0.021890929042020727,inf,-inf,0.5348993308902671,0.12664070054376508,0.12664070054376508,0.12664070054376508,784,0.26679396013284407,0.5155439865825432,0.5422978362370219,0.552734375,0.9027099609375,-0.30734682904873284,9.240655459856654,1.2753883437776083,2.54606920428113,0.4058702039637303,0.0,0.0,8.893851093292147,9.377858702324605,4.00084110090161,10.186418318227803
98,0.02859786741336502,-15.114824463097328,0.004102747853716632,0.0,-15.082123847830246,-15.114824463097328,nan,0.0024336033545416837,0.0016691444991749499,0.030053780947161508,-15.115087694260552,0.004126079540170746,0.0,-15.08090783377322,-15.115087694260552,nan,0.0,0.00402220425462753,0.0,0.0008579199069215914,0.0,362.0,0.0,,0.00022881100528380385,,,0.2777555796137899,-0.15256329005650884,0.8034780762877101,0.48115771075993274,8.762452367501691,15.037234792103117,1,4.00084110090161,10.186418318227803,inf,-inf,-0.018881477660726197,0.023755670958710295,-0.02172066003633507,0.021893543211294556,inf,-inf,0.5313388645761302,0.12787524289377927,0.12787524289377927,0.12787524289377927,784,0.26679396013284407,0.5155439865825432,0.5422978362370219,0.552734375,0.9027099609375,-0.30734682904873284,9.240655459856654,1.2753883437776083,2.54606920428113,0.4058702039637303,0.0,0.0,8.893851093292147,9.377858702324605,4.00084110090161,10.186418318227803
99,0.028607868076118974,-15.114840053223833,0.0040970517710324245,0.0,-15.082135133376683,-15.114840053223833,nan,0.002432072212516461,0.0016649795585159644,0.030053780947161508,-15.115087694260552,0.004126079540170746,0.0,-15.08090783377322,-15.115087694260552,nan,0.0,0.004019333678252,0.0,0.0009097026026487688,0.0,362.0,0.0,,0.0002275,,,0.2777555796137899,-0.15256329005650884,0.8034780762877101,0.48115771075993274,8.762452367501691,15.037234792103117,1,4.00084110090161,10.186418318227803,inf,-inf,-0.01888300001362582,0.02366833708823942,-0.021471708261101695,0.02200163834285119,inf,-inf,0.5279459609609698,0.1291326184911081,0.1291326184911081,0.1291326184911081,784,0.26679396013284407,0.5155439865825432,0.5422978362370219,0.552734375,0.9027099609375,-0.30734682904873284,9.240655459856654,1.2753883437776083,2.54606920428113,0.4058702039637303,0.0,0.0,8.893851093292147,9.377858702324605,4.00084110090161,10.186418318227803
100,0.028615534170997405,-15.114839868568207,0.004077972238056028,0.0,-15.082146362159154,-15.114839868568207,nan,0.0024214498236565106,0.001656522414399515,0.030053780947161508,-15.115153288472554,0.004085735121787466,0.0,-15.081013772403605,-15.115153288472554,nan,0.0,0.0040462768720278845,0.0,0.0008547224383275358,0.0,362.0,0.0,,0.00022618104427419542,,,0.2782475589754368,-0.1524330663834971,0.8032937147767109,0.4834746639506765,8.762321329389751,15.037234792103117,1,4.063090694400828,10.180790643474301,inf,-inf,-0.018863763733063973,0.02368736423347778,-0.02174824514528801,0.021846941602771088,inf,-inf,0.5245115347139405,0.13037268242698977,0.13037268242698977,0.13037268242698977,784,0.24816176226728212,0.4971578349356114,0.5239500127434082,0.53857421875,0.8856201171875,-0.3065854661444507,9.22392757420225,1.2616792993383499,2.5056764441670016,0.3989249902076183,0.0,0.0,8.893718127925004,9.370422933825896,4.063090694400828,10.180790643474301
101,0.028575396934597347,-15.11484727699335,0.004065024046282363,0.0,-15.082206856012471,-15.11484727699335,nan,0.0024140855160094876,0.001650938530272871,0.030053780947161508,-15.115153288472554,0.004085735121787466,0.0,-15.081013772403605,-15.115153288472554,nan,0.0,0.004017389446474769,0.0,0.0008018040783436712,0.0,362.0,0.0,,0.0002248542827447487,,,0.2782475589754368,-0.1524330663834971,0.8032937147767109,0.4834746639506765,8.762321329389751,15.037234792103117,1,4.063090694400828,10.180790643474301,inf,-inf,-0.018783878755981816,0.023799489617119387,-0.02173782662727172,0.02179678205009761,inf,-inf,0.5212545719814384,0.13159844737280318,0.13159844737280318,0.13159844737280318,784,0.24816176226728212,0.4971578349356114,0.5239500127434082,0.53857421875,0.8856201171875,-0.3065854661444507,9.22392757420225,1.2616792993383499,2.5056764441670016,0.3989249902076183,0.0,0.0,8.893718127925004,9.370422933825896,4.063090694400828,10.180790643474301
102,0.02861731511389246,-15.114866167244392,0.004058306408403125,0.0,-15.082190545722096,-15.114866167244392,nan,0.0024106255116205138,0.0016476808967826112,0.030053780947161508,-15.115153288472554,0.004085735121787466,0.0,-15.081013772403605,-15.115153288472554,nan,0.0,0.004057177974641198,0.0,0.0008077562545681511,0.0,362.0,0.0,,0.00022351986090601283,,,0.2782475589754368,-0.1524330663834971,0.8032937147767109,0.4834746639506765,8.762321329389751,15.037234792103117,1,4.063090694400828,10.180790643474301,inf,-inf,-0.018861521498442106,0.023850081929223943,-0.021511973373835484,0.02177463546753429,inf,-inf,0.5181872702015728,0.13286180483698642,0.13286180483698642,0.13286180483698642,784,0.24816176226728212,0.4971578349356114,0.5239500127434082,0.53857421875,0.8856201171875,-0.3065854661444507,9.22392757420225,1.2616792993383499,2.5056764441670016,0.3989249902076183,0.0,0.0,8.893718127925004,9.370422933825896,4.063090694400828,10.180790643474301
103,0.02861337615071244,-15.114861428189798,0.004044662710427263,0.0,-15.082203389328658,-15.114861428189798,nan,0.002405669141381048,0.0016389935690462182,0.030053780947161508,-15.115153288472554,0.004085735121787466,0.0,-15.081013772403605,-15.115153288472554,nan,0.0,0.004008150229566423,0.0,0.0008310710934634403,0.0,362.0,0.0,,0.00022217792509237998,,,0.2782475589754368,-0.1524330663834971,0.8032937147767109,0.4834746639506765,8.762321329389751,15.037234792103117,1,4.063090694400828,10.180790643474301,inf,-inf,-0.01883848615543378,0.023840924386567763,-0.021614905791716446,0.021896516679701515,inf,-inf,0.5152478165706259,0.13411347339456028,0.13411347339456028,0.13411347339456028,784,0.24816176226728212,0.4971578349356114,0.5239500127434082,0.53857421875,0.8856201171875,-0.3065854661444507,9.22392757420225,1.2616792993383499,2.5056764441670016,0.3989249902076183,0.0,0.0,8.893718127925004,9.370422933825896,4.063090694400828,10.180790643474301
104,0.028633052299240253,-15.114883808301352,0.004040503596168828,0.0,-15.082210252405943,-15.114883808301352,nan,0.0024043245180026054,0.0016361790781662276,0.030053780947161508,-15.115153288472554,0.004085735121787466,0.0,-15.081013772403605,-15.115153288472554,nan,0.0,0.004030618776791884,0.0,0.0008624256313691026,0.0,362.0,0.0,,0.0002208286224622343,,,0.2782475589754368,-0.1524330663834971,0.8032937147767109,0.4834746639506765,8.762321329389751,15.037234792103117,1,4.063090694400828,10.180790643474301,inf,-inf,-0.018813560488910027,0.023835297487653298,-0.021451982725706167,0.021732314208390748,inf,-inf,0.5122200407284887,0.13537290471891616,0.13537290471891616,0.13537290471891616,784,0.24816176226728212,0.4971578349356114,0.5239500127434082,0.53857421875,0.8856201171875,-0.3065854661444507,9.22392757420225,1.2616792993383499,2.5056764441670016,0.3989249902076183,0.0,0.0,8.893718127925004,9.370422933825896,4.063090694400828,10.180790643474301
105,0.028609386078429427,-15.114876417818637,0.004014449628902306,0.0,-15.082252582111305,-15.114876417818637,nan,0.0023888834652464547,0.0016255661636558473,0.030053780947161508,-15.115184707406579,0.004024462673607504,0.0,-15.08110646378581,-15.115184707406579,nan,0.0,0.004061797422181087,0.0,0.000879832451706808,0.0,362.0,0.0,,0.00021947210098181448,,,0.2782594275511604,-0.15176175417081095,0.8041068991435184,0.48547975475923727,8.773737388227111,15.037234792103117,1,4.1298628044469,10.186014886271998,inf,-inf,-0.0187819028426183,0.02386137999726957,-0.021515706887740255,0.021977480617139267,inf,-inf,0.5094223454815541,0.13660678054456935,0.13660678054456935,0.13660678054456935,784,0.23282632850410478,0.4815061054030492,0.5084008726253494,0.5267333984375,0.8712158203125,-0.3048504466361794,9.224731409349072,1.2529945224119328,2.466429363053909,0.3920686820624253,0.0,0.0,8.90673174002825,9.3771295745055,4.1298628044469,10.186014886271998
106,0.028611914181722622,-15.114878014242562,0.004009232103151286,0.0,-15.082256867957689,-15.114878014242562,nan,0.0023871545026579624,0.0016220776004933274,0.030053780947161508,-15.115184707406579,0.004024462673607504,0.0,-15.08110646378581,-15.115184707406579,nan,0.0,0.004052228930883675,0.0,0.0008273624451324472,0.0,362.0,0.0,,0.0002181085094089875,,,0.2782594275511604,-0.15176175417081095,0.8041068991435184,0.48547975475923727,8.773737388227111,15.037234792103117,1,4.1298628044469,10.186014886271998,inf,-inf,-0.01882289112064202,0.02419718839767114,-0.021520309131256528,0.02166056375264457,inf,-inf,0.506584110717636,0.1378325223954226,0.1378325223954226,0.1378325223954226,784,0.23282632850410478,0.4815061054030492,0.5084008726253494,0.5267333984375,0.8712158203125,-0.3048504466361794,9.224731409349072,1.2529945224119328,2.466429363053909,0.3920686820624253,0.0,0.0,8.90673174002825,9.3771295745055,4.1298628044469,10.186014886271998
107,0.02862839733079086,-15.114895361861992,0.004007460108926787,0.0,-15.082259504422273,-15.114895361861992,nan,0.0023902900316019014,0.001617170077324884,0.030053780947161508,-15.115184707406579,0.004024462673607504,0.0,-15.08110646378581,-15.115184707406579,nan,0.0,0.004043923973137164,0.0,0.0008690066373397715,0.0,362.0,0.0,,0.0002167379972769355,,,0.2782594275511604,-0.15176175417081095,0.8041068991435184,0.48547975475923727,8.773737388227111,15.037234792103117,1,4.1298628044469,10.186014886271998,inf,-inf,-0.018751229324949173,0.023876084149925116,-0.02166435176197016,0.021549703313781757,inf,-inf,0.504008486772895,0.1391187574895917,0.1391187574895917,0.1391187574895917,784,0.23282632850410478,0.4815061054030492,0.5084008726253494,0.5267333984375,0.8712158203125,-0.3048504466361794,9.224731409349072,1.2529945224119328,2.466429363053909,0.3920686820624253,0.0,0.0,8.90673174002825,9.3771295745055,4.1298628044469,10.186014886271998
108,0.028588703227390513,-15.114885747533018,0.003987854120918331,0.0,-15.08230919018471,-15.114885747533018,nan,0.0023765726522301427,0.0016112814686881924,0.030053780947161508,-15.115184707406579,0.004024462673607504,0.0,-15.08110646378581,-15.115184707406579,nan,0.0,0.004084645186332442,0.0,0.000899545759056178,0.0,362.0,0.0,,0.00021536071487775814,,,0.2782594275511604,-0.15176175417081095,0.8041068991435184,0.48547975475923727,8.773737388227111,15.037234792103117,1,4.1298628044469,10.186014886271998,inf,-inf,-0.01879108117539746,0.02418374955895089,-0.021616121191975427,0.021888312667103695,inf,-inf,0.5014266257330098,0.14034894530324551,0.14034894530324551,0.14034894530324551,784,0.23282632850410478,0.4815061054030492,0.5084008726253494,0.5267333984375,0.8712158203125,-0.3048504466361794,9.224731409349072,1.2529945224119328,2.466429363053909,0.3920686820624253,0.0,0.0,8.90673174002825,9.3771295745055,4.1298628044469,10.186014886271998
109,0.028588333651023205,-15.11489942258566,0.0039847912140924735,0.0,-15.082326297720545,-15.11489942258566,nan,0.002377947162397139,0.00160684405169533,0.030053780947161508,-15.115184707406579,0.004024462673607504,0.0,-15.08110646378581,-15.115184707406579,nan,0.0,0.004087041245420738,0.0,0.000874664463998596,0.0,362.0,0.0,,0.00021397681324599097,,,0.2782594275511604,-0.15176175417081095,0.8041068991435184,0.48547975475923727,8.773737388227111,15.037234792103117,1,4.1298628044469,10.186014886271998,inf,-inf,-0.01866990491521657,0.023987818081903776,-0.02138624302160912,0.02175935746611393,inf,-inf,0.49888610340860956,0.14155501111130162,0.14155501111130162,0.14155501111130162,784,0.23282632850410478,0.4815061054030492,0.5084008726253494,0.5267333984375,0.8712158203125,-0.3048504466361794,9.224731409349072,1.2529945224119328,2.466429363053909,0.3920686820624253,0.0,0.0,8.90673174002825,9.3771295745055,4.1298628044469,10.186014886271998
110,0.02858041336470656,-15.11489143113157,0.003973046696905882,0.0,-15.082337971069958,-15.11489143113157,nan,0.0023709168013086777,0.0016021298955972017,0.030053780947161508,-15.115215221688658,0.0039851183155824275,0.0,-15.081176322425913,-15.115215221688658,nan,0.0,0.004065236199383623,0.0,0.000903134750692903,0.0,362.0,0.0,,0.00021258644414204314,,,0.27834848915089827,-0.15143349918861604,0.8047105002129857,0.4869946599624148,8.778910916584334,15.037234792103117,1,4.190600037104669,10.201466197085011,inf,-inf,-0.018687311755932256,0.023917877344607437,-0.02162570510981074,0.02168919638283563,inf,-inf,0.4964657327110975,0.14280810418592546,0.14280810418592546,0.14280810418592546,784,0.2199210597094412,0.46791496498935137,0.495039913150741,0.51708984375,0.855712890625,-0.30386407379768077,9.222248601307594,1.2471024724393427,2.434368850942242,0.38638638235436285,0.0,0.0,8.91330326723305,9.378630071117563,4.190600037104669,10.201466197085011
111,0.028603405800711773,-15.114899649603728,0.003965131176983841,0.0,-15.082331112626033,-15.114899649603728,nan,0.0023692386017954378,0.0015958925751884052,0.030053780947161508,-15.115215221688658,0.0039851183155824275,0.0,-15.081176322425913,-15.115215221688658,nan,0.0,0.0041043624661327325,0.0,0.0008340088658773086,0.0,362.0,0.0,,0.0002111897600355549,,,0.27834848915089827,-0.15143349918861604,0.8047105002129857,0.4869946599624148,8.778910916584334,15.037234792103117,1,4.190600037104669,10.201466197085011,inf,-inf,-0.018673494390185865,0.024295423285934932,-0.021675635847476074,0.02172807132086178,inf,-inf,0.49421570876685467,0.14401694246217922,0.14401694246217922,0.14401694246217922,784,0.2199210597094412,0.46791496498935137,0.495039913150741,0.51708984375,0.855712890625,-0.30386407379768077,9.222248601307594,1.2471024724393427,2.434368850942242,0.38638638235436285,0.0,0.0,8.91330326723305,9.378630071117563,4.190600037104669,10.201466197085011
112,0.02860402913091266,-15.114912045680898,0.003960581801114301,0.0,-15.08234743474887,-15.114912045680898,nan,0.0023680090288678555,0.001592572772246449,0.030053780947161508,-15.115215221688658,0.0039851183155824275,0.0,-15.081176322425913,-15.115215221688658,nan,0.0,0.0041064542557716025,0.0,0.0008782607942537379,0.0,362.0,0.0,,0.00020978691408867772,,,0.27834848915089827,-0.15143349918861604,0.8047105002129857,0.4869946599624148,8.778910916584334,15.037234792103117,1,4.190600037104669,10.201466197085011,inf,-inf,-0.018628410826352013,0.02414652077328431,-0.02164200998184981,0.021688324085065665,inf,-inf,0.49191048256831443,0.14525494126474423,0.14525494126474423,0.14525494126474423,784,0.2199210597094412,0.46791496498935137,0.495039913150741,0.51708984375,0.855712890625,-0.30386407379768077,9.222248601307594,1.2471024724393427,2.434368850942242,0.38638638235436285,0.0,0.0,8.91330326723305,9.378630071117563,4.190600037104669,10.201466197085011
113,0.028622144005643148,-15.114906461648578,0.003945841311940957,0.0,-15.082338476330994,-15.114906461648578,nan,0.0023607003624838995,0.0015851409494570562,0.030053780947161508,-15.115215221688658,0.0039851183155824275,0.0,-15.081176322425913,-15.115215221688658,nan,0.0,0.004109928530651532,0.0,0.0008178880089360848,0.0,362.0,0.0,,0.0002083780601392783,,,0.27834848915089827,-0.15143349918861604,0.8047105002129857,0.4869946599624148,8.778910916584334,15.037234792103117,1,4.190600037104669,10.201466197085011,inf,-inf,-0.018683678093533655,0.024115473372939327,-0.021763798302476926,0.021561318277544952,inf,-inf,0.48963602183853294,0.14647976460220707,0.14647976460220707,0.14647976460220707,784,0.2199210597094412,0.46791496498935137,0.495039913150741,0.51708984375,0.855712890625,-0.30386407379768077,9.222248601307594,1.2471024724393427,2.434368850942242,0.38638638235436285,0.0,0.0,8.91330326723305,9.378630071117563,4.190600037104669,10.201466197085011
114,0.02858582742474535,-15.114923129304005,0.003953284184116908,0.0,-15.082384017695142,-15.114923129304005,nan,0.0023692301099875373,0.0015840540741293724,0.030053780947161508,-15.115215221688658,0.0039851183155824275,0.0,-15.081176322425913,-15.115215221688658,nan,0.0,0.004112408007853643,0.0,0.0008693026559334448,0.0,362.0,0.0,,0.00020696335268406848,,,0.27834848915089827,-0.15143349918861604,0.8047105002129857,0.4869946599624148,8.778910916584334,15.037234792103117,1,4.190600037104669,10.201466197085011,inf,-inf,-0.018616589320485315,0.024020955452318783,-0.02153002347485475,0.02149081357941272,inf,-inf,0.487568128541981,0.14766293021396049,0.14766293021396049,0.14766293021396049,784,0.2199210597094412,0.46791496498935137,0.495039913150741,0.51708984375,0.855712890625,-0.30386407379768077,9.222248601307594,1.2471024724393427,2.434368850942242,0.38638638235436285,0.0,0.0,8.91330326723305,9.378630071117563,4.190600037104669,10.201466197085011
115,0.028621747019624305,-15.114908575338426,0.0039258639653408705,0.0,-15.08236096435346,-15.114908575338426,nan,0.002348300150731106,0.001577563814609764,0.030053780947161508,-15.115239108192844,0.003948623539342049,0.0,-15.08123670370634,-15.115239108192844,nan,0.0,0.004125562972876165,0.0,0.0007999700431808727,0.0,362.0,0.0,,0.00020554294686166318,,,0.2784407122844191,-0.15126413994993654,0.805601987359033,0.48834700410172743,8.781205635898292,15.037234792103117,1,4.240762763623451,10.217614990501536,inf,-inf,-0.018598809342526702,0.024069532326645705,-0.021706334281124975,0.021576977708204863,inf,-inf,0.4854442241810529,0.14886060151035574,0.14886060151035574,0.14886060151035574,784,0.20915736214741656,0.4562761342417604,0.4837335138573783,0.509033203125,0.842041015625,-0.3032728120330577,9.216001289570496,1.2426071857564422,2.40938141556668,0.3819055561477557,0.0,0.0,8.917873448064066,9.382995953416703,4.240762763623451,10.217614990501536
116,0.02859927585102024,-15.114924473283095,0.00393117674002151,0.0,-15.082394020692053,-15.114924473283095,nan,0.002357247346236479,0.0015739293937850297,0.030053780947161508,-15.115239108192844,0.003948623539342049,0.0,-15.08123670370634,-15.115239108192844,nan,0.0,0.004135989456624689,0.0,0.0008595098930875033,0.0,362.0,0.0,,0.00020411699843556725,,,0.2784407122844191,-0.15126413994993654,0.805601987359033,0.48834700410172743,8.781205635898292,15.037234792103117,1,4.240762763623451,10.217614990501536,inf,-inf,-0.01855713896734013,0.02422522702413491,-0.021435425808453683,0.021504329427324533,inf,-inf,0.48341701284817656,0.15002054019329764,0.15002054019329764,0.15002054019329764,784,0.20915736214741656,0.4562761342417604,0.4837335138573783,0.509033203125,0.842041015625,-0.3032728120330577,9.216001289570496,1.2426071857564422,2.40938141556668,0.3819055561477557,0.0,0.0,8.917873448064066,9.382995953416703,4.240762763623451,10.217614990501536
117,0.02859439619308501,-15.114921363520498,0.003924089888532279,0.0,-15.08240287743888,-15.114921363520498,nan,0.0023546965892388533,0.001569393299293428,0.030053780947161508,-15.115239108192844,0.003948623539342049,0.0,-15.08123670370634,-15.115239108192844,nan,0.0,0.004116614453752867,0.0,0.0009073149170989092,0.0,362.0,0.0,,0.00020268566377709454,,,0.2784407122844191,-0.15126413994993654,0.805601987359033,0.48834700410172743,8.781205635898292,15.037234792103117,1,4.240762763623451,10.217614990501536,inf,-inf,-0.018538851513460842,0.024216426917067938,-0.02168873708475055,0.02148119053617702,inf,-inf,0.4815586591678038,0.1512217606551857,0.1512217606551857,0.1512217606551857,784,0.20915736214741656,0.4562761342417604,0.4837335138573783,0.509033203125,0.842041015625,-0.3032728120330577,9.216001289570496,1.2426071857564422,2.40938141556668,0.3819055561477557,0.0,0.0,8.917873448064066,9.382995953416703,4.240762763623451,10.217614990501536
118,0.02858106884800726,-15.11491695024072,0.003912027910779604,0.0,-15.082423853481934,-15.11491695024072,nan,0.0023471460771529095,0.0015648818336266922,0.030053780947161508,-15.115239108192844,0.003948623539342049,0.0,-15.08123670370634,-15.115239108192844,nan,0.0,0.004138560908995613,0.0,0.0008818658092278079,0.0,362.0,0.0,,0.00020124909984822013,,,0.2784407122844191,-0.15126413994993654,0.805601987359033,0.48834700410172743,8.781205635898292,15.037234792103117,1,4.240762763623451,10.217614990501536,inf,-inf,-0.01856318085508291,0.024242302375760763,-0.021587729248720655,0.02144592190685827,inf,-inf,0.47957527957788704,0.15236704643533627,0.15236704643533627,0.15236704643533627,784,0.20915736214741656,0.4562761342417604,0.4837335138573783,0.509033203125,0.842041015625,-0.3032728120330577,9.216001289570496,1.2426071857564422,2.40938141556668,0.3819055561477557,0.0,0.0,8.917873448064066,9.382995953416703,4.240762763623451,10.217614990501536
119,0.02858668036231902,-15.114923352265839,0.003905834486176142,0.0,-15.082430837417345,-15.114923352265839,nan,0.00234470527449155,0.0015611292116845933,0.030053780947161508,-15.115239108192844,0.003948623539342049,0.0,-15.08123670370634,-15.115239108192844,nan,0.0,0.004144091092843431,0.0,0.0008480588373252733,0.0,362.0,0.0,,0.00019980746418436736,,,0.2784407122844191,-0.15126413994993654,0.805601987359033,0.48834700410172743,8.781205635898292,15.037234792103117,1,4.240762763623451,10.217614990501536,inf,-inf,-0.01853384291811233,0.024241548952230952,-0.02161547933183707,0.021582300842069576,inf,-inf,0.47784932044655526,0.1535284086838117,0.1535284086838117,0.1535284086838117,784,0.20915736214741656,0.4562761342417604,0.4837335138573783,0.509033203125,0.842041015625,-0.3032728120330577,9.216001289570496,1.2426071857564422,2.40938141556668,0.3819055561477557,0.0,0.0,8.917873448064066,9.382995953416703,4.240762763623451,10.217614990501536
120,0.02862120937716495,-15.114929041791928,0.003907381850273012,0.0,-15.08240045056449,-15.114929041791928,nan,0.0023514934002668852,0.0015558884500061255,0.030053780947161508,-15.115235170143722,0.0039029690027413896,0.0,-15.081278420193819,-15.115235170143722,nan,0.0,0.004147386647135562,0.0,0.0008591838346367638,0.0,362.0,0.0,,0.00019836091487713254,,,0.27806132635902503,-0.15034428712430373,0.8063040638451927,0.4895601821362122,8.799087267328083,15.037234792103117,1,4.2904795787623025,10.256563482028785,inf,-inf,-0.01853112639405211,0.024342982406588814,-0.02152951926249538,0.021408776093353635,inf,-inf,0.47605112274942685,0.15469420784383184,0.15469420784383184,0.15469420784383184,784,0.2001419994340069,0.44629129840654386,0.4740032845586563,0.5023193359375,0.8297119140625,-0.30102342349976713,9.224397936462896,1.2423601852902002,2.3905401001786264,0.378496033177273,0.0,0.0,8.938443582325123,9.40093630086837,4.2904795787623025,10.256563482028785
121,0.02860979445894049,-15.114930513755285,0.003898576669763288,0.0,-15.08242214262658,-15.114930513755285,nan,0.002343854160147713,0.0015547225096155758,0.030053780947161508,-15.115235170143722,0.0039029690027413896,0.0,-15.081278420193819,-15.115235170143722,nan,0.0,0.0041596829715293965,0.0,0.0008311842167404934,0.0,362.0,0.0,,0.00019690961055694836,,,0.27806132635902503,-0.15034428712430373,0.8063040638451927,0.4895601821362122,8.799087267328083,15.037234792103117,1,4.2904795787623025,10.256563482028785,inf,-inf,-0.018607692766955404,0.02425522256780276,-0.021573769767447497,0.021522058875328817,inf,-inf,0.47436942757135275,0.1558330618863577,0.1558330618863577,0.1558330618863577,784,0.2001419994340069,0.44629129840654386,0.4740032845586563,0.5023193359375,0.8297119140625,-0.30102342349976713,9.224397936462896,1.2423601852902002,2.3905401001786264,0.378496033177273,0.0,0.0,8.938443582325123,9.40093630086837,4.2904795787623025,10.256563482028785
122,0.028601487512361305,-15.114930970268214,0.0038965243044820656,0.0,-15.08243295845137,-15.114930970268214,nan,0.0023459719481984703,0.0015505523562835963,0.030053780947161508,-15.115235170143722,0.0039029690027413896,0.0,-15.081278420193819,-15.115235170143722,nan,0.0,0.004132727522483381,0.0,0.0008691920098253894,0.0,362.0,0.0,,0.00019545371037568823,,,0.27806132635902503,-0.15034428712430373,0.8063040638451927,0.4895601821362122,8.799087267328083,15.037234792103117,1,4.2904795787623025,10.256563482028785,inf,-inf,-0.018532313723993325,0.02404966822383569,-0.021571088779326418,0.02148146974041664,inf,-inf,0.47277192779077215,0.15693750295014075,0.15693750295014075,0.15693750295014075,784,0.2001419994340069,0.44629129840654386,0.4740032845586563,0.5023193359375,0.8297119140625,-0.30102342349976713,9.224397936462896,1.2423601852902002,2.3905401001786264,0.378496033177273,0.0,0.0,8.938443582325123,9.40093630086837,4.2904795787623025,10.256563482028785
123,0.02860676075272778,-15.114930108788624,0.00388344064593523,0.0,-15.08243990738996,-15.114930108788624,nan,0.0023360077466950896,0.0015474328992401407,0.030053780947161508,-15.115235170143722,0.0039029690027413896,0.0,-15.081278420193819,-15.115235170143722,nan,0.0,0.004163900070864733,0.0,0.0008459515007117236,0.0,362.0,0.0,,0.00019399337398921348,,,0.27806132635902503,-0.15034428712430373,0.8063040638451927,0.4895601821362122,8.799087267328083,15.037234792103117,1,4.2904795787623025,10.256563482028785,inf,-inf,-0.01856875346022399,0.024383597178656125,-0.02172929133405422,0.021426494208516868,inf,-inf,0.47106994181601686,0.15804230835932712,0.15804230835932712,0.15804230835932712,784,0.2001419994340069,0.44629129840654386,0.4740032845586563,0.5023193359375,0.8297119140625,-0.30102342349976713,9.224397936462896,1.2423601852902002,2.3905401001786264,0.378496033177273,0.0,0.0,8.938443582325123,9.40093630086837,4.2904795787623025,10.256563482028785
124,0.028609475156859573,-15.114939543437512,0.0038824904227250214,0.0,-15.082447577857927,-15.114939543437512,nan,0.0023410030605643764,0.0015414873621606468,0.030053780947161508,-15.115235170143722,0.0039029690027413896,0.0,-15.081278420193819,-15.115235170143722,nan,0.0,0.004143268570685884,0.0,0.0009130653538552361,0.0,362.0,0.0,,0.0001925287615398655,,,0.27806132635902503,-0.15034428712430373,0.8063040638451927,0.4895601821362122,8.799087267328083,15.037234792103117,1,4.2904795787623025,10.256563482028785,inf,-inf,-0.018491244051385886,0.024389464524063438,-0.021511781502522524,0.02147893235354922,inf,-inf,0.46954513410525395,0.15915132912478466,0.15915132912478466,0.15915132912478466,784,0.2001419994340069,0.44629129840654386,0.4740032845586563,0.5023193359375,0.8297119140625,-0.30102342349976713,9.224397936462896,1.2423601852902002,2.3905401001786264,0.378496033177273,0.0,0.0,8.938443582325123,9.40093630086837,4.2904795787623025,10.256563482028785
125,0.028601941884870783,-15.114930759223846,0.0038705617321681362,0.0,-15.082458255606808,-15.114930759223846,nan,0.002331560326306997,0.0015390014058611378,0.030053780947161508,-15.115259216928454,0.0038895712298704062,0.0,-15.081315864751422,-15.115259216928454,nan,0.0,0.004169726430265863,0.0,0.0008657316899726157,0.0,362.0,0.0,,0.0001910600336389039,,,0.2783378770999773,-0.15071494044619224,0.8071908262555396,0.49035571043648074,8.791006705539385,15.037234792103117,1,4.32584471354274,10.2660358123065,inf,-inf,-0.018484691699588104,0.024559011308774886,-0.02158740669499316,0.021458894603358553,inf,-inf,0.4680267681079003,0.1602307204457748,0.1602307204457748,0.1602307204457748,784,0.19246293031383976,0.4376043717637945,0.4655817289424198,0.4945068359375,0.8177490234375,-0.30166842583943837,9.20828645564973,1.2394188242941435,2.3731863929759323,0.375331849579284,0.0,0.0,8.93254448405609,9.390570812033229,4.32584471354274,10.2660358123065
126,0.02860406901493434,-15.114938029293555,0.00387362081406262,0.0,-15.082460339464559,-15.114938029293555,nan,0.0023375968560881027,0.001536023957974517,0.030053780947161508,-15.115259216928454,0.0038895712298704062,0.0,-15.081315864751422,-15.115259216928454,nan,0.0,0.004153734798313501,0.0,0.000848444192258011,0.0,362.0,0.0,,0.0001895873513488942,,,0.2783378770999773,-0.15071494044619224,0.8071908262555396,0.49035571043648074,8.791006705539385,15.037234792103117,1,4.32584471354274,10.2660358123065,inf,-inf,-0.0184617710153422,0.02435975392931738,-0.021658386478425988,0.021327504494724443,inf,-inf,0.4665483844921058,0.1612929237858157,0.1612929237858157,0.1612929237858157,784,0.19246293031383976,0.4376043717637945,0.4655817289424198,0.4945068359375,0.8177490234375,-0.30166842583943837,9.20828645564973,1.2394188242941435,2.3731863929759323,0.375331849579284,0.0,0.0,8.93254448405609,9.390570812033229,4.32584471354274,10.2660358123065
127,0.028615921435780463,-15.114945391170913,0.0038734441917779735,0.0,-15.082456025543355,-15.114945391170913,nan,0.002339205722640352,0.0015342384691376248,0.030053780947161508,-15.115259216928454,0.0038895712298704062,0.0,-15.081315864751422,-15.115259216928454,nan,0.0,0.004182897987298583,0.0,0.0008890614052271691,0.0,362.0,0.0,,0.00018811087616604506,,,0.2783378770999773,-0.15071494044619224,0.8071908262555396,0.49035571043648074,8.791006705539385,15.037234792103117,1,4.32584471354274,10.2660358123065,inf,-inf,-0.018494749802454077,0.024498439232707673,-0.021656326670127544,0.021448672263811388,inf,-inf,0.4651612975358058,0.16235239760333858,0.16235239760333858,0.16235239760333858,784,0.19246293031383976,0.4376043717637945,0.4655817289424198,0.4945068359375,0.8177490234375,-0.30166842583943837,9.20828645564973,1.2394188242941435,2.3731863929759323,0.375331849579284,0.0,0.0,8.93254448405609,9.390570812033229,4.32584471354274,10.2660358123065
128,0.028599819464846653,-15.114937426960891,0.0038613333319478145,0.0,-15.082476274164097,-15.114937426960891,nan,0.002331213808752468,0.0015301195231953496,0.030053780947161508,-15.115259216928454,0.0038895712298704062,0.0,-15.081315864751422,-15.115259216928454,nan,0.0,0.004169480188085467,0.0,0.0008682951959947698,0.0,362.0,0.0,,0.00018663077000249866,,,0.2783378770999773,-0.15071494044619224,0.8071908262555396,0.49035571043648074,8.791006705539385,15.037234792103117,1,4.32584471354274,10.2660358123065,inf,-inf,-0.01845342604204067,0.02453072169922096,-0.021615966081205713,0.021337414177610616,inf,-inf,0.4637537942203941,0.16339732766433027,0.16339732766433027,0.16339732766433027,784,0.19246293031383976,0.4376043717637945,0.4655817289424198,0.4945068359375,0.8177490234375,-0.30166842583943837,9.20828645564973,1.2394188242941435,2.3731863929759323,0.375331849579284,0.0,0.0,8.93254448405609,9.390570812033229,4.32584471354274,10.2660358123065
129,0.0285945935826233,-15.114944674808019,0.0038612399606137594,0.0,-15.082488841264782,-15.114944674808019,nan,0.0023349133148205374,0.0015263266457932233,0.030053780947161508,-15.115259216928454,0.0038895712298704062,0.0,-15.081315864751422,-15.115259216928454,nan,0.0,0.00417007503271897,0.0,0.0009284995075294234,0.0,362.0,0.0,,0.00018514719516857508,,,0.2783378770999773,-0.15071494044619224,0.8071908262555396,0.49035571043648074,8.791006705539385,15.037234792103117,1,4.32584471354274,10.2660358123065,inf,-inf,-0.018465120699065984,0.024579188846867373,-0.021466287523141146,0.02145924397767913,inf,-inf,0.46244723789217557,0.1644195678063137,0.1644195678063137,0.1644195678063137,784,0.19246293031383976,0.4376043717637945,0.4655817289424198,0.4945068359375,0.8177490234375,-0.30166842583943837,9.20828645564973,1.2394188242941435,2.3731863929759323,0.375331849579284,0.0,0.0,8.93254448405609,9.390570812033229,4.32584471354274,10.2660358123065
130,0.028616218657147682,-15.114945405478618,0.0038579667606619982,0.0,-15.082471220060809,-15.114945405478618,nan,0.002333964914335387,0.0015240018463266087,0.030053780947161508,-15.115248710055555,0.003849974714951845,0.0,-15.081344954393442,-15.115248710055555,nan,0.0,0.004165709134226152,0.0,0.0009003276027666563,0.0,362.0,0.0,,0.00018366031435497322,,,0.27790190341061094,-0.14984667638687516,0.807900283552917,0.4912971353755174,8.808302175253772,15.037234792103117,1,4.37616454326206,10.30298384957964,inf,-inf,-0.018449866211953284,0.024675851306317803,-0.021643871126715168,0.02138715406644048,inf,-inf,0.46118522623731795,0.1654456314553004,0.1654456314553004,0.1654456314553004,784,0.1860276540449013,0.43019273117504764,0.4583861261802518,0.4864501953125,0.8065185546875,-0.2995440940666021,9.221680512623987,1.241600696238891,2.3543410554438697,0.37186937599610703,0.0,0.0,8.952463065404794,9.406925676085311,4.37616454326206,10.30298384957964
131,0.028609442774934796,-15.114939756002421,0.003852329265450574,0.0,-15.082477983962036,-15.114939756002421,nan,0.002329997959470158,0.0015223313059804177,0.030053780947161508,-15.115248710055555,0.003849974714951845,0.0,-15.081344954393442,-15.115248710055555,nan,0.0,0.004209799461465588,0.0,0.000940767187977691,0.0,362.0,0.0,,0.00018217029061493007,,,0.27790190341061094,-0.14984667638687516,0.807900283552917,0.4912971353755174,8.808302175253772,15.037234792103117,1,4.37616454326206,10.30298384957964,inf,-inf,-0.01845505085275407,0.024495365514234164,-0.02170938637387502,0.021309808318838604,inf,-inf,0.45995218059798676,0.16642703674315942,0.16642703674315942,0.16642703674315942,784,0.1860276540449013,0.43019273117504764,0.4583861261802518,0.4864501953125,0.8065185546875,-0.2995440940666021,9.221680512623987,1.241600696238891,2.3543410554438697,0.37186937599610703,0.0,0.0,8.952463065404794,9.406925676085311,4.37616454326206,10.30298384957964
132,0.028610418088062285,-15.114938695971173,0.0038418679792665235,0.0,-15.082486409903844,-15.114938695971173,nan,0.002325101784562714,0.0015167661947038085,0.030053780947161508,-15.115248710055555,0.003849974714951845,0.0,-15.081344954393442,-15.115248710055555,nan,0.0,0.004166708634003846,0.0,0.0008743154571726375,0.0,362.0,0.0,,0.00018067728734633956,,,0.27790190341061094,-0.14984667638687516,0.807900283552917,0.4912971353755174,8.808302175253772,15.037234792103117,1,4.37616454326206,10.30298384957964,inf,-inf,-0.01836901476502632,0.024725386613804023,-0.021557216807844948,0.021298170752031047,inf,-inf,0.45865726748849966,0.1674166578318799,0.1674166578318799,0.1674166578318799,784,0.1860276540449013,0.43019273117504764,0.4583861261802518,0.4864501953125,0.8065185546875,-0.2995440940666021,9.221680512623987,1.241600696238891,2.3543410554438697,0.37186937599610703,0.0,0.0,8.952463065404794,9.406925676085311,4.37616454326206,10.30298384957964
133,0.028621429878118564,-15.114951481028863,0.003847693093632841,0.0,-15.082482358057112,-15.114951481028863,nan,0.0023325115697485784,0.0015151815238842637,0.030053780947161508,-15.115248710055555,0.003849974714951845,0.0,-15.081344954393442,-15.115248710055555,nan,0.0,0.004190349277521865,0.0,0.000852843472917234,0.0,362.0,0.0,,0.0001791814682738348,,,0.27790190341061094,-0.14984667638687516,0.807900283552917,0.4912971353755174,8.808302175253772,15.037234792103117,1,4.37616454326206,10.30298384957964,inf,-inf,-0.018398735982074844,0.024501023702223405,-0.021753757075062607,0.02123160186076875,inf,-inf,0.4575032146602558,0.16838992821422266,0.16838992821422266,0.16838992821422266,784,0.1860276540449013,0.43019273117504764,0.4583861261802518,0.4864501953125,0.8065185546875,-0.2995440940666021,9.221680512623987,1.241600696238891,2.3543410554438697,0.37186937599610703,0.0,0.0,8.952463065404794,9.406925676085311,4.37616454326206,10.30298384957964
134,0.02863113964034665,-15.11494838785849,0.003840887141777247,0.0,-15.082476361076367,-15.11494838785849,nan,0.0023276259907579937,0.0015132611510192467,0.030053780947161508,-15.115248710055555,0.003849974714951845,0.0,-15.081344954393442,-15.115248710055555,nan,0.0,0.004219350182591028,0.0,0.0008978467280596516,0.0,362.0,0.0,,0.00017768299743083345,,,0.27790190341061094,-0.14984667638687516,0.807900283552917,0.4912971353755174,8.808302175253772,15.037234792103117,1,4.37616454326206,10.30298384957964,inf,-inf,-0.01837812686841834,0.024468937828120596,-0.02181384993862025,0.021161963038959095,inf,-inf,0.4563663909060164,0.16933158769160736,0.16933158769160736,0.16933158769160736,784,0.1860276540449013,0.43019273117504764,0.4583861261802518,0.4864501953125,0.8065185546875,-0.2995440940666021,9.221680512623987,1.241600696238891,2.3543410554438697,0.37186937599610703,0.0,0.0,8.952463065404794,9.406925676085311,4.37616454326206,10.30298384957964
135,0.02857352411167341,-15.114949335366914,0.003835548727383341,0.0,-15.082540262527857,-15.114949335366914,nan,0.002326170941676073,0.0015093777857072643,0.030053780947161508,-15.115256241837969,0.003833914282780029,0.0,-15.081368546608028,-15.115256241837969,nan,0.0,0.004234060803620902,0.0,0.0008814436430635555,0.0,362.0,0.0,,0.00017618203914154966,,,0.2779774568225714,-0.14995721007450002,0.8087069763308044,0.4917493025997526,8.805802558584835,15.037234792103117,1,4.408687376363146,10.318612404867944,inf,-inf,-0.01836513834035939,0.02453100530380779,-0.021702136881231123,0.021443213869804925,inf,-inf,0.4552263566946597,0.1702729624077822,0.1702729624077822,0.1702729624077822,784,0.18050867727949088,0.42373103649246713,0.45231390217159456,0.4786376953125,0.7950439453125,-0.2995799375933898,9.210951311207419,1.2410510158052,2.3405180553718616,0.36931199573824114,0.0,0.0,8.952435303573228,9.402528580844084,4.408687376363146,10.318612404867944
136,0.02860952838445588,-15.114942306457285,0.0038282529360411923,0.0,-15.08250452513679,-15.114942306457285,nan,0.002322033523937478,0.001506219412103717,0.030053780947161508,-15.115256241837969,0.003833914282780029,0.0,-15.081368546608028,-15.115256241837969,nan,0.0,0.004176683590214093,0.0,0.0008695402685370997,0.0,362.0,0.0,,0.0001746787580029741,,,0.2779774568225714,-0.14995721007450002,0.8087069763308044,0.4917493025997526,8.805802558584835,15.037234792103117,1,4.408687376363146,10.318612404867944,inf,-inf,-0.018381293437121797,0.02439955180946552,-0.021594781456289375,0.021261844801273844,inf,-inf,0.4541541649915207,0.17119302355077304,0.17119302355077304,0.17119302355077304,784,0.18050867727949088,0.42373103649246713,0.45231390217159456,0.4786376953125,0.7950439453125,-0.2995799375933898,9.210951311207419,1.2410510158052,2.3405180553718616,0.36931199573824114,0.0,0.0,8.952435303573228,9.402528580844084,4.408687376363146,10.318612404867944
137,0.02860149322002473,-15.114949355710328,0.0038324857457871075,0.0,-15.082515376744515,-15.114949355710328,nan,0.0023269616347881563,0.001505524110998952,0.030053780947161508,-15.115256241837969,0.003833914282780029,0.0,-15.081368546608028,-15.115256241837969,nan,0.0,0.004230249460442944,0.0,0.0008925913512814281,0.0,362.0,0.0,,0.00017317331886682408,,,0.2779774568225714,-0.14995721007450002,0.8087069763308044,0.4917493025997526,8.805802558584835,15.037234792103117,1,4.408687376363146,10.318612404867944,inf,-inf,-0.01836761859657835,0.02461960690059752,-0.02163199709345076,0.02130203608066016,inf,-inf,0.45309668961602073,0.1720839744372456,0.1720839744372456,0.1720839744372456,784,0.18050867727949088,0.42373103649246713,0.45231390217159456,0.4786376953125,0.7950439453125,-0.2995799375933898,9.210951311207419,1.2410510158052,2.3405180553718616,0.36931199573824114,0.0,0.0,8.952435303573228,9.402528580844084,4.408687376363146,10.318612404867944
138,0.02859796152201676,-15.114952535133034,0.003836598539262265,0.0,-15.082517975071754,-15.114952535133034,nan,0.002333414104209795,0.0015031844350524705,0.030053780947161508,-15.115256241837969,0.003833914282780029,0.0,-15.081368546608028,-15.115256241837969,nan,0.0,0.004167210766031296,0.0,0.0008760453740325041,0.0,362.0,0.0,,0.00017166588682146562,,,0.2779774568225714,-0.14995721007450002,0.8087069763308044,0.4917493025997526,8.805802558584835,15.037234792103117,1,4.408687376363146,10.318612404867944,inf,-inf,-0.018401377518170576,0.024771692370367148,-0.021706252652725848,0.02110402114973669,inf,-inf,0.45209558695145435,0.17297539131769352,0.17297539131769352,0.17297539131769352,784,0.18050867727949088,0.42373103649246713,0.45231390217159456,0.4786376953125,0.7950439453125,-0.2995799375933898,9.210951311207419,1.2410510158052,2.3405180553718616,0.36931199573824114,0.0,0.0,8.952435303573228,9.402528580844084,4.408687376363146,10.318612404867944
139,0.028555531734630508,-15.11495158953377,0.003826380612128683,0.0,-15.082569677187012,-15.11495158953377,nan,0.0023265195770931233,0.0014998610350355625,0.030053780947161508,-15.115256241837969,0.003833914282780029,0.0,-15.081368546608028,-15.115256241837969,nan,0.0,0.004209038650434016,0.0,0.0008241824948832606,0.0,362.0,0.0,,0.00017015662717380974,,,0.2779774568225714,-0.14995721007450002,0.8087069763308044,0.4917493025997526,8.805802558584835,15.037234792103117,1,4.408687376363146,10.318612404867944,inf,-inf,-0.018357196563587745,0.024624781351656376,-0.02171235794814234,0.021279327336222037,inf,-inf,0.4511714792759763,0.17386482145468943,0.17386482145468943,0.17386482145468943,784,0.18050867727949088,0.42373103649246713,0.45231390217159456,0.4786376953125,0.7950439453125,-0.2995799375933898,9.210951311207419,1.2410510158052,2.3405180553718616,0.36931199573824114,0.0,0.0,8.952435303573228,9.402528580844084,4.408687376363146,10.318612404867944
140,0.028601520738239933,-15.114951618193595,0.003820764670459465,0.0,-15.082529332784896,-15.114951618193595,nan,0.002323100808065327,0.0014976638623941387,0.030053780947161508,-15.11526461596067,0.003824103416004662,0.0,-15.081386731597505,-15.11526461596067,nan,0.0,0.004249961542492974,0.0,0.0008747347344451209,0.0,362.0,0.0,,0.00016864570543118456,,,0.2779223887963105,-0.14985928802923804,0.8092260436991972,0.4923474286233187,8.80771506834405,15.037234792103117,1,4.438026725299335,10.345757471896986,inf,-inf,-0.01837270021446421,0.02459494693883909,-0.021696126769860335,0.021235585383551005,inf,-inf,0.4501938419481828,0.17472741412460002,0.17472741412460002,0.17472741412460002,784,0.1758009163998091,0.4181335168861776,0.44688096293015656,0.4716796875,0.7835693359375,-0.29920029793900793,9.205291557152828,1.242081992378054,2.331161597770502,0.3675723801647045,0.0,0.0,8.956543554491848,9.402547632645039,4.438026725299335,10.345757471896986
141,0.02862826264568735,-15.114964989297611,0.0038269036603626933,0.0,-15.082509822991561,-15.114964989297611,nan,0.002330618478694001,0.0014962851816686929,0.030053780947161508,-15.11526461596067,0.003824103416004662,0.0,-15.081386731597505,-15.11526461596067,nan,0.0,0.0042332286111472954,0.0,0.0008915449815983212,0.0,362.0,0.0,,0.0001671332872831857,,,0.2779223887963105,-0.14985928802923804,0.8092260436991972,0.4923474286233187,8.80771506834405,15.037234792103117,1,4.438026725299335,10.345757471896986,inf,-inf,-0.018337612128391825,0.02451456071705414,-0.021733558173902417,0.021195137357359048,inf,-inf,0.44924908157115434,0.17555294411020772,0.17555294411020772,0.17555294411020772,784,0.1758009163998091,0.4181335168861776,0.44688096293015656,0.4716796875,0.7835693359375,-0.29920029793900793,9.205291557152828,1.242081992378054,2.331161597770502,0.3675723801647045,0.0,0.0,8.956543554491848,9.402547632645039,4.438026725299335,10.345757471896986
142,0.02859035903740755,-15.114943763229371,0.0038102449990157204,0.0,-15.082543159192948,-15.114943763229371,nan,0.002316307844187254,0.0014939371548284685,0.030053780947161508,-15.11526461596067,0.003824103416004662,0.0,-15.081386731597505,-15.11526461596067,nan,0.0,0.00420759082325999,0.0,0.0009007325086301935,0.0,362.0,0.0,,0.00016561953858350656,,,0.2779223887963105,-0.14985928802923804,0.8092260436991972,0.4923474286233187,8.80771506834405,15.037234792103117,1,4.438026725299335,10.345757471896986,inf,-inf,-0.01839330311623167,0.024809757656826956,-0.021573618313113968,0.021103755230211855,inf,-inf,0.4483395800741511,0.17636966094074144,0.17636966094074144,0.17636966094074144,784,0.1758009163998091,0.4181335168861776,0.44688096293015656,0.4716796875,0.7835693359375,-0.29920029793900793,9.205291557152828,1.242081992378054,2.331161597770502,0.3675723801647045,0.0,0.0,8.956543554491848,9.402547632645039,4.438026725299335,10.345757471896986
143,0.02862597556627878,-15.11495601920131,0.0038198138947083027,0.0,-15.082510229740324,-15.11495601920131,nan,0.0023277053753258596,0.0014921085193824474,0.030053780947161508,-15.11526461596067,0.003824103416004662,0.0,-15.081386731597505,-15.11526461596067,nan,0.0,0.004258189340736242,0.0,0.0009223041937135568,0.0,362.0,0.0,,0.00016410462533175042,,,0.2779223887963105,-0.14985928802923804,0.8092260436991972,0.4923474286233187,8.80771506834405,15.037234792103117,1,4.438026725299335,10.345757471896986,inf,-inf,-0.018319083869492374,0.024706376301633932,-0.02176036196967726,0.02114297370590693,inf,-inf,0.4475204900327817,0.17719281375255608,0.17719281375255608,0.17719281375255608,784,0.1758009163998091,0.4181335168861776,0.44688096293015656,0.4716796875,0.7835693359375,-0.29920029793900793,9.205291557152828,1.242081992378054,2.331161597770502,0.3675723801647045,0.0,0.0,8.956543554491848,9.402547632645039,4.438026725299335,10.345757471896986
144,0.028618506194142104,-15.114949396289061,0.003809008907002465,0.0,-15.082521881187917,-15.114949396289061,nan,0.002320083192195976,0.001488925714806491,0.030053780947161508,-15.11526461596067,0.003824103416004662,0.0,-15.081386731597505,-15.11526461596067,nan,0.0,0.004222288648056364,0.0,0.0008693644432253433,0.0,362.0,0.0,,0.00016258871365522684,,,0.2779223887963105,-0.14985928802923804,0.8092260436991972,0.4923474286233187,8.80771506834405,15.037234792103117,1,4.438026725299335,10.345757471896986,inf,-inf,-0.018323579007279628,0.024772185411387603,-0.021750225671751142,0.021127961930474618,inf,-inf,0.44666608081332637,0.17799945293319658,0.17799945293319658,0.17799945293319658,784,0.1758009163998091,0.4181335168861776,0.44688096293015656,0.4716796875,0.7835693359375,-0.29920029793900793,9.205291557152828,1.242081992378054,2.331161597770502,0.3675723801647045,0.0,0.0,8.956543554491848,9.402547632645039,4.438026725299335,10.345757471896986
145,0.02861813644614331,-15.114949461194263,0.0038107617551802874,0.0,-15.08252056299294,-15.114949461194263,nan,0.0023230693049102725,0.001487692450270013,0.030053780947161508,-15.115272478698325,0.0038156220172556525,0.0,-15.081403075733908,-15.115272478698325,nan,0.0,0.00424203770146092,0.0,0.0009047104420066173,0.0,362.0,0.0,,0.00016107196979073393,,,0.2779901606128435,-0.15001596851452398,0.8099654275216018,0.49260505069577776,8.804452452873814,15.037234792103117,1,4.461598658916592,10.352728329990535,inf,-inf,-0.018318917757923634,0.024793964082073162,-0.02172322309795749,0.021164990961163553,inf,-inf,0.44584762188078464,0.1787657101745933,0.1787657101745933,0.1787657101745933,784,0.17180126076856625,0.41331667657565296,0.4424063021537679,0.4671630859375,0.77197265625,-0.2993654363690613,9.194243889365687,1.2422368206882368,2.3204078003072746,0.3655643167269129,0.0,0.0,8.95555475838731,9.400195068599757,4.461598658916592,10.352728329990535
146,0.0285830156484662,-15.114963180244702,0.0038152783297004935,0.0,-15.082564886266535,-15.114963180244702,nan,0.0023278529055922215,0.0014874254241082738,0.030053780947161508,-15.115272478698325,0.0038156220172556525,0.0,-15.081403075733908,-15.115272478698325,nan,0.0,0.004212488800311225,0.0,0.0008910995292597722,0.0,362.0,0.0,,0.00015955456006632853,,,0.2779901606128435,-0.15001596851452398,0.8099654275216018,0.49260505069577776,8.804452452873814,15.037234792103117,1,4.461598658916592,10.352728329990535,inf,-inf,-0.01830816418215878,0.02462037485327145,-0.021657677409897932,0.02105428445875713,inf,-inf,0.44512246000102185,0.17953452173514642,0.17953452173514642,0.17953452173514642,784,0.17180126076856625,0.41331667657565296,0.4424063021537679,0.4671630859375,0.77197265625,-0.2993654363690613,9.194243889365687,1.2422368206882368,2.3204078003072746,0.3655643167269129,0.0,0.0,8.95555475838731,9.400195068599757,4.461598658916592,10.352728329990535
147,0.028620000195748577,-15.114946840426153,0.003800533495597217,0.0,-15.082526306734806,-15.114946840426153,nan,0.0023172324934352256,0.001483301002161988,0.030053780947161508,-15.115272478698325,0.0038156220172556525,0.0,-15.081403075733908,-15.115272478698325,nan,0.0,0.0042379403740548435,0.0,0.0008283674169300384,0.0,362.0,0.0,,0.00015803665088308673,,,0.2779901606128435,-0.15001596851452398,0.8099654275216018,0.49260505069577776,8.804452452873814,15.037234792103117,1,4.461598658916592,10.352728329990535,inf,-inf,-0.01830466824072629,0.024945292533082874,-0.021728395289257935,0.021157819255129832,inf,-inf,0.4442714487421784,0.18026321898323358,0.18026321898323358,0.18026321898323358,784,0.17180126076856625,0.41331667657565296,0.4424063021537679,0.4671630859375,0.77197265625,-0.2993654363690613,9.194243889365687,1.2422368206882368,2.3204078003072746,0.3655643167269129,0.0,0.0,8.95555475838731,9.400195068599757,4.461598658916592,10.352728329990535
148,0.028606080634322312,-15.114957981595463,0.0038101890573732696,0.0,-15.082541711903767,-15.114957981595463,nan,0.0023277463132882906,0.0014824427440849805,0.030053780947161508,-15.115272478698325,0.0038156220172556525,0.0,-15.081403075733908,-15.115272478698325,nan,0.0,0.004215912630904103,0.0,0.0009119764861179754,0.0,362.0,0.0,,0.00015651840869685562,,,0.2779901606128435,-0.15001596851452398,0.8099654275216018,0.49260505069577776,8.804452452873814,15.037234792103117,1,4.461598658916592,10.352728329990535,inf,-inf,-0.0182696881260008,0.024642700445239456,-0.02167171071579573,0.021068317950029853,inf,-inf,0.4435308957300957,0.18100711332913771,0.18100711332913771,0.18100711332913771,784,0.17180126076856625,0.41331667657565296,0.4424063021537679,0.4671630859375,0.77197265625,-0.2993654363690613,9.194243889365687,1.2422368206882368,2.3204078003072746,0.3655643167269129,0.0,0.0,8.95555475838731,9.400195068599757,4.461598658916592,10.352728329990535
149,0.02859511751725915,-15.114953535432123,0.003796232477925286,0.0,-15.082562185436938,-15.114953535432123,nan,0.0023158320465805336,0.001480400431344749,0.030053780947161508,-15.115272478698325,0.0038156220172556525,0.0,-15.081403075733908,-15.115272478698325,nan,0.0,0.004240662802583159,0.0,0.0008850696171891011,0.0,362.0,0.0,,0.00015499999999999997,,,0.2779901606128435,-0.15001596851452398,0.8099654275216018,0.49260505069577776,8.804452452873814,15.037234792103117,1,4.461598658916592,10.352728329990535,inf,-inf,-0.018299166411920385,0.024881584535918065,-0.021703193357862853,0.021274316225537503,inf,-inf,0.4428472515225403,0.18173263092404365,0.18173263092404365,0.18173263092404365,784,0.17180126076856625,0.41331667657565296,0.4424063021537679,0.4671630859375,0.77197265625,-0.2993654363690613,9.194243889365687,1.2422368206882368,2.3204078003072746,0.3655643167269129,0.0,0.0,8.95555475838731,9.400195068599757,4.461598658916592,10.352728329990535
150,0.028586743029338564,-15.114956289178524,0.003800736035443446,0.0,-15.082568810113742,-15.114956289178524,nan,0.002322731115284903,0.0014780049201585422,0.030053780947161508,-15.115273794204413,0.0038050497282473466,0.0,-15.081414963529003,-15.115273794204413,nan,0.0,0.004257046701886267,0.0,0.0009011817305126612,0.0,362.0,0.0,,0.00015348159130314435,,,0.2779954478240327,-0.15003820417537456,0.8103646391203749,0.49296351386464476,8.803983686352773,15.037234792103117,1,4.483988420505162,10.364915736296911,inf,-inf,-0.01829484174048173,0.024803575127135564,-0.021606220866317177,0.021152698081593826,inf,-inf,0.4421297343738889,0.18243418568792188,0.18243418568792188,0.18243418568792188,784,0.1683654903408845,0.4091415385657594,0.4384036678239675,0.462890625,0.7593994140625,-0.29921241269273113,9.18540256365075,1.2431124626436374,2.3115393627910414,0.363901293360251,0.0,0.0,8.957128010722608,9.396285179374944,4.483988420505162,10.364915736296911
