epoch,train_data,train_phys,train_kl,train_state_reg,train_total,train_pde,train_bc,train_eta_prior,train_kl_only,test_data,test_phys,test_kl,test_state_reg,test_total,test_pde,test_bc,grad_mean_net,grad_vgp_eta,grad_vgp_lambda,grad_eta_log_shift,grad_ratio,vgp_updates,mean_updates,lr_mean_net,lr_vgp_eta,lr_vgp_lambda,mean_net_opt_kind,log10_eta_rmse,log10_eta_bias,log10_eta_r,rel_eta_rmse,eta_pred_mean,eta_ref_mean,mean_net_frozen,eta_min,eta_max,lambda_min,lambda_max,rux_min,rux_max,rvy_min,rvy_max,rh_min,rh_max,kernel_amplitude,kernel_length_scale,kernel_length_scale_x,kernel_length_scale_y,num_inducing,eta_post_var_mean,eta_post_std_mean,eta_post_std_p90,calibration_within_1sigma,calibration_within_2sigma,eta_log_shift,eta_median,eta_std,eta_max_over_min,eta_log10_range,eta_frac_at_floor,eta_frac_at_floor_grounded,eta_mean_grounded,eta_median_grounded,eta_std_grounded,eta_min_grounded,eta_max_grounded,eta_max_over_min_grounded,eta_log10_range_grounded,n_points_grounded
0,34.65016036293838,1642.8444914673469,0.0014963748135657395,0.0,1677.4961482050987,1642.8444914673469,nan,1.7788393586780355e-06,0.0014945959742070618,51.75221915799726,97.05868080115677,0.0033473369875357513,0.0,148.81424729614156,97.05868080115677,nan,67915.22991764867,958.612616469403,0.0,3313.888303511663,70.84741922945095,46.0,46.0,,0.0002999920495579992,,,,,,,14.743366010545005,,0,14.52391553100155,14.97769320662722,inf,-inf,-24.793773579098936,25.301634905993176,-26.87232761042176,32.14187846100116,inf,-inf,1.972240394214042,0.17895914995646278,0.17895914995646278,0.17895914995646278,784,3.956639655925757,1.9890893487676424,2.0051708304162643,,,-0.013799068508471773,14.737832303006186,0.06402045382478389,1.0312434807719084,0.013361216080419736,0.0,0.0,14.744426885031798,14.73697917290286,0.06780489341647128,14.554278118368122,14.960417627812888,1.027905163426292,0.01195304763534355,5910
1,48.46184091034571,37.015638013674035,0.0053642190388518505,0.0,85.4828431430586,37.015638013674035,nan,1.3359344278182072e-05,0.005350859694573669,51.75221915799726,97.05868080115677,0.0033473369875357513,0.0,148.81424729614156,97.05868080115677,nan,3400.9963691491707,20.808640649413356,0.0,104.1845182209446,163.44154461839162,46.0,46.0,,0.00029996819910385256,,,,,,,14.743366010545005,,0,14.52391553100155,14.97769320662722,inf,-inf,-2.750955274119497,2.8335097167729546,-2.3457059996692045,2.433262591052196,inf,-inf,1.9439859136854705,0.18150542422399618,0.18150542422399618,0.18150542422399618,784,3.956639655925757,1.9890893487676424,2.0051708304162643,,,-0.013799068508471773,14.737832303006186,0.06402045382478389,1.0312434807719084,0.013361216080419736,0.0,0.0,14.744426885031798,14.73697917290286,0.06780489341647128,14.554278118368122,14.960417627812888,1.027905163426292,0.01195304763534355,5910
2,42.57081334200087,3.621918781712597,0.009326098263202827,0.0,46.202058221976664,3.621918781712597,nan,3.8220706911677026e-05,0.009287877556291147,51.75221915799726,97.05868080115677,0.0033473369875357513,0.0,148.81424729614156,97.05868080115677,nan,1157.9075335613757,6.502425046926712,0.0,37.46181371524904,178.07318426663693,46.0,46.0,,0.000299928451253031,,,,,,,14.743366010545005,,0,14.52391553100155,14.97769320662722,inf,-inf,-1.2724164109919183,1.318164148489675,-1.3210675205451514,1.5013434367269176,inf,-inf,1.9177446960404791,0.18405272661533062,0.18405272661533062,0.18405272661533062,784,3.956639655925757,1.9890893487676424,2.0051708304162643,,,-0.013799068508471773,14.737832303006186,0.06402045382478389,1.0312434807719084,0.013361216080419736,0.0,0.0,14.744426885031798,14.73697917290286,0.06780489341647128,14.554278118368122,14.960417627812888,1.027905163426292,0.01195304763534355,5910
3,34.29667268332343,-2.937833625289969,0.015394092093167203,0.0,31.374233150126628,-2.937833625289969,nan,7.547206730269243e-05,0.015318620025864508,51.75221915799726,97.05868080115677,0.0033473369875357513,0.0,148.81424729614156,97.05868080115677,nan,742.1402549050896,4.8384252011692,0.0,24.381446684592312,153.38467043486634,46.0,46.0,,0.0002998728103643344,,,,,,,14.743366010545005,,0,14.52391553100155,14.97769320662722,inf,-inf,-0.814130191054441,1.476425510183453,-0.9612547473728733,0.6118346306232405,inf,-inf,1.899914163377059,0.18611361530143383,0.18611361530143383,0.18611361530143383,784,3.956639655925757,1.9890893487676424,2.0051708304162643,,,-0.013799068508471773,14.737832303006186,0.06402045382478389,1.0312434807719084,0.013361216080419736,0.0,0.0,14.744426885031798,14.73697917290286,0.06780489341647128,14.554278118368122,14.960417627812888,1.027905163426292,0.01195304763534355,5910
4,25.191643651792546,-6.212934814440401,0.021278688015295172,0.0,18.99998752536744,-6.212934814440401,nan,0.0001212938982729827,0.021157394117022187,51.75221915799726,97.05868080115677,0.0033473369875357513,0.0,148.81424729614156,97.05868080115677,nan,472.1129795161082,4.59644068036222,0.0,17.80083432791966,102.71273194782177,46.0,46.0,,0.00029980128253941313,,,,,,,14.743366010545005,,0,14.52391553100155,14.97769320662722,inf,-inf,-0.6457544770412539,1.0292452948157442,-0.9316624271463488,0.771764701819144,inf,-inf,1.8913931167700708,0.18703894720495895,0.18703894720495895,0.18703894720495895,784,3.956639655925757,1.9890893487676424,2.0051708304162643,,,-0.013799068508471773,14.737832303006186,0.06402045382478389,1.0312434807719084,0.013361216080419736,0.0,0.0,14.744426885031798,14.73697917290286,0.06780489341647128,14.554278118368122,14.960417627812888,1.027905163426292,0.01195304763534355,5910
5,19.886914503017127,-8.62413018449448,0.026425398685868212,0.0,11.289209717208516,-8.62413018449448,nan,0.0001744467073547098,0.02625095197851352,17.80544716841696,-8.674061112159821,0.02852810047784843,0.0,9.159914156734988,-8.674061112159821,nan,429.05307111173556,4.124794720742217,0.0,12.912166964154835,104.01804214744816,46.0,46.0,,0.0002997138756220993,,,,,,,13.498959946712883,,0,12.634263130318587,14.568253549073118,inf,-inf,-0.8884300942817065,0.8824515394131838,-0.5784648662072324,0.6764370864856653,inf,-inf,1.8905362838413782,0.18714032962475602,0.18714032962475602,0.18714032962475602,784,3.7543740718334506,1.9368576923576941,2.0005651611999284,,,-0.08274575773687597,13.496307611119697,0.2517591702654853,1.1530750467048223,0.06185757382474755,0.0,0.0,13.468298142477083,13.459790730173612,0.27575865238525665,12.634263130318587,14.568253549073118,1.1530750467048223,0.06185757382474755,5910
6,17.55513031609982,-10.438120843609322,0.030952698060814972,0.0,7.147962170551312,-10.438120843609322,nan,0.00023507537638554917,0.030717622684429412,17.80544716841696,-8.674061112159821,0.02852810047784843,0.0,9.159914156734988,-8.674061112159821,nan,355.6423988149326,3.355956379473478,0.0,9.219315038505904,105.97348672056637,46.0,46.0,,0.0002996105991975463,,,,,,,13.498959946712883,,0,12.634263130318587,14.568253549073118,inf,-inf,-0.7164725197056369,0.6033258799275115,-0.4597201996673319,0.601111397032401,inf,-inf,1.8960211688377815,0.18672051220804126,0.18672051220804126,0.18672051220804126,784,3.7543740718334506,1.9368576923576941,2.0005651611999284,,,-0.08274575773687597,13.496307611119697,0.2517591702654853,1.1530750467048223,0.06185757382474755,0.0,0.0,13.468298142477083,13.459790730173612,0.27575865238525665,12.634263130318587,14.568253549073118,1.1530750467048223,0.06185757382474755,5910
7,16.093884692413393,-11.411153849393182,0.036440707427619325,0.0,4.719171550447831,-11.411153849393182,nan,0.0003031468280559805,0.03613756059956333,17.80544716841696,-8.674061112159821,0.02852810047784843,0.0,9.159914156734988,-8.674061112159821,nan,352.98634677081884,2.7289334432330805,0.0,7.248744886253546,129.34956242561245,46.0,46.0,,0.000299491464591178,,,,,,,13.498959946712883,,0,12.634263130318587,14.568253549073118,inf,-inf,-0.45947724487689195,0.42739712573675503,-0.47981046879010497,0.5243318332916199,inf,-inf,1.9061133905193082,0.18632929297500472,0.18632929297500472,0.18632929297500472,784,3.7543740718334506,1.9368576923576941,2.0005651611999284,,,-0.08274575773687597,13.496307611119697,0.2517591702654853,1.1530750467048223,0.06185757382474755,0.0,0.0,13.468298142477083,13.459790730173612,0.27575865238525665,12.634263130318587,14.568253549073118,1.1530750467048223,0.06185757382474755,5910
8,14.758149053762649,-11.949085843539262,0.04085473822520598,0.0,2.849917948448593,-11.949085843539262,nan,0.000378926242675721,0.04047581198253027,17.80544716841696,-8.674061112159821,0.02852810047784843,0.0,9.159914156734988,-8.674061112159821,nan,231.3592885883561,2.53400401984867,0.0,6.142798194836734,91.30186328677284,46.0,46.0,,0.00029935648486744646,,,,,,,13.498959946712883,,0,12.634263130318587,14.568253549073118,inf,-inf,-0.5049220472348442,0.441371686239508,-0.44724941329733225,0.6077646613614914,inf,-inf,1.9186699218969079,0.18546682043154167,0.18546682043154167,0.18546682043154167,784,3.7543740718334506,1.9368576923576941,2.0005651611999284,,,-0.08274575773687597,13.496307611119697,0.2517591702654853,1.1530750467048223,0.06185757382474755,0.0,0.0,13.468298142477083,13.459790730173612,0.27575865238525665,12.634263130318587,14.568253549073118,1.1530750467048223,0.06185757382474755,5910
9,13.497986948559968,-12.25953594415475,0.042686771612453364,0.0,1.2811377760176703,-12.25953594415475,nan,0.0004619977211128333,0.04222477389134052,17.80544716841696,-8.674061112159821,0.02852810047784843,0.0,9.159914156734988,-8.674061112159821,nan,222.7394579792086,2.5232524645180594,0.0,5.49565531057783,88.27474107778264,46.0,46.0,,0.00029920567482839947,,,,,,,13.498959946712883,,0,12.634263130318587,14.568253549073118,inf,-inf,-0.481323579561587,0.4701740273306216,-0.38580599480084626,0.7412648953992103,inf,-inf,1.9332343548023294,0.18444704701187134,0.18444704701187134,0.18444704701187134,784,3.7543740718334506,1.9368576923576941,2.0005651611999284,,,-0.08274575773687597,13.496307611119697,0.2517591702654853,1.1530750467048223,0.06185757382474755,0.0,0.0,13.468298142477083,13.459790730173612,0.27575865238525665,12.634263130318587,14.568253549073118,1.1530750467048223,0.06185757382474755,5910
10,12.625300197201115,-12.506396867551308,0.04311668999912884,0.0,0.16202001964893628,-12.506396867551308,nan,0.0005515695677494926,0.042565120431379354,12.244054931712991,-12.624194550730554,0.04217118570521121,0.0,-0.3379684333123511,-12.624194550730554,nan,231.15388480964975,2.503755923956766,0.0,4.985042476703378,92.32285088090768,46.0,46.0,,0.00029903905101205734,,,,,,,12.51093177672952,,0,11.262468322672412,14.364535521830582,inf,-inf,-0.4833836958745081,0.4238659564621274,-0.38351996665625787,0.756361511365547,inf,-inf,1.9487343689374013,0.1833254433535278,0.1833254433535278,0.1833254433535278,784,3.716261473153916,1.926142812554395,2.01616045744293,,,-0.15113856233338907,12.525724963430196,0.31781780012005223,1.2754340443216534,0.1056580051427729,0.0,0.0,12.468667682595742,12.504444145233373,0.36791063088145376,11.262468322672412,14.364535521830582,1.2754340443216534,0.1056580051427729,5910
11,12.009422305160216,-12.708585643412329,0.04190122691795914,0.0,-0.6572621113341538,-12.708585643412329,nan,0.000644653539300784,0.04125657337865836,12.244054931712991,-12.624194550730554,0.04217118570521121,0.0,-0.3379684333123511,-12.624194550730554,nan,230.49285848964348,2.4636493505503894,0.0,4.566134105179544,93.55749365799578,46.0,46.0,,0.0002988566316905992,,,,,,,12.51093177672952,,0,11.262468322672412,14.364535521830582,inf,-inf,-0.5425519272068574,0.35957576965237636,-0.3699754431486958,0.8559103259680848,inf,-inf,1.9643783689162317,0.18223289549714494,0.18223289549714494,0.18223289549714494,784,3.716261473153916,1.926142812554395,2.01616045744293,,,-0.15113856233338907,12.525724963430196,0.31781780012005223,1.2754340443216534,0.1056580051427729,0.0,0.0,12.468667682595742,12.504444145233373,0.36791063088145376,11.262468322672412,14.364535521830582,1.2754340443216534,0.1056580051427729,5910
12,11.501220762370515,-12.815502323599299,0.04038064097311152,0.0,-1.2739009202556721,-12.815502323599299,nan,0.0007393521716011951,0.039641288801510334,12.244054931712991,-12.624194550730554,0.04217118570521121,0.0,-0.3379684333123511,-12.624194550730554,nan,313.1582613675046,2.328979115435548,0.0,4.337693949153328,134.4616013479967,46.0,46.0,,0.00029865843686835924,,,,,,,12.51093177672952,,0,11.262468322672412,14.364535521830582,inf,-inf,-0.39275962385245394,0.38089009861176426,-0.38989607874317117,0.9263004646361949,inf,-inf,1.9790482449327698,0.18123731727384534,0.18123731727384534,0.18123731727384534,784,3.716261473153916,1.926142812554395,2.01616045744293,,,-0.15113856233338907,12.525724963430196,0.31781780012005223,1.2754340443216534,0.1056580051427729,0.0,0.0,12.468667682595742,12.504444145233373,0.36791063088145376,11.262468322672412,14.364535521830582,1.2754340443216534,0.1056580051427729,5910
13,11.11025213262685,-12.975645414523157,0.03871024488717393,0.0,-1.8266830370091325,-12.975645414523157,nan,0.0008365498949943888,0.037873694992179525,12.244054931712991,-12.624194550730554,0.04217118570521121,0.0,-0.3379684333123511,-12.624194550730554,nan,206.83433109280637,2.3076536743491927,0.0,4.014511679423944,89.62971064154071,46.0,46.0,,0.00029844448827963323,,,,,,,12.51093177672952,,0,11.262468322672412,14.364535521830582,inf,-inf,-0.5251870044071317,0.4326703384055134,-0.3409190625125902,0.753384338337957,inf,-inf,1.9923774258456268,0.18043676532117764,0.18043676532117764,0.18043676532117764,784,3.716261473153916,1.926142812554395,2.01616045744293,,,-0.15113856233338907,12.525724963430196,0.31781780012005223,1.2754340443216534,0.1056580051427729,0.0,0.0,12.468667682595742,12.504444145233373,0.36791063088145376,11.262468322672412,14.364535521830582,1.2754340443216534,0.1056580051427729,5910
14,10.861624400912268,-13.03736967506644,0.037329975779180305,0.0,-2.138415298374992,-13.03736967506644,nan,0.0009348823139708021,0.03639509346520951,12.244054931712991,-12.624194550730554,0.04217118570521121,0.0,-0.3379684333123511,-12.624194550730554,nan,344.4174051436031,2.1808360334031036,0.0,3.8802465710289087,157.9290693423449,46.0,46.0,,0.0002982148093862949,,,,,,,12.51093177672952,,0,11.262468322672412,14.364535521830582,inf,-inf,-0.3289884899154954,0.45940146399889803,-0.35073861347757407,0.7998444978069946,inf,-inf,2.005006451798384,0.17968335325856877,0.17968335325856877,0.17968335325856877,784,3.716261473153916,1.926142812554395,2.01616045744293,,,-0.15113856233338907,12.525724963430196,0.31781780012005223,1.2754340443216534,0.1056580051427729,0.0,0.0,12.468667682595742,12.504444145233373,0.36791063088145376,11.262468322672412,14.364535521830582,1.2754340443216534,0.1056580051427729,5910
15,10.58053392758281,-13.228035476222948,0.035880038758296505,0.0,-2.611621509881841,-13.228035476222948,nan,0.0010339287896211798,0.03484610996867533,10.343568924843838,-13.03017714587848,0.035530880143745044,0.0,-2.651077340890896,-13.03017714587848,nan,184.13869332172436,2.165644801563122,0.0,3.4970767944287293,85.02719060337895,46.0,46.0,,0.00029796942537522314,,,,,,,11.74418110463612,,0,10.375897822024688,13.366776591804566,inf,-inf,-0.2757447842020737,0.36024504441448874,-0.3454378995720545,0.7693227421159265,inf,-inf,2.016298148385763,0.17912293709424168,0.17912293709424168,0.17912293709424168,784,3.6799670926287407,1.9160889832025154,2.0073223628390737,,,-0.2091464970098152,11.776090370703963,0.34323561764567073,1.2882525272590104,0.11000100312113181,0.0,0.0,11.70604626007594,11.767257176959863,0.4108770183827366,10.375897822024688,13.366776591804566,1.2882525272590104,0.11000100312113181,5910
16,10.311093479191655,-13.30905068013649,0.03547042292205647,0.0,-2.962486778022779,-13.30905068013649,nan,0.0011322806565556994,0.03433814226550078,10.343568924843838,-13.03017714587848,0.035530880143745044,0.0,-2.651077340890896,-13.03017714587848,nan,179.51901804070582,2.3009609125426076,0.0,3.3403113303293113,78.01915150411388,46.0,46.0,,0.00029770836315553997,,,,,,,11.74418110463612,,0,10.375897822024688,13.366776591804566,inf,-inf,-0.251782013619583,0.35857865737577477,-0.30545723022473004,0.5899923503869586,inf,-inf,2.026455729551246,0.17869111980477054,0.17869111980477054,0.17869111980477054,784,3.6799670926287407,1.9160889832025154,2.0073223628390737,,,-0.2091464970098152,11.776090370703963,0.34323561764567073,1.2882525272590104,0.11000100312113181,0.0,0.0,11.70604626007594,11.767257176959863,0.4108770183827366,10.375897822024688,13.366776591804566,1.2882525272590104,0.11000100312113181,5910
17,10.126519917538715,-13.367124718587517,0.03479156014369002,0.0,-3.205813240905112,-13.367124718587517,nan,0.0012314583415623448,0.033560101802127665,10.343568924843838,-13.03017714587848,0.035530880143745044,0.0,-2.651077340890896,-13.03017714587848,nan,207.17713261619406,2.228062348673011,0.0,3.2160525757978826,92.98533891548618,46.0,46.0,,0.0002974316513556598,,,,,,,11.74418110463612,,0,10.375897822024688,13.366776591804566,inf,-inf,-0.2903110863497851,0.3752310776970553,-0.299354271006019,0.5221847416936553,inf,-inf,2.0352140614863985,0.17835409009487804,0.17835409009487804,0.17835409009487804,784,3.6799670926287407,1.9160889832025154,2.0073223628390737,,,-0.2091464970098152,11.776090370703963,0.34323561764567073,1.2882525272590104,0.11000100312113181,0.0,0.0,11.70604626007594,11.767257176959863,0.4108770183827366,10.375897822024688,13.366776591804566,1.2882525272590104,0.11000100312113181,5910
18,9.962644377495694,-13.409442116997855,0.033745348219040926,0.0,-3.41305239128312,-13.409442116997855,nan,0.0013338365091885996,0.03241151170985232,10.343568924843838,-13.03017714587848,0.035530880143745044,0.0,-2.651077340890896,-13.03017714587848,nan,287.41317073477853,2.0091381546892593,0.0,3.127305371786742,143.05296530453424,46.0,46.0,,0.0002971393203201496,,,,,,,11.74418110463612,,0,10.375897822024688,13.366776591804566,inf,-inf,-0.4104484393496698,0.30438684129157206,-0.28694961317331935,0.6021664585402758,inf,-inf,2.0425634990354644,0.17819825506579992,0.17819825506579992,0.17819825506579992,784,3.6799670926287407,1.9160889832025154,2.0073223628390737,,,-0.2091464970098152,11.776090370703963,0.34323561764567073,1.2882525272590104,0.11000100312113181,0.0,0.0,11.70604626007594,11.767257176959863,0.4108770183827366,10.375897822024688,13.366776591804566,1.2882525272590104,0.11000100312113181,5910
19,9.837030761762517,-13.502281211912054,0.033475142256923704,0.0,-3.631775307892614,-13.502281211912054,nan,0.0014377397613794423,0.03203740249554426,10.343568924843838,-13.03017714587848,0.035530880143745044,0.0,-2.651077340890896,-13.03017714587848,nan,241.14792368856087,2.0348870756311364,0.0,2.9472360882242516,118.50678427144018,46.0,46.0,,0.00029683140210640173,,,,,,,11.74418110463612,,0,10.375897822024688,13.366776591804566,inf,-inf,-0.2785550513845279,0.4534804394613719,-0.2784416363266045,0.5197139174579077,inf,-inf,2.05063853227056,0.17806069799791857,0.17806069799791857,0.17806069799791857,784,3.6799670926287407,1.9160889832025154,2.0073223628390737,,,-0.2091464970098152,11.776090370703963,0.34323561764567073,1.2882525272590104,0.11000100312113181,0.0,0.0,11.70604626007594,11.767257176959863,0.4108770183827366,10.375897822024688,13.366776591804566,1.2882525272590104,0.11000100312113181,5910
20,9.691443981927042,-13.527508944215892,0.0330613994272167,0.0,-3.803003562861633,-13.527508944215892,nan,0.0015430889922214749,0.03151831043499522,9.458711605720298,-13.481096961329449,0.03287105081602445,0.0,-3.9895143047931265,-13.481096961329449,nan,254.28406666932642,1.97299566856726,0.0,2.8904068868901303,128.8822224602151,46.0,46.0,,0.00029650793048111826,,,,,,,11.138982392326923,,0,9.717529941989449,12.753300230324937,inf,-inf,-0.2876529818399195,0.34675965404520476,-0.2980674024144024,0.5751314940154867,inf,-inf,2.057408067570973,0.1780381034562444,0.1780381034562444,0.1780381034562444,784,3.6372112097449216,1.904511869351567,1.995778731696714,,,-0.2574662035506516,11.184557491193004,0.35547802591936706,1.3124014339506096,0.11806669623130428,0.0,0.0,11.10191238520614,11.172508812904125,0.42688919557595734,9.717529941989449,12.753300230324937,1.3124014339506096,0.11806669623130428,5910
21,9.593114783444127,-13.64695787435276,0.032824137522901295,0.0,-4.021018953385731,-13.64695787435276,nan,0.0016501950665695363,0.031173942456331774,9.458711605720298,-13.481096961329449,0.03287105081602445,0.0,-3.9895143047931265,-13.481096961329449,nan,176.51744238938042,2.0111651119868776,0.0,2.659726200244145,87.76874724870036,46.0,46.0,,0.0002961689409166081,,,,,,,11.138982392326923,,0,9.717529941989449,12.753300230324937,inf,-inf,-0.19992051323687193,0.30916589300005864,-0.265753035168712,0.4653015846240848,inf,-inf,2.063865987071851,0.177995936458709,0.177995936458709,0.177995936458709,784,3.6372112097449216,1.904511869351567,1.995778731696714,,,-0.2574662035506516,11.184557491193004,0.35547802591936706,1.3124014339506096,0.11806669623130428,0.0,0.0,11.10191238520614,11.172508812904125,0.42688919557595734,9.717529941989449,12.753300230324937,1.3124014339506096,0.11806669623130428,5910
22,9.431216764170546,-13.629836123094542,0.032840943710193964,0.0,-4.1657784152138015,-13.629836123094542,nan,0.001757438896167109,0.031083504814026858,9.458711605720298,-13.481096961329449,0.03287105081602445,0.0,-3.9895143047931265,-13.481096961329449,nan,225.0841535200797,1.9836202345160736,0.0,2.6910428899660737,113.47139417288284,46.0,46.0,,0.0002958144705868971,,,,,,,11.138982392326923,,0,9.717529941989449,12.753300230324937,inf,-inf,-0.22543460512390923,0.3441246642516003,-0.2736279104622392,0.37853342559208775,inf,-inf,2.069221256952189,0.17808560922437963,0.17808560922437963,0.17808560922437963,784,3.6372112097449216,1.904511869351567,1.995778731696714,,,-0.2574662035506516,11.184557491193004,0.35547802591936706,1.3124014339506096,0.11806669623130428,0.0,0.0,11.10191238520614,11.172508812904125,0.42688919557595734,9.717529941989449,12.753300230324937,1.3124014339506096,0.11806669623130428,5910
23,9.326244396758506,-13.736087557380275,0.03284004964831429,0.0,-4.377003110973455,-13.736087557380275,nan,0.0018675772599094295,0.030972472388404858,9.458711605720298,-13.481096961329449,0.03287105081602445,0.0,-3.9895143047931265,-13.481096961329449,nan,158.88229559546025,2.037712429441913,0.0,2.47848827526021,77.97091154759987,46.0,46.0,,0.0002954445583636514,,,,,,,11.138982392326923,,0,9.717529941989449,12.753300230324937,inf,-inf,-0.2297701547176675,0.3440328690050864,-0.26375205589838785,0.4382001889279404,inf,-inf,2.0746824073119057,0.17827343764729428,0.17827343764729428,0.17827343764729428,784,3.6372112097449216,1.904511869351567,1.995778731696714,,,-0.2574662035506516,11.184557491193004,0.35547802591936706,1.3124014339506096,0.11806669623130428,0.0,0.0,11.10191238520614,11.172508812904125,0.42688919557595734,9.717529941989449,12.753300230324937,1.3124014339506096,0.11806669623130428,5910
24,9.220144959253659,-13.757762282901583,0.033062386748198405,0.0,-4.5045549368997255,-13.757762282901583,nan,0.001977523114764431,0.031084863633433962,9.458711605720298,-13.481096961329449,0.03287105081602445,0.0,-3.9895143047931265,-13.481096961329449,nan,186.7715539964811,1.9678719106804035,0.0,2.4403638901083418,94.91042226010723,46.0,46.0,,0.00029505924481191474,,,,,,,11.138982392326923,,0,9.717529941989449,12.753300230324937,inf,-inf,-0.2483624357141877,0.31188671260604495,-0.2655844207639014,0.3659544287209097,inf,-inf,2.0803342111837786,0.17835062486446335,0.17835062486446335,0.17835062486446335,784,3.6372112097449216,1.904511869351567,1.995778731696714,,,-0.2574662035506516,11.184557491193004,0.35547802591936706,1.3124014339506096,0.11806669623130428,0.0,0.0,11.10191238520614,11.172508812904125,0.42688919557595734,9.717529941989449,12.753300230324937,1.3124014339506096,0.11806669623130428,5910
25,9.133921269114898,-13.804913980251166,0.03314799752601942,0.0,-4.6378447136102485,-13.804913980251166,nan,0.0020895184026393965,0.03105847912338004,8.85269250478122,-13.610779125231698,0.03315304566630971,0.0,-4.724933574784168,-13.610779125231698,nan,181.29667639077311,1.9776335175432116,0.0,2.3421729768794006,91.67354556975532,46.0,46.0,,0.0002946585721856603,,,,,,,10.621641617280947,,0,9.116094210248077,12.18054062245564,inf,-inf,-0.20403506221659182,0.31805106055405,-0.2711308644309344,0.33194298823462887,inf,-inf,2.0854706920074775,0.1785639117482256,0.1785639117482256,0.1785639117482256,784,3.597641825745236,1.893819378438327,1.9892093128348187,,,-0.3007799875356562,10.680132616516293,0.36738234865542785,1.3361578260964648,0.1258577597521826,0.0,0.0,10.588706957399861,10.662233481546895,0.43833259947235803,9.155222551386636,12.18054062245564,1.3304472451749185,0.12399765860656886,5910
26,8.985697107858536,-13.801173691088907,0.03306054436663212,0.0,-4.7824160388637385,-13.801173691088907,nan,0.0022035142101565863,0.030857030156475528,8.85269250478122,-13.610779125231698,0.03315304566630971,0.0,-4.724933574784168,-13.610779125231698,nan,226.67353968024162,1.9374039219136312,0.0,2.352844574378057,116.99859648077384,46.0,46.0,,0.0002942425844231566,,,,,,,10.621641617280947,,0,9.116094210248077,12.18054062245564,inf,-inf,-0.28151245976977296,0.37957030433993194,-0.24743907919079716,0.4058795468244662,inf,-inf,2.09138849096348,0.1786797957039275,0.1786797957039275,0.1786797957039275,784,3.597641825745236,1.893819378438327,1.9892093128348187,,,-0.3007799875356562,10.680132616516293,0.36738234865542785,1.3361578260964648,0.1258577597521826,0.0,0.0,10.588706957399861,10.662233481546895,0.43833259947235803,9.155222551386636,12.18054062245564,1.3304472451749185,0.12399765860656886,5910
27,8.918514393965497,-13.853838495359575,0.03278776023187026,0.0,-4.902536341162208,-13.853838495359575,nan,0.002320265356652908,0.030467494875217355,8.85269250478122,-13.610779125231698,0.03315304566630971,0.0,-4.724933574784168,-13.610779125231698,nan,162.75691661016316,1.9384034460576058,0.0,2.248331771131947,83.9644176970403,46.0,46.0,,0.0002938113271421496,,,,,,,10.621641617280947,,0,9.116094210248077,12.18054062245564,inf,-inf,-0.24744040796818323,0.3705337325775176,-0.3294026030425671,0.3573792195335221,inf,-inf,2.096622718571264,0.17892636117788926,0.17892636117788926,0.17892636117788926,784,3.597641825745236,1.893819378438327,1.9892093128348187,,,-0.3007799875356562,10.680132616516293,0.36738234865542785,1.3361578260964648,0.1258577597521826,0.0,0.0,10.588706957399861,10.662233481546895,0.43833259947235803,9.155222551386636,12.18054062245564,1.3304472451749185,0.12399765860656886,5910
28,8.837926568860366,-13.903810366951447,0.03276545048120678,0.0,-5.033118347609874,-13.903810366951447,nan,0.0024390285207651517,0.03032642196044161,8.85269250478122,-13.610779125231698,0.03315304566630971,0.0,-4.724933574784168,-13.610779125231698,nan,163.0191138131875,1.9045232217246393,0.0,2.151090124473941,85.59576063638944,46.0,46.0,,0.00029336484763486,,,,,,,10.621641617280947,,0,9.116094210248077,12.18054062245564,inf,-inf,-0.19168650186835837,0.3855200697903845,-0.2332342307767886,0.31788939083133777,inf,-inf,2.1012206857643965,0.17920595811869466,0.17920595811869466,0.17920595811869466,784,3.597641825745236,1.893819378438327,1.9892093128348187,,,-0.3007799875356562,10.680132616516293,0.36738234865542785,1.3361578260964648,0.1258577597521826,0.0,0.0,10.588706957399861,10.662233481546895,0.43833259947235803,9.155222551386636,12.18054062245564,1.3304472451749185,0.12399765860656886,5910
29,8.76404843322253,-13.90956536343682,0.0326751678616669,0.0,-5.112841762352623,-13.90956536343682,nan,0.0025578759015003768,0.03011729196016651,8.85269250478122,-13.610779125231698,0.03315304566630971,0.0,-4.724933574784168,-13.610779125231698,nan,217.43470056867358,1.9259560127445408,0.0,2.1367974848551197,112.89702315621585,46.0,46.0,,0.00029290319486279713,,,,,,,10.621641617280947,,0,9.116094210248077,12.18054062245564,inf,-inf,-0.2444991922808048,0.35600139332167763,-0.31811814351618206,0.28942495869101215,inf,-inf,2.106644953750094,0.17938598368123929,0.17938598368123929,0.17938598368123929,784,3.597641825745236,1.893819378438327,1.9892093128348187,,,-0.3007799875356562,10.680132616516293,0.36738234865542785,1.3361578260964648,0.1258577597521826,0.0,0.0,10.588706957399861,10.662233481546895,0.43833259947235803,9.155222551386636,12.18054062245564,1.3304472451749185,0.12399765860656886,5910
30,8.711430227402131,-13.924584439049353,0.032434687286999185,0.0,-5.180719524360223,-13.924584439049353,nan,0.002680936237883193,0.029753751049116005,8.628650672311508,-13.926153057915716,0.03241125338101365,0.0,-5.265091132223194,-13.926153057915716,nan,208.67512273035626,1.804844996283621,0.0,2.1095977895082534,115.61941505228528,46.0,46.0,,0.0002924264194513898,,,,,,,10.151124922590661,,0,8.610419519267518,11.629900868101899,inf,-inf,-0.23878428982730088,0.4227250644157475,-0.3570537190451747,0.3195752226068112,inf,-inf,2.112138606479151,0.17969703230184658,0.17969703230184658,0.17969703230184658,784,3.556787117057167,1.8828331400910983,1.984488654989208,,,-0.3419678099147903,10.22134200501156,0.3788470767978812,1.3506776112450378,0.13055170108314285,0.0,0.0,10.124856798752571,10.208850000310651,0.4500342575003551,8.68987596616123,11.629900868101899,1.3383276025330233,0.126562435223595,5910
31,8.674281436415212,-13.984585625850658,0.03236043951175484,0.0,-5.277943749923691,-13.984585625850658,nan,0.002806510294999905,0.02955392921675493,8.628650672311508,-13.926153057915716,0.03241125338101365,0.0,-5.265091132223194,-13.926153057915716,nan,167.53096546475234,1.8645574622831291,0.0,1.9936879942579173,89.85025608146857,46.0,46.0,,0.00029193457368443463,,,,,,,10.151124922590661,,0,8.610419519267518,11.629900868101899,inf,-inf,-0.21262313849278613,0.3258625483380227,-0.3371108734265981,0.27756728790137464,inf,-inf,2.117947297898791,0.17986503366089562,0.17986503366089562,0.17986503366089562,784,3.556787117057167,1.8828331400910983,1.984488654989208,,,-0.3419678099147903,10.22134200501156,0.3788470767978812,1.3506776112450378,0.13055170108314285,0.0,0.0,10.124856798752571,10.208850000310651,0.4500342575003551,8.68987596616123,11.629900868101899,1.3383276025330233,0.126562435223595,5910
32,8.59410573824342,-13.995453988370159,0.032153302660252715,0.0,-5.369194947466487,-13.995453988370159,nan,0.0029314553322859933,0.02922184732796671,8.628650672311508,-13.926153057915716,0.03241125338101365,0.0,-5.265091132223194,-13.926153057915716,nan,207.60456919075696,1.7690468195066387,0.0,1.9739627547680982,117.3539144931477,46.0,46.0,,0.0002914277114983626,,,,,,,10.151124922590661,,0,8.610419519267518,11.629900868101899,inf,-inf,-0.2574263841360281,0.34404517486499037,-0.2531565287343016,0.27315061043176597,inf,-inf,2.1230109317309447,0.1801269871121767,0.1801269871121767,0.1801269871121767,784,3.556787117057167,1.8828331400910983,1.984488654989208,,,-0.3419678099147903,10.22134200501156,0.3788470767978812,1.3506776112450378,0.13055170108314285,0.0,0.0,10.124856798752571,10.208850000310651,0.4500342575003551,8.68987596616123,11.629900868101899,1.3383276025330233,0.126562435223595,5910
33,8.522505608280344,-14.005492801987014,0.031993739755090525,0.0,-5.450993453951579,-14.005492801987014,nan,0.00305992605800665,0.028933813697083876,8.628650672311508,-13.926153057915716,0.03241125338101365,0.0,-5.265091132223194,-13.926153057915716,nan,194.67591030376522,1.8400819858514061,0.0,1.9500024477050277,105.7974110939892,46.0,46.0,,0.00029090588847632414,,,,,,,10.151124922590661,,0,8.610419519267518,11.629900868101899,inf,-inf,-0.254929842232719,0.3835653563177242,-0.42995396151847026,0.2767141651414835,inf,-inf,2.127452360130451,0.18048855229905997,0.18048855229905997,0.18048855229905997,784,3.556787117057167,1.8828331400910983,1.984488654989208,,,-0.3419678099147903,10.22134200501156,0.3788470767978812,1.3506776112450378,0.13055170108314285,0.0,0.0,10.124856798752571,10.208850000310651,0.4500342575003551,8.68987596616123,11.629900868101899,1.3383276025330233,0.126562435223595,5910
34,8.464883760985163,-14.035448665270279,0.0315181222711133,0.0,-5.539046782014002,-14.035448665270279,nan,0.0031915681769905625,0.028326554094122734,8.628650672311508,-13.926153057915716,0.03241125338101365,0.0,-5.265091132223194,-13.926153057915716,nan,182.91129422269316,1.709970187562353,0.0,1.8933959324602843,106.96753402668514,46.0,46.0,,0.0002903691618420941,,,,,,,10.151124922590661,,0,8.610419519267518,11.629900868101899,inf,-inf,-0.2344517365657598,0.337951478349064,-0.30601337903290105,0.2551423347319701,inf,-inf,2.1304252790547604,0.18089819970387916,0.18089819970387916,0.18089819970387916,784,3.556787117057167,1.8828331400910983,1.984488654989208,,,-0.3419678099147903,10.22134200501156,0.3788470767978812,1.3506776112450378,0.13055170108314285,0.0,0.0,10.124856798752571,10.208850000310651,0.4500342575003551,8.68987596616123,11.629900868101899,1.3383276025330233,0.126562435223595,5910
35,8.40692284307162,-14.068176621500447,0.031392705783760924,0.0,-5.629861072645067,-14.068176621500447,nan,0.003323231887415629,0.0280694738963453,8.302584604082654,-14.079551955294207,0.03119755029379648,0.0,-5.745769800917756,-14.079551955294207,nan,170.3960913619857,1.6895941489990498,0.0,1.8295731071842187,100.85030861578909,46.0,46.0,,0.0002898175904537963,,,,,,,9.718711781890711,,0,8.17076706320935,11.142368300129842,inf,-inf,-0.2023912584754663,0.3321320707992138,-0.3048515658989685,0.24460417501020446,inf,-inf,2.1354637866784163,0.1811379612899198,0.1811379612899198,0.1811379612899198,784,3.516794064891053,1.8719476606614531,1.9804076802396675,,,-0.3814858517002804,9.795315174840216,0.39249193554953954,1.3636869358693102,0.1347146799760519,0.0,0.0,9.699367648070668,9.795277704817575,0.4647390679390296,8.285185733118109,11.142368300129842,1.3448543773244344,0.12867526088241155,5910
36,8.34592959607427,-14.07232258509033,0.031156705363050742,0.0,-5.695236283653008,-14.07232258509033,nan,0.003457160370948427,0.027699544992102327,8.302584604082654,-14.079551955294207,0.03119755029379648,0.0,-5.745769800917756,-14.079551955294207,nan,151.36244660950442,1.7618766811642792,0.0,1.8201760664713065,85.90978484911977,46.0,46.0,,0.00028925123479744914,,,,,,,9.718711781890711,,0,8.17076706320935,11.142368300129842,inf,-inf,-0.15033275683537065,0.43877389515139903,-0.24752373621403878,0.3176637051692077,inf,-inf,2.140412622289866,0.18143052513148386,0.18143052513148386,0.18143052513148386,784,3.516794064891053,1.8719476606614531,1.9804076802396675,,,-0.3814858517002804,9.795315174840216,0.39249193554953954,1.3636869358693102,0.1347146799760519,0.0,0.0,9.699367648070668,9.795277704817575,0.4647390679390296,8.285185733118109,11.142368300129842,1.3448543773244344,0.12867526088241155,5910
37,8.266600726633026,-14.086359399233162,0.030990198904723962,0.0,-5.788768473695412,-14.086359399233162,nan,0.0035954111871350637,0.027394787717588878,8.302584604082654,-14.079551955294207,0.03119755029379648,0.0,-5.745769800917756,-14.079551955294207,nan,178.32533818196993,1.6524844753850265,0.0,1.7911958663391478,107.91347261548123,46.0,46.0,,0.0002886701569803325,,,,,,,9.718711781890711,,0,8.17076706320935,11.142368300129842,inf,-inf,-0.19188090267583285,0.3957947396827068,-0.2814571198406875,0.30207859143944277,inf,-inf,2.1446756764082915,0.18176119491590212,0.18176119491590212,0.18176119491590212,784,3.516794064891053,1.8719476606614531,1.9804076802396675,,,-0.3814858517002804,9.795315174840216,0.39249193554953954,1.3636869358693102,0.1347146799760519,0.0,0.0,9.699367648070668,9.795277704817575,0.4647390679390296,8.285185733118109,11.142368300129842,1.3448543773244344,0.12867526088241155,5910
38,8.212529335736042,-14.069718532022943,0.03067275916515049,0.0,-5.826516437121751,-14.069718532022943,nan,0.0037352308730203457,0.02693752829213013,8.302584604082654,-14.079551955294207,0.03119755029379648,0.0,-5.745769800917756,-14.079551955294207,nan,211.414301346727,1.6385955947162767,0.0,1.8300962353839514,129.0216463588952,46.0,46.0,,0.00028807442072417716,,,,,,,9.718711781890711,,0,8.17076706320935,11.142368300129842,inf,-inf,-0.24075438971271892,0.44708890866464324,-0.29308936676304564,0.28070974946741994,inf,-inf,2.1493118753040923,0.18218476386924887,0.18218476386924887,0.18218476386924887,784,3.516794064891053,1.8719476606614531,1.9804076802396675,,,-0.3814858517002804,9.795315174840216,0.39249193554953954,1.3636869358693102,0.1347146799760519,0.0,0.0,9.699367648070668,9.795277704817575,0.4647390679390296,8.285185733118109,11.142368300129842,1.3448543773244344,0.12867526088241155,5910
39,8.177298314326572,-14.125252635122168,0.030719996324177025,0.0,-5.917234324471418,-14.125252635122168,nan,0.003882545771707651,0.02683745055246937,8.302584604082654,-14.079551955294207,0.03119755029379648,0.0,-5.745769800917756,-14.079551955294207,nan,150.09802307287717,1.601232386495416,0.0,1.722732389211801,93.73906269869646,46.0,46.0,,0.000287464091358177,,,,,,,9.718711781890711,,0,8.17076706320935,11.142368300129842,inf,-inf,-0.21375353070807732,0.3782986240311818,-0.2483813911585241,0.26199695910888043,inf,-inf,2.1529505170055527,0.18253758142829243,0.18253758142829243,0.18253758142829243,784,3.516794064891053,1.8719476606614531,1.9804076802396675,,,-0.3814858517002804,9.795315174840216,0.39249193554953954,1.3636869358693102,0.1347146799760519,0.0,0.0,9.699367648070668,9.795277704817575,0.4647390679390296,8.285185733118109,11.142368300129842,1.3448543773244344,0.12867526088241155,5910
40,8.11409201105267,-14.101872488596737,0.03063358350707335,0.0,-5.957146894036994,-14.101872488596737,nan,0.00402926621114981,0.026604317295923545,8.122424026244843,-14.210316085893503,0.030588025565604433,0.0,-6.057304034083055,-14.210316085893503,nan,181.92642069809415,1.5892352531288392,0.0,1.7621743365934237,114.4741914955151,46.0,46.0,,0.00028683923581182487,,,,,,,9.303837023880902,,0,7.767085147709479,10.679634212456019,inf,-inf,-0.17673018166062912,0.35520156962461386,-0.23690984167770124,0.28310141112655873,inf,-inf,2.157693756127326,0.18291702180682615,0.18291702180682615,0.18291702180682615,784,3.4768963621658333,1.8609667992638321,1.9779338598656986,,,-0.4210844790163083,9.379041751733668,0.4062696737813772,1.374986112467874,0.13829831175971585,0.0,0.0,9.29218739416417,9.391466293614751,0.4794093014939157,7.833347728738837,10.679634212456019,1.363355053583895,0.13460897229243995,5910
41,8.06491043827374,-14.161547511697487,0.030476720499420316,0.0,-6.066160352924326,-14.161547511697487,nan,0.004179148717443466,0.026297571781976843,8.122424026244843,-14.210316085893503,0.030588025565604433,0.0,-6.057304034083055,-14.210316085893503,nan,142.03982476453896,1.5198780643739125,0.0,1.6489439453027401,93.45475015000615,46.0,46.0,,0.00028619992260757275,,,,,,,9.303837023880902,,0,7.767085147709479,10.679634212456019,inf,-inf,-0.1879922700350494,0.37433831748981894,-0.23824385396717512,0.3134793449847549,inf,-inf,2.163440228618371,0.1831334042344323,0.1831334042344323,0.1831334042344323,784,3.4768963621658333,1.8609667992638321,1.9779338598656986,,,-0.4210844790163083,9.379041751733668,0.4062696737813772,1.374986112467874,0.13829831175971585,0.0,0.0,9.29218739416417,9.391466293614751,0.4794093014939157,7.833347728738837,10.679634212456019,1.363355053583895,0.13460897229243995,5910
42,8.001729239989137,-14.135050446562724,0.030370146069780796,0.0,-6.102951060503806,-14.135050446562724,nan,0.004328905486528024,0.026041240583252773,8.122424026244843,-14.210316085893503,0.030588025565604433,0.0,-6.057304034083055,-14.210316085893503,nan,176.02850036777883,1.5245768594176607,0.0,1.697245733181753,115.46056158494761,46.0,46.0,,0.00028554622185331796,,,,,,,9.303837023880902,,0,7.767085147709479,10.679634212456019,inf,-inf,-0.16432981424845783,0.4069382382275586,-0.2511807357040186,0.26145195272278043,inf,-inf,2.1660887326973657,0.18359934336546146,0.18359934336546146,0.18359934336546146,784,3.4768963621658333,1.8609667992638321,1.9779338598656986,,,-0.4210844790163083,9.379041751733668,0.4062696737813772,1.374986112467874,0.13829831175971585,0.0,0.0,9.29218739416417,9.391466293614751,0.4794093014939157,7.833347728738837,10.679634212456019,1.363355053583895,0.13460897229243995,5910
43,7.968534195740931,-14.158025555443814,0.030241851242889004,0.0,-6.159249508459994,-14.158025555443814,nan,0.004486772248967246,0.02575507899392176,8.122424026244843,-14.210316085893503,0.030588025565604433,0.0,-6.057304034083055,-14.210316085893503,nan,158.35997779417613,1.4991986297316744,0.0,1.6558914628539292,105.62975089066036,46.0,46.0,,0.00028487820523471477,,,,,,,9.303837023880902,,0,7.767085147709479,10.679634212456019,inf,-inf,-0.20675033588388925,0.36118467384285596,-0.19709633830562656,0.25881319941643216,inf,-inf,2.1709409576549126,0.1837785010575158,0.1837785010575158,0.1837785010575158,784,3.4768963621658333,1.8609667992638321,1.9779338598656986,,,-0.4210844790163083,9.379041751733668,0.4062696737813772,1.374986112467874,0.13829831175971585,0.0,0.0,9.29218739416417,9.391466293614751,0.4794093014939157,7.833347728738837,10.679634212456019,1.363355053583895,0.13460897229243995,5910
44,7.925227287717597,-14.155020243382518,0.03029127949875531,0.0,-6.199501676166166,-14.155020243382518,nan,0.004646776980753173,0.025644502518002148,8.122424026244843,-14.210316085893503,0.030588025565604433,0.0,-6.057304034083055,-14.210316085893503,nan,165.27001078659734,1.6117781013699415,0.0,1.6569690197388334,102.53893550615001,46.0,46.0,,0.00028419594600731323,,,,,,,9.303837023880902,,0,7.767085147709479,10.679634212456019,inf,-inf,-0.2236757391957001,0.35689655468782927,-0.2827532139380589,0.28152992528484067,inf,-inf,2.174904610230328,0.18424534007868149,0.18424534007868149,0.18424534007868149,784,3.4768963621658333,1.8609667992638321,1.9779338598656986,,,-0.4210844790163083,9.379041751733668,0.4062696737813772,1.374986112467874,0.13829831175971585,0.0,0.0,9.29218739416417,9.391466293614751,0.4794093014939157,7.833347728738837,10.679634212456019,1.363355053583895,0.13460897229243995,5910
45,7.8546576003173145,-14.19023234008577,0.03015890415977749,0.0,-6.305415835608677,-14.19023234008577,nan,0.0048091011469083775,0.025349803012869127,7.785733521966478,-14.17316210478483,0.030251594440692964,0.0,-6.357176988377659,-14.17316210478483,nan,146.58086676052872,1.5342986583028584,0.0,1.5935150791767494,95.53607178583273,46.0,46.0,,0.00028349951898852603,,,,,,,8.907445644692968,,0,7.390357386027545,10.352336575956576,inf,-inf,-0.17170540613970048,0.3435625572173817,-0.20277375215522203,0.25141811224411365,inf,-inf,2.1779746215805758,0.18475872926648107,0.18475872926648107,0.18475872926648107,784,3.43852090512063,1.8502507795901715,1.9765062013358654,,,-0.4606046925160333,8.97935201949977,0.42056157636823654,1.4007897095110782,0.14637294267064238,0.0,0.0,8.903384119426915,9.00524796900751,0.4937536534177145,7.414530321687974,10.352336575956576,1.3962228390482578,0.14495473780409718,5910
46,7.856648121306045,-14.194008073002724,0.03027545008313876,0.0,-6.307084501613541,-14.194008073002724,nan,0.004971907726277754,0.025303542356861008,7.785733521966478,-14.17316210478483,0.030251594440692964,0.0,-6.357176988377659,-14.17316210478483,nan,149.07210152355518,1.50007514289645,0.0,1.585440231264612,99.37642272754172,46.0,46.0,,0.00028278900054942377,,,,,,,8.907445644692968,,0,7.390357386027545,10.352336575956576,inf,-inf,-0.1654965131149202,0.3656597921931512,-0.29814242458163664,0.29106607187888983,inf,-inf,2.183505041538849,0.18509882300207237,0.18509882300207237,0.18509882300207237,784,3.43852090512063,1.8502507795901715,1.9765062013358654,,,-0.4606046925160333,8.97935201949977,0.42056157636823654,1.4007897095110782,0.14637294267064238,0.0,0.0,8.903384119426915,9.00524796900751,0.4937536534177145,7.414530321687974,10.352336575956576,1.3962228390482578,0.14495473780409718,5910
47,7.8008846560121174,-14.189385730720694,0.030141121943378972,0.0,-6.3583599527651975,-14.189385730720694,nan,0.005138569801891244,0.025002552141487742,7.785733521966478,-14.17316210478483,0.030251594440692964,0.0,-6.357176988377659,-14.17316210478483,nan,168.4326544814342,1.6253660654155484,0.0,1.5939151532466695,103.6275200186193,46.0,46.0,,0.00028206446860636015,,,,,,,8.907445644692968,,0,7.390357386027545,10.352336575956576,inf,-inf,-0.16231895736045027,0.3693270079366932,-0.29268361584893055,0.27574903722903216,inf,-inf,2.188180455048102,0.1853202707980414,0.1853202707980414,0.1853202707980414,784,3.43852090512063,1.8502507795901715,1.9765062013358654,,,-0.4606046925160333,8.97935201949977,0.42056157636823654,1.4007897095110782,0.14637294267064238,0.0,0.0,8.903384119426915,9.00524796900751,0.4937536534177145,7.414530321687974,10.352336575956576,1.3962228390482578,0.14495473780409718,5910
48,7.741383177353798,-14.16777322745664,0.03002918836444927,0.0,-6.396360861738393,-14.16777322745664,nan,0.005312118620188295,0.024717069744260987,7.785733521966478,-14.17316210478483,0.030251594440692964,0.0,-6.357176988377659,-14.17316210478483,nan,174.48916911757487,1.5637319335954094,0.0,1.6367975146788665,111.58509036544442,46.0,46.0,,0.00028132600261242746,,,,,,,8.907445644692968,,0,7.390357386027545,10.352336575956576,inf,-inf,-0.3049681411973153,0.37666757362454384,-0.24002186941711212,0.25019865538368186,inf,-inf,2.1915412229599007,0.1856652694409214,0.1856652694409214,0.1856652694409214,784,3.43852090512063,1.8502507795901715,1.9765062013358654,,,-0.4606046925160333,8.97935201949977,0.42056157636823654,1.4007897095110782,0.14637294267064238,0.0,0.0,8.903384119426915,9.00524796900751,0.4937536534177145,7.414530321687974,10.352336575956576,1.3962228390482578,0.14495473780409718,5910
49,7.706082769210185,-14.223021712690796,0.030165168422542046,0.0,-6.48677377505807,-14.223021712690796,nan,0.005490395325389588,0.024674773097152464,7.785733521966478,-14.17316210478483,0.030251594440692964,0.0,-6.357176988377659,-14.17316210478483,nan,132.04270388971995,1.5226008121793837,0.0,1.5266615316346714,86.72181364511414,46.0,46.0,,0.0002805736835487436,,,,,,,8.907445644692968,,0,7.390357386027545,10.352336575956576,inf,-inf,-0.1503382292329186,0.32330922945709184,-0.2061383016856919,0.2022050754101129,inf,-inf,2.194180943830275,0.18619376526632445,0.18619376526632445,0.18619376526632445,784,3.43852090512063,1.8502507795901715,1.9765062013358654,,,-0.4606046925160333,8.97935201949977,0.42056157636823654,1.4007897095110782,0.14637294267064238,0.0,0.0,8.903384119426915,9.00524796900751,0.4937536534177145,7.414530321687974,10.352336575956576,1.3962228390482578,0.14495473780409718,5910
50,7.646835481350805,-14.196959496962416,0.03024319823357613,0.0,-6.519880817378035,-14.196959496962416,nan,0.0056689664995712005,0.024574231734004925,7.696003111278015,-14.198727804896619,0.030276146001180497,0.0,-6.4724485476174225,-14.198727804896619,nan,148.26100641319908,1.5730236956427917,0.0,1.577756517634437,94.25223969853457,46.0,46.0,,0.0002798075939155718,,,,,,,8.520127287098877,,0,6.965231194919271,10.02213114337665,inf,-inf,-0.14273336346778084,0.3685945796648035,-0.2144046689624711,0.2610024959135209,inf,-inf,2.1991415314033156,0.1865533964418319,0.1865533964418319,0.1865533964418319,784,3.401017354069328,1.8396275878445825,1.9747132558739435,,,-0.5010152535224149,8.58842379621864,0.4351477707389369,1.4388798968636114,0.15802454493991835,0.0,0.0,8.524532296153952,8.630885029449505,0.507313354708251,6.965231194919271,10.02213114337665,1.4388798968636114,0.15802454493991835,5910
51,7.579580413056157,-14.159188953683211,0.030292733982749974,0.0,-6.549315806644303,-14.159188953683211,nan,0.005858824347263653,0.024433909635486327,7.696003111278015,-14.198727804896619,0.030276146001180497,0.0,-6.4724485476174225,-14.198727804896619,nan,195.65274081296613,1.4136509333809617,0.0,1.6548803169618826,138.40244164451033,46.0,46.0,,0.0002790278177232734,,,,,,,8.520127287098877,,0,6.965231194919271,10.02213114337665,inf,-inf,-0.29305089121941313,0.37453316882908505,-0.2681666610834547,0.27099357594314,inf,-inf,2.202823194240968,0.18693478499669341,0.18693478499669341,0.18693478499669341,784,3.401017354069328,1.8396275878445825,1.9747132558739435,,,-0.5010152535224149,8.58842379621864,0.4351477707389369,1.4388798968636114,0.15802454493991835,0.0,0.0,8.524532296153952,8.630885029449505,0.507313354708251,6.965231194919271,10.02213114337665,1.4388798968636114,0.15802454493991835,5910
52,7.585017272178514,-14.213929767931601,0.030308249572713747,0.0,-6.598604246180374,-14.213929767931601,nan,0.006054291790125864,0.02425395778258788,7.696003111278015,-14.198727804896619,0.030276146001180497,0.0,-6.4724485476174225,-14.198727804896619,nan,144.8664508906031,1.39264641930631,0.0,1.5467733267728578,104.02242010772729,46.0,46.0,,0.00027823444048309524,,,,,,,8.520127287098877,,0,6.965231194919271,10.02213114337665,inf,-inf,-0.17997134782824317,0.3656226253692265,-0.24488871028325743,0.24499496414830418,inf,-inf,2.2076144937282502,0.18725674545871623,0.18725674545871623,0.18725674545871623,784,3.401017354069328,1.8396275878445825,1.9747132558739435,,,-0.5010152535224149,8.58842379621864,0.4351477707389369,1.4388798968636114,0.15802454493991835,0.0,0.0,8.524532296153952,8.630885029449505,0.507313354708251,6.965231194919271,10.02213114337665,1.4388798968636114,0.15802454493991835,5910
53,7.51397442087371,-14.214487320466459,0.030394180427135167,0.0,-6.670118719165614,-14.214487320466459,nan,0.006249152992976222,0.024145027434158944,7.696003111278015,-14.198727804896619,0.030276146001180497,0.0,-6.4724485476174225,-14.198727804896619,nan,126.0571466762814,1.5053515080752486,0.0,1.5487272049694405,83.73934326970505,46.0,46.0,,0.0002774275491977922,,,,,,,8.520127287098877,,0,6.965231194919271,10.02213114337665,inf,-inf,-0.15568532561882545,0.4097610176120009,-0.25082670236160765,0.22507299158932859,inf,-inf,2.2101496287045044,0.187692027612679,0.187692027612679,0.187692027612679,784,3.401017354069328,1.8396275878445825,1.9747132558739435,,,-0.5010152535224149,8.58842379621864,0.4351477707389369,1.4388798968636114,0.15802454493991835,0.0,0.0,8.524532296153952,8.630885029449505,0.507313354708251,6.965231194919271,10.02213114337665,1.4388798968636114,0.15802454493991835,5910
54,7.473376556567229,-14.185460638084914,0.030552050901762634,0.0,-6.681532030615922,-14.185460638084914,nan,0.00645038294743178,0.02410166795433086,7.696003111278015,-14.198727804896619,0.030276146001180497,0.0,-6.4724485476174225,-14.198727804896619,nan,164.4022018838666,1.4523509354793243,0.0,1.6012730458488327,113.19729816513555,46.0,46.0,,0.00027660723235208647,,,,,,,8.520127287098877,,0,6.965231194919271,10.02213114337665,inf,-inf,-0.18051236695640427,0.35342116604013457,-0.21110120266619692,0.21463653865914256,inf,-inf,2.2133721515192764,0.18809407984602503,0.18809407984602503,0.18809407984602503,784,3.401017354069328,1.8396275878445825,1.9747132558739435,,,-0.5010152535224149,8.58842379621864,0.4351477707389369,1.4388798968636114,0.15802454493991835,0.0,0.0,8.524532296153952,8.630885029449505,0.507313354708251,6.965231194919271,10.02213114337665,1.4388798968636114,0.15802454493991835,5910
55,7.440301576562001,-14.214251048765165,0.030467981332963898,0.0,-6.7434814908702005,-14.214251048765165,nan,0.006657114637882028,0.023810866695081857,7.380382051213312,-14.240909526885016,0.03059971256643017,0.0,-6.829927763105274,-14.240909526885016,nan,140.2561552596238,1.42164608236388,0.0,1.5478200987475481,98.65757518665204,46.0,46.0,,0.0002757735799029644,,,,,,,8.128714440997424,,0,6.530961418761776,9.675210899309418,inf,-inf,-0.21735999591834454,0.295968891346819,-0.24961572542646024,0.25321162373911005,inf,-inf,2.2173479879162596,0.18831445997658533,0.18831445997658533,0.18831445997658533,784,3.362900830865122,1.8286837339604811,1.9732861766085006,,,-0.5438022968913123,8.20175878461253,0.4484373092555993,1.4814374605728065,0.17068332230178085,0.0,0.0,8.142623604900484,8.251848464213609,0.5175760133488501,6.530961418761776,9.675210899309418,1.4814374605728065,0.17068332230178085,5910
56,7.3640833574853835,-14.178354051158289,0.03072627878576812,0.0,-6.783544414887137,-14.178354051158289,nan,0.006870120254607173,0.02385615853116095,7.380382051213312,-14.240909526885016,0.03059971256643017,0.0,-6.829927763105274,-14.240909526885016,nan,163.8381502839436,1.3838521533265637,0.0,1.6174078413264246,118.39281377718159,46.0,46.0,,0.00027492668326981143,,,,,,,8.128714440997424,,0,6.530961418761776,9.675210899309418,inf,-inf,-0.18980462449169463,0.3321919380230251,-0.30319480385087416,0.23505022023343553,inf,-inf,2.221246193354175,0.1887743489974727,0.1887743489974727,0.1887743489974727,784,3.362900830865122,1.8286837339604811,1.9732861766085006,,,-0.5438022968913123,8.20175878461253,0.4484373092555993,1.4814374605728065,0.17068332230178085,0.0,0.0,8.142623604900484,8.251848464213609,0.5175760133488501,6.530961418761776,9.675210899309418,1.4814374605728065,0.17068332230178085,5910
57,7.324769402262016,-14.217628279927164,0.03091954631104416,0.0,-6.861939331354104,-14.217628279927164,nan,0.007089430850746654,0.023830115460297504,7.380382051213312,-14.240909526885016,0.03059971256643017,0.0,-6.829927763105274,-14.240909526885016,nan,140.6877659858107,1.3646844400327651,0.0,1.5433807218678723,103.09179313456002,46.0,46.0,,0.00027406663532438707,,,,,,,8.128714440997424,,0,6.530961418761776,9.675210899309418,inf,-inf,-0.15436676430582782,0.3758885002191293,-0.268841592162134,0.21134533754685694,inf,-inf,2.2264158323601206,0.18906494118440584,0.18906494118440584,0.18906494118440584,784,3.362900830865122,1.8286837339604811,1.9732861766085006,,,-0.5438022968913123,8.20175878461253,0.4484373092555993,1.4814374605728065,0.17068332230178085,0.0,0.0,8.142623604900484,8.251848464213609,0.5175760133488501,6.530961418761776,9.675210899309418,1.4814374605728065,0.17068332230178085,5910
58,7.267632005266746,-14.194511737945447,0.03107484290426718,0.0,-6.895804889774434,-14.194511737945447,nan,0.007310734403988525,0.023764108500278658,7.380382051213312,-14.240909526885016,0.03059971256643017,0.0,-6.829927763105274,-14.240909526885016,nan,166.08656710739078,1.377537129627253,0.0,1.5822512232270447,120.56776077776725,46.0,46.0,,0.0002731935303806403,,,,,,,8.128714440997424,,0,6.530961418761776,9.675210899309418,inf,-inf,-0.19602023218887718,0.33714118307610236,-0.2350328022170097,0.21662853322763947,inf,-inf,2.229663975558724,0.1895324275791785,0.1895324275791785,0.1895324275791785,784,3.362900830865122,1.8286837339604811,1.9732861766085006,,,-0.5438022968913123,8.20175878461253,0.4484373092555993,1.4814374605728065,0.17068332230178085,0.0,0.0,8.142623604900484,8.251848464213609,0.5175760133488501,6.530961418761776,9.675210899309418,1.4814374605728065,0.17068332230178085,5910
59,7.227341082571015,-14.22103830680064,0.03125971720912282,0.0,-6.9624375070205025,-14.22103830680064,nan,0.007539561403525729,0.023720155805597103,7.380382051213312,-14.240909526885016,0.03059971256643017,0.0,-6.829927763105274,-14.240909526885016,nan,126.33174389487829,1.377480138571345,0.0,1.5371247897226532,91.71220720895721,46.0,46.0,,0.00027230746418436733,,,,,,,8.128714440997424,,0,6.530961418761776,9.675210899309418,inf,-inf,-0.18061418763273918,0.33040935501937213,-0.23580333851626772,0.2457195356024977,inf,-inf,2.234056708097634,0.1898712141974399,0.1898712141974399,0.1898712141974399,784,3.362900830865122,1.8286837339604811,1.9732861766085006,,,-0.5438022968913123,8.20175878461253,0.4484373092555993,1.4814374605728065,0.17068332230178085,0.0,0.0,8.142623604900484,8.251848464213609,0.5175760133488501,6.530961418761776,9.675210899309418,1.4814374605728065,0.17068332230178085,5910
60,7.179415290105487,-14.220292034338678,0.03143357616836588,0.0,-7.009443168064825,-14.220292034338678,nan,0.007767267933995958,0.023666308234369927,7.128943445021818,-14.19446940673475,0.0314748489255141,0.0,-7.034051112787418,-14.19446940673475,nan,118.36329189401143,1.3468317583137837,0.0,1.5383506728093934,87.88275979042903,46.0,46.0,,0.00027140853390271154,,,,,,,7.74175025650397,,0,6.113344903216106,9.334791541661748,inf,-inf,-0.1721442340916047,0.328718567464533,-0.26914828358885007,0.21726986377280003,inf,-inf,2.238058912481845,0.1901531745833292,0.1901531745833292,0.1901531745833292,784,3.3253298429137184,1.8177144113847061,1.9730547401988126,,,-0.5882172338651742,7.820388933260384,0.46133083318764734,1.52695319656362,0.1838257254744503,0.0,0.0,7.766487583823491,7.885656572219476,0.5266784472187974,6.113344903216106,9.334791541661748,1.52695319656362,0.1838257254744503,5910
61,7.124443405718413,-14.215813731118386,0.03159110127178331,0.0,-7.05977922412819,-14.215813731118386,nan,0.008002970094167028,0.02358813117761627,7.128943445021818,-14.19446940673475,0.0314748489255141,0.0,-7.034051112787418,-14.19446940673475,nan,124.38068427204996,1.3042727124308893,0.0,1.5482512633801078,95.36401634918099,46.0,46.0,,0.0002704968381135084,,,,,,,7.74175025650397,,0,6.113344903216106,9.334791541661748,inf,-inf,-0.15772938156008603,0.3562957448988959,-0.25392577633069247,0.23101660382403802,inf,-inf,2.2418365366055215,0.19034788167784866,0.19034788167784866,0.19034788167784866,784,3.3253298429137184,1.8177144113847061,1.9730547401988126,,,-0.5882172338651742,7.820388933260384,0.46133083318764734,1.52695319656362,0.1838257254744503,0.0,0.0,7.766487583823491,7.885656572219476,0.5266784472187974,6.113344903216106,9.334791541661748,1.52695319656362,0.1838257254744503,5910
62,7.059255891881277,-14.221599743777384,0.03177755084406801,0.0,-7.130566301052039,-14.221599743777384,nan,0.008244114400657216,0.0235334364434108,7.128943445021818,-14.19446940673475,0.0314748489255141,0.0,-7.034051112787418,-14.19446940673475,nan,120.00750888471931,1.3062371124380385,0.0,1.5359247490794732,91.87268355951866,46.0,46.0,,0.00026957247679447504,,,,,,,7.74175025650397,,0,6.113344903216106,9.334791541661748,inf,-inf,-0.14530595907622917,0.3365512761114751,-0.25311535712793093,0.2045891200620634,inf,-inf,2.244097838081611,0.19084215914768485,0.19084215914768485,0.19084215914768485,784,3.3253298429137184,1.8177144113847061,1.9730547401988126,,,-0.5882172338651742,7.820388933260384,0.46133083318764734,1.52695319656362,0.1838257254744503,0.0,0.0,7.766487583823491,7.885656572219476,0.5266784472187974,6.113344903216106,9.334791541661748,1.52695319656362,0.1838257254744503,5910
63,7.025391153902688,-14.204181263794295,0.03202445533269667,0.0,-7.14676565455891,-14.204181263794295,nan,0.008492787981728468,0.023531667350968195,7.128943445021818,-14.19446940673475,0.0314748489255141,0.0,-7.034051112787418,-14.19446940673475,nan,134.30906321548147,1.357457597607025,0.0,1.5738831524896046,98.94162694455159,46.0,46.0,,0.00026863555131224676,,,,,,,7.74175025650397,,0,6.113344903216106,9.334791541661748,inf,-inf,-0.23384131469409436,0.36301512771438227,-0.27970919111339815,0.23076285120887274,inf,-inf,2.248451229034139,0.19120098860460835,0.19120098860460835,0.19120098860460835,784,3.3253298429137184,1.8177144113847061,1.9730547401988126,,,-0.5882172338651742,7.820388933260384,0.46133083318764734,1.52695319656362,0.1838257254744503,0.0,0.0,7.766487583823491,7.885656572219476,0.5266784472187974,6.113344903216106,9.334791541661748,1.52695319656362,0.1838257254744503,5910
64,6.989056698240423,-14.214529789421933,0.03232687617634494,0.0,-7.193146215005164,-14.214529789421933,nan,0.008746725525734543,0.023580150650610393,7.128943445021818,-14.19446940673475,0.0314748489255141,0.0,-7.034051112787418,-14.19446940673475,nan,143.10397677655553,1.2593607316135162,0.0,1.5525916934563688,113.63223672474531,46.0,46.0,,0.00026768616441126075,,,,,,,7.74175025650397,,0,6.113344903216106,9.334791541661748,inf,-inf,-0.14769103972330339,0.348031076001466,-0.23939465657056658,0.20040884465825703,inf,-inf,2.2526046982506163,0.19155895481347454,0.19155895481347454,0.19155895481347454,784,3.3253298429137184,1.8177144113847061,1.9730547401988126,,,-0.5882172338651742,7.820388933260384,0.46133083318764734,1.52695319656362,0.1838257254744503,0.0,0.0,7.766487583823491,7.885656572219476,0.5266784472187974,6.113344903216106,9.334791541661748,1.52695319656362,0.1838257254744503,5910
65,6.933939693202745,-14.21419763037646,0.03266959321462143,0.0,-7.2475883439590945,-14.21419763037646,nan,0.009007684916906674,0.023661908297714754,6.898482366001927,-14.212549337014991,0.03281780717200923,0.0,-7.281249163841055,-14.212549337014991,nan,141.91190443560853,1.2660739624677173,0.0,1.549590421210604,112.08816281080975,46.0,46.0,,0.0002667244202024894,,,,,,,7.360961333525836,,0,5.723739887227344,9.004624394335636,inf,-inf,-0.13975354961139413,0.3285634177239795,-0.2067693112591154,0.2302657286626199,inf,-inf,2.257574912058165,0.19199249276404157,0.19199249276404157,0.19199249276404157,784,3.2892169920066228,1.8069444410233169,1.9739362122351445,,,-0.6342068183301321,7.443641543306833,0.47320563926690007,1.5732064300178386,0.19678571279209445,0.0,0.0,7.397751585958946,7.522675527411821,0.5345752032714709,5.723739887227344,9.004624394335636,1.5732064300178386,0.19678571279209445,5910
66,6.894213933929346,-14.212624769357824,0.03297763829425306,0.0,-7.285433197134225,-14.212624769357824,nan,0.009268331352730131,0.023709306941522932,6.898482366001927,-14.212549337014991,0.03281780717200923,0.0,-7.281249163841055,-14.212549337014991,nan,108.33940181745052,1.3790265990414274,0.0,1.5596071442255246,78.56222780094171,46.0,46.0,,0.0002657504241520231,,,,,,,7.360961333525836,,0,5.723739887227344,9.004624394335636,inf,-inf,-0.13989244969188114,0.33613567251293003,-0.24872314765073028,0.18563552206614486,inf,-inf,2.261476868365079,0.19228539875159675,0.19228539875159675,0.19228539875159675,784,3.2892169920066228,1.8069444410233169,1.9739362122351445,,,-0.6342068183301321,7.443641543306833,0.47320563926690007,1.5732064300178386,0.19678571279209445,0.0,0.0,7.397751585958946,7.522675527411821,0.5345752032714709,5.723739887227344,9.004624394335636,1.5732064300178386,0.19678571279209445,5910
67,6.831290621946306,-14.208062807943547,0.0331779650643403,0.0,-7.3435942209329,-14.208062807943547,nan,0.009538293984477164,0.02363967107986314,6.898482366001927,-14.212549337014991,0.03281780717200923,0.0,-7.281249163841055,-14.212549337014991,nan,125.72746869081033,1.272872769753901,0.0,1.5689550586397016,98.77457643713963,46.0,46.0,,0.00026476428306950465,,,,,,,7.360961333525836,,0,5.723739887227344,9.004624394335636,inf,-inf,-0.21298567398056562,0.3483410402769213,-0.1936797500195358,0.1957507313631718,inf,-inf,2.264769795240164,0.19255239265861718,0.19255239265861718,0.19255239265861718,784,3.2892169920066228,1.8069444410233169,1.9739362122351445,,,-0.6342068183301321,7.443641543306833,0.47320563926690007,1.5732064300178386,0.19678571279209445,0.0,0.0,7.397751585958946,7.522675527411821,0.5345752032714709,5.723739887227344,9.004624394335636,1.5732064300178386,0.19678571279209445,5910
68,6.743409726341894,-14.214536435056173,0.03349545416542444,0.0,-7.4376312545488545,-14.214536435056173,nan,0.009814269869520562,0.023681184295903875,6.898482366001927,-14.212549337014991,0.03281780717200923,0.0,-7.281249163841055,-14.212549337014991,nan,118.81623924331669,1.2409616025047396,0.0,1.5553147659928652,95.74529864864444,46.0,46.0,,0.0002637661050964166,,,,,,,7.360961333525836,,0,5.723739887227344,9.004624394335636,inf,-inf,-0.138807010914279,0.3106085955431587,-0.2800606145159697,0.16042756502369007,inf,-inf,2.2684350605037418,0.19295896500435986,0.19295896500435986,0.19295896500435986,784,3.2892169920066228,1.8069444410233169,1.9739362122351445,,,-0.6342068183301321,7.443641543306833,0.47320563926690007,1.5732064300178386,0.19678571279209445,0.0,0.0,7.397751585958946,7.522675527411821,0.5345752032714709,5.723739887227344,9.004624394335636,1.5732064300178386,0.19678571279209445,5910
69,6.744254512188847,-14.222675657698645,0.03390873107041305,0.0,-7.444512414439385,-14.222675657698645,nan,0.010096038886366397,0.023812692184046656,6.898482366001927,-14.212549337014991,0.03281780717200923,0.0,-7.281249163841055,-14.212549337014991,nan,120.75849559343669,1.2559782375499,0.0,1.5427675842486428,96.14696495777376,46.0,46.0,,0.00026275599969422214,,,,,,,7.360961333525836,,0,5.723739887227344,9.004624394335636,inf,-inf,-0.18290445204193317,0.3085891287220495,-0.2205350687238039,0.20135278634972079,inf,-inf,2.2725703258949888,0.19326243761072767,0.19326243761072767,0.19326243761072767,784,3.2892169920066228,1.8069444410233169,1.9739362122351445,,,-0.6342068183301321,7.443641543306833,0.47320563926690007,1.5732064300178386,0.19678571279209445,0.0,0.0,7.397751585958946,7.522675527411821,0.5345752032714709,5.723739887227344,9.004624394335636,1.5732064300178386,0.19678571279209445,5910
70,6.706867651912789,-14.22219214788691,0.0342785935885985,0.0,-7.481045902385522,-14.22219214788691,nan,0.010380678562731768,0.023897915025866735,6.639442684357782,-14.176151301717155,0.034443627012590176,0.0,-7.5022649903467835,-14.176151301717155,nan,123.18384495889572,1.2814253600048915,0.0,1.5414823846475536,96.13033174123032,46.0,46.0,,0.00026173407763236143,,,,,,,6.988609034410896,,0,5.349437588771883,8.662848178489686,inf,-inf,-0.14948827937968373,0.31797215998871114,-0.18947042855004145,0.1823509050427054,inf,-inf,2.277175374790106,0.19361428642879994,0.19361428642879994,0.19361428642879994,784,3.2545539539153383,1.7963762924108417,1.9767446974999288,,,-0.6815679293402401,7.072757401649627,0.48345264999848264,1.619394195134164,0.20935257817486497,0.0,0.0,7.037446233392442,7.167657131276048,0.5397911214117354,5.349437588771883,8.662848178489686,1.619394195134164,0.20935257817486497,5910
71,6.607111884811638,-14.202763715013816,0.03459368199492689,0.0,-7.561058148207251,-14.202763715013816,nan,0.0106702432791626,0.023923438715764297,6.639442684357782,-14.176151301717155,0.034443627012590176,0.0,-7.5022649903467835,-14.176151301717155,nan,113.37006391586455,1.2514038897250004,0.0,1.5818907927886472,90.59430360311406,46.0,46.0,,0.00026070045097610465,,,,,,,6.988609034410896,,0,5.349437588771883,8.662848178489686,inf,-inf,-0.18927231640469055,0.3008808197853987,-0.20459751678268612,0.2479516063444815,inf,-inf,2.280133775676992,0.19386060688410206,0.19386060688410206,0.19386060688410206,784,3.2545539539153383,1.7963762924108417,1.9767446974999288,,,-0.6815679293402401,7.072757401649627,0.48345264999848264,1.619394195134164,0.20935257817486497,0.0,0.0,7.037446233392442,7.167657131276048,0.5397911214117354,5.349437588771883,8.662848178489686,1.619394195134164,0.20935257817486497,5910
72,6.6016547751946515,-14.212324885260859,0.0348134867544063,0.0,-7.575856623311801,-14.212324885260859,nan,0.010970354650096215,0.02384313210431008,6.639442684357782,-14.176151301717155,0.034443627012590176,0.0,-7.5022649903467835,-14.176151301717155,nan,110.70726253091283,1.2645473033797276,0.0,1.5647187264512699,87.54695236392341,46.0,46.0,,0.0002596552330742625,,,,,,,6.988609034410896,,0,5.349437588771883,8.662848178489686,inf,-inf,-0.14492461486415842,0.32703964862148927,-0.2165535461159464,0.17363757051979406,inf,-inf,2.282998724109583,0.19433883054444295,0.19433883054444295,0.19433883054444295,784,3.2545539539153383,1.7963762924108417,1.9767446974999288,,,-0.6815679293402401,7.072757401649627,0.48345264999848264,1.619394195134164,0.20935257817486497,0.0,0.0,7.037446233392442,7.167657131276048,0.5397911214117354,5.349437588771883,8.662848178489686,1.619394195134164,0.20935257817486497,5910
73,6.541922215144166,-14.215158792576778,0.03530117105614425,0.0,-7.637935406376468,-14.215158792576778,nan,0.011275952022158723,0.02402521903398552,6.639442684357782,-14.176151301717155,0.034443627012590176,0.0,-7.5022649903467835,-14.176151301717155,nan,115.1875816639617,1.2219986259841018,0.0,1.5585469884400631,94.26162944430372,46.0,46.0,,0.00025859853854675647,,,,,,,6.988609034410896,,0,5.349437588771883,8.662848178489686,inf,-inf,-0.13816666732473856,0.29998644737375285,-0.212646088368509,0.17556682644420143,inf,-inf,2.2873988325971633,0.19481212155540445,0.19481212155540445,0.19481212155540445,784,3.2545539539153383,1.7963762924108417,1.9767446974999288,,,-0.6815679293402401,7.072757401649627,0.48345264999848264,1.619394195134164,0.20935257817486497,0.0,0.0,7.037446233392442,7.167657131276048,0.5397911214117354,5.349437588771883,8.662848178489686,1.619394195134164,0.20935257817486497,5910
74,6.486111311878323,-14.20286816557844,0.03575070075735455,0.0,-7.6810061529427625,-14.20286816557844,nan,0.011583716524648971,0.024166984232705576,6.639442684357782,-14.176151301717155,0.034443627012590176,0.0,-7.5022649903467835,-14.176151301717155,nan,135.3927099117397,1.2659114818894168,0.0,1.5829507512891396,106.95274657724202,46.0,46.0,,0.0002575304832720494,,,,,,,6.988609034410896,,0,5.349437588771883,8.662848178489686,inf,-inf,-0.14971900762600024,0.3004505111780752,-0.19906584588171847,0.18714692906395788,inf,-inf,2.291535562252847,0.19507884224585317,0.19507884224585317,0.19507884224585317,784,3.2545539539153383,1.7963762924108417,1.9767446974999288,,,-0.6815679293402401,7.072757401649627,0.48345264999848264,1.619394195134164,0.20935257817486497,0.0,0.0,7.037446233392442,7.167657131276048,0.5397911214117354,5.349437588771883,8.662848178489686,1.619394195134164,0.20935257817486497,5910
75,6.432551348007915,-14.223130578971164,0.036170055706549374,0.0,-7.7544091752567,-14.223130578971164,nan,0.01189904567906984,0.024271010027479535,6.33004136682861,-14.063962701859385,0.03636146539106859,0.0,-7.697559869639707,-14.063962701859385,nan,114.36900764771411,1.1837032528520892,0.0,1.5401199555254177,96.61966153438053,46.0,46.0,,0.000256451184374438,,,,,,,6.624659975150053,,0,5.0008926915725205,8.337316275105225,inf,-inf,-0.1728734716209717,0.25883784146956546,-0.17927421180925981,0.20110765934530195,inf,-inf,2.296591644234481,0.19541866042287695,0.19541866042287695,0.19541866042287695,784,3.2204929731112077,1.7858047432650772,1.9790773726545001,,,-0.7303947862039158,6.710799046556328,0.49123532186715574,1.6671656020844496,0.2219787410993821,0.0,0.0,6.685375629230596,6.821222553796481,0.5425158331885747,5.0008926915725205,8.337316275105225,1.6671656020844496,0.2219787410993821,5910
76,6.351475193825315,-14.20132749815198,0.03651905875448772,0.0,-7.813333245572177,-14.20132749815198,nan,0.012216640571727585,0.024302418182760136,6.33004136682861,-14.063962701859385,0.03636146539106859,0.0,-7.697559869639707,-14.063962701859385,nan,121.17315751664505,1.186418191668928,0.0,1.5875035324146873,102.13359704657886,46.0,46.0,,0.000255360760211209,,,,,,,6.624659975150053,,0,5.0008926915725205,8.337316275105225,inf,-inf,-0.18284794550748962,0.27123221813391524,-0.24619678793456967,0.18311555117105105,inf,-inf,2.302008751603439,0.19571339989666245,0.19571339989666245,0.19571339989666245,784,3.2204929731112077,1.7858047432650772,1.9790773726545001,,,-0.7303947862039158,6.710799046556328,0.49123532186715574,1.6671656020844496,0.2219787410993821,0.0,0.0,6.685375629230596,6.821222553796481,0.5425158331885747,5.0008926915725205,8.337316275105225,1.6671656020844496,0.2219787410993821,5910
77,6.348465425179026,-14.205169525183104,0.03692706590799503,0.0,-7.819777034096083,-14.205169525183104,nan,0.012543429068547588,0.024383636839447442,6.33004136682861,-14.063962701859385,0.03636146539106859,0.0,-7.697559869639707,-14.063962701859385,nan,126.62354656620441,1.175997026037923,0.0,1.5781866465007193,107.67335610772292,46.0,46.0,,0.0002542593303596599,,,,,,,6.624659975150053,,0,5.0008926915725205,8.337316275105225,inf,-inf,-0.18423583711712788,0.27725793341392235,-0.26280128981669004,0.177208338828869,inf,-inf,2.3043480488408266,0.19619019342503874,0.19619019342503874,0.19619019342503874,784,3.2204929731112077,1.7858047432650772,1.9790773726545001,,,-0.7303947862039158,6.710799046556328,0.49123532186715574,1.6671656020844496,0.2219787410993821,0.0,0.0,6.685375629230596,6.821222553796481,0.5425158331885747,5.0008926915725205,8.337316275105225,1.6671656020844496,0.2219787410993821,5910
78,6.265565114350552,-14.21372738746884,0.03743550495504691,0.0,-7.910726768163241,-14.21372738746884,nan,0.012872304668953926,0.02456320028609298,6.33004136682861,-14.063962701859385,0.03636146539106859,0.0,-7.697559869639707,-14.063962701859385,nan,111.9708466880124,1.2205860526444123,0.0,1.5618878844900217,91.73531554405886,46.0,46.0,,0.0002531470156039858,,,,,,,6.624659975150053,,0,5.0008926915725205,8.337316275105225,inf,-inf,-0.14841484265747756,0.27388917208703384,-0.19923088670984287,0.1851866088821002,inf,-inf,2.3091793063172994,0.1964819464798272,0.1964819464798272,0.1964819464798272,784,3.2204929731112077,1.7858047432650772,1.9790773726545001,,,-0.7303947862039158,6.710799046556328,0.49123532186715574,1.6671656020844496,0.2219787410993821,0.0,0.0,6.685375629230596,6.821222553796481,0.5425158331885747,5.0008926915725205,8.337316275105225,1.6671656020844496,0.2219787410993821,5910
79,6.235556621763628,-14.196930561737457,0.03787913503380691,0.0,-7.923494804940022,-14.196930561737457,nan,0.013210978083003182,0.024668156950803714,6.33004136682861,-14.063962701859385,0.03636146539106859,0.0,-7.697559869639707,-14.063962701859385,nan,130.19482797005156,1.1552974756759107,0.0,1.5942394643976314,112.69376996940173,46.0,46.0,,0.0002520239379220344,,,,,,,6.624659975150053,,0,5.0008926915725205,8.337316275105225,inf,-inf,-0.16365970708684288,0.2789833799646133,-0.18331905658042663,0.1679717594657773,inf,-inf,2.315444913894809,0.19680065195351726,0.19680065195351726,0.19680065195351726,784,3.2204929731112077,1.7858047432650772,1.9790773726545001,,,-0.7303947862039158,6.710799046556328,0.49123532186715574,1.6671656020844496,0.2219787410993821,0.0,0.0,6.685375629230596,6.821222553796481,0.5425158331885747,5.0008926915725205,8.337316275105225,1.6671656020844496,0.2219787410993821,5910
80,6.182344567034721,-14.206367538101077,0.03835259650801881,0.0,-7.985670374558336,-14.206367538101077,nan,0.013552896959585514,0.024799699548433293,6.167865769295936,-14.191520925161937,0.0385707513072189,0.0,-7.985084404558782,-14.191520925161937,nan,107.49236677615889,1.1493038076870936,0.0,1.5762144021769604,93.52824384396756,46.0,46.0,,0.0002508902204719295,,,,,,,6.273220676965201,,0,4.671699461082248,8.016647236338262,inf,-inf,-0.15240578271518665,0.3070987274108263,-0.20079209961636746,0.17336959460696255,inf,-inf,2.319447392986002,0.1971604469503274,0.1971604469503274,0.1971604469503274,784,3.188309164910495,1.77554788630272,1.982369375919053,,,-0.7801844669797583,6.359838539189361,0.4977644174308741,1.7160023462813083,0.234517877321736,0.0,0.0,6.345919007010579,6.487682376352833,0.5438793686428225,4.671699461082248,8.016647236338262,1.7160023462813083,0.234517877321736,5910
81,6.126363821948042,-14.206652666639942,0.03882072427345021,0.0,-8.04146812041845,-14.206652666639942,nan,0.013899150021880864,0.024921574251569344,6.167865769295936,-14.191520925161937,0.0385707513072189,0.0,-7.985084404558782,-14.191520925161937,nan,106.50321237242218,1.1449640144546434,0.0,1.5774930641235372,93.01882943731697,46.0,46.0,,0.0002497459875785653,,,,,,,6.273220676965201,,0,4.671699461082248,8.016647236338262,inf,-inf,-0.1434310145635178,0.27025895976414094,-0.2167564333989057,0.2085128201572751,inf,-inf,2.323203739514432,0.19761889931589618,0.19761889931589618,0.19761889931589618,784,3.188309164910495,1.77554788630272,1.982369375919053,,,-0.7801844669797583,6.359838539189361,0.4977644174308741,1.7160023462813083,0.234517877321736,0.0,0.0,6.345919007010579,6.487682376352833,0.5438793686428225,4.671699461082248,8.016647236338262,1.7160023462813083,0.234517877321736,5910
82,6.089974158018397,-14.196851841966872,0.03935594255966037,0.0,-8.067521741388815,-14.196851841966872,nan,0.01425068353043032,0.025105259029230057,6.167865769295936,-14.191520925161937,0.0385707513072189,0.0,-7.985084404558782,-14.191520925161937,nan,104.14665074667134,1.195077521680111,0.0,1.599588243939248,87.14635566089117,46.0,46.0,,0.00024859136471997286,,,,,,,6.273220676965201,,0,4.671699461082248,8.016647236338262,inf,-inf,-0.15287328272377665,0.25828019579504025,-0.17754919023433782,0.17343704669004292,inf,-inf,2.3278038189688686,0.19796600179101617,0.19796600179101617,0.19796600179101617,784,3.188309164910495,1.77554788630272,1.982369375919053,,,-0.7801844669797583,6.359838539189361,0.4977644174308741,1.7160023462813083,0.234517877321736,0.0,0.0,6.345919007010579,6.487682376352833,0.5438793686428225,4.671699461082248,8.016647236338262,1.7160023462813083,0.234517877321736,5910
83,6.0309849029928175,-14.185417013901718,0.0398348399129214,0.0,-8.114597270995977,-14.185417013901718,nan,0.014612446972779724,0.025222392940141666,6.167865769295936,-14.191520925161937,0.0385707513072189,0.0,-7.985084404558782,-14.191520925161937,nan,121.70787906411533,1.18508107260759,0.0,1.6180275246937457,102.70004464446953,46.0,46.0,,0.00024742647851356,,,,,,,6.273220676965201,,0,4.671699461082248,8.016647236338262,inf,-inf,-0.15294148174888658,0.23189404788182189,-0.19426660240209845,0.19311288208777422,inf,-inf,2.3309928487198768,0.1984576001582685,0.1984576001582685,0.1984576001582685,784,3.188309164910495,1.77554788630272,1.982369375919053,,,-0.7801844669797583,6.359838539189361,0.4977644174308741,1.7160023462813083,0.234517877321736,0.0,0.0,6.345919007010579,6.487682376352833,0.5438793686428225,4.671699461082248,8.016647236338262,1.7160023462813083,0.234517877321736,5910
84,5.968631021247334,-14.199526677510393,0.040234151483717714,0.0,-8.19066150477934,-14.199526677510393,nan,0.014979407963022577,0.025254743520695122,6.167865769295936,-14.191520925161937,0.0385707513072189,0.0,-7.985084404558782,-14.191520925161937,nan,104.01374494050596,1.0953142625091392,0.0,1.5955253367331321,94.96246739472917,46.0,46.0,,0.00024625145670222645,,,,,,,6.273220676965201,,0,4.671699461082248,8.016647236338262,inf,-inf,-0.20718894921226608,0.2538639577754431,-0.19536434637069883,0.17535521530792766,inf,-inf,2.33827495823279,0.19860938564898215,0.19860938564898215,0.19860938564898215,784,3.188309164910495,1.77554788630272,1.982369375919053,,,-0.7801844669797583,6.359838539189361,0.4977644174308741,1.7160023462813083,0.234517877321736,0.0,0.0,6.345919007010579,6.487682376352833,0.5438793686428225,4.671699461082248,8.016647236338262,1.7160023462813083,0.234517877321736,5910
85,5.897579242996848,-14.192359757809053,0.040633373627331014,0.0,-8.254147141184873,-14.192359757809053,nan,0.015348678666261795,0.02528469496106921,5.887099955289624,-14.116718544561284,0.04099140514946634,0.0,-8.188627184122193,-14.116718544561284,nan,102.44404132926522,1.147615237130764,0.0,1.6047224964980245,89.26688842629258,46.0,46.0,,0.00024506642814035504,,,,,,,5.934960228181194,,0,4.367163062234947,7.686290966686777,inf,-inf,-0.16036124018581296,0.2493063805957008,-0.25619799251397896,0.21221865429526404,inf,-inf,2.3410326334781497,0.19910468959647812,0.19910468959647812,0.19910468959647812,784,3.1570964125129763,1.7653808838818819,1.9884599303905905,,,-0.8308571123630301,6.019557558742051,0.5026942051482459,1.7600192292231993,0.24551741275727823,0.0,0.0,6.018785759634758,6.163304832194433,0.5428652262991838,4.367163062234947,7.686290966686777,1.7600192292231993,0.24551741275727823,5910
86,5.896206907548549,-14.204095135385318,0.041237543598837266,0.0,-8.266650684237932,-14.204095135385318,nan,0.01572195897303832,0.025515584625798934,5.887099955289624,-14.116718544561284,0.04099140514946634,0.0,-8.188627184122193,-14.116718544561284,nan,100.19754948493967,1.1662133900416067,0.0,1.5885635484755964,85.9169945573725,46.0,46.0,,0.00024387152277968163,,,,,,,5.934960228181194,,0,4.367163062234947,7.686290966686777,inf,-inf,-0.15499209695914945,0.24702395632626184,-0.26019860336326045,0.19373095644004584,inf,-inf,2.345114878517904,0.1994259849669149,0.1994259849669149,0.1994259849669149,784,3.1570964125129763,1.7653808838818819,1.9884599303905905,,,-0.8308571123630301,6.019557558742051,0.5026942051482459,1.7600192292231993,0.24551741275727823,0.0,0.0,6.018785759634758,6.163304832194433,0.5428652262991838,4.367163062234947,7.686290966686777,1.7600192292231993,0.24551741275727823,5910
87,5.807005998602334,-14.180692914211647,0.0416616014382,0.0,-8.332025314171112,-14.180692914211647,nan,0.016100476907178786,0.025561124531021214,5.887099955289624,-14.116718544561284,0.04099140514946634,0.0,-8.188627184122193,-14.116718544561284,nan,125.81244745965826,1.1571081288087681,0.0,1.6300643494254796,108.73006966875342,46.0,46.0,,0.0002426668716550444,,,,,,,5.934960228181194,,0,4.367163062234947,7.686290966686777,inf,-inf,-0.17017290421402806,0.2184916809197172,-0.2464239330245129,0.18315595962941703,inf,-inf,2.3494201829898516,0.1998280773290339,0.1998280773290339,0.1998280773290339,784,3.1570964125129763,1.7653808838818819,1.9884599303905905,,,-0.8308571123630301,6.019557558742051,0.5026942051482459,1.7600192292231993,0.24551741275727823,0.0,0.0,6.018785759634758,6.163304832194433,0.5428652262991838,4.367163062234947,7.686290966686777,1.7600192292231993,0.24551741275727823,5910
88,5.799231745177455,-14.207066509284012,0.04213587515670241,0.0,-8.365698888949854,-14.207066509284012,nan,0.016482657995481435,0.02565321716122099,5.887099955289624,-14.116718544561284,0.04099140514946634,0.0,-8.188627184122193,-14.116718544561284,nan,104.39104729759953,1.102339765924027,0.0,1.5779746850398078,94.69952053312221,46.0,46.0,,0.0002414526068700143,,,,,,,5.934960228181194,,0,4.367163062234947,7.686290966686777,inf,-inf,-0.1597794037827501,0.2182418261095882,-0.1997214486440964,0.1688974434164989,inf,-inf,2.3529653803131274,0.20021284440832346,0.20021284440832346,0.20021284440832346,784,3.1570964125129763,1.7653808838818819,1.9884599303905905,,,-0.8308571123630301,6.019557558742051,0.5026942051482459,1.7600192292231993,0.24551741275727823,0.0,0.0,6.018785759634758,6.163304832194433,0.5428652262991838,4.367163062234947,7.686290966686777,1.7600192292231993,0.24551741275727823,5910
89,5.742921972552252,-14.188829210337548,0.042694085120009904,0.0,-8.403213152665286,-14.188829210337548,nan,0.01686565508294673,0.025828430037063158,5.887099955289624,-14.116718544561284,0.04099140514946634,0.0,-8.188627184122193,-14.116718544561284,nan,108.21784294806673,1.099739675034261,0.0,1.6160567304516582,98.40314522134099,46.0,46.0,,0.0002402288615824086,,,,,,,5.934960228181194,,0,4.367163062234947,7.686290966686777,inf,-inf,-0.19937148601893417,0.23375072878423328,-0.2586899455720192,0.2420983268817783,inf,-inf,2.3576744503669023,0.2004715701823641,0.2004715701823641,0.2004715701823641,784,3.1570964125129763,1.7653808838818819,1.9884599303905905,,,-0.8308571123630301,6.019557558742051,0.5026942051482459,1.7600192292231993,0.24551741275727823,0.0,0.0,6.018785759634758,6.163304832194433,0.5428652262991838,4.367163062234947,7.686290966686777,1.7600192292231993,0.24551741275727823,5910
90,5.689097191761022,-14.187307367109687,0.04319651431599612,0.0,-8.45501366103267,-14.187307367109687,nan,0.017258950601311752,0.02593756371468436,5.643463839776205,-14.097095377225234,0.04347026702548665,0.0,-8.410161270423542,-14.097095377225234,nan,104.13884979534514,1.1264253860997262,0.0,1.6211131525631013,92.45073049705343,46.0,46.0,,0.00023899576998968842,,,,,,,5.61544380512099,,0,4.064704377177113,7.384750376482066,inf,-inf,-0.16131616163492737,0.2236715929913683,-0.22262409440779793,0.18658537434982625,inf,-inf,2.3628067805045196,0.20077327908486914,0.20077327908486914,0.20077327908486914,784,3.1274407873275543,1.7554917116257083,1.9951741728343064,,,-0.8815025962560407,5.7003114235296675,0.5060691009917848,1.8167988840582507,0.259306854452821,0.0,0.0,5.70901692380831,5.853076262584728,0.5400132625076977,4.082782291060375,7.384750376482066,1.8087543861086233,0.25737959726349324,5910
91,5.621078731461617,-14.187044053327032,0.04374205072253146,0.0,-8.522223271142883,-14.187044053327032,nan,0.017653272474884504,0.02608877824764698,5.643463839776205,-14.097095377225234,0.04347026702548665,0.0,-8.410161270423542,-14.097095377225234,nan,112.42625579945023,1.1231267049338807,0.0,1.6224914284753313,100.10113311843017,46.0,46.0,,0.00023775346731424264,,,,,,,5.61544380512099,,0,4.064704377177113,7.384750376482066,inf,-inf,-0.16622853321865547,0.2072350060103503,-0.20504234461869372,0.16029968400173195,inf,-inf,2.3661709290235127,0.20122222497460113,0.20122222497460113,0.20122222497460113,784,3.1274407873275543,1.7554917116257083,1.9951741728343064,,,-0.8815025962560407,5.7003114235296675,0.5060691009917848,1.8167988840582507,0.259306854452821,0.0,0.0,5.70901692380831,5.853076262584728,0.5400132625076977,4.082782291060375,7.384750376482066,1.8087543861086233,0.25737959726349324,5910
92,5.576476617836858,-14.200129258428634,0.04429121818937496,0.0,-8.5793614224024,-14.200129258428634,nan,0.018054317480974528,0.026236900708400436,5.643463839776205,-14.097095377225234,0.04347026702548665,0.0,-8.410161270423542,-14.097095377225234,nan,105.39569392126036,1.0911262407813214,0.0,1.5960221166710675,96.59349210205943,46.0,46.0,,0.00023650208978855897,,,,,,,5.61544380512099,,0,4.064704377177113,7.384750376482066,inf,-inf,-0.16512869504570832,0.1931864728241825,-0.19892060457894087,0.1956999459280127,inf,-inf,2.3698606347089535,0.20153390425225245,0.20153390425225245,0.20153390425225245,784,3.1274407873275543,1.7554917116257083,1.9951741728343064,,,-0.8815025962560407,5.7003114235296675,0.5060691009917848,1.8167988840582507,0.259306854452821,0.0,0.0,5.70901692380831,5.853076262584728,0.5400132625076977,4.082782291060375,7.384750376482066,1.8087543861086233,0.25737959726349324,5910
93,5.542755710445634,-14.17980086047132,0.04482445884701905,0.0,-8.592220691178666,-14.17980086047132,nan,0.018456022522450072,0.026368436324568967,5.643463839776205,-14.097095377225234,0.04347026702548665,0.0,-8.410161270423542,-14.097095377225234,nan,123.98648026663895,1.1210991899127323,0.0,1.637472037345524,110.59367572666805,46.0,46.0,,0.00023524177464028488,,,,,,,5.61544380512099,,0,4.064704377177113,7.384750376482066,inf,-inf,-0.1777504824093819,0.20386509576819747,-0.21177862718686807,0.25660646941466225,inf,-inf,2.374955097734779,0.20185050138579913,0.20185050138579913,0.20185050138579913,784,3.1274407873275543,1.7554917116257083,1.9951741728343064,,,-0.8815025962560407,5.7003114235296675,0.5060691009917848,1.8167988840582507,0.259306854452821,0.0,0.0,5.70901692380831,5.853076262584728,0.5400132625076977,4.082782291060375,7.384750376482066,1.8087543861086233,0.25737959726349324,5910
94,5.504642816366893,-14.196299587409586,0.0452426767977983,0.0,-8.646414094244895,-14.196299587409586,nan,0.018867082908828426,0.026375593888969866,5.643463839776205,-14.097095377225234,0.04347026702548665,0.0,-8.410161270423542,-14.097095377225234,nan,111.800936923374,1.0684600077978226,0.0,1.6048740576130114,104.6374558780204,46.0,46.0,,0.0002339726600771789,,,,,,,5.61544380512099,,0,4.064704377177113,7.384750376482066,inf,-inf,-0.17197674284101946,0.2116713847869017,-0.22935047744665144,0.20452959003808246,inf,-inf,2.380176227914206,0.20216656262742164,0.20216656262742164,0.20216656262742164,784,3.1274407873275543,1.7554917116257083,1.9951741728343064,,,-0.8815025962560407,5.7003114235296675,0.5060691009917848,1.8167988840582507,0.259306854452821,0.0,0.0,5.70901692380831,5.853076262584728,0.5400132625076977,4.082782291060375,7.384750376482066,1.8087543861086233,0.25737959726349324,5910
95,5.454310027566073,-14.18996908326357,0.04574665518315158,0.0,-8.689912400514345,-14.18996908326357,nan,0.01927540330669215,0.026471251876459427,5.445842738212686,-14.112897492820043,0.04608117202919414,0.0,-8.620973582578163,-14.112897492820043,nan,111.50282120701277,1.113380968369804,0.0,1.612837728874222,100.14794969081748,46.0,46.0,,0.0002326948852719545,,,,,,,5.314512363879606,,0,3.7841253678286697,7.075682934766306,inf,-inf,-0.1746779952796129,0.20946756485855855,-0.2128586602930196,0.16387487470355963,inf,-inf,2.3836248447618615,0.20244825493216548,0.20244825493216548,0.20244825493216548,784,3.099257334248293,1.7458651749558143,2.0026235880392877,,,-0.9319545321944958,5.399173553321591,0.5080338076375246,1.8698331178246166,0.27180284758353945,0.0,0.0,5.416702157850945,5.562939800747122,0.5354222861439205,3.8183362920351325,7.075682934766306,1.8530800834713912,0.2678941883734992,5910
96,5.396801910089352,-14.185165954427303,0.04629592770369502,0.0,-8.742068116634254,-14.185165954427303,nan,0.019692175806622133,0.026603751897072883,5.445842738212686,-14.112897492820043,0.04608117202919414,0.0,-8.620973582578163,-14.112897492820043,nan,99.57626833474308,1.0856240542375686,0.0,1.6277043525847303,91.72260686935061,46.0,46.0,,0.00023140859034701826,,,,,,,5.314512363879606,,0,3.7841253678286697,7.075682934766306,inf,-inf,-0.1765747353021905,0.21869319944694915,-0.21819235634912482,0.1854075700161822,inf,-inf,2.3874630014359157,0.2027793634965686,0.2027793634965686,0.2027793634965686,784,3.099257334248293,1.7458651749558143,2.0026235880392877,,,-0.9319545321944958,5.399173553321591,0.5080338076375246,1.8698331178246166,0.27180284758353945,0.0,0.0,5.416702157850945,5.562939800747122,0.5354222861439205,3.8183362920351325,7.075682934766306,1.8530800834713912,0.2678941883734992,5910
97,5.35315909477664,-14.175287797887192,0.04682251853819282,0.0,-8.77530618457236,-14.175287797887192,nan,0.02011208103291229,0.026710437505280522,5.445842738212686,-14.112897492820043,0.04608117202919414,0.0,-8.620973582578163,-14.112897492820043,nan,121.1519143244378,1.035952406495964,0.0,1.6473597313899777,116.94737476813786,46.0,46.0,,0.00023011391635910388,,,,,,,5.314512363879606,,0,3.7841253678286697,7.075682934766306,inf,-inf,-0.17962830411784014,0.22322447006030527,-0.21760856986757626,0.2242892617221413,inf,-inf,2.3898694079647953,0.20315653978707882,0.20315653978707882,0.20315653978707882,784,3.099257334248293,1.7458651749558143,2.0026235880392877,,,-0.9319545321944958,5.399173553321591,0.5080338076375246,1.8698331178246166,0.27180284758353945,0.0,0.0,5.416702157850945,5.562939800747122,0.5354222861439205,3.8183362920351325,7.075682934766306,1.8530800834713912,0.2678941883734992,5910
98,5.325411690470624,-14.195477559596288,0.04737572389483064,0.0,-8.822690145230833,-14.195477559596288,nan,0.02053085528797762,0.02684486860685303,5.445842738212686,-14.112897492820043,0.04608117202919414,0.0,-8.620973582578163,-14.112897492820043,nan,102.98295187009225,1.043822964481072,0.0,1.6094852998052747,98.65940429974098,46.0,46.0,,0.00022881100528380385,,,,,,,5.314512363879606,,0,3.7841253678286697,7.075682934766306,inf,-inf,-0.17785632385396985,0.19952252634288362,-0.19609810278186776,0.18055258313721262,inf,-inf,2.3925060980544046,0.20357275012743845,0.20357275012743845,0.20357275012743845,784,3.099257334248293,1.7458651749558143,2.0026235880392877,,,-0.9319545321944958,5.399173553321591,0.5080338076375246,1.8698331178246166,0.27180284758353945,0.0,0.0,5.416702157850945,5.562939800747122,0.5354222861439205,3.8183362920351325,7.075682934766306,1.8530800834713912,0.2678941883734992,5910
99,5.267030158483339,-14.180291479188906,0.047925655306184964,0.0,-8.86533566539938,-14.180291479188906,nan,0.020952062678457006,0.02697359262772794,5.445842738212686,-14.112897492820043,0.04608117202919414,0.0,-8.620973582578163,-14.112897492820043,nan,108.88256361664581,1.0344221840338137,0.0,1.642789728919812,105.25930833390422,46.0,46.0,,0.0002275,,,,,,,5.314512363879606,,0,3.7841253678286697,7.075682934766306,inf,-inf,-0.18485937589651627,0.17793112610227874,-0.2114488567325763,0.18907090117101447,inf,-inf,2.396638587819655,0.20391622416978078,0.20391622416978078,0.20391622416978078,784,3.099257334248293,1.7458651749558143,2.0026235880392877,,,-0.9319545321944958,5.399173553321591,0.5080338076375246,1.8698331178246166,0.27180284758353945,0.0,0.0,5.416702157850945,5.562939800747122,0.5354222861439205,3.8183362920351325,7.075682934766306,1.8530800834713912,0.2678941883734992,5910
100,5.247654187139516,-14.196158457317269,0.0484752623700332,0.0,-8.90002900780772,-14.196158457317269,nan,0.021385234312130054,0.027090028057903146,5.1852972782919835,-14.056286940521343,0.0487027304349977,0.0,-8.82228693179436,-14.056286940521343,nan,89.94568079309107,1.0670984382998645,0.0,1.6120347695559127,84.28995635716178,46.0,46.0,,0.00022618104427419542,,,,,,,5.0324918116692725,,0,3.5225270110273823,6.795184093281101,inf,-inf,-0.17926921444348765,0.1921361258953048,-0.20414811506843106,0.19269569788717966,inf,-inf,2.4027218887232915,0.2039919028640915,0.2039919028640915,0.2039919028640915,784,3.0722691334872914,1.7364427944417533,2.0099909734085974,,,-0.9819400245999498,5.1162742550374,0.5087862437825894,1.9290651489707706,0.285346895015957,0.0,0.0,5.1414681635692085,5.287734745424327,0.5298201746778716,3.5753394067760227,6.795184093281101,1.9005703571534476,0.27888395137028654,5910
101,5.176696956488811,-14.19041425087893,0.04888919594963677,0.0,-8.964828098440483,-14.19041425087893,nan,0.02181222579435025,0.02707697015528651,5.1852972782919835,-14.056286940521343,0.0487027304349977,0.0,-8.82228693179436,-14.056286940521343,nan,88.55859231392344,1.069433255069504,0.0,1.61987728336695,82.80890078377813,46.0,46.0,,0.0002248542827447487,,,,,,,5.0324918116692725,,0,3.5225270110273823,6.795184093281101,inf,-inf,-0.18213233621186917,0.179736442912898,-0.24397504218498173,0.18807442467096744,inf,-inf,2.40546734723754,0.20428217805366447,0.20428217805366447,0.20428217805366447,784,3.0722691334872914,1.7364427944417533,2.0099909734085974,,,-0.9819400245999498,5.1162742550374,0.5087862437825894,1.9290651489707706,0.285346895015957,0.0,0.0,5.1414681635692085,5.287734745424327,0.5298201746778716,3.5753394067760227,6.795184093281101,1.9005703571534476,0.27888395137028654,5910
102,5.141812790755084,-14.20322994941955,0.049504624158633444,0.0,-9.011912534505832,-14.20322994941955,nan,0.022241931309202666,0.027262692849430763,5.1852972782919835,-14.056286940521343,0.0487027304349977,0.0,-8.82228693179436,-14.056286940521343,nan,105.68028220570325,0.9993887024598082,0.0,1.60021674885004,105.74492381752067,46.0,46.0,,0.00022351986090601283,,,,,,,5.0324918116692725,,0,3.5225270110273823,6.795184093281101,inf,-inf,-0.17804000863919917,0.20661618374439664,-0.19871172177618687,0.21000112826095058,inf,-inf,2.408800022303111,0.2046647789074279,0.2046647789074279,0.2046647789074279,784,3.0722691334872914,1.7364427944417533,2.0099909734085974,,,-0.9819400245999498,5.1162742550374,0.5087862437825894,1.9290651489707706,0.285346895015957,0.0,0.0,5.1414681635692085,5.287734745424327,0.5298201746778716,3.5753394067760227,6.795184093281101,1.9005703571534476,0.27888395137028654,5910
103,5.12716496416657,-14.190996435827829,0.05002404118364668,0.0,-9.013807430477613,-14.190996435827829,nan,0.022667568408052802,0.027356472775593877,5.1852972782919835,-14.056286940521343,0.0487027304349977,0.0,-8.82228693179436,-14.056286940521343,nan,122.47165865585758,0.9941217883212076,0.0,1.6188492646298538,123.19582982149281,46.0,46.0,,0.00022217792509237998,,,,,,,5.0324918116692725,,0,3.5225270110273823,6.795184093281101,inf,-inf,-0.18390045652284562,0.1762506530761718,-0.29853649870111326,0.18662523570697223,inf,-inf,2.4111408550074964,0.2051218418511057,0.2051218418511057,0.2051218418511057,784,3.0722691334872914,1.7364427944417533,2.0099909734085974,,,-0.9819400245999498,5.1162742550374,0.5087862437825894,1.9290651489707706,0.285346895015957,0.0,0.0,5.1414681635692085,5.287734745424327,0.5298201746778716,3.5753394067760227,6.795184093281101,1.9005703571534476,0.27888395137028654,5910
104,5.068588799435794,-14.196989538745003,0.05063608515710781,0.0,-9.077764654152102,-14.196989538745003,nan,0.023105783664470917,0.02753030149263689,5.1852972782919835,-14.056286940521343,0.0487027304349977,0.0,-8.82228693179436,-14.056286940521343,nan,98.59906110317024,0.991333759067423,0.0,1.6126468962758385,99.4610142157625,46.0,46.0,,0.0002208286224622343,,,,,,,5.0324918116692725,,0,3.5225270110273823,6.795184093281101,inf,-inf,-0.1893194829936073,0.1938143726143985,-0.1927902133651676,0.19363934857967746,inf,-inf,2.4157254326963633,0.20534044113239064,0.20534044113239064,0.20534044113239064,784,3.0722691334872914,1.7364427944417533,2.0099909734085974,,,-0.9819400245999498,5.1162742550374,0.5087862437825894,1.9290651489707706,0.285346895015957,0.0,0.0,5.1414681635692085,5.287734745424327,0.5298201746778716,3.5753394067760227,6.795184093281101,1.9005703571534476,0.27888395137028654,5910
105,5.039405333141251,-14.20548999234598,0.0511776342603892,0.0,-9.114907024944339,-14.20548999234598,nan,0.02353990469876751,0.027637729561621683,4.981957749623777,-14.155440222579207,0.05149072270082965,0.0,-9.121991750254601,-14.155440222579207,nan,107.85492722508768,0.9776470369627591,0.0,1.5911936614434266,110.32092682463285,46.0,46.0,,0.00021947210098181448,,,,,,,4.773548435877132,,0,3.287444885819509,6.524004496206278,inf,-inf,-0.20336262962048676,0.17729504892420045,-0.2609311262106191,0.20183562545948658,inf,-inf,2.42070682041466,0.20550875530799576,0.20550875530799576,0.20550875530799576,784,3.0464352571949465,1.7272766208994705,2.0162057679787124,,,-1.0303877824108305,4.857153481570984,0.5084926303581013,1.9845213297256374,0.29765577108513885,0.0,0.0,4.88796658397938,5.031359278978492,0.5236577844487414,3.3574773296434675,6.524004496206278,1.9431268942921103,0.2885011627672398,5910
106,4.985606301965122,-14.207139801589122,0.051612147218549904,0.0,-9.16992135240545,-14.207139801589122,nan,0.023969142527255037,0.02764300469129486,4.981957749623777,-14.155440222579207,0.05149072270082965,0.0,-9.121991750254601,-14.155440222579207,nan,92.18294223870889,0.9945226073942616,0.0,1.5902543991239242,92.69064529386262,46.0,46.0,,0.0002181085094089875,,,,,,,4.773548435877132,,0,3.287444885819509,6.524004496206278,inf,-inf,-0.19868640980119084,0.1677062237190244,-0.21593791813171886,0.21369354904986285,inf,-inf,2.4219126841272574,0.2058799831300209,0.2058799831300209,0.2058799831300209,784,3.0464352571949465,1.7272766208994705,2.0162057679787124,,,-1.0303877824108305,4.857153481570984,0.5084926303581013,1.9845213297256374,0.29765577108513885,0.0,0.0,4.88796658397938,5.031359278978492,0.5236577844487414,3.3574773296434675,6.524004496206278,1.9431268942921103,0.2885011627672398,5910
107,4.955807598985311,-14.205264379762234,0.052163660442876965,0.0,-9.197293120334045,-14.205264379762234,nan,0.024407583040459896,0.027756077402417093,4.981957749623777,-14.155440222579207,0.05149072270082965,0.0,-9.121991750254601,-14.155440222579207,nan,92.53871966785988,1.0012732219800564,0.0,1.5946003570679246,92.42104715919696,46.0,46.0,,0.0002167379972769355,,,,,,,4.773548435877132,,0,3.287444885819509,6.524004496206278,inf,-inf,-0.19739878056743093,0.17924688123885646,-0.21275153638435637,0.21125713534293905,inf,-inf,2.4267183886548183,0.20607850001175054,0.20607850001175054,0.20607850001175054,784,3.0464352571949465,1.7272766208994705,2.0162057679787124,,,-1.0303877824108305,4.857153481570984,0.5084926303581013,1.9845213297256374,0.29765577108513885,0.0,0.0,4.88796658397938,5.031359278978492,0.5236577844487414,3.3574773296434675,6.524004496206278,1.9431268942921103,0.2885011627672398,5910
108,4.923352584833043,-14.212897058944723,0.05267451831151073,0.0,-9.236869955800168,-14.212897058944723,nan,0.024843789833324297,0.027830728478186427,4.981957749623777,-14.155440222579207,0.05149072270082965,0.0,-9.121991750254601,-14.155440222579207,nan,106.69452062319988,0.9651086654916642,0.0,1.5793471918871318,110.55182119709339,46.0,46.0,,0.00021536071487775814,,,,,,,4.773548435877132,,0,3.287444885819509,6.524004496206278,inf,-inf,-0.20140829891410417,0.15945238996760178,-0.23567754686567594,0.1998208204437971,inf,-inf,2.4288082132414672,0.2063663902577402,0.2063663902577402,0.2063663902577402,784,3.0464352571949465,1.7272766208994705,2.0162057679787124,,,-1.0303877824108305,4.857153481570984,0.5084926303581013,1.9845213297256374,0.29765577108513885,0.0,0.0,4.88796658397938,5.031359278978492,0.5236577844487414,3.3574773296434675,6.524004496206278,1.9431268942921103,0.2885011627672398,5910
109,4.890653383154256,-14.206752691936426,0.053223187745625414,0.0,-9.262876121036545,-14.206752691936426,nan,0.025283630413031513,0.027939557332593904,4.981957749623777,-14.155440222579207,0.05149072270082965,0.0,-9.121991750254601,-14.155440222579207,nan,97.63008707183178,0.9783552403544988,0.0,1.5915822570100513,99.79001802704745,46.0,46.0,,0.00021397681324599097,,,,,,,4.773548435877132,,0,3.287444885819509,6.524004496206278,inf,-inf,-0.20047501057492056,0.16461605663343828,-0.21615556494776517,0.21815112482135754,inf,-inf,2.431351368001608,0.20667476106811844,0.20667476106811844,0.20667476106811844,784,3.0464352571949465,1.7272766208994705,2.0162057679787124,,,-1.0303877824108305,4.857153481570984,0.5084926303581013,1.9845213297256374,0.29765577108513885,0.0,0.0,4.88796658397938,5.031359278978492,0.5236577844487414,3.3574773296434675,6.524004496206278,1.9431268942921103,0.2885011627672398,5910
110,4.83773205353137,-14.202999156451838,0.05379859744498444,0.0,-9.311468505475483,-14.202999156451838,nan,0.02572028488178081,0.028078312563203638,4.861885246609356,-14.202612518836832,0.05412455217582586,0.0,-9.286602720051649,-14.202612518836832,nan,89.88993010272915,0.971863537417322,0.0,1.6009046599877654,92.49233729007581,46.0,46.0,,0.00021258644414204314,,,,,,,4.535735820555992,,0,3.082509563527396,6.28222009478878,inf,-inf,-0.1941610586652889,0.21611792046446235,-0.22372541329969248,0.20254245309348765,inf,-inf,2.434125616844068,0.2069308787412626,0.2069308787412626,0.2069308787412626,784,3.021597892355133,1.7183131901568038,2.02273039577096,,,-1.0772582483908544,4.616439955380333,0.5072869070884156,2.0380212827628252,0.30920871496883395,0.0,0.0,4.65408023298103,4.796978513977842,0.517225675942749,3.156264792157364,6.28222009478878,1.9903970384229928,0.29893971681020776,5910
111,4.812468719913502,-14.215342716443576,0.05428026629841272,0.0,-9.348593730231661,-14.215342716443576,nan,0.02616496611169033,0.028115300186722418,4.861885246609356,-14.202612518836832,0.05412455217582586,0.0,-9.286602720051649,-14.202612518836832,nan,92.43749238776118,0.9508206914229226,0.0,1.574027937329405,97.21863777430694,46.0,46.0,,0.0002111897600355549,,,,,,,4.535735820555992,,0,3.082509563527396,6.28222009478878,inf,-inf,-0.19809406484747805,0.1613535477394403,-0.19706270261901973,0.22949166150526004,inf,-inf,2.4367032046639894,0.20716219428237254,0.20716219428237254,0.20716219428237254,784,3.021597892355133,1.7183131901568038,2.02273039577096,,,-1.0772582483908544,4.616439955380333,0.5072869070884156,2.0380212827628252,0.30920871496883395,0.0,0.0,4.65408023298103,4.796978513977842,0.517225675942749,3.156264792157364,6.28222009478878,1.9903970384229928,0.29893971681020776,5910
112,4.771929615411937,-14.215630657052378,0.05482659932720292,0.0,-9.388874442313238,-14.215630657052378,nan,0.02660565055113945,0.02822094877606348,4.861885246609356,-14.202612518836832,0.05412455217582586,0.0,-9.286602720051649,-14.202612518836832,nan,92.4796486710826,0.9327580247229098,0.0,1.575908525734783,99.14645194133291,46.0,46.0,,0.00020978691408867772,,,,,,,4.535735820555992,,0,3.082509563527396,6.28222009478878,inf,-inf,-0.1966231504634295,0.15060805905186436,-0.2478125164041785,0.20916015746200856,inf,-inf,2.441207101233415,0.20742169870610236,0.20742169870610236,0.20742169870610236,784,3.021597892355133,1.7183131901568038,2.02273039577096,,,-1.0772582483908544,4.616439955380333,0.5072869070884156,2.0380212827628252,0.30920871496883395,0.0,0.0,4.65408023298103,4.796978513977842,0.517225675942749,3.156264792157364,6.28222009478878,1.9903970384229928,0.29893971681020776,5910
113,4.737943740667338,-14.214425127682585,0.05526044671527453,0.0,-9.421220940299973,-14.214425127682585,nan,0.027046221603545032,0.028214225111729493,4.861885246609356,-14.202612518836832,0.05412455217582586,0.0,-9.286602720051649,-14.202612518836832,nan,99.21178071571862,0.9241417786157239,0.0,1.5755841020277284,107.35558440429821,46.0,46.0,,0.0002083780601392783,,,,,,,4.535735820555992,,0,3.082509563527396,6.28222009478878,inf,-inf,-0.20302733811229198,0.15085329607329176,-0.1871038934971416,0.2031562931016583,inf,-inf,2.4432952884861865,0.2076885706433404,0.2076885706433404,0.2076885706433404,784,3.021597892355133,1.7183131901568038,2.02273039577096,,,-1.0772582483908544,4.616439955380333,0.5072869070884156,2.0380212827628252,0.30920871496883395,0.0,0.0,4.65408023298103,4.796978513977842,0.517225675942749,3.156264792157364,6.28222009478878,1.9903970384229928,0.29893971681020776,5910
114,4.7032431103455465,-14.204389124984047,0.05579984727001569,0.0,-9.445346167368484,-14.204389124984047,nan,0.027490884605333187,0.02830896266468251,4.861885246609356,-14.202612518836832,0.05412455217582586,0.0,-9.286602720051649,-14.202612518836832,nan,101.76148693436255,0.9274224369313887,0.0,1.5942665997225336,109.72506474079506,46.0,46.0,,0.00020696335268406848,,,,,,,4.535735820555992,,0,3.082509563527396,6.28222009478878,inf,-inf,-0.20708916082222137,0.16900786676296634,-0.24505943106604397,0.21331990123507055,inf,-inf,2.4456145198445585,0.2078994369378504,0.2078994369378504,0.2078994369378504,784,3.021597892355133,1.7183131901568038,2.02273039577096,,,-1.0772582483908544,4.616439955380333,0.5072869070884156,2.0380212827628252,0.30920871496883395,0.0,0.0,4.65408023298103,4.796978513977842,0.517225675942749,3.156264792157364,6.28222009478878,1.9903970384229928,0.29893971681020776,5910
115,4.65777565563912,-14.221973861791389,0.056390638484432154,0.0,-9.507807567667838,-14.221973861791389,nan,0.027937230196258312,0.02845340828817382,4.614120439974333,-14.138276934460873,0.056781452495108346,0.0,-9.467375041991431,-14.138276934460873,nan,89.58321709805685,0.9000684155691895,0.0,1.561477545138012,99.5293419349748,46.0,46.0,,0.00020554294686166318,,,,,,,4.316003410561711,,0,2.8993273719380013,6.051261667396081,inf,-inf,-0.20157830395541082,0.16062397760605007,-0.18353659565221858,0.22008439912619507,inf,-inf,2.447619748049348,0.20815093902858575,0.20815093902858575,0.20815093902858575,784,2.9981340875427165,1.709680959577717,2.0315252769047447,,,-1.1228164820147473,4.393991086897859,0.5051312251462877,2.087126043773121,0.31954867736550396,0.0,0.0,4.437370214007738,4.578195749731293,0.510837073181785,2.969510963489469,6.051261667396081,2.0377973820595865,0.30916099997069235,5910
116,4.637448387272647,-14.216840030232884,0.0569215929223562,0.0,-9.522470050037882,-14.216840030232884,nan,0.02838299588893841,0.028538597033417813,4.614120439974333,-14.138276934460873,0.056781452495108346,0.0,-9.467375041991431,-14.138276934460873,nan,95.78127341648334,0.9115356277747426,0.0,1.5707712949041865,105.07682914194625,46.0,46.0,,0.00020411699843556725,,,,,,,4.316003410561711,,0,2.8993273719380013,6.051261667396081,inf,-inf,-0.19503864786099606,0.1580847125834142,-0.23691320253971665,0.1942022271755719,inf,-inf,2.44995344980722,0.2084889909491429,0.2084889909491429,0.2084889909491429,784,2.9981340875427165,1.709680959577717,2.0315252769047447,,,-1.1228164820147473,4.393991086897859,0.5051312251462877,2.087126043773121,0.31954867736550396,0.0,0.0,4.437370214007738,4.578195749731293,0.510837073181785,2.969510963489469,6.051261667396081,2.0377973820595865,0.30916099997069235,5910
117,4.593610636766696,-14.22882005489661,0.05752638831890495,0.0,-9.57768302981101,-14.22882005489661,nan,0.02882665696747512,0.028699731351429853,4.614120439974333,-14.138276934460873,0.056781452495108346,0.0,-9.467375041991431,-14.138276934460873,nan,101.03507073460504,0.9123192938598192,0.0,1.5468864078573774,110.74529653664148,46.0,46.0,,0.00020268566377709454,,,,,,,4.316003410561711,,0,2.8993273719380013,6.051261667396081,inf,-inf,-0.19760422679638281,0.167431553523128,-0.25855560623648555,0.23979056022108464,inf,-inf,2.4529781305086016,0.20874580281705551,0.20874580281705551,0.20874580281705551,784,2.9981340875427165,1.709680959577717,2.0315252769047447,,,-1.1228164820147473,4.393991086897859,0.5051312251462877,2.087126043773121,0.31954867736550396,0.0,0.0,4.437370214007738,4.578195749731293,0.510837073181785,2.969510963489469,6.051261667396081,2.0377973820595865,0.30916099997069235,5910
118,4.562275625781376,-14.223686072873544,0.057940762783581554,0.0,-9.603469684308587,-14.223686072873544,nan,0.02926677289245857,0.028673989891122995,4.614120439974333,-14.138276934460873,0.056781452495108346,0.0,-9.467375041991431,-14.138276934460873,nan,83.33630238604881,0.9234354646091205,0.0,1.5576544280093783,90.24594092379168,46.0,46.0,,0.00020124909984822013,,,,,,,4.316003410561711,,0,2.8993273719380013,6.051261667396081,inf,-inf,-0.1967297843340286,0.16813966927820248,-0.18844073430231598,0.23406525623464786,inf,-inf,2.4566668366146462,0.20889486340951796,0.20889486340951796,0.20889486340951796,784,2.9981340875427165,1.709680959577717,2.0315252769047447,,,-1.1228164820147473,4.393991086897859,0.5051312251462877,2.087126043773121,0.31954867736550396,0.0,0.0,4.437370214007738,4.578195749731293,0.510837073181785,2.969510963489469,6.051261667396081,2.0377973820595865,0.30916099997069235,5910
119,4.530107297186885,-14.223670044951788,0.05844522619931464,0.0,-9.63511752156559,-14.223670044951788,nan,0.029713741163850317,0.0287314850354643,4.614120439974333,-14.138276934460873,0.056781452495108346,0.0,-9.467375041991431,-14.138276934460873,nan,98.24609067759921,0.8876931522601363,0.0,1.5548508066020543,110.67573341920794,46.0,46.0,,0.00019980746418436736,,,,,,,4.316003410561711,,0,2.8993273719380013,6.051261667396081,inf,-inf,-0.20367705486071994,0.14946690642974675,-0.2117826691083542,0.23061805977826128,inf,-inf,2.4593486283841117,0.2091926468689274,0.2091926468689274,0.2091926468689274,784,2.9981340875427165,1.709680959577717,2.0315252769047447,,,-1.1228164820147473,4.393991086897859,0.5051312251462877,2.087126043773121,0.31954867736550396,0.0,0.0,4.437370214007738,4.578195749731293,0.510837073181785,2.969510963489469,6.051261667396081,2.0377973820595865,0.30916099997069235,5910
120,4.5033007867892,-14.221896057170536,0.05901362281046661,0.0,-9.65958164757087,-14.221896057170536,nan,0.03015936685134975,0.02885425595911684,4.474610873867262,-14.176559697567953,0.059404674510197736,0.0,-9.642544149190492,-14.176559697567953,nan,91.39231978411019,0.9120260213951734,0.0,1.5642195720433822,100.20801779789421,46.0,46.0,,0.00019836091487713254,,,,,,,4.114527381458087,,0,2.7352139379227243,5.837542681359216,inf,-inf,-0.20003449293430003,0.16888660959539342,-0.18220075966863405,0.24830582958275388,inf,-inf,2.461877439106065,0.2093852267257169,0.2093852267257169,0.2093852267257169,784,2.975157442653599,1.7011812143384701,2.039371814000749,,,-1.1666450819030736,4.192031209054543,0.5021983339823752,2.1342179492521067,0.32923876809887953,0.0,0.0,4.237826896174702,4.376219459408576,0.5041874360877407,2.799399078100604,5.837542681359216,2.085284205108761,0.3191652536977767,5910
121,4.474662144687531,-14.230752528968189,0.059537648689850176,0.0,-9.696552735590807,-14.230752528968189,nan,0.030605101653279,0.028932547036571193,4.474610873867262,-14.176559697567953,0.059404674510197736,0.0,-9.642544149190492,-14.176559697567953,nan,95.18993982469554,0.8852066414663307,0.0,1.5398855495444577,107.53414554935436,46.0,46.0,,0.00019690961055694836,,,,,,,4.114527381458087,,0,2.7352139379227243,5.837542681359216,inf,-inf,-0.1992801918966051,0.1446347207988156,-0.22370812018356248,0.21189006088449297,inf,-inf,2.465224008193392,0.20957337067353607,0.20957337067353607,0.20957337067353607,784,2.975157442653599,1.7011812143384701,2.039371814000749,,,-1.1666450819030736,4.192031209054543,0.5021983339823752,2.1342179492521067,0.32923876809887953,0.0,0.0,4.237826896174702,4.376219459408576,0.5041874360877407,2.799399078100604,5.837542681359216,2.085284205108761,0.3191652536977767,5910
122,4.441611687056551,-14.22844238606771,0.06006843189186518,0.0,-9.726762267119293,-14.22844238606771,nan,0.031049267254086653,0.029019164637778528,4.474610873867262,-14.176559697567953,0.059404674510197736,0.0,-9.642544149190492,-14.176559697567953,nan,95.22980043482258,0.8889545369074429,0.0,1.5457657948487085,107.1256138318554,46.0,46.0,,0.00019545371037568823,,,,,,,4.114527381458087,,0,2.7352139379227243,5.837542681359216,inf,-inf,-0.19883213685047882,0.13522289866625606,-0.17914528131920066,0.21294132628237322,inf,-inf,2.4675003812561536,0.20988072252828166,0.20988072252828166,0.20988072252828166,784,2.975157442653599,1.7011812143384701,2.039371814000749,,,-1.1666450819030736,4.192031209054543,0.5021983339823752,2.1342179492521067,0.32923876809887953,0.0,0.0,4.237826896174702,4.376219459408576,0.5041874360877407,2.799399078100604,5.837542681359216,2.085284205108761,0.3191652536977767,5910
123,4.4004999390511585,-14.239973496298488,0.060569387145507275,0.0,-9.778904170101821,-14.239973496298488,nan,0.03149346181574842,0.029075925329758855,4.474610873867262,-14.176559697567953,0.059404674510197736,0.0,-9.642544149190492,-14.176559697567953,nan,96.33797451507603,0.8292784348304622,0.0,1.5223332287256413,116.17084258892055,46.0,46.0,,0.00019399337398921348,,,,,,,4.114527381458087,,0,2.7352139379227243,5.837542681359216,inf,-inf,-0.19743637959792218,0.1482761882509531,-0.216869309060991,0.21248861497610994,inf,-inf,2.4712300633565767,0.21003648312356696,0.21003648312356696,0.21003648312356696,784,2.975157442653599,1.7011812143384701,2.039371814000749,,,-1.1666450819030736,4.192031209054543,0.5021983339823752,2.1342179492521067,0.32923876809887953,0.0,0.0,4.237826896174702,4.376219459408576,0.5041874360877407,2.799399078100604,5.837542681359216,2.085284205108761,0.3191652536977767,5910
124,4.387004884488572,-14.240587508968906,0.06104430938305685,0.0,-9.792538315097277,-14.240587508968906,nan,0.03192878199538235,0.029115527387674495,4.474610873867262,-14.176559697567953,0.059404674510197736,0.0,-9.642544149190492,-14.176559697567953,nan,94.34293003163258,0.834849434098838,0.0,1.522996471322232,113.00592200013791,46.0,46.0,,0.0001925287615398655,,,,,,,4.114527381458087,,0,2.7352139379227243,5.837542681359216,inf,-inf,-0.19653345867954275,0.1472200843781127,-0.22051976714986804,0.2179178908299983,inf,-inf,2.4719558689586982,0.21031561765736614,0.21031561765736614,0.21031561765736614,784,2.975157442653599,1.7011812143384701,2.039371814000749,,,-1.1666450819030736,4.192031209054543,0.5021983339823752,2.1342179492521067,0.32923876809887953,0.0,0.0,4.237826896174702,4.376219459408576,0.5041874360877407,2.799399078100604,5.837542681359216,2.085284205108761,0.3191652536977767,5910
125,4.340839078773047,-14.243020792588903,0.06154186821874864,0.0,-9.840639845597108,-14.243020792588903,nan,0.032369920514841735,0.029171947703906926,4.35183633369223,-14.210747066422481,0.061991251529501926,0.0,-9.79691948120075,-14.210747066422481,nan,93.91439203604249,0.825056544924475,0.0,1.514414189135739,113.8278250306339,46.0,46.0,,0.0001910600336389039,,,,,,,3.930537870260892,,0,2.587610135734029,5.641325426413181,inf,-inf,-0.20107866568272728,0.1481123859702111,-0.20995576239170977,0.1963480911837132,inf,-inf,2.4755480711034594,0.21043961163187636,0.21043961163187636,0.21043961163187636,784,2.9533366415501385,1.6929889222853054,2.044052732688538,,,-1.208547063221003,4.004692971622626,0.498925416750303,2.180129590817553,0.33848230961571774,0.0,0.0,4.055264505454272,4.190194276151405,0.4978574378541203,2.644123235649264,5.641325426413181,2.1335334716454524,0.32909946061782547,5910
126,4.338883459846843,-14.24557718800654,0.062113201818493384,0.0,-9.844580526341202,-14.24557718800654,nan,0.03281384428160363,0.029299357536889777,4.35183633369223,-14.210747066422481,0.061991251529501926,0.0,-9.79691948120075,-14.210747066422481,nan,93.24281429359941,0.831838223337457,0.0,1.5093461153139132,112.09248586761925,46.0,46.0,,0.0001895873513488942,,,,,,,3.930537870260892,,0,2.587610135734029,5.641325426413181,inf,-inf,-0.19649164639532324,0.1413826265208883,-0.2513734363232038,0.24195269626255117,inf,-inf,2.4765865414496018,0.21072938553984039,0.21072938553984039,0.21072938553984039,784,2.9533366415501385,1.6929889222853054,2.044052732688538,,,-1.208547063221003,4.004692971622626,0.498925416750303,2.180129590817553,0.33848230961571774,0.0,0.0,4.055264505454272,4.190194276151405,0.4978574378541203,2.644123235649264,5.641325426413181,2.1335334716454524,0.32909946061782547,5910
127,4.2924207988890775,-14.245181950670535,0.06261632432957878,0.0,-9.890144827451879,-14.245181950670535,nan,0.033252974839016645,0.02936334949056211,4.35183633369223,-14.210747066422481,0.061991251529501926,0.0,-9.79691948120075,-14.210747066422481,nan,92.50414952964664,0.8280420112982,0.0,1.5097609345280814,111.71431916192164,46.0,46.0,,0.00018811087616604506,,,,,,,3.930537870260892,,0,2.587610135734029,5.641325426413181,inf,-inf,-0.20541867194251762,0.14429278548592464,-0.19393015448294887,0.21229743790605501,inf,-inf,2.4798327036592815,0.21083393941071268,0.21083393941071268,0.21083393941071268,784,2.9533366415501385,1.6929889222853054,2.044052732688538,,,-1.208547063221003,4.004692971622626,0.498925416750303,2.180129590817553,0.33848230961571774,0.0,0.0,4.055264505454272,4.190194276151405,0.4978574378541203,2.644123235649264,5.641325426413181,2.1335334716454524,0.32909946061782547,5910
128,4.260070814490298,-14.247884773335588,0.06310239763049973,0.0,-9.92471156121479,-14.247884773335588,nan,0.03368763346663613,0.02941476416386361,4.35183633369223,-14.210747066422481,0.061991251529501926,0.0,-9.79691948120075,-14.210747066422481,nan,85.90271604345021,0.8456723124108677,0.0,1.5084490216949125,101.57919891991757,46.0,46.0,,0.00018663077000249866,,,,,,,3.930537870260892,,0,2.587610135734029,5.641325426413181,inf,-inf,-0.18915075021267017,0.15078699558890551,-0.21516314370961936,0.22450116081312338,inf,-inf,2.481917948090208,0.2110876133197905,0.2110876133197905,0.2110876133197905,784,2.9533366415501385,1.6929889222853054,2.044052732688538,,,-1.208547063221003,4.004692971622626,0.498925416750303,2.180129590817553,0.33848230961571774,0.0,0.0,4.055264505454272,4.190194276151405,0.4978574378541203,2.644123235649264,5.641325426413181,2.1335334716454524,0.32909946061782547,5910
129,4.246975285351386,-14.25018408209849,0.06359893330810631,0.0,-9.939609863438998,-14.25018408209849,nan,0.034126907917107395,0.029472025390998947,4.35183633369223,-14.210747066422481,0.061991251529501926,0.0,-9.79691948120075,-14.210747066422481,nan,83.42174809323588,0.8475266920382497,0.0,1.4997583277369397,98.42964106842663,46.0,46.0,,0.00018514719516857508,,,,,,,3.930537870260892,,0,2.587610135734029,5.641325426413181,inf,-inf,-0.18933508720782186,0.15091776535555787,-0.22166822728846589,0.21476503285307294,inf,-inf,2.4844044449332343,0.21125766022357045,0.21125766022357045,0.21125766022357045,784,2.9533366415501385,1.6929889222853054,2.044052732688538,,,-1.208547063221003,4.004692971622626,0.498925416750303,2.180129590817553,0.33848230961571774,0.0,0.0,4.055264505454272,4.190194276151405,0.4978574378541203,2.644123235649264,5.641325426413181,2.1335334716454524,0.32909946061782547,5910
130,4.228015916198402,-14.262428852901982,0.06405346568745895,0.0,-9.97035947101612,-14.262428852901982,nan,0.034562846418230174,0.029490619269228788,4.26675058000137,-14.270442285049407,0.06452749994281609,0.0,-9.939164205105222,-14.270442285049407,nan,98.9256329683772,0.8211491631330609,0.0,1.4768457431059578,120.4721838733057,46.0,46.0,,0.00018366031435497322,,,,,,,3.7619436027105846,,0,2.4563392262053396,5.4569939213872125,inf,-inf,-0.20218829791964085,0.13997644016646085,-0.20892439969473853,0.21672600611047313,inf,-inf,2.4843997629528327,0.21151154405601696,0.21151154405601696,0.21151154405601696,784,2.9322074032699477,1.6850088867253763,2.0473351572400253,,,-1.248688907175691,3.8337016867622924,0.4950451840900989,2.2215962124325213,0.3466651263204069,0.0,0.0,3.887521149820646,4.019474145542626,0.4916643752703419,2.502656508624511,5.4569939213872125,2.1804805823658318,0.33855222354376324,5910
131,4.178129753665432,-14.252881419640826,0.06461069683109082,0.0,-10.010140969144304,-14.252881419640826,nan,0.03499659882750943,0.02961409800358138,4.26675058000137,-14.270442285049407,0.06452749994281609,0.0,-9.939164205105222,-14.270442285049407,nan,98.81031928542268,0.7905431008249716,0.0,1.4901366212013538,124.99042643254887,46.0,46.0,,0.00018217029061493007,,,,,,,3.7619436027105846,,0,2.4563392262053396,5.4569939213872125,inf,-inf,-0.20184384662937047,0.13399876988694798,-0.18103329835483548,0.2086469895423258,inf,-inf,2.4877052354253144,0.21171184376135863,0.21171184376135863,0.21171184376135863,784,2.9322074032699477,1.6850088867253763,2.0473351572400253,,,-1.248688907175691,3.8337016867622924,0.4950451840900989,2.2215962124325213,0.3466651263204069,0.0,0.0,3.887521149820646,4.019474145542626,0.4916643752703419,2.502656508624511,5.4569939213872125,2.1804805823658318,0.33855222354376324,5910
132,4.163329269202197,-14.264381704562817,0.06519700871067459,0.0,-10.035855426649947,-14.264381704562817,nan,0.03542989732941986,0.029767111381254728,4.26675058000137,-14.270442285049407,0.06452749994281609,0.0,-9.939164205105222,-14.270442285049407,nan,74.38594275025176,0.7936505215381551,0.0,1.4673613049794507,93.72632000050368,46.0,46.0,,0.00018067728734633956,,,,,,,3.7619436027105846,,0,2.4563392262053396,5.4569939213872125,inf,-inf,-0.19899880712468668,0.11929695092652698,-0.18410129079606855,0.2208424847016992,inf,-inf,2.4887364927569435,0.21194859040801803,0.21194859040801803,0.21194859040801803,784,2.9322074032699477,1.6850088867253763,2.0473351572400253,,,-1.248688907175691,3.8337016867622924,0.4950451840900989,2.2215962124325213,0.3466651263204069,0.0,0.0,3.887521149820646,4.019474145542626,0.4916643752703419,2.502656508624511,5.4569939213872125,2.1804805823658318,0.33855222354376324,5910
133,4.12922339976757,-14.25712958443606,0.06559581486259658,0.0,-10.062310369805893,-14.25712958443606,nan,0.03586555387944385,0.02973026098315273,4.26675058000137,-14.270442285049407,0.06452749994281609,0.0,-9.939164205105222,-14.270442285049407,nan,99.4847302365938,0.7942209244300902,0.0,1.4852549180663512,125.26077716723613,46.0,46.0,,0.0001791814682738348,,,,,,,3.7619436027105846,,0,2.4563392262053396,5.4569939213872125,inf,-inf,-0.20428467674478862,0.14663778324712515,-0.20486000789884684,0.20891182202317446,inf,-inf,2.4925479262851287,0.2120402884806918,0.2120402884806918,0.2120402884806918,784,2.9322074032699477,1.6850088867253763,2.0473351572400253,,,-1.248688907175691,3.8337016867622924,0.4950451840900989,2.2215962124325213,0.3466651263204069,0.0,0.0,3.887521149820646,4.019474145542626,0.4916643752703419,2.502656508624511,5.4569939213872125,2.1804805823658318,0.33855222354376324,5910
134,4.103123907521692,-14.263216560349306,0.06612024247028646,0.0,-10.093972410357328,-14.263216560349306,nan,0.03630009137127819,0.029820151099008273,4.26675058000137,-14.270442285049407,0.06452749994281609,0.0,-9.939164205105222,-14.270442285049407,nan,93.17030386623244,0.7819496377409503,0.0,1.468240353538913,119.15128464718153,46.0,46.0,,0.00017768299743083345,,,,,,,3.7619436027105846,,0,2.4563392262053396,5.4569939213872125,inf,-inf,-0.20114607929564476,0.13895648010228584,-0.1788388877135233,0.23063527063836214,inf,-inf,2.4928864994366573,0.2123235159638248,0.2123235159638248,0.2123235159638248,784,2.9322074032699477,1.6850088867253763,2.0473351572400253,,,-1.248688907175691,3.8337016867622924,0.4950451840900989,2.2215962124325213,0.3466651263204069,0.0,0.0,3.887521149820646,4.019474145542626,0.4916643752703419,2.502656508624511,5.4569939213872125,2.1804805823658318,0.33855222354376324,5910
135,4.082241825110053,-14.255527024441854,0.06664553775199131,0.0,-10.106639661579809,-14.255527024441854,nan,0.03672886514163533,0.02991667261035597,4.070179499506571,-14.204610365581468,0.067067123185414,0.0,-10.067363742889484,-14.204610365581468,nan,91.12830480557594,0.7826755192945398,0.0,1.4868125442995992,116.43178119038899,46.0,46.0,,0.00017618203914154966,,,,,,,3.6071039562705627,,0,2.337518256864169,5.2869551097987095,inf,-inf,-0.20481822009379327,0.16096361483985316,-0.23941456052845483,0.23542839783018116,inf,-inf,2.495786444949947,0.21247120616586135,0.21247120616586135,0.21247120616586135,784,2.9118838375504397,1.6772626179280887,2.0510068232570524,,,-1.2871204772392646,3.6752346211119216,0.4909607638056557,2.2617813119848202,0.35445061138095146,0.0,0.0,3.733054959000401,3.8597663637108317,0.4857833635607185,2.3722991252261845,5.2869551097987095,2.228620772810271,0.3480361742282687,5910
136,4.086717745509206,-14.274185851659361,0.06709769858137866,0.0,-10.120370407568778,-14.274185851659361,nan,0.03716552857731364,0.02993217000406501,4.070179499506571,-14.204610365581468,0.067067123185414,0.0,-10.067363742889484,-14.204610365581468,nan,100.24233722038312,0.7583582051112513,0.0,1.4462837065757728,132.18336209031662,46.0,46.0,,0.0001746787580029741,,,,,,,3.6071039562705627,,0,2.337518256864169,5.2869551097987095,inf,-inf,-0.20137618336648405,0.14323482709243682,-0.2417350002299511,0.22379836242722623,inf,-inf,2.498391462870909,0.21257063780964935,0.21257063780964935,0.21257063780964935,784,2.9118838375504397,1.6772626179280887,2.0510068232570524,,,-1.2871204772392646,3.6752346211119216,0.4909607638056557,2.2617813119848202,0.35445061138095146,0.0,0.0,3.733054959000401,3.8597663637108317,0.4857833635607185,2.3722991252261845,5.2869551097987095,2.228620772810271,0.3480361742282687,5910
137,4.028262354429458,-14.276929609419668,0.06758267302730979,0.0,-10.1810845819629,-14.276929609419668,nan,0.03759138661381816,0.029991286413491615,4.070179499506571,-14.204610365581468,0.067067123185414,0.0,-10.067363742889484,-14.204610365581468,nan,81.01053309870085,0.7518906654982522,0.0,1.443883216941433,107.74243758568001,46.0,46.0,,0.00017317331886682408,,,,,,,3.6071039562705627,,0,2.337518256864169,5.2869551097987095,inf,-inf,-0.20436818290970402,0.12668712850886937,-0.23083615860873158,0.2012409354534534,inf,-inf,2.498840920525797,0.21278176029073842,0.21278176029073842,0.21278176029073842,784,2.9118838375504397,1.6772626179280887,2.0510068232570524,,,-1.2871204772392646,3.6752346211119216,0.4909607638056557,2.2617813119848202,0.35445061138095146,0.0,0.0,3.733054959000401,3.8597663637108317,0.4857833635607185,2.3722991252261845,5.2869551097987095,2.228620772810271,0.3480361742282687,5910
138,4.014108634536927,-14.27868983961591,0.0680199966013801,0.0,-10.196561208477602,-14.27868983961591,nan,0.03801120816387182,0.03000878843750828,4.070179499506571,-14.204610365581468,0.067067123185414,0.0,-10.067363742889484,-14.204610365581468,nan,83.64486000910972,0.7526547247907943,0.0,1.4365577039082746,111.13310958402526,46.0,46.0,,0.00017166588682146562,,,,,,,3.6071039562705627,,0,2.337518256864169,5.2869551097987095,inf,-inf,-0.20197716172673005,0.12381336466761848,-0.21185619489441576,0.20754925848337655,inf,-inf,2.5015231911696283,0.21287492428204993,0.21287492428204993,0.21287492428204993,784,2.9118838375504397,1.6772626179280887,2.0510068232570524,,,-1.2871204772392646,3.6752346211119216,0.4909607638056557,2.2617813119848202,0.35445061138095146,0.0,0.0,3.733054959000401,3.8597663637108317,0.4857833635607185,2.3722991252261845,5.2869551097987095,2.228620772810271,0.3480361742282687,5910
139,3.9797394048485506,-14.279572416716906,0.06852567626248852,0.0,-10.231307335605866,-14.279572416716906,nan,0.03843626303807616,0.030089413224412373,4.070179499506571,-14.204610365581468,0.067067123185414,0.0,-10.067363742889484,-14.204610365581468,nan,89.78716208292133,0.7448121573077622,0.0,1.436739111837249,120.55007588419448,46.0,46.0,,0.00017015662717380974,,,,,,,3.6071039562705627,,0,2.337518256864169,5.2869551097987095,inf,-inf,-0.20078723088871517,0.13797853805667623,-0.2008794151090239,0.1901183214512115,inf,-inf,2.5016930445687318,0.21308925391475309,0.21308925391475309,0.21308925391475309,784,2.9118838375504397,1.6772626179280887,2.0510068232570524,,,-1.2871204772392646,3.6752346211119216,0.4909607638056557,2.2617813119848202,0.35445061138095146,0.0,0.0,3.733054959000401,3.8597663637108317,0.4857833635607185,2.3722991252261845,5.2869551097987095,2.228620772810271,0.3480361742282687,5910
140,3.9603794751079815,-14.275563778016217,0.06902495817820556,0.0,-10.24615934473003,-14.275563778016217,nan,0.038859041489497405,0.0301659166887082,3.918052594040177,-14.221547564226519,0.0694843800836529,0.0,-10.23401059010269,-14.221547564226519,nan,95.76044593943116,0.7471544115410161,0.0,1.4424106930371274,128.16687482567886,46.0,46.0,,0.00016864570543118456,,,,,,,3.4662366040148105,,0,2.208557296800592,5.122960199670673,inf,-inf,-0.18624978759800342,0.12393344708184369,-0.225307236544849,0.23699480877833137,inf,-inf,2.501793780972619,0.21335554420768482,0.21335554420768482,0.21335554420768482,784,2.8922041407190955,1.6697419524277808,2.05421766212718,,,-1.3235271686947894,3.5308396394181525,0.4867146710288686,2.31959578639504,0.36541231116988143,0.0,0.0,3.5922639754791303,3.7150307005468033,0.4801064400215308,2.2551361829961776,5.122960199670673,2.27168551429311,0.35634820870247746,5910
141,3.945232790899257,-14.284629415521328,0.06956475013091763,0.0,-10.269831874491155,-14.284629415521328,nan,0.03927829747769035,0.03028645265322729,3.918052594040177,-14.221547564226519,0.0694843800836529,0.0,-10.23401059010269,-14.221547564226519,nan,88.30417790077958,0.7259104825223248,0.0,1.4261634925907216,121.6460982819102,46.0,46.0,,0.0001671332872831857,,,,,,,3.4662366040148105,,0,2.208557296800592,5.122960199670673,inf,-inf,-0.19333910044751962,0.11819064285548246,-0.26490568573387024,0.2141139487533868,inf,-inf,2.504917828193901,0.21346297339048184,0.21346297339048184,0.21346297339048184,784,2.8922041407190955,1.6697419524277808,2.05421766212718,,,-1.3235271686947894,3.5308396394181525,0.4867146710288686,2.31959578639504,0.36541231116988143,0.0,0.0,3.5922639754791303,3.7150307005468033,0.4801064400215308,2.2551361829961776,5.122960199670673,2.27168551429311,0.35634820870247746,5910
142,3.9207117859486935,-14.28958903143751,0.06994947076800831,0.0,-10.298927774720807,-14.28958903143751,nan,0.0396961424964985,0.030253328271509825,3.918052594040177,-14.221547564226519,0.0694843800836529,0.0,-10.23401059010269,-14.221547564226519,nan,81.99191140785354,0.7416986088253057,0.0,1.4129331855923248,110.54613077636945,46.0,46.0,,0.00016561953858350656,,,,,,,3.4662366040148105,,0,2.208557296800592,5.122960199670673,inf,-inf,-0.19555487329858162,0.13801062245914836,-0.20793982273083353,0.2196260934157607,inf,-inf,2.5069703961431147,0.21355534942416685,0.21355534942416685,0.21355534942416685,784,2.8922041407190955,1.6697419524277808,2.05421766212718,,,-1.3235271686947894,3.5308396394181525,0.4867146710288686,2.31959578639504,0.36541231116988143,0.0,0.0,3.5922639754791303,3.7150307005468033,0.4801064400215308,2.2551361829961776,5.122960199670673,2.27168551429311,0.35634820870247746,5910
143,3.902151206677298,-14.276426861976102,0.07046325491657829,0.0,-10.303812400382226,-14.276426861976102,nan,0.040113120188391284,0.03035013472818698,3.918052594040177,-14.221547564226519,0.0694843800836529,0.0,-10.23401059010269,-14.221547564226519,nan,96.42787338513426,0.7378307371185351,0.0,1.4365493014918882,130.69104949695637,46.0,46.0,,0.00016410462533175042,,,,,,,3.4662366040148105,,0,2.208557296800592,5.122960199670673,inf,-inf,-0.1945240551593638,0.14477380884556829,-0.17256677694681433,0.20848594946505805,inf,-inf,2.5089169682573433,0.21381094960056918,0.21381094960056918,0.21381094960056918,784,2.8922041407190955,1.6697419524277808,2.05421766212718,,,-1.3235271686947894,3.5308396394181525,0.4867146710288686,2.31959578639504,0.36541231116988143,0.0,0.0,3.5922639754791303,3.7150307005468033,0.4801064400215308,2.2551361829961776,5.122960199670673,2.27168551429311,0.35634820870247746,5910
144,3.887574757309664,-14.294742866174007,0.07098733841885188,0.0,-10.33618077044549,-14.294742866174007,nan,0.04053216895046792,0.030455169468383975,3.918052594040177,-14.221547564226519,0.0694843800836529,0.0,-10.23401059010269,-14.221547564226519,nan,81.79717723140338,0.7233814108066149,0.0,1.400173605013883,113.07613937741984,46.0,46.0,,0.00016258871365522684,,,,,,,3.4662366040148105,,0,2.208557296800592,5.122960199670673,inf,-inf,-0.18857129919957333,0.1177981037208695,-0.19127063689957446,0.2270934789162935,inf,-inf,2.5105195592216276,0.21394987208312238,0.21394987208312238,0.21394987208312238,784,2.8922041407190955,1.6697419524277808,2.05421766212718,,,-1.3235271686947894,3.5308396394181525,0.4867146710288686,2.31959578639504,0.36541231116988143,0.0,0.0,3.5922639754791303,3.7150307005468033,0.4801064400215308,2.2551361829961776,5.122960199670673,2.27168551429311,0.35634820870247746,5910
145,3.8557677114032836,-14.287680085896216,0.07145121326696315,0.0,-10.36046116122597,-14.287680085896216,nan,0.0409447839042525,0.030506429362710665,3.874679782738293,-14.289922678021854,0.07195609542266682,0.0,-10.343286799860895,-14.289922678021854,nan,90.68599551030829,0.7147876479302124,0.0,1.4165413656553665,126.87124039273036,46.0,46.0,,0.00016107196979073393,,,,,,,3.336700947064592,,0,2.0919062476393937,4.9653626927000225,inf,-inf,-0.1984605164667426,0.17815300749475105,-0.2045596451028174,0.2203137419160799,inf,-inf,2.5125221548326007,0.21415119413324696,0.21415119413324696,0.21415119413324696,784,2.8737293946578704,1.6625730166923371,2.057281719709269,,,-1.3582957804379412,3.39825052026048,0.4823619913302618,2.3736067036002084,0.3754087598559999,0.0,0.0,3.462576570919428,3.5800433877591478,0.47476322451638453,2.1474583009229415,4.9653626927000225,2.312204474734617,0.3640262373273413,5910
146,3.825142262580651,-14.298386729824328,0.07195043379484214,0.0,-10.401294033448835,-14.298386729824328,nan,0.041355265673511624,0.030595168121330524,3.874679782738293,-14.289922678021854,0.07195609542266682,0.0,-10.343286799860895,-14.289922678021854,nan,83.84162279070287,0.7075226460364736,0.0,1.3881566274063504,118.50026746194176,46.0,46.0,,0.00015955456006632853,,,,,,,3.336700947064592,,0,2.0919062476393937,4.9653626927000225,inf,-inf,-0.18614019255626538,0.11960780983493595,-0.19584874766112167,0.21114411140118458,inf,-inf,2.515421336754007,0.21421115336181162,0.21421115336181162,0.21421115336181162,784,2.8737293946578704,1.6625730166923371,2.057281719709269,,,-1.3582957804379412,3.39825052026048,0.4823619913302618,2.3736067036002084,0.3754087598559999,0.0,0.0,3.462576570919428,3.5800433877591478,0.47476322451638453,2.1474583009229415,4.9653626927000225,2.312204474734617,0.3640262373273413,5910
147,3.81678291410444,-14.304698017603357,0.07234543217743092,0.0,-10.415569671321487,-14.304698017603357,nan,0.04176029345621464,0.030585138721216303,3.874679782738293,-14.289922678021854,0.07195609542266682,0.0,-10.343286799860895,-14.289922678021854,nan,98.44822946287518,0.6958439943259088,0.0,1.3820791270147696,141.48031780923225,46.0,46.0,,0.00015803665088308673,,,,,,,3.336700947064592,,0,2.0919062476393937,4.9653626927000225,inf,-inf,-0.1848604646135437,0.13655454416549404,-0.20156205491863882,0.21279233130252742,inf,-inf,2.5170446514255738,0.2142825587321576,0.2142825587321576,0.2142825587321576,784,2.8737293946578704,1.6625730166923371,2.057281719709269,,,-1.3582957804379412,3.39825052026048,0.4823619913302618,2.3736067036002084,0.3754087598559999,0.0,0.0,3.462576570919428,3.5800433877591478,0.47476322451638453,2.1474583009229415,4.9653626927000225,2.312204474734617,0.3640262373273413,5910
148,3.8132573732862074,-14.303666403389236,0.07276900228104533,0.0,-10.417640027821983,-14.303666403389236,nan,0.04216641767332058,0.030602584607724775,3.874679782738293,-14.289922678021854,0.07195609542266682,0.0,-10.343286799860895,-14.289922678021854,nan,92.12496002590251,0.6902202858037235,0.0,1.3799047261878716,133.4718233014958,46.0,46.0,,0.00015651840869685562,,,,,,,3.336700947064592,,0,2.0919062476393937,4.9653626927000225,inf,-inf,-0.19301770501779839,0.1329746082950362,-0.24707356027875074,0.20239224254127527,inf,-inf,2.518914483289625,0.2144111232348131,0.2144111232348131,0.2144111232348131,784,2.8737293946578704,1.6625730166923371,2.057281719709269,,,-1.3582957804379412,3.39825052026048,0.4823619913302618,2.3736067036002084,0.3754087598559999,0.0,0.0,3.462576570919428,3.5800433877591478,0.47476322451638453,2.1474583009229415,4.9653626927000225,2.312204474734617,0.3640262373273413,5910
149,3.7689745505888697,-14.314250401154123,0.07318225119808286,0.0,-10.47209359936717,-14.314250401154123,nan,0.042568218355868916,0.030614032842213916,3.874679782738293,-14.289922678021854,0.07195609542266682,0.0,-10.343286799860895,-14.289922678021854,nan,75.15182552281462,0.668711199670041,0.0,1.3590178282483814,112.38308190426065,46.0,46.0,,0.00015499999999999997,,,,,,,3.336700947064592,,0,2.0919062476393937,4.9653626927000225,inf,-inf,-0.19540190347884315,0.13483828725648875,-0.19520305015000786,0.2348999796109572,inf,-inf,2.519041757194096,0.21457565403842838,0.21457565403842838,0.21457565403842838,784,2.8737293946578704,1.6625730166923371,2.057281719709269,,,-1.3582957804379412,3.39825052026048,0.4823619913302618,2.3736067036002084,0.3754087598559999,0.0,0.0,3.462576570919428,3.5800433877591478,0.47476322451638453,2.1474583009229415,4.9653626927000225,2.312204474734617,0.3640262373273413,5910
150,3.7476750193243697,-14.303329948499027,0.07366139467769303,0.0,-10.481993534496965,-14.303329948499027,nan,0.042963117320252285,0.030698277357440733,3.716919622045204,-14.230271933354118,0.07416490297660988,0.0,-10.439187408332304,-14.230271933354118,nan,83.49392205749737,0.6880118384056496,0.0,1.378736108958353,121.35535669121673,46.0,46.0,,0.00015348159130314435,,,,,,,3.2188046288717813,,0,1.9864172696992157,4.818855251018648,inf,-inf,-0.18138812714207347,0.18091648496829496,-0.20097920226350935,0.20422818374995266,inf,-inf,2.5194395982875224,0.21480270576212085,0.21480270576212085,0.21480270576212085,784,2.8557590914686766,1.655611028909567,2.058599309440641,,,-1.391116444542319,3.27739063760946,0.47800553876181306,2.42590281736139,0.3848733988681197,0.0,0.0,3.3443442250716386,3.4567888168765526,0.4696451093531449,2.0471209561073387,4.818855251018648,2.3539670367997423,0.37180037701369856,5910
151,3.7441070589782415,-14.302866651117313,0.07419158865633022,0.0,-10.484568003482742,-14.302866651117313,nan,0.04336647263618012,0.030825116020150086,3.716919622045204,-14.230271933354118,0.07416490297660988,0.0,-10.439187408332304,-14.230271933354118,nan,88.88445326603401,0.6841836369496944,0.0,1.3831793664254912,129.9131526475974,46.0,46.0,,0.00015196334911691327,,,,,,,3.2188046288717813,,0,1.9864172696992157,4.818855251018648,inf,-inf,-0.19102659647618347,0.1272675242095904,-0.24633326879520784,0.2135797131001895,inf,-inf,2.5219118986758096,0.2149066253116287,0.2149066253116287,0.2149066253116287,784,2.8557590914686766,1.655611028909567,2.058599309440641,,,-1.391116444542319,3.27739063760946,0.47800553876181306,2.42590281736139,0.3848733988681197,0.0,0.0,3.3443442250716386,3.4567888168765526,0.4696451093531449,2.0471209561073387,4.818855251018648,2.3539670367997423,0.37180037701369856,5910
152,3.706362557713403,-14.309073709978827,0.07464663089517196,0.0,-10.528064521370252,-14.309073709978827,nan,0.04377086371357689,0.030875767181595064,3.716919622045204,-14.230271933354118,0.07416490297660988,0.0,-10.439187408332304,-14.230271933354118,nan,86.98971377726417,0.6674254584757972,0.0,1.367576682578523,130.33622357757076,46.0,46.0,,0.0001504454399336714,,,,,,,3.2188046288717813,,0,1.9864172696992157,4.818855251018648,inf,-inf,-0.1879823931387651,0.1418283639387033,-0.20819069747452695,0.2069942682165848,inf,-inf,2.523899869481512,0.21504866388897123,0.21504866388897123,0.21504866388897123,784,2.8557590914686766,1.655611028909567,2.058599309440641,,,-1.391116444542319,3.27739063760946,0.47800553876181306,2.42590281736139,0.3848733988681197,0.0,0.0,3.3443442250716386,3.4567888168765526,0.4696451093531449,2.0471209561073387,4.818855251018648,2.3539670367997423,0.37180037701369856,5910
153,3.6955681408723744,-14.297621733081144,0.07505281665131854,0.0,-10.52700077555745,-14.297621733081144,nan,0.044164723794938056,0.030888092856380497,3.716919622045204,-14.230271933354118,0.07416490297660988,0.0,-10.439187408332304,-14.230271933354118,nan,96.3048906619034,0.6910682412769242,0.0,1.390337309342957,139.3565568632638,46.0,46.0,,0.00014892803020926605,,,,,,,3.2188046288717813,,0,1.9864172696992157,4.818855251018648,inf,-inf,-0.18949856220344702,0.16841312909296446,-0.19487333990925948,0.21132577256352034,inf,-inf,2.5247919995924835,0.2152590616764041,0.2152590616764041,0.2152590616764041,784,2.8557590914686766,1.655611028909567,2.058599309440641,,,-1.391116444542319,3.27739063760946,0.47800553876181306,2.42590281736139,0.3848733988681197,0.0,0.0,3.3443442250716386,3.4567888168765526,0.4696451093531449,2.0471209561073387,4.818855251018648,2.3539670367997423,0.37180037701369856,5910
154,3.682495512135655,-14.310904570134525,0.07565586750380694,0.0,-10.552753190495062,-14.310904570134525,nan,0.04457097710948431,0.03108489039432263,3.716919622045204,-14.230271933354118,0.07416490297660988,0.0,-10.439187408332304,-14.230271933354118,nan,103.58901066816614,0.6650742417411764,0.0,1.3608505268950195,155.75555955522836,46.0,46.0,,0.00014741128634477313,,,,,,,3.2188046288717813,,0,1.9864172696992157,4.818855251018648,inf,-inf,-0.19508188375101734,0.19793886286870482,-0.2437886319790947,0.20705068785741956,inf,-inf,2.5265460761735237,0.21545937914183777,0.21545937914183777,0.21545937914183777,784,2.8557590914686766,1.655611028909567,2.058599309440641,,,-1.391116444542319,3.27739063760946,0.47800553876181306,2.42590281736139,0.3848733988681197,0.0,0.0,3.3443442250716386,3.4567888168765526,0.4696451093531449,2.0471209561073387,4.818855251018648,2.3539670367997423,0.37180037701369856,5910
155,3.656018871215516,-14.31066415774677,0.07609257158073039,0.0,-10.578552714950522,-14.31066415774677,nan,0.04496294194604309,0.0311296296346873,3.617027221177275,-14.274745386039664,0.07650665849135711,0.0,-10.58121150637103,-14.274745386039664,nan,98.6529999445656,0.6724216004447529,0.0,1.3642407446143991,146.7130143935212,46.0,46.0,,0.00014589537466824958,,,,,,,3.108980333960263,,0,1.891794201808946,4.681131476727819,inf,-inf,-0.19308349565480423,0.1391243466209366,-0.20695926219815,0.22034782279675033,inf,-inf,2.5278864455471792,0.21551664138474427,0.21551664138474427,0.21551664138474427,784,2.838370856361261,1.6488803508730667,2.0605798427921855,,,-1.4227680478806075,3.165378389535542,0.4734685350052991,2.4744401226368544,0.3934769490653265,0.0,0.0,3.2341519486931802,3.3417879663250054,0.464589456477622,1.9548289016751923,4.681131476727819,2.3946502288340015,0.3792420877795676,5910
156,3.6757938780779384,-14.327357477720582,0.07645320081037932,0.0,-10.575110398832265,-14.327357477720582,nan,0.04535297085489135,0.031100229955487977,3.617027221177275,-14.274745386039664,0.07650665849135711,0.0,-10.58121150637103,-14.274745386039664,nan,83.27198859428582,0.6518325936059313,0.0,1.3255301313783563,127.7505749346255,46.0,46.0,,0.00014438046141649342,,,,,,,3.108980333960263,,0,1.891794201808946,4.681131476727819,inf,-inf,-0.18295838732752379,0.12715213540540932,-0.2158694262080108,0.19932259708500877,inf,-inf,2.5299950867215886,0.21553536240632076,0.21553536240632076,0.21553536240632076,784,2.838370856361261,1.6488803508730667,2.0605798427921855,,,-1.4227680478806075,3.165378389535542,0.4734685350052991,2.4744401226368544,0.3934769490653265,0.0,0.0,3.2341519486931802,3.3417879663250054,0.464589456477622,1.9548289016751923,4.681131476727819,2.3946502288340015,0.3792420877795676,5910
157,3.617627582149091,-14.321690093963202,0.07682343156068538,0.0,-10.627239080253426,-14.321690093963202,nan,0.04573351663805107,0.031089914922634326,3.617027221177275,-14.274745386039664,0.07650665849135711,0.0,-10.58121150637103,-14.274745386039664,nan,98.39774731902388,0.6439205880764871,0.0,1.339514679808508,152.81037621883874,46.0,46.0,,0.00014286671271681423,,,,,,,3.108980333960263,,0,1.891794201808946,4.681131476727819,inf,-inf,-0.17798584761312122,0.1585826011904111,-0.2488634341130589,0.21915590366635407,inf,-inf,2.530977667924352,0.21566830173145807,0.21566830173145807,0.21566830173145807,784,2.838370856361261,1.6488803508730667,2.0605798427921855,,,-1.4227680478806075,3.165378389535542,0.4734685350052991,2.4744401226368544,0.3934769490653265,0.0,0.0,3.2341519486931802,3.3417879663250054,0.464589456477622,1.9548289016751923,4.681131476727819,2.3946502288340015,0.3792420877795676,5910
158,3.6090454588061727,-14.329361677739467,0.07725690746971228,0.0,-10.643059311463583,-14.329361677739467,nan,0.04611528759933203,0.03114161987038028,3.617027221177275,-14.274745386039664,0.07650665849135711,0.0,-10.58121150637103,-14.274745386039664,nan,87.51600406148664,0.6284510469171393,0.0,1.32072753479832,139.2566763804366,46.0,46.0,,0.00014135429456881541,,,,,,,3.108980333960263,,0,1.891794201808946,4.681131476727819,inf,-inf,-0.18422776646745148,0.11764004398785916,-0.2088617334746729,0.20473064617086373,inf,-inf,2.5328762124296613,0.21571999862155128,0.21571999862155128,0.21571999862155128,784,2.838370856361261,1.6488803508730667,2.0605798427921855,,,-1.4227680478806075,3.165378389535542,0.4734685350052991,2.4744401226368544,0.3934769490653265,0.0,0.0,3.2341519486931802,3.3417879663250054,0.464589456477622,1.9548289016751923,4.681131476727819,2.3946502288340015,0.3792420877795676,5910
159,3.5939019840465165,-14.330973318176998,0.07764951444991937,0.0,-10.659421819680562,-14.330973318176998,nan,0.046489403687244836,0.031160110762674508,3.617027221177275,-14.274745386039664,0.07650665849135711,0.0,-10.58121150637103,-14.274745386039664,nan,85.02246213661805,0.6447898812122691,0.0,1.3179077065349374,131.86072643814967,46.0,46.0,,0.00013984337282619026,,,,,,,3.108980333960263,,0,1.891794201808946,4.681131476727819,inf,-inf,-0.18645111030273587,0.17542542273575745,-0.2353547236452553,0.22217144076697165,inf,-inf,2.5337668775590623,0.21585612429483347,0.21585612429483347,0.21585612429483347,784,2.838370856361261,1.6488803508730667,2.0605798427921855,,,-1.4227680478806075,3.165378389535542,0.4734685350052991,2.4744401226368544,0.3934769490653265,0.0,0.0,3.2341519486931802,3.3417879663250054,0.464589456477622,1.9548289016751923,4.681131476727819,2.3946502288340015,0.3792420877795676,5910
160,3.579437964203361,-14.335659065559009,0.07801498140459807,0.0,-10.67820611995105,-14.335659065559009,nan,0.046867144007691,0.031147837396907053,3.593263065704924,-14.288209381507544,0.07845834126818108,0.0,-10.616487974534438,-14.288209381507544,nan,89.66192064213365,0.6277013073558616,0.0,1.30528990908247,142.84169809973292,46.0,46.0,,0.00013833411317853436,,,,,,,3.01019295553857,,0,1.8065065733548353,4.553220159627134,inf,-inf,-0.18242004757572206,0.14930689016739354,-0.19676459823396666,0.20564059068473195,inf,-inf,2.535174780393214,0.2159457772787657,0.2159457772787657,0.2159457772787657,784,2.82195275143565,1.6424871512732815,2.062326256718404,,,-1.452181060564525,3.064379596079772,0.46915526217168413,2.5204559046643378,0.4014791038656304,0.0,0.0,3.134787890599792,3.2387841461483236,0.4600410902025381,1.8723581855190383,4.553220159627134,2.431810427535761,0.3859297163720393,5910
161,3.56403908272956,-14.338899170309269,0.07838241267895342,0.0,-10.696477674900756,-14.338899170309269,nan,0.04724122623195871,0.031141186446994703,3.593263065704924,-14.288209381507544,0.07845834126818108,0.0,-10.616487974534438,-14.288209381507544,nan,89.26344065373692,0.6325127486159928,0.0,1.3023597071461146,141.1251249070554,46.0,46.0,,0.0001368266811331759,,,,,,,3.01019295553857,,0,1.8065065733548353,4.553220159627134,inf,-inf,-0.18747910666119175,0.10799639747929404,-0.23071338481359283,0.21575897157921328,inf,-inf,2.535696810180669,0.21603909704591262,0.21603909704591262,0.21603909704591262,784,2.82195275143565,1.6424871512732815,2.062326256718404,,,-1.452181060564525,3.064379596079772,0.46915526217168413,2.5204559046643378,0.4014791038656304,0.0,0.0,3.134787890599792,3.2387841461483236,0.4600410902025381,1.8723581855190383,4.553220159627134,2.431810427535761,0.3859297163720393,5910
162,3.5478141517036796,-14.336724647976267,0.07877982714945676,0.0,-10.71013066912313,-14.336724647976267,nan,0.047610608429556146,0.031169218719900638,3.593263065704924,-14.288209381507544,0.07845834126818108,0.0,-10.616487974534438,-14.288209381507544,nan,85.49150507999235,0.6134080686246481,0.0,1.3034601636054686,139.37134096014907,46.0,46.0,,0.00013532124199702587,,,,,,,3.01019295553857,,0,1.8065065733548353,4.553220159627134,inf,-inf,-0.186784685367214,0.12890398538926578,-0.21146735417472043,0.221827697684034,inf,-inf,2.5359753898715707,0.21611484680480206,0.21611484680480206,0.21611484680480206,784,2.82195275143565,1.6424871512732815,2.062326256718404,,,-1.452181060564525,3.064379596079772,0.46915526217168413,2.5204559046643378,0.4014791038656304,0.0,0.0,3.134787890599792,3.2387841461483236,0.4600410902025381,1.8723581855190383,4.553220159627134,2.431810427535761,0.3859297163720393,5910
163,3.5134735910382426,-14.333600735269991,0.07921534081152952,0.0,-10.740911803420218,-14.333600735269991,nan,0.04798150477267358,0.031233836038855965,3.593263065704924,-14.288209381507544,0.07845834126818108,0.0,-10.616487974534438,-14.288209381507544,nan,84.32811171654275,0.635521006285526,0.0,1.3102193448206634,132.69130505916894,46.0,46.0,,0.00013381796085845036,,,,,,,3.01019295553857,,0,1.8065065733548353,4.553220159627134,inf,-inf,-0.18545810017680853,0.13204825979715581,-0.17869094511650302,0.20623722743830478,inf,-inf,2.5371189116478208,0.21626657577762462,0.21626657577762462,0.21626657577762462,784,2.82195275143565,1.6424871512732815,2.062326256718404,,,-1.452181060564525,3.064379596079772,0.46915526217168413,2.5204559046643378,0.4014791038656304,0.0,0.0,3.134787890599792,3.2387841461483236,0.4600410902025381,1.8723581855190383,4.553220159627134,2.431810427535761,0.3859297163720393,5910
164,3.5094621629393306,-14.337159298618847,0.07961513776120602,0.0,-10.74808199791831,-14.337159298618847,nan,0.04834704747735026,0.031268090283855736,3.593263065704924,-14.288209381507544,0.07845834126818108,0.0,-10.616487974534438,-14.288209381507544,nan,100.48682864302883,0.6125252227912235,0.0,1.3016611610618378,164.05337266785392,46.0,46.0,,0.00013231700256916657,,,,,,,3.01019295553857,,0,1.8065065733548353,4.553220159627134,inf,-inf,-0.18387882246141785,0.16080860098136146,-0.20430188841069388,0.20568508496360272,inf,-inf,2.5365228107615003,0.21648709835172125,0.21648709835172125,0.21648709835172125,784,2.82195275143565,1.6424871512732815,2.062326256718404,,,-1.452181060564525,3.064379596079772,0.46915526217168413,2.5204559046643378,0.4014791038656304,0.0,0.0,3.134787890599792,3.2387841461483236,0.4600410902025381,1.8723581855190383,4.553220159627134,2.431810427535761,0.3859297163720393,5910
165,3.505442270527706,-14.329982423928996,0.0800778094751132,0.0,-10.744462343926177,-14.329982423928996,nan,0.048718219738207,0.031359589736906196,3.4470454781138877,-14.293201034111638,0.08053399565166847,0.0,-10.765621560346082,-14.293201034111638,nan,95.81557730254575,0.607045014064661,0.0,1.3154141833662352,157.83932835718784,46.0,46.0,,0.00013081853172616515,,,,,,,2.918811017568007,,0,1.7299898439546004,4.432281781945009,inf,-inf,-0.183408306860652,0.1691956270847934,-0.19542829855372323,0.2114393424212473,inf,-inf,2.538263482298194,0.21655898790747236,0.21655898790747236,0.21655898790747236,784,2.805886514730274,1.6362503869969345,2.0641536248466483,,,-1.4802382416799387,2.970316072527986,0.46483786028357577,2.5620276312219343,0.4085838092582008,0.0,0.0,3.0428134004388636,3.1445067103172497,0.45567465549219854,1.7958627055302754,4.432281781945009,2.4680515767135227,0.3923542312315553,5910
166,3.471374793290566,-14.34306079493867,0.08042760647652857,0.0,-10.791258395171576,-14.34306079493867,nan,0.04907945785599253,0.03134814862053604,3.4470454781138877,-14.293201034111638,0.08053399565166847,0.0,-10.765621560346082,-14.293201034111638,nan,82.5431819115578,0.6042999929715066,0.0,1.290761214684362,136.59305456164353,46.0,46.0,,0.00012932271265366044,,,,,,,2.918811017568007,,0,1.7299898439546004,4.432281781945009,inf,-inf,-0.17154524847745875,0.1546709821136313,-0.19925258241358054,0.21210617466191406,inf,-inf,2.5389436462232386,0.21662764325502729,0.21662764325502729,0.21662764325502729,784,2.805886514730274,1.6362503869969345,2.0641536248466483,,,-1.4802382416799387,2.970316072527986,0.46483786028357577,2.5620276312219343,0.4085838092582008,0.0,0.0,3.0428134004388636,3.1445067103172497,0.45567465549219854,1.7958627055302754,4.432281781945009,2.4680515767135227,0.3923542312315553,5910
167,3.4589895076949086,-14.339961856862999,0.0808242721828046,0.0,-10.800148076985286,-14.339961856862999,nan,0.04944270752095135,0.031381564661853247,3.4470454781138877,-14.293201034111638,0.08053399565166847,0.0,-10.765621560346082,-14.293201034111638,nan,93.34523526962339,0.6065441522308552,0.0,1.292253561550615,153.89685141024242,46.0,46.0,,0.00012782970938506996,,,,,,,2.918811017568007,,0,1.7299898439546004,4.432281781945009,inf,-inf,-0.18331219903427637,0.13574254695399085,-0.1955930652676081,0.20880916379065395,inf,-inf,2.5395661943172145,0.21673069008478674,0.21673069008478674,0.21673069008478674,784,2.805886514730274,1.6362503869969345,2.0641536248466483,,,-1.4802382416799387,2.970316072527986,0.46483786028357577,2.5620276312219343,0.4085838092582008,0.0,0.0,3.0428134004388636,3.1445067103172497,0.45567465549219854,1.7958627055302754,4.432281781945009,2.4680515767135227,0.3923542312315553,5910
168,3.448897152392446,-14.346006071284094,0.08121499115511226,0.0,-10.815893927736536,-14.346006071284094,nan,0.049801090920530935,0.031413900234581356,3.4470454781138877,-14.293201034111638,0.08053399565166847,0.0,-10.765621560346082,-14.293201034111638,nan,84.83092738937164,0.6080739345847835,0.0,1.2809564387492933,139.5075870951408,46.0,46.0,,0.00012633968564502673,,,,,,,2.918811017568007,,0,1.7299898439546004,4.432281781945009,inf,-inf,-0.18046658254542425,0.16818093962351505,-0.2046240362284965,0.19602181620044173,inf,-inf,2.5415605683504925,0.2168384796086464,0.2168384796086464,0.2168384796086464,784,2.805886514730274,1.6362503869969345,2.0641536248466483,,,-1.4802382416799387,2.970316072527986,0.46483786028357577,2.5620276312219343,0.4085838092582008,0.0,0.0,3.0428134004388636,3.1445067103172497,0.45567465549219854,1.7958627055302754,4.432281781945009,2.4680515767135227,0.3923542312315553,5910
169,3.4510057066226385,-14.356860123485285,0.08163082202445293,0.0,-10.824223594838195,-14.356860123485285,nan,0.050152453743613865,0.031478368280839074,3.4470454781138877,-14.293201034111638,0.08053399565166847,0.0,-10.765621560346082,-14.293201034111638,nan,80.65165345485437,0.5895225343856008,0.0,1.2586105451549943,136.80843182510296,46.0,46.0,,0.00012485280483142492,,,,,,,2.918811017568007,,0,1.7299898439546004,4.432281781945009,inf,-inf,-0.17443190606017642,0.11168907691547066,-0.21523647394728976,0.21195834335136746,inf,-inf,2.542543024303322,0.216881035061385,0.216881035061385,0.216881035061385,784,2.805886514730274,1.6362503869969345,2.0641536248466483,,,-1.4802382416799387,2.970316072527986,0.46483786028357577,2.5620276312219343,0.4085838092582008,0.0,0.0,3.0428134004388636,3.1445067103172497,0.45567465549219854,1.7958627055302754,4.432281781945009,2.4680515767135227,0.3923542312315553,5910
170,3.404248648297226,-14.338532123495565,0.08195466527523358,0.0,-10.852328809923105,-14.338532123495565,nan,0.050498524867671965,0.031456140407561624,3.370241722200098,-14.297609318999,0.08243870321430202,0.0,-10.8449288935846,-14.297609318999,nan,97.41753459467894,0.5886798063701929,0.0,1.294028465987669,165.48475680753631,46.0,46.0,,0.00012336922999750137,,,,,,,2.835002390658301,,0,1.6594335154212743,4.317720507207169,inf,-inf,-0.18527528672537463,0.17054781384872186,-0.20135914598107663,0.22407159541393332,inf,-inf,2.5437424500141916,0.2169523480016173,0.2169523480016173,0.2169523480016173,784,2.790390943325653,1.6302737069696218,2.0654302566317035,,,-1.5067354080578093,2.884771503141195,0.460565772824874,2.6019243718306155,0.4152946690995204,0.0,0.0,2.95844181384901,3.0551237930058477,0.4513020469033865,1.7269354489230753,4.317720507207169,2.5002211344377225,0.3979784219595872,5910
171,3.3918423285663484,-14.357586358319812,0.08233557261692079,0.0,-10.883408457136543,-14.357586358319812,nan,0.05085320610140018,0.03148236651552063,3.370241722200098,-14.297609318999,0.08243870321430202,0.0,-10.8449288935846,-14.297609318999,nan,76.64400155321627,0.5898800810971636,0.0,1.256126167175713,129.93149626388495,46.0,46.0,,0.00012188912383395497,,,,,,,2.835002390658301,,0,1.6594335154212743,4.317720507207169,inf,-inf,-0.16980916221429868,0.15480423303988705,-0.2071232369749022,0.19969102586439727,inf,-inf,2.543838637374447,0.21708005575736622,0.21708005575736622,0.21708005575736622,784,2.790390943325653,1.6302737069696218,2.0654302566317035,,,-1.5067354080578093,2.884771503141195,0.460565772824874,2.6019243718306155,0.4152946690995204,0.0,0.0,2.95844181384901,3.0551237930058477,0.4513020469033865,1.7269354489230753,4.317720507207169,2.5002211344377225,0.3979784219595872,5910
172,3.3923892434810425,-14.352183602814817,0.0827204873136055,0.0,-10.87707387202017,-14.352183602814817,nan,0.05119381814348458,0.031526669170120925,3.370241722200098,-14.297609318999,0.08243870321430202,0.0,-10.8449288935846,-14.297609318999,nan,89.47212928437187,0.5947939919095586,0.0,1.266189628517498,150.42540863118967,46.0,46.0,,0.00012041264865110584,,,,,,,2.835002390658301,,0,1.6594335154212743,4.317720507207169,inf,-inf,-0.1850459131627412,0.16149635127024328,-0.19527868392737818,0.20845787984582195,inf,-inf,2.5440370952836404,0.2171965520030106,0.2171965520030106,0.2171965520030106,784,2.790390943325653,1.6302737069696218,2.0654302566317035,,,-1.5067354080578093,2.884771503141195,0.460565772824874,2.6019243718306155,0.4152946690995204,0.0,0.0,2.95844181384901,3.0551237930058477,0.4513020469033865,1.7269354489230753,4.317720507207169,2.5002211344377225,0.3979784219595872,5910
173,3.3792766124325873,-14.362201113733452,0.08308372756209248,0.0,-10.899840773738772,-14.362201113733452,nan,0.05153566298109084,0.03154806458100165,3.370241722200098,-14.297609318999,0.08243870321430202,0.0,-10.8449288935846,-14.297609318999,nan,72.92857322248867,0.582635676530733,0.0,1.248145062638892,125.17011257658852,46.0,46.0,,0.00011893996636109612,,,,,,,2.835002390658301,,0,1.6594335154212743,4.317720507207169,inf,-inf,-0.16842957023541813,0.17987441085884964,-0.21013983993967866,0.19175226094630762,inf,-inf,2.5452641579550153,0.21719987363472096,0.21719987363472096,0.21719987363472096,784,2.790390943325653,1.6302737069696218,2.0654302566317035,,,-1.5067354080578093,2.884771503141195,0.460565772824874,2.6019243718306155,0.4152946690995204,0.0,0.0,2.95844181384901,3.0551237930058477,0.4513020469033865,1.7269354489230753,4.317720507207169,2.5002211344377225,0.3979784219595872,5910
174,3.3643327022302647,-14.363134737376749,0.08344156055545544,0.0,-10.91536047459103,-14.363134737376749,nan,0.0518724137689083,0.031569146786547125,3.370241722200098,-14.297609318999,0.08243870321430202,0.0,-10.8449288935846,-14.297609318999,nan,74.66235175374503,0.5788931422057487,0.0,1.245330085468347,128.97432412009593,46.0,46.0,,0.00011747123846013455,,,,,,,2.835002390658301,,0,1.6594335154212743,4.317720507207169,inf,-inf,-0.17376014923336502,0.15545909888707252,-0.18457665044808172,0.2106176524916586,inf,-inf,2.5458742881224707,0.21728601762924635,0.21728601762924635,0.21728601762924635,784,2.790390943325653,1.6302737069696218,2.0654302566317035,,,-1.5067354080578093,2.884771503141195,0.460565772824874,2.6019243718306155,0.4152946690995204,0.0,0.0,2.95844181384901,3.0551237930058477,0.4513020469033865,1.7269354489230753,4.317720507207169,2.5002211344377225,0.3979784219595872,5910
175,3.3478101489649736,-14.370695108626643,0.08375816191869456,0.0,-10.939126797742976,-14.370695108626643,nan,0.05221244433806866,0.031545717580625895,3.332027258053829,-14.340167282828308,0.08418338072011156,0.0,-10.923956644054368,-14.340167282828308,nan,92.65474775945394,0.5661132150007425,0.0,1.2271790070889557,163.668229789217,46.0,46.0,,0.00011600662601078654,,,,,,,2.7588732201462456,,0,1.5975140023585679,4.208835330799544,inf,-inf,-0.17571826884565117,0.11756904637194238,-0.1543715046974956,0.21560667992898672,inf,-inf,2.5476101160532654,0.21730813955124578,0.21730813955124578,0.21730813955124578,784,2.7757614998991436,1.6245923158416113,2.0662415121190842,,,-1.5314735351842559,2.80703460680863,0.45646524825408,2.6346156118729627,0.4207172609831317,0.0,0.0,2.8817848349794324,2.975329980878783,0.44733415138236454,1.6643445981263483,4.208835330799544,2.5288244607142536,0.4029186836785045,5910
176,3.330554541882418,-14.364165919872832,0.0840648981144745,0.0,-10.94954647987594,-14.364165919872832,nan,0.05253566182172755,0.03152923629274696,3.332027258053829,-14.340167282828308,0.08418338072011156,0.0,-10.923956644054368,-14.340167282828308,nan,84.01980106131809,0.5745537099273996,0.0,1.240117780992332,146.2348943355266,46.0,46.0,,0.00011454628962431177,,,,,,,2.7588732201462456,,0,1.5975140023585679,4.208835330799544,inf,-inf,-0.16908934007298312,0.15542234888274337,-0.22734658750667022,0.1995516085545295,inf,-inf,2.547798728549838,0.21740815060042154,0.21740815060042154,0.21740815060042154,784,2.7757614998991436,1.6245923158416113,2.0662415121190842,,,-1.5314735351842559,2.80703460680863,0.45646524825408,2.6346156118729627,0.4207172609831317,0.0,0.0,2.8817848349794324,2.975329980878783,0.44733415138236454,1.6643445981263483,4.208835330799544,2.5288244607142536,0.4029186836785045,5910
177,3.327954108994525,-14.373127452228445,0.08440137831330274,0.0,-10.960771964920617,-14.373127452228445,nan,0.05286286075153296,0.03153851756176978,3.332027258053829,-14.340167282828308,0.08418338072011156,0.0,-10.923956644054368,-14.340167282828308,nan,83.47248770960913,0.5664251736851974,0.0,1.2203884860593177,147.36719268060057,46.0,46.0,,0.00011309038944305162,,,,,,,2.7588732201462456,,0,1.5975140023585679,4.208835330799544,inf,-inf,-0.1694911961211848,0.17169517397709233,-0.228687111696649,0.20457159192862148,inf,-inf,2.5483279845992013,0.21744499185648575,0.21744499185648575,0.21744499185648575,784,2.7757614998991436,1.6245923158416113,2.0662415121190842,,,-1.5314735351842559,2.80703460680863,0.45646524825408,2.6346156118729627,0.4207172609831317,0.0,0.0,2.8817848349794324,2.975329980878783,0.44733415138236454,1.6643445981263483,4.208835330799544,2.5288244607142536,0.4029186836785045,5910
178,3.275990373123149,-14.371607577274279,0.08476021502276733,0.0,-11.010856989128364,-14.371607577274279,nan,0.05318490541896044,0.031575309603806855,3.332027258053829,-14.340167282828308,0.08418338072011156,0.0,-10.923956644054368,-14.340167282828308,nan,72.96637003907064,0.5583085832470314,0.0,1.2226161940688012,130.69182926529658,46.0,46.0,,0.00011163908512286747,,,,,,,2.7588732201462456,,0,1.5975140023585679,4.208835330799544,inf,-inf,-0.1704229934201113,0.14537346323961453,-0.17933852657310115,0.1891009225549161,inf,-inf,2.5489336085337992,0.21757583607641368,0.21757583607641368,0.21757583607641368,784,2.7757614998991436,1.6245923158416113,2.0662415121190842,,,-1.5314735351842559,2.80703460680863,0.45646524825408,2.6346156118729627,0.4207172609831317,0.0,0.0,2.8817848349794324,2.975329980878783,0.44733415138236454,1.6643445981263483,4.208835330799544,2.5288244607142536,0.4029186836785045,5910
179,3.2954072944326227,-14.376129374571144,0.08504044047464954,0.0,-10.995681639663871,-14.376129374571144,nan,0.05350650458861789,0.03153393588603162,3.332027258053829,-14.340167282828308,0.08418338072011156,0.0,-10.923956644054368,-14.340167282828308,nan,79.76749495402754,0.5433267877852148,0.0,1.2181791147551628,146.81310906680497,46.0,46.0,,0.00011019253581563266,,,,,,,2.7588732201462456,,0,1.5975140023585679,4.208835330799544,inf,-inf,-0.16851397948870356,0.147477055397993,-0.21027610769761176,0.23094453990087555,inf,-inf,2.548813543435046,0.21761120611220286,0.21761120611220286,0.21761120611220286,784,2.7757614998991436,1.6245923158416113,2.0662415121190842,,,-1.5314735351842559,2.80703460680863,0.45646524825408,2.6346156118729627,0.4207172609831317,0.0,0.0,2.8817848349794324,2.975329980878783,0.44733415138236454,1.6643445981263483,4.208835330799544,2.5288244607142536,0.4029186836785045,5910
180,3.286251136740155,-14.378785535356258,0.08537623389319393,0.0,-11.007158164722908,-14.378785535356258,nan,0.05382505292752416,0.031551180965669716,3.281474341830819,-14.360475780562854,0.08583464634148401,0.0,-10.993166792390552,-14.360475780562854,nan,76.07282647854073,0.5529745352120348,0.0,1.205807409627551,137.5702164103652,46.0,46.0,,0.00010875090015177988,,,,,,,2.6893885463857057,,0,1.540966720074266,4.112977780163586,inf,-inf,-0.1625581308632704,0.1555778460195166,-0.17260096796430413,0.186169972566967,inf,-inf,2.549173074330439,0.2176773557898405,0.2176773557898405,0.2176773557898405,784,2.761699169307249,1.6191486143469516,2.0677316641310455,,,-1.5546322571688564,2.7355025413638163,0.452577776279223,2.669089297376496,0.4263631038396308,0.0,0.0,2.8117476424534864,2.9034082671106116,0.4435922050052766,1.6073405492949513,4.112977780163586,2.558871411517438,0.40804846225625213,5910
181,3.267336274153173,-14.36591971848637,0.08571747011210336,0.0,-11.012865974221095,-14.36591971848637,nan,0.05414175266227088,0.031575717449832494,3.281474341830819,-14.360475780562854,0.08583464634148401,0.0,-10.993166792390552,-14.360475780562854,nan,84.17457564617132,0.5588543787750327,0.0,1.2346530182325635,150.61987316029578,46.0,46.0,,0.00010731433622290546,,,,,,,2.6893885463857057,,0,1.540966720074266,4.112977780163586,inf,-inf,-0.1681874972092487,0.1793095562155036,-0.1643400488042995,0.21931056730029783,inf,-inf,2.5488582506534856,0.21782223343462778,0.21782223343462778,0.21782223343462778,784,2.761699169307249,1.6191486143469516,2.0677316641310455,,,-1.5546322571688564,2.7355025413638163,0.452577776279223,2.669089297376496,0.4263631038396308,0.0,0.0,2.8117476424534864,2.9034082671106116,0.4435922050052766,1.6073405492949513,4.112977780163586,2.558871411517438,0.40804846225625213,5910
182,3.2638083818186745,-14.377613797333536,0.08608193519951503,0.0,-11.027723480315347,-14.377613797333536,nan,0.05445412152909755,0.03162781367041746,3.281474341830819,-14.360475780562854,0.08583464634148401,0.0,-10.993166792390552,-14.360475780562854,nan,80.0463416954299,0.5487150796618449,0.0,1.2096020046121772,145.87960976898947,46.0,46.0,,0.00010588300156443278,,,,,,,2.6893885463857057,,0,1.540966720074266,4.112977780163586,inf,-inf,-0.16985928653382604,0.14296564587364735,-0.16261811997613823,0.18243098768202923,inf,-inf,2.5496121060098216,0.21786519504748209,0.21786519504748209,0.21786519504748209,784,2.761699169307249,1.6191486143469516,2.0677316641310455,,,-1.5546322571688564,2.7355025413638163,0.452577776279223,2.669089297376496,0.4263631038396308,0.0,0.0,2.8117476424534864,2.9034082671106116,0.4435922050052766,1.6073405492949513,4.112977780163586,2.558871411517438,0.40804846225625213,5910
183,3.249977525894184,-14.378307838617337,0.08638806755848716,0.0,-11.041942245164666,-14.378307838617337,nan,0.054767067065812206,0.03162100049267493,3.281474341830819,-14.360475780562854,0.08583464634148401,0.0,-10.993166792390552,-14.360475780562854,nan,90.60273588670893,0.5421825955987687,0.0,1.2026648554249746,167.1074221529561,46.0,46.0,,0.00010445705313833685,,,,,,,2.6893885463857057,,0,1.540966720074266,4.112977780163586,inf,-inf,-0.16497931112509404,0.14278847128108454,-0.17153071050392216,0.1916316423837447,inf,-inf,2.5510872638616586,0.21783107404924698,0.21783107404924698,0.21783107404924698,784,2.761699169307249,1.6191486143469516,2.0677316641310455,,,-1.5546322571688564,2.7355025413638163,0.452577776279223,2.669089297376496,0.4263631038396308,0.0,0.0,2.8117476424534864,2.9034082671106116,0.4435922050052766,1.6073405492949513,4.112977780163586,2.558871411517438,0.40804846225625213,5910
184,3.2131973932223525,-14.387180123841821,0.08670552808557368,0.0,-11.087277202533894,-14.387180123841821,nan,0.05507699352585028,0.03162853455972342,3.281474341830819,-14.360475780562854,0.08583464634148401,0.0,-10.993166792390552,-14.360475780562854,nan,76.82155847287251,0.5420197240394046,0.0,1.1933608352773135,141.73203495319225,46.0,46.0,,0.00010303664731593152,,,,,,,2.6893885463857057,,0,1.540966720074266,4.112977780163586,inf,-inf,-0.16883342351040037,0.16191946146521796,-0.14525791527022575,0.19901965990941398,inf,-inf,2.5506730239550772,0.2179256588741448,0.2179256588741448,0.2179256588741448,784,2.761699169307249,1.6191486143469516,2.0677316641310455,,,-1.5546322571688564,2.7355025413638163,0.452577776279223,2.669089297376496,0.4263631038396308,0.0,0.0,2.8117476424534864,2.9034082671106116,0.4435922050052766,1.6073405492949513,4.112977780163586,2.558871411517438,0.40804846225625213,5910
185,3.2152763212515096,-14.380714108064712,0.08698879746491972,0.0,-11.078448989348281,-14.380714108064712,nan,0.055374497892578096,0.031614299572341624,3.2163140757624387,-14.368658410526251,0.0874373244701814,0.0,-11.06490701029363,-14.368658410526251,nan,78.2380126389274,0.5448663425250037,0.0,1.1987456100513612,143.59120124094855,46.0,46.0,,0.00010162193986072177,,,,,,,2.6252798950661815,,0,1.4894787668911593,4.018917710875317,inf,-inf,-0.15971323220962735,0.11808765194159504,-0.1878840173942839,0.19407138437515203,inf,-inf,2.55078439986292,0.2179720928180936,0.2179720928180936,0.2179720928180936,784,2.7480084978146073,1.6139056584038889,2.0672853332448247,,,-1.5765108140469108,2.6697389414162602,0.4487034854265725,2.698204096768431,0.4310747973551037,0.0,0.0,2.7471622378767995,2.8350964001183168,0.4399068865042237,1.5557433274122643,4.018917710875317,2.5832781282502157,0.4121711669405266,5910
186,3.2005685113944207,-14.387140274803686,0.08730182173592743,0.0,-11.099269941673338,-14.387140274803686,nan,0.05567841361124073,0.03162340812468672,3.2163140757624387,-14.368658410526251,0.0874373244701814,0.0,-11.06490701029363,-14.368658410526251,nan,80.068618756568,0.5549714069138814,0.0,1.1937584453527126,144.275214468829,46.0,46.0,,0.00010021308591132228,,,,,,,2.6252798950661815,,0,1.4894787668911593,4.018917710875317,inf,-inf,-0.16479311125405965,0.1384818134267154,-0.18549264136667493,0.18693991857086448,inf,-inf,2.5510226689982267,0.21804720552636225,0.21804720552636225,0.21804720552636225,784,2.7480084978146073,1.6139056584038889,2.0672853332448247,,,-1.5765108140469108,2.6697389414162602,0.4487034854265725,2.698204096768431,0.4310747973551037,0.0,0.0,2.7471622378767995,2.8350964001183168,0.4399068865042237,1.5557433274122643,4.018917710875317,2.5832781282502157,0.4121711669405266,5910
187,3.1761836103618575,-14.377993857233605,0.08761868348704496,0.0,-11.114191563384702,-14.377993857233605,nan,0.055974971584610296,0.03164371190243469,3.2163140757624387,-14.368658410526251,0.0874373244701814,0.0,-11.06490701029363,-14.368658410526251,nan,76.40512834546266,0.5429323808834906,0.0,1.2039281142502816,140.72678483668972,46.0,46.0,,9.881023996444511e-05,,,,,,,2.6252798950661815,,0,1.4894787668911593,4.018917710875317,inf,-inf,-0.16696283759531627,0.14130679567645943,-0.1891903543039994,0.20648230195257603,inf,-inf,2.551300138829212,0.21809248282783358,0.21809248282783358,0.21809248282783358,784,2.7480084978146073,1.6139056584038889,2.0672853332448247,,,-1.5765108140469108,2.6697389414162602,0.4487034854265725,2.698204096768431,0.4310747973551037,0.0,0.0,2.7471622378767995,2.8350964001183168,0.4399068865042237,1.5557433274122643,4.018917710875317,2.5832781282502157,0.4121711669405266,5910
188,3.1992840805608926,-14.391243377329614,0.08791686861527323,0.0,-11.104042428153448,-14.391243377329614,nan,0.05626993134297403,0.03164693727229919,3.2163140757624387,-14.368658410526251,0.0874373244701814,0.0,-11.06490701029363,-14.368658410526251,nan,93.65596362041737,0.5362089486075062,0.0,1.1778575667862943,174.66318655000958,46.0,46.0,,9.741355585795683e-05,,,,,,,2.6252798950661815,,0,1.4894787668911593,4.018917710875317,inf,-inf,-0.1588715266476255,0.15351530021290163,-0.17944388507910067,0.20829356740924226,inf,-inf,2.551920579245018,0.2181094008589376,0.2181094008589376,0.2181094008589376,784,2.7480084978146073,1.6139056584038889,2.0672853332448247,,,-1.5765108140469108,2.6697389414162602,0.4487034854265725,2.698204096768431,0.4310747973551037,0.0,0.0,2.7471622378767995,2.8350964001183168,0.4399068865042237,1.5557433274122643,4.018917710875317,2.5832781282502157,0.4121711669405266,5910
189,3.1715681285315043,-14.37576977207783,0.08822378531952102,0.0,-11.115977858226804,-14.37576977207783,nan,0.05656352795133141,0.031660257368189615,3.2163140757624387,-14.368658410526251,0.0874373244701814,0.0,-11.06490701029363,-14.368658410526251,nan,87.85956971597851,0.5481432930493346,0.0,1.2093101702767008,160.28576985264849,46.0,46.0,,9.6023186754009e-05,,,,,,,2.6252798950661815,,0,1.4894787668911593,4.018917710875317,inf,-inf,-0.16128252741826699,0.13598947493604216,-0.15917110498873502,0.21975066088830056,inf,-inf,2.552116480775089,0.21818859390434045,0.21818859390434045,0.21818859390434045,784,2.7480084978146073,1.6139056584038889,2.0672853332448247,,,-1.5765108140469108,2.6697389414162602,0.4487034854265725,2.698204096768431,0.4310747973551037,0.0,0.0,2.7471622378767995,2.8350964001183168,0.4399068865042237,1.5557433274122643,4.018917710875317,2.5832781282502157,0.4121711669405266,5910
190,3.1568510370719416,-14.393008101430617,0.08855749361813228,0.0,-11.147599570740542,-14.393008101430617,nan,0.05685676153731633,0.031700732080815947,3.182204021655797,-14.382016456694524,0.08900154093565091,0.0,-11.110810894103075,-14.382016456694524,nan,70.36379484111926,0.5374076379495796,0.0,1.175905589836998,130.93188461106482,46.0,46.0,,9.463928512224188e-05,,,,,,,2.566567341933888,,0,1.4429528115892718,3.9331197379979703,inf,-inf,-0.1626970001986471,0.15576434231003597,-0.16016740743941718,0.22997491443165213,inf,-inf,2.5525075837676416,0.21825398863772819,0.21825398863772819,0.21825398863772819,784,2.734943920768822,1.6089054493685508,2.0676152061818893,,,-1.597004995332492,2.6085444030325573,0.44502413095059223,2.725743840275707,0.4354850393262243,0.0,0.0,2.687904690870027,2.7747045415941054,0.43635131239431385,1.508548918504497,3.9331197379979703,2.607220548006542,0.416177770228908,5910
191,3.1558231331202005,-14.381679206294564,0.08880771982842876,0.0,-11.137048353345934,-14.381679206294564,nan,0.05714003644523928,0.03166768338318953,3.182204021655797,-14.382016456694524,0.08900154093565091,0.0,-11.110810894103075,-14.382016456694524,nan,83.47023474023432,0.5328778407535173,0.0,1.1919433789006937,156.6404687089315,46.0,46.0,,9.326200272306449e-05,,,,,,,2.566567341933888,,0,1.4429528115892718,3.9331197379979703,inf,-inf,-0.15835116324674472,0.13069138082015555,-0.16654312984496983,0.1882067552282471,inf,-inf,2.552827600246268,0.21822904369882115,0.21822904369882115,0.21822904369882115,784,2.734943920768822,1.6089054493685508,2.0676152061818893,,,-1.597004995332492,2.6085444030325573,0.44502413095059223,2.725743840275707,0.4354850393262243,0.0,0.0,2.687904690870027,2.7747045415941054,0.43635131239431385,1.508548918504497,3.9331197379979703,2.607220548006542,0.416177770228908,5910
192,3.132825836211664,-14.378426540700394,0.08914486154391933,0.0,-11.15645584294481,-14.378426540700394,nan,0.05742552548208658,0.03171933606183279,3.182204021655797,-14.382016456694524,0.08900154093565091,0.0,-11.110810894103075,-14.382016456694524,nan,95.4716406043615,0.5340049702080192,0.0,1.1997747131359342,178.78417979362806,46.0,46.0,,9.189149059101255e-05,,,,,,,2.566567341933888,,0,1.4429528115892718,3.9331197379979703,inf,-inf,-0.17262915744321355,0.16570071068926523,-0.1698725378232436,0.19890767891241773,inf,-inf,2.552398918853017,0.21841630218107966,0.21841630218107966,0.21841630218107966,784,2.734943920768822,1.6089054493685508,2.0676152061818893,,,-1.597004995332492,2.6085444030325573,0.44502413095059223,2.725743840275707,0.4354850393262243,0.0,0.0,2.687904690870027,2.7747045415941054,0.43635131239431385,1.508548918504497,3.9331197379979703,2.607220548006542,0.416177770228908,5910
193,3.137794007888709,-14.396514863638254,0.08948339391699346,0.0,-11.169237461832552,-14.396514863638254,nan,0.05770776789714918,0.031775626019844294,3.182204021655797,-14.382016456694524,0.08900154093565091,0.0,-11.110810894103075,-14.382016456694524,nan,80.42546481449281,0.5152570217695126,0.0,1.1658043249002785,156.0880520139115,46.0,46.0,,9.052789901818558e-05,,,,,,,2.566567341933888,,0,1.4429528115892718,3.9331197379979703,inf,-inf,-0.16060927651937226,0.1256034144210771,-0.13839373961806672,0.1955465114155782,inf,-inf,2.5524936053251097,0.21843593453226431,0.21843593453226431,0.21843593453226431,784,2.734943920768822,1.6089054493685508,2.0676152061818893,,,-1.597004995332492,2.6085444030325573,0.44502413095059223,2.725743840275707,0.4354850393262243,0.0,0.0,2.687904690870027,2.7747045415941054,0.43635131239431385,1.508548918504497,3.9331197379979703,2.607220548006542,0.416177770228908,5910
194,3.113811980562087,-14.399243790381671,0.08974908228838441,0.0,-11.1956827275312,-14.399243790381671,nan,0.05798559067920839,0.03176349160917599,3.182204021655797,-14.382016456694524,0.08900154093565091,0.0,-11.110810894103075,-14.382016456694524,nan,68.50744532020015,0.5273119101651585,0.0,1.156175124789779,129.91825900299318,46.0,46.0,,8.917137753776574e-05,,,,,,,2.566567341933888,,0,1.4429528115892718,3.9331197379979703,inf,-inf,-0.16151806752648584,0.1545895601956761,-0.14964655260868315,0.20178663246843534,inf,-inf,2.5529599307490844,0.21847914094368343,0.21847914094368343,0.21847914094368343,784,2.734943920768822,1.6089054493685508,2.0676152061818893,,,-1.597004995332492,2.6085444030325573,0.44502413095059223,2.725743840275707,0.4354850393262243,0.0,0.0,2.687904690870027,2.7747045415941054,0.43635131239431385,1.508548918504497,3.9331197379979703,2.607220548006542,0.416177770228908,5910
195,3.0971580716882223,-14.396032742771643,0.09002807536894357,0.0,-11.208846595714478,-14.396032742771643,nan,0.05825208289951261,0.031775992469430976,3.1314359355747494,-14.392411190538908,0.09049567028756228,0.0,-11.170479584676595,-14.392411190538908,nan,78.0174347865722,0.5358120886400388,0.0,1.166506437285346,145.60596231524124,46.0,46.0,,8.78220749076201e-05,,,,,,,2.5128827291320044,,0,1.4006884295996809,3.8523331322104344,inf,-inf,-0.14952899759303967,0.13137502654189484,-0.13567954915903158,0.22183982453797577,inf,-inf,2.552806696681548,0.21856349160529037,0.21856349160529037,0.21856349160529037,784,2.7225828178485814,1.6041851839439347,2.067963417389094,,,-1.616144194151557,2.552879046212233,0.4415299254026749,2.750314096127315,0.4393822947121921,0.0,0.0,2.6337053485425312,2.7180273023249897,0.433024870657626,1.4658186818548977,3.8523331322104344,2.6281102703204455,0.41964358340942987,5910
196,3.1038424261921627,-14.39832304553421,0.09027394260656384,0.0,-11.204206676735485,-14.39832304553421,nan,0.058518394863073746,0.03175554774349005,3.1314359355747494,-14.392411190538908,0.09049567028756228,0.0,-11.170479584676595,-14.392411190538908,nan,80.54589702404057,0.5207683322979989,0.0,1.1616194785874003,154.66742508826334,46.0,46.0,,8.648013909398721e-05,,,,,,,2.5128827291320044,,0,1.4006884295996809,3.8523331322104344,inf,-inf,-0.1657337229297673,0.12917081841082095,-0.14261455502499812,0.19400293172924996,inf,-inf,2.5535846285849697,0.21852562135633685,0.21852562135633685,0.21852562135633685,784,2.7225828178485814,1.6041851839439347,2.067963417389094,,,-1.616144194151557,2.552879046212233,0.4415299254026749,2.750314096127315,0.4393822947121921,0.0,0.0,2.6337053485425312,2.7180273023249897,0.433024870657626,1.4658186818548977,3.8523331322104344,2.6281102703204455,0.41964358340942987,5910
197,3.0804516127491643,-14.404388872631701,0.09054127880201576,0.0,-11.233395981080522,-14.404388872631701,nan,0.05879240537179695,0.03174887343021885,3.1314359355747494,-14.392411190538908,0.09049567028756228,0.0,-11.170479584676595,-14.392411190538908,nan,76.49611823187811,0.5111491590415124,0.0,1.1465958791166806,149.6551777084418,46.0,46.0,,8.514571725525128e-05,,,,,,,2.5128827291320044,,0,1.4006884295996809,3.8523331322104344,inf,-inf,-0.16075123047500386,0.13511942999983734,-0.13940172897118033,0.21852909284831004,inf,-inf,2.5533632937119113,0.2185606057622053,0.2185606057622053,0.2185606057622053,784,2.7225828178485814,1.6041851839439347,2.067963417389094,,,-1.616144194151557,2.552879046212233,0.4415299254026749,2.750314096127315,0.4393822947121921,0.0,0.0,2.6337053485425312,2.7180273023249897,0.433024870657626,1.4658186818548977,3.8523331322104344,2.6281102703204455,0.41964358340942987,5910
198,3.0763274110584953,-14.398942381701735,0.09079133632455001,0.0,-11.23182363431869,-14.398942381701735,nan,0.0590461716526371,0.03174516467191289,3.1314359355747494,-14.392411190538908,0.09049567028756228,0.0,-11.170479584676595,-14.392411190538908,nan,79.16475141454296,0.50849036914925,0.0,1.1564559579846252,155.68584228447176,46.0,46.0,,8.38189557258046e-05,,,,,,,2.5128827291320044,,0,1.4006884295996809,3.8523331322104344,inf,-inf,-0.15612280545364118,0.1301586265062839,-0.1283371955606385,0.20583237025310783,inf,-inf,2.5533347064806784,0.21862766174106626,0.21862766174106626,0.21862766174106626,784,2.7225828178485814,1.6041851839439347,2.067963417389094,,,-1.616144194151557,2.552879046212233,0.4415299254026749,2.750314096127315,0.4393822947121921,0.0,0.0,2.6337053485425312,2.7180273023249897,0.433024870657626,1.4658186818548977,3.8523331322104344,2.6281102703204455,0.41964358340942987,5910
199,3.08195911664855,-14.402875168110844,0.09106920099655165,0.0,-11.229846850465742,-14.402875168110844,nan,0.05930537293583494,0.031763828060716724,3.1314359355747494,-14.392411190538908,0.09049567028756228,0.0,-11.170479584676595,-14.392411190538908,nan,82.57020620162245,0.5076133824256929,0.0,1.1460415311236944,162.66357243587746,46.0,46.0,,8.249999999999999e-05,,,,,,,2.5128827291320044,,0,1.4006884295996809,3.8523331322104344,inf,-inf,-0.15625168097859893,0.10557980718913833,-0.14121047816906465,0.2193170229075294,inf,-inf,2.553814832308825,0.21859194072466395,0.21859194072466395,0.21859194072466395,784,2.7225828178485814,1.6041851839439347,2.067963417389094,,,-1.616144194151557,2.552879046212233,0.4415299254026749,2.750314096127315,0.4393822947121921,0.0,0.0,2.6337053485425312,2.7180273023249897,0.433024870657626,1.4658186818548977,3.8523331322104344,2.6281102703204455,0.41964358340942987,5910
200,3.058036327977114,-14.40384608698267,0.09131250556682764,0.0,-11.254497253438728,-14.40384608698267,nan,0.059561512877851934,0.031750992688975736,3.0153198177710103,-14.363039569077973,0.09179174563978196,0.0,-11.255928005667181,-14.363039569077973,nan,81.05361024453991,0.5068308442712649,0.0,1.1479396648076623,159.92241032820522,46.0,46.0,,8.118899471619618e-05,,,,,,,2.4642977833645845,,0,1.362509589570812,3.8005558250891225,inf,-inf,-0.15885703589527297,0.16641146220048902,-0.15208506710835776,0.20964658671529235,inf,-inf,2.552988952899732,0.21868110521621278,0.21868110521621278,0.21868110521621278,784,2.710977374329351,1.599769044312663,2.068434924766827,,,-1.6338148050703136,2.502899273475517,0.4382755916431364,2.7893791384516353,0.4455075485244211,0.0,0.0,2.584663497523455,2.6670279353546036,0.42997392649752236,1.4269318717638555,3.8005558250891225,2.6634458871474984,0.42544387771105974,5910
201,3.0373798188482555,-14.407140063409617,0.09157896118058258,0.0,-11.27818128338078,-14.407140063409617,nan,0.05981078273022187,0.03176817845036071,3.0153198177710103,-14.363039569077973,0.09179174563978196,0.0,-11.255928005667181,-14.363039569077973,nan,89.09031466402503,0.5108299882322304,0.0,1.1357840069474154,174.40306308627157,46.0,46.0,,7.988608364089617e-05,,,,,,,2.4642977833645845,,0,1.362509589570812,3.8005558250891225,inf,-inf,-0.15376061776584024,0.13854622850475815,-0.12979823642159355,0.20846939440090623,inf,-inf,2.5536477861379057,0.21866200815637865,0.21866200815637865,0.21866200815637865,784,2.710977374329351,1.599769044312663,2.068434924766827,,,-1.6338148050703136,2.502899273475517,0.4382755916431364,2.7893791384516353,0.4455075485244211,0.0,0.0,2.584663497523455,2.6670279353546036,0.42997392649752236,1.4269318717638555,3.8005558250891225,2.6634458871474984,0.42544387771105974,5910
202,3.0437707433215793,-14.413754680173597,0.09184344761588935,0.0,-11.278140489236128,-14.413754680173597,nan,0.06006218160746661,0.031781266008422765,3.0153198177710103,-14.363039569077973,0.09179174563978196,0.0,-11.255928005667181,-14.363039569077973,nan,85.36619445563099,0.5027051244863797,0.0,1.1259349049154743,169.81365476003597,46.0,46.0,,7.859140965298178e-05,,,,,,,2.4642977833645845,,0,1.362509589570812,3.8005558250891225,inf,-inf,-0.1531560028089134,0.13189838199866083,-0.13591625485433576,0.2073507921433856,inf,-inf,2.5535848420664355,0.2186831615545106,0.2186831615545106,0.2186831615545106,784,2.710977374329351,1.599769044312663,2.068434924766827,,,-1.6338148050703136,2.502899273475517,0.4382755916431364,2.7893791384516353,0.4455075485244211,0.0,0.0,2.584663497523455,2.6670279353546036,0.42997392649752236,1.4269318717638555,3.8005558250891225,2.6634458871474984,0.42544387771105974,5910
203,3.0306982876090256,-14.414797202082033,0.09206527056486201,0.0,-11.292033643908145,-14.414797202082033,nan,0.06030698742678243,0.03175828313807959,3.0153198177710103,-14.363039569077973,0.09179174563978196,0.0,-11.255928005667181,-14.363039569077973,nan,76.28291102925041,0.5017475579339931,0.0,1.1217488932019715,152.03444406058424,46.0,46.0,,7.730511472804555e-05,,,,,,,2.4642977833645845,,0,1.362509589570812,3.8005558250891225,inf,-inf,-0.15671801575314676,0.1211903173911441,-0.14390866881049924,0.19781848920575246,inf,-inf,2.5535612489025525,0.21868191802365394,0.21868191802365394,0.21868191802365394,784,2.710977374329351,1.599769044312663,2.068434924766827,,,-1.6338148050703136,2.502899273475517,0.4382755916431364,2.7893791384516353,0.4455075485244211,0.0,0.0,2.584663497523455,2.6670279353546036,0.42997392649752236,1.4269318717638555,3.8005558250891225,2.6634458871474984,0.42544387771105974,5910
204,3.0147881293859076,-14.407267084858102,0.09231326332878137,0.0,-11.300165692143413,-14.407267084858102,nan,0.060543623475303995,0.031769639853477416,3.0153198177710103,-14.363039569077973,0.09179174563978196,0.0,-11.255928005667181,-14.363039569077973,nan,80.0039075981765,0.5005670415289469,0.0,1.1353097992924543,159.82655860403867,46.0,46.0,,7.602733992282116e-05,,,,,,,2.4642977833645845,,0,1.362509589570812,3.8005558250891225,inf,-inf,-0.14977142117203457,0.11681832964515741,-0.13464925763621668,0.21675157186423682,inf,-inf,2.553460258625583,0.21874056866084687,0.21874056866084687,0.21874056866084687,784,2.710977374329351,1.599769044312663,2.068434924766827,,,-1.6338148050703136,2.502899273475517,0.4382755916431364,2.7893791384516353,0.4455075485244211,0.0,0.0,2.584663497523455,2.6670279353546036,0.42997392649752236,1.4269318717638555,3.8005558250891225,2.6634458871474984,0.42544387771105974,5910
205,3.01582459699938,-14.411716106763253,0.09255691788697643,0.0,-11.303334591876895,-14.411716106763253,nan,0.06078560095327727,0.03177131693369913,2.9928688346604027,-14.391685910012589,0.0930049684872414,0.0,-11.305812106864945,-14.391685910012589,nan,89.80725721298386,0.5012673303051182,0.0,1.1230977420558,179.1604036080284,46.0,46.0,,7.475822535971515e-05,,,,,,,2.420330632756948,,0,1.3280480154986083,3.7520385698290046,inf,-inf,-0.15909559126030495,0.14420950780236924,-0.1391175009378332,0.19743209761626584,inf,-inf,2.5535937701157954,0.21869573870566114,0.21869573870566114,0.21869573870566114,784,2.7002745525543417,1.5956596905853886,2.0692187978996683,,,-1.6500915793707591,2.4575586568871577,0.4352834695599962,2.825228098714731,0.4510535169392006,0.0,0.0,2.540283876751501,2.621836178561868,0.42723598898502113,1.39117174922464,3.7520385698290046,2.697034763622951,0.4308865443588301,5910
206,3.0096853403208192,-14.418257876601057,0.0927827338981496,0.0,-11.315789802382088,-14.418257876601057,nan,0.061020364181261125,0.031762369716888485,2.9928688346604027,-14.391685910012589,0.0930049684872414,0.0,-11.305812106864945,-14.391685910012589,nan,86.02739160378225,0.4972371409802062,0.0,1.114111527115732,173.0107920623065,46.0,46.0,,7.349791021144112e-05,,,,,,,2.420330632756948,,0,1.3280480154986083,3.7520385698290046,inf,-inf,-0.15768624057305802,0.10942388564063127,-0.13159228375716145,0.20204476636219326,inf,-inf,2.5532850573583312,0.2187282869555925,0.2187282869555925,0.2187282869555925,784,2.7002745525543417,1.5956596905853886,2.0692187978996683,,,-1.6500915793707591,2.4575586568871577,0.4352834695599962,2.825228098714731,0.4510535169392006,0.0,0.0,2.540283876751501,2.621836178561868,0.42723598898502113,1.39117174922464,3.7520385698290046,2.697034763622951,0.4308865443588301,5910
207,2.9873913996132164,-14.412421488816829,0.09302917760561623,0.0,-11.332000911597996,-14.412421488816829,nan,0.06124719594675115,0.031781981658865054,2.9928688346604027,-14.391685910012589,0.0930049684872414,0.0,-11.305812106864945,-14.391685910012589,nan,78.97125509662501,0.49758394250887233,0.0,1.123373917579269,158.70941232235782,46.0,46.0,,7.224653268575744e-05,,,,,,,2.420330632756948,,0,1.3280480154986083,3.7520385698290046,inf,-inf,-0.1584860946739431,0.13165611363155072,-0.14318242255824007,0.2170043798029988,inf,-inf,2.5528061924842453,0.21879964799633753,0.21879964799633753,0.21879964799633753,784,2.7002745525543417,1.5956596905853886,2.0692187978996683,,,-1.6500915793707591,2.4575586568871577,0.4352834695599962,2.825228098714731,0.4510535169392006,0.0,0.0,2.540283876751501,2.621836178561868,0.42723598898502113,1.39117174922464,3.7520385698290046,2.697034763622951,0.4308865443588301,5910
208,2.9821420569133825,-14.41302708495484,0.09326971842056586,0.0,-11.337615309620892,-14.41302708495484,nan,0.06147575261127063,0.031793965809295215,2.9928688346604027,-14.391685910012589,0.0930049684872414,0.0,-11.305812106864945,-14.391685910012589,nan,92.45331919136373,0.4961520941787347,0.0,1.1239261550232755,186.34068116632434,46.0,46.0,,7.100423001031158e-05,,,,,,,2.420330632756948,,0,1.3280480154986083,3.7520385698290046,inf,-inf,-0.15866289863167293,0.12515201637703027,-0.14119083781230396,0.2017834120978096,inf,-inf,2.5523907482791732,0.2188486449243909,0.2188486449243909,0.2188486449243909,784,2.7002745525543417,1.5956596905853886,2.0692187978996683,,,-1.6500915793707591,2.4575586568871577,0.4352834695599962,2.825228098714731,0.4510535169392006,0.0,0.0,2.540283876751501,2.621836178561868,0.42723598898502113,1.39117174922464,3.7520385698290046,2.697034763622951,0.4308865443588301,5910
209,2.977411398548717,-14.414728918873942,0.09351601455607152,0.0,-11.343801505769154,-14.414728918873942,nan,0.06170465377984575,0.03181136077622575,2.9928688346604027,-14.391685910012589,0.0930049684872414,0.0,-11.305812106864945,-14.391685910012589,nan,80.22396506981322,0.49167785320617596,0.0,1.1163085097920553,163.1636742364574,46.0,46.0,,6.977113841759144e-05,,,,,,,2.420330632756948,,0,1.3280480154986083,3.7520385698290046,inf,-inf,-0.1485563603111873,0.12929477432579892,-0.1352101870386706,0.1881291776350264,inf,-inf,2.5521774427344117,0.21886676714541917,0.21886676714541917,0.21886676714541917,784,2.7002745525543417,1.5956596905853886,2.0692187978996683,,,-1.6500915793707591,2.4575586568871577,0.4352834695599962,2.825228098714731,0.4510535169392006,0.0,0.0,2.540283876751501,2.621836178561868,0.42723598898502113,1.39117174922464,3.7520385698290046,2.697034763622951,0.4308865443588301,5910
210,2.9528506756918524,-14.416568256853637,0.0937366442299126,0.0,-11.369980936931873,-14.416568256853637,nan,0.061928492120594404,0.031808152109318207,2.960268597836656,-14.394990085299188,0.09418593671981429,0.0,-11.340535550742718,-14.394990085299188,nan,71.22938545764917,0.4943369850742767,0.0,1.1143496398444448,144.0907470173339,46.0,46.0,,6.854739312998572e-05,,,,,,,2.380246941629978,,0,1.297065689097247,3.709533663136144,inf,-inf,-0.1567196757947693,0.1342647538608617,-0.1389991999740367,0.19899912877984186,inf,-inf,2.551603677870522,0.21890014426988805,0.21890014426988805,0.21890014426988805,784,2.6898437681577567,1.591717872839807,2.0680586368899685,,,-1.6651694310234002,2.4166062102165835,0.43245711183209057,2.8599427880310104,0.45635734533500294,0.0,0.0,2.4998042167371866,2.579953102050583,0.42460756864140103,1.3589506347121236,3.709533663136144,2.7297045002094293,0.4361156357314192,5910
211,2.9554333308312097,-14.41923384404449,0.09393426832997409,0.0,-11.369866244883305,-14.41923384404449,nan,0.06214426402315961,0.03179000430681449,2.960268597836656,-14.394990085299188,0.09418593671981429,0.0,-11.340535550742718,-14.394990085299188,nan,71.05338656065203,0.4921712815449558,0.0,1.107227825258136,144.36719334295796,46.0,46.0,,6.733312834495569e-05,,,,,,,2.380246941629978,,0,1.297065689097247,3.709533663136144,inf,-inf,-0.1506459188452675,0.13867620546177725,-0.14044394534031984,0.2224969107406441,inf,-inf,2.5521458613714,0.21885985163546384,0.21885985163546384,0.21885985163546384,784,2.6898437681577567,1.591717872839807,2.0680586368899685,,,-1.6651694310234002,2.4166062102165835,0.43245711183209057,2.8599427880310104,0.45635734533500294,0.0,0.0,2.4998042167371866,2.579953102050583,0.42460756864140103,1.3589506347121236,3.709533663136144,2.7297045002094293,0.4361156357314192,5910
212,2.9501389889212355,-14.418510461847246,0.0941315292934291,0.0,-11.374239943632581,-14.418510461847246,nan,0.06236165350858153,0.03176987578484759,2.960268597836656,-14.394990085299188,0.09418593671981429,0.0,-11.340535550742718,-14.394990085299188,nan,76.14476570220971,0.49023798060244594,0.0,1.1108434548117179,155.32204503746644,46.0,46.0,,6.612847722031848e-05,,,,,,,2.380246941629978,,0,1.297065689097247,3.709533663136144,inf,-inf,-0.1483411129005573,0.12218113155187876,-0.1375076364610102,0.20356015762930513,inf,-inf,2.551987324749907,0.21884665189707572,0.21884665189707572,0.21884665189707572,784,2.6898437681577567,1.591717872839807,2.0680586368899685,,,-1.6651694310234002,2.4166062102165835,0.43245711183209057,2.8599427880310104,0.45635734533500294,0.0,0.0,2.4998042167371866,2.579953102050583,0.42460756864140103,1.3589506347121236,3.709533663136144,2.7297045002094293,0.4361156357314192,5910
213,2.928019114717867,-14.420913252932223,0.0943400915539625,0.0,-11.398554046660394,-14.420913252932223,nan,0.06256926469164938,0.03177082686231313,2.960268597836656,-14.394990085299188,0.09418593671981429,0.0,-11.340535550742718,-14.394990085299188,nan,73.48218143218475,0.4891272604741679,0.0,1.104114819885061,150.23121254977679,46.0,46.0,,6.493357185964504e-05,,,,,,,2.380246941629978,,0,1.297065689097247,3.709533663136144,inf,-inf,-0.15407830278856915,0.12894963811793234,-0.13535661887194234,0.19897109643837635,inf,-inf,2.551680661964578,0.2188743102074473,0.2188743102074473,0.2188743102074473,784,2.6898437681577567,1.591717872839807,2.0680586368899685,,,-1.6651694310234002,2.4166062102165835,0.43245711183209057,2.8599427880310104,0.45635734533500294,0.0,0.0,2.4998042167371866,2.579953102050583,0.42460756864140103,1.3589506347121236,3.709533663136144,2.7297045002094293,0.4361156357314192,5910
214,2.9381917005279536,-14.424674404661978,0.09453131392587419,0.0,-11.39195139020815,-14.424674404661978,nan,0.0627797161952316,0.03175159773064263,2.960268597836656,-14.394990085299188,0.09418593671981429,0.0,-11.340535550742718,-14.394990085299188,nan,82.37658325076329,0.47656303215186946,0.0,1.0957719085893323,172.85558822890778,46.0,46.0,,6.374854329777363e-05,,,,,,,2.380246941629978,,0,1.297065689097247,3.709533663136144,inf,-inf,-0.14696187497712984,0.11478055636093315,-0.12826593602634834,0.2194235515692531,inf,-inf,2.5509277332608096,0.21887200418055605,0.21887200418055605,0.21887200418055605,784,2.6898437681577567,1.591717872839807,2.0680586368899685,,,-1.6651694310234002,2.4166062102165835,0.43245711183209057,2.8599427880310104,0.45635734533500294,0.0,0.0,2.4998042167371866,2.579953102050583,0.42460756864140103,1.3589506347121236,3.709533663136144,2.7297045002094293,0.4361156357314192,5910
215,2.93818587185013,-14.428368125049026,0.09475917635585017,0.0,-11.395423076843045,-14.428368125049026,nan,0.06298582632162426,0.031773350034225885,2.9023233723379054,-14.377495992564382,0.09519878112360422,0.0,-11.379973839102872,-14.377495992564382,nan,81.20539545587512,0.4801174027189151,0.0,1.0864900654043363,169.1365382633648,46.0,46.0,,6.257352148644002e-05,,,,,,,2.3440882607129345,,0,1.2692449415114582,3.67047399463647,inf,-inf,-0.1507760279118071,0.11625304186002512,-0.1375897488809327,0.20571646989080158,inf,-inf,2.5513696230100824,0.2188713717756308,0.2188713717756308,0.2188713717756308,784,2.680192627785603,1.588079528966819,2.066409317116842,,,-1.6789764928252988,2.378937791569835,0.4298281371964812,2.8918563112534845,0.46117671020616396,0.0,0.0,2.4632847563064164,2.542153441847246,0.4222283774397459,1.33021145621145,3.67047399463647,2.759316180519357,0.44080146763659367,5910
216,2.921142316354873,-14.42981169248691,0.09493351706386645,0.0,-11.41373585906817,-14.42981169248691,nan,0.06318864216485283,0.0317448748990136,2.9023233723379054,-14.377495992564382,0.09519878112360422,0.0,-11.379973839102872,-14.377495992564382,nan,74.28141022329044,0.47356007631813235,0.0,1.0821630867432037,156.8574166995214,46.0,46.0,,6.140863528002722e-05,,,,,,,2.3440882607129345,,0,1.2692449415114582,3.67047399463647,inf,-inf,-0.14784462066599824,0.12592677960118043,-0.12829469944374977,0.20805901720757253,inf,-inf,2.5508922737278183,0.21887414178060716,0.21887414178060716,0.21887414178060716,784,2.680192627785603,1.588079528966819,2.066409317116842,,,-1.6789764928252988,2.378937791569835,0.4298281371964812,2.8918563112534845,0.46117671020616396,0.0,0.0,2.4632847563064164,2.542153441847246,0.4222283774397459,1.33021145621145,3.67047399463647,2.759316180519357,0.44080146763659367,5910
217,2.90708744394171,-14.418093459546768,0.09512315177446987,0.0,-11.41588286383059,-14.418093459546768,nan,0.06338647580198667,0.03173667597248319,2.9023233723379054,-14.377495992564382,0.09519878112360422,0.0,-11.379973839102872,-14.377495992564382,nan,88.5302225785794,0.486897653643786,0.0,1.1091139123134008,181.82511646143206,46.0,46.0,,6.025401242143478e-05,,,,,,,2.3440882607129345,,0,1.2692449415114582,3.67047399463647,inf,-inf,-0.14671379298081846,0.14212139864898388,-0.13375013783131626,0.20322039642708917,inf,-inf,2.5505009834285772,0.2189435882117485,0.2189435882117485,0.2189435882117485,784,2.680192627785603,1.588079528966819,2.066409317116842,,,-1.6789764928252988,2.378937791569835,0.4298281371964812,2.8918563112534845,0.46117671020616396,0.0,0.0,2.4632847563064164,2.542153441847246,0.4222283774397459,1.33021145621145,3.67047399463647,2.759316180519357,0.44080146763659367,5910
218,2.903556423762928,-14.431344211680317,0.09535882271281014,0.0,-11.43242896520458,-14.431344211680317,nan,0.06358370082492804,0.031775121887882105,2.9023233723379054,-14.377495992564382,0.09519878112360422,0.0,-11.379973839102872,-14.377495992564382,nan,71.5675600317259,0.4703342665824817,0.0,1.0803553302986286,152.16318502954584,46.0,46.0,,5.9109779528070484e-05,,,,,,,2.3440882607129345,,0,1.2692449415114582,3.67047399463647,inf,-inf,-0.1477284589579707,0.12243637570276887,-0.12818013240784326,0.2045757453651478,inf,-inf,2.550072283070856,0.21894646843912235,0.21894646843912235,0.21894646843912235,784,2.680192627785603,1.588079528966819,2.066409317116842,,,-1.6789764928252988,2.378937791569835,0.4298281371964812,2.8918563112534845,0.46117671020616396,0.0,0.0,2.4632847563064164,2.542153441847246,0.4222283774397459,1.33021145621145,3.67047399463647,2.759316180519357,0.44080146763659367,5910
219,2.9079550073522107,-14.420338931668155,0.09552208103854175,0.0,-11.416861843277402,-14.420338931668155,nan,0.06377597275858941,0.03174610827995231,2.9023233723379054,-14.377495992564382,0.09519878112360422,0.0,-11.379973839102872,-14.377495992564382,nan,72.95454703890066,0.48737076128199497,0.0,1.10211404256934,149.69003648679865,46.0,46.0,,5.7976062077965586e-05,,,,,,,2.3440882607129345,,0,1.2692449415114582,3.67047399463647,inf,-inf,-0.15221201972840911,0.14006640150758842,-0.14747705027370372,0.20154934290662385,inf,-inf,2.550240346910718,0.21890701730577175,0.21890701730577175,0.21890701730577175,784,2.680192627785603,1.588079528966819,2.066409317116842,,,-1.6789764928252988,2.378937791569835,0.4298281371964812,2.8918563112534845,0.46117671020616396,0.0,0.0,2.4632847563064164,2.542153441847246,0.4222283774397459,1.33021145621145,3.67047399463647,2.759316180519357,0.44080146763659367,5910
220,2.8909527873806997,-14.43443370149359,0.09571181113055191,0.0,-11.447769102982338,-14.43443370149359,nan,0.06396700703976667,0.03174480409078524,2.8508474524203162,-14.384781949904685,0.09615656681822532,0.0,-11.437777930666144,-14.384781949904685,nan,83.56159441381355,0.47036495211146623,0.0,1.071724737135922,177.65268019801627,46.0,46.0,,5.685298439601424e-05,,,,,,,2.311439519180548,,0,1.244286379712754,3.635615886591293,inf,-inf,-0.1521954063165757,0.11085286734141836,-0.13305441763360912,0.20738975582310748,inf,-inf,2.549626728804054,0.21891733447775868,0.21891733447775868,0.21891733447775868,784,2.671287776725817,1.584715000532746,2.0660610871761875,,,-1.6916203861873762,2.3445245693550563,0.4274104699157709,2.921848174075957,0.4656576452484782,0.0,0.0,2.4303348438637764,2.5081765564575464,0.4200180109458285,1.304067305716517,3.635615886591293,2.787905095583783,0.44527798565057797,5910
221,2.888064631366419,-14.42355994999911,0.09590502588091719,0.0,-11.439590292751774,-14.42355994999911,nan,0.06415008793529245,0.03175493794562476,2.8508474524203162,-14.384781949904685,0.09615656681822532,0.0,-11.437777930666144,-14.384781949904685,nan,74.55769849512777,0.4708791597847929,0.0,1.095680652351284,158.3372229282839,46.0,46.0,,5.5740669640340166e-05,,,,,,,2.311439519180548,,0,1.244286379712754,3.635615886591293,inf,-inf,-0.14606032749905648,0.15664985351921565,-0.13303277585476533,0.20969934938696874,inf,-inf,2.548956174089854,0.21897547221791672,0.21897547221791672,0.21897547221791672,784,2.671287776725817,1.584715000532746,2.0660610871761875,,,-1.6916203861873762,2.3445245693550563,0.4274104699157709,2.921848174075957,0.4656576452484782,0.0,0.0,2.4303348438637764,2.5081765564575464,0.4200180109458285,1.304067305716517,3.635615886591293,2.787905095583783,0.44527798565057797,5910
222,2.8637069799494723,-14.42841304646787,0.09611916363203743,0.0,-11.46858690288636,-14.42841304646787,nan,0.06434058773307201,0.031778575898965385,2.8508474524203162,-14.384781949904685,0.09615656681822532,0.0,-11.437777930666144,-14.384781949904685,nan,64.06779634418797,0.4726263973862455,0.0,1.0859114480069771,135.5569572467822,46.0,46.0,,5.463923978879106e-05,,,,,,,2.311439519180548,,0,1.244286379712754,3.635615886591293,inf,-inf,-0.15128452205837337,0.10813914875294436,-0.1329536607440561,0.21541349258374679,inf,-inf,2.54871550954278,0.21898590499167184,0.21898590499167184,0.21898590499167184,784,2.671287776725817,1.584715000532746,2.0660610871761875,,,-1.6916203861873762,2.3445245693550563,0.4274104699157709,2.921848174075957,0.4656576452484782,0.0,0.0,2.4303348438637764,2.5081765564575464,0.4200180109458285,1.304067305716517,3.635615886591293,2.787905095583783,0.44527798565057797,5910
223,2.873892635458528,-14.427033745960761,0.09628219960163797,0.0,-11.456858910900594,-14.427033745960761,nan,0.0645152116421443,0.031766987959493696,2.8508474524203162,-14.384781949904685,0.09615656681822532,0.0,-11.437777930666144,-14.384781949904685,nan,84.6609730222661,0.4772024507729166,0.0,1.0844193337731927,177.41101891899797,46.0,46.0,,5.3548815625562027e-05,,,,,,,2.311439519180548,,0,1.244286379712754,3.635615886591293,inf,-inf,-0.1468924448707237,0.15366940429633758,-0.13550694031938598,0.20047013091453034,inf,-inf,2.5479706718380033,0.2189809358320267,0.2189809358320267,0.2189809358320267,784,2.671287776725817,1.584715000532746,2.0660610871761875,,,-1.6916203861873762,2.3445245693550563,0.4274104699157709,2.921848174075957,0.4656576452484782,0.0,0.0,2.4303348438637764,2.5081765564575464,0.4200180109458285,1.304067305716517,3.635615886591293,2.787905095583783,0.44527798565057797,5910
224,2.8688743252789886,-14.419242221979113,0.09647717158205615,0.0,-11.453890725118068,-14.419242221979113,nan,0.06469881425119428,0.03177835733086185,2.8508474524203162,-14.384781949904685,0.09615656681822532,0.0,-11.437777930666144,-14.384781949904685,nan,78.20684235820215,0.47931091587399854,0.0,1.1016433504249903,163.16516016664474,46.0,46.0,,5.2469516727950645e-05,,,,,,,2.311439519180548,,0,1.244286379712754,3.635615886591293,inf,-inf,-0.14546548498555678,0.1440822333065171,-0.17473938428917743,0.20982832358963283,inf,-inf,2.5475863206551357,0.21902775849916514,0.21902775849916514,0.21902775849916514,784,2.671287776725817,1.584715000532746,2.0660610871761875,,,-1.6916203861873762,2.3445245693550563,0.4274104699157709,2.921848174075957,0.4656576452484782,0.0,0.0,2.4303348438637764,2.5081765564575464,0.4200180109458285,1.304067305716517,3.635615886591293,2.787905095583783,0.44527798565057797,5910
225,2.859770781037412,-14.430824893666726,0.09664324390176299,0.0,-11.474410868727551,-14.430824893666726,nan,0.06487393674869239,0.0317693071530706,2.854512886736914,-14.411446960050126,0.09706142440405549,0.0,-11.459872648909156,-14.411446960050126,nan,65.991557220605,0.4662041928430296,0.0,1.0792396165220308,141.55075873121604,46.0,46.0,,5.1401461453243575e-05,,,,,,,2.2818111997073713,,0,1.2220530801395124,3.6035754673274365,inf,-inf,-0.14539385115595316,0.1639550996538438,-0.13290185990761139,0.2143327054756578,inf,-inf,2.5480648518287774,0.21895299860044012,0.21895299860044012,0.21895299860044012,784,2.6627960481213173,1.581551134582261,2.0660409543930656,,,-1.703236149099293,2.3144347124909475,0.42511044181205004,2.9487880075684143,0.4696435516455314,0.0,0.0,2.4004360783288345,2.476911331951939,0.41789035930716706,1.280462403036582,3.6035754673274365,2.8142766697262287,0.44936679040824407,5910
226,2.8473060227279525,-14.43178889632457,0.09677578044981767,0.0,-11.487707093146799,-14.43178889632457,nan,0.0650428347516926,0.031732945698125105,2.854512886736914,-14.411446960050126,0.09706142440405549,0.0,-11.459872648909156,-14.411446960050126,nan,70.28183166591762,0.4786909378582237,0.0,1.0744064046528117,146.82089445932513,46.0,46.0,,5.0344766925737514e-05,,,,,,,2.2818111997073713,,0,1.2220530801395124,3.6035754673274365,inf,-inf,-0.15301451994040233,0.0993683918716827,-0.12704064163324272,0.2111217470076787,inf,-inf,2.548154243940174,0.21888448612298486,0.21888448612298486,0.21888448612298486,784,2.6627960481213173,1.581551134582261,2.0660409543930656,,,-1.703236149099293,2.3144347124909475,0.42511044181205004,2.9487880075684143,0.4696435516455314,0.0,0.0,2.4004360783288345,2.476911331951939,0.41789035930716706,1.280462403036582,3.6035754673274365,2.8142766697262287,0.44936679040824407,5910
227,2.8485813146388823,-14.42707771337083,0.09695111888636665,0.0,-11.48154527984558,-14.42707771337083,nan,0.06521063768549597,0.03174048120087068,2.854512886736914,-14.411446960050126,0.09706142440405549,0.0,-11.459872648909156,-14.411446960050126,nan,82.08613705734176,0.4771994063334258,0.0,1.08340653133121,172.01642744707658,46.0,46.0,,4.929954902389538e-05,,,,,,,2.2818111997073713,,0,1.2220530801395124,3.6035754673274365,inf,-inf,-0.15019026208965472,0.13449411096691546,-0.13842799403982325,0.20653845279971023,inf,-inf,2.5474528486129064,0.21892783311894867,0.21892783311894867,0.21892783311894867,784,2.6627960481213173,1.581551134582261,2.0660409543930656,,,-1.703236149099293,2.3144347124909475,0.42511044181205004,2.9487880075684143,0.4696435516455314,0.0,0.0,2.4004360783288345,2.476911331951939,0.41789035930716706,1.280462403036582,3.6035754673274365,2.8142766697262287,0.44936679040824407,5910
228,2.839669856061284,-14.437860858214568,0.09711238288733996,0.0,-11.501078619265945,-14.437860858214568,nan,0.06537124022995994,0.03174114265738002,2.854512886736914,-14.411446960050126,0.09706142440405549,0.0,-11.459872648909156,-14.411446960050126,nan,80.87962204322504,0.45774528370241974,0.0,1.0619333376600102,176.69132795654295,46.0,46.0,,4.826592236763859e-05,,,,,,,2.2818111997073713,,0,1.2220530801395124,3.6035754673274365,inf,-inf,-0.1527952419848758,0.13718014918997784,-0.12567578106052046,0.2051161286191588,inf,-inf,2.546455859122659,0.2189355319042743,0.2189355319042743,0.2189355319042743,784,2.6627960481213173,1.581551134582261,2.0660409543930656,,,-1.703236149099293,2.3144347124909475,0.42511044181205004,2.9487880075684143,0.4696435516455314,0.0,0.0,2.4004360783288345,2.476911331951939,0.41789035930716706,1.280462403036582,3.6035754673274365,2.8142766697262287,0.44936679040824407,5910
229,2.8241302593789555,-14.435739990398094,0.09727675256870096,0.0,-11.514332978450437,-14.435739990398094,nan,0.06554182282192292,0.03173492974677801,2.854512886736914,-14.411446960050126,0.09706142440405549,0.0,-11.459872648909156,-14.411446960050126,nan,72.67250319350593,0.45470597439499216,0.0,1.0670037080277268,159.82306652161353,46.0,46.0,,4.724400030577784e-05,,,,,,,2.2818111997073713,,0,1.2220530801395124,3.6035754673274365,inf,-inf,-0.14849962417478088,0.1488292555596761,-0.12968355578755542,0.2033363195778655,inf,-inf,2.5458674925391693,0.21895085976328313,0.21895085976328313,0.21895085976328313,784,2.6627960481213173,1.581551134582261,2.0660409543930656,,,-1.703236149099293,2.3144347124909475,0.42511044181205004,2.9487880075684143,0.4696435516455314,0.0,0.0,2.4004360783288345,2.476911331951939,0.41789035930716706,1.280462403036582,3.6035754673274365,2.8142766697262287,0.44936679040824407,5910
230,2.82486198329071,-14.428690852565637,0.09745544227757207,0.0,-11.506373426997355,-14.428690852565637,nan,0.06569766922557096,0.031757773052001094,2.8125609394844395,-14.41036441797008,0.09789799274247828,0.0,-11.499905485743161,-14.41036441797008,nan,77.72081768104891,0.4638196026640712,0.0,1.079169022146594,167.5669101405778,46.0,46.0,,4.623389490358338e-05,,,,,,,2.255396365131738,,0,1.198338847124952,3.5752396240674984,inf,-inf,-0.15559861019060336,0.13713388911352686,-0.1574754921934571,0.216297091509223,inf,-inf,2.545511476148422,0.21895399902475693,0.21895399902475693,0.21895399902475693,784,2.6550166434423597,1.5786453803170148,2.0654727559331953,,,-1.7137056117563731,2.2873691170209067,0.4230727719116154,2.983496389727491,0.4747255166489027,0.0,0.0,2.3737958910776116,2.449977741558391,0.41604955094575286,1.259691507057166,3.5752396240674984,2.8381866544609884,0.45304095360799557,5910
231,2.8206317330848365,-14.439388594943882,0.09759795790543589,0.0,-11.52115890395361,-14.439388594943882,nan,0.06585423532454084,0.031743722580895015,2.8125609394844395,-14.41036441797008,0.09789799274247828,0.0,-11.499905485743161,-14.41036441797008,nan,87.69560308329443,0.46698307597523603,0.0,1.0615365333459097,187.79182286243045,46.0,46.0,,4.523571693049536e-05,,,,,,,2.255396365131738,,0,1.198338847124952,3.5752396240674984,inf,-inf,-0.14301723033137678,0.09558502346013338,-0.12410316824957351,0.2041613665558606,inf,-inf,2.54546567909696,0.2188672540255475,0.2188672540255475,0.2188672540255475,784,2.6550166434423597,1.5786453803170148,2.0654727559331953,,,-1.7137056117563731,2.2873691170209067,0.4230727719116154,2.983496389727491,0.4747255166489027,0.0,0.0,2.3737958910776116,2.449977741558391,0.41604955094575286,1.259691507057166,3.5752396240674984,2.8381866544609884,0.45304095360799557,5910
232,2.8207945619155272,-14.435290656466652,0.09772960499804516,0.0,-11.51676648955308,-14.435290656466652,nan,0.06600458290010254,0.0317250220979426,2.8125609394844395,-14.41036441797008,0.09789799274247828,0.0,-11.499905485743161,-14.41036441797008,nan,82.40871686245951,0.4667981193172224,0.0,1.0662723624866361,176.5403789179728,46.0,46.0,,4.42495758479769e-05,,,,,,,2.255396365131738,,0,1.198338847124952,3.5752396240674984,inf,-inf,-0.14773338535326286,0.17157861777969166,-0.1328649882515328,0.22575660459392405,inf,-inf,2.5448710078838026,0.2188784294186346,0.2188784294186346,0.2188784294186346,784,2.6550166434423597,1.5786453803170148,2.0654727559331953,,,-1.7137056117563731,2.2873691170209067,0.4230727719116154,2.983496389727491,0.4747255166489027,0.0,0.0,2.3737958910776116,2.449977741558391,0.41604955094575286,1.259691507057166,3.5752396240674984,2.8381866544609884,0.45304095360799557,5910
233,2.7932655327044666,-14.433588972797734,0.09789760607025544,0.0,-11.542425834023012,-14.433588972797734,nan,0.06615788017817993,0.03173972589207552,2.8125609394844395,-14.41036441797008,0.09789799274247828,0.0,-11.499905485743161,-14.41036441797008,nan,73.65016004148552,0.4594130114079385,0.0,1.0702507828122005,160.31361370409124,46.0,46.0,,4.3275579797510595e-05,,,,,,,2.255396365131738,,0,1.198338847124952,3.5752396240674984,inf,-inf,-0.14773520072150162,0.15352966129634,-0.12633221017103033,0.196661505840882,inf,-inf,2.5441471072664976,0.21891914573256224,0.21891914573256224,0.21891914573256224,784,2.6550166434423597,1.5786453803170148,2.0654727559331953,,,-1.7137056117563731,2.2873691170209067,0.4230727719116154,2.983496389727491,0.4747255166489027,0.0,0.0,2.3737958910776116,2.449977741558391,0.41604955094575286,1.259691507057166,3.5752396240674984,2.8381866544609884,0.45304095360799557,5910
234,2.8091493754428063,-14.442701612947719,0.09803580456422259,0.0,-11.535516432940689,-14.442701612947719,nan,0.06630462454804652,0.03173118001617608,2.8125609394844395,-14.41036441797008,0.09789799274247828,0.0,-11.499905485743161,-14.41036441797008,nan,76.19567624618911,0.45195406670501215,0.0,1.0506230865497679,168.5916376451627,46.0,46.0,,4.231383558873924e-05,,,,,,,2.255396365131738,,0,1.198338847124952,3.5752396240674984,inf,-inf,-0.14423902207713735,0.12111408993430502,-0.14760888484328522,0.20533426258650392,inf,-inf,2.5437673146309447,0.21890356148447698,0.21890356148447698,0.21890356148447698,784,2.6550166434423597,1.5786453803170148,2.0654727559331953,,,-1.7137056117563731,2.2873691170209067,0.4230727719116154,2.983496389727491,0.4747255166489027,0.0,0.0,2.3737958910776116,2.449977741558391,0.41604955094575286,1.259691507057166,3.5752396240674984,2.8381866544609884,0.45304095360799557,5910
235,2.805444855267897,-14.443526080966695,0.09816723071829479,0.0,-11.539913994980504,-14.443526080966695,nan,0.06644229527004807,0.03172493544824667,2.7581573449378087,-14.384390344400439,0.09860326355273848,0.0,-11.527629735909892,-14.384390344400439,nan,76.84131773396699,0.4657428686741322,0.0,1.0502886124044655,164.98656856028168,46.0,46.0,,4.136444868775326e-05,,,,,,,2.2319420508717016,,0,1.1770988411786225,3.5501640271319164,inf,-inf,-0.14685419696939786,0.11177612207390335,-0.1361688320219522,0.2094219653674955,inf,-inf,2.543485446073625,0.21889632831274572,0.21889632831274572,0.21889632831274572,784,2.6480359075337954,1.5760353703235586,2.0654588394011117,,,-1.7231072526833258,2.263713400272822,0.42124508749548534,3.0160288184271398,0.47943548694047167,0.0,0.0,2.3501014446330575,2.425431386234244,0.4143639960606051,1.2411699962225948,3.5501640271319164,2.8603366484337895,0.45641715059512605,5910
236,2.784528032237541,-14.439218480659468,0.09831048564869106,0.0,-11.556379962773237,-14.439218480659468,nan,0.0665818411990979,0.03172864444959318,2.7581573449378087,-14.384390344400439,0.09860326355273848,0.0,-11.527629735909892,-14.384390344400439,nan,74.20691087589225,0.4589336568451513,0.0,1.0575041098211888,161.69420082635253,46.0,46.0,,4.0427523205524943e-05,,,,,,,2.2319420508717016,,0,1.1770988411786225,3.5501640271319164,inf,-inf,-0.1531000194291524,0.11557348459125034,-0.12721427838699892,0.1969452793838216,inf,-inf,2.542916180125774,0.21890759502885612,0.21890759502885612,0.21890759502885612,784,2.6480359075337954,1.5760353703235586,2.0654588394011117,,,-1.7231072526833258,2.263713400272822,0.42124508749548534,3.0160288184271398,0.47943548694047167,0.0,0.0,2.3501014446330575,2.425431386234244,0.4143639960606051,1.2411699962225948,3.5501640271319164,2.8603366484337895,0.45641715059512605,5910
237,2.7962358031439973,-14.44687137272312,0.09843458308385096,0.0,-11.552200986495272,-14.44687137272312,nan,0.06672043511343212,0.031714147970418854,2.7581573449378087,-14.384390344400439,0.09860326355273848,0.0,-11.527629735909892,-14.384390344400439,nan,91.0121626518797,0.44599175130913454,0.0,1.0430061296528919,204.0669191408331,46.0,46.0,,3.950316188649156e-05,,,,,,,2.2319420508717016,,0,1.1770988411786225,3.5501640271319164,inf,-inf,-0.14606747552960767,0.11002601855314101,-0.13455773247121508,0.1897743753012851,inf,-inf,2.5425957063504794,0.21886974413243737,0.21886974413243737,0.21886974413243737,784,2.6480359075337954,1.5760353703235586,2.0654588394011117,,,-1.7231072526833258,2.263713400272822,0.42124508749548534,3.0160288184271398,0.47943548694047167,0.0,0.0,2.3501014446330575,2.425431386234244,0.4143639960606051,1.2411699962225948,3.5501640271319164,2.8603366484337895,0.45641715059512605,5910
238,2.7696500148821075,-14.443596125586495,0.0985604728483789,0.0,-11.57538563785601,-14.443596125586495,nan,0.06685278562305039,0.03170768722532855,2.7581573449378087,-14.384390344400439,0.09860326355273848,0.0,-11.527629735909892,-14.384390344400439,nan,82.85678297919603,0.4597816946206572,0.0,1.0432982428100883,180.20896427283168,46.0,46.0,,3.859146609728844e-05,,,,,,,2.2319420508717016,,0,1.1770988411786225,3.5501640271319164,inf,-inf,-0.14539660176075464,0.09078330151027711,-0.13299969942335302,0.20902939597421236,inf,-inf,2.5418840010240333,0.21885140212473245,0.21885140212473245,0.21885140212473245,784,2.6480359075337954,1.5760353703235586,2.0654588394011117,,,-1.7231072526833258,2.263713400272822,0.42124508749548534,3.0160288184271398,0.47943548694047167,0.0,0.0,2.3501014446330575,2.425431386234244,0.4143639960606051,1.2411699962225948,3.5501640271319164,2.8603366484337895,0.45641715059512605,5910
239,2.7695153598732243,-14.442043526168721,0.0986934112911421,0.0,-11.573834755004354,-14.442043526168721,nan,0.06698611905363439,0.03170729223750772,2.7581573449378087,-14.384390344400439,0.09860326355273848,0.0,-11.527629735909892,-14.384390344400439,nan,75.87573861169298,0.45714432209083145,0.0,1.053007139506113,165.9776463254792,46.0,46.0,,3.769253581563266e-05,,,,,,,2.2319420508717016,,0,1.1770988411786225,3.5501640271319164,inf,-inf,-0.1451031546427071,0.11590652877030123,-0.14028771962391284,0.20308555491620708,inf,-inf,2.541847378863073,0.21882133407503318,0.21882133407503318,0.21882133407503318,784,2.6480359075337954,1.5760353703235586,2.0654588394011117,,,-1.7231072526833258,2.263713400272822,0.42124508749548534,3.0160288184271398,0.47943548694047167,0.0,0.0,2.3501014446330575,2.425431386234244,0.4143639960606051,1.2411699962225948,3.5501640271319164,2.8603366484337895,0.45641715059512605,5910
240,2.7679359418093945,-14.440508718547903,0.09883654029863144,0.0,-11.573736236439878,-14.440508718547903,nan,0.06711691528688339,0.03171962501174808,2.75800600390218,-14.39386988624404,0.09926071319931341,0.0,-11.536603169142547,-14.39386988624404,nan,77.41905021419502,0.4555297325868807,0.0,1.049677159280573,169.95389033015385,46.0,46.0,,3.680646961935965e-05,,,,,,,2.2111622011849845,,0,1.1592017938737287,3.52801296886078,inf,-inf,-0.14043005413678503,0.12371693350165383,-0.13059219076326126,0.2188484228912773,inf,-inf,2.541341676095122,0.2188361296065792,0.2188361296065792,0.2188361296065792,784,2.6417445825183803,1.5736863324073151,2.06346169750611,,,-1.731516509000848,2.2421804606422637,0.41959740851242755,3.0434847388142368,0.4833711283773855,0.0,0.0,2.329156647949205,2.4037372499311838,0.4128818753283231,1.224682388521853,3.52801296886078,2.880757494291204,0.45950670037552827,5910
241,2.757266736766671,-14.442152339235836,0.09894705555029093,0.0,-11.585938546918875,-14.442152339235836,nan,0.06724406780435481,0.031702987745936134,2.75800600390218,-14.39386988624404,0.09926071319931341,0.0,-11.536603169142547,-14.39386988624404,nan,78.54773879319642,0.4530721907353021,0.0,1.0498109653371746,173.3669388662309,46.0,46.0,,3.593336467561294e-05,,,,,,,2.2111622011849845,,0,1.1592017938737287,3.52801296886078,inf,-inf,-0.13328576175301082,0.10935374313295664,-0.13582418920031422,0.20262116551967452,inf,-inf,2.5405836708177585,0.21883790854584453,0.21883790854584453,0.21883790854584453,784,2.6417445825183803,1.5736863324073151,2.06346169750611,,,-1.731516509000848,2.2421804606422637,0.41959740851242755,3.0434847388142368,0.4833711283773855,0.0,0.0,2.329156647949205,2.4037372499311838,0.4128818753283231,1.224682388521853,3.52801296886078,2.880757494291204,0.45950670037552827,5910
242,2.7547975833963916,-14.440350321840707,0.09907708977104951,0.0,-11.586475648673266,-14.440350321840707,nan,0.06736789594397699,0.03170919382707245,2.75800600390218,-14.39386988624404,0.09926071319931341,0.0,-11.536603169142547,-14.39386988624404,nan,94.48111877132169,0.4478695538811647,0.0,1.0515622190766536,210.9567796081776,46.0,46.0,,3.5073316730188546e-05,,,,,,,2.2111622011849845,,0,1.1592017938737287,3.52801296886078,inf,-inf,-0.14460953667510193,0.1289201302960815,-0.12829903856341518,0.2115316759869918,inf,-inf,2.540118052528039,0.2188547835170913,0.2188547835170913,0.2188547835170913,784,2.6417445825183803,1.5736863324073151,2.06346169750611,,,-1.731516509000848,2.2421804606422637,0.41959740851242755,3.0434847388142368,0.4833711283773855,0.0,0.0,2.329156647949205,2.4037372499311838,0.4128818753283231,1.224682388521853,3.52801296886078,2.880757494291204,0.45950670037552827,5910
243,2.7496021165691977,-14.444770427627578,0.09919618049418828,0.0,-11.595972130564192,-14.444770427627578,nan,0.06748715010717742,0.031709030387010895,2.75800600390218,-14.39386988624404,0.09926071319931341,0.0,-11.536603169142547,-14.39386988624404,nan,68.39578741915595,0.4526932971156751,0.0,1.045269323748798,151.08637096006973,46.0,46.0,,3.422642009703561e-05,,,,,,,2.2111622011849845,,0,1.1592017938737287,3.52801296886078,inf,-inf,-0.14261191928880454,0.1165934025001525,-0.13108382690359408,0.21217193257748665,inf,-inf,2.5399562420336874,0.21881719686227163,0.21881719686227163,0.21881719686227163,784,2.6417445825183803,1.5736863324073151,2.06346169750611,,,-1.731516509000848,2.2421804606422637,0.41959740851242755,3.0434847388142368,0.4833711283773855,0.0,0.0,2.329156647949205,2.4037372499311838,0.4128818753283231,1.224682388521853,3.52801296886078,2.880757494291204,0.45950670037552827,5910
244,2.7622193871344156,-14.447405723006485,0.09931992422308192,0.0,-11.585866411648988,-14.447405723006485,nan,0.0676019985925917,0.03171792563049025,2.75800600390218,-14.39386988624404,0.09926071319931341,0.0,-11.536603169142547,-14.39386988624404,nan,92.35404427886114,0.44937494264390304,0.0,1.037043019979404,205.51667553044896,46.0,46.0,,3.339276764791356e-05,,,,,,,2.2111622011849845,,0,1.1592017938737287,3.52801296886078,inf,-inf,-0.14714387550708094,0.10425556348433217,-0.12148534795399954,0.2168813476973649,inf,-inf,2.539383604138196,0.2188233416445515,0.2188233416445515,0.2188233416445515,784,2.6417445825183803,1.5736863324073151,2.06346169750611,,,-1.731516509000848,2.2421804606422637,0.41959740851242755,3.0434847388142368,0.4833711283773855,0.0,0.0,2.329156647949205,2.4037372499311838,0.4128818753283231,1.224682388521853,3.52801296886078,2.880757494291204,0.45950670037552827,5910
245,2.754944409870287,-14.438793741980064,0.09944737045110434,0.0,-11.584401961658672,-14.438793741980064,nan,0.06772149954947236,0.03172587090163203,2.7412703770090276,-14.409028642466687,0.09987670957404285,0.0,-11.567881555883618,-14.409028642466687,nan,83.60329149464732,0.45617287716346766,0.0,1.056890147344256,183.2710704207178,46.0,46.0,,3.2572450802207845e-05,,,,,,,2.1926797935683005,,0,1.1431376570169063,3.5089211170091095,inf,-inf,-0.1478274118205628,0.1249237263190289,-0.13315173174813785,0.2250828114657121,inf,-inf,2.5389018108914256,0.21882909725482208,0.21882909725482208,0.21882909725482208,784,2.6360523029742953,1.5715586147942588,2.0631640510653737,,,-1.73905987167992,2.2227475214006,0.41812416194135354,3.0695525560463754,0.48707507365230907,0.0,0.0,2.310507638623153,2.384879319861117,0.41152902666165286,1.209943693017888,3.5089211170091095,2.9000697613101516,0.4624084449981454,5910
246,2.748757005400317,-14.445076625019995,0.09956430586392746,0.0,-11.596755313755752,-14.445076625019995,nan,0.06783481879666038,0.031729487067267075,2.7412703770090276,-14.409028642466687,0.09987670957404285,0.0,-11.567881555883618,-14.409028642466687,nan,77.29828738141612,0.4461793608394203,0.0,1.0412191959425292,173.24487451860358,46.0,46.0,,3.1765559516904784e-05,,,,,,,2.1926797935683005,,0,1.1431376570169063,3.5089211170091095,inf,-inf,-0.13988285194362127,0.10795743965493594,-0.12239644976378333,0.20408392349539628,inf,-inf,2.538546473554228,0.2188128163060006,0.2188128163060006,0.2188128163060006,784,2.6360523029742953,1.5715586147942588,2.0631640510653737,,,-1.73905987167992,2.2227475214006,0.41812416194135354,3.0695525560463754,0.48707507365230907,0.0,0.0,2.310507638623153,2.384879319861117,0.41152902666165286,1.209943693017888,3.5089211170091095,2.9000697613101516,0.4624084449981454,5910
247,2.7472795559237744,-14.452079903054793,0.09966433906299513,0.0,-11.605136008068024,-14.452079903054793,nan,0.06794557716506051,0.03171876189793463,2.7412703770090276,-14.409028642466687,0.09987670957404285,0.0,-11.567881555883618,-14.409028642466687,nan,75.02743706450703,0.4500242172467781,0.0,1.027387617371682,166.7186657720789,46.0,46.0,,3.097218227672658e-05,,,,,,,2.1926797935683005,,0,1.1431376570169063,3.5089211170091095,inf,-inf,-0.15102067286269175,0.0943520847391475,-0.12126051900598134,0.20311866322683544,inf,-inf,2.5381105831047908,0.2187877387786817,0.2187877387786817,0.2187877387786817,784,2.6360523029742953,1.5715586147942588,2.0631640510653737,,,-1.73905987167992,2.2227475214006,0.41812416194135354,3.0695525560463754,0.48707507365230907,0.0,0.0,2.310507638623153,2.384879319861117,0.41152902666165286,1.209943693017888,3.5089211170091095,2.9000697613101516,0.4624084449981454,5910
248,2.735160969975201,-14.447713271058447,0.09976351200134817,0.0,-11.612788789081899,-14.447713271058447,nan,0.0680494603936719,0.031714051607676284,2.7412703770090276,-14.409028642466687,0.09987670957404285,0.0,-11.567881555883618,-14.409028642466687,nan,76.98672011165904,0.4478441345514395,0.0,1.0394609073570744,171.9051655968854,46.0,46.0,,3.019240608442822e-05,,,,,,,2.1926797935683005,,0,1.1431376570169063,3.5089211170091095,inf,-inf,-0.13893000826955054,0.09739241063654809,-0.1268305552368924,0.21259557543753993,inf,-inf,2.5379686459406865,0.2187658956438391,0.2187658956438391,0.2187658956438391,784,2.6360523029742953,1.5715586147942588,2.0631640510653737,,,-1.73905987167992,2.2227475214006,0.41812416194135354,3.0695525560463754,0.48707507365230907,0.0,0.0,2.310507638623153,2.384879319861117,0.41152902666165286,1.209943693017888,3.5089211170091095,2.9000697613101516,0.4624084449981454,5910
249,2.7247912015881273,-14.445733458915218,0.0998660917645109,0.0,-11.62107616556258,-14.445733458915218,nan,0.06815259772848413,0.03171349403602679,2.7412703770090276,-14.409028642466687,0.09987670957404285,0.0,-11.567881555883618,-14.409028642466687,nan,87.30154638132154,0.44425055186756063,0.0,1.0414166565511767,196.51421031289516,46.0,46.0,,2.9426316451256454e-05,,,,,,,2.1926797935683005,,0,1.1431376570169063,3.5089211170091095,inf,-inf,-0.14888320639709712,0.11682297219711105,-0.135119562422669,0.22652427927586774,inf,-inf,2.5370223303076367,0.2188064875463916,0.2188064875463916,0.2188064875463916,784,2.6360523029742953,1.5715586147942588,2.0631640510653737,,,-1.73905987167992,2.2227475214006,0.41812416194135354,3.0695525560463754,0.48707507365230907,0.0,0.0,2.310507638623153,2.384879319861117,0.41152902666165286,1.209943693017888,3.5089211170091095,2.9000697613101516,0.4624084449981454,5910
250,2.7196303217157833,-14.430415271007341,0.09998630616967519,0.0,-11.610798643121882,-14.430415271007341,nan,0.06826123141336128,0.03172507475631387,2.6826386765623385,-14.37070696524517,0.10041606956203626,0.0,-11.587652219120795,-14.37070696524517,nan,82.08820598090497,0.45769766635723746,0.0,1.0690537985941222,179.35028298098058,46.0,46.0,,2.8673997387572544e-05,,,,,,,2.1764331918818134,,0,1.1290024147033202,3.491500770387459,inf,-inf,-0.1432227822979209,0.18837229400261457,-0.24743498338328734,0.20405179305209417,inf,-inf,2.5369779161596258,0.21879593544696707,0.21879593544696707,0.21879593544696707,784,2.630943815473634,1.5696543019878604,2.062821607305178,,,-1.7457376522508326,2.205822933686468,0.41681768792807783,3.092553855436135,0.4903172714103182,0.0,0.0,2.2941344382965223,2.3678386344159916,0.4103417957361191,1.1971135276100153,3.491500770387459,2.9165995453731837,0.46487680376226137,5910
251,2.719038029978269,-14.445326956526314,0.10010587303450462,0.0,-11.62618305351354,-14.445326956526314,nan,0.06836467811732617,0.03174119491717845,2.6826386765623385,-14.37070696524517,0.10041606956203626,0.0,-11.587652219120795,-14.37070696524517,nan,67.9016068662487,0.46094082757153687,0.0,1.0401869162461412,147.31089720124768,46.0,46.0,,2.7935531393639814e-05,,,,,,,2.1764331918818134,,0,1.1290024147033202,3.491500770387459,inf,-inf,-0.14683189220667736,0.11915454769467232,-0.14819756605551326,0.20136425216173043,inf,-inf,2.536113331753315,0.21880307343755778,0.21880307343755778,0.21880307343755778,784,2.630943815473634,1.5696543019878604,2.062821607305178,,,-1.7457376522508326,2.205822933686468,0.41681768792807783,3.092553855436135,0.4903172714103182,0.0,0.0,2.2941344382965223,2.3678386344159916,0.4103417957361191,1.1971135276100153,3.491500770387459,2.9165995453731837,0.46487680376226137,5910
252,2.7235248984580456,-14.447961190008696,0.1002019582167384,0.0,-11.624234333333913,-14.447961190008696,nan,0.06846358896617588,0.03173836925056253,2.6826386765623385,-14.37070696524517,0.10041606956203626,0.0,-11.587652219120795,-14.37070696524517,nan,81.1547050387543,0.44888521704395673,0.0,1.036298424721615,180.79166334142676,46.0,46.0,,2.7210999450576172e-05,,,,,,,2.1764331918818134,,0,1.1290024147033202,3.491500770387459,inf,-inf,-0.14324023667935734,0.14326067673642345,-0.1313688315072547,0.21477685354844597,inf,-inf,2.535958093920617,0.2187806914515946,0.2187806914515946,0.2187806914515946,784,2.630943815473634,1.5696543019878604,2.062821607305178,,,-1.7457376522508326,2.205822933686468,0.41681768792807783,3.092553855436135,0.4903172714103182,0.0,0.0,2.2941344382965223,2.3678386344159916,0.4103417957361191,1.1971135276100153,3.491500770387459,2.9165995453731837,0.46487680376226137,5910
253,2.703014444013925,-14.443015282574386,0.1002821650147164,0.0,-11.639718673545744,-14.443015282574386,nan,0.068557024148648,0.031725140866068376,2.6826386765623385,-14.37070696524517,0.10041606956203626,0.0,-11.587652219120795,-14.37070696524517,nan,80.74756009824145,0.44674159163366234,0.0,1.0418271826650993,180.74780054160746,46.0,46.0,,2.6500481011473898e-05,,,,,,,2.1764331918818134,,0,1.1290024147033202,3.491500770387459,inf,-inf,-0.15292455953706383,0.15638415162189345,-0.12132349984759419,0.20565744507605085,inf,-inf,2.5357096385285938,0.21875477177333777,0.21875477177333777,0.21875477177333777,784,2.630943815473634,1.5696543019878604,2.062821607305178,,,-1.7457376522508326,2.205822933686468,0.41681768792807783,3.092553855436135,0.4903172714103182,0.0,0.0,2.2941344382965223,2.3678386344159916,0.4103417957361191,1.1971135276100153,3.491500770387459,2.9165995453731837,0.46487680376226137,5910
254,2.7077918412914763,-14.447839572024622,0.10037238450871004,0.0,-11.639675346224436,-14.447839572024622,nan,0.06864779912676337,0.03172458538194669,2.6826386765623385,-14.37070696524517,0.10041606956203626,0.0,-11.587652219120795,-14.37070696524517,nan,80.91699774575135,0.44660563900095046,0.0,1.0350418023078247,181.18221240278416,46.0,46.0,,2.5804053992686704e-05,,,,,,,2.1764331918818134,,0,1.1290024147033202,3.491500770387459,inf,-inf,-0.1510484867451876,0.11947622382713874,-0.12893980852316997,0.1932249555628454,inf,-inf,2.5353440113748915,0.2187468951336045,0.2187468951336045,0.2187468951336045,784,2.630943815473634,1.5696543019878604,2.062821607305178,,,-1.7457376522508326,2.205822933686468,0.41681768792807783,3.092553855436135,0.4903172714103182,0.0,0.0,2.2941344382965223,2.3678386344159916,0.4103417957361191,1.1971135276100153,3.491500770387459,2.9165995453731837,0.46487680376226137,5910
255,2.7170602051493016,-14.4346561098733,0.10047502322980492,0.0,-11.617120881494193,-14.4346561098733,nan,0.06874199708183061,0.03173302614797433,2.692444395174414,-14.417390472726854,0.10090329956046082,0.0,-11.62404277799198,-14.417390472726854,nan,93.60266190127935,0.4516395643368143,0.0,1.061626999584508,207.2508019502789,46.0,46.0,,2.5121794765285192e-05,,,,,,,2.162049087470032,,0,1.1165948831547963,3.4761437021855506,inf,-inf,-0.14919468285399307,0.16046658440918768,-0.14333109835881502,0.20245138813826613,inf,-inf,2.5348160131575947,0.2187640456307179,0.2187640456307179,0.2187640456307179,784,2.6263676966833036,1.5679451205820172,2.061811005975758,,,-1.7516898087590842,2.1912968174682472,0.4156540162870937,3.113164635292032,0.4932020883369417,0.0,0.0,2.279651068747603,2.3531980293134858,0.40928798727343524,1.1857263434665501,3.4761437021855506,2.9316576470948705,0.46711325292045114,5910
256,2.70235722894501,-14.45303034920949,0.10056123998292034,0.0,-11.65011188028156,-14.45303034920949,nan,0.06882962134892893,0.031731618633991376,2.692444395174414,-14.417390472726854,0.10090329956046082,0.0,-11.62404277799198,-14.417390472726854,nan,84.35181574561943,0.4445065555050548,0.0,1.0227902283924533,189.76506578126316,46.0,46.0,,2.445377814668197e-05,,,,,,,2.162049087470032,,0,1.1165948831547963,3.4761437021855506,inf,-inf,-0.1382442168768448,0.14232479515703883,-0.12962361381809523,0.2121246140682909,inf,-inf,2.5346030718881454,0.21872868537871148,0.21872868537871148,0.21872868537871148,784,2.6263676966833036,1.5679451205820172,2.061811005975758,,,-1.7516898087590842,2.1912968174682472,0.4156540162870937,3.113164635292032,0.4932020883369417,0.0,0.0,2.279651068747603,2.3531980293134858,0.40928798727343524,1.1857263434665501,3.4761437021855506,2.9316576470948705,0.46711325292045114,5910
257,2.695074384800353,-14.442656538298783,0.10065502939805024,0.0,-11.64692712410038,-14.442656538298783,nan,0.06892159765134746,0.03173343174670279,2.692444395174414,-14.417390472726854,0.10090329956046082,0.0,-11.62404277799198,-14.417390472726854,nan,83.7166941508733,0.44495929999866235,0.0,1.0450203979072452,188.1446104197057,46.0,46.0,,2.380007739242722e-05,,,,,,,2.162049087470032,,0,1.1165948831547963,3.4761437021855506,inf,-inf,-0.13896403917831812,0.14552921013086895,-0.1370414592886373,0.20706784641692347,inf,-inf,2.5341946325282487,0.21872864031850503,0.21872864031850503,0.21872864031850503,784,2.6263676966833036,1.5679451205820172,2.061811005975758,,,-1.7516898087590842,2.1912968174682472,0.4156540162870937,3.113164635292032,0.4932020883369417,0.0,0.0,2.279651068747603,2.3531980293134858,0.40928798727343524,1.1857263434665501,3.4761437021855506,2.9316576470948705,0.46711325292045114,5910
258,2.6902311958469127,-14.451285761707629,0.10073160081622208,0.0,-11.660322965044495,-14.451285761707629,nan,0.06899876840724385,0.031732832408978215,2.692444395174414,-14.417390472726854,0.10090329956046082,0.0,-11.62404277799198,-14.417390472726854,nan,78.56975510210965,0.4463190927912031,0.0,1.0266627043694558,176.03942195425222,46.0,46.0,,2.316076418817509e-05,,,,,,,2.162049087470032,,0,1.1165948831547963,3.4761437021855506,inf,-inf,-0.14127772484126414,0.1269472247923404,-0.12030542957811496,0.210324161514403,inf,-inf,2.533994241276006,0.21870332090183214,0.21870332090183214,0.21870332090183214,784,2.6263676966833036,1.5679451205820172,2.061811005975758,,,-1.7516898087590842,2.1912968174682472,0.4156540162870937,3.113164635292032,0.4932020883369417,0.0,0.0,2.279651068747603,2.3531980293134858,0.40928798727343524,1.1857263434665501,3.4761437021855506,2.9316576470948705,0.46711325292045114,5910
259,2.68694804670132,-14.431048620583441,0.10081665704066915,0.0,-11.643283916841453,-14.431048620583441,nan,0.06908822548258414,0.031728431558085,2.692444395174414,-14.417390472726854,0.10090329956046082,0.0,-11.62404277799198,-14.417390472726854,nan,82.9059390156201,0.4448288257397144,0.0,1.0659769973733468,186.37717301201025,46.0,46.0,,2.2535908641822916e-05,,,,,,,2.162049087470032,,0,1.1165948831547963,3.4761437021855506,inf,-inf,-0.1439231609613928,0.13563463228571235,-0.1717135156647693,0.20005704834316626,inf,-inf,2.533620466590897,0.2187123196219156,0.2187123196219156,0.2187123196219156,784,2.6263676966833036,1.5679451205820172,2.061811005975758,,,-1.7516898087590842,2.1912968174682472,0.4156540162870937,3.113164635292032,0.4932020883369417,0.0,0.0,2.279651068747603,2.3531980293134858,0.40928798727343524,1.1857263434665501,3.4761437021855506,2.9316576470948705,0.46711325292045114,5910
260,2.6849248131543173,-14.452971323982535,0.10091264005755587,0.0,-11.66713387077066,-14.452971323982535,nan,0.06917100515710199,0.031741634900453876,2.661168121146979,-14.428650342887526,0.10132573058720566,0.0,-11.666156491153341,-14.428650342887526,nan,72.31895370478078,0.4366804940360262,0.0,1.0218241155756818,165.6106803314518,46.0,46.0,,2.192557927582279e-05,,,,,,,2.1495638175053826,,0,1.1058642474441147,3.463056760942665,inf,-inf,-0.13457976741477512,0.10780140423416143,-0.12088361264201367,0.21000454442083175,inf,-inf,2.533379000183505,0.21868711481741196,0.21868711481741196,0.21868711481741196,784,2.622388737326314,1.5664553260429843,2.0616774429601556,,,-1.7568882415284708,2.178540074363117,0.41464096165109604,3.131538766124792,0.4957577923138311,0.0,0.0,2.26706790083384,2.3402582102219247,0.4083690395250421,1.1758588376501369,3.463056760942665,2.945129678885024,0.4691044222417154,5910
261,2.6801047551889203,-14.44478623875689,0.10098407520979891,0.0,-11.66369740835817,-14.44478623875689,nan,0.06924372070160158,0.03174035450819735,2.661168121146979,-14.428650342887526,0.10132573058720566,0.0,-11.666156491153341,-14.428650342887526,nan,82.62946891728443,0.4457361920111037,0.0,1.039420367967148,185.37751790912696,46.0,46.0,,2.1329843019667432e-05,,,,,,,2.1495638175053826,,0,1.1058642474441147,3.463056760942665,inf,-inf,-0.1457991064246277,0.11828600985693506,-0.13182386547949632,0.20280048624867153,inf,-inf,2.5328978111311407,0.21869030894686078,0.21869030894686078,0.21869030894686078,784,2.622388737326314,1.5664553260429843,2.0616774429601556,,,-1.7568882415284708,2.178540074363117,0.41464096165109604,3.131538766124792,0.4957577923138311,0.0,0.0,2.26706790083384,2.3402582102219247,0.4083690395250421,1.1758588376501369,3.463056760942665,2.945129678885024,0.4691044222417154,5910
262,2.676762444051488,-14.455360327068869,0.10105915387449727,0.0,-11.677538729142883,-14.455360327068869,nan,0.06932027633085114,0.03173887754364611,2.661168121146979,-14.428650342887526,0.10132573058720566,0.0,-11.666156491153341,-14.428650342887526,nan,74.57141269181568,0.4390940270558443,0.0,1.0174424400904534,169.8301687040066,46.0,46.0,,2.0748765202550787e-05,,,,,,,2.1495638175053826,,0,1.1058642474441147,3.463056760942665,inf,-inf,-0.13970794054139773,0.11103616621291741,-0.1375363457608214,0.19230741878907773,inf,-inf,2.532720879822906,0.21867735427918145,0.21867735427918145,0.21867735427918145,784,2.622388737326314,1.5664553260429843,2.0616774429601556,,,-1.7568882415284708,2.178540074363117,0.41464096165109604,3.131538766124792,0.4957577923138311,0.0,0.0,2.26706790083384,2.3402582102219247,0.4083690395250421,1.1758588376501369,3.463056760942665,2.945129678885024,0.4691044222417154,5910
263,2.66916901541771,-14.451924741833825,0.1011256863966111,0.0,-11.681630040019504,-14.451924741833825,nan,0.0693926862185966,0.03173300017801453,2.661168121146979,-14.428650342887526,0.10132573058720566,0.0,-11.666156491153341,-14.428650342887526,nan,80.28715839685998,0.4437182751783138,0.0,1.0225223671039816,180.94174364262003,46.0,46.0,,2.0182409546203575e-05,,,,,,,2.1495638175053826,,0,1.1058642474441147,3.463056760942665,inf,-inf,-0.15194627837579658,0.11278728114990186,-0.13520427077299388,0.19477969151447064,inf,-inf,2.532462198940879,0.21865631263950938,0.21865631263950938,0.21865631263950938,784,2.622388737326314,1.5664553260429843,2.0616774429601556,,,-1.7568882415284708,2.178540074363117,0.41464096165109604,3.131538766124792,0.4957577923138311,0.0,0.0,2.26706790083384,2.3402582102219247,0.4083690395250421,1.1758588376501369,3.463056760942665,2.945129678885024,0.4691044222417154,5910
264,2.672321488654892,-14.454037313961893,0.10119339298325163,0.0,-11.680522432323748,-14.454037313961893,nan,0.06946830178277061,0.03172509120048099,2.661168121146979,-14.428650342887526,0.10132573058720566,0.0,-11.666156491153341,-14.428650342887526,nan,65.30451018166255,0.44598093458984756,0.0,1.0202733712491885,146.4289280476098,46.0,46.0,,1.9630838157905765e-05,,,,,,,2.1495638175053826,,0,1.1058642474441147,3.463056760942665,inf,-inf,-0.14085537636501022,0.10327413954430213,-0.12962108301789985,0.2089828090133448,inf,-inf,2.532236520854515,0.21863333563431278,0.21863333563431278,0.21863333563431278,784,2.622388737326314,1.5664553260429843,2.0616774429601556,,,-1.7568882415284708,2.178540074363117,0.41464096165109604,3.131538766124792,0.4957577923138311,0.0,0.0,2.26706790083384,2.3402582102219247,0.4083690395250421,1.1758588376501369,3.463056760942665,2.945129678885024,0.4691044222417154,5910
265,2.6641528274040174,-14.45076180614523,0.1012616876893944,0.0,-11.68534729105182,-14.45076180614523,nan,0.06953446556284824,0.03172722212654615,2.6898544841812155,-14.402610284214386,0.1016815848742736,0.0,-11.611074215158897,-14.402610284214386,nan,74.03351125595904,0.4467497873380491,0.0,1.0253420630813097,165.71582875749408,46.0,46.0,,1.9094111523675756e-05,,,,,,,2.138784670155228,,0,1.0969864891558934,3.4512050518347603,inf,-inf,-0.1483644186839743,0.11398322267702757,-0.13944566268802422,0.21464197132251683,inf,-inf,2.531861168938427,0.21863207040667076,0.21863207040667076,0.21863207040667076,784,2.6188550366309142,1.5651427667301012,2.061320841748185,,,-1.7613987070730286,2.167652110633475,0.41375629946609443,3.146077992711091,0.4977694847793861,0.0,0.0,2.2562304941932814,2.32870511730677,0.4075719340094713,1.1671622660931196,3.4512050518347603,2.9569196606973014,0.4708395249353738,5910
266,2.6643001866125124,-14.434763664487813,0.1013298066143916,0.0,-11.669133671260909,-14.434763664487813,nan,0.0695978040448371,0.03173200256955451,2.6898544841812155,-14.402610284214386,0.1016815848742736,0.0,-11.611074215158897,-14.402610284214386,nan,83.3343269946252,0.4571879958542883,0.0,1.057976057146237,182.27584221433696,46.0,46.0,,1.8572288501637325e-05,,,,,,,2.138784670155228,,0,1.0969864891558934,3.4512050518347603,inf,-inf,-0.14079898885635272,0.24499706299329851,-0.19389987352683455,0.2517391788672258,inf,-inf,2.531590586919903,0.21861744930152058,0.21861744930152058,0.21861744930152058,784,2.6188550366309142,1.5651427667301012,2.061320841748185,,,-1.7613987070730286,2.167652110633475,0.41375629946609443,3.146077992711091,0.4977694847793861,0.0,0.0,2.2562304941932814,2.32870511730677,0.4075719340094713,1.1671622660931196,3.4512050518347603,2.9569196606973014,0.4708395249353738,5910
267,2.6511378195252693,-14.449788689903881,0.10140579488632331,0.0,-11.697245075492289,-14.449788689903881,nan,0.06967211336898027,0.03173368151734305,2.6898544841812155,-14.402610284214386,0.1016815848742736,0.0,-11.611074215158897,-14.402610284214386,nan,78.58235336989299,0.44878715148279824,0.0,1.027205596156599,175.0993831045651,46.0,46.0,,1.806542631556527e-05,,,,,,,2.138784670155228,,0,1.0969864891558934,3.4512050518347603,inf,-inf,-0.13518980111088108,0.11686189212339827,-0.18469384693405388,0.22350817742578943,inf,-inf,2.5313119907283004,0.21861122419380413,0.21861122419380413,0.21861122419380413,784,2.6188550366309142,1.5651427667301012,2.061320841748185,,,-1.7613987070730286,2.167652110633475,0.41375629946609443,3.146077992711091,0.4977694847793861,0.0,0.0,2.2562304941932814,2.32870511730677,0.4075719340094713,1.1671622660931196,3.4512050518347603,2.9569196606973014,0.4708395249353738,5910
268,2.653834900217768,-14.456549750437324,0.10147690545940863,0.0,-11.701237944760146,-14.456549750437324,nan,0.0697373830473279,0.03173952241208072,2.6898544841812155,-14.402610284214386,0.1016815848742736,0.0,-11.611074215158897,-14.402610284214386,nan,76.14046760240826,0.4379811750050791,0.0,1.015001751075789,173.84415574830425,46.0,46.0,,1.757358054861011e-05,,,,,,,2.138784670155228,,0,1.0969864891558934,3.4512050518347603,inf,-inf,-0.1369299611461161,0.12568209195314106,-0.12897676336320774,0.20594456789237306,inf,-inf,2.531012807124498,0.2186064918458484,0.2186064918458484,0.2186064918458484,784,2.6188550366309142,1.5651427667301012,2.061320841748185,,,-1.7613987070730286,2.167652110633475,0.41375629946609443,3.146077992711091,0.4977694847793861,0.0,0.0,2.2562304941932814,2.32870511730677,0.4075719340094713,1.1671622660931196,3.4512050518347603,2.9569196606973014,0.4708395249353738,5910
269,2.6604209414304045,-14.445386637648545,0.10153719583628955,0.0,-11.68342850038185,-14.445386637648545,nan,0.0698001653520182,0.031737030484271365,2.6898544841812155,-14.402610284214386,0.1016815848742736,0.0,-11.611074215158897,-14.402610284214386,nan,74.6470489084923,0.4486303412781126,0.0,1.0369754051061526,166.3887660737094,46.0,46.0,,1.709680513720275e-05,,,,,,,2.138784670155228,,0,1.0969864891558934,3.4512050518347603,inf,-inf,-0.1394521455105058,0.13547535332378996,-0.13227119621669334,0.20927453583347302,inf,-inf,2.5306111384059102,0.2185964705724599,0.2185964705724599,0.2185964705724599,784,2.6188550366309142,1.5651427667301012,2.061320841748185,,,-1.7613987070730286,2.167652110633475,0.41375629946609443,3.146077992711091,0.4977694847793861,0.0,0.0,2.2562304941932814,2.32870511730677,0.4075719340094713,1.1671622660931196,3.4512050518347603,2.9569196606973014,0.4708395249353738,5910
270,2.6451266290547593,-14.450442648384573,0.10160168748867808,0.0,-11.703714331841136,-14.450442648384573,nan,0.06986335658310339,0.031738330905574715,2.6274714852209655,-14.394981203183512,0.10201205796862486,0.0,-11.665497659993921,-14.394981203183512,nan,70.72627091989048,0.44198188009268974,0.0,1.0258872451468206,160.02074769458468,46.0,46.0,,1.6635152365139873e-05,,,,,,,2.129311739860019,,0,1.089214674224484,3.4409416774012804,inf,-inf,-0.14398254970147648,0.12216212232376635,-0.13207572796049089,0.22001895239513117,inf,-inf,2.530348972766622,0.2185924331968726,0.2185924331968726,0.2185924331968726,784,2.615737858839547,1.5639812077024475,2.061186500428812,,,-1.765379718728953,2.1577597566075832,0.41296253657785015,3.159103305187488,0.4995638279118953,0.0,0.0,2.246705414777672,2.318976916655182,0.40684240149648543,1.1596169750776173,3.4409416774012804,2.9673088195099644,0.4723627474053871,5910
271,2.638201677477621,-14.453226332277426,0.10165762801843009,0.0,-11.713367026781375,-14.453226332277426,nan,0.06992022326930719,0.03173740474912292,2.6274714852209655,-14.394981203183512,0.10201205796862486,0.0,-11.665497659993921,-14.394981203183512,nan,67.12152347011835,0.4409097334628067,0.0,1.0209996544865478,152.23416127142596,46.0,46.0,,1.6188672857850262e-05,,,,,,,2.129311739860019,,0,1.089214674224484,3.4409416774012804,inf,-inf,-0.137374841425258,0.11487613144400668,-0.12447247794817658,0.20818818935168115,inf,-inf,2.529993836547539,0.21858821689041363,0.21858821689041363,0.21858821689041363,784,2.615737858839547,1.5639812077024475,2.061186500428812,,,-1.765379718728953,2.1577597566075832,0.41296253657785015,3.159103305187488,0.4995638279118953,0.0,0.0,2.246705414777672,2.318976916655182,0.40684240149648543,1.1596169750776173,3.4409416774012804,2.9673088195099644,0.4723627474053871,5910
272,2.6376641474656974,-14.447763397473727,0.10171591255338583,0.0,-11.708383337454643,-14.447763397473727,nan,0.06998178873144027,0.03173412382194557,2.6274714852209655,-14.394981203183512,0.10201205796862486,0.0,-11.665497659993921,-14.394981203183512,nan,79.77207654401697,0.4417544871092204,0.0,1.0304041928912888,180.58011604145617,46.0,46.0,,1.5757415576843268e-05,,,,,,,2.129311739860019,,0,1.089214674224484,3.4409416774012804,inf,-inf,-0.14444422137274016,0.10992441187062084,-0.13716903853563742,0.2051944702784318,inf,-inf,2.52970196244867,0.21857789254623827,0.21857789254623827,0.21857789254623827,784,2.615737858839547,1.5639812077024475,2.061186500428812,,,-1.765379718728953,2.1577597566075832,0.41296253657785015,3.159103305187488,0.4995638279118953,0.0,0.0,2.246705414777672,2.318976916655182,0.40684240149648543,1.1596169750776173,3.4409416774012804,2.9673088195099644,0.4723627474053871,5910
273,2.6347195202815836,-14.4498590007143,0.10177781865401413,0.0,-11.713361661778702,-14.4498590007143,nan,0.07004104440242853,0.031736774251585616,2.6274714852209655,-14.394981203183512,0.10201205796862486,0.0,-11.665497659993921,-14.394981203183512,nan,74.0771890225202,0.44249551131847853,0.0,1.0263866053981998,167.40777505696417,46.0,46.0,,1.5341427814339585e-05,,,,,,,2.129311739860019,,0,1.089214674224484,3.4409416774012804,inf,-inf,-0.14085369513975052,0.13444224312986278,-0.17071107693112084,0.2001571734650006,inf,-inf,2.5293649174158896,0.21857881659860853,0.21857881659860853,0.21857881659860853,784,2.615737858839547,1.5639812077024475,2.061186500428812,,,-1.765379718728953,2.1577597566075832,0.41296253657785015,3.159103305187488,0.4995638279118953,0.0,0.0,2.246705414777672,2.318976916655182,0.40684240149648543,1.1596169750776173,3.4409416774012804,2.9673088195099644,0.4723627474053871,5910
274,2.6353262124199786,-14.452784860493333,0.10182803499013801,0.0,-11.715630613083217,-14.452784860493333,nan,0.07009027089216988,0.03173776409796814,2.6274714852209655,-14.394981203183512,0.10201205796862486,0.0,-11.665497659993921,-14.394981203183512,nan,83.91184045731337,0.43878199253053557,0.0,1.0204672067152298,191.2381134270769,46.0,46.0,,1.4940755188085104e-05,,,,,,,2.129311739860019,,0,1.089214674224484,3.4409416774012804,inf,-inf,-0.1368763531817653,0.11030181822417999,-0.12420941213640799,0.21786044074647992,inf,-inf,2.5291112110327183,0.21856515631674292,0.21856515631674292,0.21856515631674292,784,2.615737858839547,1.5639812077024475,2.061186500428812,,,-1.765379718728953,2.1577597566075832,0.41296253657785015,3.159103305187488,0.4995638279118953,0.0,0.0,2.246705414777672,2.318976916655182,0.40684240149648543,1.1596169750776173,3.4409416774012804,2.9673088195099644,0.4723627474053871,5910
275,2.6401769352160294,-14.447064889353605,0.10188431874667532,0.0,-11.7050036353909,-14.447064889353605,nan,0.07014867881706408,0.03173563992961124,2.6006746091636472,-14.383459387199565,0.102295532950037,0.0,-11.68048924508588,-14.383459387199565,nan,89.36818898635934,0.4371746614555105,0.0,1.0308135291137719,204.42216090205397,46.0,46.0,,1.4555441636348503e-05,,,,,,,2.1210913780829497,,0,1.082455715817262,3.4325140682421833,inf,-inf,-0.1456403675755498,0.11907365381629655,-0.14379047032118927,0.21801236407866156,inf,-inf,2.5288253025507847,0.21855684088185287,0.21855684088185287,0.21855684088185287,784,2.613047879245025,1.562972267463477,2.0607531207564107,,,-1.7688498254892704,2.14926373497054,0.41228114526502824,3.1710434136796164,0.5012021878462094,0.0,0.0,2.2384415437218124,2.3104052393203993,0.40622386309242026,1.1530247416850834,3.4325140682421833,2.9769647988869252,0.4737736993630334,5910
276,2.6337249666723226,-14.440691480042267,0.10194423189241907,0.0,-11.705022281477524,-14.440691480042267,nan,0.0702027621363888,0.03174146975603026,2.6006746091636472,-14.383459387199565,0.102295532950037,0.0,-11.68048924508588,-14.383459387199565,nan,87.56145408307276,0.4345794376110423,0.0,1.0426247565873588,201.48549725319057,46.0,46.0,,1.4185529413102792e-05,,,,,,,2.1210913780829497,,0,1.082455715817262,3.4325140682421833,inf,-inf,-0.13869995490006734,0.18002044015163748,-0.1515672891635773,0.20879150584951112,inf,-inf,2.5283702036620976,0.21856069716606155,0.21856069716606155,0.21856069716606155,784,2.613047879245025,1.562972267463477,2.0607531207564107,,,-1.7688498254892704,2.14926373497054,0.41228114526502824,3.1710434136796164,0.5012021878462094,0.0,0.0,2.2384415437218124,2.3104052393203993,0.40622386309242026,1.1530247416850834,3.4325140682421833,2.9769647988869252,0.4737736993630334,5910
277,2.6094937043659034,-14.447650176759698,0.10199393225364743,0.0,-11.736162540140148,-14.447650176759698,nan,0.07025165368379366,0.03174227856985374,2.6006746091636472,-14.383459387199565,0.102295532950037,0.0,-11.68048924508588,-14.383459387199565,nan,70.90423411081177,0.4599469962918942,0.0,1.0323867028853742,154.15740222774306,46.0,46.0,,1.3831059083391764e-05,,,,,,,2.1210913780829497,,0,1.082455715817262,3.4325140682421833,inf,-inf,-0.1405599280551175,0.11400278615576194,-0.11818919589238149,0.20062129476373827,inf,-inf,2.5281497740246492,0.2185494884105861,0.2185494884105861,0.2185494884105861,784,2.613047879245025,1.562972267463477,2.0607531207564107,,,-1.7688498254892704,2.14926373497054,0.41228114526502824,3.1710434136796164,0.5012021878462094,0.0,0.0,2.2384415437218124,2.3104052393203993,0.40622386309242026,1.1530247416850834,3.4325140682421833,2.9769647988869252,0.4737736993630334,5910
278,2.63004268510569,-14.4480495111483,0.10204282645662743,0.0,-11.715963999585982,-14.4480495111483,nan,0.07029819599953084,0.03174463045709662,2.6006746091636472,-14.383459387199565,0.102295532950037,0.0,-11.68048924508588,-14.383459387199565,nan,86.1644146345363,0.44805648107856016,0.0,1.0296035052779808,192.30703778041908,46.0,46.0,,1.3492069518881644e-05,,,,,,,2.1210913780829497,,0,1.082455715817262,3.4325140682421833,inf,-inf,-0.14558451035150374,0.1460953364800193,-0.13062744241343174,0.19844958932287754,inf,-inf,2.527930169077432,0.21854928623294184,0.21854928623294184,0.21854928623294184,784,2.613047879245025,1.562972267463477,2.0607531207564107,,,-1.7688498254892704,2.14926373497054,0.41228114526502824,3.1710434136796164,0.5012021878462094,0.0,0.0,2.2384415437218124,2.3104052393203993,0.40622386309242026,1.1530247416850834,3.4325140682421833,2.9769647988869252,0.4737736993630334,5910
279,2.6139889118204,-14.447214959884661,0.1021045789956764,0.0,-11.731121469068585,-14.447214959884661,nan,0.07035447009004062,0.03175010890563577,2.6006746091636472,-14.383459387199565,0.102295532950037,0.0,-11.68048924508588,-14.383459387199565,nan,70.64710471678917,0.44497548938497405,0.0,1.0320162787404905,158.76628354167227,46.0,46.0,,1.3168597893598197e-05,,,,,,,2.1210913780829497,,0,1.082455715817262,3.4325140682421833,inf,-inf,-0.1710297630912217,0.13777160190350174,-0.18617154200626626,0.20604819555824833,inf,-inf,2.5275538250448095,0.21855341646124146,0.21855341646124146,0.21855341646124146,784,2.613047879245025,1.562972267463477,2.0607531207564107,,,-1.7688498254892704,2.14926373497054,0.41228114526502824,3.1710434136796164,0.5012021878462094,0.0,0.0,2.2384415437218124,2.3104052393203993,0.40622386309242026,1.1530247416850834,3.4325140682421833,2.9769647988869252,0.4737736993630334,5910
280,2.6134642532815184,-14.45304401472202,0.10215746529593409,0.0,-11.737422296144567,-14.45304401472202,nan,0.07040517873613689,0.03175228655979718,2.569373163405629,-14.39415906719899,0.10256244022858042,0.0,-11.72222346356478,-14.39415906719899,nan,76.60003034755924,0.44073431025850524,0.0,1.017583113205027,173.80092396852606,46.0,46.0,,1.286067967985035e-05,,,,,,,2.1138349418045603,,0,1.076722525206421,3.4241173196692216,inf,-inf,-0.13840241834373557,0.08791481771857962,-0.11752818529210661,0.2104536766808527,inf,-inf,2.5273703666331593,0.21853987367759847,0.21853987367759847,0.21853987367759847,784,2.610662732581724,1.562077619067308,2.0605674595829484,,,-1.771922765450005,2.14175412132262,0.41167238044822047,3.1801297358507257,0.5024448377249263,0.0,0.0,2.231162000447467,2.303139441950898,0.40568025190266543,1.1472613931360616,3.4241173196692216,2.984600841757021,0.47488625713580246,5910
281,2.617175741133834,-14.451788088753718,0.10219811198216666,0.0,-11.732414235637718,-14.451788088753718,nan,0.07044749157547894,0.03175062040668772,2.569373163405629,-14.39415906719899,0.10256244022858042,0.0,-11.72222346356478,-14.39415906719899,nan,81.5593194775482,0.44403696102599843,0.0,1.0228695636869543,183.676870702601,46.0,46.0,,1.2568348644340156e-05,,,,,,,2.1138349418045603,,0,1.076722525206421,3.4241173196692216,inf,-inf,-0.14480775610848867,0.14353867510540272,-0.12718352704999794,0.2173290260715168,inf,-inf,2.5273188101822903,0.21851060186955268,0.21851060186955268,0.21851060186955268,784,2.610662732581724,1.562077619067308,2.0605674595829484,,,-1.771922765450005,2.14175412132262,0.41167238044822047,3.1801297358507257,0.5024448377249263,0.0,0.0,2.231162000447467,2.303139441950898,0.40568025190266543,1.1472613931360616,3.4241173196692216,2.984600841757021,0.47488625713580246,5910
282,2.605319274193185,-14.447405263256801,0.10224798582436159,0.0,-11.739838003239255,-14.447405263256801,nan,0.07049666657027154,0.031751319254090055,2.569373163405629,-14.39415906719899,0.10256244022858042,0.0,-11.72222346356478,-14.39415906719899,nan,82.56889141812321,0.440275997855044,0.0,1.0279597230674036,187.53893426029575,46.0,46.0,,1.2291636844459932e-05,,,,,,,2.1138349418045603,,0,1.076722525206421,3.4241173196692216,inf,-inf,-0.1414072998720673,0.13489094529191542,-0.12500839700749145,0.211981263724962,inf,-inf,2.527060189246225,0.2185098482493555,0.2185098482493555,0.2185098482493555,784,2.610662732581724,1.562077619067308,2.0605674595829484,,,-1.771922765450005,2.14175412132262,0.41167238044822047,3.1801297358507257,0.5024448377249263,0.0,0.0,2.231162000447467,2.303139441950898,0.40568025190266543,1.1472613931360616,3.4241173196692216,2.984600841757021,0.47488625713580246,5910
283,2.620584268823093,-14.44413589184568,0.1022890870998853,0.0,-11.721262535922701,-14.44413589184568,nan,0.07054159814107759,0.031747488958807725,2.569373163405629,-14.39415906719899,0.10256244022858042,0.0,-11.72222346356478,-14.39415906719899,nan,94.39721015339092,0.43668551297238367,0.0,1.0362435005774717,216.16748746909008,46.0,46.0,,1.2030574624776782e-05,,,,,,,2.1138349418045603,,0,1.076722525206421,3.4241173196692216,inf,-inf,-0.14205308436059913,0.1465482123714114,-0.15578046683721364,0.22011631396634132,inf,-inf,2.5267932975491147,0.21850053894082008,0.21850053894082008,0.21850053894082008,784,2.610662732581724,1.562077619067308,2.0605674595829484,,,-1.771922765450005,2.14175412132262,0.41167238044822047,3.1801297358507257,0.5024448377249263,0.0,0.0,2.231162000447467,2.303139441950898,0.40568025190266543,1.1472613931360616,3.4241173196692216,2.984600841757021,0.47488625713580246,5910
284,2.5994160670787254,-14.455896663096741,0.10233490449583674,0.0,-11.75414569152218,-14.455896663096741,nan,0.0705848770222673,0.03175002747356947,2.569373163405629,-14.39415906719899,0.10256244022858042,0.0,-11.72222346356478,-14.39415906719899,nan,77.53639704980152,0.43732402521216945,0.0,1.0122642661542687,177.2973643791567,46.0,46.0,,1.1785190613705043e-05,,,,,,,2.1138349418045603,,0,1.076722525206421,3.4241173196692216,inf,-inf,-0.13714043758084904,0.1626737144717985,-0.15181704404740984,0.2145846973978387,inf,-inf,2.526533398793733,0.2184894814469766,0.2184894814469766,0.2184894814469766,784,2.610662732581724,1.562077619067308,2.0605674595829484,,,-1.771922765450005,2.14175412132262,0.41167238044822047,3.1801297358507257,0.5024448377249263,0.0,0.0,2.231162000447467,2.303139441950898,0.40568025190266543,1.1472613931360616,3.4241173196692216,2.984600841757021,0.47488625713580246,5910
285,2.6088165105772183,-14.449474344207525,0.10237714791428848,0.0,-11.738280685716019,-14.449474344207525,nan,0.07062472104741287,0.031752426866875585,2.579660067024477,-14.385482384007616,0.10278706223722683,0.0,-11.703035254745913,-14.385482384007616,nan,80.8088703348639,0.43813820081849464,0.0,1.0284091310327172,184.43694291870293,46.0,46.0,,1.1555511720366695e-05,,,,,,,2.1074168008978793,,0,1.0714614268936424,3.417229468885694,inf,-inf,-0.13629345018051292,0.11928209584845904,-0.13361344880680567,0.2147205863816369,inf,-inf,2.5262731500409297,0.21849006107637856,0.21849006107637856,0.21849006107637856,784,2.608554548601089,1.5612850971522658,2.06079993398386,,,-1.7746494857279766,2.135444705123395,0.41113799400538314,3.189316370252218,0.5036976020400216,0.0,0.0,2.2247128994457954,2.296463074768278,0.4051920445321266,1.142171729737105,3.417229468885694,2.991870118928825,0.4759427362990946,5910
286,2.5978636156089094,-14.454635284567068,0.10241746166110578,0.0,-11.754354207297052,-14.454635284567068,nan,0.0706654495471823,0.03175201211392348,2.579660067024477,-14.385482384007616,0.10278706223722683,0.0,-11.703035254745913,-14.385482384007616,nan,71.29838908815402,0.43426711038484184,0.0,1.0153572670046063,164.1809554146763,46.0,46.0,,1.134156313164068e-05,,,,,,,2.1074168008978793,,0,1.0714614268936424,3.417229468885694,inf,-inf,-0.13758013220482684,0.10543645302291775,-0.13227990080646926,0.21133398895011113,inf,-inf,2.5261469497459665,0.21847257160225317,0.21847257160225317,0.21847257160225317,784,2.608554548601089,1.5612850971522658,2.06079993398386,,,-1.7746494857279766,2.135444705123395,0.41113799400538314,3.189316370252218,0.5036976020400216,0.0,0.0,2.2247128994457954,2.296463074768278,0.4051920445321266,1.142171729737105,3.417229468885694,2.991870118928825,0.4759427362990946,5910
287,2.5977373612449624,-14.453777013378133,0.10245682355293739,0.0,-11.753582828580232,-14.453777013378133,nan,0.07070898675765411,0.0317478367952833,2.579660067024477,-14.385482384007616,0.10278706223722683,0.0,-11.703035254745913,-14.385482384007616,nan,78.07304763006344,0.4349149909187096,0.0,1.014699349358837,179.51335148310892,46.0,46.0,,1.1143368309400725e-05,,,,,,,2.1074168008978793,,0,1.0714614268936424,3.417229468885694,inf,-inf,-0.140395389634831,0.14304004123973466,-0.11853163548249031,0.20836373909138317,inf,-inf,2.5259655845225555,0.21845728856968039,0.21845728856968039,0.21845728856968039,784,2.608554548601089,1.5612850971522658,2.06079993398386,,,-1.7746494857279766,2.135444705123395,0.41113799400538314,3.189316370252218,0.5036976020400216,0.0,0.0,2.2247128994457954,2.296463074768278,0.4051920445321266,1.142171729737105,3.417229468885694,2.991870118928825,0.4759427362990946,5910
288,2.59460990307506,-14.45217686710876,0.1025011476325387,0.0,-11.75506581640116,-14.45217686710876,nan,0.07075180310650668,0.03174934452603201,2.579660067024477,-14.385482384007616,0.10278706223722683,0.0,-11.703035254745913,-14.385482384007616,nan,80.71085660249659,0.42776904386681275,0.0,1.0206362520118162,188.67858195841345,46.0,46.0,,1.0960948987942516e-05,,,,,,,2.1074168008978793,,0,1.0714614268936424,3.417229468885694,inf,-inf,-0.13599969876240703,0.14288938737196555,-0.12415616838674559,0.20099661269135916,inf,-inf,2.5258083016995476,0.2184465771238668,0.2184465771238668,0.2184465771238668,784,2.608554548601089,1.5612850971522658,2.06079993398386,,,-1.7746494857279766,2.135444705123395,0.41113799400538314,3.189316370252218,0.5036976020400216,0.0,0.0,2.2247128994457954,2.296463074768278,0.4051920445321266,1.142171729737105,3.417229468885694,2.991870118928825,0.4759427362990946,5910
289,2.5947401835242947,-14.44803361092265,0.10253725800833922,0.0,-11.750756169390016,-14.44803361092265,nan,0.07078895500253539,0.03174830300580382,2.579660067024477,-14.385482384007616,0.10278706223722683,0.0,-11.703035254745913,-14.385482384007616,nan,78.52984831607792,0.43797247334773876,0.0,1.0267773546057515,179.30315966165128,46.0,46.0,,1.0794325171600374e-05,,,,,,,2.1074168008978793,,0,1.0714614268936424,3.417229468885694,inf,-inf,-0.14056135769635678,0.15128166903472356,-0.17403906691339718,0.2130220568247837,inf,-inf,2.5256475057445584,0.21843449795007758,0.21843449795007758,0.21843449795007758,784,2.608554548601089,1.5612850971522658,2.06079993398386,,,-1.7746494857279766,2.135444705123395,0.41113799400538314,3.189316370252218,0.5036976020400216,0.0,0.0,2.2247128994457954,2.296463074768278,0.4051920445321266,1.142171729737105,3.417229468885694,2.991870118928825,0.4759427362990946,5910
290,2.599329084802228,-14.44785103465135,0.10257449189620424,0.0,-11.745947457952918,-14.44785103465135,nan,0.07082738350505643,0.031747108391147826,2.5830180814643158,-14.415368671212821,0.10298294053399218,0.0,-11.729367649214513,-14.415368671212821,nan,73.14928779090488,0.4480178435737086,0.0,1.0277322334674062,163.27315717475489,46.0,46.0,,1.06435151325534e-05,,,,,,,2.1016061779784025,,0,1.0667013536567123,3.410519773107625,inf,-inf,-0.14201293051012095,0.1273446188209322,-0.12812089544065475,0.2180275643564895,inf,-inf,2.525322135344881,0.21843230456549806,0.21843230456549806,0.21843230456549806,784,2.606612090293858,1.5605595098755882,2.0604969400839566,,,-1.777124209483723,2.1296589315792662,0.4106463639033837,3.1972583154752465,0.5047777255596134,0.0,0.0,2.2188777737992034,2.2902037108026096,0.40473466137945857,1.1374764723844508,3.410519773107625,2.998321157323171,0.47687814932051964,5910
291,2.5864116993564186,-14.445975332492015,0.10262058556676133,0.0,-11.756943047568836,-14.445975332492015,nan,0.07087117907030435,0.031749406496456974,2.5830180814643158,-14.415368671212821,0.10298294053399218,0.0,-11.729367649214513,-14.415368671212821,nan,74.8372064130756,0.4401548945678942,0.0,1.0320381142064647,170.02470570398694,46.0,46.0,,1.0508535408821867e-05,,,,,,,2.1016061779784025,,0,1.0667013536567123,3.410519773107625,inf,-inf,-0.14250185506897112,0.17210734373147746,-0.1527194400141702,0.1868350433715021,inf,-inf,2.525019507238637,0.21842979163988263,0.21842979163988263,0.21842979163988263,784,2.606612090293858,1.5605595098755882,2.0604969400839566,,,-1.777124209483723,2.1296589315792662,0.4106463639033837,3.1972583154752465,0.5047777255596134,0.0,0.0,2.2188777737992034,2.2902037108026096,0.40473466137945857,1.1374764723844508,3.410519773107625,2.998321157323171,0.47687814932051964,5910
292,2.58148331199209,-14.457697710475006,0.10265215315547399,0.0,-11.773562245327444,-14.457697710475006,nan,0.07090429779326252,0.031747855362211475,2.5830180814643158,-14.415368671212821,0.10298294053399218,0.0,-11.729367649214513,-14.415368671212821,nan,64.78456946008119,0.42792806708386666,0.0,1.0067960524334725,151.39126045542721,46.0,46.0,,1.0389400802453577e-05,,,,,,,2.1016061779784025,,0,1.0667013536567123,3.410519773107625,inf,-inf,-0.13595993623270303,0.11789120218530968,-0.1255319034160888,0.22173986819673372,inf,-inf,2.524902394378805,0.21841163241211342,0.21841163241211342,0.21841163241211342,784,2.606612090293858,1.5605595098755882,2.0604969400839566,,,-1.777124209483723,2.1296589315792662,0.4106463639033837,3.1972583154752465,0.5047777255596134,0.0,0.0,2.2188777737992034,2.2902037108026096,0.40473466137945857,1.1374764723844508,3.410519773107625,2.998321157323171,0.47687814932051964,5910
293,2.5748167077280604,-14.452010389848295,0.10269453482761214,0.0,-11.774499147292623,-14.452010389848295,nan,0.0709482176343225,0.031746317193289596,2.5830180814643158,-14.415368671212821,0.10298294053399218,0.0,-11.729367649214513,-14.415368671212821,nan,77.59652560814659,0.4463035331920461,0.0,1.017835190035598,173.86491442978678,46.0,46.0,,1.0286124377900624e-05,,,,,,,2.1016061779784025,,0,1.0667013536567123,3.410519773107625,inf,-inf,-0.13111746365150262,0.15324594142928288,-0.12320813645733883,0.19849691741462078,inf,-inf,2.5246877037963684,0.21840083732026827,0.21840083732026827,0.21840083732026827,784,2.606612090293858,1.5605595098755882,2.0604969400839566,,,-1.777124209483723,2.1296589315792662,0.4106463639033837,3.1972583154752465,0.5047777255596134,0.0,0.0,2.2188777737992034,2.2902037108026096,0.40473466137945857,1.1374764723844508,3.410519773107625,2.998321157323171,0.47687814932051964,5910
294,2.5777425890374484,-14.45116055209378,0.10272449455841857,0.0,-11.770693468497912,-14.45116055209378,nan,0.07097872220798418,0.03174577235043439,2.5830180814643158,-14.415368671212821,0.10298294053399218,0.0,-11.729367649214513,-14.415368671212821,nan,70.66986025857713,0.430119978785042,0.0,1.0224072751285842,164.30266842799995,46.0,46.0,,1.0198717460586795e-05,,,,,,,2.1016061779784025,,0,1.0667013536567123,3.410519773107625,inf,-inf,-0.13046071056558456,0.12485561689480631,-0.158100261237855,0.20620632231307714,inf,-inf,2.5244615008870452,0.21838796576231445,0.21838796576231445,0.21838796576231445,784,2.606612090293858,1.5605595098755882,2.0604969400839566,,,-1.777124209483723,2.1296589315792662,0.4106463639033837,3.1972583154752465,0.5047777255596134,0.0,0.0,2.2188777737992034,2.2902037108026096,0.40473466137945857,1.1374764723844508,3.410519773107625,2.998321157323171,0.47687814932051964,5910
295,2.577580152879132,-14.452471628136106,0.10276505511494768,0.0,-11.772126420142026,-14.452471628136106,nan,0.071021601838508,0.031743453276439675,2.5415213080757915,-14.41972392678482,0.10316970551821303,0.0,-11.775032913190817,-14.41972392678482,nan,66.83689542237742,0.4406128971917299,0.0,1.0154053607351394,151.69073771640817,46.0,46.0,,1.0127189635665535e-05,,,,,,,2.0962038253426165,,0,1.062409194913061,3.40451960169755,inf,-inf,-0.14352097908398664,0.11655895112680828,-0.11995622718267507,0.21570434799649849,inf,-inf,2.5242310877316227,0.21837781833636655,0.21837781833636655,0.21837781833636655,784,2.60485180186391,1.5598923903479243,2.060171517036429,,,-1.779432478623371,2.124390468716303,0.41019913253073625,3.204527613276303,0.5057640182330383,0.0,0.0,2.2134634949380776,2.2849046912946376,0.40432582187298644,1.1331128684562082,3.40451960169755,3.0045723567997107,0.4777826672543856,5910
296,2.574472037883892,-14.446443453723777,0.10280137686616682,0.0,-11.76917003897372,-14.446443453723777,nan,0.07105870513577454,0.0317426717303923,2.5415213080757915,-14.41972392678482,0.10316970551821303,0.0,-11.775032913190817,-14.41972392678482,nan,79.45303842955585,0.4359042760002053,0.0,1.0308596209933314,182.27175736518453,46.0,46.0,,1.0071548746968918e-05,,,,,,,2.0962038253426165,,0,1.062409194913061,3.40451960169755,inf,-inf,-0.1418295607293166,0.15598314832553908,-0.2113404902233617,0.2017379203198348,inf,-inf,2.523990631216839,0.21836626604604023,0.21836626604604023,0.21836626604604023,784,2.60485180186391,1.5598923903479243,2.060171517036429,,,-1.779432478623371,2.124390468716303,0.41019913253073625,3.204527613276303,0.5057640182330383,0.0,0.0,2.2134634949380776,2.2849046912946376,0.40432582187298644,1.1331128684562082,3.40451960169755,3.0045723567997107,0.4777826672543856,5910
297,2.5681376415812114,-14.449153045844229,0.10283558816569173,0.0,-11.778179816097326,-14.449153045844229,nan,0.0710921223178731,0.031743465847818696,2.5415213080757915,-14.41972392678482,0.10316970551821303,0.0,-11.775032913190817,-14.41972392678482,nan,70.47750470634217,0.43829975605210514,0.0,1.0229502450636072,160.79749927573266,46.0,46.0,,1.0031800896147403e-05,,,,,,,2.0962038253426165,,0,1.062409194913061,3.40451960169755,inf,-inf,-0.13751094121518298,0.1465513325101296,-0.14253172028059286,0.20594234005044382,inf,-inf,2.523834542380707,0.21835981514109565,0.21835981514109565,0.21835981514109565,784,2.60485180186391,1.5598923903479243,2.060171517036429,,,-1.779432478623371,2.124390468716303,0.41019913253073625,3.204527613276303,0.5057640182330383,0.0,0.0,2.2134634949380776,2.2849046912946376,0.40432582187298644,1.1331128684562082,3.40451960169755,3.0045723567997107,0.4777826672543856,5910
298,2.5785822470473887,-14.455028819834398,0.10287969919536721,0.0,-11.773566873591642,-14.455028819834398,nan,0.07113312609870345,0.03174657309666374,2.5415213080757915,-14.41972392678482,0.10316970551821303,0.0,-11.775032913190817,-14.41972392678482,nan,76.27395175353462,0.43520221700805134,0.0,1.0129260086611656,175.26094484974448,46.0,46.0,,1.000795044200074e-05,,,,,,,2.0962038253426165,,0,1.062409194913061,3.40451960169755,inf,-inf,-0.14077122125891206,0.1342555602786748,-0.11643840170916044,0.20727728729517653,inf,-inf,2.523552160311157,0.21836330556059833,0.21836330556059833,0.21836330556059833,784,2.60485180186391,1.5598923903479243,2.060171517036429,,,-1.779432478623371,2.124390468716303,0.41019913253073625,3.204527613276303,0.5057640182330383,0.0,0.0,2.2134634949380776,2.2849046912946376,0.40432582187298644,1.1331128684562082,3.40451960169755,3.0045723567997107,0.4777826672543856,5910
299,2.574642086942549,-14.452971995046727,0.10291528052815821,0.0,-11.77541462757602,-14.452971995046727,nan,0.07116976250781126,0.03174551802034693,2.5415213080757915,-14.41972392678482,0.10316970551821303,0.0,-11.775032913190817,-14.41972392678482,nan,86.6678932044521,0.4348666942404481,0.0,1.0190481031484397,199.29761085941286,46.0,46.0,,1e-05,,,,,,,2.0962038253426165,,0,1.062409194913061,3.40451960169755,inf,-inf,-0.1358831971363135,0.1518041381856824,-0.1368820903328389,0.2238678982388592,inf,-inf,2.5233099518409716,0.21835279284137785,0.21835279284137785,0.21835279284137785,784,2.60485180186391,1.5598923903479243,2.060171517036429,,,-1.779432478623371,2.124390468716303,0.41019913253073625,3.204527613276303,0.5057640182330383,0.0,0.0,2.2134634949380776,2.2849046912946376,0.40432582187298644,1.1331128684562082,3.40451960169755,3.0045723567997107,0.4777826672543856,5910
